-1.81497	1.01541	5.14095	5.12748
-1.81595	1.00326	5.14127	5.12616
-1.83435	0.986503	5.14259	5.12583
-1.84125	0.974347	5.14456	5.12715
-1.84618	0.963505	5.14423	5.12616
-1.84651	0.957263	5.14555	5.12649
-1.85209	0.946421	5.14522	5.12748
-1.86162	0.93755	5.1439	5.12715
-1.86688	0.930651	5.14292	5.12682
-1.87049	0.93755	5.14259	5.12583
-1.87016	0.922766	5.14259	5.12353
-1.86852	0.926708	5.14325	5.12255
-1.87049	0.90831	5.14489	5.12386
-1.87805	0.912252	5.14423	5.12616
-1.88856	0.902396	5.14325	5.12748
-1.89743	0.888597	5.14095	5.12748
-1.89415	0.887283	5.14062	5.12748
-1.89152	0.876113	5.14325	5.12879
-1.89349	0.875127	5.14653	5.12945
-1.88757	0.870199	5.1485	5.1278
-1.88692	0.875784	5.14785	5.12518
-1.89152	0.873484	5.14522	5.1232
-1.88462	0.875127	5.14357	5.12255
-1.88527	0.878413	5.14292	5.12452
-1.88495	0.872499	5.14292	5.12583
-1.88889	0.864614	5.14357	5.12682
-1.88429	0.884983	5.1416	5.12583
-1.88987	0.885969	5.14127	5.12419
-1.89119	0.886298	5.14193	5.12353
-1.89415	0.891226	5.14292	5.12518
-1.90039	0.878084	5.14456	5.12748
-1.88298	0.900425	5.1462	5.12616
-1.88889	0.899768	5.14555	5.12616
-1.89447	0.89254	5.14522	5.12649
-1.89185	0.891883	5.14423	5.12715
-1.89152	0.898454	5.14292	5.12879
-1.88593	0.900753	5.14127	5.12846
-1.88429	0.899439	5.14127	5.12715
-1.88396	0.910281	5.14226	5.12583
-1.88659	0.902725	5.14226	5.12518
-1.88396	0.90371	5.14259	5.1255
-1.88593	0.903053	5.1416	5.1255
-1.88232	0.915209	5.1393	5.12485
-1.87838	0.913238	5.14062	5.12419
-1.86688	0.944778	5.14226	5.12419
-1.85702	0.960877	5.14226	5.12452
-1.85439	0.972047	5.14193	5.12353
-1.85045	0.96679	5.14193	5.12386
-1.84848	0.975332	5.14193	5.12452
-1.83994	0.991102	5.14325	5.1255
-1.83534	0.995702	5.1439	5.12583
-1.83632	1.00359	5.14522	5.12485
-1.82975	1.0049	5.14686	5.12616
-1.82778	1.01541	5.14686	5.1255
-1.82548	1.01673	5.14456	5.12386
-1.82614	1.02429	5.14325	5.12419
-1.8199	1.04137	5.14357	5.1255
-1.80643	1.05287	5.1439	5.12616
-1.80215	1.05484	5.14489	5.12682
-1.79263	1.06765	5.14587	5.12452
-1.7854	1.08244	5.14456	5.12288
-1.77127	1.08638	5.14423	5.1232
-1.76864	1.08474	5.14456	5.12518
-1.76404	1.09722	5.1439	5.1255
-1.76404	1.11135	5.14423	5.12485
-1.75879	1.11726	5.14423	5.12485
-1.7555	1.11003	5.14522	5.12485
-1.744	1.11168	5.14555	5.12452
-1.73579	1.11496	5.14259	5.12518
-1.73185	1.12318	5.14062	5.12649
-1.73513	1.12745	5.1416	5.12748
-1.7233	1.1396	5.14325	5.12748
-1.73513	1.13008	5.14489	5.12748
-1.72955	1.13172	5.1439	5.1255
-1.7233	1.14585	5.14259	5.12386
-1.70918	1.15669	5.14226	5.1255
-1.70951	1.13993	5.14127	5.12649
-1.69768	1.15439	5.14127	5.12715
-1.69111	1.1649	5.14193	5.12715
-1.68552	1.16753	5.14357	5.12419
-1.67337	1.18527	5.14423	5.12222
-1.66909	1.1902	5.14423	5.12189
-1.65398	1.2017	5.14226	5.1232
-1.65431	1.204	5.14029	5.12419
-1.64248	1.2063	5.14259	5.12616
-1.64117	1.20695	5.14719	5.12649
-1.64445	1.2132	5.14686	5.12518
-1.64084	1.2109	5.14423	5.12485
-1.64183	1.20334	5.14127	5.12419
-1.63493	1.20794	5.14357	5.12485
-1.62408	1.21385	5.14325	5.12518
-1.61127	1.22568	5.14357	5.12518
-1.5909	1.24802	5.14489	5.12419
-1.58729	1.25295	5.14522	5.12353
-1.58729	1.25164	5.1462	5.12419
-1.5909	1.23455	5.14752	5.12419
-1.58893	1.23915	5.14785	5.12649
-1.57185	1.24835	5.14522	5.1278
-1.57677	1.24605	5.14259	5.1278
-1.56462	1.25361	5.14226	5.12879
-1.55542	1.26576	5.14489	5.12715
-1.53899	1.28186	5.14522	5.12682
-1.53144	1.27365	5.1439	5.12616
-1.52651	1.27562	5.1416	5.12518
-1.54162	1.25656	5.1416	5.12583
-1.55608	1.25492	5.14325	5.12682
-1.5679	1.23159	5.14456	5.12583
-1.56823	1.23094	5.14325	5.12485
-1.55805	1.22798	5.14226	5.12485
-1.57283	1.2086	5.14062	5.12485
-1.58137	1.20235	5.1416	5.12715
-1.58893	1.1971	5.14259	5.12813
-1.59912	1.19381	5.14325	5.12813
-1.59813	1.19151	5.14456	5.12813
-1.60174	1.1787	5.14226	5.12649
-1.60864	1.17903	5.1393	5.12518
-1.60109	1.18297	5.1393	5.12485
-1.60404	1.18691	5.13996	5.1255
-1.60634	1.18527	5.14095	5.12649
-1.60831	1.17541	5.14357	5.12715
-1.62277	1.16819	5.14423	5.12715
-1.63723	1.16753	5.14423	5.12649
-1.64347	1.17246	5.14292	5.12518
-1.65464	1.1695	5.14029	5.1255
-1.67402	1.14946	5.14062	5.1255
-1.67041	1.14782	5.1416	5.12583
-1.67994	1.12613	5.14325	5.12485
-1.69374	1.10281	5.14423	5.12386
-1.69998	1.10445	5.14292	5.12518
-1.69636	1.11398	5.1416	5.12518
-1.70392	1.10609	5.14029	5.12419
-1.71049	1.09459	5.13996	5.12616
-1.72462	1.09689	5.1416	5.12682
-1.7279	1.09394	5.14456	5.12518
-1.73612	1.08244	5.14587	5.12452
-1.73546	1.08277	5.14423	5.12419
-1.74105	1.07554	5.14259	5.12485
-1.75024	1.06831	5.14226	5.12485
-1.74827	1.06141	5.14259	5.12419
-1.7532	1.05747	5.14456	5.12288
-1.76174	1.0417	5.14587	5.12288
-1.76109	1.03743	5.14522	5.12419
-1.77751	1.0348	5.1439	5.1255
-1.78507	1.02363	5.14259	5.12682
-1.7969	1.021	5.14095	5.1278
-1.80314	1.01936	5.14292	5.12649
-1.80478	1.044	5.14292	5.1255
-1.80708	1.0394	5.14259	5.12419
-1.80643	1.04006	5.14193	5.12353
-1.82252	1.01377	5.1416	5.12452
-1.81727	1.01114	5.13865	5.12616
-1.82449	1.00424	5.13766	5.12748
-1.82055	1.01607	5.13865	5.12846
-1.83567	1.00917	5.14259	5.12748
-1.83797	1.00063	5.14587	5.12353
-1.84716	0.997673	5.14555	5.12288
-1.85078	0.98946	5.1439	5.12288
-1.86655	0.977632	5.14259	5.12288
-1.86392	0.985517	5.14259	5.12452
-1.87345	0.967776	5.14325	5.1255
-1.87903	0.955948	5.14423	5.1255
-1.88133	0.94215	5.14587	5.12649
-1.88363	0.926708	5.14686	5.12616
-1.88002	0.936893	5.14587	5.12649
-1.89316	0.922437	5.1439	5.12715
-1.8902	0.922437	5.14095	5.12583
-1.88429	0.930651	5.14095	5.12649
-1.88889	0.935907	5.14456	5.12583
-1.8925	0.938536	5.14653	5.12649
-1.89415	0.935579	5.1462	5.12452
-1.90433	0.919152	5.1439	5.12452
-1.90203	0.92408	5.14325	5.12518
-1.91222	0.912252	5.14325	5.12682
-1.91649	0.909953	5.14193	5.12846
-1.91386	0.912581	5.14193	5.12813
-1.91977	0.91061	5.1416	5.12748
-1.91977	0.90141	5.14226	5.12682
-1.92503	0.89024	5.14357	5.12518
-1.9178	0.89484	5.14325	5.12419
-1.91452	0.896154	5.14357	5.12583
-1.9178	0.890569	5.14325	5.12485
-1.91649	0.90371	5.1439	5.1255
-1.9155	0.913238	5.1439	5.12715
-1.91681	0.914881	5.14423	5.12748
-1.91254	0.920794	5.14292	5.12813
-1.90959	0.93295	5.14095	5.12846
-1.90532	0.932622	5.14062	5.12977
-1.88823	0.951677	5.14095	5.1301
-1.88396	0.95102	5.14292	5.12977
-1.87575	0.951677	5.14456	5.12748
-1.87213	0.952663	5.14325	5.12616
-1.87509	0.952006	5.1416	5.12649
-1.86819	0.962519	5.14062	5.12682
-1.85735	0.983217	5.13996	5.12616
-1.85406	0.988145	5.1416	5.12485
-1.85078	0.988474	5.14357	5.12485
-1.84322	1.00194	5.14456	5.12419
-1.83895	1.0164	5.14555	5.12255
-1.82712	1.02396	5.14555	5.1232
-1.80643	1.04958	5.14423	5.12452
-1.80018	1.05714	5.14423	5.12452
-1.79131	1.07094	5.14456	5.12518
-1.77423	1.07784	5.1439	5.1255
-1.7624	1.09525	5.14325	5.1255
-1.7555	1.11463	5.14127	5.12452
-1.74269	1.12646	5.13996	5.1232
-1.73842	1.11956	5.14062	5.12189
-1.71411	1.14157	5.14193	5.12222
-1.69341	1.15899	5.14423	5.1232
-1.68782	1.15833	5.14456	5.12485
-1.68618	1.14815	5.14292	5.12583
-1.67501	1.15866	5.14095	5.12616
-1.66482	1.17246	5.14193	5.12649
-1.66055	1.17903	5.14127	5.12649
-1.63854	1.19874	5.14292	5.1278
-1.62277	1.19644	5.14423	5.1278
-1.60273	1.21582	5.1439	5.12682
-1.59419	1.23422	5.1416	5.12616
-1.58137	1.25492	5.14095	5.1255
-1.56692	1.25821	5.14127	5.12682
-1.55443	1.26478	5.14292	5.12682
-1.54983	1.27069	5.14653	5.12616
-1.53505	1.29369	5.14555	5.12649
-1.52257	1.30486	5.14325	5.12682
-1.51501	1.31636	5.1416	5.12682
-1.51205	1.32129	5.14095	5.12682
-1.50647	1.32654	5.1416	5.12715
-1.5068	1.33607	5.1439	5.12748
-1.51501	1.33739	5.14489	5.12879
-1.52388	1.33114	5.14522	5.12715
-1.5137	1.34593	5.14653	5.12353
-1.5091	1.3456	5.14653	5.12255
-1.52059	1.33213	5.1462	5.12353
-1.51172	1.341	5.14423	5.12518
-1.49563	1.33903	5.14062	5.12682
-1.50154	1.3318	5.14127	5.12649
-1.51501	1.31406	5.14357	5.12649
-1.53472	1.30125	5.1439	5.12715
-1.54031	1.30519	5.14325	5.12485
-1.55148	1.30979	5.14325	5.12649
-1.55509	1.30125	5.14325	5.12715
-1.5633	1.29796	5.14489	5.12748
-1.56199	1.28515	5.14555	5.12419
-1.57283	1.26445	5.14522	5.12222
-1.56429	1.25886	5.14357	5.12419
-1.56856	1.26806	5.14325	5.12715
-1.5748	1.27463	5.14259	5.1278
-1.58302	1.25821	5.14325	5.12649
-1.58302	1.25459	5.14456	5.12682
-1.58367	1.25459	5.14555	5.1255
-1.59254	1.24966	5.14555	5.12485
-1.59353	1.24999	5.14587	5.12583
-1.60273	1.24211	5.14587	5.12748
-1.61259	1.22634	5.14719	5.12715
-1.62606	1.21418	5.14686	5.12715
-1.61521	1.23685	5.14555	5.12682
-1.63657	1.2247	5.1439	5.12419
-1.64708	1.2224	5.14259	5.1232
-1.64281	1.2086	5.14062	5.12452
-1.64314	1.21057	5.14029	5.12649
-1.65431	1.20433	5.14193	5.12813
-1.65858	1.20991	5.14423	5.12813
-1.66482	1.20991	5.14522	5.12583
-1.66351	1.20564	5.1439	5.12518
-1.65825	1.21911	5.14259	5.12583
-1.64675	1.22305	5.14259	5.12682
-1.65103	1.21812	5.14325	5.12748
-1.66121	1.19907	5.14226	5.12682
-1.66811	1.18626	5.1416	5.12715
-1.68881	1.17311	5.14259	5.12748
-1.68979	1.17377	5.14292	5.12682
-1.70556	1.15964	5.14423	5.1255
-1.70458	1.16556	5.1416	5.1255
-1.71279	1.1534	5.13963	5.12485
-1.72133	1.13369	5.14095	5.12616
-1.72692	1.12942	5.14357	5.12715
-1.7348	1.10806	5.14587	5.12682
-1.73743	1.11266	5.14587	5.1255
-1.7394	1.10675	5.14423	5.12583
-1.7302	1.10379	5.14325	5.12386
-1.73053	1.08802	5.14325	5.12353
-1.75452	1.07619	5.14259	5.12386
-1.7624	1.07028	5.14325	5.1232
-1.76503	1.07619	5.14423	5.12485
-1.77521	1.06897	5.14653	5.12748
-1.77784	1.06995	5.14653	5.12813
-1.79427	1.04433	5.14489	5.12813
-1.80708	1.02658	5.14226	5.12813
-1.81595	1.01574	5.14193	5.12715
-1.82614	0.996359	5.1439	5.12616
-1.82647	0.991431	5.14456	5.12452
-1.83041	0.98716	5.1439	5.12518
-1.84191	0.970733	5.14423	5.12715
-1.84552	0.972704	5.14259	5.12813
-1.85209	0.970733	5.14226	5.12813
-1.86392	0.963505	5.14259	5.12748
-1.8787	0.944449	5.1439	5.12682
-1.88462	0.92638	5.14325	5.12649
-1.8971	0.914224	5.14226	5.12813
-1.89875	0.915538	5.14259	5.1278
-1.90762	0.903382	5.1439	5.1278
-1.91189	0.888926	5.14653	5.1278
-1.91484	0.875127	5.14653	5.12813
-1.91846	0.881041	5.14719	5.12649
-1.91681	0.900425	5.14653	5.1255
-1.91024	0.909953	5.14522	5.12386
-1.90203	0.911595	5.14357	5.12386
-1.89743	0.916852	5.14193	5.12452
-1.89283	0.924408	5.14226	5.1255
-1.89316	0.929665	5.1416	5.12583
-1.89907	0.916195	5.1416	5.12616
-1.89382	0.918823	5.14292	5.12649
-1.89415	0.915538	5.14423	5.12452
-1.88856	0.916852	5.14357	5.12518
-1.88922	0.911595	5.14127	5.12715
-1.88922	0.902396	5.13865	5.12846
-1.88987	0.904696	5.14029	5.12846
-1.8856	0.914552	5.14226	5.12748
-1.8695	0.946749	5.14325	5.12583
-1.86852	0.946421	5.14325	5.1255
-1.85932	0.959562	5.14259	5.12649
-1.85472	0.970733	5.14259	5.12616
-1.84059	0.98026	5.1439	5.12583
-1.83402	0.981246	5.14456	5.12583
-1.83402	0.987817	5.14423	5.12649
-1.82581	1.00786	5.14193	5.12419
-1.8176	1.00063	5.14062	5.12419
-1.80675	1.00983	5.14226	5.12583
-1.80281	1.00852	5.14357	5.12879
-1.80183	1.0141	5.1439	5.12879
-1.79525	1.01739	5.14489	5.12518
-1.80051	1.01246	5.14587	5.12288
-1.7969	1.02626	5.14752	5.12288
-1.79197	1.02987	5.14719	5.12518
-1.78967	1.04433	5.1439	5.12879
-1.77981	1.05583	5.14127	5.1301
-1.77259	1.06502	5.14095	5.12945
-1.77686	1.06502	5.14292	5.1255
-1.76963	1.07488	5.14489	5.12189
-1.76634	1.07488	5.14555	5.1232
-1.77587	1.0647	5.14423	5.12518
-1.78146	1.07948	5.14423	5.12649
-1.79197	1.07258	5.14423	5.12715
-1.78277	1.08605	5.14522	5.12715
-1.77916	1.09788	5.14522	5.12748
-1.7785	1.09196	5.14456	5.12682
-1.78014	1.09919	5.14489	5.12485
-1.77094	1.11562	5.14456	5.12518
-1.76569	1.13073	5.14292	5.12748
-1.76141	1.1373	5.1416	5.12748
-1.76076	1.13927	5.13996	5.12649
-1.75747	1.13829	5.14127	5.12518
-1.75419	1.15077	5.14226	5.12353
-1.7486	1.14847	5.14292	5.1232
-1.73645	1.16096	5.14423	5.12649
-1.7325	1.1672	5.14489	5.12879
-1.73349	1.17344	5.14456	5.12879
-1.73119	1.17804	5.14357	5.1278
-1.71411	1.19316	5.14456	5.12649
-1.71903	1.18363	5.14522	5.12485
-1.71509	1.19644	5.14325	5.12485
-1.71575	1.18626	5.14095	5.1255
-1.71279	1.1879	5.1393	5.1255
-1.70622	1.18658	5.14062	5.12452
-1.71115	1.17673	5.14325	5.1232
-1.71345	1.1718	5.14226	5.12386
-1.71049	1.17443	5.13963	5.12386
-1.70359	1.18264	5.14029	5.12386
-1.70425	1.18067	5.14095	5.12353
-1.69669	1.18823	5.1416	5.12452
-1.68552	1.19053	5.14226	5.12583
-1.68421	1.19546	5.14325	5.12682
-1.67994	1.19447	5.14325	5.12649
-1.67895	1.1948	5.14292	5.12682
-1.68421	1.18363	5.14226	5.1278
-1.67304	1.18166	5.14292	5.12715
-1.67369	1.18626	5.14325	5.1255
-1.65398	1.18856	5.1416	5.12649
-1.64938	1.19184	5.14226	5.12715
-1.6438	1.20597	5.14357	5.12682
-1.64281	1.20597	5.14456	5.12682
-1.6346	1.20958	5.14456	5.12846
-1.62277	1.21615	5.14522	5.12813
-1.61456	1.21977	5.14456	5.1278
-1.62671	1.2109	5.14325	5.1278
-1.61817	1.2224	5.14226	5.1255
-1.59977	1.24112	5.14193	5.12518
-1.60437	1.23324	5.14292	5.12353
-1.59156	1.24507	5.1439	5.12353
-1.58302	1.24507	5.14325	5.12649
-1.5863	1.24244	5.14292	5.12748
-1.5886	1.24211	5.14423	5.12452
-1.5909	1.25131	5.14522	5.12255
-1.6024	1.24638	5.14489	5.12255
-1.59747	1.24441	5.1439	5.1232
-1.61061	1.22765	5.14489	5.1255
-1.61357	1.23192	5.14423	5.12682
-1.61883	1.22437	5.14325	5.12682
-1.62606	1.22634	5.14259	5.1255
-1.62836	1.22174	5.14423	5.12386
-1.63493	1.22207	5.14555	5.12452
-1.64478	1.21944	5.1439	5.12583
-1.66187	1.21254	5.14095	5.12419
-1.66778	1.20728	5.14127	5.1232
-1.67994	1.20465	5.14292	5.12386
-1.68946	1.19808	5.14522	5.12288
-1.70458	1.18658	5.14555	5.12156
-1.71213	1.17541	5.14456	5.12156
-1.71936	1.16786	5.14555	5.12156
-1.71706	1.17081	5.14522	5.1232
-1.73152	1.15406	5.14489	5.12583
-1.7302	1.1603	5.14555	5.12649
-1.72396	1.17311	5.14555	5.1255
-1.73119	1.16194	5.14456	5.1255
-1.72955	1.1649	5.14325	5.12485
-1.73513	1.14979	5.14489	5.12518
-1.73579	1.14716	5.14423	5.12649
-1.74335	1.13697	5.14423	5.12649
-1.75057	1.12022	5.1439	5.12583
-1.75287	1.12252	5.14357	5.12485
-1.75977	1.11201	5.14522	5.12353
-1.75189	1.11792	5.14555	5.12485
-1.75287	1.11693	5.14193	5.12649
-1.75287	1.11069	5.14095	5.12649
-1.744	1.12219	5.14193	5.12649
-1.73349	1.1281	5.14357	5.1255
-1.73086	1.1235	5.14357	5.12452
-1.73217	1.12383	5.14292	5.1232
-1.73349	1.11825	5.1416	5.12386
-1.73973	1.11792	5.13996	5.12682
-1.73677	1.11661	5.14127	5.13109
-1.73579	1.11036	5.14095	5.13076
-1.7348	1.10741	5.14325	5.12813
-1.7302	1.10116	5.14292	5.12583
-1.72396	1.11003	5.14193	5.12452
-1.721	1.10971	5.14193	5.12452
-1.7233	1.10609	5.14292	5.12452
-1.73349	1.09722	5.1416	5.1255
-1.73579	1.08375	5.1416	5.12649
-1.73907	1.07882	5.14292	5.12616
-1.7371	1.07422	5.14456	5.12485
-1.73842	1.08474	5.14522	5.12386
-1.73283	1.08408	5.14423	5.1232
-1.73217	1.07258	5.1416	5.12518
-1.7394	1.08802	5.14259	5.12715
-1.74794	1.09426	5.14456	5.12649
-1.74696	1.09656	5.14522	5.12583
-1.74959	1.08901	5.14555	5.12419
-1.74072	1.09886	5.14489	5.12353
-1.74367	1.09788	5.14292	5.12452
-1.7601	1.08441	5.14259	5.1255
-1.75977	1.08638	5.14423	5.12518
-1.7578	1.09229	5.1439	5.12485
-1.75386	1.08966	5.14325	5.12353
-1.7647	1.08112	5.14193	5.12419
-1.77653	1.06667	5.14259	5.12255
-1.78441	1.05254	5.14062	5.12255
-1.79328	1.03776	5.13963	5.12386
-1.79493	1.03776	5.14029	5.12419
-1.78507	1.04498	5.14127	5.12616
-1.78113	1.04301	5.14292	5.12715
-1.7854	1.0417	5.14489	5.1255
-1.79197	1.04498	5.14522	5.12485
-1.80445	1.04695	5.14357	5.12452
-1.8107	1.04794	5.14259	5.12518
-1.80872	1.04203	5.14357	5.1255
-1.80347	1.05484	5.14555	5.12583
-1.80807	1.05123	5.14653	5.1255
-1.81365	1.05221	5.14489	5.12485
-1.82252	1.03513	5.1439	5.12616
-1.82285	1.03743	5.14325	5.12748
-1.82055	1.02987	5.1439	5.12912
-1.81661	1.03644	5.14489	5.12879
-1.81365	1.04268	5.1439	5.12715
-1.81004	1.03776	5.14292	5.12682
-1.81891	1.02658	5.1416	5.12583
-1.82384	1.02921	5.14259	5.1255
-1.81562	1.04498	5.14127	5.12649
-1.81267	1.04925	5.14325	5.1278
-1.80708	1.0509	5.14456	5.12649
-1.78606	1.05977	5.14423	5.12386
-1.77751	1.08047	5.14357	5.12288
-1.76897	1.09229	5.14522	5.12288
-1.75714	1.09689	5.14456	5.12452
-1.73513	1.10609	5.14325	5.12452
-1.73217	1.10675	5.14357	5.12288
-1.72199	1.11726	5.14259	5.12353
-1.71936	1.12252	5.1416	5.12485
-1.71936	1.13106	5.14127	5.12485
-1.70885	1.14453	5.13996	5.12485
-1.69472	1.14782	5.14127	5.12649
-1.68355	1.1488	5.14325	5.12682
-1.67895	1.15964	5.14423	5.12616
-1.66285	1.1695	5.14357	5.12419
-1.653	1.17574	5.14193	5.12386
-1.64873	1.18494	5.14226	5.12583
-1.64577	1.1948	5.14423	5.12616
-1.64511	1.20433	5.14555	5.12682
-1.63756	1.2178	5.14456	5.12583
-1.63361	1.2155	5.14423	5.12583
-1.61423	1.22831	5.14522	5.1255
-1.59287	1.25032	5.14522	5.12419
-1.5955	1.24605	5.14456	5.1232
-1.59813	1.25821	5.1439	5.12353
-1.58367	1.26116	5.14259	5.12452
-1.58072	1.25394	5.14259	5.12518
-1.58039	1.25361	5.14292	5.12682
-1.58433	1.24736	5.1439	5.12879
-1.57382	1.24934	5.14325	5.12879
-1.57415	1.25624	5.14423	5.12846
-1.57316	1.25919	5.14292	5.12846
-1.58006	1.25656	5.14259	5.12813
-1.57152	1.26609	5.14259	5.12748
-1.56823	1.27726	5.14193	5.12682
-1.5794	1.28088	5.14226	5.12649
-1.58367	1.28679	5.1439	5.12649
-1.57677	1.30125	5.1439	5.12682
-1.5909	1.295	5.1462	5.12583
-1.59944	1.29665	5.1462	5.1255
-1.6001	1.29829	5.1462	5.12452
-1.60897	1.28942	5.14587	5.12452
-1.60766	1.27726	5.14423	5.12682
-1.61981	1.26445	5.14357	5.12813
-1.61784	1.26543	5.14423	5.1278
-1.62507	1.26642	5.1439	5.12715
-1.62606	1.25656	5.14226	5.12649
-1.63723	1.24014	5.14193	5.12682
-1.62606	1.23948	5.14357	5.12682
-1.62376	1.22995	5.14522	5.12649
-1.62146	1.25295	5.14555	5.1255
-1.61259	1.26511	5.1439	5.12485
-1.61061	1.26773	5.14325	5.12518
-1.61719	1.26313	5.14357	5.12616
-1.61291	1.26741	5.14522	5.1278
-1.60437	1.27759	5.14522	5.12715
-1.59977	1.27661	5.14522	5.12649
-1.6093	1.26346	5.14522	5.1255
-1.61719	1.24934	5.14587	5.12649
-1.62376	1.25558	5.14489	5.12682
-1.62343	1.25952	5.14325	5.12682
-1.61883	1.26971	5.14193	5.12715
-1.63066	1.25821	5.14259	5.12583
-1.62277	1.26018	5.14292	5.12386
-1.62277	1.26379	5.14357	5.12189
-1.62868	1.25886	5.14292	5.12222
-1.62638	1.25952	5.14193	5.12386
-1.63098	1.25065	5.14062	5.12452
-1.64051	1.23587	5.14062	5.12616
-1.63558	1.24605	5.14357	5.12682
-1.6461	1.22962	5.14587	5.12715
-1.65037	1.2224	5.14653	5.12715
-1.65957	1.22207	5.14489	5.1255
-1.65957	1.2109	5.14292	5.12485
-1.65497	1.20531	5.14259	5.12485
-1.65661	1.19316	5.14292	5.12682
-1.68388	1.17016	5.14357	5.12583
-1.69472	1.16786	5.14489	5.1255
-1.70096	1.15504	5.14423	5.12518
-1.69571	1.17344	5.14259	5.12485
-1.70983	1.15767	5.14226	5.12616
-1.72298	1.15307	5.14357	5.12846
-1.72659	1.15045	5.14456	5.12748
-1.73612	1.13402	5.14653	5.12682
-1.73447	1.1235	5.14653	5.12583
-1.74302	1.11332	5.1439	5.12583
-1.75912	1.10314	5.14127	5.12945
-1.76634	1.09886	5.14095	5.1301
-1.77981	1.09328	5.14193	5.13076
-1.79033	1.08178	5.14292	5.12879
-1.79164	1.08408	5.14292	5.12616
-1.79394	1.09131	5.14423	5.12616
-1.79131	1.09689	5.14259	5.12682
-1.79887	1.08999	5.14062	5.12682
-1.8015	1.09656	5.14062	5.12682
-1.80675	1.08375	5.14226	5.12682
-1.8061	1.07061	5.14325	5.12682
-1.81497	1.06437	5.14653	5.12682
-1.82351	1.0647	5.14785	5.12682
-1.81661	1.06634	5.14653	5.12616
-1.81957	1.06765	5.1439	5.12452
-1.83107	1.05451	5.14095	5.12485
-1.83139	1.05385	5.14127	5.12419
-1.83435	1.04104	5.14456	5.12419
-1.83271	1.04301	5.14587	5.12419
-1.83501	1.03808	5.14522	5.12386
-1.82844	1.04268	5.14193	5.12583
-1.83205	1.04137	5.13865	5.12682
-1.82187	1.044	5.13865	5.12748
-1.81957	1.04991	5.13996	5.12813
-1.80938	1.04958	5.14259	5.12846
-1.79755	1.05418	5.14489	5.12715
-1.79657	1.05517	5.14653	5.12518
-1.78901	1.0578	5.1439	5.12419
-1.7808	1.06535	5.1416	5.1255
-1.7808	1.06502	5.14193	5.12813
-1.77587	1.07389	5.14325	5.12912
-1.76273	1.08901	5.14489	5.1278
-1.75912	1.08934	5.14357	5.12682
-1.74729	1.09394	5.1416	5.12813
-1.7486	1.08539	5.14226	5.12846
-1.75944	1.07915	5.14357	5.1301
-1.75123	1.08277	5.14555	5.1278
-1.75419	1.07718	5.14489	5.12583
-1.73645	1.07784	5.14423	5.12616
-1.74236	1.06535	5.14292	5.12682
-1.7371	1.07094	5.1439	5.12682
-1.73677	1.08342	5.14325	5.1278
-1.7325	1.09591	5.14226	5.12945
-1.72593	1.10478	5.14357	5.12846
-1.71805	1.12416	5.14325	5.12583
-1.70852	1.14125	5.1416	5.12386
-1.70096	1.14486	5.14325	5.12452
-1.69669	1.15439	5.14522	5.12616
-1.69472	1.15603	5.14423	5.12715
-1.69669	1.16162	5.1416	5.12649
-1.68454	1.17377	5.13996	5.12715
-1.68257	1.18363	5.14029	5.12715
-1.67501	1.1994	5.14292	5.1278
-1.66022	1.20728	5.14456	5.12813
-1.65103	1.22798	5.14357	5.12616
-1.64544	1.22667	5.13996	5.12583
-1.64051	1.22962	5.13897	5.12748
-1.63263	1.25098	5.14226	5.12518
-1.62244	1.25886	5.14587	5.1255
-1.62573	1.25722	5.14587	5.12649
-1.61554	1.26708	5.1439	5.12616
-1.60766	1.25919	5.14226	5.12748
-1.61094	1.25722	5.1416	5.12846
-1.60799	1.25985	5.14292	5.1278
-1.6047	1.26839	5.14456	5.12682
-1.61784	1.26084	5.14522	5.12616
-1.61423	1.27989	5.14587	5.1255
-1.60404	1.27628	5.14522	5.12518
-1.607	1.27299	5.14456	5.1255
-1.61686	1.26379	5.14325	5.12616
-1.60831	1.27628	5.14259	5.12813
-1.60766	1.27398	5.14226	5.12846
-1.60503	1.27003	5.1416	5.12813
-1.6093	1.25919	5.14029	5.12715
-1.61751	1.25854	5.14029	5.12715
-1.6139	1.26215	5.14127	5.12846
-1.62047	1.25689	5.14259	5.1301
-1.60602	1.27036	5.14555	5.13043
-1.59682	1.29073	5.14587	5.12879
-1.5886	1.27956	5.14522	5.12649
-1.57612	1.28548	5.14456	5.12616
-1.57283	1.27825	5.14226	5.12649
-1.56922	1.28318	5.14029	5.1278
-1.56232	1.28482	5.1416	5.12846
-1.57218	1.27825	5.14357	5.12846
-1.57743	1.26379	5.14292	5.12682
-1.57086	1.26971	5.1416	5.12452
-1.5702	1.27332	5.14193	5.12485
-1.57743	1.26248	5.14127	5.12748
-1.584	1.24375	5.1416	5.12813
-1.59025	1.24507	5.14357	5.12715
-1.6047	1.22404	5.14522	5.12649
-1.60996	1.227	5.14522	5.12353
-1.607	1.22338	5.1439	5.12255
-1.61291	1.22634	5.14095	5.12353
-1.62146	1.21484	5.14095	5.12452
-1.62638	1.20433	5.14193	5.12583
-1.63821	1.21747	5.14292	5.12616
-1.64183	1.22108	5.14423	5.12583
-1.64051	1.23258	5.14587	5.12485
-1.63197	1.23192	5.14522	5.12649
-1.62179	1.23981	5.14325	5.12748
-1.62146	1.24211	5.14095	5.12748
-1.63066	1.24605	5.14095	5.12649
-1.64183	1.24572	5.14423	5.12518
-1.63493	1.24638	5.14686	5.12485
-1.63756	1.24408	5.14653	5.12419
-1.6346	1.23587	5.14555	5.12255
-1.63953	1.22108	5.14456	5.12452
-1.6553	1.20925	5.14259	5.12813
-1.66351	1.20268	5.14193	5.12813
-1.66548	1.20958	5.14259	5.12518
-1.67928	1.19578	5.14226	5.12485
-1.68618	1.19874	5.14226	5.12583
-1.69636	1.18856	5.1439	5.12583
-1.69965	1.17771	5.1439	5.12452
-1.70359	1.16917	5.14193	5.12485
-1.69571	1.18001	5.14226	5.12715
-1.69899	1.16819	5.14292	5.12813
-1.70031	1.17081	5.14357	5.12682
-1.70162	1.16589	5.14555	5.12682
-1.70556	1.16884	5.14555	5.12616
-1.71345	1.16556	5.14489	5.12682
-1.70721	1.17607	5.1439	5.12813
-1.71213	1.16227	5.14226	5.12748
-1.72462	1.14782	5.14193	5.12682
-1.72725	1.13763	5.14259	5.12485
-1.721	1.1396	5.14325	5.1232
-1.7233	1.12712	5.14292	5.12353
-1.74926	1.09656	5.14029	5.1255
-1.74367	1.09656	5.14095	5.12748
-1.76043	1.07389	5.14226	5.12912
-1.7716	1.06371	5.14423	5.12813
-1.76437	1.06174	5.14456	5.1255
-1.76634	1.05484	5.14587	5.12386
-1.77127	1.04104	5.14456	5.1232
-1.76766	1.04301	5.14226	5.12518
-1.7716	1.03874	5.14127	5.12813
-1.77948	1.04006	5.14127	5.1301
-1.77948	1.04301	5.14127	5.12912
-1.78704	1.03447	5.13996	5.12715
-1.79033	1.04235	5.13996	5.12485
-1.79624	1.04728	5.14292	5.12485
-1.80938	1.03118	5.1439	5.12583
-1.81102	1.02626	5.14555	5.12846
-1.8153	1.03447	5.14587	5.12813
-1.8107	1.04235	5.14522	5.12748
-1.81004	1.04235	5.14555	5.12649
-1.81398	1.03776	5.14489	5.12485
-1.81004	1.04564	5.14357	5.12616
-1.8038	1.05517	5.14292	5.12715
-1.79985	1.05057	5.1439	5.12748
-1.81135	1.03808	5.14292	5.12649
-1.81727	1.03513	5.1416	5.12386
-1.8107	1.04827	5.14226	5.12288
-1.81792	1.04498	5.14292	5.12518
-1.8199	1.03776	5.1439	5.12616
-1.82351	1.02888	5.14555	5.12649
-1.83764	1.0095	5.14587	5.12682
-1.83829	1.01574	5.14522	5.12616
-1.83107	1.01673	5.14587	5.12649
-1.83665	1.01213	5.1462	5.1278
-1.83435	1.01344	5.14522	5.12748
-1.84585	1.00556	5.14325	5.12748
-1.85571	0.974018	5.14259	5.1301
-1.85965	0.981246	5.14259	5.13142
-1.86688	0.976318	5.14259	5.12945
-1.85603	0.996688	5.14357	5.12879
-1.85636	0.994716	5.14456	5.12649
-1.86326	0.995373	5.14357	5.12518
-1.86096	1.00227	5.14292	5.1255
-1.85275	1.0049	5.14357	5.12649
-1.84224	1.01311	5.14522	5.12813
-1.85242	1.0095	5.14522	5.12748
-1.84815	1.00852	5.14555	5.12518
-1.84454	1.00622	5.14489	5.1232
-1.83567	1.01837	5.14423	5.12452
-1.83008	1.02888	5.14292	5.12485
-1.82679	1.02856	5.14127	5.1255
-1.8176	1.02954	5.1416	5.12682
-1.81102	1.03841	5.14423	5.12485
-1.79657	1.04794	5.14587	5.12353
-1.7946	1.04268	5.1462	5.12386
-1.78704	1.05845	5.14456	5.12189
-1.77357	1.06765	5.14226	5.12452
-1.7647	1.06798	5.14292	5.12715
-1.77094	1.07225	5.1439	5.12748
-1.76503	1.08178	5.14456	5.12813
-1.75747	1.08014	5.14522	5.1278
-1.75024	1.09656	5.14555	5.1255
-1.75156	1.09591	5.14292	5.12452
-1.74597	1.08999	5.14127	5.12583
-1.75222	1.08178	5.14292	5.12715
-1.75057	1.08966	5.14522	5.12748
-1.74137	1.09919	5.14653	5.12616
-1.73875	1.09886	5.14587	5.12583
-1.72133	1.09952	5.14423	5.12715
-1.71345	1.11759	5.14357	5.12649
-1.71016	1.11365	5.1439	5.1255
-1.70819	1.11463	5.14423	5.12485
-1.69209	1.13599	5.14489	5.12386
-1.69472	1.13862	5.14522	5.12156
-1.69538	1.1419	5.14423	5.12156
-1.69472	1.13829	5.14456	5.1232
-1.68651	1.14289	5.14489	5.12518
-1.67665	1.16194	5.14555	5.12649
-1.66581	1.17574	5.1462	5.12649
-1.65595	1.18856	5.14587	5.1278
-1.65332	1.20104	5.14489	5.12846
-1.65168	1.19086	5.14226	5.12748
-1.63526	1.19578	5.13963	5.12583
-1.62868	1.19381	5.13799	5.12616
-1.63033	1.18724	5.13799	5.12649
-1.63493	1.19086	5.14095	5.12846
-1.62343	1.19808	5.1439	5.1278
-1.6231	1.19644	5.14456	5.1255
-1.62244	1.19348	5.14292	5.1255
-1.62244	1.20728	5.1416	5.12583
-1.61423	1.22371	5.13963	5.12682
-1.62474	1.22535	5.13963	5.1278
-1.62901	1.22601	5.14193	5.12846
-1.62967	1.21845	5.14423	5.12846
-1.63296	1.23061	5.14423	5.12748
-1.6415	1.2224	5.14357	5.1255
-1.64643	1.20531	5.1439	5.12583
-1.6461	1.2086	5.1439	5.1255
-1.65267	1.21024	5.14259	5.12485
-1.65004	1.21451	5.14357	5.1232
-1.64675	1.22108	5.14522	5.12353
-1.65103	1.22108	5.14522	5.12255
-1.65792	1.22108	5.14489	5.12222
-1.6645	1.22272	5.14292	5.1232
-1.65267	1.23521	5.14062	5.12419
-1.63985	1.24441	5.13667	5.12353
-1.6484	1.24901	5.13832	5.12419
-1.64675	1.24474	5.14193	5.12419
-1.64544	1.23817	5.14226	5.12386
-1.64117	1.23619	5.14292	5.12419
-1.63526	1.23521	5.14226	5.12583
-1.64215	1.23127	5.14193	5.12649
-1.65135	1.22174	5.1416	5.12682
-1.66877	1.21517	5.14259	5.12715
-1.66187	1.21681	5.1439	5.12682
-1.66712	1.20695	5.14456	5.1255
-1.67008	1.20958	5.14456	5.12485
-1.68027	1.2017	5.14325	5.1255
-1.67435	1.21615	5.1416	5.12813
-1.68257	1.2132	5.14029	5.12682
-1.68355	1.2132	5.14226	5.12419
-1.69735	1.19677	5.1439	5.1232
-1.69505	1.18593	5.14423	5.1255
-1.69604	1.181	5.1416	5.1255
-1.70293	1.16622	5.14193	5.12452
-1.71509	1.15012	5.14423	5.12419
-1.72955	1.14289	5.14489	5.12616
-1.744	1.12219	5.14357	5.12715
-1.75254	1.10314	5.14292	5.12715
-1.76174	1.10051	5.14292	5.12583
-1.77456	1.09722	5.14423	5.1255
-1.78178	1.10018	5.14357	5.12682
-1.78211	1.09689	5.1416	5.12748
-1.7831	1.09262	5.14127	5.12748
-1.79591	1.07127	5.14423	5.12583
-1.80675	1.05648	5.14555	5.12616
-1.81431	1.04334	5.14357	5.12682
-1.82712	1.02001	5.14193	5.12682
-1.83599	1.00293	5.14095	5.12583
-1.84552	0.995702	5.14226	5.12583
-1.84881	0.995373	5.14357	5.12452
-1.85308	0.986174	5.14489	5.12353
-1.85406	0.975661	5.14456	5.12353
-1.86293	0.979275	5.14259	5.12419
-1.86688	0.979932	5.14127	5.1278
-1.87049	0.975004	5.14095	5.13109
-1.88199	0.963176	5.14127	5.1324
-1.88396	0.958905	5.14292	5.12945
-1.89053	0.953977	5.14357	5.12583
-1.89842	0.939193	5.14325	5.12485
-1.90072	0.935579	5.1416	5.1255
-1.89973	0.928679	5.13832	5.12583
-1.90696	0.926708	5.13832	5.12616
-1.90269	0.928022	5.1393	5.12485
-1.89382	0.948392	5.14226	5.12419
-1.90006	0.942478	5.14357	5.12419
-1.89743	0.942807	5.14423	5.12748
-1.89217	0.958577	5.14325	5.12912
-1.88757	0.955948	5.14357	5.12846
-1.88495	0.96679	5.14325	5.12945
-1.87246	0.980589	5.14456	5.12912
-1.86721	0.997016	5.14489	5.12748
-1.86622	0.988803	5.14423	5.12715
-1.86228	0.994716	5.14325	5.1278
-1.86293	0.983217	5.14489	5.1278
-1.85833	0.986174	5.14587	5.12748
-1.86096	0.995373	5.14522	5.1278
-1.85176	1.00884	5.1439	5.12879
-1.84421	1.00556	5.14259	5.12846
-1.83008	1.02166	5.14226	5.12616
-1.82581	1.02658	5.14325	5.12518
-1.81365	1.0417	5.14456	5.12419
-1.81431	1.04498	5.14489	5.12485
-1.8107	1.04137	5.14522	5.12682
-1.79657	1.04794	5.14555	5.12813
-1.79066	1.05188	5.1439	5.12813
-1.79854	1.04761	5.14193	5.12715
-1.79263	1.05221	5.14127	5.12649
-1.78836	1.05747	5.1416	5.1255
-1.78441	1.06962	5.14193	5.12485
-1.77456	1.07587	5.1439	5.12452
-1.76996	1.08474	5.14719	5.12649
-1.7578	1.09426	5.14817	5.12813
-1.76141	1.09919	5.14752	5.12748
-1.76536	1.10314	5.14555	5.12715
-1.75616	1.09492	5.14456	5.12748
-1.7555	1.10182	5.14357	5.1278
-1.75714	1.09656	5.14226	5.12682
-1.75484	1.10182	5.14226	5.12583
-1.75189	1.10116	5.14292	5.12518
-1.74137	1.10576	5.14292	5.12518
-1.74433	1.10872	5.14127	5.12485
-1.73382	1.12416	5.14127	5.1255
-1.7325	1.11661	5.14292	5.12518
-1.7233	1.14749	5.1439	5.12616
-1.72692	1.13566	5.14325	5.12485
-1.72955	1.14322	5.14456	5.12419
-1.721	1.14946	5.14489	5.12583
-1.72495	1.13468	5.14325	5.12518
-1.72462	1.14979	5.1439	5.12616
-1.71542	1.1442	5.14259	5.12748
-1.71443	1.14387	5.14259	5.12813
-1.7256	1.13993	5.1439	5.12748
-1.72133	1.14946	5.14456	5.12682
-1.70951	1.15636	5.14522	5.12715
-1.70293	1.16654	5.14653	5.1278
-1.69899	1.18724	5.14522	5.12846
-1.70162	1.1833	5.14292	5.12879
-1.70293	1.17837	5.14292	5.12682
-1.69998	1.19381	5.14259	5.12518
-1.69998	1.19644	5.14325	5.1255
-1.70885	1.19513	5.14292	5.12748
-1.70753	1.1971	5.14292	5.12813
-1.70983	1.19217	5.14193	5.12583
-1.70261	1.19414	5.14226	5.12189
-1.70523	1.1879	5.14325	5.12288
-1.70063	1.19151	5.14456	5.12518
-1.69702	1.19217	5.1439	5.12682
-1.69801	1.19151	5.14325	5.12748
-1.68486	1.20071	5.14325	5.1278
-1.67797	1.20663	5.1439	5.12649
-1.68618	1.20925	5.14489	5.12616
-1.67468	1.21451	5.14555	5.12583
-1.67862	1.20991	5.14653	5.12682
-1.67337	1.2109	5.14653	5.12748
-1.66088	1.22108	5.14522	5.12715
-1.64807	1.23159	5.14259	5.12846
-1.63427	1.24835	5.1416	5.12813
-1.63723	1.24309	5.14292	5.12583
-1.6438	1.23587	5.14325	5.1255
-1.64183	1.24014	5.14423	5.12485
-1.65004	1.23192	5.14456	5.12485
-1.62901	1.24178	5.14522	5.12682
-1.62934	1.24441	5.14522	5.12813
-1.62507	1.24474	5.14325	5.12583
-1.62507	1.24178	5.14095	5.1232
-1.63098	1.23291	5.14029	5.12222
-1.6323	1.23849	5.14127	5.12452
-1.62803	1.24671	5.14292	5.12649
-1.62277	1.25229	5.14226	5.1278
-1.63033	1.25196	5.14062	5.12945
-1.62671	1.24966	5.13996	5.12945
-1.63394	1.25722	5.13963	5.12682
-1.61949	1.26905	5.14127	5.12419
-1.62047	1.27069	5.14357	5.12288
-1.6254	1.26511	5.1439	5.12386
-1.62573	1.25788	5.14259	5.12452
-1.62474	1.25426	5.14226	5.12583
-1.63493	1.24802	5.14325	5.12649
-1.63131	1.25722	5.14423	5.12682
-1.63788	1.24605	5.14522	5.1278
-1.63788	1.24342	5.14456	5.12616
-1.6438	1.24835	5.14325	5.12452
-1.65891	1.23291	5.14325	5.12518
-1.67074	1.2178	5.14456	5.12616
-1.67139	1.21353	5.14423	5.12518
-1.66811	1.21057	5.1439	5.12583
-1.68684	1.19644	5.14357	5.12649
-1.68388	1.20301	5.14292	5.12649
-1.69078	1.18626	5.14226	5.12682
-1.69768	1.1833	5.1439	5.12846
-1.70523	1.17903	5.14456	5.12912
-1.71082	1.16622	5.14522	5.1278
-1.72002	1.15472	5.14555	5.12616
-1.73677	1.14387	5.14522	5.12386
-1.75024	1.14059	5.14423	5.12353
-1.75649	1.12548	5.14357	5.12583
-1.76733	1.11102	5.14292	5.12682
-1.76864	1.11168	5.14423	5.12682
-1.77718	1.10084	5.14555	5.12518
-1.78211	1.09985	5.14686	5.12518
-1.78967	1.08474	5.14587	5.12452
-1.80281	1.06568	5.14489	5.12288
-1.81332	1.06108	5.14292	5.12288
-1.81168	1.06108	5.14292	5.12518
-1.8107	1.0509	5.14325	5.12748
-1.82417	1.04301	5.14357	5.12879
-1.83172	1.02987	5.14226	5.12682
-1.83337	1.01739	5.14095	5.12452
-1.82975	1.01739	5.13996	5.12485
-1.82745	1.02133	5.14127	5.12583
-1.82417	1.02363	5.14325	5.12616
-1.83468	1.01739	5.14423	5.12583
-1.83074	1.02823	5.14522	5.12518
-1.82121	1.03644	5.14555	5.12518
-1.82942	1.0302	5.14357	5.12518
-1.82449	1.03776	5.1416	5.1255
-1.81102	1.04695	5.14095	5.12485
-1.81858	1.03611	5.14029	5.12518
-1.81924	1.02888	5.14062	5.12452
-1.81628	1.02494	5.14259	5.12419
-1.83402	1.00917	5.14423	5.12682
-1.82778	1.02166	5.14456	5.12748
-1.82252	1.02264	5.14456	5.12682
-1.83172	1.0118	5.14259	5.12715
-1.83665	1.01081	5.13963	5.12518
-1.83435	1.0049	5.1393	5.12452
-1.83797	0.982232	5.14259	5.12485
-1.83961	0.990117	5.14325	5.12616
-1.84125	0.981575	5.14292	5.12715
-1.84191	0.975989	5.14259	5.12715
-1.84224	0.973033	5.14259	5.12583
-1.85636	0.946749	5.14292	5.12518
-1.86786	0.942478	5.14423	5.12485
-1.86228	0.936564	5.1462	5.12452
-1.87345	0.91948	5.14653	5.12452
-1.87476	0.922109	5.14686	5.12583
-1.88035	0.920466	5.14456	5.12616
-1.88166	0.920466	5.14325	5.12748
-1.88659	0.923423	5.1439	5.12879
-1.8856	0.922437	5.14423	5.12748
-1.8925	0.914881	5.14325	5.12583
-1.89776	0.897797	5.14325	5.12419
-1.8925	0.894183	5.14193	5.12255
-1.88725	0.891226	5.14029	5.12353
-1.88725	0.903382	5.14095	5.12583
-1.8925	0.898454	5.14357	5.12682
-1.88298	0.909624	5.14325	5.12616
-1.87509	0.93295	5.14325	5.12518
-1.86852	0.944778	5.1439	5.12518
-1.87049	0.95332	5.14489	5.12616
-1.86721	0.956934	5.14489	5.12649
-1.8741	0.958905	5.14555	5.12748
-1.87378	0.953977	5.14587	5.12813
-1.86688	0.975004	5.14522	5.12583
-1.86819	0.980589	5.14555	5.12353
-1.86063	0.992745	5.14357	5.12353
-1.84618	1.00293	5.14226	5.12288
-1.83402	1.01213	5.14095	5.1232
-1.81562	1.02396	5.1416	5.12485
-1.8199	1.01541	5.14226	5.12518
-1.8153	1.02363	5.14357	5.12682
-1.80675	1.03644	5.14489	5.12616
-1.8084	1.0302	5.14686	5.12386
-1.79854	1.0348	5.14785	5.12255
-1.78868	1.04038	5.14653	5.12452
-1.79098	1.04137	5.14522	5.12649
-1.77324	1.05977	5.14522	5.1278
-1.76963	1.05353	5.14489	5.12616
-1.76437	1.05812	5.14456	5.12485
-1.75123	1.07061	5.1439	5.12255
-1.74335	1.07981	5.1439	5.12288
-1.73776	1.07521	5.1439	5.12255
-1.7279	1.08638	5.14456	5.12386
-1.72758	1.08802	5.14555	5.12452
-1.70753	1.09821	5.14522	5.12419
-1.69242	1.10806	5.14423	5.12649
-1.69374	1.12153	5.14423	5.12616
-1.69209	1.11792	5.14292	5.12485
-1.69045	1.12515	5.14062	5.12452
-1.68684	1.12876	5.14029	5.12682
-1.68848	1.12449	5.14062	5.12649
-1.69176	1.12449	5.14193	5.1255
-1.69374	1.13566	5.14259	5.12386
-1.69176	1.13435	5.14193	5.12452
-1.69604	1.13697	5.14259	5.12616
-1.69636	1.13665	5.14259	5.12715
-1.69702	1.14125	5.14423	5.12715
-1.68585	1.13763	5.14423	5.12649
-1.67139	1.15669	5.14357	5.12452
-1.66482	1.14847	5.14292	5.12353
-1.67172	1.15143	5.14259	5.12452
-1.68946	1.13697	5.14226	5.12583
-1.70096	1.13205	5.14127	5.1255
-1.70688	1.11463	5.14095	5.12518
-1.70491	1.1258	5.14127	5.1255
-1.71608	1.12285	5.14062	5.12518
-1.72626	1.10971	5.1393	5.12583
-1.72922	1.10773	5.14029	5.1255
-1.72265	1.10872	5.14259	5.12649
-1.72823	1.09886	5.1439	5.12748
-1.72626	1.08901	5.14423	5.12715
-1.72856	1.09262	5.14325	5.12583
-1.73546	1.09755	5.14259	5.12616
-1.73513	1.09821	5.14325	5.12583
-1.74794	1.09985	5.14456	5.12682
-1.74499	1.10018	5.14522	5.12813
-1.75386	1.09262	5.14423	5.12649
-1.75386	1.09591	5.14259	5.12419
-1.74959	1.10149	5.14259	5.12255
-1.7555	1.09656	5.1416	5.1232
-1.76799	1.07784	5.14095	5.12386
-1.76141	1.07751	5.14127	5.1255
-1.76996	1.06732	5.14259	5.12616
-1.76963	1.07291	5.14193	5.12649
-1.76273	1.07882	5.14226	5.12649
-1.75977	1.08408	5.14325	5.12518
-1.75649	1.08835	5.14292	5.12419
-1.76437	1.08342	5.1416	5.12518
-1.76174	1.07915	5.13963	5.12616
-1.75386	1.09394	5.13897	5.12715
-1.75517	1.09656	5.14029	5.12616
-1.74532	1.10018	5.14292	5.12452
-1.75123	1.08474	5.14686	5.1232
-1.75452	1.07554	5.14949	5.12189
-1.74367	1.08638	5.14785	5.12123
-1.75024	1.07258	5.14555	5.12353
-1.7555	1.0716	5.1416	5.1255
-1.76109	1.0716	5.13996	5.12485
-1.76601	1.07127	5.14029	5.12353
-1.77948	1.07488	5.14259	5.12255
-1.77751	1.06765	5.14357	5.12353
-1.7716	1.06568	5.14456	5.12485
-1.76831	1.0716	5.14489	5.12518
-1.76076	1.0693	5.1439	5.12386
-1.76864	1.0693	5.14489	5.12386
-1.76601	1.08441	5.14489	5.1255
-1.78047	1.06667	5.14522	5.12452
-1.78113	1.07192	5.14456	5.12616
-1.77916	1.0647	5.14226	5.1278
-1.78178	1.05944	5.13963	5.12846
-1.79164	1.04301	5.14193	5.12748
-1.79098	1.04235	5.14292	5.12616
-1.79723	1.03414	5.14489	5.12518
-1.7992	1.03677	5.14587	5.12649
-1.79985	1.04301	5.14522	5.12682
-1.80445	1.04728	5.14292	5.12649
-1.81365	1.04006	5.14292	5.12616
-1.82449	1.03414	5.14456	5.12386
-1.82252	1.03578	5.1462	5.12485
-1.83205	1.02527	5.14653	5.12485
-1.82778	1.02264	5.14752	5.12452
-1.83567	1.01476	5.14817	5.12452
-1.84092	1.00917	5.14719	5.12419
-1.85702	0.996688	5.14489	5.12353
-1.85176	0.995702	5.1416	5.12485
-1.85308	0.994388	5.14193	5.12649
-1.84914	1.0003	5.14259	5.12616
-1.84059	1.01607	5.14325	5.12616
-1.83435	1.03348	5.1439	5.12682
-1.84224	1.02921	5.1439	5.12715
-1.84256	1.0233	5.14423	5.12846
-1.83599	1.03316	5.14292	5.12879
-1.83567	1.03316	5.14292	5.12583
-1.83041	1.03381	5.1439	5.12485
-1.82942	1.03118	5.14489	5.12583
-1.82811	1.0279	5.14489	5.12616
-1.82745	1.03381	5.14456	5.12748
-1.83107	1.02527	5.14456	5.12748
-1.82252	1.03316	5.14587	5.12583
-1.81727	1.03743	5.1462	5.1232
-1.80807	1.05353	5.14587	5.1232
-1.80051	1.0578	5.14456	5.12353
-1.79985	1.05287	5.14587	5.12452
-1.79361	1.04794	5.14456	5.12518
-1.78146	1.04334	5.14193	5.1255
-1.77948	1.06568	5.14193	5.1255
-1.76963	1.06897	5.1439	5.12452
-1.76207	1.08145	5.14489	5.12583
-1.75386	1.07948	5.1439	5.12682
-1.7394	1.08441	5.14259	5.12583
-1.7302	1.08474	5.14095	5.12419
-1.71969	1.08309	5.1393	5.12485
-1.71476	1.08507	5.14193	5.1255
-1.71312	1.08309	5.14357	5.12616
-1.70688	1.09656	5.14423	5.12682
-1.71608	1.08835	5.14456	5.12616
-1.69932	1.10346	5.14522	5.1255
-1.69439	1.11365	5.14456	5.1255
-1.68651	1.12613	5.14489	5.12583
-1.68881	1.12153	5.14456	5.1255
-1.68946	1.11726	5.14357	5.12419
-1.67402	1.12778	5.14456	5.12353
-1.65103	1.14519	5.14587	5.12288
-1.65497	1.15373	5.14555	5.12353
-1.65365	1.15734	5.14489	5.12452
-1.65562	1.1649	5.1439	5.1255
-1.66121	1.15734	5.14259	5.12748
-1.66121	1.16194	5.14193	5.12748
-1.67271	1.16326	5.14095	5.12682
-1.67074	1.16326	5.13996	5.12616
-1.67501	1.17476	5.14029	5.12583
-1.67337	1.1787	5.14226	5.12583
-1.67994	1.16063	5.14357	5.12748
-1.67468	1.15176	5.14357	5.12715
-1.69636	1.1419	5.14522	5.12813
-1.72232	1.13369	5.14555	5.12846
-1.73185	1.12515	5.14357	5.12715
-1.73053	1.12252	5.14423	5.1255
-1.72692	1.12613	5.14522	5.1255
-1.72692	1.13106	5.14456	5.12583
-1.71673	1.14092	5.14423	5.12583
-1.72133	1.14059	5.14522	5.12419
-1.71706	1.14815	5.14587	5.1232
-1.72396	1.14617	5.14325	5.12485
-1.73776	1.13402	5.14029	5.12649
-1.72133	1.15176	5.14062	5.12682
-1.72133	1.1534	5.14259	5.1255
-1.71411	1.15669	5.14522	5.12255
-1.70688	1.1695	5.1462	5.12222
-1.71279	1.17377	5.14653	5.12452
-1.71542	1.17476	5.14489	5.12682
-1.71805	1.1695	5.14259	5.12682
-1.72298	1.1649	5.1416	5.12682
-1.73086	1.158	5.14226	5.12452
-1.72232	1.16392	5.14357	5.12222
-1.72593	1.17016	5.1439	5.12288
-1.72955	1.15833	5.14325	5.12419
-1.72659	1.16359	5.14127	5.12682
-1.72659	1.15734	5.1416	5.12846
-1.73809	1.14256	5.14292	5.12715
-1.74532	1.12876	5.14456	5.12649
-1.7371	1.13139	5.1439	5.12583
-1.74335	1.13106	5.1416	5.12485
-1.74269	1.12646	5.13996	5.12288
-1.74663	1.12416	5.14127	5.12353
-1.74335	1.11431	5.14456	5.12649
-1.73875	1.11398	5.14587	5.12846
-1.74039	1.11233	5.14686	5.12715
-1.73809	1.1281	5.14653	5.12419
-1.74794	1.11036	5.14686	5.1255
-1.744	1.11595	5.14555	5.1278
-1.75484	1.10084	5.14423	5.12846
-1.75583	1.09361	5.1439	5.12846
-1.7509	1.10478	5.1462	5.12682
-1.74335	1.10576	5.14785	5.12616
-1.74597	1.10018	5.14686	5.12649
-1.75517	1.10412	5.14357	5.12616
-1.75649	1.09689	5.14292	5.12616
-1.75912	1.09656	5.14226	5.1255
-1.7532	1.11168	5.14127	5.12518
-1.74597	1.11562	5.14095	5.12518
-1.75649	1.10708	5.14193	5.12485
-1.75879	1.10675	5.14325	5.12386
-1.7624	1.11233	5.14489	5.12419
-1.76667	1.11661	5.14259	5.1255
-1.77784	1.11628	5.14029	5.12583
-1.79066	1.10051	5.1416	5.1255
-1.7946	1.10281	5.1439	5.12485
-1.8038	1.08966	5.14555	5.12649
-1.8061	1.10609	5.1462	5.12715
-1.80741	1.10511	5.14522	5.12912
-1.80675	1.10938	5.14226	5.12879
-1.80018	1.11431	5.14095	5.12748
-1.79361	1.11825	5.14127	5.1278
-1.80084	1.10314	5.14062	5.12682
-1.80314	1.10051	5.14259	5.12452
-1.81267	1.07948	5.1439	5.12452
-1.81037	1.07685	5.14489	5.12452
-1.80511	1.07817	5.14423	5.12649
-1.8176	1.06897	5.14193	5.12682
-1.82515	1.05911	5.14325	5.12649
-1.82482	1.06667	5.14357	5.12518
-1.82975	1.0601	5.14522	5.12419
-1.82318	1.05648	5.14555	5.12452
-1.83567	1.04137	5.14587	5.12518
-1.83797	1.03447	5.14292	5.12682
-1.83698	1.0348	5.14193	5.12583
-1.83304	1.04498	5.14226	5.12583
-1.83402	1.03316	5.14357	5.12452
-1.83862	1.02593	5.14423	5.12452
-1.83994	1.03217	5.14292	5.12452
-1.83468	1.0325	5.1416	5.12715
-1.83402	1.02593	5.14127	5.12813
-1.83567	1.021	5.14095	5.12748
-1.83172	1.02658	5.1439	5.12715
-1.82975	1.02888	5.14587	5.12518
-1.83271	1.02823	5.14587	5.12419
-1.83337	1.0279	5.14357	5.12518
-1.82548	1.02199	5.14292	5.12649
-1.82581	1.02264	5.1439	5.1278
-1.82482	1.02494	5.14522	5.12748
-1.82679	1.01509	5.14719	5.12518
-1.8222	1.02494	5.14587	5.1232
-1.82745	1.02429	5.14456	5.12353
-1.83238	1.02363	5.14292	5.12649
-1.83205	1.02987	5.14292	5.12616
-1.82088	1.04958	5.14357	5.12616
-1.81168	1.06404	5.14489	5.12649
-1.79854	1.08112	5.1462	5.12518
-1.79657	1.07619	5.14456	5.12189
-1.80577	1.07554	5.14489	5.12025
-1.7992	1.08047	5.14423	5.12189
-1.78638	1.10116	5.14357	5.12649
-1.7808	1.11628	5.14292	5.12912
-1.78704	1.1212	5.14062	5.12879
-1.78441	1.11398	5.1416	5.12616
-1.78737	1.11431	5.14325	5.12583
-1.7854	1.11135	5.14522	5.12616
-1.7877	1.11792	5.14423	5.12485
-1.77587	1.12219	5.14325	5.12518
-1.77587	1.12646	5.14226	5.12649
-1.76996	1.12876	5.14226	5.12452
-1.76141	1.13172	5.14325	5.12452
-1.75386	1.1442	5.14259	5.12518
-1.7624	1.12646	5.14226	5.12649
-1.77357	1.11003	5.14095	5.12813
-1.7578	1.12712	5.1439	5.12879
-1.7509	1.13796	5.14522	5.12813
-1.75714	1.13172	5.14587	5.12682
-1.76831	1.11956	5.14653	5.12715
-1.76667	1.11989	5.14752	5.12715
-1.76897	1.11891	5.14752	5.12419
-1.77423	1.11529	5.14489	5.12353
-1.76371	1.11923	5.14259	5.12419
-1.75649	1.12778	5.14226	5.12616
-1.7555	1.13566	5.14456	5.12616
-1.74696	1.15373	5.14489	5.12353
-1.7394	1.16589	5.14489	5.12288
-1.74105	1.16819	5.14357	5.1232
-1.74499	1.16786	5.14292	5.12386
-1.73349	1.17114	5.14226	5.12518
-1.72988	1.17673	5.14226	5.12682
-1.71903	1.17903	5.14325	5.1255
-1.70951	1.19184	5.14423	5.12452
-1.70589	1.19414	5.14456	5.12452
-1.70655	1.19118	5.1439	5.12518
-1.70951	1.18396	5.14292	5.12748
-1.69636	1.19381	5.14325	5.1278
-1.69735	1.1902	5.14456	5.12748
-1.70326	1.19316	5.14653	5.1278
-1.69768	1.19217	5.1462	5.12748
-1.69571	1.19907	5.14423	5.12616
-1.68355	1.20137	5.14226	5.12649
-1.69439	1.19053	5.14259	5.12616
-1.68716	1.20597	5.14456	5.1255
-1.67468	1.22174	5.1462	5.12616
-1.67632	1.21484	5.14555	5.12583
-1.67008	1.2224	5.14456	5.12485
-1.6599	1.22798	5.14357	5.12485
-1.67501	1.20827	5.14292	5.12583
-1.67928	1.20433	5.14292	5.12583
-1.67534	1.21254	5.14259	5.12485
-1.67698	1.21057	5.14259	5.12485
-1.68257	1.19118	5.14423	5.12583
-1.68618	1.18034	5.14456	5.12813
-1.69012	1.17804	5.14325	5.12813
-1.69012	1.16819	5.14062	5.12715
-1.69045	1.1649	5.13963	5.12583
-1.69374	1.16457	5.14193	5.12255
-1.69538	1.15603	5.14259	5.12123
-1.68749	1.1557	5.14325	5.1232
-1.69604	1.1419	5.1439	5.12715
-1.68716	1.1373	5.14456	5.12748
-1.69308	1.12285	5.14423	5.12649
-1.69275	1.11628	5.14522	5.12682
-1.69735	1.10938	5.14489	5.12649
-1.70458	1.10511	5.14357	5.1278
-1.69242	1.12778	5.14193	5.12715
-1.69899	1.12153	5.14292	5.12748
-1.70491	1.11661	5.14423	5.1278
-1.72232	1.11069	5.1439	5.12813
-1.72363	1.11233	5.14357	5.1301
-1.74335	1.09196	5.14522	5.12945
-1.73842	1.10051	5.14456	5.12616
-1.74696	1.10248	5.1439	5.12386
-1.75353	1.09295	5.1439	5.12518
-1.74992	1.09164	5.14456	5.12748
-1.76141	1.06962	5.14489	5.1301
-1.76667	1.05583	5.14292	5.12912
-1.77981	1.04597	5.14127	5.12715
-1.78441	1.0417	5.14127	5.12616
-1.78803	1.04663	5.14127	5.12452
-1.7992	1.03513	5.14226	5.12288
-1.81037	1.03184	5.14292	5.12353
-1.813	1.03578	5.14325	5.12452
-1.81694	1.03283	5.14357	5.12583
-1.81135	1.03808	5.14357	5.12715
-1.813	1.0279	5.14555	5.12682
-1.81168	1.02527	5.14587	5.12649
-1.81431	1.02396	5.14292	5.12649
-1.8084	1.02429	5.13963	5.1255
-1.81168	1.00884	5.1393	5.12715
-1.81267	1.01377	5.14127	5.12813
-1.81825	1.00622	5.1439	5.12813
-1.81332	1.00326	5.14686	5.1255
-1.82515	0.999973	5.14785	5.12452
-1.82121	1.0118	5.14587	5.12518
-1.81661	1.01377	5.14522	5.12682
-1.81694	1.00129	5.14555	5.1278
-1.81628	1.0026	5.14555	5.12682
-1.82088	0.992088	5.14456	5.12583
-1.82942	0.984532	5.14456	5.12485
-1.83829	0.96679	5.14423	5.12485
-1.84322	0.954306	5.14292	5.12748
-1.84191	0.956277	5.1416	5.12846
-1.84519	0.957263	5.14193	5.12846
-1.85308	0.955948	5.14259	5.12879
-1.84421	0.963833	5.14292	5.12682
-1.84749	0.966462	5.1439	5.12452
-1.85341	0.950692	5.14522	5.12583
-1.84815	0.960548	5.14555	5.1278
-1.84454	0.968104	5.1462	5.12879
-1.83238	0.975332	5.14555	5.12912
-1.82975	0.977304	5.14522	5.12879
-1.83764	0.968104	5.14489	5.1278
-1.83994	0.966133	5.14357	5.12813
-1.84815	0.956934	5.1439	5.12813
-1.85406	0.951677	5.14292	5.12682
-1.85209	0.956277	5.14193	5.12715
-1.85603	0.947078	5.14259	5.12616
-1.84552	0.957263	5.14456	5.12419
-1.85144	0.960877	5.14587	5.12386
-1.85176	0.968433	5.14522	5.12353
-1.84355	0.967119	5.14292	5.12419
-1.84946	0.963176	5.14226	5.12583
-1.85111	0.975004	5.14193	5.12616
-1.84815	0.974347	5.14226	5.1255
-1.85078	0.974347	5.14193	5.12616
-1.85111	0.965805	5.14127	5.12583
-1.86129	0.960548	5.14062	5.1278
-1.85308	0.972375	5.14193	5.12879
-1.85702	0.962848	5.14259	5.1278
-1.85801	0.960548	5.1416	5.12748
-1.86031	0.96909	5.14259	5.12682
-1.85833	0.972375	5.14325	5.12715
-1.84848	0.981246	5.14456	5.12518
-1.86228	0.971718	5.14292	5.12485
-1.86031	0.98946	5.14062	5.12353
-1.85603	0.986503	5.14259	5.1232
-1.86195	0.983546	5.14489	5.12452
-1.85669	0.98946	5.14522	5.12452
-1.85209	0.994388	5.14489	5.12518
-1.85965	0.980918	5.14357	5.12682
-1.86359	0.973033	5.1439	5.1278
-1.85472	0.988474	5.14489	5.12748
-1.84979	0.998659	5.14489	5.12649
-1.85406	0.998002	5.14292	5.12616
-1.85768	0.987817	5.14357	5.12583
-1.85275	0.977632	5.14456	5.12583
-1.85406	0.975332	5.14587	5.12353
-1.85636	0.968433	5.14555	5.1232
-1.85045	0.968104	5.14357	5.12419
-1.83862	0.988803	5.14193	5.12583
-1.84388	0.978946	5.14095	5.12879
-1.83435	0.996359	5.14095	5.12879
-1.83567	1.0164	5.14357	5.12682
-1.82909	1.01969	5.14587	5.12616
-1.83107	1.02921	5.14456	5.1255
-1.82384	1.03611	5.14357	5.12583
-1.81628	1.04104	5.14127	5.12682
-1.80905	1.04334	5.14062	5.12616
-1.80675	1.0509	5.14193	5.1255
-1.80445	1.04268	5.14259	5.12485
-1.79723	1.05188	5.14522	5.1255
-1.78277	1.07948	5.14752	5.12649
-1.78178	1.08638	5.14719	5.12649
-1.78704	1.08474	5.14587	5.12616
-1.78441	1.08309	5.14357	5.12682
-1.7716	1.10018	5.14423	5.12748
-1.7647	1.10314	5.14423	5.12715
-1.75944	1.10708	5.14325	5.12682
-1.76371	1.10051	5.1416	5.12682
-1.75287	1.11299	5.14095	5.12813
-1.74597	1.1304	5.14226	5.1278
-1.74499	1.12843	5.14423	5.12649
-1.74137	1.13369	5.14522	5.12386
-1.73809	1.13862	5.14325	5.1232
-1.73546	1.1442	5.14095	5.12189
-1.73447	1.14322	5.14095	5.12189
-1.72495	1.14617	5.14226	5.12353
-1.7325	1.15307	5.1416	5.12452
-1.71443	1.16753	5.1416	5.12518
-1.70819	1.1695	5.14292	5.12583
-1.71148	1.17673	5.14456	5.12649
-1.71443	1.16851	5.14555	5.12485
-1.70655	1.1741	5.14555	5.12583
-1.70983	1.1741	5.14357	5.12879
-1.71115	1.1741	5.14325	5.1301
-1.71509	1.18231	5.14357	5.12813
-1.71148	1.18428	5.14522	5.12715
-1.71016	1.18527	5.14489	5.12649
-1.70918	1.1856	5.1416	5.12649
-1.71312	1.18954	5.13996	5.12715
-1.70622	1.1925	5.13865	5.12813
-1.71115	1.19381	5.14029	5.1301
-1.71279	1.19151	5.14193	5.13175
-1.70951	1.1902	5.14423	5.13109
-1.69768	1.19808	5.14423	5.1301
-1.70425	1.19316	5.14259	5.1278
-1.69735	1.18954	5.1416	5.12386
-1.68946	1.19414	5.14193	5.12518
-1.68881	1.19677	5.14456	5.12583
-1.69538	1.18658	5.14587	5.12485
-1.70425	1.1695	5.14423	5.12353
-1.70918	1.15833	5.14095	5.1232
-1.71115	1.158	5.14062	5.12288
-1.71411	1.15176	5.14095	5.12353
-1.71509	1.17344	5.14259	5.12353
-1.7233	1.15866	5.1439	5.12485
-1.72528	1.15997	5.14357	5.12682
-1.72528	1.16359	5.1439	5.12616
-1.72002	1.17246	5.14357	5.12419
-1.71082	1.16983	5.14292	5.1232
-1.71969	1.15439	5.14292	5.12485
-1.7279	1.14322	5.1416	5.12583
-1.7325	1.13139	5.1416	5.12649
-1.74203	1.11431	5.14325	5.1255
-1.744	1.11693	5.14292	5.12419
-1.75452	1.10478	5.14325	5.12583
-1.7532	1.11858	5.14325	5.12748
-1.75846	1.12153	5.14292	5.12715
-1.74794	1.13927	5.14226	5.1255
-1.75057	1.14256	5.14325	5.12452
-1.7532	1.15373	5.14456	5.12518
-1.74827	1.15242	5.14456	5.12748
-1.75222	1.14157	5.14423	5.12748
-1.75386	1.13796	5.14193	5.1278
-1.7509	1.14026	5.14029	5.1278
-1.75682	1.13303	5.1416	5.1278
-1.76766	1.13139	5.14489	5.12682
-1.77587	1.12646	5.14423	5.12616
-1.77751	1.12186	5.14292	5.12419
-1.77521	1.12843	5.14127	5.12649
-1.77226	1.13106	5.14259	5.12682
-1.77423	1.11858	5.14489	5.12616
-1.77489	1.12219	5.14555	5.12649
-1.7762	1.13336	5.14587	5.12583
-1.77751	1.12285	5.14587	5.1255
-1.77948	1.11726	5.14456	5.12485
-1.78343	1.10872	5.1416	5.12485
-1.7785	1.11398	5.14029	5.12616
-1.7762	1.11003	5.1416	5.12748
-1.76996	1.11989	5.14456	5.12715
-1.7647	1.11825	5.14555	5.12583
-1.75583	1.1396	5.14423	5.12649
-1.7624	1.13796	5.14292	5.12715
-1.7624	1.12778	5.14095	5.12748
-1.77193	1.12022	5.1416	5.12715
-1.77029	1.11431	5.14522	5.12715
-1.76437	1.11431	5.14752	5.1278
-1.7601	1.11726	5.1462	5.12879
-1.7647	1.11168	5.14456	5.12682
-1.76667	1.11201	5.14325	5.12452
-1.76339	1.12088	5.1416	5.12353
-1.76963	1.12712	5.13996	5.12616
-1.77587	1.11496	5.13963	5.12682
-1.78441	1.10445	5.14127	5.12748
-1.77981	1.11562	5.1439	5.12748
-1.78573	1.10149	5.14522	5.12748
-1.77653	1.10938	5.1439	5.12715
-1.77686	1.11332	5.14325	5.12485
-1.76339	1.11135	5.14357	5.12419
-1.76569	1.11463	5.14423	5.1255
-1.77357	1.11201	5.14555	5.12682
-1.78474	1.09821	5.14555	5.12715
-1.78277	1.09591	5.14325	5.12682
-1.79033	1.09624	5.14193	5.12452
-1.79295	1.08014	5.14193	5.12386
-1.7969	1.08441	5.14226	5.1232
-1.79887	1.08868	5.14259	5.12255
-1.79985	1.07521	5.14292	5.1232
-1.79525	1.08934	5.14259	5.12386
-1.7969	1.08572	5.14226	5.12222
-1.79723	1.07784	5.14325	5.12288
-1.78868	1.09131	5.14357	5.12419
-1.79066	1.08769	5.1439	5.12452
-1.78803	1.09032	5.14555	5.12386
-1.7877	1.08474	5.1462	5.12386
-1.79	1.07357	5.14522	5.12386
-1.79723	1.06338	5.14259	5.12419
-1.79197	1.07882	5.13865	5.1255
-1.79361	1.08309	5.13832	5.12649
-1.79953	1.07324	5.14127	5.12715
-1.80051	1.0693	5.14325	5.12682
-1.80741	1.06535	5.14456	5.1255
-1.80708	1.07718	5.14456	5.12616
-1.7969	1.08769	5.14555	5.1278
-1.80544	1.08178	5.1462	5.12846
-1.80413	1.08047	5.14653	5.12715
-1.80051	1.07981	5.14489	5.12682
-1.80872	1.06601	5.14325	5.12353
-1.8107	1.06404	5.14357	5.1232
-1.81431	1.05155	5.14357	5.1232
-1.79591	1.07685	5.14325	5.12452
-1.78901	1.08441	5.14325	5.12682
-1.78014	1.09656	5.14292	5.12748
-1.76667	1.10576	5.14292	5.1278
-1.76864	1.10314	5.14325	5.12649
-1.7624	1.11102	5.14423	5.12583
-1.76799	1.10412	5.14357	5.12452
-1.75254	1.12252	5.14226	5.12485
-1.74335	1.12745	5.14127	5.12616
-1.73842	1.13139	5.1416	5.12682
-1.74499	1.13008	5.14325	5.1278
-1.7417	1.14322	5.14423	5.12682
-1.73579	1.13763	5.14456	5.1255
-1.73743	1.13238	5.14555	5.12616
-1.7256	1.14092	5.14555	5.12583
-1.72725	1.13927	5.14555	5.12583
-1.73612	1.12843	5.14292	5.12518
-1.7325	1.13927	5.14127	5.1255
-1.7325	1.1442	5.14127	5.12518
-1.73415	1.13829	5.14325	5.12485
-1.72166	1.1419	5.14456	5.1255
-1.7233	1.13763	5.14456	5.1278
-1.7164	1.15603	5.14259	5.12846
-1.71706	1.15767	5.14062	5.12715
-1.72265	1.1626	5.13963	5.12583
-1.72002	1.1626	5.14029	5.12616
-1.70031	1.1787	5.14127	5.12452
-1.70129	1.181	5.14226	5.12616
-1.69374	1.17049	5.14357	5.1278
-1.69012	1.17147	5.14423	5.12748
-1.70491	1.16194	5.14357	5.12813
-1.69866	1.17574	5.14587	5.12715
-1.70162	1.16753	5.14785	5.12616
-1.70326	1.16194	5.14686	5.1255
-1.71181	1.14847	5.1439	5.12485
-1.71016	1.15472	5.14423	5.12682
-1.70918	1.16194	5.14259	5.12846
-1.70688	1.15932	5.14292	5.12912
-1.69866	1.16424	5.14522	5.1278
-1.69472	1.16917	5.1462	5.12846
-1.70392	1.1511	5.14423	5.12846
-1.70491	1.15603	5.14193	5.12682
-1.69472	1.16589	5.14127	5.12452
-1.69012	1.17213	5.14193	5.12452
-1.69275	1.15932	5.14259	5.1255
-1.69472	1.16063	5.14193	5.12715
-1.68454	1.17509	5.1439	5.12715
-1.68454	1.18166	5.14489	5.12715
-1.68388	1.17476	5.14489	5.12616
-1.67895	1.16457	5.14325	5.12386
-1.67008	1.17936	5.14226	5.12419
-1.66877	1.19151	5.14555	5.12485
-1.65562	1.19776	5.14785	5.12419
-1.65694	1.19874	5.14653	5.12419
-1.66088	1.20071	5.14522	5.12518
-1.65661	1.21812	5.14357	5.12518
-1.66252	1.22174	5.1416	5.12649
-1.66187	1.2155	5.14292	5.12715
-1.66285	1.20991	5.14325	5.12616
-1.65234	1.22371	5.14357	5.12452
-1.64774	1.23159	5.14456	5.12485
-1.65398	1.2247	5.14423	5.12583
-1.64478	1.23192	5.14456	5.12583
-1.63493	1.22732	5.14423	5.12616
-1.63263	1.22535	5.1439	5.12452
-1.63328	1.22798	5.14489	5.12386
-1.64511	1.22174	5.14752	5.12419
-1.64511	1.2201	5.14785	5.12419
-1.65661	1.21911	5.1485	5.12452
-1.66581	1.20695	5.14719	5.12452
-1.65595	1.21057	5.14489	5.12616
-1.66844	1.20465	5.1439	5.12649
-1.66647	1.2086	5.14489	5.12616
-1.66581	1.21747	5.14719	5.12485
-1.66548	1.2247	5.14916	5.12452
-1.67698	1.20104	5.1462	5.1255
-1.68092	1.20827	5.14325	5.12616
-1.68059	1.20794	5.14226	5.12748
-1.67665	1.2155	5.14193	5.12813
-1.67665	1.2201	5.14292	5.12682
-1.68585	1.21681	5.14522	5.12518
-1.69242	1.21353	5.14456	5.12452
-1.69932	1.2017	5.14357	5.12485
-1.70129	1.1925	5.14259	5.12616
-1.70753	1.1833	5.14193	5.12616
-1.70786	1.1925	5.14062	5.12452
-1.71805	1.18166	5.13963	5.12419
-1.72298	1.1787	5.14193	5.1232
-1.7302	1.16654	5.14489	5.12353
-1.73382	1.15734	5.14423	5.12485
-1.74269	1.15077	5.14325	5.12583
-1.75057	1.14355	5.14292	5.1255
-1.75846	1.13599	5.14456	5.12452
-1.75846	1.13238	5.14719	5.12353
-1.76799	1.12909	5.14653	5.12255
-1.77324	1.12712	5.14456	5.12288
-1.77718	1.11431	5.14292	5.12452
-1.7854	1.10412	5.14292	5.12649
-1.78113	1.11233	5.14456	5.12748
-1.78638	1.09985	5.14587	5.12682
-1.7969	1.09689	5.14555	5.12616
-1.80741	1.09394	5.1439	5.12419
-1.80117	1.10314	5.14095	5.12386
-1.80774	1.09952	5.13996	5.1255
-1.81661	1.08999	5.13963	5.12682
-1.81628	1.08966	5.14127	5.12682
-1.81858	1.08539	5.14325	5.12616
-1.82909	1.06798	5.14259	5.12649
-1.82121	1.06831	5.14193	5.12518
-1.82975	1.05944	5.14259	5.12518
-1.82088	1.06338	5.14226	5.12649
-1.82384	1.06371	5.1416	5.12649
-1.82285	1.05648	5.14226	5.12518
-1.81858	1.05517	5.14292	5.12452
-1.81497	1.07127	5.14325	5.12386
-1.813	1.06305	5.14456	5.12452
-1.80741	1.07028	5.1439	5.12419
-1.81135	1.07554	5.14357	5.12419
-1.81267	1.07488	5.14522	5.1255
-1.80708	1.08507	5.14719	5.12485
-1.80314	1.09426	5.14522	5.12353
-1.79854	1.09558	5.14292	5.12288
-1.79558	1.10314	5.14292	5.1232
-1.78047	1.11628	5.14292	5.1255
-1.7739	1.1212	5.14292	5.12748
-1.77916	1.11233	5.14259	5.12846
-1.79033	1.10511	5.14292	5.12813
-1.7831	1.10576	5.14292	5.12583
-1.77456	1.11693	5.14292	5.12419
-1.76141	1.1258	5.14325	5.1232
-1.76996	1.11299	5.14456	5.12222
-1.78244	1.09821	5.14423	5.12419
-1.79295	1.07554	5.1439	5.12748
-1.79591	1.07751	5.1439	5.12813
-1.79033	1.08309	5.14423	5.12452
-1.78671	1.09426	5.14522	5.1232
-1.79328	1.09394	5.14522	5.1255
-1.80084	1.08999	5.14489	5.12715
-1.80248	1.08342	5.14489	5.12945
-1.80281	1.08934	5.14555	5.12945
-1.79493	1.09854	5.14522	5.12846
-1.79328	1.09525	5.14259	5.12583
-1.78704	1.09426	5.14029	5.12353
-1.78934	1.09985	5.14062	5.12419
-1.78474	1.08769	5.14127	5.12518
-1.78376	1.08769	5.1416	5.12616
-1.77916	1.08408	5.14127	5.12518
-1.77718	1.09722	5.14226	5.12583
-1.76996	1.09886	5.14357	5.12485
-1.76831	1.11595	5.1439	5.12485
-1.77423	1.10346	5.14292	5.12583
-1.7739	1.10511	5.1416	5.12452
-1.77686	1.10215	5.14127	5.12419
-1.77259	1.10675	5.14292	5.12616
-1.78211	1.10839	5.14423	5.12682
-1.77489	1.11332	5.14456	5.12386
-1.77718	1.11398	5.14325	5.12386
-1.77521	1.11529	5.14357	5.1232
-1.7808	1.11201	5.14522	5.12386
-1.78014	1.11102	5.1462	5.12386
-1.77948	1.11956	5.14522	5.1255
-1.78408	1.10478	5.14325	5.1255
-1.78277	1.11332	5.14095	5.12452
-1.77653	1.11233	5.14127	5.12353
-1.7739	1.11036	5.14127	5.12583
-1.77653	1.10938	5.14292	5.12879
-1.79427	1.09689	5.1439	5.12879
-1.7946	1.10116	5.1439	5.12616
-1.79591	1.10215	5.1439	5.12452
-1.78638	1.11299	5.1439	5.12485
-1.78507	1.11135	5.14456	5.1255
-1.78178	1.12088	5.14686	5.12748
-1.78277	1.1304	5.14587	5.13142
-1.78507	1.12219	5.14325	5.13142
-1.7739	1.13369	5.1439	5.12846
-1.77456	1.13632	5.14522	5.12649
-1.7808	1.11595	5.14226	5.12518
-1.78277	1.10543	5.1393	5.1232
-1.78244	1.10314	5.1393	5.12189
-1.7785	1.10741	5.14029	5.12189
-1.77784	1.10806	5.14259	5.12353
-1.77587	1.12088	5.1439	5.12518
-1.77127	1.1327	5.14325	5.12583
-1.76207	1.1442	5.14193	5.12616
-1.76273	1.13566	5.14029	5.12649
-1.75616	1.14059	5.14029	5.12846
-1.74696	1.15176	5.14226	5.12912
-1.73546	1.15176	5.14423	5.1278
-1.7233	1.15932	5.14522	5.12813
-1.71509	1.17081	5.14357	5.1278
-1.71739	1.16392	5.14259	5.12649
-1.71805	1.16654	5.1416	5.12616
-1.72856	1.16063	5.14193	5.12616
-1.73283	1.15176	5.14127	5.12748
-1.7279	1.14486	5.14226	5.12715
-1.71936	1.15012	5.14325	5.12682
-1.72593	1.14157	5.1439	5.1255
-1.71411	1.15274	5.14292	5.1255
-1.71049	1.15537	5.1416	5.12518
-1.71476	1.15603	5.1416	5.12485
-1.70786	1.15702	5.14325	5.12485
-1.71049	1.15833	5.14555	5.12386
-1.70162	1.16424	5.14522	5.12288
-1.70228	1.15734	5.14292	5.12222
-1.69735	1.1718	5.14226	5.12255
-1.70589	1.17344	5.14193	5.1255
-1.71181	1.17837	5.14325	5.1278
-1.71082	1.18133	5.14357	5.12846
-1.71181	1.17279	5.14456	5.12748
-1.70983	1.18724	5.14555	5.12353
-1.70195	1.20005	5.14587	5.12058
-1.70162	1.19283	5.14325	5.12288
-1.69472	1.18363	5.14259	5.12518
-1.67862	1.20465	5.14062	5.12748
-1.67731	1.19973	5.14127	5.12748
-1.67205	1.21057	5.14292	5.12715
-1.68257	1.22042	5.14325	5.12518
-1.67468	1.22207	5.14226	5.12485
-1.66942	1.23521	5.14226	5.12583
-1.66975	1.23718	5.14259	5.12748
-1.67139	1.24769	5.14357	5.12748
-1.66285	1.25164	5.1439	5.12649
-1.66581	1.24999	5.14423	5.12518
-1.66252	1.25328	5.14292	5.12452
-1.66384	1.26215	5.14193	5.1232
-1.67337	1.26543	5.14062	5.1232
-1.67665	1.26116	5.14029	5.1255
-1.67337	1.25952	5.14127	5.12715
-1.67337	1.24112	5.14325	5.12649
-1.67238	1.24079	5.14456	5.12649
-1.67041	1.23948	5.14522	5.12748
-1.67107	1.22667	5.14423	5.12813
-1.65825	1.23291	5.14029	5.12912
-1.65825	1.23685	5.13865	5.12846
-1.65694	1.24342	5.14029	5.12748
-1.64741	1.24277	5.14292	5.12649
-1.64281	1.24868	5.14522	5.12485
-1.64051	1.25164	5.14555	5.1255
-1.64084	1.24769	5.14555	5.12813
-1.64873	1.23554	5.14423	5.12977
-1.65924	1.22174	5.1439	5.12879
-1.67337	1.21582	5.14522	5.12748
-1.67567	1.21057	5.1439	5.12682
-1.6668	1.21517	5.14423	5.12583
-1.66581	1.20991	5.1462	5.12616
-1.66647	1.20663	5.1462	5.12682
-1.67337	1.18954	5.14325	5.12649
-1.69242	1.18823	5.14193	5.12748
-1.69045	1.18626	5.14325	5.12649
-1.69505	1.181	5.1439	5.12518
-1.70523	1.17509	5.14456	5.12419
-1.721	1.15932	5.14423	5.12485
-1.72955	1.17081	5.14292	5.12649
-1.74072	1.1557	5.14127	5.12879
-1.74302	1.15307	5.14029	5.1301
-1.75024	1.15439	5.14259	5.12846
-1.74564	1.1488	5.14522	5.12583
-1.73612	1.15603	5.14653	5.12518
-1.73809	1.14749	5.14587	5.12583
-1.74269	1.14059	5.14555	5.12748
-1.73743	1.16063	5.14522	5.12649
-1.73645	1.1557	5.14489	5.12616
-1.74696	1.16194	5.14555	5.12583
-1.74466	1.16687	5.14653	5.1255
-1.7578	1.14387	5.14587	5.12682
-1.75747	1.15012	5.14357	5.12912
-1.7509	1.15439	5.14226	5.12945
-1.74926	1.16194	5.1416	5.12912
-1.75879	1.16063	5.14193	5.1278
-1.767	1.15176	5.1439	5.12649
-1.75682	1.15997	5.14522	5.1255
-1.75222	1.16392	5.1462	5.12583
-1.75222	1.16851	5.14587	5.12518
-1.74367	1.181	5.14522	5.12682
-1.73447	1.18199	5.1439	5.12649
-1.73447	1.17739	5.1439	5.1255
-1.74105	1.17081	5.1416	5.12518
-1.75386	1.15669	5.14259	5.12485
-1.75517	1.15702	5.1439	5.12485
-1.75714	1.15932	5.14423	5.12583
-1.75747	1.15636	5.14193	5.1278
-1.75189	1.15997	5.14029	5.12682
-1.74893	1.15767	5.14259	5.12485
-1.75912	1.1442	5.14489	5.12156
-1.75682	1.14749	5.14522	5.11992
-1.7555	1.14913	5.1462	5.12222
-1.74992	1.14453	5.14555	5.12452
-1.7463	1.15045	5.14292	5.1255
-1.744	1.15932	5.14226	5.12616
-1.74072	1.1626	5.14226	5.12518
-1.74137	1.15997	5.14489	5.12518
-1.7417	1.16227	5.14686	5.12485
-1.72068	1.18658	5.1462	5.12419
-1.72265	1.1879	5.14325	5.12353
-1.72035	1.1902	5.14062	5.1255
-1.70786	1.20663	5.14029	5.12682
-1.71246	1.19513	5.1393	5.12715
-1.71115	1.2086	5.14062	5.12813
-1.70425	1.19973	5.14193	5.12583
-1.70491	1.2017	5.14226	5.12419
-1.69834	1.2224	5.14226	5.12386
-1.69604	1.23291	5.1416	5.12485
-1.68979	1.24342	5.14357	5.12715
-1.68618	1.24868	5.1462	5.12813
-1.68027	1.25065	5.1462	5.12748
-1.67534	1.24638	5.14555	5.12682
-1.67369	1.24441	5.14423	5.12813
-1.66318	1.26609	5.14325	5.12945
-1.66187	1.27036	5.14456	5.12748
-1.65332	1.2835	5.14522	5.12485
-1.65858	1.27792	5.14423	5.12288
-1.66022	1.27398	5.14325	5.1232
-1.65398	1.27365	5.14259	5.12386
-1.6392	1.28482	5.14127	5.12419
-1.63887	1.29402	5.14127	5.12419
-1.62934	1.30322	5.1416	5.12485
-1.63427	1.29993	5.14259	5.12386
-1.6392	1.2904	5.14423	5.12255
-1.63723	1.2904	5.14423	5.12189
-1.6346	1.28679	5.14357	5.1232
-1.6231	1.30059	5.14292	5.1255
-1.62014	1.28745	5.14259	5.12616
-1.62047	1.28745	5.14292	5.1255
-1.6231	1.2881	5.1439	5.1255
-1.6208	1.29238	5.14522	5.12649
-1.63394	1.29172	5.14522	5.12748
-1.64183	1.28745	5.14587	5.12846
-1.65004	1.28186	5.14555	5.12748
-1.6507	1.27365	5.14522	5.12682
-1.65891	1.26182	5.14456	5.12682
-1.65628	1.26215	5.14456	5.12649
-1.66055	1.26084	5.1439	5.12748
-1.66154	1.26084	5.14292	5.12748
-1.67402	1.24999	5.14357	5.12748
-1.67501	1.24441	5.14226	5.12616
-1.67337	1.24539	5.14259	5.12583
-1.65825	1.25065	5.14357	5.1255
-1.65957	1.24638	5.14456	5.12518
-1.65957	1.24112	5.14653	5.12419
-1.65858	1.23817	5.14686	5.12353
-1.6668	1.23192	5.14587	5.12353
-1.68618	1.21911	5.14226	5.12485
-1.69571	1.21057	5.14127	5.12682
-1.69012	1.2086	5.14062	5.1301
-1.68388	1.21188	5.14193	5.12879
-1.68257	1.22338	5.14423	5.1255
-1.69242	1.2132	5.14456	5.12386
-1.69834	1.20465	5.14357	5.12485
-1.69768	1.19546	5.14127	5.1255
-1.70228	1.18199	5.14127	5.12452
-1.70983	1.17969	5.1416	5.1232
-1.71443	1.16194	5.14259	5.12419
-1.72298	1.14617	5.14423	5.12452
-1.71772	1.14683	5.14489	5.12485
-1.72528	1.13402	5.14259	5.12485
-1.72955	1.12975	5.14127	5.12518
-1.72298	1.14092	5.14226	5.12518
-1.72462	1.12745	5.14423	5.12616
-1.72363	1.12712	5.14357	5.12682
-1.73513	1.12285	5.14292	5.1255
-1.74302	1.12153	5.14325	5.12386
-1.74532	1.12153	5.14423	5.12419
-1.75254	1.11398	5.14259	5.12452
-1.74729	1.11266	5.1416	5.12353
-1.75156	1.10182	5.14292	5.1232
-1.744	1.09164	5.14522	5.12452
-1.75353	1.08539	5.14555	5.12485
-1.76306	1.07784	5.14522	5.12485
-1.75452	1.07685	5.1439	5.12518
-1.76076	1.06535	5.14325	5.12485
-1.77456	1.05944	5.14423	5.12485
-1.78573	1.05878	5.1439	5.12583
-1.7923	1.06075	5.14325	5.12518
-1.79493	1.0486	5.14292	5.1255
-1.80478	1.04104	5.14555	5.12485
-1.8107	1.02429	5.14423	5.12386
-1.79788	1.03118	5.1416	5.1232
-1.80281	1.02461	5.14193	5.12288
-1.80347	1.03841	5.14193	5.12123
-1.81135	1.02297	5.14193	5.12222
-1.81562	1.02396	5.14292	5.12353
-1.813	1.0325	5.14423	5.12583
-1.81595	1.02856	5.1439	5.12945
-1.80708	1.03348	5.14127	5.1301
-1.79985	1.04104	5.14029	5.12912
-1.80807	1.04235	5.14325	5.12813
-1.80938	1.04334	5.14587	5.12649
-1.80117	1.04465	5.14785	5.12682
-1.79854	1.03086	5.14587	5.12879
-1.8015	1.03578	5.1439	5.1301
-1.80478	1.02757	5.1439	5.13076
-1.79788	1.0371	5.14456	5.12715
-1.79591	1.02921	5.14522	5.12485
-1.7969	1.03644	5.14555	5.12419
-1.79558	1.03118	5.14489	5.12222
-1.79723	1.04301	5.14325	5.12222
-1.79591	1.03118	5.14127	5.1255
-1.78901	1.03578	5.1416	5.12813
-1.79098	1.0302	5.14226	5.12748
-1.79263	1.0233	5.14489	5.12748
-1.7969	1.03118	5.14587	5.12485
-1.79657	1.02724	5.14522	5.1232
-1.79755	1.01574	5.14226	5.1232
-1.79558	1.021	5.14062	5.12419
-1.80183	1.03118	5.1416	5.1255
-1.8084	1.0325	5.14522	5.12583
-1.82121	1.02363	5.14752	5.12518
-1.82318	1.0187	5.14883	5.1232
-1.8199	1.03118	5.14587	5.12452
-1.82877	1.01673	5.14292	5.1255
-1.82318	1.01673	5.13996	5.12715
-1.82515	1.01936	5.14029	5.12715
-1.81858	1.02593	5.14193	5.12583
-1.81562	1.03578	5.14292	5.1255
-1.81431	1.03053	5.14423	5.12715
-1.8084	1.04071	5.14456	5.12813
-1.81562	1.04038	5.14259	5.13109
-1.80544	1.04991	5.14127	5.13109
-1.81924	1.03447	5.14292	5.12879
-1.82909	1.02724	5.14292	5.12682
-1.82285	1.03283	5.14259	5.12649
-1.82811	1.0256	5.14292	5.12583
-1.82745	1.03644	5.14226	5.12353
-1.81267	1.05747	5.14127	5.12386
-1.813	1.0647	5.14127	5.1255
-1.81891	1.05681	5.14193	5.12616
-1.81825	1.05484	5.14259	5.12748
-1.81694	1.06437	5.14357	5.12715
-1.81267	1.07554	5.1439	5.1255
-1.80872	1.08079	5.14357	5.12386
-1.80872	1.08507	5.14325	5.12419
-1.80643	1.08211	5.14423	5.1278
-1.80938	1.08112	5.14555	5.13109
-1.80774	1.07817	5.14456	5.12945
-1.80248	1.08999	5.14259	5.1255
-1.7854	1.10018	5.14062	5.12353
-1.78211	1.10018	5.14193	5.12452
-1.77259	1.09525	5.14259	5.12583
-1.77554	1.09131	5.1416	5.12715
-1.767	1.09755	5.14357	5.12715
-1.76339	1.10543	5.14357	5.12649
-1.76207	1.11102	5.14325	5.12353
-1.75879	1.10018	5.14456	5.12288
-1.75287	1.10281	5.14587	5.12452
-1.75484	1.09689	5.14555	5.12616
-1.75189	1.10018	5.14292	5.12583
-1.7509	1.10872	5.14226	5.12386
-1.74597	1.11003	5.14259	5.1232
-1.7348	1.12482	5.14357	5.12353
-1.72659	1.12942	5.14325	5.12485
-1.71246	1.13336	5.14226	5.12616
-1.71838	1.13599	5.14226	5.12715
-1.70589	1.13073	5.14423	5.12813
-1.70458	1.1258	5.14555	5.1278
-1.69899	1.1258	5.14686	5.1255
-1.70096	1.11923	5.14653	5.12485
-1.69965	1.11923	5.1439	5.12452
-1.69505	1.12679	5.14193	5.12518
-1.69899	1.13468	5.14127	5.12748
-1.71509	1.12449	5.14095	5.12682
-1.71213	1.11891	5.14029	5.12485
-1.70688	1.12515	5.13996	5.12386
-1.71279	1.1304	5.14029	5.12386
-1.72265	1.11299	5.14259	5.12386
-1.73546	1.10445	5.14522	5.1255
-1.74466	1.10412	5.14555	5.12649
-1.73283	1.11003	5.14423	5.12649
-1.73316	1.12449	5.14193	5.12616
-1.73776	1.11759	5.1416	5.12518
-1.74893	1.11332	5.14325	5.1255
-1.75879	1.10806	5.14292	5.12518
-1.77094	1.10116	5.14193	5.1255
-1.77291	1.10511	5.14259	5.12485
-1.77948	1.10543	5.14226	5.12485
-1.78573	1.09656	5.14325	5.1255
-1.76766	1.11135	5.14423	5.12518
-1.767	1.11233	5.14555	5.12288
-1.77324	1.10511	5.14587	5.12452
-1.76601	1.11332	5.14522	5.12682
-1.75977	1.11102	5.14489	5.12715
-1.7647	1.10741	5.1439	5.12518
-1.77193	1.10248	5.14292	5.12386
-1.76897	1.11628	5.14357	5.12222
-1.77751	1.11201	5.14653	5.12353
-1.76601	1.11529	5.14587	5.12485
-1.767	1.11989	5.14489	5.12583
-1.77094	1.11398	5.14489	5.12485
-1.7808	1.10576	5.14423	5.12386
-1.78178	1.09361	5.14423	5.12288
-1.77686	1.10182	5.14456	5.12189
-1.77521	1.10675	5.14456	5.1232
-1.77817	1.10511	5.14292	5.12583
-1.77948	1.10971	5.14193	5.1278
-1.77751	1.10314	5.14062	5.12682
-1.77883	1.09821	5.13996	5.12485
-1.77784	1.10543	5.14127	5.12419
-1.76437	1.11661	5.14292	5.12452
-1.75813	1.12022	5.14292	5.12616
-1.74236	1.1212	5.14325	5.1278
-1.74466	1.13073	5.14325	5.12748
-1.75386	1.12153	5.14292	5.12583
-1.75747	1.10773	5.14292	5.12452
-1.75714	1.10445	5.14292	5.12518
-1.75156	1.10248	5.14292	5.12518
-1.74203	1.11233	5.14259	5.12649
-1.74564	1.10741	5.14259	5.12748
-1.74367	1.11562	5.14259	5.12846
-1.74729	1.10773	5.14325	5.12715
-1.7417	1.10379	5.14193	5.12583
-1.73776	1.10116	5.1393	5.12386
-1.74663	1.08638	5.13733	5.12485
-1.73579	1.10215	5.13766	5.12715
-1.73842	1.09886	5.13865	5.12879
-1.7325	1.09591	5.14062	5.12912
-1.7348	1.08671	5.14259	5.12846
-1.74302	1.06765	5.14456	5.12813
-1.74335	1.0578	5.1462	5.12748
-1.74762	1.04991	5.14522	5.12583
-1.75616	1.04695	5.14325	5.12583
-1.75616	1.0532	5.14127	5.12649
-1.76766	1.0417	5.14193	5.12616
-1.77094	1.0417	5.14193	5.1255
-1.77587	1.04498	5.14325	5.12485
-1.77948	1.0394	5.14456	5.1255
-1.78047	1.05221	5.14489	5.12583
-1.77817	1.05188	5.1439	5.12616
-1.77948	1.05353	5.14325	5.12748
-1.7946	1.02987	5.14292	5.12715
-1.79394	1.04203	5.14423	5.1255
-1.77948	1.04334	5.14456	5.12452
-1.77587	1.0509	5.14357	5.12419
-1.78803	1.04203	5.14193	5.12419
-1.7992	1.03217	5.14095	5.12419
-1.79887	1.0233	5.1416	5.12583
-1.79493	1.02034	5.1439	5.1278
-1.79985	1.0233	5.1462	5.12715
-1.79591	1.00884	5.14555	5.12616
-1.79723	1.01114	5.14357	5.12616
-1.7992	1.02067	5.14127	5.1255
-1.8038	1.01476	5.14029	5.12419
-1.79887	1.01213	5.13996	5.12386
-1.79525	1.01903	5.14062	5.12485
-1.80675	1.02001	5.14259	5.12682
-1.80675	1.02856	5.14489	5.12879
-1.80577	1.02231	5.14522	5.12945
-1.79066	1.02724	5.14325	5.12945
-1.78901	1.03381	5.14325	5.12977
-1.7854	1.03874	5.14423	5.12748
-1.7785	1.04104	5.14555	5.1255
-1.77751	1.03118	5.14555	5.12518
-1.77094	1.02264	5.14555	5.12485
-1.76273	1.02691	5.14555	5.12649
-1.75123	1.03677	5.1439	5.1278
-1.74335	1.05287	5.1416	5.12748
-1.73973	1.04728	5.14292	5.12682
-1.73382	1.05451	5.14587	5.12616
-1.7302	1.06042	5.14686	5.12616
-1.71509	1.0624	5.14489	5.12616
-1.70359	1.08408	5.14292	5.12649
-1.69078	1.10051	5.14292	5.12649
-1.68716	1.10872	5.14325	5.12682
-1.68388	1.10543	5.14456	5.12715
-1.67172	1.12219	5.14522	5.12649
-1.66581	1.12778	5.14522	5.12682
-1.66121	1.13303	5.14456	5.12715
-1.66088	1.13993	5.14292	5.12616
-1.65267	1.15833	5.13963	5.1255
-1.64511	1.1649	5.1393	5.12583
-1.64347	1.17246	5.13996	5.12616
-1.62376	1.19907	5.14029	5.12682
-1.62179	1.204	5.14062	5.12518
-1.61784	1.20531	5.14193	5.12452
-1.61521	1.20433	5.14029	5.12485
-1.59846	1.2201	5.13996	5.12616
-1.61357	1.2132	5.13897	5.12748
-1.62343	1.19677	5.13963	5.12649
-1.63953	1.18954	5.14062	5.12485
-1.6415	1.16983	5.14259	5.12419
-1.65168	1.15997	5.14489	5.12616
-1.65431	1.1718	5.14555	5.12682
-1.6507	1.18133	5.14555	5.12748
-1.64938	1.18626	5.14489	5.1278
-1.6461	1.1948	5.14357	5.12616
-1.64905	1.20728	5.1439	5.12485
-1.6576	1.20104	5.14325	5.12353
-1.66022	1.19907	5.14423	5.12353
-1.65694	1.20235	5.14292	5.12583
-1.66022	1.21353	5.14259	5.12813
-1.65924	1.20991	5.14292	5.12879
-1.66515	1.20334	5.14292	5.12715
-1.66745	1.20334	5.14226	5.12583
-1.66318	1.20005	5.14095	5.12386
-1.66877	1.19053	5.13996	5.12386
-1.67665	1.19973	5.13996	5.12419
-1.66417	1.20564	5.14193	5.12649
-1.66712	1.20564	5.1439	5.1278
-1.67172	1.204	5.14489	5.12813
-1.66515	1.20104	5.14423	5.12419
-1.66055	1.19907	5.14325	5.1232
-1.65792	1.19184	5.1416	5.1255
-1.66022	1.17607	5.13996	5.12583
-1.6622	1.17541	5.13963	5.12682
-1.66712	1.1856	5.14095	5.12879
-1.66022	1.19086	5.14226	5.12813
-1.6599	1.18593	5.14325	5.12682
-1.65365	1.1833	5.14259	5.12485
-1.64018	1.1856	5.14226	5.12452
-1.6392	1.20137	5.14325	5.12583
-1.63328	1.21221	5.14522	5.12485
-1.63296	1.2224	5.14555	5.12419
-1.63164	1.21418	5.1439	5.12452
-1.62934	1.1994	5.14292	5.12452
-1.63066	1.20334	5.14226	5.12518
-1.62934	1.20433	5.14193	5.12616
-1.62737	1.21254	5.1416	5.12715
-1.61521	1.23028	5.14029	5.12649
-1.61751	1.22667	5.14193	5.12616
-1.60963	1.23915	5.14325	5.12222
-1.61489	1.24934	5.1439	5.11959
-1.6139	1.25032	5.14489	5.12123
-1.60536	1.25394	5.1439	5.12485
-1.59419	1.27036	5.14259	5.12813
-1.59682	1.26806	5.14259	5.12945
-1.59517	1.25229	5.14357	5.12813
-1.60404	1.24999	5.14357	5.12649
-1.61719	1.25131	5.14259	5.1255
-1.62507	1.23225	5.14292	5.12649
-1.63558	1.22634	5.14259	5.12715
-1.62573	1.21484	5.14292	5.12748
-1.63624	1.21681	5.14357	5.12682
-1.64018	1.21845	5.14456	5.12616
-1.63723	1.22338	5.14489	5.12715
-1.6507	1.22108	5.14259	5.12748
-1.64873	1.21977	5.14095	5.12715
-1.65497	1.21977	5.14226	5.12748
-1.67402	1.20597	5.14489	5.12649
-1.67534	1.20268	5.14587	5.12682
-1.68158	1.20794	5.1462	5.12649
-1.68749	1.20367	5.14653	5.12518
-1.69472	1.20663	5.14653	5.12255
-1.69899	1.20827	5.14456	5.12353
-1.70228	1.20038	5.14325	5.12518
-1.70852	1.19217	5.1439	5.12682
-1.72035	1.18133	5.14587	5.12715
-1.72495	1.17246	5.14522	5.12583
-1.72462	1.18297	5.1439	5.1255
-1.73217	1.17673	5.14325	5.12518
-1.7394	1.1787	5.14423	5.12452
-1.74072	1.17443	5.14522	5.12452
-1.75484	1.15833	5.14456	5.1255
-1.75977	1.15439	5.14489	5.12616
-1.76404	1.14749	5.14522	5.12419
-1.75944	1.15472	5.14522	5.12189
-1.75879	1.1511	5.14456	5.12353
-1.75977	1.1626	5.14423	5.12583
-1.75189	1.16392	5.14325	5.12715
-1.74499	1.17311	5.14292	5.12583
-1.73645	1.17837	5.14423	5.12518
-1.73842	1.17081	5.14456	5.12419
-1.7463	1.16392	5.14226	5.12485
-1.7348	1.18527	5.13963	5.12649
-1.72528	1.19414	5.13963	5.12682
-1.71016	1.20761	5.14193	5.1255
-1.70655	1.20925	5.14357	5.12616
-1.70721	1.2063	5.14423	5.12682
-1.71246	1.20203	5.14226	5.12583
-1.71739	1.20925	5.14226	5.12485
-1.72298	1.20334	5.14292	5.12419
-1.72133	1.20663	5.1439	5.12682
-1.71805	1.2109	5.14062	5.12846
-1.71246	1.21057	5.13832	5.12682
-1.71805	1.20958	5.14062	5.1255
-1.70819	1.20564	5.14259	5.12485
-1.70458	1.20925	5.14423	5.12682
-1.70392	1.2086	5.14357	5.12846
-1.69965	1.21648	5.14292	5.12879
-1.68848	1.21944	5.14127	5.12945
-1.68651	1.21747	5.14062	5.13043
-1.68519	1.22535	5.14127	5.12977
-1.68749	1.21977	5.14193	5.12518
-1.68289	1.22108	5.14292	5.12222
-1.67107	1.22535	5.1416	5.12189
-1.66811	1.22601	5.14292	5.12485
-1.68191	1.22042	5.1439	5.12649
-1.68388	1.21484	5.1439	5.12748
-1.69439	1.20137	5.14325	5.12583
-1.69242	1.20203	5.1462	5.12616
-1.69176	1.19283	5.14653	5.12748
-1.69505	1.20005	5.14456	5.12846
-1.71082	1.18921	5.1439	5.12813
-1.70195	1.20827	5.14555	5.12748
-1.71213	1.2017	5.14587	5.1278
-1.72035	1.20268	5.14587	5.12682
-1.72199	1.21517	5.14587	5.12649
-1.71608	1.21287	5.14522	5.12682
-1.72758	1.1971	5.1439	5.12649
-1.73382	1.1879	5.1439	5.12748
-1.74597	1.17311	5.14357	5.1278
-1.7486	1.18001	5.14489	5.12616
-1.7509	1.17344	5.14522	5.12353
-1.75747	1.17016	5.14456	5.12189
-1.75616	1.17049	5.14292	5.1232
-1.74729	1.19086	5.1416	5.12583
-1.7509	1.19086	5.14259	5.12649
-1.75156	1.18888	5.14522	5.12616
-1.76536	1.1672	5.1462	5.12386
-1.76996	1.15932	5.14587	5.12353
-1.76306	1.16326	5.14325	5.12419
-1.74794	1.17443	5.14029	5.1255
-1.75024	1.16424	5.14029	5.12649
-1.74433	1.1764	5.14325	5.12748
-1.7394	1.18001	5.14555	5.12715
-1.73546	1.18658	5.14653	5.12649
-1.7279	1.18823	5.14653	5.12649
-1.71739	1.20958	5.1462	5.12616
-1.71443	1.20925	5.1439	5.12583
-1.71542	1.20794	5.14325	5.12485
-1.70031	1.23192	5.14423	5.12419
-1.69505	1.24277	5.14522	5.12485
-1.68059	1.24736	5.14456	5.12353
-1.68257	1.24539	5.14292	5.12255
-1.67041	1.26248	5.14127	5.1232
-1.6668	1.25722	5.14226	5.12452
-1.66712	1.25624	5.1439	5.1255
-1.6576	1.25854	5.14489	5.12649
-1.65628	1.27003	5.14456	5.12518
-1.653	1.27496	5.14555	5.12353
-1.64347	1.28153	5.14653	5.12255
-1.65103	1.27069	5.14719	5.12419
-1.64478	1.27398	5.14587	5.12616
-1.63723	1.26543	5.14325	5.12879
-1.64084	1.26281	5.14292	5.12912
-1.65004	1.26084	5.14423	5.12616
-1.6415	1.26872	5.14555	5.12485
-1.6415	1.27299	5.1462	5.12419
-1.6484	1.25788	5.14292	5.12518
-1.65924	1.26346	5.1416	5.12649
-1.67074	1.25525	5.13996	5.1278
-1.66778	1.25919	5.14062	5.12649
-1.66515	1.26051	5.14226	5.12682
-1.66351	1.26675	5.1439	5.12485
-1.66022	1.25919	5.14456	5.12288
-1.66548	1.26051	5.14325	5.12189
-1.66515	1.26281	5.14259	5.12255
-1.65924	1.25722	5.14226	5.12386
-1.65628	1.25032	5.14522	5.1255
-1.64971	1.25854	5.1462	5.12485
-1.653	1.26675	5.1462	5.12518
-1.65792	1.27496	5.14489	5.12452
-1.65562	1.27266	5.1439	5.12452
-1.65957	1.25985	5.14325	5.12649
-1.65891	1.26379	5.14423	5.12846
-1.66811	1.25985	5.14489	5.1278
-1.68716	1.25098	5.14456	5.1255
-1.68684	1.24244	5.14423	5.1255
-1.69209	1.24539	5.1416	5.12583
-1.69341	1.24704	5.14029	5.12682
-1.69866	1.23948	5.14029	5.12879
-1.70721	1.23488	5.13963	5.12813
-1.7233	1.2224	5.14095	5.12846
-1.72922	1.21747	5.14226	5.12748
-1.73283	1.20827	5.14522	5.12583
-1.73842	1.1971	5.14522	5.12485
-1.73513	1.20991	5.14456	5.12452
-1.73842	1.21353	5.14259	5.1232
-1.7371	1.21582	5.14259	5.12353
-1.73809	1.21648	5.14292	5.12452
-1.73579	1.21254	5.14325	5.1232
-1.73842	1.2063	5.14325	5.12222
-1.73316	1.21254	5.14325	5.12123
-1.74105	1.20235	5.14292	5.12386
-1.74597	1.19118	5.14259	5.12682
-1.74367	1.18954	5.1439	5.12846
-1.73152	1.20663	5.14522	5.12813
-1.72396	1.20203	5.14555	5.1255
-1.7279	1.19611	5.14522	5.12452
-1.72856	1.20005	5.1439	5.12583
-1.73645	1.1856	5.14226	5.12879
-1.74367	1.16819	5.1439	5.1301
-1.74663	1.16424	5.1462	5.12879
-1.75057	1.15932	5.14785	5.12583
-1.74663	1.15899	5.14719	5.12419
-1.744	1.15504	5.14522	5.12288
-1.74992	1.14289	5.14292	5.12353
-1.73415	1.14256	5.14127	5.12452
-1.74039	1.13993	5.14259	5.12583
-1.744	1.12843	5.14456	5.12715
-1.74466	1.13139	5.14653	5.12715
-1.75189	1.11496	5.14653	5.1255
-1.74105	1.12679	5.14522	5.12518
-1.73349	1.12712	5.14259	5.12616
-1.73546	1.10445	5.14095	5.12649
-1.74039	1.08999	5.14029	5.12583
-1.74466	1.07817	5.14127	5.12452
-1.74302	1.05911	5.1416	5.12386
-1.73973	1.07028	5.14292	5.12386
-1.73447	1.06535	5.14127	5.12452
-1.7417	1.06535	5.14193	5.12583
-1.7463	1.06831	5.14423	5.12452
-1.75123	1.06864	5.14489	5.12353
-1.767	1.0624	5.14522	5.12452
-1.77948	1.0578	5.14555	5.12386
-1.78343	1.06535	5.14522	5.12452
-1.77686	1.06305	5.14357	5.1255
-1.79295	1.04991	5.14489	5.12748
-1.80643	1.04695	5.14423	5.1278
-1.81398	1.04695	5.14325	5.12813
-1.81661	1.04433	5.14357	5.12682
-1.82022	1.03907	5.14456	5.12485
-1.83172	1.03808	5.14456	5.1255
-1.83632	1.03841	5.14292	5.12715
-1.83961	1.03578	5.14062	5.12715
-1.83238	1.04268	5.14193	5.12583
-1.82844	1.04794	5.14357	5.12485
-1.83008	1.0601	5.14522	5.12353
-1.82942	1.06272	5.14555	5.12452
-1.83402	1.05747	5.1439	5.12682
-1.83271	1.05583	5.14325	5.12813
-1.82975	1.05648	5.14325	5.12813
-1.83041	1.04893	5.14357	5.12945
-1.82844	1.0509	5.14489	5.12813
-1.82614	1.06272	5.14522	5.12682
-1.82187	1.05845	5.14357	5.12518
-1.83632	1.04301	5.1439	5.1255
-1.83928	1.0348	5.14555	5.12583
-1.82877	1.0486	5.1462	5.1255
-1.83698	1.03546	5.14653	5.12583
-1.84782	1.02231	5.14587	5.12715
-1.84815	1.01804	5.1439	5.12715
-1.83797	1.02823	5.14226	5.12748
-1.83139	1.03381	5.14325	5.12846
-1.83961	1.02921	5.14456	5.12813
-1.83567	1.0371	5.14292	5.12649
-1.82351	1.03546	5.14325	5.1255
-1.82548	1.02297	5.14555	5.12452
-1.82088	1.02001	5.14653	5.12485
-1.813	1.02067	5.14587	5.12583
-1.80051	1.04334	5.14489	5.12682
-1.7969	1.0509	5.14325	5.12682
-1.78507	1.06371	5.14456	5.12715
-1.77423	1.06667	5.1462	5.12649
-1.77916	1.0578	5.1462	5.12485
-1.76076	1.07192	5.1439	5.12452
-1.73579	1.09755	5.14423	5.12583
-1.72659	1.10576	5.14522	5.12616
-1.7233	1.11332	5.14555	5.12715
-1.71936	1.11365	5.14522	5.1255
-1.71706	1.11266	5.14686	5.12353
-1.71772	1.12482	5.14752	5.1232
-1.70523	1.12942	5.14555	5.12452
-1.71049	1.13238	5.14325	5.1255
-1.71542	1.12022	5.14193	5.12682
-1.72265	1.12383	5.14259	5.12715
-1.72199	1.11989	5.14292	5.12846
-1.72298	1.11858	5.14259	5.12748
-1.72166	1.1304	5.14259	5.12649
-1.72363	1.12975	5.14259	5.12715
-1.72725	1.1281	5.14357	5.12715
-1.72593	1.12876	5.14325	5.12583
-1.71969	1.13665	5.14259	5.12715
-1.72068	1.12646	5.14325	5.12715
-1.72363	1.13468	5.14423	5.12748
-1.72889	1.12383	5.14489	5.12682
-1.7233	1.12942	5.1439	5.12682
-1.72593	1.13205	5.14259	5.12518
-1.7417	1.11792	5.1416	5.12616
-1.74466	1.1281	5.14226	5.12616
-1.75386	1.12088	5.14292	5.12616
-1.75386	1.12285	5.14259	5.12616
-1.74926	1.1304	5.14357	5.12715
-1.75386	1.13468	5.14489	5.12518
-1.76733	1.12482	5.14587	5.12452
-1.75912	1.14322	5.14653	5.12518
-1.76963	1.13139	5.14325	5.12682
-1.77554	1.11989	5.14127	5.12485
-1.77554	1.11726	5.14357	5.1232
-1.77226	1.12679	5.1462	5.12288
-1.7555	1.12712	5.14653	5.12353
-1.75747	1.12942	5.14357	5.12748
-1.75156	1.1419	5.1393	5.12813
-1.7417	1.14059	5.13733	5.12583
-1.73677	1.14355	5.14127	5.12288
-1.75123	1.13073	5.1462	5.12222
-1.74269	1.12482	5.14752	5.12452
-1.73875	1.12778	5.14555	5.1255
-1.7302	1.12876	5.14259	5.12518
-1.7256	1.1235	5.14127	5.1255
-1.72429	1.1258	5.1416	5.1255
-1.72758	1.13369	5.14423	5.12649
-1.72823	1.13763	5.14817	5.12452
-1.73152	1.12843	5.14817	5.12485
-1.74302	1.11398	5.14587	5.12748
-1.73283	1.12153	5.14489	5.12912
-1.73316	1.1304	5.14292	5.1278
-1.72692	1.13106	5.14325	5.12649
-1.72298	1.135	5.14259	5.12485
-1.71838	1.13336	5.14325	5.12452
-1.71608	1.13632	5.1439	5.1255
-1.71115	1.14059	5.14325	5.1255
-1.71148	1.1419	5.14292	5.1255
-1.70918	1.14552	5.14259	5.12616
-1.69768	1.1511	5.14325	5.12715
-1.69768	1.1465	5.14325	5.1255
-1.69768	1.14125	5.14292	5.12452
-1.69275	1.14782	5.14259	5.12419
-1.68125	1.1603	5.14193	5.12518
-1.67665	1.18428	5.14259	5.12846
-1.67764	1.18199	5.14325	5.12912
-1.68092	1.16884	5.1439	5.12682
-1.68782	1.15734	5.14456	5.1255
-1.69242	1.1626	5.14423	5.12386
-1.70458	1.15209	5.14259	5.12353
-1.70951	1.14157	5.14226	5.12616
-1.72265	1.13763	5.14292	5.12748
-1.71969	1.14125	5.1439	5.12748
-1.71575	1.14223	5.14357	5.12748
-1.71411	1.14059	5.14292	5.12485
-1.71673	1.1396	5.14489	5.12386
-1.72922	1.12613	5.14489	5.12452
-1.73612	1.11069	5.14325	5.12419
-1.74367	1.11003	5.14292	5.12419
-1.73612	1.11069	5.14357	5.1232
-1.7417	1.12548	5.14193	5.1209
-1.74794	1.13106	5.14095	5.1209
-1.75682	1.1212	5.14029	5.12123
-1.76799	1.11595	5.14193	5.12222
-1.77259	1.10609	5.14423	5.1232
-1.77686	1.11201	5.14555	5.12583
-1.77916	1.11201	5.14292	5.12682
-1.79033	1.10708	5.14127	5.12649
-1.78704	1.10773	5.14193	5.12583
-1.78047	1.10642	5.14456	5.12649
-1.78178	1.11759	5.14522	5.12748
-1.78474	1.11332	5.14489	5.1278
-1.7877	1.10182	5.1439	5.1278
-1.79657	1.08671	5.14456	5.1255
-1.80084	1.08835	5.1439	5.1232
-1.80643	1.08309	5.14357	5.12189
-1.80675	1.07948	5.14456	5.12419
-1.80971	1.08539	5.14423	5.12419
-1.81168	1.08605	5.1416	5.12288
-1.813	1.0716	5.14127	5.12386
-1.81332	1.06634	5.14226	5.12452
-1.813	1.06338	5.14456	5.12353
-1.81332	1.05123	5.14489	5.12452
-1.81957	1.04893	5.1439	5.12682
-1.81464	1.0463	5.14193	5.12715
-1.81201	1.04695	5.14062	5.12748
-1.81037	1.05353	5.14226	5.12748
-1.81201	1.05878	5.1439	5.12715
-1.81431	1.06042	5.1439	5.12649
-1.813	1.0509	5.14423	5.12485
-1.80413	1.06174	5.14456	5.12485
-1.8015	1.06075	5.14259	5.12518
-1.80774	1.04893	5.14062	5.12386
-1.79624	1.05977	5.1416	5.12485
-1.79263	1.06404	5.14193	5.12583
-1.78343	1.08047	5.1416	5.12583
-1.77456	1.07751	5.14029	5.12485
-1.77357	1.07357	5.14127	5.12386
-1.77817	1.06601	5.14193	5.12419
-1.77291	1.06798	5.1416	5.12485
-1.7647	1.07061	5.14095	5.12386
-1.76371	1.07652	5.14226	5.1232
-1.75682	1.08112	5.14423	5.12386
-1.7624	1.06798	5.14587	5.1255
-1.74827	1.09788	5.14555	5.12682
-1.73907	1.10938	5.14292	5.12813
-1.74039	1.11463	5.14062	5.12879
-1.74696	1.10938	5.14292	5.12846
-1.75583	1.10905	5.1462	5.12649
-1.75616	1.11759	5.14686	5.12616
-1.744	1.12449	5.14555	5.12649
-1.74926	1.10839	5.14259	5.12649
-1.74959	1.10938	5.14029	5.12649
-1.7486	1.10314	5.14127	5.12682
-1.74597	1.11069	5.14292	5.12616
-1.74992	1.11726	5.14587	5.12419
-1.75189	1.10379	5.14817	5.1232
-1.73776	1.10971	5.1485	5.12255
-1.7417	1.1327	5.14653	5.12288
-1.73415	1.15012	5.14423	5.1255
-1.74236	1.15012	5.14193	5.12879
-1.7486	1.14125	5.14292	5.12879
-1.76076	1.13927	5.14456	5.12616
-1.75419	1.15406	5.14522	5.1255
-1.74203	1.15767	5.14423	5.12485
-1.74072	1.16819	5.14259	5.12386
-1.7325	1.17837	5.14095	5.1255
-1.74466	1.16096	5.14127	5.12682
-1.75353	1.15209	5.14292	5.12682
-1.74959	1.14946	5.14489	5.12583
-1.74532	1.1557	5.14522	5.12386
-1.73645	1.16227	5.14423	5.12353
-1.72955	1.16424	5.14357	5.12452
-1.72856	1.17049	5.14292	5.12353
-1.72856	1.17016	5.1416	5.12386
-1.73086	1.16654	5.14292	5.12518
-1.72298	1.17509	5.14423	5.12485
-1.71411	1.17706	5.14423	5.12616
-1.70819	1.16884	5.14357	5.12846
-1.70096	1.16687	5.14325	5.12846
-1.70655	1.15472	5.14357	5.12748
-1.70523	1.17049	5.14456	5.12715
-1.70129	1.17509	5.14522	5.1278
-1.70688	1.17311	5.14587	5.12748
-1.69669	1.17344	5.14653	5.12715
-1.69242	1.17246	5.14587	5.12583
-1.68618	1.17213	5.14292	5.12485
-1.66811	1.17574	5.14193	5.12485
-1.66548	1.18428	5.14423	5.12419
-1.6668	1.18133	5.14555	5.12255
-1.65858	1.17476	5.14587	5.12222
-1.6553	1.17771	5.14587	5.12386
-1.66384	1.16589	5.14456	5.12583
-1.66351	1.17311	5.14259	5.12682
-1.66252	1.17541	5.14226	5.12583
-1.65825	1.17311	5.14423	5.12419
-1.66285	1.1695	5.14489	5.12288
-1.6645	1.16457	5.14423	5.1232
-1.66647	1.1626	5.14357	5.12386
-1.67501	1.16392	5.14259	5.12419
-1.66975	1.15669	5.14127	5.1255
-1.67107	1.16359	5.14193	5.12682
-1.68059	1.15767	5.14555	5.12715
-1.67665	1.1649	5.14817	5.12452
-1.67731	1.17279	5.14653	5.1232
-1.68355	1.17541	5.14489	5.12386
-1.69439	1.16589	5.1439	5.12452
-1.70458	1.16293	5.14325	5.1255
-1.70852	1.15373	5.14325	5.12452
-1.71608	1.14453	5.14456	5.12386
-1.72363	1.13763	5.14456	5.12583
-1.72495	1.12613	5.14357	5.12649
-1.7394	1.11956	5.14029	5.12748
-1.75583	1.1235	5.13733	5.12846
-1.77751	1.10675	5.13996	5.12945
-1.7808	1.09952	5.1439	5.1278
-1.80018	1.09722	5.14489	5.12715
-1.79723	1.10412	5.14456	5.12715
-1.81135	1.08737	5.14423	5.12813
-1.80741	1.09426	5.14292	5.12748
-1.80117	1.08605	5.1416	5.12682
-1.81825	1.06601	5.14095	5.12682
-1.8107	1.06798	5.13963	5.12682
-1.82647	1.05221	5.14292	5.1255
-1.82187	1.05123	5.14587	5.12419
-1.8176	1.04137	5.14555	5.12419
-1.82449	1.02034	5.14423	5.12419
-1.83041	1.00523	5.14292	5.12485
-1.82647	1.0026	5.14062	5.12649
-1.82351	1.00162	5.1416	5.12682
-1.83172	1.0026	5.14423	5.12715
-1.83534	1.00523	5.14456	5.12616
-1.84191	1.00819	5.1439	5.12518
-1.84848	0.989131	5.14423	5.12485
-1.85341	0.978618	5.14292	5.12518
-1.85111	0.984532	5.14062	5.12715
-1.83928	0.989788	5.14095	5.1278
-1.83107	0.997673	5.14259	5.12616
-1.82877	0.987817	5.14456	5.12583
-1.82909	0.995373	5.1439	5.12616
-1.82318	0.999316	5.14193	5.12813
-1.82022	1.00063	5.14029	5.1278
-1.8153	0.997345	5.13996	5.12616
-1.81004	1.0026	5.14095	5.12353
-1.80183	1.0141	5.14357	5.12123
-1.8015	1.01969	5.14752	5.12156
-1.80511	1.02954	5.14752	5.12353
-1.81135	1.01837	5.14555	5.12518
-1.80347	1.02527	5.14325	5.12748
-1.79657	1.03776	5.1439	5.1278
-1.7946	1.04268	5.14489	5.1255
-1.78638	1.05747	5.14292	5.12452
-1.78638	1.07094	5.1416	5.12452
-1.77456	1.08966	5.14095	5.1255
-1.7762	1.09361	5.1416	5.1255
-1.77916	1.10511	5.14095	5.12419
-1.78671	1.10412	5.14095	5.12583
-1.7762	1.10445	5.14325	5.12682
-1.77718	1.10346	5.14456	5.1255
-1.78146	1.08868	5.14357	5.12485
-1.78244	1.08112	5.1439	5.12649
-1.77883	1.08408	5.14423	5.12846
-1.77751	1.08014	5.14423	5.12879
-1.77291	1.09591	5.14456	5.12846
-1.77193	1.10116	5.14489	5.12616
-1.76339	1.12975	5.1462	5.12419
-1.76043	1.12778	5.14423	5.12386
-1.74269	1.14716	5.14259	5.12386
-1.74203	1.14092	5.14193	5.12616
-1.72988	1.15012	5.14357	5.12813
-1.74006	1.14585	5.14423	5.1278
-1.72396	1.1534	5.1439	5.12386
-1.71739	1.15439	5.1439	5.12255
-1.71312	1.13238	5.1439	5.12255
-1.72725	1.13336	5.14357	5.12353
-1.75057	1.12515	5.14325	5.1232
-1.75386	1.12285	5.14259	5.12288
-1.75912	1.10938	5.14226	5.12485
-1.767	1.09656	5.14259	5.12715
-1.77653	1.08441	5.14062	5.12682
-1.78014	1.08145	5.1393	5.12616
-1.77587	1.10018	5.13963	5.12682
-1.78113	1.09394	5.14095	5.1278
-1.7624	1.11792	5.14193	5.12879
-1.74992	1.1258	5.14193	5.12715
-1.74236	1.12219	5.14193	5.12353
-1.74729	1.12318	5.14325	5.12386
-1.75616	1.11825	5.14522	5.12288
-1.76339	1.11661	5.1439	5.1232
-1.76306	1.11759	5.14226	5.12485
-1.76043	1.11562	5.1416	5.12682
-1.74992	1.13303	5.14193	5.1255
-1.74959	1.13172	5.14193	5.12353
-1.73809	1.13895	5.14193	5.1209
-1.73415	1.13238	5.13963	5.12222
-1.72823	1.14289	5.13963	5.12485
-1.72396	1.14946	5.1393	5.12682
-1.70918	1.1534	5.1393	5.12813
-1.70458	1.15997	5.14292	5.12813
-1.68421	1.16622	5.14653	5.12715
-1.67271	1.1741	5.14785	5.12616
-1.66712	1.1902	5.14522	5.1255
-1.66614	1.20038	5.1416	5.1255
-1.65562	1.21353	5.14029	5.12583
-1.66515	1.21057	5.14127	5.12649
-1.66285	1.20991	5.14423	5.12518
-1.65891	1.20728	5.1439	5.12485
-1.65628	1.21517	5.14292	5.12353
-1.65661	1.21812	5.1416	5.12255
-1.66515	1.21615	5.14029	5.12485
-1.65891	1.22437	5.14062	5.12682
-1.66614	1.21287	5.14193	5.1255
-1.65694	1.21944	5.14456	5.12386
-1.65595	1.2109	5.1439	5.12452
-1.65858	1.20728	5.14292	5.12583
-1.65037	1.22174	5.14095	5.12912
-1.66417	1.20564	5.14029	5.12945
-1.65924	1.20663	5.14259	5.12748
-1.6553	1.20991	5.14489	5.12616
-1.65398	1.21911	5.14423	5.1255
-1.65365	1.21123	5.1416	5.12485
-1.63788	1.21681	5.14062	5.12419
-1.65234	1.2086	5.14127	5.12518
-1.6622	1.18888	5.14456	5.12682
-1.66088	1.19414	5.14522	5.1278
-1.6576	1.20761	5.14522	5.12616
-1.65957	1.2063	5.14423	5.12485
-1.66745	1.1925	5.14259	5.12419
-1.67041	1.19677	5.14062	5.12353
-1.6622	1.21188	5.14029	5.12386
-1.67435	1.20991	5.1416	5.1255
-1.68322	1.21221	5.14259	5.12583
-1.68158	1.21648	5.14456	5.12583
-1.68421	1.20367	5.14653	5.12649
-1.69209	1.20137	5.1462	5.12682
-1.69374	1.20038	5.14456	5.12879
-1.69012	1.20991	5.14423	5.12977
-1.67994	1.2224	5.14423	5.12977
-1.66745	1.23389	5.1439	5.12682
-1.67337	1.23357	5.1439	5.12452
-1.66745	1.24539	5.14292	5.12222
-1.67567	1.23587	5.1439	5.12025
-1.68454	1.22535	5.14325	5.12255
-1.68125	1.22437	5.14325	5.1255
-1.68322	1.22272	5.1439	5.12945
-1.68782	1.21845	5.14325	5.12879
-1.68158	1.2224	5.14325	5.12583
-1.67534	1.2293	5.14489	5.12353
-1.67238	1.23192	5.14325	5.1232
-1.68092	1.23225	5.14193	5.12386
-1.68684	1.23094	5.14029	5.1255
-1.69341	1.22634	5.14062	5.1255
-1.70523	1.21582	5.14095	5.12485
-1.70195	1.21648	5.14095	5.12386
-1.70622	1.21221	5.14259	5.12222
-1.70031	1.2155	5.14325	5.1209
-1.70523	1.2017	5.1439	5.12189
-1.70261	1.19217	5.14259	5.12419
-1.71213	1.18757	5.14029	5.12748
-1.71246	1.18954	5.1393	5.12879
-1.72462	1.17476	5.14029	5.1278
-1.72922	1.1649	5.14095	5.12485
-1.73086	1.16589	5.14095	5.12485
-1.73645	1.15767	5.14062	5.12485
-1.73677	1.16622	5.14127	5.12583
-1.75747	1.15242	5.14193	5.12583
-1.75813	1.1465	5.14423	5.1255
-1.77718	1.12712	5.14653	5.12419
-1.78146	1.12153	5.14587	5.12518
-1.78441	1.11332	5.14456	5.12583
-1.79525	1.09755	5.14292	5.12583
-1.80248	1.08309	5.14292	5.12715
-1.80643	1.07784	5.14325	5.12649
-1.81168	1.07422	5.14357	5.1255
-1.80938	1.07751	5.14357	5.12452
-1.81661	1.07324	5.14456	5.12452
-1.82712	1.06305	5.14587	5.12386
-1.82548	1.06962	5.1462	5.12518
-1.82745	1.05385	5.14555	5.12682
-1.83698	1.04564	5.14456	5.1255
-1.84848	1.02724	5.14456	5.12616
-1.85406	1.01377	5.1439	5.12682
-1.85932	1.0118	5.14292	5.12649
-1.85603	1.0072	5.14259	5.12715
-1.87082	1.0003	5.14127	5.12715
-1.86293	1.00852	5.13963	5.12649
-1.86392	1.01049	5.14095	5.12518
-1.86096	1.0072	5.14095	5.12386
-1.85571	1.00819	5.1416	5.12255
-1.85439	1.0049	5.1416	5.12189
-1.84979	1.01344	5.14095	5.12288
-1.83829	1.0164	5.14029	5.12386
-1.84618	1.01049	5.14095	5.12386
-1.83271	1.02823	5.14357	5.1232
-1.83238	1.03578	5.14587	5.12222
-1.84454	1.03381	5.14719	5.12156
-1.84322	1.02888	5.1462	5.12419
-1.83402	1.03973	5.14423	5.12682
-1.83369	1.04728	5.14193	5.12715
-1.82515	1.05944	5.14193	5.12682
-1.82679	1.05221	5.14226	5.1278
-1.82318	1.04761	5.14357	5.12846
-1.81562	1.05155	5.14489	5.1278
-1.8222	1.04433	5.14456	5.12715
-1.82351	1.04597	5.14357	5.12748
-1.82285	1.04367	5.14259	5.12715
-1.81431	1.0578	5.14423	5.12616
-1.81135	1.05057	5.14555	5.1255
-1.8107	1.04203	5.14522	5.12452
-1.80708	1.04071	5.14325	5.12452
-1.79854	1.05977	5.14292	5.12518
-1.78803	1.07488	5.14357	5.12649
-1.77916	1.08539	5.14357	5.12748
-1.78277	1.08507	5.14357	5.12583
-1.78178	1.07915	5.14292	5.12353
-1.78967	1.08211	5.1439	5.12255
-1.78244	1.08769	5.14456	5.12386
-1.78606	1.09032	5.14423	5.1255
-1.77554	1.10018	5.14259	5.12715
-1.76799	1.11102	5.14193	5.12649
-1.77357	1.10248	5.14357	5.12452
-1.77127	1.10872	5.14325	5.12682
-1.76831	1.11102	5.14325	5.12813
-1.77259	1.10642	5.1439	5.12813
-1.76141	1.12843	5.14325	5.12813
-1.75714	1.13369	5.14357	5.12649
-1.74597	1.14585	5.14423	5.12682
-1.74992	1.13862	5.14357	5.12682
-1.74006	1.15866	5.14325	5.12353
-1.72692	1.17279	5.1439	5.12386
-1.71345	1.1856	5.14357	5.12583
-1.69899	1.20663	5.14292	5.12682
-1.69176	1.21878	5.14259	5.1278
-1.69078	1.22535	5.14259	5.12682
-1.70096	1.22371	5.14456	5.1255
-1.69176	1.22897	5.14653	5.12616
-1.68454	1.22831	5.14653	5.12715
-1.69308	1.2293	5.14423	5.12977
-1.68684	1.2293	5.14292	5.12879
-1.67468	1.23587	5.1416	5.12748
-1.67468	1.23784	5.1416	5.1255
-1.65792	1.25032	5.14193	5.12485
-1.65004	1.26313	5.14357	5.12452
-1.65103	1.26182	5.14489	5.12485
-1.6392	1.27135	5.14522	5.12649
-1.65562	1.26215	5.14555	5.1278
-1.64938	1.25854	5.14292	5.12518
-1.6553	1.25229	5.14127	5.12255
-1.65497	1.24704	5.14127	5.12123
-1.65365	1.23718	5.14292	5.12025
-1.64347	1.24769	5.14357	5.1232
-1.63591	1.24079	5.14292	5.1255
-1.63953	1.23849	5.14193	5.12748
-1.65267	1.23225	5.14226	5.1278
-1.6622	1.22207	5.14357	5.12682
-1.66022	1.22404	5.14456	5.12485
-1.66712	1.2224	5.14423	5.12518
-1.65267	1.23521	5.14423	5.12715
-1.65595	1.23225	5.1439	5.1255
-1.64938	1.23225	5.14357	5.12419
-1.65135	1.22798	5.14292	5.1232
-1.653	1.23061	5.14456	5.12419
-1.65595	1.23028	5.14522	5.12485
-1.67074	1.22305	5.14456	5.12288
-1.66614	1.2178	5.14259	5.12353
-1.67501	1.21648	5.14325	5.12518
-1.68059	1.20893	5.14357	5.12452
-1.68684	1.1971	5.14423	5.1255
-1.67534	1.204	5.14423	5.12485
-1.67501	1.21024	5.14423	5.12452
-1.68322	1.19776	5.14325	5.12386
-1.68224	1.19217	5.14226	5.12518
-1.68618	1.17837	5.13996	5.1255
-1.68618	1.17541	5.13865	5.12649
-1.68552	1.17213	5.13865	5.12682
-1.69406	1.16589	5.14029	5.12583
-1.68224	1.16293	5.13963	5.12386
-1.69932	1.1534	5.14062	5.12452
-1.71575	1.15373	5.14127	5.12485
-1.72265	1.15274	5.14226	5.12748
-1.73415	1.14716	5.14357	5.1278
-1.74663	1.14486	5.14456	5.12682
-1.75682	1.135	5.14587	5.12583
-1.75287	1.14256	5.14489	5.12583
-1.76569	1.13008	5.14325	5.12583
-1.77291	1.11463	5.14226	5.12748
-1.76864	1.11463	5.14292	5.12715
-1.77193	1.11496	5.14357	5.12518
-1.77521	1.11759	5.1416	5.12419
-1.7785	1.11628	5.14029	5.12583
-1.78507	1.10839	5.14095	5.12715
-1.77784	1.12055	5.14423	5.1278
-1.78474	1.11562	5.14653	5.12518
-1.79066	1.12022	5.14653	5.1232
-1.79	1.11562	5.14522	5.12485
-1.79197	1.10675	5.14489	5.12616
-1.79591	1.10051	5.1439	5.12518
-1.79394	1.10281	5.1439	5.12518
-1.79525	1.09919	5.14226	5.12813
-1.79033	1.11562	5.1416	5.12846
-1.79066	1.11858	5.14259	5.12879
-1.79328	1.11168	5.14423	5.1278
-1.79821	1.10576	5.14489	5.12649
-1.80511	1.09492	5.14587	5.12518
-1.81102	1.08671	5.14587	5.12518
-1.81398	1.07521	5.14292	5.12485
-1.81661	1.05878	5.14292	5.12518
-1.82154	1.04827	5.14423	5.12583
-1.82022	1.04268	5.1462	5.12616
-1.82679	1.03348	5.14489	5.12649
-1.82285	1.03086	5.14489	5.12583
-1.83468	1.02987	5.14456	5.12715
-1.82975	1.02691	5.1439	5.12912
-1.82942	1.02231	5.14456	5.12945
-1.83304	1.01969	5.1439	5.12879
-1.83074	1.03118	5.14357	5.12748
-1.82942	1.02199	5.14423	5.12452
-1.82285	1.02954	5.14357	5.12288
-1.81957	1.03414	5.14193	5.12452
-1.82581	1.0348	5.14127	5.12419
-1.82154	1.0256	5.14095	5.1255
-1.8176	1.01706	5.14193	5.1255
-1.81332	1.01673	5.14292	5.12485
-1.8107	1.03053	5.14357	5.12518
-1.82088	1.02626	5.14456	5.1255
-1.82318	1.01969	5.14555	5.1255
-1.82548	1.02001	5.14785	5.12583
-1.83797	1.00194	5.14785	5.12748
-1.83534	1.0026	5.14522	5.12912
-1.82482	1.01213	5.14555	5.12945
-1.82285	1.01377	5.1462	5.12649
-1.83304	1.00523	5.14653	5.12288
-1.83107	1.00293	5.14522	5.12222
-1.82449	1.00457	5.14259	5.12583
-1.82745	1.00162	5.14226	5.12748
-1.83468	0.990445	5.1439	5.12813
-1.83008	1.00227	5.14423	5.12715
-1.83337	1.00786	5.14357	5.12583
-1.83107	1.00457	5.14259	5.12649
-1.82022	1.02626	5.1416	5.12715
-1.80938	1.03578	5.14193	5.12715
-1.80708	1.03217	5.14259	5.12748
-1.8107	1.01903	5.14522	5.12748
-1.81234	1.0233	5.14587	5.12682
-1.80774	1.02527	5.14325	5.12715
-1.7969	1.04531	5.14226	5.12813
-1.79493	1.04235	5.14226	5.1278
-1.78178	1.04695	5.14259	5.1278
-1.77259	1.06305	5.14423	5.12715
-1.76437	1.07357	5.14522	5.12485
-1.75879	1.07291	5.1439	5.12288
-1.75616	1.0693	5.14193	5.12288
-1.76371	1.06305	5.14095	5.1232
-1.75156	1.08835	5.14127	5.12583
-1.7509	1.09229	5.14193	5.12715
-1.7463	1.08966	5.14259	5.12649
-1.73283	1.10445	5.14423	5.12715
-1.73119	1.09919	5.1462	5.12518
-1.71509	1.11595	5.14719	5.12419
-1.71213	1.1304	5.1462	5.1255
-1.70228	1.14486	5.14522	5.12583
-1.69144	1.15406	5.14325	5.12583
-1.69078	1.16392	5.1439	5.12419
-1.67698	1.15537	5.1439	5.12288
-1.67008	1.16326	5.14259	5.12189
-1.66614	1.16326	5.14127	5.12255
-1.6599	1.1626	5.14127	5.12485
-1.66088	1.16654	5.14193	5.12748
-1.65234	1.17771	5.1416	5.12813
-1.64971	1.1856	5.14193	5.12945
-1.63657	1.19118	5.1439	5.12879
-1.63657	1.18626	5.14456	5.12715
-1.63493	1.19874	5.1439	5.12616
-1.63296	1.20597	5.14226	5.12748
-1.65365	1.18954	5.14226	5.12748
-1.66187	1.1925	5.14226	5.12682
-1.66909	1.18001	5.14259	5.12583
-1.67994	1.16983	5.14357	5.12452
-1.67501	1.1741	5.14423	5.12288
-1.67534	1.16819	5.14325	5.12518
-1.68322	1.16227	5.14357	5.12715
-1.68782	1.14387	5.14423	5.12813
-1.69308	1.15045	5.14522	5.12715
-1.69801	1.14552	5.14555	5.1255
-1.70491	1.15077	5.14456	5.12419
-1.71016	1.13895	5.14522	5.12518
-1.70228	1.1419	5.14423	5.12682
-1.70819	1.14979	5.1416	5.12879
-1.71411	1.14913	5.13963	5.12846
-1.72265	1.14355	5.14095	5.12846
-1.72068	1.1442	5.14325	5.12715
-1.72692	1.14223	5.14259	5.12649
-1.73152	1.14552	5.14193	5.12583
-1.72856	1.15603	5.14095	5.12649
-1.72659	1.16359	5.14029	5.1278
-1.73415	1.14749	5.14095	5.1278
-1.7233	1.1557	5.14193	5.12616
-1.73382	1.13369	5.14259	5.12485
-1.74794	1.12088	5.14357	5.12583
-1.75682	1.11069	5.14357	5.12616
-1.74532	1.11792	5.1439	5.1255
-1.75517	1.10182	5.14357	5.1232
-1.75484	1.10445	5.14259	5.12353
-1.75517	1.09065	5.1416	5.12485
-1.75714	1.09065	5.14226	5.12616
-1.74992	1.10149	5.14292	5.12616
-1.74433	1.11102	5.14292	5.12518
-1.744	1.10018	5.14357	5.12419
-1.74203	1.10478	5.14489	5.1255
-1.72889	1.10281	5.14555	5.12649
-1.7325	1.10051	5.1462	5.12682
-1.73513	1.09558	5.1462	5.1278
-1.7394	1.10445	5.14489	5.1278
-1.73973	1.10576	5.14193	5.12912
-1.73546	1.10445	5.13996	5.13109
-1.7302	1.10708	5.1393	5.12977
-1.73809	1.09656	5.1393	5.12649
-1.7463	1.10938	5.1393	5.12485
-1.75254	1.10084	5.14029	5.12353
-1.7601	1.10149	5.14226	5.12485
-1.74827	1.11628	5.14357	5.12649
-1.7463	1.10346	5.14357	5.12715
-1.73907	1.10905	5.1439	5.12813
-1.74532	1.10281	5.14357	5.12748
-1.74236	1.09886	5.14423	5.12682
-1.73546	1.07948	5.14456	5.12715
-1.7371	1.07324	5.14456	5.12682
-1.7555	1.06502	5.14456	5.12452
-1.75747	1.06732	5.14357	5.12353
-1.75616	1.06568	5.14095	5.12485
-1.7647	1.04893	5.14193	5.12649
-1.7785	1.04827	5.14555	5.12682
-1.78803	1.02888	5.14752	5.12583
-1.79427	1.02166	5.14555	5.12485
-1.79164	1.03578	5.14259	5.12649
-1.80445	1.02034	5.13897	5.12879
-1.81464	1.01114	5.13963	5.12977
-1.81037	1.01607	5.14292	5.12977
-1.81661	1.0095	5.14555	5.12846
-1.8222	1.00589	5.14653	5.12583
-1.82154	1.00556	5.14587	5.1255
-1.83041	1.00096	5.14587	5.12583
-1.83731	1.00687	5.14489	5.1255
-1.84158	0.999644	5.1439	5.12682
-1.84519	0.98946	5.14456	5.12715
-1.85176	0.983217	5.14423	5.12583
-1.84749	0.997673	5.14193	5.12518
-1.84848	1.00523	5.13996	5.12419
-1.84486	1.01969	5.14029	5.1232
-1.84782	1.01279	5.13996	5.12386
-1.84289	1.02757	5.1393	5.1232
-1.84552	1.02297	5.13963	5.12288
-1.85144	1.01673	5.14193	5.12288
-1.85045	1.01016	5.1439	5.12452
-1.84585	1.01147	5.14226	5.1255
-1.84486	1.01377	5.1393	5.12748
-1.84224	1.01081	5.13865	5.1278
-1.84454	1.0049	5.14193	5.12682
-1.84914	0.996359	5.14325	5.12879
-1.84519	0.992745	5.14357	5.12977
-1.85801	0.967119	5.14325	5.12977
-1.85373	0.975004	5.14259	5.12945
-1.84125	0.981246	5.14259	5.12813
-1.84125	0.984203	5.14325	5.1278
-1.84454	0.986831	5.14522	5.12748
-1.84618	0.990774	5.14555	5.12748
-1.83797	0.998002	5.14522	5.12682
-1.83862	0.997673	5.14423	5.12583
-1.84191	0.994059	5.14062	5.12419
-1.85406	0.992745	5.13963	5.12353
-1.84651	0.986503	5.1416	5.1255
-1.83632	0.993074	5.1416	5.1278
-1.84026	0.991431	5.14226	5.12715
-1.82778	1.01147	5.1439	5.12682
-1.83567	1.00424	5.14423	5.12518
-1.82975	1.0026	5.1439	5.1232
-1.82614	1.00622	5.14456	5.12452
-1.81924	1.00424	5.14423	5.12485
-1.80445	1.01673	5.14325	5.12386
-1.80314	1.02494	5.14325	5.1232
-1.78737	1.03644	5.14587	5.12222
-1.7785	1.02461	5.14686	5.12288
-1.76996	1.04235	5.14325	5.12452
-1.76897	1.04301	5.1416	5.1255
-1.77653	1.03546	5.14292	5.12419
-1.77259	1.04794	5.14456	5.12386
-1.77718	1.03874	5.14522	5.1255
-1.77653	1.05353	5.14259	5.12682
-1.77916	1.05287	5.14029	5.12846
-1.78638	1.05287	5.14226	5.12846
-1.78014	1.0647	5.14259	5.12813
-1.77883	1.06305	5.14423	5.12748
-1.77291	1.07882	5.14555	5.12715
-1.77817	1.07521	5.14522	5.12583
-1.78244	1.07422	5.14325	5.12419
-1.77784	1.06535	5.14095	5.12288
-1.78146	1.0601	5.14062	5.12419
-1.78244	1.06535	5.14193	5.12649
-1.78573	1.06371	5.14522	5.1278
-1.79197	1.05451	5.14653	5.12813
-1.80018	1.05155	5.14489	5.12813
-1.79493	1.05221	5.14226	5.12583
-1.80413	1.05353	5.14259	5.1255
-1.80413	1.05845	5.14226	5.12616
-1.79854	1.06108	5.14193	5.1278
-1.80577	1.05188	5.1416	5.12813
-1.8084	1.0486	5.14193	5.12583
-1.81004	1.04728	5.14226	5.1232
-1.81858	1.03776	5.14259	5.1255
-1.813	1.04334	5.14062	5.12813
-1.81201	1.03776	5.1393	5.1278
-1.8153	1.04038	5.14095	5.12748
-1.80248	1.05812	5.1439	5.12583
-1.79525	1.06897	5.1439	5.12485
-1.80577	1.06798	5.14226	5.12485
-1.80183	1.06864	5.14226	5.12518
-1.80413	1.05977	5.1416	5.12452
-1.80018	1.06437	5.14226	5.1255
-1.80413	1.06042	5.14325	5.12583
-1.79	1.07652	5.14423	5.12518
-1.7808	1.07784	5.14587	5.1255
-1.77817	1.07915	5.14489	5.12485
-1.77423	1.08211	5.14456	5.12583
-1.76996	1.08145	5.1439	5.12682
-1.77521	1.07948	5.1439	5.12748
-1.76437	1.07784	5.14456	5.12682
-1.76996	1.09131	5.14587	5.12518
-1.75846	1.09492	5.14587	5.12419
-1.74762	1.10971	5.14522	5.12419
-1.75649	1.10379	5.14357	5.1255
-1.75813	1.09328	5.14226	5.12616
-1.76306	1.08638	5.14259	5.12682
-1.7624	1.09394	5.1439	5.12715
-1.76207	1.09394	5.1439	5.12485
-1.76963	1.09689	5.14292	5.12419
-1.76404	1.09558	5.14193	5.12386
-1.75879	1.10609	5.1416	5.1255
-1.75583	1.10905	5.1416	5.12912
-1.76569	1.11102	5.14292	5.13142
-1.77883	1.10412	5.14555	5.12977
-1.78737	1.09459	5.14653	5.12682
-1.78836	1.08277	5.14587	5.12485
-1.79328	1.08901	5.14587	5.12255
-1.79427	1.08802	5.1462	5.1209
-1.79098	1.08966	5.14587	5.12123
-1.77784	1.10281	5.14456	5.1232
-1.78836	1.09426	5.14489	5.1255
-1.78737	1.09328	5.14522	5.12485
-1.7946	1.09525	5.14587	5.12419
-1.79953	1.08309	5.14456	5.12353
-1.80347	1.08441	5.14489	5.12353
-1.8038	1.08966	5.14423	5.12616
-1.80577	1.09361	5.14555	5.1278
-1.80643	1.09394	5.14587	5.12748
-1.80215	1.10839	5.14555	5.12748
-1.7992	1.1212	5.14357	5.12583
-1.80774	1.12088	5.14292	5.12419
-1.80741	1.1212	5.1439	5.12452
-1.81727	1.12416	5.14423	5.12715
-1.81004	1.12153	5.14456	5.12748
-1.80675	1.11332	5.14522	5.12682
-1.80872	1.10346	5.14653	5.12583
-1.81037	1.09262	5.14653	5.12419
-1.81858	1.08309	5.14522	5.12386
-1.8176	1.07357	5.14423	5.12485
-1.81727	1.06995	5.14357	5.12583
-1.8176	1.07554	5.14292	5.12715
-1.81595	1.07554	5.14522	5.12682
-1.81168	1.07324	5.14719	5.1255
-1.80774	1.06732	5.14555	5.12518
-1.80577	1.06634	5.14357	5.12649
-1.81431	1.05911	5.14193	5.1278
-1.81332	1.06272	5.14226	5.12879
-1.80511	1.07225	5.14456	5.12912
-1.8038	1.07028	5.14555	5.12715
-1.80084	1.07685	5.14555	5.12583
-1.7992	1.0693	5.1439	5.1255
-1.81727	1.05385	5.14357	5.12616
-1.81135	1.06108	5.14292	5.12649
-1.80478	1.0647	5.14259	5.12649
-1.80215	1.06207	5.14423	5.12518
-1.78967	1.07751	5.14587	5.12485
-1.77554	1.08802	5.14686	5.12452
-1.77718	1.09492	5.14489	5.12353
-1.77784	1.08474	5.14325	5.12485
-1.77981	1.08934	5.14325	5.12748
-1.79657	1.06601	5.14292	5.12846
-1.78737	1.07849	5.14357	5.12945
-1.78113	1.07784	5.14555	5.12682
-1.78474	1.06995	5.14686	5.1255
-1.78836	1.08047	5.14555	5.12518
-1.79098	1.07915	5.1439	5.1255
-1.7923	1.08572	5.14489	5.12616
-1.79098	1.08737	5.14522	5.12649
-1.79953	1.07652	5.14489	5.12616
-1.79657	1.08737	5.1439	5.12518
-1.79197	1.09361	5.14259	5.12452
-1.78671	1.10576	5.14193	5.12419
-1.78507	1.10773	5.14325	5.1255
-1.77554	1.11825	5.14489	5.12715
-1.77587	1.12383	5.14522	5.1255
-1.77324	1.12252	5.14522	5.12452
-1.76371	1.14486	5.14587	5.12452
-1.76076	1.13402	5.14522	5.12485
-1.76569	1.12449	5.14259	5.12452
-1.76273	1.12646	5.14292	5.1255
-1.76371	1.1235	5.14357	5.1255
-1.77521	1.10839	5.1439	5.12649
-1.7624	1.11759	5.14259	5.12485
-1.74992	1.1235	5.14226	5.12222
-1.74597	1.1373	5.14259	5.12386
-1.7371	1.14585	5.14325	5.12616
-1.73907	1.14486	5.14226	5.12682
-1.73645	1.15176	5.14127	5.1255
-1.73579	1.1465	5.14259	5.12485
-1.73382	1.13895	5.1439	5.1232
-1.73185	1.1511	5.1439	5.12386
-1.74335	1.15176	5.14259	5.12485
-1.73842	1.15964	5.14193	5.12518
-1.7463	1.14026	5.14292	5.12616
-1.73382	1.14617	5.14325	5.12682
-1.73677	1.14552	5.14259	5.12583
-1.73677	1.13796	5.14489	5.1255
-1.72232	1.14815	5.1462	5.12419
-1.7302	1.13238	5.14555	5.12419
-1.73119	1.13172	5.1439	5.12649
-1.72626	1.12909	5.14292	5.12616
-1.70852	1.14059	5.14292	5.12616
-1.70622	1.14256	5.14325	5.12518
-1.71838	1.14125	5.14325	5.12452
-1.71673	1.15045	5.1439	5.12485
-1.71575	1.14223	5.14489	5.12452
-1.71903	1.13697	5.14325	5.12518
-1.70819	1.14026	5.14226	5.12583
-1.70425	1.14683	5.14259	5.12748
-1.70523	1.1442	5.14357	5.12682
-1.70096	1.14092	5.14292	5.1255
-1.70096	1.12942	5.14292	5.12485
-1.69176	1.13238	5.14423	5.12518
-1.69045	1.12416	5.14489	5.12485
-1.69144	1.13172	5.1416	5.12419
-1.69374	1.13763	5.13996	5.12386
-1.68684	1.14815	5.14062	5.12518
-1.68257	1.1649	5.14259	5.1255
-1.67107	1.18691	5.14292	5.12419
-1.66647	1.19053	5.14357	5.12419
-1.67797	1.18593	5.14325	5.12485
-1.66975	1.20663	5.14357	5.12485
-1.65168	1.22272	5.14292	5.1255
-1.6553	1.22502	5.14292	5.12485
-1.65234	1.22404	5.14193	5.1255
-1.65825	1.22141	5.14292	5.12649
-1.66351	1.21977	5.14325	5.12715
-1.67369	1.20367	5.1439	5.12583
-1.67041	1.2063	5.14555	5.12649
-1.65694	1.21451	5.14555	5.12649
-1.66811	1.21484	5.14522	5.12583
-1.68421	1.2017	5.14555	5.12583
-1.67435	1.20663	5.1439	5.12616
-1.66384	1.21057	5.14062	5.12485
-1.66154	1.21845	5.13897	5.12485
-1.65825	1.2293	5.13865	5.12485
-1.66745	1.22601	5.14029	5.12386
-1.66252	1.22305	5.14226	5.12452
-1.66384	1.21648	5.1416	5.12386
-1.66975	1.20564	5.14226	5.12189
-1.67238	1.21451	5.1416	5.12386
-1.68125	1.21057	5.14193	5.12682
-1.68552	1.19907	5.14325	5.12813
-1.68486	1.19743	5.14555	5.12846
-1.67008	1.2063	5.14686	5.1278
-1.66909	1.204	5.1462	5.12715
-1.67501	1.18658	5.14357	5.12813
-1.67928	1.18527	5.14095	5.12813
-1.68027	1.18691	5.14029	5.12616
-1.68421	1.18823	5.1416	5.12386
-1.68027	1.18658	5.1439	5.12419
-1.68289	1.1879	5.14587	5.12485
-1.68027	1.18461	5.14456	5.1255
-1.68421	1.18823	5.1416	5.12649
-1.69111	1.18001	5.14029	5.12583
-1.69604	1.16589	5.14226	5.12452
-1.69801	1.15439	5.14423	5.12288
-1.71115	1.1488	5.14555	5.12156
-1.70721	1.1396	5.1462	5.12189
-1.70491	1.14585	5.14587	5.12288
-1.71509	1.13172	5.14587	5.12583
-1.71411	1.14059	5.14587	5.12682
-1.7187	1.14256	5.14456	5.12649
-1.71969	1.13796	5.14456	5.12616
-1.70721	1.14026	5.14522	5.12583
-1.70556	1.14486	5.14423	5.12419
-1.70491	1.14256	5.14226	5.12353
-1.70458	1.14552	5.14259	5.12452
-1.69998	1.14782	5.14456	5.12715
-1.70162	1.15077	5.14325	5.12879
-1.71345	1.14552	5.1439	5.12879
-1.72725	1.13533	5.14456	5.12485
-1.72955	1.12909	5.14555	5.12419
-1.72955	1.12383	5.14357	5.12682
-1.74597	1.11496	5.14127	5.12715
-1.7578	1.10116	5.14029	5.12616
-1.74893	1.11069	5.14095	5.12583
-1.75419	1.10018	5.1439	5.12518
-1.7739	1.07652	5.1462	5.12386
-1.77357	1.06601	5.14686	5.12419
-1.76897	1.06174	5.14456	5.12419
-1.76306	1.07455	5.14193	5.12649
-1.76667	1.08572	5.14095	5.12682
-1.77291	1.07817	5.14292	5.12518
-1.76831	1.07389	5.14357	5.12518
-1.77423	1.0693	5.14259	5.12616
-1.7739	1.07784	5.14226	5.1278
-1.77686	1.08802	5.14226	5.12846
-1.78047	1.06798	5.1416	5.12649
-1.77948	1.06502	5.14226	5.1255
-1.78146	1.05681	5.14325	5.12682
-1.78967	1.05648	5.1462	5.12715
-1.79295	1.05254	5.14719	5.1255
-1.78573	1.06042	5.1462	5.12255
-1.78376	1.05385	5.14522	5.1232
-1.78474	1.05583	5.14226	5.12649
-1.79131	1.04531	5.14325	5.12977
-1.79723	1.04137	5.1439	5.12912
-1.79361	1.03611	5.1439	5.12649
-1.7992	1.0348	5.14456	5.12485
-1.79723	1.03874	5.14555	5.12419
-1.80347	1.01936	5.14587	5.12518
-1.80938	1.00687	5.14522	5.12682
-1.813	0.997345	5.1439	5.12715
-1.80478	0.994059	5.14259	5.12649
-1.80314	0.999644	5.14193	5.12583
-1.80051	0.999644	5.14095	5.12485
-1.79624	0.998987	5.14127	5.12452
-1.79394	0.992745	5.14226	5.12616
-1.78441	1.0049	5.14325	5.12748
-1.78047	1.01969	5.14653	5.12715
-1.78244	1.01476	5.14752	5.12485
-1.79394	1.01049	5.14653	5.1232
-1.79821	1.01279	5.14423	5.12419
-1.79755	0.996688	5.14292	5.12682
-1.79131	1.00556	5.14259	5.12813
-1.79066	0.998002	5.14292	5.1278
-1.78408	1.00523	5.14292	5.1255
-1.79033	1.0049	5.14325	5.12386
-1.79033	0.997016	5.1439	5.12419
-1.79788	0.998987	5.1439	5.12419
-1.79295	0.985517	5.14423	5.12452
-1.77784	0.98946	5.14456	5.1255
-1.76371	1.01311	5.14555	5.12583
-1.75517	1.02264	5.14653	5.12485
-1.75123	1.01706	5.14522	5.12353
-1.74597	1.03217	5.1439	5.1232
-1.75879	1.01771	5.14292	5.12222
-1.75912	1.02527	5.14357	5.12255
-1.77061	1.01804	5.14325	5.12419
-1.75977	1.02691	5.14193	5.12583
-1.75977	1.02856	5.14095	5.12748
-1.76339	1.02231	5.14193	5.12748
-1.77193	1.02494	5.14456	5.12616
-1.76109	1.02593	5.14653	5.12583
-1.77029	1.03644	5.14489	5.12518
-1.76799	1.04597	5.14357	5.12583
-1.77587	1.03316	5.14259	5.12715
-1.7693	1.02856	5.14193	5.12616
-1.77423	1.021	5.14292	5.12583
-1.78737	1.01607	5.1439	5.12452
-1.7762	1.02658	5.14423	5.12386
-1.77916	1.02626	5.14357	5.12386
-1.78803	1.0233	5.14423	5.1255
-1.78014	1.02396	5.14522	5.1255
-1.78573	1.02626	5.14489	5.12485
-1.76799	1.02658	5.1439	5.12386
-1.76963	1.02724	5.14292	5.1232
-1.77587	1.01837	5.14226	5.12353
-1.77357	1.01114	5.1416	5.12518
-1.76963	1.02757	5.14193	5.12616
-1.76569	1.03677	5.14292	5.12715
-1.7486	1.04203	5.14292	5.12616
-1.74499	1.04498	5.1439	5.12353
-1.73217	1.04203	5.14587	5.12222
-1.73152	1.05188	5.14686	5.12386
-1.72002	1.06962	5.14653	5.12452
-1.72166	1.06732	5.1439	5.12583
-1.71476	1.06634	5.14259	5.12583
-1.71345	1.06075	5.1439	5.12452
-1.71246	1.06535	5.14752	5.12485
-1.71838	1.04958	5.14817	5.12682
-1.71706	1.05287	5.14817	5.12715
-1.69932	1.05944	5.1462	5.12682
-1.70523	1.05648	5.14489	5.12485
-1.70491	1.0578	5.14456	5.12288
-1.71213	1.05188	5.14456	5.1232
-1.71213	1.06075	5.14522	5.12485
-1.70951	1.06732	5.14522	5.12616
-1.70721	1.08211	5.14456	5.1278
-1.70556	1.09426	5.14555	5.12748
-1.70589	1.08572	5.14587	5.1255
-1.70129	1.07718	5.14587	5.12485
-1.69439	1.067	5.14489	5.12452
-1.69144	1.07061	5.14357	5.12682
-1.69341	1.05221	5.14325	5.12879
-1.69834	1.05123	5.14456	5.12846
-1.70261	1.07061	5.14653	5.12748
-1.70129	1.07061	5.14587	5.12813
-1.70885	1.07291	5.14456	5.12682
-1.71739	1.05583	5.1439	5.12452
-1.72889	1.04728	5.14357	5.12583
-1.73809	1.04893	5.14325	5.12583
-1.74729	1.0463	5.14193	5.1255
-1.74039	1.05385	5.1416	5.12583
-1.74039	1.04728	5.1416	5.1278
-1.72823	1.07422	5.14292	5.1278
-1.7164	1.08934	5.14357	5.12649
-1.71969	1.09525	5.14423	5.12583
-1.73546	1.08112	5.14456	5.1255
-1.7417	1.06634	5.14325	5.12616
-1.74696	1.05714	5.14193	5.12583
-1.75912	1.04893	5.14259	5.12419
-1.76404	1.04334	5.14325	5.1232
-1.77456	1.04268	5.1439	5.12419
-1.77587	1.03973	5.1439	5.12649
-1.7785	1.03874	5.14292	5.1278
-1.7785	1.03644	5.14062	5.12649
-1.78507	1.0279	5.14062	5.12715
-1.7693	1.02954	5.14226	5.1278
-1.77291	1.02231	5.14456	5.12813
-1.77981	1.01607	5.14587	5.12649
-1.78014	1.02593	5.14489	5.12452
-1.78934	1.01903	5.14226	5.12485
-1.79263	1.00194	5.14259	5.12748
-1.79427	0.994059	5.14325	5.12813
-1.7923	1.00654	5.1439	5.12682
-1.79066	0.998002	5.1439	5.12452
-1.78408	1.0072	5.14423	5.12419
-1.7808	1.00687	5.14489	5.12583
-1.76371	1.00819	5.14522	5.12813
-1.75879	1.00654	5.14719	5.12682
-1.75747	1.00884	5.14785	5.12386
-1.74597	1.01246	5.14752	5.1232
-1.75419	0.996688	5.14719	5.12386
-1.75714	0.99603	5.14423	5.12386
-1.76404	0.980918	5.14292	5.12583
-1.7578	0.966462	5.14325	5.12846
-1.75912	0.971061	5.1439	5.12912
-1.76601	0.987817	5.14193	5.12616
-1.7739	0.965148	5.14292	5.1255
-1.78178	0.967119	5.14423	5.12485
-1.79427	0.943135	5.14522	5.12649
-1.78704	0.95332	5.14456	5.12715
-1.78967	0.93755	5.14489	5.12813
-1.78507	0.93755	5.14489	5.1278
-1.80117	0.925065	5.1462	5.12813
-1.79887	0.925723	5.14587	5.12748
-1.80741	0.914881	5.14522	5.12813
-1.80741	0.915866	5.14522	5.12748
-1.82154	0.912909	5.14522	5.12682
-1.81858	0.90831	5.1439	5.12518
-1.82318	0.908638	5.14522	5.12255
-1.83107	0.896482	5.14653	5.12419
-1.84552	0.902725	5.14686	5.12419
-1.84486	0.909624	5.14555	5.12419
-1.85242	0.902396	5.14522	5.12583
-1.86819	0.899111	5.14489	5.12682
-1.87706	0.892868	5.14456	5.12616
-1.88363	0.896154	5.14325	5.12616
-1.88823	0.892211	5.14325	5.12715
-1.88725	0.893854	5.14653	5.12583
-1.8879	0.889912	5.14587	5.12583
-1.90433	0.868556	5.14522	5.12616
-1.89645	0.873156	5.14423	5.12846
-1.89579	0.868556	5.14292	5.13043
-1.8948	0.867242	5.14292	5.12912
-1.89283	0.857057	5.1439	5.12616
-1.89546	0.847201	5.14423	5.12485
-1.8948	0.853115	5.14259	5.12485
-1.89809	0.869213	5.14095	5.12518
-1.89973	0.869542	5.14029	5.12583
-1.90203	0.865928	5.1416	5.12583
-1.90302	0.878413	5.14489	5.12846
-1.88659	0.900425	5.1462	5.12977
-1.88955	0.90141	5.14653	5.1278
-1.88035	0.89254	5.14522	5.12649
-1.87936	0.884983	5.14423	5.12682
-1.86819	0.905024	5.14193	5.12715
-1.86786	0.901739	5.14062	5.12846
-1.87148	0.905353	5.1416	5.1278
-1.87213	0.91718	5.14357	5.12649
-1.86228	0.923423	5.14555	5.12518
-1.84914	0.936893	5.14423	5.12518
-1.84355	0.942478	5.14127	5.12452
-1.83205	0.952663	5.14029	5.12485
-1.83041	0.96449	5.1416	5.12616
-1.83205	0.964819	5.14423	5.12616
-1.8199	0.962848	5.14456	5.1255
-1.81497	0.966133	5.14325	5.12583
-1.8107	0.970733	5.1439	5.12682
-1.80117	0.980589	5.14193	5.12682
-1.78704	1.00293	5.1416	5.12616
-1.77817	1.0003	5.14292	5.12649
-1.76634	1.00819	5.14423	5.1255
-1.75846	1.02231	5.14456	5.1255
-1.76207	1.01771	5.14587	5.12419
-1.75254	1.02034	5.14587	5.12452
-1.74729	1.01279	5.14357	5.1255
-1.74072	1.0233	5.1416	5.12518
-1.75024	1.03217	5.14062	5.12518
-1.74302	1.03611	5.14357	5.12518
-1.73382	1.05418	5.14719	5.12386
-1.7233	1.05681	5.14653	5.1255
-1.73283	1.05484	5.14555	5.12682
-1.72626	1.05747	5.14489	5.1255
-1.70491	1.06207	5.14522	5.12583
-1.71608	1.05123	5.14522	5.12452
-1.71673	1.0578	5.14522	5.12452
-1.72166	1.0371	5.1439	5.12649
-1.7187	1.03118	5.14325	5.12715
-1.71706	1.03316	5.1439	5.12616
-1.72495	1.03217	5.14456	5.12518
-1.73645	1.04104	5.1439	5.12485
-1.72659	1.0532	5.14522	5.1255
-1.73382	1.04038	5.14653	5.12616
-1.72166	1.04531	5.14719	5.12583
-1.72856	1.04235	5.14555	5.12452
-1.73053	1.02067	5.14325	5.12649
-1.7302	1.02166	5.14357	5.12813
-1.73283	1.04203	5.1439	5.12715
-1.73645	1.05024	5.14489	5.12583
-1.74433	1.04531	5.14522	5.12419
-1.75517	1.03053	5.14357	5.12386
-1.75813	1.02429	5.14062	5.12353
-1.75287	1.0256	5.1416	5.12419
-1.75484	1.02429	5.14325	5.1255
-1.73743	1.04268	5.14555	5.1255
-1.72955	1.04597	5.1462	5.12452
-1.72265	1.04367	5.14456	5.12288
-1.72758	1.05188	5.1439	5.12288
-1.72593	1.0601	5.14325	5.12353
-1.72232	1.06568	5.14259	5.12616
-1.72758	1.0647	5.14062	5.12748
-1.73119	1.06075	5.1416	5.12715
-1.73743	1.05714	5.14226	5.12748
-1.73875	1.05418	5.14226	5.12616
-1.72758	1.05583	5.14226	5.1232
-1.7256	1.05484	5.14127	5.12222
-1.71115	1.05944	5.1393	5.12419
-1.71411	1.07685	5.13733	5.1255
-1.71049	1.08342	5.13733	5.12649
-1.70523	1.08704	5.13996	5.1255
-1.69209	1.08769	5.1416	5.12485
-1.69045	1.09262	5.14193	5.12682
-1.68421	1.08342	5.13996	5.12813
-1.67961	1.07061	5.13832	5.12682
-1.68289	1.06371	5.14062	5.12649
-1.69111	1.05878	5.14226	5.12583
-1.68914	1.05648	5.1416	5.12583
-1.68946	1.06732	5.14062	5.12583
-1.69406	1.05944	5.1416	5.12616
-1.69538	1.06141	5.14259	5.12616
-1.68815	1.07258	5.14292	5.12682
-1.68355	1.08375	5.1439	5.12813
-1.67599	1.09361	5.1439	5.12616
-1.67008	1.09624	5.14423	5.12419
-1.67698	1.09591	5.14423	5.12419
-1.67928	1.09985	5.14259	5.12583
-1.68158	1.09098	5.14226	5.1278
-1.68552	1.10215	5.14259	5.12813
-1.68815	1.08999	5.14423	5.12846
-1.68914	1.07127	5.14653	5.12715
-1.69899	1.06995	5.14653	5.12485
-1.70458	1.06798	5.14489	5.12452
-1.70491	1.06075	5.14259	5.12518
-1.71805	1.05977	5.14259	5.12748
-1.72922	1.04991	5.14259	5.12912
-1.73973	1.04268	5.14325	5.12945
-1.74762	1.04827	5.14423	5.12715
-1.7555	1.03578	5.14357	5.12518
-1.767	1.02954	5.14292	5.12386
-1.77226	1.02199	5.14226	5.12616
-1.77193	1.02297	5.14357	5.12879
-1.78277	1.00819	5.1439	5.12912
-1.79525	0.992745	5.14325	5.12715
-1.7969	0.990774	5.14292	5.1255
-1.79985	0.986503	5.14193	5.12353
-1.80807	0.991102	5.13996	5.12189
-1.81858	0.985517	5.13865	5.12189
-1.81891	0.989131	5.13996	5.12419
-1.81792	0.988803	5.1393	5.12485
-1.81365	0.988803	5.14127	5.12452
-1.81825	0.968433	5.14292	5.1232
-1.81825	0.959891	5.14489	5.12222
-1.82318	0.944121	5.1439	5.12156
-1.81661	0.952663	5.14325	5.12255
-1.81727	0.953649	5.14259	5.12419
-1.82252	0.951677	5.14357	5.12583
-1.82745	0.940835	5.14456	5.12649
-1.82548	0.947406	5.14456	5.1255
-1.83139	0.930651	5.14423	5.1255
-1.83698	0.925394	5.14357	5.12452
-1.83435	0.933608	5.1439	5.12353
-1.83205	0.935579	5.14259	5.12353
-1.82548	0.934593	5.14095	5.12419
-1.82384	0.954963	5.14127	5.12419
-1.82581	0.940835	5.14292	5.12616
-1.8199	0.94215	5.14456	5.12748
-1.82121	0.931965	5.1439	5.12846
-1.82482	0.931308	5.14226	5.1278
-1.83172	0.931965	5.14193	5.12748
-1.84224	0.923423	5.14325	5.12715
-1.84454	0.929994	5.14423	5.12649
-1.84848	0.923094	5.14522	5.12583
-1.84749	0.925065	5.14522	5.1255
-1.83435	0.935907	5.14325	5.12616
-1.84125	0.935907	5.14193	5.12813
-1.84191	0.942478	5.14193	5.12748
-1.83829	0.950692	5.14226	5.12649
-1.83599	0.967119	5.14325	5.12518
-1.83468	0.969419	5.14423	5.12485
-1.82088	0.970733	5.14325	5.12452
-1.82154	0.979932	5.14226	5.12255
-1.82154	0.988803	5.14259	5.12189
-1.82384	0.98026	5.14325	5.12485
-1.82022	0.994388	5.14357	5.12813
-1.81825	1.00129	5.14259	5.12846
-1.8107	1.02396	5.14325	5.12846
-1.81037	1.02527	5.14456	5.1278
-1.80938	1.03053	5.14423	5.1278
-1.80774	1.02954	5.14292	5.12912
-1.8038	1.03546	5.14325	5.12879
-1.79	1.05944	5.14456	5.12748
-1.80084	1.06338	5.14653	5.12748
-1.79953	1.0647	5.14653	5.12682
-1.79328	1.067	5.14653	5.12682
-1.78671	1.07849	5.14423	5.12682
-1.79427	1.07488	5.14193	5.12616
-1.79263	1.07521	5.14062	5.12682
-1.78737	1.06568	5.1439	5.1255
-1.78113	1.07324	5.14423	5.12419
-1.76404	1.08539	5.14357	5.12386
-1.75616	1.09689	5.14259	5.12583
-1.74827	1.09788	5.14127	5.1255
-1.74236	1.10741	5.13963	5.12682
-1.7394	1.10971	5.14095	5.12748
-1.72232	1.1281	5.14226	5.12715
-1.72528	1.13172	5.14555	5.12748
-1.73612	1.13435	5.14522	5.1255
-1.73612	1.13796	5.1439	5.12616
-1.73316	1.13993	5.1439	5.12682
-1.7325	1.13993	5.1439	5.1255
-1.72265	1.13435	5.1439	5.12583
-1.7233	1.13862	5.1439	5.1255
-1.71805	1.15045	5.1416	5.12583
-1.69111	1.17739	5.14029	5.12419
-1.67567	1.17804	5.14062	5.12419
-1.67205	1.18593	5.1416	5.1255
-1.65497	1.20334	5.1416	5.12715
-1.63723	1.22864	5.14292	5.12879
-1.61719	1.23619	5.14456	5.12748
-1.60831	1.24507	5.14456	5.12518
-1.60536	1.26346	5.14456	5.12485
-1.5955	1.26839	5.14555	5.12485
-1.60273	1.25656	5.14555	5.1301
-1.60207	1.25394	5.14357	5.13273
-1.59386	1.25196	5.1439	5.13109
-1.57349	1.26149	5.14555	5.12616
-1.5771	1.25689	5.14653	5.12452
-1.57053	1.27693	5.14587	5.12485
-1.56856	1.27299	5.14456	5.12715
-1.57743	1.27628	5.14423	5.12616
-1.5817	1.28942	5.14423	5.12485
-1.5748	1.29927	5.14456	5.12485
-1.5863	1.30059	5.14456	5.12616
-1.58696	1.2858	5.14292	5.12616
-1.59025	1.2835	5.14325	5.12748
-1.584	1.29238	5.1439	5.1278
-1.58729	1.28219	5.14357	5.12715
-1.58105	1.2904	5.1416	5.1278
-1.58039	1.29697	5.14127	5.12649
-1.5909	1.29008	5.14259	5.12452
-1.59419	1.2904	5.14226	5.12452
-1.60569	1.28416	5.14095	5.12485
-1.59846	1.2881	5.13963	5.12616
-1.60569	1.29599	5.13996	5.1278
-1.61193	1.29599	5.14226	5.12715
-1.61456	1.28219	5.14653	5.1255
-1.62047	1.28416	5.14653	5.12288
-1.62408	1.27923	5.14292	5.12189
-1.6162	1.27726	5.14029	5.12288
-1.607	1.28318	5.14029	5.12419
-1.61883	1.27628	5.13996	5.12419
-1.6185	1.28416	5.13865	5.12452
-1.61324	1.29336	5.13832	5.12452
-1.6185	1.29205	5.14029	5.12583
-1.61916	1.29073	5.14127	5.12682
-1.63296	1.28909	5.14127	5.12583
-1.63296	1.29008	5.14029	5.12649
-1.62408	1.30059	5.13963	5.12682
-1.62671	1.29862	5.13996	5.12649
-1.64741	1.28153	5.14292	5.12518
-1.65234	1.28449	5.14653	5.12419
-1.6645	1.27989	5.14522	5.12583
-1.66581	1.27398	5.14259	5.12616
-1.66581	1.26511	5.14062	5.1255
-1.66712	1.25689	5.14127	5.12518
-1.67632	1.24178	5.14325	5.12518
-1.68257	1.23422	5.1439	5.12485
-1.68421	1.23817	5.1439	5.12386
-1.67928	1.24769	5.14226	5.12419
-1.68782	1.24244	5.14259	5.12682
-1.69439	1.23619	5.14127	5.12912
-1.67961	1.25032	5.14127	5.12846
-1.67994	1.24605	5.14226	5.12649
-1.68684	1.23849	5.14456	5.12715
-1.68454	1.24342	5.14456	5.12682
-1.68782	1.23685	5.14226	5.12715
-1.68782	1.23981	5.14357	5.1255
-1.68946	1.23521	5.14719	5.12353
-1.69965	1.21451	5.14817	5.1232
-1.70655	1.21615	5.14752	5.12419
-1.69702	1.2224	5.14522	5.12452
-1.70228	1.22502	5.14555	5.12518
-1.70096	1.22404	5.1462	5.12419
-1.69768	1.22864	5.14817	5.12353
-1.69439	1.23225	5.1462	5.12485
-1.70392	1.22207	5.14522	5.12649
-1.71706	1.20893	5.14555	5.12748
-1.71279	1.21188	5.14555	5.12879
-1.7187	1.20728	5.14423	5.12912
-1.72593	1.20498	5.14456	5.12977
-1.73283	1.1971	5.14292	5.12945
-1.73316	1.19808	5.14226	5.12649
-1.7348	1.20498	5.14095	5.12485
-1.73612	1.20203	5.1416	5.1232
-1.74367	1.19348	5.14127	5.12353
-1.74729	1.19217	5.14193	5.12616
-1.74762	1.18034	5.14259	5.12846
-1.75353	1.1649	5.14357	5.12748
-1.74729	1.16556	5.14292	5.12583
-1.74072	1.17081	5.14292	5.12419
-1.74433	1.17344	5.14292	5.1232
-1.75517	1.16194	5.14423	5.12353
-1.74992	1.16589	5.14456	5.12485
-1.7532	1.15767	5.14259	5.1255
-1.7624	1.1488	5.14062	5.1255
-1.76996	1.13369	5.14127	5.12518
-1.77357	1.12745	5.1439	5.12419
-1.78343	1.11529	5.14357	5.12518
-1.79	1.11036	5.14325	5.12616
-1.80183	1.09755	5.14259	5.1255
-1.80183	1.10905	5.14127	5.12386
-1.80215	1.10971	5.14259	5.12452
-1.80445	1.11003	5.14489	5.12485
-1.79985	1.11463	5.14587	5.12682
-1.80084	1.11529	5.14653	5.12616
-1.79493	1.11529	5.14555	5.1255
-1.78277	1.12745	5.14423	5.1255
-1.78934	1.11825	5.14456	5.12616
-1.78606	1.11956	5.14325	5.12715
-1.78638	1.1212	5.1416	5.12682
-1.78277	1.12548	5.14226	5.12682
-1.77686	1.12745	5.14423	5.12616
-1.7762	1.1327	5.14489	5.1255
-1.77357	1.12909	5.14489	5.12649
-1.76831	1.1327	5.14357	5.12748
-1.76404	1.14782	5.14292	5.12748
-1.75386	1.15307	5.14259	5.12616
-1.74663	1.15932	5.14193	5.12616
-1.7417	1.17509	5.14292	5.12518
-1.74335	1.18067	5.14456	5.12518
-1.73513	1.19118	5.14555	5.12419
-1.72626	1.20038	5.1439	5.12485
-1.71312	1.21287	5.14226	5.12452
-1.70655	1.22141	5.14226	5.12518
-1.71181	1.22732	5.14259	5.12518
-1.70425	1.23751	5.14325	5.12353
-1.68881	1.25131	5.14357	5.1232
-1.68224	1.25788	5.14259	5.12485
-1.68027	1.26149	5.14259	5.1255
-1.67632	1.26182	5.14292	5.12616
-1.66548	1.27069	5.1439	5.12353
-1.65727	1.27332	5.14357	5.12123
-1.65858	1.27266	5.1416	5.1209
-1.65858	1.26839	5.14062	5.1232
-1.64544	1.27858	5.13996	5.12616
-1.6369	1.27923	5.13996	5.1278
-1.63953	1.27759	5.14226	5.12715
-1.62704	1.28975	5.14489	5.12616
-1.62179	1.28876	5.14522	5.12452
-1.62113	1.28646	5.14292	5.12419
-1.6185	1.28613	5.14062	5.12452
-1.61423	1.28712	5.13996	5.12649
-1.5932	1.30716	5.13963	5.12715
-1.58992	1.30847	5.1416	5.12879
-1.59616	1.30453	5.14193	5.12748
-1.59649	1.29993	5.14423	5.12583
-1.59452	1.30026	5.14522	5.12485
-1.6001	1.30059	5.14292	5.12616
-1.59682	1.3042	5.14062	5.12813
-1.59747	1.3111	5.14259	5.12682
-1.6024	1.30322	5.14357	5.12583
-1.60634	1.29895	5.14653	5.12682
-1.60634	1.29402	5.14719	5.12649
-1.61981	1.29697	5.14522	5.12682
-1.61981	1.29106	5.14423	5.12518
-1.61719	1.29073	5.14292	5.12452
-1.62606	1.27923	5.14193	5.12419
-1.62868	1.2789	5.14325	5.12518
-1.6208	1.28055	5.1439	5.12616
-1.62244	1.27923	5.14193	5.12748
-1.63	1.27923	5.1416	5.12846
-1.6277	1.27299	5.14127	5.12715
-1.63066	1.27168	5.14259	5.12616
-1.6415	1.27135	5.14325	5.12518
-1.63985	1.27233	5.14489	5.1255
-1.63756	1.27759	5.14587	5.1255
-1.6392	1.26839	5.14555	5.12583
-1.6369	1.26839	5.14423	5.12583
-1.63197	1.26971	5.14259	5.12682
-1.63427	1.27036	5.14127	5.12583
-1.64511	1.26116	5.14127	5.12583
-1.65037	1.26281	5.14292	5.12583
-1.64084	1.26839	5.14555	5.12452
-1.64117	1.26248	5.14653	5.12353
-1.64577	1.25788	5.14522	5.12255
-1.65267	1.25295	5.14423	5.1232
-1.65004	1.24375	5.14325	5.1232
-1.64873	1.24638	5.1439	5.1232
-1.65595	1.24178	5.14325	5.12419
-1.65825	1.24375	5.14292	5.1255
-1.66318	1.23061	5.14259	5.12682
-1.66482	1.23488	5.14226	5.12682
-1.6622	1.23455	5.14062	5.12583
-1.67074	1.23192	5.1393	5.12485
-1.66482	1.24572	5.13963	5.1232
-1.66581	1.24474	5.14193	5.12353
-1.67994	1.23324	5.14357	5.12419
-1.68585	1.22897	5.14423	5.12485
-1.68322	1.22207	5.1439	5.12682
-1.69078	1.2109	5.1439	5.1278
-1.69275	1.20728	5.1439	5.1278
-1.69604	1.19184	5.14489	5.12813
-1.70622	1.18461	5.14522	5.1278
-1.71509	1.16851	5.14522	5.12813
-1.71213	1.1626	5.14522	5.12846
-1.72429	1.15439	5.14292	5.12715
-1.72856	1.15669	5.14127	5.12419
-1.72528	1.15734	5.14292	5.12222
-1.73645	1.14157	5.14587	5.1232
-1.74203	1.13566	5.1462	5.12485
-1.7486	1.13402	5.14489	5.12649
-1.74827	1.13205	5.14357	5.12715
-1.744	1.13533	5.14456	5.12715
-1.75287	1.12088	5.14456	5.12748
-1.75287	1.11989	5.14522	5.12682
-1.75846	1.11069	5.14456	5.12452
-1.75452	1.11529	5.14489	5.12518
-1.75846	1.12153	5.14653	5.12452
-1.75649	1.12383	5.1462	5.1255
-1.77357	1.11102	5.14555	5.12616
-1.77751	1.11299	5.14587	5.12748
-1.78277	1.11792	5.14423	5.12649
-1.77916	1.10806	5.14456	5.12485
-1.77489	1.10149	5.14456	5.12353
-1.78277	1.09821	5.14489	5.12386
-1.78606	1.09525	5.14259	5.12715
-1.79788	1.08737	5.14226	5.12846
-1.79493	1.08901	5.14226	5.1278
-1.80018	1.08375	5.14292	5.12649
-1.81037	1.07291	5.14193	5.12616
-1.80577	1.07981	5.14292	5.12649
-1.80872	1.07291	5.14423	5.12748
-1.81135	1.06765	5.14456	5.12715
-1.81562	1.06667	5.14357	5.12616
-1.81398	1.07028	5.14226	5.12649
-1.81332	1.07291	5.1416	5.12682
-1.81464	1.07192	5.14226	5.12715
-1.81431	1.06601	5.14555	5.12846
-1.81168	1.07324	5.14653	5.1278
-1.8061	1.07784	5.14555	5.12912
-1.80248	1.08441	5.14325	5.12945
-1.79493	1.08934	5.14127	5.12813
-1.78868	1.09656	5.1416	5.12682
-1.79361	1.09459	5.1416	5.12485
-1.7923	1.09459	5.14226	5.1255
-1.78638	1.10182	5.14357	5.12715
-1.78211	1.09525	5.14259	5.12748
-1.7877	1.09459	5.14193	5.12715
-1.79197	1.08079	5.14127	5.12649
-1.78901	1.08047	5.1416	5.12452
-1.78244	1.08605	5.14325	5.12386
-1.78638	1.08868	5.14423	5.1255
-1.78573	1.09722	5.14292	5.12715
-1.79098	1.09262	5.14259	5.12879
-1.7739	1.11003	5.14423	5.13043
-1.77127	1.11628	5.14555	5.12846
-1.77686	1.10708	5.14555	5.12485
-1.77718	1.09722	5.14653	5.12386
-1.7624	1.10543	5.14522	5.12518
-1.77029	1.09755	5.14193	5.12682
-1.76141	1.10675	5.1393	5.12616
-1.74992	1.12646	5.13996	5.1255
-1.74926	1.12153	5.14325	5.12649
-1.74762	1.12613	5.14587	5.12715
-1.7325	1.14355	5.14719	5.12616
-1.7256	1.1327	5.14653	5.12583
-1.72265	1.1557	5.14423	5.12682
-1.71969	1.15997	5.14029	5.12682
-1.71542	1.1603	5.1393	5.12813
-1.71805	1.15537	5.14062	5.12748
-1.72035	1.15636	5.1439	5.1255
-1.71016	1.1649	5.1439	5.12452
-1.7164	1.1603	5.14259	5.12583
-1.71805	1.16326	5.14127	5.12452
-1.71443	1.16523	5.1416	5.1255
-1.71246	1.16917	5.14259	5.12616
-1.70556	1.16983	5.14555	5.12583
-1.71082	1.16589	5.1462	5.12485
-1.70425	1.18199	5.14522	5.12485
-1.69078	1.19578	5.14292	5.1255
-1.68585	1.20235	5.14029	5.12583
-1.67764	1.20203	5.14062	5.12649
-1.67632	1.21188	5.1416	5.12583
-1.66515	1.21812	5.14423	5.12748
-1.66384	1.21484	5.14555	5.12715
-1.66088	1.2201	5.14555	5.1255
-1.66417	1.21681	5.14456	5.12583
-1.66548	1.20991	5.14226	5.12616
-1.65792	1.2155	5.14226	5.12616
-1.6392	1.23357	5.14127	5.12682
-1.63493	1.24211	5.14226	5.12682
-1.62967	1.23948	5.14259	5.1255
-1.63558	1.23127	5.14292	5.12485
-1.62573	1.23258	5.14325	5.12616
-1.61719	1.24474	5.14292	5.12649
-1.62113	1.24835	5.14325	5.12715
-1.62638	1.24736	5.1439	5.1255
-1.60799	1.27398	5.1462	5.1232
-1.60503	1.26708	5.14752	5.12288
-1.60372	1.26478	5.14456	5.1232
-1.6001	1.26215	5.14325	5.1255
-1.59846	1.25722	5.1439	5.1255
-1.59517	1.25656	5.14259	5.1255
-1.60667	1.24145	5.14193	5.12583
-1.61883	1.22141	5.14292	5.12583
-1.6346	1.21221	5.1439	5.12485
-1.63723	1.21385	5.14489	5.12452
-1.62704	1.22075	5.1439	5.12616
-1.61817	1.23488	5.14423	5.1255
-1.63	1.23291	5.14357	5.12419
-1.62737	1.23291	5.14193	5.12583
-1.62507	1.22338	5.1416	5.12682
-1.62244	1.22864	5.14226	5.12616
-1.61291	1.23587	5.14292	5.12518
-1.6162	1.23587	5.14193	5.12583
-1.61291	1.24736	5.14193	5.12748
-1.60766	1.24671	5.14226	5.12912
-1.61489	1.24835	5.14226	5.12879
-1.6231	1.24277	5.14193	5.1278
-1.62441	1.24704	5.1416	5.12649
-1.62474	1.23619	5.1416	5.12419
-1.62704	1.24605	5.13996	5.12518
-1.62868	1.24342	5.1393	5.12715
-1.62376	1.24441	5.14029	5.1278
-1.61719	1.25525	5.14259	5.12945
-1.62376	1.24704	5.14456	5.12879
-1.62638	1.24408	5.14489	5.1278
-1.61751	1.25492	5.14259	5.12912
-1.61784	1.25525	5.14127	5.12912
-1.61883	1.27332	5.14095	5.12879
-1.62606	1.27431	5.1439	5.12682
-1.63098	1.26806	5.14522	5.12649
-1.63985	1.26182	5.14522	5.12682
-1.65267	1.25164	5.14423	5.12682
-1.65661	1.24835	5.14423	5.12649
-1.66055	1.23981	5.14456	5.12682
-1.66811	1.24934	5.14423	5.12748
-1.67698	1.22897	5.14259	5.12682
-1.68027	1.21681	5.14292	5.12616
-1.68158	1.21287	5.14357	5.12649
-1.68289	1.20301	5.14292	5.1255
-1.68881	1.19381	5.14226	5.12616
-1.69998	1.18921	5.14259	5.12616
-1.71049	1.17837	5.14423	5.12583
-1.71049	1.17936	5.14423	5.1278
-1.70918	1.17903	5.14325	5.12879
-1.70852	1.1787	5.1439	5.12748
-1.70622	1.17509	5.14357	5.1255
-1.72396	1.13336	5.14423	5.12452
-1.72889	1.12318	5.1439	5.12518
-1.73612	1.11595	5.14423	5.12583
-1.72988	1.12613	5.14489	5.1255
-1.74466	1.10938	5.14456	5.12485
-1.75616	1.10116	5.14193	5.12485
-1.76897	1.08539	5.14193	5.12649
-1.76601	1.08112	5.14292	5.12682
-1.77324	1.0624	5.14587	5.12748
-1.77456	1.06108	5.14785	5.12715
-1.77948	1.05484	5.1462	5.12583
-1.77653	1.06075	5.14423	5.12518
-1.7854	1.05615	5.14489	5.12616
-1.79131	1.04498	5.14587	5.12649
-1.80051	1.0371	5.14587	5.12715
-1.80445	1.021	5.14555	5.12846
-1.80577	1.0233	5.14259	5.12616
-1.81792	1.01049	5.14095	5.12485
-1.83107	1.00063	5.14325	5.1232
-1.83238	0.986174	5.14587	5.1232
-1.84355	0.98026	5.14456	5.12649
-1.84684	0.975661	5.14357	5.12846
-1.85012	0.977961	5.14587	5.1301
-1.85669	0.968104	5.14686	5.12912
-1.84815	0.985189	5.14587	5.12682
-1.85768	0.966462	5.14719	5.12518
-1.85702	0.948392	5.14719	5.12452
-1.85571	0.939193	5.14587	5.1255
-1.85439	0.950692	5.14423	5.1255
-1.85702	0.944121	5.14259	5.12485
-1.85801	0.953977	5.1416	5.12288
-1.85505	0.970404	5.14292	5.12353
-1.85111	0.970733	5.14587	5.12452
-1.84651	0.971718	5.14489	5.1255
-1.83797	0.984203	5.14325	5.12616
-1.83895	0.98716	5.14259	5.12583
-1.84388	0.977304	5.14456	5.1255
-1.84684	0.962848	5.14686	5.12682
-1.84454	0.970404	5.14752	5.12846
-1.84125	0.979275	5.14522	5.12945
-1.82942	0.997673	5.14127	5.12977
-1.82877	1.00194	5.13963	5.12879
-1.81661	1.00687	5.13963	5.1278
-1.79887	1.01903	5.14062	5.12715
-1.7923	1.03217	5.14193	5.1278
-1.7877	1.03151	5.14259	5.12813
-1.77916	1.03841	5.1439	5.1301
-1.77456	1.0394	5.14357	5.13109
-1.767	1.044	5.14292	5.12813
-1.7463	1.04991	5.14226	5.12682
-1.74959	1.04695	5.14259	5.12583
-1.7348	1.04761	5.14357	5.12518
-1.7302	1.06798	5.14325	5.12485
-1.73086	1.06141	5.1416	5.12518
-1.71148	1.07652	5.13963	5.12583
-1.69669	1.10182	5.13963	5.1278
-1.69144	1.12613	5.14193	5.12813
-1.68881	1.11989	5.14357	5.12649
-1.68454	1.12745	5.14522	5.1255
-1.67632	1.11726	5.14456	5.1255
-1.67139	1.12285	5.1439	5.12518
-1.65694	1.13336	5.14292	5.12583
-1.66121	1.13862	5.14259	5.1278
-1.65168	1.14355	5.14259	5.12682
-1.65267	1.14585	5.14325	5.12682
-1.653	1.1626	5.1439	5.12616
-1.6484	1.17509	5.14357	5.12419
-1.65431	1.16884	5.14325	5.12518
-1.64971	1.16359	5.14325	5.1255
-1.64741	1.16096	5.14193	5.12485
-1.64413	1.16162	5.1416	5.12353
-1.63066	1.17443	5.1416	5.12452
-1.64215	1.158	5.14259	5.12583
-1.64117	1.16162	5.14423	5.1255
-1.64478	1.1534	5.14489	5.12518
-1.64807	1.15537	5.14489	5.12583
-1.64905	1.13993	5.14456	5.12616
-1.65497	1.13238	5.14292	5.12616
-1.66975	1.12219	5.14357	5.12715
-1.67895	1.11792	5.14489	5.12715
-1.66285	1.12515	5.14456	5.12649
-1.67107	1.11923	5.14325	5.1255
-1.67895	1.12383	5.14357	5.1255
-1.67632	1.13435	5.14259	5.12649
-1.67895	1.13862	5.14226	5.12649
-1.67764	1.15012	5.14357	5.1255
-1.68848	1.1442	5.14357	5.1255
-1.68914	1.15833	5.14325	5.12649
-1.69144	1.15734	5.14193	5.12748
-1.69308	1.15866	5.14193	5.12682
-1.68322	1.1764	5.14423	5.12583
-1.66942	1.17771	5.14522	5.12485
-1.68355	1.17476	5.14423	5.1255
-1.68257	1.18428	5.1439	5.12748
-1.68782	1.17607	5.14456	5.12715
-1.68552	1.18888	5.14456	5.12649
-1.67599	1.19086	5.14522	5.12583
-1.66581	1.19578	5.14653	5.12649
-1.66154	1.18593	5.14653	5.12748
-1.65727	1.18297	5.14686	5.1278
-1.65595	1.17969	5.14489	5.12748
-1.66285	1.1787	5.14292	5.12682
-1.66285	1.16523	5.14259	5.12419
-1.64873	1.16227	5.14292	5.12156
-1.6553	1.15833	5.1439	5.12288
-1.6553	1.16063	5.14456	5.12616
-1.66647	1.15537	5.14456	5.1255
-1.66417	1.15702	5.14489	5.12715
-1.66877	1.15045	5.14456	5.1278
-1.66778	1.14979	5.14259	5.12583
-1.65924	1.15077	5.13963	5.12419
-1.66055	1.15504	5.13996	5.12485
-1.66285	1.1557	5.14127	5.1255
-1.65957	1.15143	5.14325	5.12485
-1.65201	1.15833	5.14292	5.12386
-1.64544	1.15702	5.14259	5.12288
-1.65694	1.15373	5.14193	5.12452
-1.66614	1.1465	5.14226	5.12485
-1.66614	1.14092	5.14325	5.12485
-1.67534	1.1327	5.14555	5.12353
-1.67698	1.1258	5.14555	5.12255
-1.69209	1.1258	5.14292	5.12288
-1.69965	1.12712	5.14127	5.1255
-1.69538	1.1304	5.14357	5.12748
-1.68848	1.13468	5.1439	5.1278
-1.69341	1.13238	5.14522	5.1255
-1.69768	1.1281	5.14357	5.1232
-1.71082	1.11726	5.14292	5.12222
-1.71312	1.11529	5.14325	5.12222
-1.72133	1.10281	5.14325	5.12386
-1.73283	1.09098	5.14423	5.12583
-1.72035	1.11003	5.14522	5.12682
-1.73152	1.10412	5.14555	5.12649
-1.74006	1.07981	5.14653	5.12485
-1.74335	1.07389	5.14686	5.12386
-1.75057	1.07291	5.14456	5.12682
-1.75123	1.07192	5.14226	5.1278
-1.76799	1.0647	5.14226	5.12879
-1.76601	1.0693	5.14423	5.12879
-1.78211	1.06437	5.14555	5.12748
-1.7808	1.06272	5.14555	5.12518
-1.76897	1.06601	5.14522	5.12353
-1.76996	1.07948	5.1439	5.12452
-1.78211	1.07455	5.1416	5.1255
-1.78671	1.06798	5.14259	5.12616
-1.78277	1.06141	5.1439	5.12583
-1.7785	1.05583	5.14357	5.12518
-1.78376	1.04433	5.14423	5.12485
-1.78211	1.05188	5.14357	5.12518
-1.77718	1.05583	5.14259	5.12715
-1.7854	1.03841	5.14127	5.12846
-1.77883	1.0325	5.14127	5.1301
-1.78441	1.03217	5.14226	5.13043
-1.78836	1.02888	5.14325	5.1278
-1.7923	1.0164	5.14423	5.12748
-1.79394	1.01739	5.14456	5.12813
-1.79985	1.03118	5.1439	5.12813
-1.7992	1.0279	5.14456	5.12748
-1.79197	1.01443	5.14489	5.12583
-1.78901	1.01377	5.14555	5.12353
-1.78474	1.00293	5.14555	5.12222
-1.78803	0.999644	5.1439	5.12386
-1.78671	1.00096	5.14259	5.12518
-1.78244	1.00622	5.14062	5.12748
-1.767	1.00194	5.1416	5.12879
-1.76897	0.995702	5.14357	5.12879
-1.76667	0.995373	5.14456	5.12748
-1.75649	1.00326	5.14489	5.12682
-1.74959	1.01936	5.1462	5.12452
-1.75682	1.00622	5.14653	5.12583
-1.76437	0.996359	5.14456	5.12879
-1.74926	0.994388	5.14127	5.12715
-1.73415	1.00457	5.14062	5.12616
-1.74302	1.01311	5.14226	5.12616
-1.75123	1.00786	5.14325	5.1255
-1.7578	1.00392	5.14357	5.12518
-1.75977	1.01541	5.14325	5.12583
-1.76536	1.00852	5.1416	5.12682
-1.77489	0.995045	5.1416	5.12682
-1.79328	0.980918	5.14292	5.1255
-1.80675	0.980589	5.14489	5.12386
-1.79788	0.987817	5.14653	5.12583
-1.8107	0.978618	5.14489	5.12616
-1.8107	0.983546	5.14292	5.12682
-1.8084	0.980589	5.14292	5.12583
-1.81365	0.981246	5.14522	5.12583
-1.80577	0.989788	5.14522	5.12452
-1.81332	0.990445	5.14357	5.12419
-1.82121	0.992088	5.14226	5.12419
-1.81858	0.993402	5.14193	5.12485
-1.81464	1.00194	5.14029	5.12583
-1.81365	1.01377	5.14062	5.12452
-1.80872	1.02297	5.14259	5.12353
-1.8084	1.02856	5.14555	5.1232
-1.8153	1.02396	5.14653	5.12649
-1.81825	1.01344	5.1462	5.12682
-1.83107	1.0026	5.14357	5.12682
-1.82252	1.01476	5.14127	5.12813
-1.82482	1.0095	5.14029	5.12879
-1.82778	1.01279	5.14095	5.13043
-1.82942	1.00457	5.14029	5.13109
-1.83139	1.00622	5.14095	5.12846
-1.83797	1.01509	5.14193	5.12715
-1.84092	1.0049	5.1416	5.1278
-1.82877	1.02001	5.13996	5.12616
-1.82417	1.02199	5.14029	5.12649
-1.81891	1.0348	5.14095	5.12583
-1.81234	1.044	5.14292	5.12485
-1.8084	1.04006	5.14325	5.1255
-1.8107	1.02921	5.14357	5.1255
-1.79985	1.04301	5.1439	5.12485
-1.79558	1.0578	5.14292	5.12518
-1.78244	1.06962	5.14226	5.12682
-1.77259	1.07094	5.14357	5.1278
-1.76339	1.09985	5.14555	5.1255
-1.75747	1.10741	5.14817	5.1232
-1.74466	1.12219	5.14752	5.12419
-1.73447	1.12778	5.14522	5.1255
-1.73349	1.12383	5.14292	5.12616
-1.71575	1.13172	5.14456	5.12715
-1.72068	1.12383	5.14587	5.12748
-1.70293	1.14946	5.14817	5.12682
-1.69472	1.17213	5.14949	5.12518
-1.69439	1.16819	5.14752	5.1232
-1.68486	1.16917	5.14423	5.1232
-1.67534	1.16917	5.1416	5.12649
-1.64051	1.20367	5.14127	5.12583
-1.64018	1.19874	5.1439	5.12485
-1.64281	1.1994	5.14423	5.12288
-1.63	1.21747	5.1439	5.1232
-1.62408	1.23685	5.1439	5.12616
-1.61817	1.24835	5.14456	5.12879
-1.62277	1.24572	5.14522	5.1301
-1.62441	1.23751	5.14357	5.12715
-1.62901	1.227	5.14325	5.12419
-1.6208	1.23028	5.14489	5.12255
-1.63788	1.22141	5.14587	5.12255
-1.64084	1.21648	5.14456	5.12288
-1.64643	1.22075	5.14226	5.1232
-1.65562	1.2224	5.14127	5.12353
-1.64314	1.23619	5.14325	5.12353
-1.64708	1.23554	5.14522	5.12386
-1.65431	1.22667	5.14555	5.12518
-1.66318	1.21878	5.14555	5.12616
-1.67271	1.21977	5.14226	5.12616
-1.68716	1.22141	5.14029	5.12682
-1.68191	1.21911	5.13897	5.12879
-1.69505	1.20794	5.13963	5.12748
-1.69801	1.20268	5.14127	5.1255
-1.69932	1.20071	5.14095	5.12518
-1.69965	1.20465	5.13963	5.12419
-1.71246	1.19776	5.14029	5.1232
-1.70819	1.18888	5.1416	5.12386
-1.71082	1.18724	5.14127	5.12353
-1.72035	1.18658	5.14259	5.12419
-1.73119	1.17377	5.14456	5.1255
-1.72659	1.18527	5.14423	5.12518
-1.72593	1.18724	5.14292	5.12419
-1.72626	1.17837	5.14292	5.12353
-1.7279	1.17279	5.14292	5.1232
-1.74072	1.15307	5.14325	5.1232
-1.73316	1.14913	5.14423	5.12353
-1.74105	1.14256	5.14522	5.12288
-1.75616	1.13008	5.14325	5.12419
-1.75682	1.11726	5.14259	5.12616
-1.75222	1.11299	5.14325	5.12616
-1.7509	1.10051	5.14423	5.12583
-1.75813	1.09722	5.14522	5.1255
-1.75977	1.08934	5.14522	5.12419
-1.7578	1.08704	5.14653	5.12452
-1.75353	1.07718	5.14587	5.1255
-1.75747	1.07751	5.1439	5.12452
-1.75484	1.07817	5.14292	5.12518
-1.7578	1.07751	5.14292	5.1255
-1.76437	1.06371	5.14226	5.12419
-1.76897	1.05254	5.1439	5.1232
-1.76799	1.04663	5.1462	5.12222
-1.76207	1.05615	5.1462	5.12025
-1.7647	1.05057	5.14587	5.12255
-1.76963	1.04663	5.14489	5.12518
-1.78178	1.03053	5.14423	5.12682
-1.78047	1.02396	5.14423	5.12616
-1.7831	1.02691	5.14423	5.1255
-1.77127	1.03217	5.14522	5.12649
-1.77259	1.0325	5.14555	5.1278
-1.77259	1.04301	5.14456	5.1278
-1.7762	1.03086	5.14292	5.12682
-1.78474	1.02823	5.14193	5.12616
-1.79361	1.01673	5.14127	5.12518
-1.79985	1.00622	5.14193	5.12288
-1.813	1.0072	5.14259	5.12255
-1.82055	0.999644	5.14325	5.12419
-1.8199	0.993074	5.14522	5.12616
-1.81628	1.00884	5.14522	5.12682
-1.81562	1.01213	5.1439	5.12715
-1.82318	1.00983	5.14325	5.1278
-1.83797	1.0026	5.14522	5.12846
-1.84618	0.994388	5.14587	5.12748
-1.85439	0.986174	5.14489	5.12813
-1.85176	0.987488	5.14489	5.12945
-1.85998	0.980589	5.1439	5.1278
-1.87246	0.958905	5.1439	5.12583
-1.87739	0.949049	5.14489	5.12353
-1.87673	0.951349	5.14653	5.12255
-1.88232	0.941164	5.14752	5.1232
-1.87936	0.953977	5.14817	5.12452
-1.88199	0.95332	5.14686	5.1255
-1.89053	0.947735	5.14325	5.12518
-1.8948	0.935579	5.14226	5.12583
-1.8925	0.941164	5.14226	5.1255
-1.88298	0.959234	5.14193	5.12452
-1.8787	0.964162	5.14325	5.12518
-1.881	0.958905	5.14325	5.12452
-1.88396	0.948063	5.14357	5.12485
-1.8856	0.938536	5.1416	5.12353
-1.88429	0.940835	5.1416	5.12419
-1.8833	0.937879	5.14325	5.12518
-1.87903	0.934922	5.14423	5.12518
-1.87345	0.938864	5.14325	5.12419
-1.85899	0.967119	5.1416	5.12649
-1.85111	0.977632	5.14029	5.12748
-1.84684	0.977632	5.14325	5.12682
-1.85045	0.976318	5.1439	5.12452
-1.84388	0.976647	5.14456	5.12518
-1.83337	0.980918	5.14357	5.1255
-1.82647	0.99603	5.14325	5.12583
-1.80938	1.00392	5.14193	5.12452
-1.79131	1.02034	5.14193	5.12518
-1.78638	1.01903	5.14423	5.12649
-1.77653	1.02166	5.14456	5.12813
-1.76306	1.02987	5.14456	5.12649
-1.7555	1.0532	5.14292	5.1255
-1.744	1.04925	5.14062	5.12583
-1.74105	1.06338	5.13897	5.12649
-1.73645	1.067	5.13996	5.12682
-1.7302	1.06667	5.1439	5.1278
-1.7233	1.07587	5.14587	5.12912
-1.71443	1.08802	5.14423	5.12945
-1.70721	1.09492	5.14259	5.1278
-1.70096	1.09525	5.1416	5.1255
-1.69209	1.11003	5.14193	5.12419
-1.67994	1.11759	5.14095	5.12419
-1.68257	1.11923	5.14193	5.12682
-1.67599	1.12022	5.14456	5.12682
-1.66121	1.13697	5.14489	5.12452
-1.65661	1.1488	5.1439	5.12255
-1.64445	1.1488	5.14259	5.12189
-1.64807	1.14749	5.14226	5.1232
-1.64314	1.1741	5.14292	5.12518
-1.64774	1.16753	5.1439	5.12682
-1.64445	1.18593	5.14456	5.1255
-1.65595	1.1833	5.14423	5.12583
-1.65168	1.1902	5.14292	5.12583
-1.64708	1.18987	5.1416	5.12583
-1.64084	1.19808	5.14193	5.12649
-1.64544	1.19447	5.1439	5.12715
-1.6553	1.1925	5.14489	5.12616
-1.67567	1.18954	5.14456	5.12518
-1.67994	1.18461	5.1439	5.12222
-1.68158	1.18757	5.14226	5.12255
-1.69439	1.19348	5.13996	5.12452
-1.69768	1.19808	5.13897	5.12583
-1.70885	1.18297	5.14029	5.12649
-1.71838	1.18133	5.1439	5.12682
-1.72363	1.17377	5.14555	5.12649
-1.72823	1.15636	5.14653	5.12485
-1.72725	1.15472	5.14489	5.12452
-1.73217	1.1557	5.14127	5.12583
-1.74532	1.14289	5.13996	5.12616
-1.74597	1.14026	5.13963	5.12748
-1.73875	1.13566	5.13996	5.12682
-1.7394	1.12778	5.14095	5.12616
-1.73382	1.12778	5.14062	5.12518
-1.71772	1.14355	5.14259	5.12485
-1.71345	1.1488	5.14489	5.12682
-1.71969	1.16129	5.14785	5.12813
-1.71903	1.15964	5.14949	5.12616
-1.72692	1.14617	5.14686	5.12518
-1.71575	1.16162	5.14226	5.1255
-1.70885	1.17607	5.1416	5.1255
-1.69669	1.18001	5.14193	5.12715
-1.67862	1.18396	5.14062	5.12813
-1.67599	1.19217	5.14062	5.12846
-1.67369	1.20104	5.14423	5.12912
-1.67862	1.20038	5.14555	5.1278
-1.65858	1.19644	5.14555	5.12682
-1.6553	1.18856	5.14226	5.12748
-1.64708	1.18724	5.14029	5.12715
-1.63361	1.19283	5.14029	5.12649
-1.63263	1.19151	5.14193	5.12715
-1.63394	1.19447	5.14423	5.1278
-1.64413	1.18461	5.1462	5.12616
-1.63756	1.16851	5.14522	5.12715
-1.63854	1.15964	5.14259	5.12846
-1.63394	1.15439	5.1416	5.1278
-1.63394	1.15504	5.14259	5.1255
-1.64084	1.15406	5.14423	5.1232
-1.65891	1.15176	5.14522	5.12419
-1.66712	1.14683	5.14555	5.12485
-1.65595	1.15997	5.14456	5.12419
-1.66614	1.16129	5.14325	5.12419
-1.67074	1.14585	5.14292	5.1255
-1.67337	1.13993	5.1439	5.12452
-1.67928	1.13599	5.14292	5.12288
-1.69242	1.1373	5.14325	5.1232
-1.70359	1.12548	5.1439	5.12386
-1.7187	1.10478	5.14325	5.12485
-1.73316	1.07718	5.14095	5.12485
-1.74269	1.07619	5.13996	5.12452
-1.74827	1.07784	5.13963	5.12518
-1.74992	1.08014	5.1416	5.12682
-1.76207	1.07685	5.14456	5.12485
-1.76536	1.07849	5.14653	5.1232
-1.77981	1.06338	5.1462	5.12353
-1.78704	1.05911	5.14325	5.12386
-1.79098	1.05188	5.14193	5.12419
-1.7969	1.0555	5.14357	5.1255
-1.8015	1.04958	5.14522	5.1255
-1.80478	1.04203	5.14522	5.12452
-1.81234	1.03447	5.14522	5.12222
-1.81792	1.02626	5.14357	5.12189
-1.81431	1.02067	5.14325	5.12419
-1.83041	1.00063	5.1439	5.1255
-1.83238	0.998659	5.1439	5.1255
-1.83468	1.0003	5.14292	5.12583
-1.83797	0.988474	5.1416	5.12419
-1.85209	0.979932	5.1416	5.12189
-1.84946	0.98946	5.14292	5.1232
-1.83501	1.00983	5.14325	5.12583
-1.83599	1.0049	5.14226	5.12748
-1.83238	1.0003	5.14226	5.12879
-1.83238	0.987488	5.1439	5.12682
-1.82055	1.00063	5.14423	5.12518
-1.81431	0.998987	5.14456	5.12518
-1.81628	0.995045	5.14193	5.12682
-1.8153	1.00129	5.13963	5.12748
-1.80741	1.00654	5.13996	5.12649
-1.79723	1.00457	5.14226	5.12649
-1.7946	1.00227	5.14357	5.12583
-1.81168	0.991431	5.14423	5.12452
-1.80938	0.99603	5.1439	5.12452
-1.8061	0.988145	5.14292	5.12452
-1.80577	0.992088	5.14226	5.1255
-1.80544	0.991431	5.14292	5.12616
-1.80347	0.979275	5.14292	5.12485
-1.79164	0.987488	5.14193	5.12682
-1.80478	0.964162	5.14193	5.12748
-1.78638	0.977304	5.14226	5.12682
-1.78047	0.977961	5.1439	5.12583
-1.77291	0.985846	5.14489	5.12616
-1.77291	0.981903	5.14357	5.12649
-1.76437	0.977961	5.1439	5.12649
-1.76076	0.978946	5.1439	5.12616
-1.75813	0.970404	5.14357	5.12452
-1.76273	0.975004	5.14325	5.12353
-1.75747	0.977632	5.14226	5.1255
-1.7509	0.985846	5.14062	5.12748
-1.75254	0.991759	5.14029	5.13076
-1.74926	0.998002	5.14029	5.12977
-1.75452	0.998659	5.14127	5.12583
-1.75977	1.01804	5.14325	5.12485
-1.75912	1.0233	5.14259	5.12518
-1.75583	1.03611	5.14193	5.12649
-1.74992	1.05221	5.14095	5.12715
-1.74893	1.05155	5.14062	5.12715
-1.75846	1.05451	5.1416	5.12846
-1.74729	1.06831	5.14423	5.12879
-1.76141	1.06765	5.14719	5.12715
-1.767	1.06667	5.14653	5.12682
-1.76339	1.06667	5.14095	5.12649
-1.75287	1.08408	5.13897	5.12616
-1.75649	1.07784	5.14095	5.1255
-1.75386	1.08572	5.14292	5.12583
-1.74762	1.08835	5.1439	5.12222
-1.73743	1.10412	5.14489	5.12222
-1.73053	1.10905	5.14489	5.12255
-1.72889	1.12055	5.14522	5.12485
-1.72922	1.13238	5.1439	5.12715
-1.7233	1.13238	5.14423	5.12616
-1.73447	1.11365	5.14357	5.12485
-1.7256	1.12975	5.14193	5.1255
-1.72298	1.1327	5.14062	5.12583
-1.71805	1.13106	5.13996	5.12485
-1.71936	1.12975	5.1416	5.12518
-1.71969	1.12515	5.14193	5.12485
-1.71279	1.12383	5.14127	5.12518
-1.69012	1.14782	5.14357	5.12452
-1.68519	1.14749	5.14456	5.12255
-1.68289	1.15274	5.14587	5.12386
-1.67599	1.15866	5.14555	5.12813
-1.66088	1.16884	5.14456	5.12879
-1.66877	1.15669	5.14423	5.12912
-1.66022	1.17771	5.1439	5.12879
-1.65234	1.18527	5.14456	5.1278
-1.64051	1.18034	5.14423	5.12518
-1.63098	1.18527	5.14456	5.12419
-1.62803	1.17016	5.14489	5.12353
-1.61949	1.16424	5.14325	5.12518
-1.6162	1.1741	5.14292	5.12649
-1.61193	1.18001	5.14489	5.1278
-1.59912	1.18199	5.1462	5.1278
-1.5909	1.17279	5.14423	5.1255
-1.58236	1.18067	5.1439	5.1255
-1.57119	1.18396	5.14325	5.12682
-1.57185	1.18396	5.14259	5.12748
-1.55838	1.20564	5.14127	5.12846
-1.55706	1.21024	5.14325	5.12846
-1.54786	1.21648	5.14587	5.12682
-1.54885	1.21353	5.14752	5.12452
-1.55246	1.21977	5.1462	5.12485
-1.55542	1.21977	5.1439	5.12682
-1.55476	1.23225	5.14193	5.12682
-1.54655	1.23882	5.1416	5.12682
-1.56265	1.22108	5.14325	5.12682
-1.56626	1.23094	5.14357	5.12452
-1.57743	1.22437	5.1416	5.12288
-1.58433	1.22108	5.13996	5.12255
-1.59944	1.22535	5.1393	5.12288
-1.60963	1.22897	5.1393	5.12485
-1.59813	1.2132	5.1393	5.12485
-1.62408	1.20761	5.14062	5.12386
-1.62343	1.20597	5.14062	5.12255
-1.62868	1.20203	5.14127	5.12288
-1.64084	1.19283	5.1416	5.12518
-1.66088	1.15964	5.14193	5.1278
-1.66581	1.14519	5.14062	5.12879
-1.68092	1.14913	5.14095	5.1278
-1.68092	1.15472	5.14193	5.1255
-1.68585	1.15899	5.14423	5.1232
-1.69209	1.15932	5.14489	5.12419
-1.69965	1.15045	5.1439	5.12583
-1.70293	1.13599	5.14193	5.12715
-1.71115	1.12383	5.14226	5.12682
-1.70622	1.12515	5.14325	5.12452
-1.71148	1.12613	5.14456	5.12288
-1.71213	1.11825	5.1439	5.12189
-1.72363	1.09755	5.14325	5.12222
-1.73677	1.09624	5.14325	5.12452
-1.72725	1.10149	5.14325	5.12682
-1.72889	1.10051	5.14423	5.12715
-1.74006	1.09262	5.14423	5.1255
-1.7417	1.08671	5.14292	5.12452
-1.75419	1.08835	5.14259	5.12353
-1.75747	1.07554	5.14325	5.12386
-1.76306	1.06667	5.14423	5.12518
-1.76437	1.0601	5.1439	5.12715
-1.76437	1.05221	5.14226	5.12715
-1.77291	1.04794	5.14325	5.12748
-1.77554	1.04695	5.14522	5.12748
-1.78507	1.03874	5.14686	5.12485
-1.78507	1.03348	5.14357	5.1255
-1.78408	1.03184	5.1416	5.12616
-1.78178	1.02823	5.14127	5.12583
-1.77686	1.02396	5.14259	5.12682
-1.7762	1.02264	5.14489	5.12813
-1.77357	1.01739	5.14686	5.12846
-1.76601	1.02626	5.14653	5.12977
-1.7785	1.0256	5.14357	5.12912
-1.7785	1.01903	5.14029	5.12813
-1.77423	1.01246	5.1416	5.12813
-1.77357	1.01377	5.14456	5.12945
-1.77916	1.01771	5.14587	5.13043
-1.78474	1.01837	5.14555	5.13043
-1.78113	1.01739	5.1439	5.12879
-1.78343	1.01771	5.14095	5.12715
-1.80051	0.999644	5.14095	5.12485
-1.80544	1.0003	5.14325	5.12485
-1.8176	1.00884	5.14423	5.12879
-1.83139	1.01476	5.14489	5.13043
-1.83829	1.01213	5.1462	5.12879
-1.84092	1.01706	5.14653	5.12748
-1.84158	1.0072	5.14357	5.12682
-1.84848	1.00162	5.14193	5.12616
-1.84388	1.0118	5.14292	5.12485
-1.83632	1.01541	5.14489	5.12452
-1.83961	1.00917	5.14752	5.1232
-1.84552	1.01607	5.14785	5.12485
-1.85209	1.00753	5.14489	5.12518
-1.85209	1.00786	5.14127	5.12353
-1.84946	1.01476	5.14062	5.12419
-1.84289	1.03118	5.14325	5.12682
-1.83764	1.03184	5.14555	5.12682
-1.83961	1.02856	5.14785	5.1255
-1.84256	1.03414	5.14752	5.1255
-1.83994	1.04071	5.14522	5.12288
-1.82877	1.0601	5.14292	5.12419
-1.82482	1.06601	5.14127	5.12583
-1.81661	1.07127	5.1416	5.12485
-1.81464	1.06798	5.14325	5.12485
-1.80445	1.09196	5.14522	5.1232
-1.79525	1.09525	5.14489	5.12386
-1.78934	1.08769	5.1439	5.12452
-1.78836	1.08737	5.14226	5.12682
-1.79394	1.07784	5.14456	5.1278
-1.78803	1.09689	5.14522	5.12846
-1.77686	1.09032	5.14456	5.12616
-1.77291	1.09262	5.14292	5.1232
-1.75714	1.10609	5.14357	5.1232
-1.76437	1.09459	5.14292	5.12485
-1.76076	1.09558	5.14259	5.12518
-1.76404	1.09328	5.14357	5.1278
-1.74762	1.09919	5.14423	5.12912
-1.74466	1.09854	5.14489	5.12682
-1.73677	1.10675	5.14489	5.12518
-1.73875	1.10576	5.14423	5.12649
-1.72199	1.11332	5.14423	5.1278
-1.72495	1.12712	5.14325	5.12748
-1.71673	1.13402	5.14193	5.12583
-1.70031	1.15537	5.14259	5.12452
-1.70228	1.14979	5.14423	5.12386
-1.69899	1.15406	5.14423	5.12386
-1.68749	1.17804	5.14259	5.1255
-1.6645	1.19217	5.14226	5.12583
-1.65628	1.21188	5.14226	5.12518
-1.64478	1.23357	5.14325	5.12353
-1.64117	1.24079	5.14259	5.1232
-1.63098	1.25164	5.14325	5.1232
-1.63	1.26018	5.1439	5.12255
-1.61521	1.26018	5.14226	5.12255
-1.60339	1.26215	5.14095	5.12485
-1.59386	1.28219	5.14127	5.12616
-1.57776	1.29763	5.14325	5.1255
-1.57875	1.29993	5.14555	5.12386
-1.57513	1.3111	5.14587	5.12255
-1.57316	1.32162	5.14489	5.1232
-1.57185	1.3088	5.14325	5.12353
-1.56495	1.31833	5.14357	5.12353
-1.57349	1.31833	5.14325	5.12649
-1.57776	1.3134	5.14325	5.1278
-1.57316	1.31997	5.14423	5.12649
-1.55739	1.32227	5.14456	5.12616
-1.56889	1.31077	5.14456	5.12452
-1.5656	1.30486	5.14325	5.12616
-1.55608	1.31636	5.1439	5.12583
-1.56889	1.30223	5.14423	5.12485
-1.58203	1.29862	5.14555	5.12583
-1.58893	1.3065	5.14785	5.12518
-1.58729	1.29369	5.1485	5.12518
-1.57907	1.3157	5.14752	5.1255
-1.58729	1.31077	5.14423	5.12616
-1.58367	1.31176	5.14193	5.12616
-1.58072	1.32227	5.14292	5.12715
-1.58269	1.31209	5.1439	5.1255
-1.58827	1.30256	5.14456	5.12386
-1.5748	1.2973	5.14587	5.12419
-1.56922	1.29895	5.14587	5.12583
-1.59025	1.27923	5.1439	5.12748
-1.59879	1.26281	5.1416	5.1278
-1.59846	1.25886	5.14095	5.12649
-1.59156	1.26708	5.14259	5.12452
-1.58236	1.27069	5.14423	5.1232
-1.57612	1.28416	5.14357	5.12255
-1.57152	1.28975	5.1416	5.12452
-1.58137	1.27562	5.14062	5.12748
-1.5817	1.27595	5.1416	5.12715
-1.58466	1.26708	5.14259	5.12386
-1.59386	1.25985	5.1439	5.12222
-1.59649	1.25558	5.1439	5.12189
-1.61423	1.23554	5.1439	5.12189
-1.62868	1.21878	5.14522	5.12419
-1.63427	1.22535	5.14522	5.12485
-1.6438	1.20367	5.14587	5.12583
-1.63328	1.20367	5.14522	5.12715
-1.65037	1.18626	5.14522	5.12748
-1.65464	1.18987	5.14522	5.12518
-1.66318	1.1718	5.14423	5.12583
-1.65464	1.15899	5.14357	5.12682
-1.64741	1.17213	5.14522	5.12813
-1.65103	1.17509	5.14489	5.12813
-1.653	1.18034	5.14522	5.12715
-1.66581	1.16589	5.14587	5.12715
-1.64544	1.17969	5.1462	5.12616
-1.65398	1.18034	5.14357	5.12518
-1.66778	1.17673	5.14029	5.12386
-1.66975	1.16227	5.13897	5.12485
-1.67271	1.1626	5.13996	5.12649
-1.66811	1.16884	5.14325	5.12649
-1.67074	1.16129	5.14555	5.12748
-1.67698	1.17311	5.14653	5.12748
-1.67731	1.18067	5.14456	5.12813
-1.68125	1.16786	5.14357	5.12748
-1.69176	1.1534	5.14095	5.1278
-1.70556	1.14486	5.1416	5.1301
-1.69176	1.15964	5.14259	5.12846
-1.68257	1.16129	5.1439	5.12649
-1.68979	1.1488	5.1439	5.12485
-1.69078	1.14223	5.1439	5.12353
-1.68191	1.15406	5.14325	5.12353
-1.67994	1.16917	5.14292	5.12518
-1.69012	1.16687	5.14292	5.12518
-1.70326	1.15734	5.14456	5.12419
-1.70491	1.16096	5.14522	5.12353
-1.70096	1.16786	5.14423	5.12518
-1.70326	1.17279	5.14259	5.12616
-1.71049	1.16687	5.14259	5.12649
-1.71279	1.17509	5.14259	5.12813
-1.70589	1.18231	5.14456	5.12682
-1.70721	1.19414	5.14686	5.1255
-1.70852	1.19053	5.14719	5.12288
-1.70293	1.19414	5.14325	5.12156
-1.70589	1.18987	5.14193	5.12353
-1.69834	1.19151	5.14029	5.12616
-1.69472	1.19381	5.14095	5.12682
-1.69078	1.19841	5.14259	5.12616
-1.69176	1.19808	5.14325	5.12353
-1.70326	1.19316	5.14357	5.12222
-1.70326	1.19151	5.14325	5.12386
-1.70293	1.181	5.14292	5.12419
-1.69702	1.19414	5.14325	5.1232
-1.69834	1.18856	5.1439	5.12419
-1.70162	1.18199	5.14522	5.12419
-1.70228	1.17509	5.14522	5.12386
-1.70951	1.17049	5.14325	5.12353
-1.7233	1.17246	5.14292	5.12288
-1.72166	1.17114	5.14259	5.12485
-1.72856	1.15997	5.14292	5.12649
-1.74072	1.1534	5.14325	5.12518
-1.7325	1.15504	5.14292	5.12288
-1.72166	1.15866	5.14226	5.12189
-1.72265	1.1649	5.14226	5.12189
-1.73119	1.15077	5.14193	5.12419
-1.72823	1.13763	5.1416	5.12682
-1.72068	1.1557	5.14193	5.12682
-1.72133	1.16096	5.1416	5.12649
-1.72363	1.15866	5.14226	5.12583
-1.73546	1.15669	5.14423	5.12419
-1.73776	1.15734	5.14456	5.12419
-1.74236	1.15964	5.14292	5.12452
-1.74006	1.14979	5.1416	5.12485
-1.7233	1.16162	5.14357	5.12715
-1.72396	1.15997	5.14653	5.12846
-1.71542	1.15702	5.14686	5.12748
-1.72199	1.13665	5.14555	5.12616
-1.71838	1.1465	5.14325	5.12616
-1.70983	1.15439	5.14292	5.12715
-1.70458	1.16326	5.14226	5.1278
-1.69374	1.16359	5.14292	5.12682
-1.69308	1.17509	5.14522	5.12518
-1.69374	1.16884	5.14719	5.12386
-1.69768	1.16523	5.14456	5.12353
-1.69045	1.16523	5.14127	5.12419
-1.70096	1.1603	5.13963	5.12616
-1.69636	1.17706	5.13996	5.12616
-1.70162	1.16654	5.14127	5.12583
-1.70063	1.15866	5.14226	5.12649
-1.69406	1.1741	5.1439	5.12616
-1.68815	1.17443	5.14423	5.1278
-1.67698	1.19578	5.14522	5.13043
-1.68191	1.19151	5.14357	5.13109
-1.68158	1.18954	5.14325	5.12945
-1.67698	1.19414	5.14259	5.12813
-1.67139	1.19513	5.14292	5.12583
-1.67139	1.1902	5.14456	5.12419
-1.66745	1.20465	5.14555	5.12386
-1.66647	1.21747	5.14357	5.12583
-1.66515	1.22437	5.1416	5.1278
-1.66548	1.21977	5.14029	5.12649
-1.66055	1.22174	5.14029	5.1255
-1.65431	1.21812	5.14259	5.12583
-1.63131	1.23915	5.14423	5.12583
-1.62343	1.24999	5.14456	5.1255
-1.63197	1.24934	5.14423	5.1232
-1.62704	1.24901	5.14423	5.12255
-1.6277	1.25722	5.14292	5.12189
-1.63657	1.25886	5.14226	5.12452
-1.62211	1.26675	5.14292	5.1255
-1.61719	1.26248	5.14587	5.12485
-1.61883	1.25459	5.14522	5.12419
-1.62934	1.24178	5.14226	5.12386
-1.62606	1.24145	5.13996	5.12485
-1.64741	1.22568	5.14095	5.12452
-1.65431	1.22502	5.14357	5.12485
-1.67271	1.19874	5.14686	5.12452
-1.67468	1.20663	5.14785	5.12419
-1.68092	1.19644	5.14456	5.12419
-1.69472	1.18593	5.14226	5.12452
-1.71148	1.1833	5.14325	5.12748
-1.70688	1.17509	5.14522	5.12846
-1.71838	1.1695	5.14555	5.12682
-1.72199	1.17279	5.14555	5.12485
-1.73842	1.16194	5.14555	5.12485
-1.744	1.14979	5.14587	5.12583
-1.74597	1.15012	5.14522	5.12715
-1.75419	1.1442	5.14292	5.12813
-1.75024	1.15045	5.14259	5.12813
-1.76043	1.15045	5.14325	5.12813
-1.77061	1.13895	5.14522	5.12616
-1.77226	1.14157	5.1462	5.12583
-1.76963	1.14092	5.1462	5.12748
-1.77981	1.11759	5.14522	5.12813
-1.79328	1.10314	5.14292	5.12813
-1.79098	1.09919	5.14357	5.12912
-1.79	1.10839	5.14686	5.12715
-1.79525	1.09492	5.14785	5.12419
-1.7992	1.08211	5.14587	5.12419
-1.79953	1.07849	5.14325	5.12583
-1.80872	1.06732	5.14259	5.12813
-1.81168	1.06995	5.14193	5.1278
-1.81102	1.07324	5.14325	5.12485
-1.80018	1.07225	5.14522	5.1232
-1.79493	1.07849	5.14686	5.12518
-1.79887	1.08375	5.14587	5.12485
-1.80445	1.08769	5.14456	5.12583
-1.79657	1.09426	5.14325	5.12748
-1.79854	1.08835	5.14456	5.12649
-1.80643	1.07619	5.14489	5.12485
-1.80445	1.07324	5.14456	5.12452
-1.7946	1.08145	5.1439	5.12353
-1.79263	1.08145	5.14292	5.12419
-1.78704	1.10116	5.14127	5.12485
-1.78277	1.10412	5.14029	5.12649
-1.77981	1.12252	5.14193	5.12682
-1.77554	1.12843	5.1439	5.12682
-1.76174	1.13139	5.14555	5.1278
-1.75517	1.13927	5.14456	5.12879
-1.75517	1.14157	5.14259	5.12682
-1.75254	1.1396	5.1416	5.12518
-1.75287	1.1442	5.14127	5.12452
-1.74663	1.14092	5.14259	5.1255
-1.74959	1.13369	5.14259	5.12682
-1.74302	1.14157	5.14325	5.12649
-1.75057	1.13697	5.14357	5.12649
-1.75484	1.12843	5.14325	5.1278
-1.75714	1.12285	5.14292	5.12748
-1.73579	1.14486	5.14555	5.12649
-1.74499	1.12646	5.14522	5.12583
-1.74006	1.13566	5.14357	5.12583
-1.74959	1.12843	5.14193	5.1255
-1.74269	1.1373	5.14226	5.12616
-1.74039	1.13303	5.1439	5.12748
-1.7509	1.11595	5.14325	5.12813
-1.75452	1.12153	5.14292	5.12846
-1.75024	1.13632	5.14555	5.12945
-1.75583	1.13468	5.14719	5.12846
-1.75879	1.12876	5.14653	5.1278
-1.76437	1.12975	5.14489	5.12682
-1.76996	1.13665	5.14456	5.12485
-1.76174	1.1304	5.1439	5.12419
-1.76963	1.12252	5.14456	5.12452
-1.76339	1.13895	5.14489	5.12485
-1.75977	1.14125	5.1462	5.12485
-1.75222	1.1534	5.14653	5.12452
-1.75419	1.15669	5.14587	5.12386
-1.75649	1.15997	5.1439	5.12649
-1.75977	1.15669	5.14259	5.12846
-1.76043	1.15373	5.14226	5.12649
-1.76897	1.14552	5.14357	5.12353
-1.78704	1.1235	5.14489	5.12255
-1.78803	1.11792	5.14456	5.12386
-1.79164	1.11003	5.14456	5.12583
-1.79098	1.11299	5.1439	5.12452
-1.78836	1.11398	5.14193	5.12419
-1.78113	1.12022	5.14095	5.12485
-1.79033	1.10708	5.14259	5.12518
-1.78671	1.11496	5.14423	5.12485
-1.79788	1.08802	5.14423	5.12518
-1.79263	1.09755	5.14522	5.1255
-1.79098	1.09361	5.14489	5.12485
-1.78836	1.09328	5.14423	5.12485
-1.79131	1.08934	5.14456	5.12485
-1.78671	1.10182	5.14522	5.12452
-1.7854	1.09788	5.14489	5.12452
-1.7785	1.10149	5.14423	5.12419
-1.76963	1.10215	5.14193	5.12419
-1.76766	1.10543	5.14095	5.12649
-1.76306	1.10938	5.14259	5.12813
-1.75583	1.10708	5.14259	5.12682
-1.7601	1.10478	5.1439	5.12583
-1.7739	1.09229	5.14522	5.1255
-1.76536	1.08737	5.14456	5.12419
-1.76043	1.08999	5.1416	5.12452
-1.76174	1.10346	5.13832	5.1232
-1.75353	1.11201	5.13865	5.12386
-1.7555	1.10938	5.14127	5.12616
-1.74564	1.11923	5.14357	5.12616
-1.74466	1.11825	5.14325	5.12682
-1.73053	1.13008	5.14259	5.12649
-1.73382	1.13632	5.14095	5.12715
-1.74137	1.13205	5.1416	5.12715
-1.74926	1.11693	5.14259	5.12485
-1.74762	1.12088	5.14587	5.12353
-1.74827	1.11332	5.14653	5.12452
-1.74696	1.10675	5.14522	5.12682
-1.7394	1.10248	5.14357	5.12649
-1.7371	1.09164	5.14325	5.12813
-1.72199	1.10511	5.14357	5.12879
-1.72133	1.12843	5.14357	5.12813
-1.72462	1.13665	5.1439	5.12715
-1.72889	1.14289	5.14555	5.12583
-1.73185	1.14223	5.14686	5.12583
-1.74006	1.12449	5.14719	5.1255
-1.74729	1.11496	5.14587	5.12583
-1.75452	1.11562	5.14357	5.12748
-1.76174	1.11529	5.14423	5.12945
-1.76601	1.09952	5.14357	5.12682
-1.76503	1.09591	5.14292	5.12518
-1.76174	1.09788	5.14127	5.12485
-1.76339	1.09525	5.14127	5.12583
-1.76569	1.09821	5.1416	5.12715
-1.75944	1.10576	5.14292	5.12748
-1.76043	1.10314	5.14357	5.12616
-1.77259	1.08901	5.1439	5.12518
-1.78244	1.08014	5.14325	5.12682
-1.7808	1.08145	5.14325	5.12682
-1.7854	1.09394	5.14423	5.1278
-1.79197	1.08934	5.14489	5.12715
-1.77981	1.08802	5.1462	5.12616
-1.76996	1.09755	5.14587	5.12518
-1.76569	1.09262	5.14587	5.12583
-1.75386	1.09328	5.14587	5.12682
-1.75452	1.09722	5.14653	5.12715
-1.76536	1.08309	5.14522	5.12715
-1.76076	1.08375	5.14193	5.12583
-1.76897	1.07718	5.14127	5.12518
-1.7601	1.08441	5.1416	5.12485
-1.74433	1.10346	5.14357	5.12682
-1.74203	1.11233	5.1439	5.12616
-1.74532	1.11003	5.14357	5.12452
-1.74597	1.10051	5.14259	5.12518
-1.74466	1.09919	5.14423	5.12748
-1.74302	1.09164	5.14522	5.12879
-1.74597	1.09656	5.14456	5.1278
-1.7417	1.10248	5.1439	5.12583
-1.74597	1.09262	5.14456	5.12485
-1.74564	1.08737	5.14423	5.1255
-1.74597	1.08638	5.14127	5.12682
-1.74203	1.08999	5.1393	5.12846
-1.74236	1.09262	5.14029	5.12682
-1.73907	1.09328	5.1439	5.12485
-1.72528	1.11595	5.14686	5.12386
-1.73119	1.12088	5.14686	5.12452
-1.73973	1.11595	5.1439	5.12649
-1.73612	1.11365	5.14259	5.12846
-1.73119	1.12055	5.14259	5.1278
-1.73382	1.12482	5.14259	5.12715
-1.73579	1.11463	5.14522	5.1255
-1.73809	1.12482	5.14587	5.12386
-1.73973	1.12515	5.14456	5.12419
-1.72692	1.13763	5.14259	5.12485
-1.72133	1.13139	5.1416	5.12616
-1.72856	1.1258	5.14226	5.12682
-1.72988	1.11956	5.1439	5.12649
-1.7417	1.11036	5.14522	5.12419
-1.74992	1.09229	5.14587	5.12255
-1.75222	1.08704	5.14522	5.12353
-1.76601	1.06075	5.14456	5.12682
-1.77883	1.05681	5.14292	5.12715
-1.78836	1.03611	5.14095	5.12682
-1.7969	1.02429	5.14193	5.1255
-1.81858	1.00852	5.14259	5.12452
-1.83271	0.997345	5.1439	5.1255
-1.83632	0.992417	5.14259	5.12583
-1.84322	0.990445	5.1416	5.12518
-1.84946	0.994716	5.14226	5.1255
-1.86031	0.976647	5.14456	5.12682
-1.86228	0.962848	5.14522	5.12715
-1.86228	0.948063	5.14522	5.12485
-1.86195	0.957591	5.14423	5.12485
-1.86195	0.959891	5.14292	5.12419
-1.85866	0.964819	5.14062	5.12485
-1.86753	0.968104	5.14029	5.12583
-1.86162	0.970076	5.14226	5.12649
-1.86063	0.973033	5.14456	5.12386
-1.86589	0.961205	5.14522	5.1232
-1.86031	0.961205	5.14489	5.12485
-1.86129	0.952992	5.14423	5.12682
-1.86589	0.946092	5.1416	5.1278
-1.85899	0.954306	5.14029	5.12813
-1.86063	0.959234	5.13897	5.12748
-1.85735	0.964819	5.13996	5.12452
-1.85899	0.960877	5.14259	5.12485
-1.85735	0.96909	5.14357	5.12485
-1.85308	0.97369	5.14423	5.12616
-1.85209	0.973033	5.14357	5.12846
-1.85636	0.971718	5.14292	5.12682
-1.85242	0.979275	5.14325	5.12616
-1.85275	0.979932	5.14292	5.1255
-1.84585	0.979932	5.14226	5.12616
-1.84224	0.98946	5.14127	5.12846
-1.84322	0.993402	5.14193	5.12912
-1.83337	1.0003	5.14325	5.12912
-1.82679	1.00457	5.1439	5.12846
-1.82614	1.01804	5.14489	5.12682
-1.83107	1.00687	5.14587	5.12485
-1.82975	1.00556	5.14489	5.12485
-1.82121	1.01246	5.14292	5.12616
-1.81267	1.02461	5.14193	5.12518
-1.81234	1.03743	5.14127	5.12583
-1.80018	1.05911	5.1416	5.12682
-1.80215	1.0647	5.14292	5.12616
-1.79361	1.06831	5.14325	5.12518
-1.78146	1.07554	5.1416	5.12419
-1.78934	1.06831	5.13996	5.12452
-1.78474	1.07258	5.14062	5.12452
-1.78704	1.07619	5.1416	5.12452
-1.79066	1.0624	5.14357	5.1255
-1.7877	1.07225	5.14423	5.1255
-1.78244	1.07061	5.14423	5.12419
-1.78671	1.0693	5.14226	5.12452
-1.79164	1.06634	5.14062	5.12583
-1.77686	1.0647	5.13996	5.12616
-1.7739	1.06535	5.14062	5.12649
-1.77554	1.05845	5.14259	5.12682
-1.77883	1.06305	5.14325	5.12518
-1.77587	1.0624	5.14193	5.12452
-1.77193	1.05385	5.14127	5.12353
-1.7624	1.07718	5.14127	5.12419
-1.75386	1.09788	5.14095	5.12616
-1.76043	1.09492	5.14127	5.12748
-1.75386	1.10971	5.14193	5.12748
-1.74302	1.11858	5.14292	5.12748
-1.74794	1.11989	5.1439	5.12616
-1.75682	1.12449	5.14193	5.12485
-1.75714	1.12285	5.14127	5.12583
-1.76569	1.12975	5.14226	5.1278
-1.7785	1.10905	5.1416	5.12813
-1.77981	1.10084	5.14292	5.12583
-1.77357	1.09854	5.14357	5.12386
-1.76733	1.10872	5.14325	5.12156
-1.76766	1.11398	5.14456	5.12189
-1.76733	1.10938	5.14357	5.1232
-1.76601	1.11628	5.14292	5.12452
-1.7578	1.12252	5.14226	5.12616
-1.74794	1.1281	5.1439	5.12616
-1.73809	1.14519	5.14587	5.12583
-1.73645	1.13993	5.14489	5.12419
-1.72166	1.14979	5.1439	5.12189
-1.71378	1.15603	5.14259	5.12189
-1.71411	1.16917	5.14226	5.1232
-1.70753	1.17739	5.1439	5.12386
-1.70721	1.16293	5.14522	5.12353
-1.69866	1.16129	5.14489	5.1232
-1.70162	1.1695	5.14522	5.12353
-1.69702	1.1741	5.14456	5.12386
-1.69374	1.17344	5.1439	5.12583
-1.68355	1.17804	5.14259	5.1278
-1.67961	1.1787	5.14259	5.12715
-1.67008	1.18626	5.14555	5.12649
-1.66844	1.19348	5.14555	5.12485
-1.6576	1.20301	5.14292	5.12386
-1.6599	1.2017	5.1416	5.12353
-1.6461	1.2178	5.14127	5.12386
-1.64905	1.21517	5.14029	5.1255
-1.65267	1.2132	5.14095	5.12682
-1.6438	1.227	5.14357	5.12485
-1.65727	1.227	5.14555	5.12353
-1.67008	1.20564	5.14292	5.12255
-1.65727	1.21418	5.1416	5.12419
-1.6461	1.21911	5.14127	5.12583
-1.65201	1.21845	5.14292	5.12649
-1.65267	1.22765	5.14555	5.12649
-1.6507	1.22798	5.1462	5.1255
-1.64905	1.23587	5.14653	5.12419
-1.64511	1.23882	5.14555	5.12386
-1.63361	1.25262	5.14423	5.12682
-1.63953	1.25328	5.14325	5.12879
-1.63723	1.25295	5.14555	5.12846
-1.64084	1.24277	5.14653	5.12748
-1.65267	1.24605	5.14555	5.1255
-1.66942	1.23225	5.14489	5.12518
-1.67074	1.23619	5.14456	5.12715
-1.68815	1.21812	5.14325	5.12813
-1.69308	1.22108	5.1439	5.12682
-1.70392	1.20334	5.14226	5.12518
-1.70392	1.20827	5.14062	5.1232
-1.70721	1.20465	5.14259	5.12353
-1.70786	1.2109	5.14456	5.12485
-1.70195	1.22765	5.14456	5.12583
-1.70392	1.21648	5.1439	5.12813
-1.69636	1.23422	5.14193	5.12846
-1.69834	1.22601	5.14193	5.12813
-1.70392	1.21681	5.14259	5.12518
-1.70688	1.20761	5.14325	5.12649
-1.71279	1.20203	5.14357	5.12715
-1.71706	1.18626	5.14357	5.12649
-1.71838	1.18363	5.14357	5.1278
-1.72035	1.18626	5.14423	5.12879
-1.73316	1.18264	5.14587	5.12682
-1.73382	1.17246	5.14522	5.12616
-1.73513	1.17049	5.14423	5.12616
-1.73513	1.16424	5.14357	5.12616
-1.73185	1.17049	5.14226	5.12748
-1.72528	1.17147	5.13996	5.12846
-1.72298	1.17509	5.13996	5.1278
-1.71936	1.18001	5.14292	5.12583
-1.71411	1.18757	5.14555	5.12419
-1.7164	1.18428	5.14686	5.12255
-1.69932	1.19973	5.14653	5.12255
-1.70688	1.18297	5.14456	5.12353
-1.71016	1.18593	5.14292	5.12353
-1.70556	1.17837	5.14259	5.12485
-1.69801	1.18494	5.14226	5.1255
-1.69242	1.17771	5.14259	5.12616
-1.67632	1.20334	5.14357	5.1278
-1.66187	1.21812	5.14423	5.12715
-1.67172	1.20531	5.14325	5.12583
-1.66187	1.21385	5.14292	5.12583
-1.65037	1.22108	5.14292	5.12682
-1.63723	1.22535	5.14357	5.1278
-1.63098	1.23159	5.14686	5.12583
-1.62638	1.24145	5.14785	5.12452
-1.61521	1.25361	5.14686	5.1255
-1.61653	1.24999	5.14489	5.12846
-1.60996	1.24605	5.1439	5.12846
-1.61094	1.25952	5.14423	5.12649
-1.62014	1.25591	5.14357	5.12353
-1.61653	1.26905	5.14325	5.12255
-1.6208	1.26773	5.14292	5.12452
-1.61784	1.27496	5.14357	5.12485
-1.60996	1.27956	5.14259	5.12419
-1.61653	1.27726	5.14259	5.12616
-1.62211	1.27792	5.14357	5.12879
-1.62737	1.26938	5.14456	5.12813
-1.6346	1.26051	5.1439	5.12386
-1.65135	1.25164	5.14325	5.12156
-1.66384	1.23455	5.14292	5.1232
-1.6668	1.23685	5.1416	5.12485
-1.68059	1.23981	5.1416	5.1255
-1.67764	1.24014	5.14193	5.12485
-1.68355	1.22207	5.1439	5.12485
-1.70589	1.21188	5.14719	5.12518
-1.71673	1.20071	5.14785	5.12452
-1.71903	1.19578	5.1462	5.12583
-1.721	1.18494	5.14325	5.12649
-1.72823	1.18166	5.1416	5.12649
-1.73842	1.1649	5.1416	5.1255
-1.73743	1.17081	5.14193	5.12353
-1.75123	1.16162	5.14226	5.12353
-1.75616	1.16162	5.1416	5.12386
-1.76799	1.15077	5.14127	5.12649
-1.7762	1.14125	5.14127	5.1278
-1.77357	1.15012	5.14193	5.12748
-1.78474	1.1419	5.14292	5.1255
-1.79098	1.13106	5.1439	5.1232
-1.79427	1.12482	5.14555	5.12353
-1.80183	1.11036	5.14325	5.12452
-1.78146	1.13106	5.14226	5.12813
-1.77489	1.13993	5.14193	5.12813
-1.7716	1.15406	5.14325	5.12682
-1.76733	1.14979	5.1439	5.12616
-1.76799	1.14322	5.1439	5.12583
-1.75419	1.16424	5.14292	5.12616
-1.744	1.17311	5.14029	5.12879
-1.73645	1.18166	5.1393	5.12879
-1.72265	1.1856	5.14095	5.12616
-1.7256	1.18823	5.14489	5.12386
-1.72922	1.18034	5.14555	5.12288
-1.72495	1.181	5.14522	5.12419
-1.71312	1.18593	5.14357	5.12386
-1.70753	1.19513	5.14292	5.12583
-1.70228	1.19546	5.14357	5.12748
-1.70491	1.18954	5.14653	5.12715
-1.69209	1.19217	5.14785	5.12452
-1.69374	1.19611	5.14752	5.12255
-1.69078	1.19217	5.14653	5.1232
-1.67599	1.20334	5.14522	5.12485
-1.6645	1.22108	5.14292	5.12682
-1.67172	1.20893	5.1416	5.1301
-1.67337	1.21484	5.14325	5.12977
-1.66712	1.22108	5.14489	5.1278
-1.65628	1.22272	5.14522	5.12682
-1.6599	1.21977	5.1439	5.12419
-1.66745	1.21911	5.14259	5.1232
-1.6668	1.22141	5.14357	5.12419
-1.6645	1.22601	5.14456	5.12353
-1.66252	1.21714	5.14357	5.12649
-1.67008	1.2017	5.14423	5.1278
-1.67369	1.19381	5.14522	5.12748
-1.67961	1.18757	5.14587	5.12649
-1.66647	1.20203	5.14423	5.12616
-1.65891	1.20663	5.14127	5.12682
-1.67337	1.21484	5.14127	5.12583
-1.68684	1.21057	5.14357	5.12419
-1.68979	1.20663	5.14555	5.12222
-1.69209	1.19348	5.14555	5.1209
-1.68519	1.20893	5.14292	5.12189
-1.68651	1.20958	5.14062	5.12518
-1.69341	1.2132	5.14193	5.12649
-1.69176	1.21747	5.14423	5.12682
-1.69275	1.21517	5.14489	5.12616
-1.69538	1.2132	5.14259	5.12649
-1.70063	1.21418	5.14127	5.12649
-1.70523	1.20827	5.14226	5.12583
-1.71279	1.19677	5.1439	5.12452
-1.72002	1.1879	5.14456	5.12616
-1.71509	1.18691	5.14555	5.12846
-1.71181	1.19973	5.14456	5.12846
-1.71148	1.19743	5.14522	5.12715
-1.71772	1.17936	5.14489	5.1255
-1.71016	1.1833	5.14489	5.12616
-1.69308	1.20301	5.14456	5.12485
-1.69144	1.1994	5.14456	5.12386
-1.69505	1.18757	5.14522	5.12518
-1.69242	1.1787	5.14686	5.12518
-1.67567	1.17739	5.14686	5.12518
-1.66909	1.17936	5.14489	5.12518
-1.67304	1.17969	5.14193	5.12616
-1.66942	1.181	5.14095	5.1278
-1.65825	1.17903	5.14193	5.12879
-1.65694	1.17311	5.14325	5.12879
-1.65135	1.18691	5.14489	5.12682
-1.63821	1.19611	5.14259	5.12649
-1.63854	1.20235	5.14062	5.1255
-1.64675	1.1879	5.13996	5.12518
-1.65365	1.18166	5.14062	5.12583
-1.6415	1.18199	5.1416	5.12518
-1.63591	1.17804	5.14292	5.1255
-1.62934	1.18593	5.14325	5.12649
-1.61587	1.181	5.14456	5.12682
-1.61784	1.17837	5.14489	5.12649
-1.60766	1.18757	5.14325	5.12616
-1.60766	1.18921	5.14226	5.1255
-1.60634	1.18001	5.14325	5.12649
-1.60404	1.18626	5.14522	5.12485
-1.60142	1.18658	5.14653	5.12452
-1.59977	1.19348	5.14522	5.12583
-1.59682	1.20597	5.14292	5.12616
-1.59057	1.19874	5.14127	5.12682
-1.58072	1.1971	5.14226	5.12485
-1.58105	1.19907	5.14325	5.12485
-1.57513	1.1925	5.14259	5.12419
-1.58335	1.19316	5.14193	5.12616
-1.59057	1.18987	5.14259	5.12616
-1.5886	1.19578	5.14357	5.12583
-1.60634	1.19447	5.14259	5.12682
-1.60142	1.21615	5.1416	5.12748
-1.60142	1.21977	5.14226	5.12748
-1.60372	1.22831	5.14522	5.12518
-1.61686	1.21418	5.14686	5.12386
-1.63427	1.21221	5.14719	5.12452
-1.64051	1.20203	5.14489	5.12748
-1.62803	1.21451	5.14193	5.12846
-1.63526	1.20695	5.14062	5.12813
-1.63723	1.2017	5.14127	5.1278
-1.64248	1.20137	5.14357	5.12748
-1.64905	1.19743	5.14456	5.12682
-1.6599	1.1879	5.14325	5.12583
-1.67468	1.17213	5.14357	5.12485
-1.66712	1.17279	5.14325	5.12452
-1.66712	1.1718	5.14292	5.12583
-1.68388	1.15964	5.14127	5.12518
-1.68257	1.14847	5.14127	5.12353
-1.69045	1.15176	5.14193	5.1232
-1.68914	1.16589	5.14325	5.12485
-1.69702	1.16194	5.14259	5.1255
-1.69866	1.16589	5.14292	5.12616
-1.70951	1.15242	5.1439	5.12485
-1.70523	1.15866	5.14456	5.1255
-1.71279	1.15307	5.14489	5.12879
-1.71903	1.1465	5.14489	5.12846
-1.71805	1.13599	5.14456	5.12846
-1.72068	1.13665	5.1439	5.12682
-1.72133	1.12416	5.14127	5.12682
-1.72955	1.11496	5.14095	5.12649
-1.74597	1.10379	5.14259	5.12649
-1.76076	1.08408	5.1439	5.12748
-1.75879	1.08704	5.14226	5.12682
-1.7647	1.08145	5.14062	5.1255
-1.75517	1.09032	5.14095	5.12518
-1.7601	1.08014	5.14259	5.12748
-1.767	1.07652	5.14522	5.12846
-1.77324	1.05583	5.14587	5.12879
-1.76503	1.0417	5.14522	5.12879
-1.7739	1.02954	5.14259	5.12813
-1.7693	1.03184	5.14226	5.12616
-1.75977	1.03578	5.1439	5.12616
-1.77127	1.02067	5.14456	5.12682
-1.77784	1.0164	5.14489	5.12616
-1.7785	0.995373	5.14522	5.12616
-1.77521	0.985846	5.14587	5.1255
-1.76634	0.995045	5.14357	5.12353
-1.77423	0.990774	5.14127	5.12288
-1.76503	0.996359	5.14029	5.12189
-1.75583	0.988803	5.14259	5.1232
-1.7578	1.00293	5.14456	5.12419
-1.7578	1.00622	5.14587	5.1255
-1.76273	1.00589	5.14522	5.12419
-1.76503	1.01377	5.1439	5.12419
-1.75977	1.01081	5.14226	5.12452
-1.75156	1.01541	5.1416	5.12419
-1.75254	1.01114	5.14325	5.12419
-1.74893	1.02034	5.14555	5.1255
-1.75682	1.02494	5.1462	5.12452
-1.75912	1.02823	5.14653	5.1232
-1.76076	1.02264	5.14686	5.1232
-1.76536	1.02001	5.14456	5.12353
-1.7624	1.01344	5.14259	5.12485
-1.7624	1.0187	5.14292	5.1255
-1.76667	1.03086	5.14325	5.1255
-1.78113	1.01213	5.14522	5.12616
-1.79394	1.00326	5.14522	5.12616
-1.79723	1.0026	5.1439	5.12649
-1.80084	1.00326	5.14226	5.12748
-1.80314	1.00819	5.14062	5.12879
-1.81332	1.00457	5.14357	5.12912
-1.81037	1.00917	5.14587	5.12748
-1.81628	1.01147	5.14587	5.12715
-1.80478	1.03316	5.14423	5.12616
-1.79887	1.04104	5.14193	5.12583
-1.80084	1.03316	5.14193	5.12485
-1.8107	1.01541	5.14226	5.12583
-1.80281	1.01476	5.14292	5.12485
-1.79755	1.0141	5.14489	5.12255
-1.79	1.02461	5.14522	5.12156
-1.79098	1.01969	5.14423	5.11992
-1.8015	1.01114	5.14423	5.12123
-1.79953	1.01443	5.14423	5.1232
-1.79066	1.0233	5.14522	5.12518
-1.79558	1.01081	5.1439	5.1255
-1.80413	1.01476	5.14325	5.12748
-1.79985	1.01804	5.14193	5.12846
-1.79887	1.01279	5.14127	5.12912
-1.79788	1.02954	5.14095	5.12879
-1.7969	1.03184	5.14127	5.12616
-1.80117	1.0325	5.14259	5.12452
-1.7992	1.04104	5.1439	5.12386
-1.79788	1.05057	5.1439	5.1232
-1.79985	1.04925	5.1439	5.12485
-1.79131	1.04268	5.1439	5.12682
-1.7785	1.06207	5.14127	5.12715
-1.77784	1.05681	5.13897	5.1278
-1.76371	1.05484	5.14127	5.12813
-1.75714	1.06667	5.14423	5.12846
-1.75944	1.05845	5.14489	5.12945
-1.7509	1.07127	5.1439	5.12813
-1.7486	1.0716	5.14259	5.1255
-1.75353	1.06371	5.14193	5.12518
-1.75714	1.05878	5.1416	5.1278
-1.77029	1.04663	5.14127	5.12813
-1.77127	1.05057	5.14127	5.12649
-1.7831	1.0279	5.14423	5.12353
-1.7716	1.03776	5.14555	5.1232
-1.76273	1.05385	5.14587	5.12353
-1.75254	1.06601	5.14522	5.1255
-1.75123	1.06601	5.14522	5.12452
-1.74302	1.07258	5.14686	5.1255
-1.74367	1.06995	5.14785	5.12649
-1.73086	1.08112	5.14587	5.1255
-1.73382	1.07028	5.14292	5.12419
-1.73809	1.06765	5.13963	5.12518
-1.7348	1.067	5.1393	5.12583
-1.73579	1.06864	5.13963	5.12649
-1.73513	1.06272	5.14259	5.12748
-1.73283	1.05845	5.1439	5.1278
-1.73973	1.06075	5.14325	5.12682
-1.7394	1.06831	5.14226	5.12583
-1.74072	1.06765	5.14193	5.12583
-1.74597	1.06108	5.14292	5.12649
-1.7417	1.05911	5.1439	5.12649
-1.73842	1.06437	5.14423	5.12419
-1.7394	1.07488	5.14226	5.12386
-1.73217	1.07554	5.14193	5.12222
-1.72593	1.08934	5.14226	5.12189
-1.73743	1.07291	5.14259	5.12452
-1.73382	1.07258	5.14226	5.12616
-1.73447	1.08079	5.14127	5.12649
-1.73743	1.07422	5.14226	5.1255
-1.7486	1.0578	5.14489	5.12386
-1.75714	1.05353	5.14587	5.12452
-1.76371	1.03973	5.14423	5.12583
-1.77127	1.02034	5.14259	5.12616
-1.75912	1.03414	5.1439	5.12715
-1.76963	1.03776	5.14522	5.12616
-1.77883	1.02067	5.14522	5.12649
-1.77423	1.01607	5.1439	5.12518
-1.78211	1.0095	5.14292	5.12353
-1.79295	0.989131	5.14357	5.12156
-1.79723	0.975004	5.14555	5.12288
-1.81037	0.972375	5.14456	5.12518
-1.81168	0.959234	5.1439	5.12682
-1.80478	0.965805	5.14325	5.12616
-1.8084	0.962191	5.14423	5.12419
-1.81267	0.961534	5.14423	5.12288
-1.80872	0.958577	5.14456	5.1232
-1.80774	0.952334	5.14522	5.12419
-1.80413	0.972047	5.14522	5.12419
-1.80215	0.967447	5.14489	5.12452
-1.79394	0.96679	5.14489	5.12255
-1.79164	0.974018	5.14489	5.12288
-1.79953	0.96909	5.14522	5.12386
-1.80248	0.95562	5.1439	5.12616
-1.80248	0.959562	5.14522	5.12846
-1.81595	0.947735	5.14653	5.12715
-1.82055	0.930651	5.14653	5.12682
-1.82548	0.920466	5.1462	5.12583
-1.82482	0.922109	5.14587	5.12616
-1.82975	0.912581	5.14522	5.12616
-1.82745	0.917838	5.14423	5.12452
-1.82679	0.923423	5.14489	5.12583
-1.82285	0.930979	5.14587	5.12846
-1.82614	0.935579	5.14489	5.13109
-1.83632	0.927037	5.14423	5.13043
-1.82778	0.935579	5.14325	5.12715
-1.81924	0.944778	5.14292	5.12485
-1.81825	0.957263	5.14259	5.12485
-1.82449	0.959562	5.14127	5.12616
-1.82088	0.966133	5.14062	5.12748
-1.82285	0.959562	5.1416	5.12682
-1.81431	0.968762	5.14259	5.12583
-1.82088	0.95792	5.1439	5.12682
-1.83337	0.95102	5.14193	5.12616
-1.84256	0.941821	5.14062	5.12485
-1.83271	0.957263	5.14127	5.12419
-1.83468	0.947735	5.14226	5.12583
-1.83468	0.956277	5.1416	5.12649
-1.83731	0.972047	5.14127	5.12518
-1.83797	0.960219	5.14127	5.1255
-1.85012	0.950035	5.14226	5.12649
-1.86031	0.946092	5.14489	5.12649
-1.85045	0.944449	5.1439	5.12583
-1.85373	0.945435	5.14456	5.12485
-1.84322	0.950363	5.14686	5.12419
-1.84092	0.940835	5.14456	5.12518
-1.84782	0.926051	5.14193	5.12616
-1.85406	0.923094	5.14127	5.12715
-1.85768	0.923423	5.14193	5.12813
-1.85078	0.931965	5.14325	5.12616
-1.84289	0.945435	5.14292	5.1232
-1.85242	0.927365	5.14259	5.12123
-1.85833	0.915209	5.1416	5.12255
-1.85998	0.913567	5.14127	5.12518
-1.85111	0.941493	5.14127	5.12583
-1.83829	0.947078	5.1416	5.1255
-1.83074	0.952992	5.1416	5.12419
-1.82515	0.950363	5.14062	5.12485
-1.82154	0.957591	5.14193	5.12715
-1.82351	0.943135	5.14325	5.12912
-1.83402	0.940835	5.14325	5.1278
-1.83172	0.938864	5.1439	5.12518
-1.82614	0.943792	5.14259	5.1255
-1.82318	0.943792	5.1416	5.12583
-1.82088	0.956605	5.14325	5.12419
-1.82088	0.963833	5.14325	5.12419
-1.82515	0.960877	5.14325	5.12583
-1.83238	0.964162	5.1416	5.12616
-1.83435	0.959234	5.13865	5.1278
-1.83468	0.960219	5.13766	5.12715
-1.83501	0.959562	5.13865	5.12518
-1.83271	0.95562	5.14127	5.12616
-1.83205	0.952006	5.14423	5.12715
-1.83008	0.95792	5.14522	5.12682
-1.81562	0.971718	5.14259	5.12682
-1.80675	0.976318	5.14127	5.12715
-1.81168	0.96449	5.14292	5.12682
-1.80708	0.969419	5.14522	5.12583
-1.81135	0.973033	5.14686	5.12518
-1.80905	0.978618	5.14555	5.12386
-1.80478	0.998002	5.1462	5.1232
-1.80741	1.01509	5.14522	5.12189
-1.80741	1.02231	5.14292	5.12222
-1.8107	1.00819	5.14226	5.12288
-1.80347	1.02527	5.14259	5.1232
-1.80084	1.01739	5.14193	5.1232
-1.79755	1.01804	5.1439	5.12485
-1.80478	1.01771	5.14423	5.12583
-1.79295	1.0233	5.14522	5.12846
-1.78638	1.0256	5.1439	5.1301
-1.77653	1.03414	5.14193	5.12879
-1.75944	1.04498	5.14193	5.12715
-1.76141	1.0555	5.1416	5.1255
-1.76437	1.06831	5.14325	5.1255
-1.767	1.06864	5.14292	5.12748
-1.75944	1.07028	5.14259	5.1278
-1.76076	1.06305	5.14127	5.12748
-1.75123	1.06765	5.14127	5.12583
-1.74893	1.07389	5.14259	5.12485
-1.74696	1.08737	5.14522	5.12419
-1.74794	1.08572	5.14555	5.1255
-1.74564	1.07291	5.14555	5.12682
-1.73973	1.08014	5.14325	5.12748
-1.73579	1.08375	5.14193	5.12813
-1.73316	1.08704	5.14357	5.12715
-1.72922	1.08769	5.14653	5.12518
-1.73382	1.09196	5.14686	5.12419
-1.73152	1.08539	5.14489	5.12353
-1.72166	1.09328	5.14292	5.12452
-1.72528	1.10412	5.14259	5.12715
-1.73447	1.09952	5.14456	5.12813
-1.72725	1.09525	5.14522	5.1278
-1.73053	1.08572	5.14587	5.1278
-1.72593	1.07882	5.1462	5.12748
-1.7256	1.07882	5.1462	5.12452
-1.72495	1.07192	5.14325	5.12583
-1.7325	1.08309	5.1393	5.1278
-1.744	1.06404	5.13865	5.12879
-1.75353	1.06437	5.13963	5.12748
-1.74335	1.05714	5.14193	5.1255
-1.74729	1.04465	5.14226	5.12386
-1.75123	1.03053	5.14259	5.12452
-1.74663	1.02593	5.1416	5.12649
-1.7555	1.0072	5.14226	5.12518
-1.75616	0.991759	5.14357	5.12485
-1.75386	0.98486	5.14555	5.12222
-1.76141	0.986831	5.14489	5.12222
-1.78014	0.960548	5.14259	5.12386
-1.79033	0.960219	5.1439	5.12518
-1.7877	0.974018	5.14587	5.12649
-1.79821	0.967776	5.1462	5.12715
-1.8107	0.956605	5.14423	5.12715
-1.82121	0.941164	5.1439	5.12682
-1.81924	0.95102	5.1439	5.12518
-1.82647	0.950363	5.14423	5.12386
-1.81858	0.948063	5.14357	5.12419
-1.81694	0.952006	5.14226	5.12386
-1.82909	0.945107	5.14193	5.12452
-1.81661	0.98256	5.14325	5.12616
-1.8222	0.97369	5.14587	5.12485
-1.81562	0.98256	5.14817	5.12222
-1.80643	0.983874	5.1462	5.12255
-1.81267	0.991431	5.14292	5.12419
-1.81037	0.998987	5.14029	5.1255
-1.81431	0.989131	5.14226	5.12583
-1.81792	0.983217	5.14292	5.12616
-1.81792	0.975989	5.14226	5.12583
-1.8222	0.963833	5.14193	5.1255
-1.82811	0.960548	5.14062	5.12452
-1.82384	0.980589	5.13996	5.12386
-1.80347	0.993731	5.14029	5.12485
-1.80084	1.0003	5.14095	5.12485
-1.81792	0.993731	5.14193	5.12583
-1.81924	0.988803	5.14292	5.1255
-1.83238	0.977632	5.1439	5.12485
-1.82811	0.970733	5.1439	5.12583
-1.82647	0.972704	5.14325	5.12616
-1.82515	0.97139	5.1439	5.12715
-1.82844	0.96679	5.14522	5.12649
-1.82515	0.963505	5.14522	5.12616
-1.83534	0.962848	5.14522	5.1255
-1.82877	0.966133	5.14522	5.12616
-1.82811	0.962519	5.14456	5.12649
-1.82417	0.965148	5.14357	5.12649
-1.83172	0.965476	5.14325	5.12616
-1.82351	0.962848	5.14292	5.1255
-1.82647	0.972375	5.14259	5.12452
-1.82679	0.972704	5.14292	5.12452
-1.83632	0.953649	5.1439	5.1255
-1.83402	0.970076	5.14423	5.12715
-1.84059	0.974347	5.14292	5.12715
-1.83468	0.989131	5.14259	5.12518
-1.81727	1.01279	5.14357	5.12353
-1.81661	1.021	5.14456	5.12386
-1.8222	1.01279	5.14489	5.12452
-1.82417	1.01541	5.14522	5.12419
-1.81957	1.01903	5.14292	5.12583
-1.82548	1.02133	5.14095	5.1278
-1.82877	1.00786	5.13865	5.12715
-1.81694	1.01311	5.13865	5.12616
-1.81825	1.01706	5.14127	5.12748
-1.81102	1.0348	5.14489	5.12616
-1.81135	1.03118	5.14719	5.1255
-1.81497	1.0325	5.14653	5.12649
-1.81464	1.04268	5.1439	5.12616
-1.80872	1.05977	5.14226	5.12879
-1.80248	1.05845	5.14423	5.12945
-1.79525	1.05878	5.1462	5.12846
-1.78507	1.07258	5.14785	5.12649
-1.79131	1.06075	5.14719	5.12419
-1.77686	1.07587	5.14522	5.1255
-1.77751	1.07784	5.1439	5.12748
-1.77423	1.08605	5.14423	5.1278
-1.76897	1.08868	5.14423	5.12715
-1.77423	1.07521	5.14489	5.1255
-1.77029	1.07455	5.14423	5.12518
-1.76601	1.07521	5.14292	5.12649
-1.7716	1.05221	5.14127	5.12813
-1.76141	1.06108	5.13963	5.12912
-1.75977	1.08375	5.1393	5.12846
-1.75222	1.08868	5.14226	5.12715
-1.74269	1.10182	5.14325	5.12518
-1.73349	1.09755	5.14226	5.12452
-1.72823	1.09459	5.1416	5.12616
-1.72528	1.09229	5.14193	5.12715
-1.71312	1.11102	5.14226	5.12748
-1.70523	1.12712	5.14489	5.12682
-1.69275	1.14092	5.14686	5.1255
-1.68749	1.12548	5.14653	5.12386
-1.67468	1.12975	5.14489	5.12452
-1.66975	1.15406	5.14292	5.12616
-1.67337	1.15143	5.14062	5.12879
-1.66909	1.1511	5.13963	5.12912
-1.65957	1.17311	5.14029	5.12846
-1.65168	1.18823	5.14325	5.12748
-1.64084	1.1948	5.14456	5.12945
-1.63033	1.20663	5.14357	5.12977
-1.63756	1.19381	5.14325	5.12977
-1.65037	1.20005	5.14292	5.12813
-1.64905	1.2063	5.14325	5.1255
-1.64741	1.20104	5.14489	5.12518
-1.64708	1.1925	5.14587	5.12649
-1.64807	1.18133	5.14456	5.12386
-1.64938	1.17607	5.14226	5.1232
-1.64117	1.1879	5.14062	5.1232
-1.6392	1.18987	5.14325	5.12419
-1.6484	1.17081	5.1462	5.1255
-1.65825	1.16589	5.14653	5.12748
-1.65825	1.16556	5.1462	5.12715
-1.66088	1.16786	5.1439	5.12649
-1.67304	1.1534	5.14357	5.12682
-1.67567	1.15603	5.14325	5.1255
-1.67107	1.15734	5.14522	5.1255
-1.67797	1.15307	5.14587	5.1255
-1.68684	1.14486	5.14653	5.12419
-1.68257	1.15603	5.14555	5.1232
-1.69735	1.14519	5.14456	5.1232
-1.69932	1.1442	5.14259	5.12748
-1.70819	1.13632	5.14292	5.1301
-1.70885	1.14059	5.14325	5.12879
-1.70261	1.14256	5.14456	5.12682
-1.70688	1.13632	5.14522	5.12583
-1.70162	1.13862	5.14555	5.12452
-1.70852	1.12778	5.14423	5.12518
-1.71049	1.13829	5.1416	5.12682
-1.721	1.1373	5.14095	5.12616
-1.71969	1.13927	5.14095	5.12616
-1.72298	1.13829	5.14062	5.12583
-1.71936	1.1511	5.14127	5.1255
-1.71443	1.158	5.1439	5.12583
-1.70261	1.16424	5.14456	5.1278
-1.68946	1.1741	5.14292	5.12583
-1.68749	1.16096	5.1416	5.12518
-1.67698	1.16424	5.14062	5.1255
-1.68355	1.16194	5.1416	5.12419
-1.68651	1.15603	5.14357	5.12452
-1.69111	1.14486	5.14653	5.12748
-1.68979	1.15504	5.14883	5.12616
-1.69078	1.1488	5.14785	5.12616
-1.69012	1.15373	5.1439	5.12682
-1.69209	1.15242	5.14259	5.12813
-1.68257	1.1511	5.14357	5.12813
-1.68125	1.14815	5.14587	5.12616
-1.68421	1.13796	5.14686	5.1232
-1.67961	1.14125	5.14423	5.12386
-1.67468	1.13697	5.14193	5.12518
-1.68815	1.12088	5.14062	5.12518
-1.67107	1.12219	5.14062	5.12518
-1.66712	1.13106	5.14259	5.12485
-1.67008	1.12186	5.14489	5.12353
-1.67534	1.11628	5.14259	5.12222
-1.67862	1.11726	5.13996	5.1232
-1.66942	1.13172	5.13832	5.12616
-1.66351	1.13829	5.13865	5.12715
-1.66877	1.14585	5.13996	5.12748
-1.68191	1.14322	5.14029	5.12616
-1.69341	1.13599	5.14095	5.12518
-1.70326	1.12942	5.14127	5.12419
-1.71279	1.13665	5.14325	5.12485
-1.72035	1.13697	5.14357	5.1255
-1.72232	1.14486	5.14292	5.12616
-1.74367	1.13369	5.14357	5.12715
-1.74729	1.13402	5.14456	5.12616
-1.74564	1.12843	5.14489	5.12649
-1.75912	1.11726	5.14062	5.1255
-1.77127	1.10675	5.13963	5.12649
-1.78408	1.10215	5.14062	5.1278
-1.78573	1.09722	5.14456	5.12945
-1.79394	1.10084	5.14686	5.1301
-1.80018	1.09426	5.14653	5.12879
-1.81004	1.08868	5.14325	5.12452
-1.80445	1.10543	5.14292	5.1232
-1.81924	1.08671	5.14127	5.12419
-1.80872	1.09229	5.1416	5.12583
-1.8176	1.08277	5.14292	5.12879
-1.82351	1.07915	5.14456	5.12682
-1.82745	1.08112	5.14489	5.12518
-1.82778	1.07422	5.14357	5.12583
-1.82712	1.07357	5.1416	5.1255
-1.83172	1.067	5.14062	5.12485
-1.84519	1.05353	5.14095	5.12386
-1.83632	1.06042	5.14062	5.12386
-1.83632	1.0624	5.14127	5.12518
-1.83698	1.0601	5.14456	5.12518
-1.84026	1.06732	5.14587	5.1232
-1.83074	1.07915	5.1462	5.12452
-1.82252	1.08244	5.14522	5.12715
-1.81464	1.08671	5.14292	5.12879
-1.82154	1.07915	5.14127	5.12945
-1.81957	1.07685	5.14325	5.12715
-1.8107	1.08047	5.14555	5.12353
-1.80774	1.07817	5.14555	5.12222
-1.80708	1.07587	5.14555	5.1232
-1.81004	1.06732	5.1439	5.12485
-1.79985	1.07225	5.14259	5.12715
-1.79295	1.08211	5.14259	5.12813
-1.79066	1.09262	5.14292	5.1255
-1.77948	1.10346	5.1439	5.12485
-1.77094	1.10971	5.14259	5.12518
-1.76799	1.11003	5.14127	5.12518
-1.75517	1.1258	5.14292	5.12583
-1.74105	1.1373	5.14456	5.12649
-1.7371	1.14223	5.14456	5.12583
-1.73612	1.14683	5.1439	5.12583
-1.72955	1.15734	5.14325	5.12518
-1.72429	1.1672	5.14325	5.12485
-1.72626	1.16227	5.14259	5.12452
-1.71575	1.18396	5.14127	5.12518
-1.71213	1.18166	5.14095	5.12485
-1.70983	1.1856	5.14259	5.12518
-1.70721	1.17607	5.14423	5.12452
-1.69932	1.18757	5.14456	5.12419
-1.69111	1.20925	5.14357	5.12452
-1.68979	1.21615	5.14292	5.12485
-1.69209	1.2201	5.14226	5.12518
-1.68027	1.2247	5.14259	5.12616
-1.67829	1.22305	5.14325	5.12485
-1.67829	1.22831	5.14456	5.12485
-1.67665	1.2293	5.14785	5.12485
-1.66877	1.22897	5.14817	5.1255
-1.66614	1.227	5.14653	5.12649
-1.67074	1.22765	5.14259	5.12748
-1.66022	1.24112	5.14095	5.12616
-1.65497	1.24079	5.1416	5.12419
-1.66417	1.23751	5.14325	5.12452
-1.66482	1.23718	5.14423	5.12452
-1.67337	1.22995	5.14555	5.12419
-1.67928	1.21812	5.14423	5.12485
-1.68946	1.20761	5.14292	5.1255
-1.69866	1.20498	5.1416	5.12583
-1.69899	1.2017	5.14226	5.12616
-1.70359	1.18527	5.1439	5.1255
-1.70523	1.18757	5.14325	5.1255
-1.70819	1.18396	5.14259	5.12616
-1.71213	1.18363	5.14193	5.12649
-1.71411	1.19118	5.14062	5.1255
-1.72166	1.19086	5.14292	5.12452
-1.72298	1.1925	5.14555	5.1232
-1.73086	1.18658	5.14587	5.12353
-1.73677	1.18461	5.14555	5.12485
-1.74236	1.17771	5.14489	5.12353
-1.73809	1.18691	5.14325	5.12386
-1.73645	1.18494	5.14062	5.12419
-1.75353	1.16819	5.14226	5.12518
-1.74893	1.15932	5.14357	5.12485
-1.75484	1.14289	5.14423	5.12419
-1.7509	1.14223	5.14357	5.12452
-1.74137	1.1557	5.14325	5.12452
-1.73907	1.14716	5.14259	5.12518
-1.73809	1.15045	5.14259	5.12518
-1.72593	1.1488	5.14357	5.12715
-1.72495	1.14716	5.14489	5.1278
-1.72002	1.14683	5.14522	5.12583
-1.72002	1.15242	5.14292	5.12452
-1.71312	1.16162	5.14193	5.12386
-1.70195	1.17147	5.14127	5.12682
-1.71378	1.17213	5.14193	5.12846
-1.72068	1.16523	5.14259	5.12616
-1.71772	1.17114	5.14259	5.12419
-1.71345	1.17081	5.14193	5.12189
-1.69899	1.18034	5.14062	5.12222
-1.69308	1.18823	5.14029	5.12485
-1.68782	1.18363	5.14127	5.12616
-1.68914	1.18888	5.14226	5.12616
-1.69045	1.1787	5.1439	5.12649
-1.67994	1.18823	5.14555	5.12649
-1.69045	1.181	5.14653	5.12518
-1.68914	1.19414	5.14522	5.12485
-1.69275	1.1833	5.14456	5.12518
-1.70326	1.16917	5.1439	5.12452
-1.70228	1.15143	5.14226	5.12485
-1.69735	1.15209	5.14226	5.12485
-1.69866	1.15702	5.14325	5.1232
-1.70523	1.15242	5.14456	5.12353
-1.71542	1.13895	5.1439	5.12518
-1.71148	1.14683	5.14259	5.12649
-1.7256	1.12942	5.14325	5.1255
-1.73349	1.11923	5.14423	5.12518
-1.73152	1.12088	5.1439	5.12452
-1.72955	1.1373	5.14226	5.12485
-1.73809	1.13566	5.14062	5.12616
-1.74827	1.11792	5.14127	5.12748
-1.74466	1.12646	5.14259	5.12715
-1.74302	1.1258	5.14226	5.12485
-1.75287	1.12318	5.14292	5.12386
-1.74597	1.12876	5.14325	5.12353
-1.74729	1.12055	5.14259	5.12189
-1.73743	1.12679	5.14127	5.12222
-1.7509	1.11595	5.14029	5.12583
-1.76996	1.09459	5.14292	5.12682
-1.7762	1.09361	5.1462	5.12682
-1.78277	1.08868	5.14817	5.12715
-1.77916	1.08145	5.14587	5.12649
-1.78638	1.09098	5.14325	5.12419
-1.78178	1.11332	5.14325	5.12518
-1.79164	1.10281	5.14292	5.12649
-1.7877	1.10412	5.14357	5.12583
-1.77883	1.10675	5.14423	5.1255
-1.78014	1.10379	5.14555	5.12485
-1.78014	1.10149	5.14555	5.12485
-1.78474	1.08737	5.14489	5.12583
-1.79066	1.08408	5.14456	5.12485
-1.78047	1.09624	5.14423	5.12452
-1.7877	1.09131	5.14325	5.12452
-1.79295	1.07981	5.14226	5.12518
-1.78704	1.09952	5.14325	5.12748
-1.78704	1.09722	5.14489	5.1278
-1.78803	1.09525	5.14555	5.12583
-1.77456	1.11266	5.14719	5.12419
-1.77883	1.10314	5.14686	5.12419
-1.78178	1.09459	5.14423	5.12452
-1.78277	1.08014	5.1439	5.12649
-1.77489	1.08211	5.1439	5.12649
-1.77127	1.08079	5.14226	5.12386
-1.7555	1.09032	5.14029	5.12255
-1.75649	1.08079	5.14127	5.12452
-1.76371	1.06798	5.14292	5.12682
-1.76601	1.06502	5.14357	5.1255
-1.76569	1.06798	5.14325	5.1232
-1.76536	1.05418	5.1439	5.12222
-1.76831	1.05418	5.14259	5.12518
-1.76864	1.05451	5.14062	5.12649
-1.76503	1.06075	5.1416	5.12715
-1.7716	1.06962	5.14292	5.12879
-1.76207	1.08211	5.1439	5.12879
-1.76371	1.07685	5.14325	5.12879
-1.76864	1.06962	5.14292	5.12846
-1.76766	1.07422	5.14357	5.1278
-1.75123	1.07685	5.14423	5.1278
-1.73743	1.08934	5.14325	5.12715
-1.74105	1.08802	5.14259	5.12518
-1.73053	1.09426	5.14423	5.12419
-1.72528	1.08737	5.14555	5.12485
-1.73546	1.07619	5.14719	5.12452
-1.73316	1.08474	5.14817	5.12485
-1.7417	1.08408	5.1462	5.12715
-1.7555	1.06897	5.14423	5.12912
-1.74696	1.08605	5.14127	5.12846
-1.74992	1.09328	5.14226	5.12682
-1.75452	1.10182	5.14292	5.12419
-1.75419	1.10905	5.1416	5.12386
-1.75879	1.10576	5.1416	5.12419
-1.74762	1.11628	5.14292	5.12518
-1.76207	1.11595	5.14423	5.12518
-1.76831	1.09328	5.1439	5.12682
-1.76536	1.10018	5.14456	5.12583
-1.76339	1.09492	5.14522	5.12583
-1.77521	1.08737	5.1439	5.12748
-1.76733	1.08507	5.1416	5.12813
-1.75419	1.09854	5.14226	5.12846
-1.7601	1.09164	5.14555	5.12649
-1.76141	1.09952	5.14653	5.1255
-1.74959	1.09624	5.14522	5.12583
-1.76207	1.07587	5.14456	5.12452
-1.77226	1.08178	5.14489	5.12386
-1.76207	1.09328	5.1439	5.12452
-1.76076	1.07652	5.14127	5.12485
-1.74926	1.07455	5.14292	5.12616
-1.73875	1.07422	5.14423	5.12616
-1.7394	1.07554	5.14587	5.1255
-1.744	1.06864	5.14719	5.1232
-1.7394	1.07784	5.1485	5.12485
-1.74367	1.06667	5.14752	5.12485
-1.74367	1.07258	5.14522	5.12386
-1.74466	1.07521	5.1439	5.12485
-1.75222	1.06207	5.14325	5.12813
-1.74499	1.06371	5.14193	5.12879
-1.744	1.07127	5.13996	5.12682
-1.73907	1.07751	5.14127	5.12518
-1.72528	1.09656	5.14292	5.12386
-1.71016	1.12022	5.14357	5.12518
-1.70688	1.12416	5.1439	5.12616
-1.70885	1.12745	5.1439	5.12649
-1.70622	1.12318	5.14325	5.12452
-1.70458	1.13468	5.14292	5.12386
-1.70359	1.12515	5.14193	5.12386
-1.70228	1.12153	5.14062	5.12813
-1.70425	1.12252	5.13996	5.12846
-1.70688	1.10741	5.14029	5.12748
-1.68782	1.12186	5.14127	5.12485
-1.68749	1.11398	5.14357	5.12452
-1.68191	1.12153	5.14456	5.12682
-1.67238	1.13303	5.14325	5.12748
-1.66975	1.14519	5.14193	5.12682
-1.67567	1.13927	5.14193	5.12485
-1.66614	1.14617	5.14325	5.12485
-1.6668	1.13697	5.14357	5.12715
-1.65792	1.13862	5.14587	5.12715
-1.66154	1.13927	5.14653	5.1255
-1.66844	1.13533	5.14489	5.12485
-1.66844	1.14256	5.14325	5.1255
-1.66417	1.14946	5.14292	5.12583
-1.66285	1.14387	5.14357	5.12518
-1.66154	1.15537	5.14489	5.12583
-1.6576	1.16096	5.14522	5.12386
-1.65267	1.15932	5.14423	5.12386
-1.65004	1.16326	5.14325	5.12485
-1.66647	1.15307	5.14259	5.12583
-1.6668	1.14387	5.14226	5.12682
-1.68552	1.14585	5.14226	5.12813
-1.67961	1.15439	5.1439	5.12813
-1.67567	1.15012	5.14587	5.12715
-1.66581	1.15537	5.14456	5.12583
-1.67271	1.15307	5.14193	5.1255
-1.67041	1.1672	5.13996	5.1278
-1.66384	1.16983	5.14029	5.1278
-1.67402	1.158	5.14259	5.12649
-1.67632	1.15307	5.1439	5.12583
-1.67895	1.14946	5.14325	5.12715
-1.67205	1.15472	5.13996	5.1278
-1.67435	1.15143	5.13963	5.12945
-1.66975	1.1557	5.14095	5.13142
-1.67468	1.14847	5.14226	5.12945
-1.65792	1.1649	5.14193	5.12748
-1.66778	1.15833	5.1416	5.1255
-1.67928	1.14322	5.14325	5.12353
-1.67764	1.14157	5.14522	5.12419
-1.66877	1.1465	5.14653	5.1255
-1.66877	1.13205	5.14555	5.12649
-1.66942	1.1442	5.14357	5.1278
-1.66252	1.13763	5.14226	5.12682
-1.65398	1.13862	5.1416	5.12485
-1.64807	1.14256	5.14259	5.12419
-1.64051	1.14683	5.14456	5.12485
-1.6484	1.14519	5.14555	5.1255
-1.65661	1.1212	5.14555	5.12649
-1.66022	1.11956	5.14653	5.12583
-1.67074	1.11529	5.14522	5.12419
-1.66647	1.12219	5.14325	5.1232
-1.65431	1.10938	5.14029	5.12485
-1.66844	1.09755	5.13897	5.12616
-1.67271	1.09032	5.13996	5.12715
-1.67534	1.08605	5.1416	5.1278
-1.67665	1.09689	5.14292	5.12583
-1.67139	1.10445	5.14325	5.12583
-1.67402	1.10346	5.14325	5.12616
-1.67369	1.10806	5.14226	5.12846
-1.67829	1.10346	5.14029	5.1301
-1.67665	1.11135	5.14062	5.12945
-1.68946	1.09558	5.14259	5.12912
-1.68388	1.11431	5.14259	5.12912
-1.70228	1.10051	5.14193	5.12945
-1.69045	1.10872	5.14226	5.12813
-1.71016	1.10051	5.14193	5.12682
-1.71246	1.09131	5.14193	5.12616
-1.71936	1.08047	5.1416	5.1278
-1.72396	1.08211	5.14062	5.12846
-1.72889	1.07619	5.13963	5.12616
-1.73546	1.08079	5.13996	5.12452
-1.75484	1.07061	5.14062	5.12452
-1.76503	1.0647	5.14259	5.1255
-1.76043	1.07455	5.14456	5.12583
-1.76733	1.06864	5.14423	5.12583
-1.76601	1.06765	5.14226	5.12452
-1.75057	1.0716	5.1416	5.12353
-1.767	1.06272	5.14127	5.12353
-1.7739	1.04925	5.14292	5.12452
-1.7762	1.0348	5.14489	5.1255
-1.7739	1.0463	5.14456	5.12616
-1.77291	1.0417	5.1439	5.12583
-1.77423	1.03907	5.14325	5.12649
-1.76864	1.05155	5.14292	5.12715
-1.76799	1.05484	5.14357	5.12649
-1.77259	1.05747	5.14259	5.12419
-1.77883	1.04794	5.14029	5.12255
-1.7739	1.03447	5.13897	5.12353
-1.75912	1.04367	5.14029	5.12616
-1.76634	1.0394	5.14259	5.1278
-1.767	1.0417	5.14489	5.1255
-1.77127	1.04728	5.14555	5.1255
-1.77127	1.0647	5.14587	5.12649
-1.77587	1.05845	5.14456	5.12616
-1.77259	1.05648	5.14193	5.12715
-1.7693	1.05812	5.14029	5.12748
-1.76339	1.06634	5.14226	5.1278
-1.7578	1.07948	5.14456	5.12682
-1.75682	1.08408	5.14489	5.12485
-1.74729	1.08572	5.14325	5.12419
-1.74532	1.09164	5.14226	5.12485
-1.7394	1.09624	5.14127	5.12682
-1.72988	1.10806	5.14226	5.12616
-1.71345	1.11332	5.1439	5.1255
-1.70786	1.11759	5.14522	5.12452
-1.71279	1.11562	5.14292	5.12386
-1.71673	1.09229	5.14029	5.12386
-1.70458	1.11069	5.1393	5.12353
-1.71246	1.11069	5.14193	5.12353
-1.71443	1.11496	5.14587	5.12452
-1.71181	1.11003	5.14719	5.12518
-1.72068	1.09262	5.14587	5.12419
-1.7187	1.09558	5.14555	5.12452
-1.71476	1.10511	5.14357	5.12452
-1.70523	1.10445	5.14259	5.12452
-1.69768	1.11299	5.14292	5.1255
-1.68519	1.12646	5.14325	5.12682
-1.68618	1.12745	5.14325	5.12715
-1.68322	1.12778	5.14226	5.12715
-1.67731	1.13862	5.1416	5.1255
-1.66778	1.1557	5.14226	5.1232
-1.66482	1.15603	5.14259	5.12518
-1.64873	1.17279	5.14226	5.12452
-1.65858	1.16819	5.14357	5.12386
-1.66384	1.17344	5.14719	5.12518
-1.66811	1.1764	5.1485	5.12682
-1.66909	1.18001	5.14752	5.12649
-1.66515	1.18133	5.14587	5.12715
-1.66778	1.1856	5.14325	5.12649
-1.66811	1.1925	5.1416	5.1278
-1.66384	1.19973	5.14259	5.12945
-1.66975	1.19316	5.14423	5.12912
-1.67862	1.1902	5.14555	5.1278
-1.67862	1.19644	5.14555	5.12616
-1.67862	1.1925	5.14587	5.12452
-1.68355	1.20071	5.14522	5.12386
-1.67829	1.19381	5.14357	5.12452
-1.69045	1.18396	5.14357	5.1255
-1.68881	1.1833	5.1439	5.12748
-1.68585	1.1741	5.14226	5.12715
-1.70491	1.14683	5.14226	5.12616
-1.70885	1.15012	5.14193	5.12616
-1.69965	1.15734	5.14029	5.12616
-1.70096	1.15504	5.14095	5.12485
-1.68782	1.17114	5.14325	5.1255
-1.70195	1.16359	5.14555	5.12583
-1.71345	1.14979	5.1462	5.12616
-1.7187	1.14223	5.14522	5.12682
-1.72396	1.135	5.14423	5.12682
-1.72889	1.14322	5.14325	5.12682
-1.7302	1.1419	5.14423	5.12748
-1.74039	1.13468	5.14653	5.12583
-1.75517	1.12876	5.14686	5.12485
-1.75944	1.11233	5.14522	5.12583
-1.76799	1.10281	5.14325	5.1255
-1.77291	1.10281	5.14095	5.12715
-1.77357	1.10116	5.14095	5.12846
-1.77357	1.11233	5.1439	5.12715
-1.76897	1.11693	5.1462	5.12616
-1.77456	1.09919	5.14686	5.12649
-1.77554	1.10084	5.14456	5.12583
-1.78836	1.08277	5.14226	5.12616
-1.77817	1.09164	5.14226	5.12649
-1.78211	1.09032	5.14423	5.12715
-1.78014	1.10182	5.14522	5.12649
-1.78376	1.09426	5.14522	5.1255
-1.78178	1.09919	5.14423	5.1255
-1.78671	1.09164	5.14226	5.1255
-1.77784	1.10543	5.14127	5.1255
-1.77423	1.11201	5.14127	5.12518
-1.77094	1.10248	5.14259	5.12649
-1.77916	1.08572	5.1439	5.12715
-1.77423	1.09854	5.14489	5.1255
-1.77948	1.08309	5.1462	5.12583
-1.78376	1.08802	5.14522	5.12616
-1.78277	1.09065	5.14292	5.12616
-1.78507	1.08769	5.14259	5.12452
-1.78737	1.08966	5.14292	5.1232
-1.78671	1.09525	5.14653	5.12288
-1.77456	1.11003	5.1485	5.1232
-1.76601	1.11891	5.14719	5.12386
-1.76404	1.11858	5.14456	5.12288
-1.75912	1.1258	5.14357	5.12288
-1.75813	1.13205	5.14587	5.12452
-1.75353	1.1419	5.14686	5.12419
-1.74762	1.13895	5.14686	5.12419
-1.74597	1.13993	5.14522	5.12419
-1.74039	1.14585	5.14259	5.12419
-1.74926	1.14355	5.14259	5.12649
-1.74959	1.14387	5.1439	5.12879
-1.74762	1.1465	5.1439	5.1278
-1.75583	1.13665	5.14456	5.1255
-1.75123	1.13829	5.14357	5.1232
-1.75714	1.12613	5.14357	5.12189
-1.76174	1.11332	5.14423	5.12189
-1.7624	1.11858	5.1439	5.12353
-1.76634	1.11233	5.14292	5.12386
-1.7624	1.11759	5.1416	5.12583
-1.75649	1.13008	5.14062	5.1255
-1.75714	1.14092	5.14193	5.12419
-1.75583	1.13665	5.14423	5.12419
-1.75419	1.14059	5.14456	5.12583
-1.75123	1.13927	5.14259	5.12682
-1.75714	1.14486	5.14193	5.12616
-1.76076	1.12646	5.14226	5.12583
-1.75419	1.1258	5.14522	5.12583
-1.75386	1.12876	5.1462	5.1255
-1.74236	1.13796	5.14555	5.1232
-1.73513	1.14552	5.14259	5.12485
-1.74335	1.13697	5.14029	5.12813
-1.74893	1.14026	5.14029	5.12879
-1.744	1.1373	5.14062	5.12748
-1.7463	1.13336	5.14127	5.1278
-1.7463	1.13073	5.14193	5.12616
-1.75616	1.11628	5.14292	5.12616
-1.75386	1.12416	5.14259	5.12682
-1.74959	1.12778	5.1416	5.12715
-1.75189	1.13303	5.14127	5.12748
-1.74992	1.13238	5.14127	5.12649
-1.74269	1.14519	5.14325	5.12419
-1.74893	1.12975	5.1439	5.12255
-1.74827	1.11923	5.14325	5.12452
-1.74072	1.12646	5.14259	5.12715
-1.73283	1.13566	5.1439	5.12813
-1.73152	1.13697	5.14423	5.12682
-1.73152	1.12909	5.14357	5.12485
-1.72363	1.14256	5.14325	5.12419
-1.72462	1.14519	5.1439	5.12353
-1.7417	1.13139	5.14357	5.12386
-1.74006	1.13369	5.1439	5.12419
-1.7394	1.12876	5.14456	5.12682
-1.74302	1.13073	5.14587	5.12715
-1.73875	1.13205	5.14522	5.1278
-1.73645	1.13763	5.14456	5.12649
-1.73677	1.1373	5.14292	5.12386
-1.7371	1.14125	5.14292	5.12353
-1.74466	1.13106	5.14062	5.12386
-1.7486	1.13829	5.14029	5.12419
-1.74794	1.12975	5.14259	5.12419
-1.75287	1.12909	5.14423	5.1255
-1.75189	1.1304	5.1462	5.12386
-1.75747	1.13205	5.14587	5.12255
-1.75944	1.14519	5.14423	5.12386
-1.76339	1.13369	5.1439	5.1255
-1.7578	1.12548	5.14423	5.12682
-1.75452	1.13796	5.1439	5.12715
-1.76503	1.13106	5.14226	5.12616
-1.75419	1.13172	5.14095	5.12452
-1.75452	1.12088	5.14357	5.12288
-1.75747	1.12646	5.14555	5.12419
-1.75813	1.14355	5.1462	5.1255
-1.74433	1.15242	5.14555	5.12583
-1.75287	1.14716	5.14456	5.12452
-1.75287	1.14486	5.14292	5.12386
-1.75353	1.12942	5.14292	5.1232
-1.76043	1.11562	5.14259	5.1255
-1.7624	1.11003	5.14226	5.12879
-1.7555	1.11332	5.1416	5.12748
-1.74269	1.12088	5.14259	5.12748
-1.744	1.13205	5.14292	5.12715
-1.73809	1.13073	5.14259	5.12649
-1.73776	1.13106	5.1416	5.12583
-1.73645	1.13993	5.14095	5.12518
-1.73579	1.14749	5.14193	5.1255
-1.73349	1.13927	5.14127	5.12616
-1.73283	1.12909	5.14292	5.12682
-1.72889	1.12975	5.14489	5.12583
-1.7302	1.12712	5.1462	5.1232
-1.72988	1.12712	5.14522	5.12189
-1.7187	1.1281	5.14423	5.12156
-1.72002	1.11726	5.14292	5.12485
-1.71509	1.11759	5.14325	5.12649
-1.71542	1.10281	5.14259	5.12748
-1.7164	1.10346	5.14325	5.1278
-1.72462	1.10281	5.14357	5.12682
-1.72396	1.12088	5.14325	5.12715
-1.72528	1.12088	5.14456	5.12715
-1.74335	1.11661	5.14292	5.12813
-1.7371	1.11135	5.14029	5.12945
-1.74466	1.11135	5.14127	5.12977
-1.74236	1.10018	5.14522	5.12977
-1.74663	1.09591	5.14653	5.12879
-1.7417	1.09919	5.14587	5.12649
-1.7279	1.10675	5.14522	5.12452
-1.72166	1.11693	5.14226	5.12485
-1.72988	1.10642	5.14259	5.12682
-1.72856	1.10281	5.14522	5.12715
-1.72396	1.11266	5.14587	5.12682
-1.72363	1.12219	5.14522	5.12616
-1.73809	1.11003	5.14259	5.12386
-1.74794	1.09985	5.14259	5.1232
-1.75156	1.10149	5.14292	5.12353
-1.75189	1.09624	5.14325	5.12419
-1.76273	1.09985	5.14357	5.12649
-1.75977	1.11529	5.14259	5.1255
-1.75353	1.12088	5.14259	5.12518
-1.74433	1.13336	5.14259	5.1255
-1.744	1.14157	5.14423	5.12649
-1.74236	1.14322	5.14259	5.12616
-1.73546	1.1465	5.14292	5.12715
-1.7256	1.1488	5.1416	5.12879
-1.73546	1.14256	5.1416	5.12748
-1.73283	1.14946	5.14259	5.12649
-1.72528	1.14815	5.1439	5.12715
-1.72593	1.14387	5.14292	5.12682
-1.72199	1.15077	5.14062	5.12715
-1.72626	1.15242	5.1393	5.12813
-1.72429	1.15932	5.13963	5.12813
-1.72035	1.15833	5.14127	5.12813
-1.7302	1.15406	5.14193	5.1255
-1.72166	1.16096	5.1416	5.12452
-1.72035	1.14486	5.14062	5.12616
-1.71279	1.14092	5.14127	5.12715
-1.71805	1.13697	5.14193	5.1255
-1.72002	1.12449	5.14226	5.12485
-1.7256	1.12449	5.14193	5.12386
-1.72659	1.13139	5.14259	5.12386
-1.71969	1.13533	5.14259	5.12518
-1.72692	1.12449	5.14357	5.12583
-1.73776	1.09985	5.1439	5.1255
-1.74006	1.10281	5.14325	5.1255
-1.744	1.09492	5.14423	5.12386
-1.74696	1.09558	5.14587	5.1232
-1.75714	1.08309	5.14587	5.12452
-1.76174	1.07849	5.14325	5.12583
-1.77423	1.06831	5.14193	5.12748
-1.78934	1.04531	5.14292	5.12748
-1.78803	1.05714	5.14325	5.12748
-1.79755	1.04893	5.14325	5.12682
-1.79493	1.044	5.14357	5.12748
-1.79361	1.05944	5.14292	5.12748
-1.80281	1.05977	5.14193	5.12813
-1.81628	1.0509	5.14193	5.12748
-1.81464	1.05188	5.14127	5.12518
-1.81267	1.0624	5.14259	5.12583
-1.80643	1.067	5.14423	5.12583
-1.80774	1.0624	5.14522	5.12518
-1.8199	1.05517	5.14555	5.12485
-1.83435	1.04203	5.14423	5.12616
-1.84421	1.03743	5.14259	5.12649
-1.83928	1.04334	5.14193	5.12682
-1.83369	1.04531	5.1439	5.12583
-1.82975	1.04991	5.14587	5.12485
-1.83238	1.04827	5.14817	5.12649
-1.82811	1.04564	5.1485	5.12616
-1.8222	1.05024	5.14587	5.12649
-1.82417	1.04367	5.14259	5.12616
-1.82449	1.04104	5.13963	5.1255
-1.82351	1.04695	5.14127	5.1232
-1.82844	1.03447	5.14489	5.12189
-1.82679	1.03776	5.14785	5.1232
-1.82088	1.04761	5.1462	5.12452
-1.82318	1.0394	5.14259	5.12715
-1.82252	1.04137	5.1416	5.12715
-1.82778	1.04203	5.14193	5.12649
-1.82548	1.05418	5.14423	5.12485
-1.81858	1.05484	5.14555	5.12288
-1.8107	1.05878	5.14719	5.12353
-1.81102	1.06765	5.14752	5.12583
-1.80938	1.06995	5.14522	5.1255
-1.81102	1.06568	5.14226	5.12583
-1.80971	1.07225	5.14226	5.1255
-1.81234	1.08145	5.14259	5.12452
-1.81168	1.08112	5.1439	5.12353
-1.80347	1.08737	5.14489	5.12386
-1.80445	1.08145	5.1439	5.12485
-1.80051	1.08244	5.1439	5.12583
-1.7992	1.07521	5.14522	5.12715
-1.79657	1.07291	5.14423	5.12682
-1.79493	1.06897	5.14325	5.12682
-1.79098	1.07521	5.14259	5.12649
-1.78737	1.08704	5.14193	5.12518
-1.7808	1.09755	5.14423	5.12485
-1.77587	1.11496	5.14489	5.12715
-1.77718	1.10511	5.14423	5.12748
-1.77916	1.10084	5.14357	5.12682
-1.77718	1.10872	5.1439	5.1255
-1.7739	1.10642	5.14456	5.12353
-1.76799	1.10971	5.14423	5.12419
-1.76601	1.11365	5.14456	5.12616
-1.76174	1.12022	5.14259	5.12682
-1.76503	1.12088	5.14226	5.12583
-1.76339	1.12285	5.14325	5.12649
-1.76339	1.11858	5.14456	5.12583
-1.77291	1.11201	5.14587	5.12649
-1.767	1.11891	5.1439	5.12715
-1.76141	1.11693	5.14325	5.1255
-1.74466	1.13402	5.1439	5.12518
-1.73447	1.15307	5.1439	5.12518
-1.7302	1.15143	5.14357	5.1255
-1.72593	1.1488	5.14325	5.12616
-1.73053	1.14092	5.1416	5.12616
-1.73382	1.13829	5.14029	5.12485
-1.72922	1.12482	5.14062	5.12583
-1.72232	1.12712	5.1416	5.12846
-1.71969	1.13862	5.14325	5.12813
-1.71673	1.13993	5.14423	5.12846
-1.71608	1.14683	5.14587	5.12748
-1.69801	1.15964	5.14555	5.12748
-1.69308	1.16293	5.14423	5.12945
-1.69834	1.1488	5.14226	5.12879
-1.70688	1.13993	5.14357	5.1278
-1.70523	1.13468	5.14653	5.12616
-1.71213	1.135	5.14752	5.12419
-1.70458	1.14585	5.14686	5.1232
-1.70556	1.14946	5.14522	5.12452
-1.70063	1.1488	5.14325	5.12452
-1.69669	1.16096	5.14226	5.12649
-1.68388	1.17147	5.14357	5.12748
-1.68322	1.1741	5.14489	5.12682
-1.68092	1.17837	5.14653	5.12518
-1.68388	1.17213	5.14555	5.1255
-1.67402	1.17246	5.14325	5.12649
-1.67797	1.17706	5.14259	5.1278
-1.67895	1.18363	5.1416	5.12682
-1.67698	1.18166	5.14127	5.12518
-1.69012	1.16392	5.14193	5.1232
-1.69834	1.1718	5.14456	5.1232
-1.69735	1.16654	5.14555	5.12156
-1.70655	1.15767	5.1439	5.12189
-1.70951	1.14782	5.1416	5.12353
-1.71016	1.14486	5.1416	5.12649
-1.70918	1.14355	5.14423	5.12846
-1.71345	1.12482	5.14522	5.12879
-1.71279	1.13303	5.14456	5.12682
-1.71213	1.13796	5.14423	5.12452
-1.71378	1.13205	5.14423	5.12419
-1.71903	1.14946	5.14423	5.12386
-1.72856	1.13205	5.14292	5.1255
-1.73875	1.1304	5.14226	5.12583
-1.73447	1.12712	5.14226	5.1255
-1.74335	1.12548	5.14489	5.12353
-1.75123	1.11693	5.14587	5.1209
-1.74729	1.10576	5.14719	5.12025
-1.75287	1.09492	5.1462	5.12156
-1.75714	1.10018	5.14489	5.12419
-1.7555	1.08638	5.14555	5.12616
-1.75616	1.09131	5.14522	5.12583
-1.76306	1.07849	5.14489	5.12386
-1.77817	1.06207	5.14456	5.12255
-1.79361	1.05385	5.14423	5.12452
-1.79328	1.04334	5.1439	5.12715
-1.79624	1.03611	5.14357	5.1278
-1.80281	1.03151	5.14522	5.12649
-1.80675	1.0279	5.14555	5.1232
-1.8153	1.01837	5.1462	5.12156
-1.82909	1.01049	5.14489	5.12255
-1.83041	1.00556	5.14489	5.12518
-1.84125	0.979932	5.14522	5.12715
-1.84125	0.978946	5.14456	5.12879
-1.85373	0.967776	5.14456	5.12813
-1.85801	0.965148	5.14555	5.12748
-1.86392	0.955291	5.14522	5.12649
-1.87115	0.947735	5.14325	5.12386
-1.87312	0.933279	5.14325	5.12452
-1.87706	0.925065	5.14423	5.12649
-1.87739	0.923423	5.14489	5.12715
-1.87542	0.925723	5.14555	5.12583
-1.88495	0.921123	5.14555	5.12419
-1.87706	0.918166	5.14653	5.12288
-1.87345	0.945107	5.14522	5.12386
-1.86819	0.951677	5.14259	5.12452
-1.87016	0.947078	5.14127	5.12583
-1.86918	0.925394	5.14325	5.12748
-1.87279	0.91948	5.14653	5.12682
-1.87509	0.916852	5.14752	5.12616
-1.86162	0.938536	5.14653	5.12485
-1.86983	0.923094	5.14423	5.12419
-1.86983	0.933936	5.14259	5.12485
-1.86786	0.940178	5.14193	5.12518
-1.86786	0.93295	5.14292	5.12419
-1.87345	0.936236	5.1439	5.12419
-1.86162	0.944778	5.14259	5.12485
-1.85505	0.958905	5.13897	5.12518
-1.84388	0.963176	5.13733	5.1255
-1.85406	0.958248	5.14029	5.1278
-1.84552	0.967776	5.14259	5.13043
-1.83895	0.98486	5.14325	5.12945
-1.83534	0.992088	5.14489	5.12649
-1.83435	0.990445	5.14193	5.12353
-1.82647	0.998659	5.14029	5.12353
-1.82088	1.0072	5.14062	5.12715
-1.8153	1.01739	5.14226	5.12813
-1.81431	1.0118	5.14423	5.12912
-1.81168	1.01377	5.14522	5.12945
-1.8084	1.02527	5.14555	5.12945
-1.80117	1.02593	5.14456	5.1278
-1.80084	1.03447	5.14259	5.12616
-1.79197	1.02626	5.14029	5.1255
-1.79098	1.02363	5.13963	5.12452
-1.78343	1.03546	5.14226	5.12485
-1.79361	1.03677	5.1439	5.12452
-1.79263	1.03217	5.14423	5.12386
-1.79328	1.03907	5.1416	5.1232
-1.79066	1.04334	5.13963	5.12156
-1.78836	1.05484	5.13897	5.12288
-1.78934	1.0647	5.14095	5.12452
-1.78178	1.067	5.14259	5.12682
-1.77784	1.06831	5.14193	5.12682
-1.77029	1.06272	5.1416	5.1255
-1.76371	1.0555	5.14357	5.12485
-1.7762	1.05517	5.14357	5.12419
-1.76897	1.07981	5.14193	5.1255
-1.77061	1.08244	5.13832	5.12616
-1.77094	1.07554	5.13897	5.12649
-1.7785	1.07718	5.14226	5.12583
-1.78146	1.07488	5.14587	5.12386
-1.7785	1.07981	5.1462	5.12452
-1.78836	1.07981	5.1439	5.12485
-1.77981	1.08441	5.14062	5.12583
-1.77029	1.07817	5.1393	5.12715
-1.76634	1.08342	5.13865	5.12649
-1.77718	1.08047	5.14127	5.12485
-1.77817	1.07685	5.14456	5.12485
-1.77981	1.08737	5.14587	5.12649
-1.77916	1.08507	5.14423	5.12682
-1.77587	1.08605	5.14423	5.12649
-1.76667	1.09558	5.14456	5.12649
-1.78113	1.08408	5.14522	5.12616
-1.76897	1.08999	5.14522	5.1255
-1.76831	1.10412	5.14423	5.12452
-1.7693	1.10379	5.14325	5.1255
-1.75714	1.09919	5.14357	5.1278
-1.76306	1.08999	5.14522	5.12879
-1.76207	1.08507	5.1462	5.12813
-1.7647	1.08309	5.14587	5.12715
-1.7578	1.08507	5.14555	5.1255
-1.76043	1.08835	5.1462	5.12419
-1.74564	1.08966	5.14719	5.12485
-1.74006	1.09426	5.14587	5.1255
-1.73283	1.08244	5.1462	5.1255
-1.72856	1.08901	5.14522	5.12682
-1.71049	1.08769	5.14522	5.12649
-1.70261	1.08737	5.14423	5.12682
-1.69669	1.09656	5.14489	5.1255
-1.69636	1.10576	5.14259	5.12386
-1.69866	1.11463	5.14127	5.12353
-1.68815	1.11858	5.14193	5.12386
-1.67961	1.12679	5.1439	5.12386
-1.66515	1.13599	5.14456	5.12518
-1.65792	1.15274	5.14325	5.12583
-1.65168	1.15603	5.14226	5.12649
-1.6507	1.1557	5.1393	5.12682
-1.6576	1.15274	5.13799	5.12518
-1.65464	1.15307	5.14029	5.12419
-1.65201	1.1511	5.14259	5.12518
-1.65168	1.15504	5.14555	5.12715
-1.65891	1.13599	5.14686	5.12583
-1.6645	1.12909	5.14292	5.12485
-1.67304	1.1281	5.13996	5.12518
-1.67632	1.13369	5.13996	5.12386
-1.68914	1.12318	5.14325	5.12386
-1.70129	1.12022	5.14686	5.12353
-1.69866	1.11923	5.14555	5.12353
-1.69078	1.12153	5.14259	5.12353
-1.69439	1.13697	5.14226	5.12518
-1.69932	1.1442	5.14357	5.12715
-1.69209	1.1534	5.14423	5.12813
-1.69505	1.16556	5.14489	5.12846
-1.69406	1.16622	5.14456	5.12748
-1.69998	1.16227	5.1439	5.12715
-1.68815	1.1649	5.14357	5.12682
-1.69834	1.16589	5.14259	5.1278
-1.69439	1.17673	5.14127	5.12846
-1.69669	1.17607	5.14259	5.1278
-1.71213	1.16392	5.14456	5.12616
-1.72002	1.15373	5.14489	5.12583
-1.71805	1.16326	5.14522	5.12813
-1.72363	1.15964	5.14456	5.1301
-1.73842	1.14617	5.14292	5.12977
-1.74367	1.14847	5.14127	5.12649
-1.74926	1.13435	5.14193	5.12386
-1.75484	1.13632	5.14193	5.1232
-1.7647	1.12186	5.14193	5.12288
-1.76503	1.11003	5.14357	5.12386
-1.77587	1.10872	5.14226	5.12583
-1.7762	1.09065	5.14193	5.12649
-1.77784	1.09098	5.14259	5.12682
-1.77653	1.10215	5.14357	5.1278
-1.77423	1.10018	5.14357	5.12583
-1.77456	1.10642	5.14522	5.12485
-1.76569	1.10741	5.14653	5.12419
-1.76109	1.11463	5.14555	5.1232
-1.76109	1.10281	5.14325	5.12583
-1.75517	1.09919	5.14259	5.12813
-1.74302	1.09492	5.14357	5.1278
-1.73875	1.10379	5.14357	5.12616
-1.72495	1.11398	5.14456	5.12485
-1.7256	1.10314	5.14456	5.1255
-1.72659	1.10741	5.1439	5.12715
-1.70786	1.12285	5.14226	5.12715
-1.69439	1.13008	5.14193	5.12682
-1.69998	1.12646	5.1416	5.12748
-1.70162	1.1235	5.14357	5.12748
-1.70983	1.12548	5.14489	5.1278
-1.70721	1.1281	5.14555	5.12616
-1.70063	1.14223	5.14357	5.12353
-1.69866	1.13697	5.14226	5.12189
-1.70392	1.13599	5.1416	5.12255
-1.70622	1.1373	5.1416	5.12386
-1.71805	1.12252	5.14193	5.12583
-1.72593	1.12285	5.14292	5.12649
-1.7302	1.1281	5.14489	5.12616
-1.75254	1.11003	5.14456	5.12485
-1.75452	1.10609	5.14456	5.12353
-1.76207	1.09558	5.14325	5.12288
-1.76996	1.09624	5.14259	5.12386
-1.78638	1.08014	5.14357	5.12682
-1.79164	1.07948	5.14357	5.12813
-1.7969	1.07784	5.1439	5.12813
-1.80413	1.07324	5.14259	5.12748
-1.80445	1.07291	5.14292	5.12715
-1.81562	1.05812	5.14423	5.12846
-1.82252	1.05747	5.1439	5.12813
-1.82022	1.0555	5.1439	5.1278
-1.81727	1.06634	5.14357	5.12748
-1.8199	1.07061	5.14259	5.12682
-1.83041	1.04991	5.14226	5.12682
-1.84059	1.03973	5.14357	5.12715
-1.83172	1.04531	5.14522	5.12748
-1.82679	1.05714	5.14456	5.12649
-1.83829	1.04695	5.14456	5.12419
-1.83435	1.05583	5.1439	5.12353
-1.83041	1.06141	5.14357	5.12583
-1.83468	1.05944	5.14292	5.12813
-1.83665	1.05714	5.14226	5.12879
-1.83435	1.06207	5.1439	5.12682
-1.82482	1.06962	5.14719	5.1255
-1.83534	1.05221	5.14686	5.12682
-1.82975	1.05747	5.14555	5.12649
-1.82581	1.07488	5.14423	5.12649
-1.82745	1.07882	5.1439	5.12682
-1.82679	1.07652	5.14325	5.12616
-1.82647	1.07915	5.14456	5.12682
-1.82351	1.08178	5.14587	5.12682
-1.82318	1.08539	5.1462	5.12485
-1.81694	1.08539	5.1462	5.1232
-1.81727	1.09164	5.14489	5.12123
-1.81858	1.08769	5.14292	5.12353
-1.80774	1.08507	5.14325	5.12748
-1.7946	1.10609	5.14423	5.12813
-1.79263	1.10971	5.14587	5.12616
-1.79657	1.09854	5.14587	5.12518
-1.7785	1.11923	5.14423	5.12485
-1.77587	1.11693	5.14226	5.12452
-1.767	1.12252	5.14259	5.12649
-1.75057	1.1327	5.14456	5.12649
-1.7463	1.13566	5.14522	5.12518
-1.73645	1.14256	5.14489	5.12485
-1.72725	1.16392	5.14555	5.12485
-1.72363	1.15767	5.14489	5.12583
-1.71411	1.16687	5.14292	5.12748
-1.70721	1.17574	5.13996	5.12715
-1.71805	1.16917	5.13963	5.12715
-1.71838	1.16227	5.14127	5.12682
-1.71213	1.17344	5.14226	5.1255
-1.70819	1.18494	5.14259	5.12485
-1.70523	1.19546	5.14226	5.12386
-1.70983	1.18954	5.14292	5.12583
-1.70228	1.19546	5.14292	5.12945
-1.70359	1.18724	5.14259	5.13109
-1.69768	1.19086	5.14357	5.12912
-1.69801	1.19677	5.14489	5.12813
-1.69571	1.20597	5.14489	5.12715
-1.69406	1.21714	5.14423	5.12682
-1.69669	1.21681	5.14193	5.12748
-1.69834	1.22075	5.14226	5.12846
-1.70261	1.22634	5.14292	5.12748
-1.70523	1.22404	5.14489	5.1278
-1.71082	1.22371	5.1439	5.12715
-1.70425	1.22535	5.14292	5.1278
-1.70063	1.23554	5.14259	5.12879
-1.71345	1.22995	5.14522	5.12912
-1.72002	1.22305	5.14653	5.12945
-1.72955	1.20564	5.14522	5.12977
-1.7325	1.21287	5.14456	5.1278
-1.73086	1.2155	5.14522	5.1255
-1.72725	1.21747	5.14653	5.12583
-1.73283	1.21582	5.1439	5.12748
-1.7325	1.21418	5.14259	5.12846
-1.74072	1.20433	5.14292	5.12813
-1.73842	1.19874	5.14522	5.12748
-1.73217	1.20268	5.14752	5.12452
-1.72889	1.19578	5.14686	5.12386
-1.72856	1.19217	5.14587	5.12616
-1.71936	1.20367	5.14555	5.12715
-1.71772	1.21385	5.14555	5.12846
-1.71213	1.21418	5.1462	5.12846
-1.71805	1.21451	5.14555	5.12715
-1.71279	1.22207	5.14456	5.1255
-1.71476	1.22108	5.14423	5.12419
-1.70622	1.23291	5.14325	5.12715
-1.70655	1.23094	5.14259	5.12813
-1.70819	1.22995	5.14062	5.12649
-1.70885	1.22667	5.13996	5.12583
-1.70622	1.22371	5.1416	5.1255
-1.70852	1.22798	5.14522	5.12715
-1.70753	1.22338	5.14719	5.12879
-1.70491	1.22437	5.14587	5.12977
-1.70096	1.23324	5.14325	5.12977
-1.69735	1.23948	5.14193	5.12945
-1.69801	1.24112	5.14325	5.12813
-1.70688	1.22831	5.14555	5.1255
-1.71312	1.21057	5.14653	5.12222
-1.71378	1.20925	5.14456	5.12058
-1.72002	1.20104	5.14292	5.12222
-1.71772	1.2017	5.14062	5.12452
-1.70523	1.21944	5.14292	5.12649
-1.70688	1.21944	5.14587	5.1278
-1.71706	1.20991	5.14686	5.1278
-1.71969	1.20925	5.14587	5.12616
-1.71805	1.21188	5.14456	5.12518
-1.71148	1.21287	5.14259	5.12583
-1.7164	1.21254	5.14259	5.12715
-1.72692	1.20958	5.14325	5.12715
-1.72495	1.21254	5.14292	5.12649
-1.72659	1.21353	5.1439	5.12452
-1.71739	1.22174	5.1439	5.12255
-1.72593	1.2109	5.14259	5.12288
-1.74302	1.19217	5.14292	5.12452
-1.74992	1.18001	5.14259	5.12485
-1.75649	1.17574	5.14095	5.12649
-1.75649	1.18494	5.1416	5.12715
-1.76634	1.17114	5.14489	5.12649
-1.7647	1.1741	5.14555	5.12485
-1.76831	1.17706	5.14522	5.12518
-1.76733	1.18133	5.1439	5.12583
-1.77127	1.17541	5.14325	5.12682
-1.77521	1.17344	5.14325	5.1278
-1.78408	1.16556	5.1439	5.12649
-1.78146	1.17016	5.14456	5.1255
-1.78967	1.15439	5.14325	5.12583
-1.78638	1.15274	5.14226	5.12518
-1.78507	1.14913	5.1416	5.12649
-1.78408	1.14453	5.14226	5.12583
-1.77948	1.15373	5.14292	5.12583
-1.7647	1.1764	5.14357	5.12682
-1.7624	1.17771	5.14456	5.12518
-1.77094	1.16687	5.1439	5.1232
-1.7624	1.17739	5.14357	5.12452
-1.75517	1.18264	5.14259	5.12748
-1.75714	1.181	5.1416	5.12879
-1.75616	1.18626	5.14259	5.12879
-1.75419	1.18921	5.14456	5.12682
-1.75944	1.18428	5.14489	5.12419
-1.77357	1.17541	5.14292	5.12386
-1.76864	1.17739	5.1416	5.1255
-1.76437	1.18166	5.14325	5.12813
-1.76536	1.18396	5.14423	5.12748
-1.76306	1.18396	5.14522	5.12583
-1.76831	1.17607	5.1439	5.12419
-1.76109	1.18461	5.14127	5.12288
-1.76339	1.18067	5.14029	5.12419
-1.76799	1.17016	5.14062	5.12452
-1.76864	1.16622	5.14127	5.12682
-1.76437	1.16983	5.14259	5.12682
-1.76996	1.16326	5.14522	5.12485
-1.76536	1.17344	5.14653	5.1255
-1.75452	1.1856	5.14555	5.12518
-1.75419	1.18034	5.14259	5.12616
-1.75583	1.1787	5.13996	5.12649
-1.75649	1.17574	5.13963	5.12616
-1.75452	1.17509	5.13963	5.12649
-1.744	1.18658	5.14226	5.12682
-1.74269	1.18691	5.14653	5.12715
-1.74564	1.17607	5.14719	5.12583
-1.74564	1.17673	5.1439	5.12452
-1.74302	1.18428	5.14193	5.12518
-1.75616	1.17279	5.14062	5.12715
-1.7555	1.16654	5.14357	5.1278
-1.75649	1.16129	5.14456	5.12715
-1.7532	1.16654	5.14456	5.1278
-1.74532	1.16786	5.14423	5.12748
-1.75156	1.17213	5.14423	5.12616
-1.74466	1.18823	5.14357	5.12518
-1.74926	1.18856	5.14193	5.1255
-1.74302	1.19743	5.1416	5.12583
-1.7371	1.20531	5.14226	5.1255
-1.72922	1.21582	5.14325	5.12386
-1.72232	1.22502	5.14259	5.12386
-1.72889	1.22437	5.14193	5.12485
-1.72725	1.22502	5.14292	5.12583
-1.72758	1.23784	5.14456	5.12649
-1.72593	1.23652	5.14489	5.12649
-1.7348	1.22141	5.14489	5.12616
-1.73119	1.22141	5.1439	5.12649
-1.72889	1.22535	5.14292	5.12813
-1.72232	1.23455	5.14325	5.12715
-1.71969	1.23817	5.14325	5.12682
-1.71673	1.23488	5.14653	5.1278
-1.7164	1.23094	5.14719	5.12682
-1.69538	1.24835	5.14587	5.12518
-1.70031	1.24507	5.1439	5.12419
-1.69768	1.25131	5.14325	5.12485
-1.69439	1.25591	5.1439	5.12748
-1.68388	1.26642	5.1439	5.12912
-1.68782	1.26149	5.14489	5.12879
-1.69341	1.25591	5.14456	5.12616
-1.69538	1.25032	5.14456	5.12452
-1.68946	1.25492	5.14226	5.12419
-1.69275	1.24802	5.14193	5.12485
-1.68914	1.25558	5.14325	5.12485
-1.68519	1.25755	5.1439	5.1255
-1.68552	1.25788	5.14555	5.12583
-1.67172	1.26346	5.14785	5.12715
-1.66647	1.27201	5.14817	5.12715
-1.66614	1.26675	5.1462	5.12616
-1.66482	1.26675	5.14259	5.12583
-1.66088	1.27069	5.14127	5.12583
-1.66121	1.27365	5.1393	5.12649
-1.6599	1.26708	5.14062	5.12583
-1.6599	1.25952	5.14193	5.1255
-1.65694	1.26806	5.14325	5.12518
-1.65497	1.26806	5.14259	5.1255
-1.65924	1.25788	5.14127	5.1255
-1.64971	1.26708	5.13996	5.1255
-1.64971	1.25755	5.1416	5.12583
-1.65825	1.25952	5.14226	5.1255
-1.64905	1.25919	5.14193	5.12386
-1.6415	1.27069	5.14226	5.1209
-1.63657	1.27759	5.14259	5.12189
-1.63953	1.28022	5.14095	5.1255
-1.63296	1.29369	5.14062	5.12715
-1.63263	1.28975	5.14127	5.12813
-1.62704	1.2904	5.14423	5.12715
-1.6346	1.28515	5.14587	5.12485
-1.64807	1.27759	5.14489	5.12353
-1.64905	1.27496	5.14489	5.12386
-1.65628	1.25985	5.1416	5.12485
-1.66318	1.25164	5.14127	5.12682
-1.65792	1.25689	5.14292	5.12846
-1.65562	1.25821	5.1439	5.12682
-1.66417	1.25459	5.14357	5.12518
-1.66154	1.25886	5.14226	5.1255
-1.65858	1.26281	5.14062	5.1255
-1.66318	1.25262	5.14127	5.12813
-1.67534	1.24277	5.14127	5.12879
-1.69604	1.2293	5.14357	5.1301
-1.70556	1.2201	5.14587	5.12945
-1.72528	1.20071	5.14587	5.12879
-1.72035	1.204	5.14522	5.12682
-1.72298	1.20235	5.14522	5.12649
-1.73513	1.19217	5.14292	5.12846
-1.73842	1.18264	5.14259	5.12748
-1.74203	1.18133	5.14325	5.12682
-1.74466	1.17279	5.14357	5.1255
-1.74597	1.17279	5.14325	5.12419
-1.74926	1.16851	5.14062	5.12386
-1.7509	1.16227	5.14095	5.12419
-1.7578	1.14749	5.14193	5.12583
-1.76339	1.15077	5.14226	5.12748
-1.76601	1.14617	5.14325	5.12715
-1.76141	1.13927	5.14357	5.12583
-1.77324	1.12679	5.14423	5.12682
-1.77324	1.11628	5.1439	5.12682
-1.77324	1.11496	5.14259	5.12583
-1.76799	1.12219	5.14226	5.12649
-1.77094	1.11102	5.14193	5.12649
-1.7647	1.12088	5.14292	5.12682
-1.7624	1.12055	5.1439	5.12583
-1.75944	1.12482	5.14555	5.12452
-1.7624	1.12383	5.14522	5.12583
-1.76634	1.12778	5.1439	5.12846
-1.77094	1.11069	5.14193	5.12879
-1.77226	1.09821	5.14127	5.12715
-1.77127	1.08966	5.14325	5.12419
-1.77686	1.08178	5.14357	5.12353
-1.77456	1.08572	5.1439	5.12518
-1.77817	1.09492	5.14292	5.12616
-1.77817	1.08737	5.14095	5.12386
-1.78671	1.07619	5.13996	5.12156
-1.78343	1.07422	5.14127	5.12255
-1.78343	1.07258	5.14127	5.12386
-1.78277	1.07685	5.14127	5.12485
-1.7831	1.08507	5.14127	5.12583
-1.79788	1.07422	5.14062	5.12583
-1.79985	1.06634	5.1393	5.12518
-1.80084	1.06305	5.14029	5.12518
-1.7923	1.07981	5.14292	5.12419
-1.78244	1.10051	5.14423	5.12386
-1.76996	1.11956	5.14587	5.12452
-1.77193	1.11923	5.14686	5.12616
-1.77193	1.11496	5.14522	5.12715
-1.77324	1.10576	5.14292	5.12682
-1.77916	1.10576	5.14127	5.12518
-1.78343	1.10642	5.1416	5.12583
-1.78047	1.10609	5.1439	5.12682
-1.78047	1.10314	5.14456	5.1255
-1.77751	1.11201	5.14292	5.12485
-1.78014	1.10872	5.14193	5.12518
-1.77817	1.11529	5.1416	5.12682
-1.77489	1.11825	5.14259	5.1278
-1.76766	1.13665	5.14752	5.12616
-1.77817	1.1281	5.14916	5.12353
-1.77226	1.13632	5.14587	5.12518
-1.7739	1.1396	5.13963	5.12616
-1.76601	1.14289	5.13865	5.12846
-1.75616	1.1557	5.14062	5.12945
-1.75386	1.15636	5.14226	5.12879
-1.76174	1.15176	5.14489	5.12583
-1.74532	1.16819	5.1462	5.12452
-1.7417	1.17279	5.14489	5.12419
-1.73119	1.18888	5.14193	5.1255
-1.7325	1.19316	5.14062	5.12682
-1.73415	1.18658	5.13996	5.1278
-1.71608	1.20005	5.14062	5.12846
-1.70458	1.21517	5.14095	5.12715
-1.70819	1.21385	5.14259	5.12616
-1.70326	1.22141	5.14325	5.1255
-1.69834	1.22995	5.14423	5.12583
-1.69439	1.23389	5.14522	5.12616
-1.69242	1.22864	5.14325	5.12682
-1.69374	1.21484	5.14292	5.1255
-1.68881	1.22272	5.14325	5.12485
-1.67862	1.22667	5.14489	5.12649
-1.67534	1.21944	5.14325	5.12616
-1.67501	1.21517	5.1416	5.12518
-1.67369	1.20794	5.14062	5.1255
-1.67369	1.20827	5.14193	5.12616
-1.66745	1.21451	5.14325	5.1255
-1.66417	1.21582	5.14357	5.12452
-1.67698	1.20597	5.14292	5.12518
-1.69242	1.19348	5.14292	5.12518
-1.69144	1.19414	5.14489	5.12813
-1.68684	1.19743	5.14817	5.1301
-1.67534	1.2063	5.14982	5.12846
-1.67238	1.21484	5.14686	5.12518
-1.68388	1.20433	5.14423	5.12386
-1.68946	1.18593	5.14357	5.12386
-1.69571	1.18757	5.14357	5.12485
-1.69505	1.18691	5.14292	5.1255
-1.69439	1.18001	5.14193	5.12583
-1.69341	1.18363	5.1416	5.12682
-1.70228	1.17969	5.14325	5.12715
-1.70852	1.18691	5.14423	5.12748
-1.71082	1.17771	5.14456	5.12616
-1.71279	1.17541	5.1439	5.12353
-1.71838	1.17739	5.14423	5.1232
-1.71509	1.1718	5.1439	5.12353
-1.72068	1.1672	5.14292	5.12353
-1.72856	1.15833	5.14456	5.12288
-1.72692	1.1511	5.14686	5.12353
-1.7279	1.13796	5.1462	5.12386
-1.74203	1.12613	5.14555	5.12485
-1.7509	1.11989	5.14456	5.12616
-1.74269	1.12252	5.14357	5.12649
-1.74827	1.10905	5.14357	5.12682
-1.74794	1.10971	5.14325	5.12748
-1.74499	1.11792	5.1439	5.12616
-1.74762	1.12088	5.14456	5.1255
-1.74335	1.12646	5.14555	5.12682
-1.74335	1.12778	5.14489	5.1278
-1.7532	1.11956	5.14423	5.12912
-1.744	1.13763	5.14522	5.1278
-1.74499	1.13106	5.14522	5.12616
-1.7417	1.1258	5.14555	5.12616
-1.744	1.13336	5.14456	5.12748
-1.75386	1.12613	5.14325	5.12715
-1.75419	1.11365	5.14062	5.12846
-1.75419	1.10149	5.13963	5.12977
-1.74006	1.11398	5.1416	5.12977
-1.74532	1.11069	5.14423	5.12715
-1.74926	1.10609	5.14555	5.12583
-1.75189	1.10412	5.14292	5.12649
-1.74696	1.10116	5.14062	5.12682
-1.74696	1.08999	5.14029	5.12583
-1.74959	1.09821	5.14062	5.12419
-1.75123	1.09624	5.14193	5.12419
-1.7509	1.09525	5.14357	5.12616
-1.75714	1.08966	5.14587	5.12616
-1.7693	1.08145	5.14423	5.12419
-1.75057	1.09361	5.14325	5.12353
-1.76339	1.09164	5.1439	5.12485
-1.76141	1.08441	5.14587	5.12649
-1.75813	1.07258	5.14653	5.12452
-1.76339	1.06108	5.14522	5.12288
-1.77521	1.04564	5.1439	5.1232
-1.75944	1.05451	5.14292	5.12616
-1.76207	1.05845	5.14489	5.12682
-1.77718	1.03907	5.14555	5.12715
-1.76799	1.05911	5.14423	5.1255
-1.76536	1.06535	5.14325	5.12452
-1.77653	1.05615	5.14193	5.12386
-1.78408	1.05418	5.14193	5.12288
-1.78474	1.06141	5.14193	5.12419
-1.78868	1.05418	5.14325	5.12616
-1.8015	1.04991	5.14423	5.12583
-1.80478	1.05681	5.14423	5.12485
-1.8084	1.06535	5.14489	5.12288
-1.8199	1.06108	5.1439	5.12222
-1.81102	1.05188	5.14259	5.12222
-1.81365	1.05484	5.14127	5.12485
-1.8107	1.06075	5.14062	5.12748
-1.81497	1.05714	5.14062	5.12879
-1.82548	1.05221	5.1416	5.12912
-1.82351	1.05221	5.14193	5.12813
-1.82778	1.05057	5.1439	5.12748
-1.82187	1.04564	5.14357	5.1255
-1.82942	1.04203	5.14226	5.12452
-1.83008	1.03118	5.14259	5.12518
-1.83632	1.0325	5.1439	5.12748
-1.83994	1.01574	5.14357	5.1301
-1.84256	1.0187	5.14423	5.12912
-1.84454	1.01804	5.14357	5.12649
-1.84158	1.0141	5.14325	5.12419
-1.83961	1.01804	5.14292	5.12419
-1.84092	1.02823	5.14259	5.12485
-1.84191	1.0233	5.14423	5.12485
-1.83468	1.02954	5.14456	5.12386
-1.82942	1.03151	5.14423	5.12255
-1.82449	1.02429	5.14555	5.12222
-1.8199	1.03677	5.14522	5.12452
-1.82285	1.0394	5.14292	5.1278
-1.82252	1.03151	5.14127	5.12879
-1.83468	1.0187	5.14226	5.12879
-1.82909	1.01509	5.14357	5.12682
-1.82351	1.00162	5.14456	5.12485
-1.82417	0.992417	5.14555	5.12452
-1.82285	1.00227	5.14587	5.12518
-1.8199	1.00819	5.14522	5.12616
-1.83534	0.995373	5.14357	5.12386
-1.82844	1.00359	5.1439	5.12222
-1.81727	1.00983	5.14456	5.12222
-1.82187	1.0095	5.14522	5.12353
-1.81727	1.00884	5.14522	5.12419
-1.81365	1.00227	5.14226	5.12583
-1.80905	1.00392	5.1439	5.12715
-1.81825	0.994716	5.1439	5.12518
-1.81431	1.0095	5.14325	5.12419
-1.81792	1.00589	5.14423	5.12616
-1.81398	0.994059	5.14719	5.12616
-1.81365	1.00424	5.14817	5.12452
-1.81858	1.00096	5.14686	5.12419
-1.82055	0.995373	5.1439	5.12353
-1.81924	0.984532	5.14357	5.12419
-1.82285	0.989788	5.14357	5.12518
-1.82318	0.999644	5.14259	5.12518
-1.82712	1.00326	5.14193	5.12419
-1.83567	0.999973	5.14325	5.12419
-1.83107	1.00589	5.14325	5.12419
-1.83698	0.993402	5.1416	5.12583
-1.82482	1.0095	5.14029	5.12748
-1.81562	1.00983	5.14226	5.12748
-1.82449	1.00194	5.1439	5.12649
-1.83468	0.98716	5.14522	5.1278
-1.84651	0.989131	5.14555	5.12879
-1.86162	0.982232	5.14522	5.12977
-1.85045	0.993074	5.14226	5.12945
-1.84716	0.98486	5.14127	5.1278
-1.83994	0.991102	5.14193	5.12715
-1.84158	1.0026	5.1439	5.12748
-1.85669	0.985846	5.14259	5.12649
-1.85735	0.981903	5.14127	5.12715
-1.85932	0.993731	5.14029	5.12912
-1.84684	1.00326	5.14029	5.12846
-1.84552	1.01509	5.14127	5.12813
-1.84059	1.01476	5.14193	5.12682
-1.84158	1.0095	5.14127	5.12386
-1.84585	1.00523	5.14193	5.1232
-1.84684	1.00983	5.14193	5.12419
-1.84092	1.02067	5.14226	5.12518
-1.83468	1.02987	5.14292	5.12583
-1.82351	1.04235	5.14423	5.12616
-1.81727	1.0463	5.14423	5.12583
-1.80741	1.04006	5.14193	5.1255
-1.80248	1.05747	5.14193	5.1255
-1.79723	1.0624	5.14259	5.12583
-1.78606	1.07127	5.14325	5.12682
-1.78047	1.0647	5.14292	5.12748
-1.77587	1.07127	5.14456	5.12846
-1.7854	1.05188	5.14522	5.12945
-1.7808	1.05615	5.14423	5.12616
-1.77061	1.06305	5.14259	5.12419
-1.76109	1.06897	5.14259	5.12518
-1.75452	1.08572	5.14095	5.1255
-1.75386	1.08047	5.1416	5.12419
-1.74926	1.07619	5.13996	5.12353
-1.73316	1.08999	5.14029	5.12419
-1.72068	1.08769	5.14292	5.12485
-1.72166	1.08277	5.14456	5.12649
-1.72232	1.08737	5.14357	5.12682
-1.72528	1.09755	5.14259	5.12583
-1.72626	1.10609	5.14489	5.12485
-1.71049	1.11266	5.14489	5.1232
-1.69242	1.13172	5.14259	5.12353
-1.69242	1.12843	5.14062	5.12452
-1.68914	1.1304	5.14062	5.12518
-1.69078	1.12942	5.14095	5.12616
-1.69669	1.12942	5.14259	5.12879
-1.69899	1.13665	5.14423	5.12748
-1.70096	1.13106	5.14456	5.12518
-1.71279	1.11726	5.14292	5.12353
-1.72002	1.09952	5.14127	5.12353
-1.71969	1.09558	5.13963	5.1255
-1.71805	1.08868	5.14029	5.12748
-1.72199	1.09361	5.14325	5.12715
-1.72528	1.09689	5.14456	5.12518
-1.73316	1.09229	5.14686	5.1232
-1.74597	1.07981	5.14587	5.12123
-1.74794	1.08572	5.14193	5.12288
-1.76109	1.07357	5.13996	5.12485
-1.76371	1.07389	5.14029	5.12748
-1.77686	1.06305	5.14226	5.12813
-1.78277	1.07094	5.14357	5.12649
-1.76996	1.07652	5.14357	5.12255
-1.77259	1.09065	5.14423	5.12156
-1.77029	1.10642	5.1439	5.1232
-1.75879	1.11562	5.14259	5.12419
-1.7601	1.11628	5.14292	5.12452
-1.75944	1.12449	5.1439	5.12583
-1.75714	1.12153	5.14522	5.12583
-1.7693	1.11628	5.14522	5.12485
-1.76503	1.11562	5.14456	5.1232
-1.76339	1.11496	5.14456	5.1232
-1.76043	1.11595	5.14555	5.12715
-1.74696	1.12022	5.1462	5.13109
-1.75517	1.10445	5.14456	5.13076
-1.75813	1.10708	5.14259	5.12846
-1.75386	1.10708	5.14357	5.12518
-1.74335	1.10675	5.14325	5.12485
-1.74006	1.10445	5.14259	5.12583
-1.73447	1.10511	5.14292	5.12682
-1.73645	1.10149	5.14193	5.12682
-1.7348	1.10872	5.14226	5.12846
-1.7302	1.11726	5.1439	5.12813
-1.72692	1.10971	5.1439	5.12813
-1.72363	1.11003	5.14325	5.12748
-1.72396	1.10182	5.14193	5.12715
-1.72988	1.10018	5.14127	5.12748
-1.72265	1.10938	5.14193	5.1278
-1.70951	1.11661	5.14292	5.12682
-1.71049	1.11266	5.14259	5.12616
-1.70786	1.10609	5.14292	5.12583
-1.69801	1.11529	5.14325	5.12583
-1.70983	1.10741	5.14456	5.1278
-1.70688	1.10675	5.14555	5.12846
-1.69702	1.11398	5.14522	5.12748
-1.69472	1.10905	5.14423	5.12583
-1.70392	1.09985	5.14423	5.12419
-1.70162	1.11529	5.14489	5.12353
-1.70096	1.12449	5.14456	5.12419
-1.70786	1.13073	5.14226	5.12715
-1.72363	1.12515	5.13996	5.12715
-1.73119	1.1258	5.13865	5.12616
-1.74072	1.11825	5.14029	5.12452
-1.74433	1.11595	5.14259	5.12353
-1.75353	1.11891	5.14489	5.12485
-1.75649	1.12088	5.1439	5.12616
-1.76207	1.11431	5.14193	5.1255
-1.7578	1.1212	5.1416	5.12616
-1.77226	1.11233	5.14325	5.1278
-1.78671	1.11003	5.14587	5.12813
-1.79131	1.10018	5.14653	5.12682
-1.79525	1.09985	5.1462	5.12518
-1.79066	1.10478	5.14555	5.12518
-1.79493	1.10773	5.14456	5.12518
-1.79821	1.10872	5.1439	5.12616
-1.80183	1.11003	5.14292	5.12616
-1.81201	1.10281	5.14259	5.12583
-1.82022	1.09131	5.14226	5.12419
-1.82515	1.09361	5.14193	5.12518
-1.83304	1.07784	5.14226	5.1278
-1.83205	1.08211	5.1439	5.12945
-1.83534	1.07817	5.14259	5.13076
-1.84059	1.06798	5.14193	5.12912
-1.83534	1.08112	5.14259	5.12649
-1.83238	1.08572	5.14325	5.12485
-1.82811	1.09098	5.14456	5.12419
-1.83172	1.08112	5.14522	5.12485
-1.83205	1.08014	5.1439	5.12518
-1.83862	1.08408	5.14423	5.12518
-1.84256	1.07357	5.14456	5.12419
-1.83172	1.09065	5.14259	5.12419
-1.82877	1.09525	5.14259	5.12419
-1.82351	1.09854	5.14226	5.12386
-1.81727	1.11266	5.14292	5.12682
-1.80774	1.12186	5.14259	5.12879
-1.7969	1.13238	5.14325	5.1278
-1.79591	1.13073	5.14357	5.12616
-1.78803	1.14749	5.14423	5.12386
-1.78211	1.14289	5.14423	5.12419
-1.76897	1.15669	5.14423	5.1255
-1.75189	1.17016	5.14423	5.12813
-1.75254	1.17673	5.14357	5.12912
-1.74532	1.17673	5.14423	5.12879
-1.7417	1.17706	5.14357	5.12748
-1.74203	1.17969	5.14357	5.12649
-1.74072	1.18428	5.1439	5.12715
-1.74302	1.18199	5.1439	5.12649
-1.74696	1.18494	5.1439	5.12682
-1.74269	1.18987	5.14423	5.12879
-1.73612	1.19447	5.14587	5.12846
-1.73053	1.19546	5.14555	5.12583
-1.7302	1.19776	5.14489	5.12583
-1.72725	1.19381	5.14456	5.12518
-1.72889	1.19118	5.14456	5.12485
-1.71936	1.20235	5.14423	5.12583
-1.71673	1.20071	5.14325	5.12649
-1.71936	1.19841	5.14193	5.12715
-1.71936	1.1994	5.14193	5.12518
-1.71509	1.21287	5.14292	5.12386
-1.71608	1.20334	5.14522	5.12452
-1.71673	1.20268	5.14653	5.12649
-1.71049	1.20925	5.14653	5.12682
-1.71345	1.20235	5.14686	5.12616
-1.71673	1.20235	5.14653	5.1255
-1.71838	1.20301	5.14719	5.1255
-1.71443	1.20268	5.14653	5.12583
-1.70622	1.21911	5.14489	5.1255
-1.71608	1.21812	5.1439	5.12616
-1.72002	1.21911	5.14193	5.12945
-1.73283	1.20498	5.14127	5.12977
-1.74039	1.19217	5.14226	5.12748
-1.73677	1.1971	5.14456	5.12682
-1.74499	1.19184	5.14456	5.12649
-1.7509	1.18527	5.14325	5.12616
-1.74597	1.19414	5.14095	5.1278
-1.74499	1.20104	5.14095	5.12879
-1.74827	1.19743	5.14357	5.12912
-1.74564	1.19447	5.14587	5.12813
-1.74729	1.18987	5.14817	5.12616
-1.75024	1.18297	5.14719	5.12386
-1.75912	1.16556	5.14423	5.1255
-1.76174	1.15767	5.14259	5.12715
-1.76634	1.15669	5.14259	5.12649
-1.7509	1.17114	5.14292	5.1255
-1.74236	1.18001	5.14522	5.12616
-1.74105	1.18231	5.14522	5.1255
-1.73152	1.17739	5.14357	5.12649
-1.72166	1.18724	5.14259	5.12583
-1.71772	1.19151	5.14292	5.12682
-1.71115	1.18856	5.1439	5.12846
-1.71476	1.20005	5.14423	5.1278
-1.70326	1.21188	5.14456	5.12682
-1.69636	1.20958	5.14489	5.12649
-1.67829	1.21747	5.14292	5.12715
-1.67041	1.21911	5.14226	5.1278
-1.66318	1.22995	5.14226	5.12912
-1.66482	1.22305	5.14259	5.12715
-1.65365	1.23028	5.14259	5.12452
-1.65037	1.22667	5.14259	5.12386
-1.64708	1.22272	5.14259	5.12452
-1.64183	1.22765	5.14292	5.1255
-1.63756	1.22338	5.14127	5.12616
-1.64708	1.20203	5.14062	5.12583
-1.65267	1.20794	5.14259	5.12583
-1.64905	1.20991	5.14522	5.12518
-1.64971	1.21385	5.14555	5.12452
-1.63296	1.22634	5.14522	5.12419
-1.6346	1.21648	5.14325	5.1255
-1.64215	1.2155	5.14193	5.12485
-1.63985	1.22272	5.14226	5.12616
-1.64413	1.22371	5.14259	5.12649
-1.63756	1.23028	5.14292	5.12419
-1.63361	1.22502	5.14357	5.1232
-1.62507	1.24145	5.1462	5.12386
-1.6392	1.23389	5.14653	5.12649
-1.64413	1.2247	5.14456	5.1278
-1.63394	1.23849	5.14226	5.12748
-1.63328	1.23849	5.14127	5.12715
-1.65562	1.21977	5.14259	5.12879
-1.65595	1.2178	5.14456	5.12748
-1.66088	1.22075	5.14555	5.12452
-1.67139	1.21188	5.1439	5.12386
-1.68257	1.21385	5.14226	5.12353
-1.69636	1.20695	5.14226	5.12386
-1.70063	1.21024	5.14292	5.12419
-1.71509	1.2017	5.14226	5.12485
-1.72133	1.19217	5.14226	5.12452
-1.72593	1.19283	5.14095	5.12518
-1.72823	1.19776	5.14095	5.12715
-1.73053	1.18626	5.14292	5.12715
-1.74433	1.17476	5.14555	5.12616
-1.75353	1.16556	5.14686	5.12616
-1.75912	1.15997	5.14653	5.12649
-1.7624	1.14847	5.14522	5.12682
-1.76536	1.13862	5.14226	5.12649
-1.77193	1.13796	5.14127	5.12748
-1.76766	1.14847	5.14226	5.12715
-1.77226	1.14355	5.14357	5.12583
-1.78507	1.12712	5.14423	5.12419
-1.78737	1.11529	5.14325	5.12485
-1.78606	1.11463	5.14587	5.1255
-1.78211	1.11102	5.14719	5.12649
-1.7808	1.11299	5.14522	5.12813
-1.7854	1.10281	5.1439	5.12682
-1.78901	1.09919	5.14259	5.12649
-1.79328	1.08737	5.14193	5.12649
-1.79131	1.08539	5.14259	5.12682
-1.78868	1.09032	5.14259	5.12649
-1.78474	1.09854	5.14292	5.12616
-1.7739	1.10314	5.1439	5.12386
-1.77291	1.11463	5.14522	5.12419
-1.7624	1.12153	5.14587	5.12518
-1.75452	1.13369	5.14653	5.1255
-1.75419	1.14223	5.14423	5.12452
-1.75287	1.135	5.14193	5.12386
-1.74827	1.13238	5.1416	5.12386
-1.7348	1.13763	5.14259	5.12288
-1.73447	1.14322	5.14226	5.12353
-1.73053	1.158	5.14456	5.12518
-1.72199	1.1557	5.14456	5.12715
-1.72133	1.16194	5.1439	5.12813
-1.72002	1.16359	5.14193	5.12682
-1.71969	1.16523	5.14095	5.12616
-1.72166	1.15866	5.14193	5.12616
-1.71279	1.16129	5.14193	5.12583
-1.72363	1.1488	5.14423	5.12649
-1.721	1.15636	5.14587	5.12518
-1.71739	1.16687	5.14555	5.12353
-1.71608	1.1672	5.14357	5.12452
-1.70622	1.18001	5.14325	5.12419
-1.71213	1.17443	5.14325	5.1255
-1.70918	1.19053	5.14522	5.12616
-1.71345	1.19184	5.14555	5.12616
-1.72955	1.1787	5.14686	5.12485
-1.7348	1.1672	5.14653	5.12649
-1.74499	1.15964	5.14325	5.12682
-1.75254	1.15143	5.14357	5.12682
-1.74926	1.16194	5.1439	5.12715
-1.74499	1.15997	5.14555	5.12748
-1.744	1.16096	5.1462	5.12748
-1.76141	1.13829	5.14686	5.12715
-1.76733	1.13993	5.14653	5.12583
-1.76273	1.14782	5.14357	5.12649
-1.76109	1.14782	5.13996	5.1278
-1.76963	1.13205	5.13996	5.1278
-1.76667	1.13369	5.1439	5.12715
-1.77817	1.12449	5.14522	5.1255
-1.77521	1.12975	5.1439	5.12419
-1.77686	1.12712	5.14193	5.1255
-1.77226	1.12153	5.1393	5.12616
-1.76897	1.13073	5.13996	5.12616
-1.7693	1.12482	5.14325	5.12583
-1.77456	1.11726	5.14522	5.12518
-1.7831	1.11201	5.14719	5.12452
-1.78671	1.10182	5.14719	5.12288
-1.79197	1.08375	5.14653	5.12485
-1.79525	1.08244	5.14555	5.12715
-1.79525	1.08375	5.14489	5.12879
-1.79361	1.08441	5.14522	5.12813
-1.78967	1.09656	5.14587	5.12616
-1.77981	1.10872	5.14555	5.12682
-1.77587	1.10741	5.1439	5.12912
-1.76437	1.11496	5.14423	5.12879
-1.76569	1.11332	5.14456	5.12879
-1.76306	1.12186	5.14292	5.12912
-1.75254	1.12416	5.14127	5.1278
-1.744	1.13468	5.14029	5.12649
-1.73185	1.13665	5.14193	5.12616
-1.71838	1.1488	5.14555	5.12649
-1.70326	1.16194	5.14489	5.1278
-1.69965	1.15899	5.14325	5.12715
-1.69209	1.16556	5.14127	5.12649
-1.69242	1.15899	5.14062	5.12485
-1.68716	1.17771	5.14259	5.12518
-1.67501	1.18658	5.1439	5.12485
-1.66318	1.18626	5.1439	5.12419
-1.66022	1.17903	5.14357	5.12386
-1.653	1.18428	5.14259	5.12616
-1.6461	1.20465	5.14193	5.12846
-1.6461	1.21155	5.14259	5.12846
-1.63427	1.21254	5.14325	5.12715
-1.63821	1.21221	5.14259	5.12682
-1.62606	1.23028	5.14325	5.12682
-1.61357	1.23784	5.14325	5.12715
-1.61817	1.24671	5.14226	5.12879
-1.62047	1.23488	5.1416	5.12977
-1.62277	1.23554	5.14292	5.12912
-1.60437	1.25131	5.14423	5.12715
-1.59583	1.25131	5.14456	5.12583
-1.59714	1.25952	5.14357	5.12748
-1.60404	1.24999	5.14292	5.1301
-1.59189	1.26182	5.14193	5.13076
-1.59222	1.25196	5.14423	5.12977
-1.59912	1.24572	5.14587	5.12846
-1.60076	1.25229	5.14555	5.1278
-1.61489	1.25098	5.14357	5.12649
-1.62704	1.24507	5.14127	5.12616
-1.6369	1.24309	5.13865	5.12419
-1.6484	1.23915	5.14062	5.12353
-1.6461	1.25558	5.14292	5.12386
-1.63953	1.25196	5.14522	5.12485
-1.65201	1.23652	5.14456	5.12452
-1.64643	1.24112	5.1416	5.12353
-1.65332	1.23784	5.14062	5.12386
-1.6576	1.23488	5.1416	5.12452
-1.67107	1.22174	5.1416	5.12485
-1.68914	1.21385	5.14357	5.12485
-1.69669	1.20925	5.14292	5.12715
-1.69768	1.20597	5.14193	5.12715
-1.71213	1.18823	5.14127	5.12583
-1.70852	1.17771	5.14062	5.12616
-1.70819	1.18133	5.14127	5.1278
-1.71279	1.18034	5.14292	5.12912
-1.71903	1.16589	5.1439	5.12977
-1.73152	1.15932	5.14489	5.12715
-1.73217	1.16523	5.14357	5.12583
-1.73217	1.16884	5.14325	5.12616
-1.72692	1.16753	5.14259	5.12583
-1.73415	1.16096	5.14259	5.12616
-1.73743	1.16096	5.14259	5.12616
-1.73546	1.16457	5.14489	5.12419
-1.72495	1.18363	5.14587	5.1232
-1.721	1.19086	5.14522	5.12419
-1.72199	1.17509	5.1439	5.12485
-1.72856	1.16983	5.14226	5.12518
-1.72133	1.16819	5.14325	5.12616
-1.71706	1.17246	5.14292	5.12715
-1.71509	1.16162	5.14292	5.12715
-1.71213	1.15702	5.14357	5.12518
-1.70852	1.15702	5.14226	5.12419
-1.70951	1.15307	5.14095	5.12452
-1.70786	1.15143	5.14062	5.12583
-1.70326	1.16096	5.1416	5.12649
-1.69866	1.16359	5.14259	5.12813
-1.69341	1.15964	5.14423	5.12879
-1.70852	1.16063	5.14587	5.12813
-1.70885	1.14683	5.14587	5.12583
-1.71115	1.15077	5.1439	5.12649
-1.70951	1.15176	5.14226	5.12813
-1.71838	1.14453	5.1416	5.12945
-1.73217	1.13303	5.14522	5.12945
-1.72955	1.13468	5.1462	5.12583
-1.73053	1.11923	5.14489	5.12649
-1.73349	1.11628	5.1416	5.12616
-1.74006	1.10018	5.14226	5.12649
-1.74072	1.10675	5.14357	5.12846
-1.74926	1.10182	5.14292	5.12879
-1.74992	1.09394	5.1416	5.12452
-1.75386	1.09854	5.14226	5.12288
-1.75714	1.09985	5.14423	5.12353
-1.76437	1.09689	5.14587	5.12649
-1.77489	1.08441	5.14423	5.12846
-1.77653	1.07521	5.14127	5.1278
-1.78868	1.06831	5.14062	5.1255
-1.79723	1.05714	5.13963	5.12649
-1.80741	1.0302	5.14095	5.12583
-1.81628	1.01739	5.14292	5.12452
-1.81694	1.02658	5.14357	5.12616
-1.82154	1.03053	5.14292	5.12616
-1.82088	1.03283	5.1439	5.12616
-1.82745	1.01804	5.14423	5.12616
-1.82417	1.01771	5.14292	5.12485
-1.82647	1.02001	5.14193	5.12419
-1.82745	1.01903	5.14423	5.12518
-1.82909	1.02527	5.14489	5.12419
-1.83632	1.02001	5.14292	5.12386
-1.84289	1.00687	5.14029	5.12485
-1.83731	1.01804	5.13996	5.12485
-1.83107	1.03053	5.14259	5.1255
-1.83501	1.01147	5.14423	5.12518
-1.83337	1.01706	5.14555	5.12485
-1.82712	1.0233	5.14653	5.12452
-1.82187	1.03151	5.14522	5.12485
-1.82384	1.02757	5.14325	5.1232
-1.82482	1.01837	5.14127	5.12353
-1.82581	1.01541	5.14226	5.12452
-1.81957	1.01476	5.14456	5.12485
-1.81661	1.0348	5.14522	5.12353
-1.81562	1.04104	5.14357	5.12353
-1.81234	1.05353	5.14259	5.12419
-1.81135	1.05418	5.14357	5.12518
-1.80774	1.05057	5.14653	5.12616
-1.79821	1.05911	5.14785	5.12583
-1.78868	1.067	5.14719	5.1255
-1.78343	1.06732	5.14423	5.12452
-1.77324	1.07488	5.14357	5.1255
-1.76601	1.09624	5.14357	5.12682
-1.75353	1.10248	5.14259	5.1278
-1.74302	1.11956	5.14357	5.12616
-1.72725	1.13468	5.14456	5.12452
-1.71082	1.14453	5.14522	5.12353
-1.70195	1.158	5.14357	5.1232
-1.68289	1.1626	5.1416	5.12353
-1.67829	1.16819	5.14062	5.12288
-1.67107	1.18757	5.14193	5.12156
-1.64708	1.20597	5.14226	5.12419
-1.63591	1.22141	5.14292	5.1232
-1.62047	1.23751	5.14423	5.12222
-1.61127	1.23849	5.14522	5.12353
-1.59517	1.24441	5.14456	5.12616
-1.60339	1.24145	5.14357	5.1278
-1.59649	1.24934	5.14226	5.12945
-1.58827	1.26084	5.14127	5.12912
-1.5863	1.25919	5.14259	5.12748
-1.58597	1.26182	5.14193	5.12748
-1.57677	1.27661	5.14127	5.12682
-1.57152	1.27266	5.14193	5.12682
-1.56889	1.25919	5.14292	5.12748
-1.57677	1.25525	5.14292	5.12748
-1.58597	1.26018	5.14226	5.12583
-1.59747	1.25788	5.14259	5.12518
-1.60372	1.25032	5.14292	5.12419
-1.60634	1.25591	5.14325	5.12583
-1.6208	1.24342	5.14489	5.12748
-1.62638	1.24277	5.14522	5.12813
-1.63197	1.22831	5.14357	5.12649
-1.64314	1.23061	5.14259	5.12583
-1.66252	1.21484	5.14489	5.12682
-1.66285	1.21582	5.14587	5.12616
-1.66022	1.2109	5.14423	5.12748
-1.65267	1.21681	5.14259	5.12813
-1.653	1.21188	5.14259	5.12748
-1.66515	1.20465	5.14292	5.1278
-1.6645	1.20433	5.14292	5.1278
-1.65431	1.2155	5.1462	5.12912
-1.65562	1.20761	5.14653	5.12912
-1.65168	1.20958	5.14522	5.12846
-1.66515	1.2132	5.14489	5.12715
-1.67534	1.20597	5.14489	5.1255
-1.67731	1.20663	5.14456	5.12452
-1.68914	1.19086	5.14423	5.12386
-1.68684	1.19348	5.14423	5.12452
-1.69636	1.18724	5.1439	5.12353
-1.69308	1.17804	5.14325	5.12419
-1.68914	1.1925	5.14357	5.12583
-1.69866	1.1787	5.14292	5.12649
-1.69801	1.17936	5.14292	5.12649
-1.69735	1.1833	5.14226	5.12682
-1.69242	1.19677	5.14357	5.12583
-1.68191	1.20268	5.14292	5.12583
-1.68421	1.20498	5.14325	5.12649
-1.69242	1.19348	5.1439	5.1278
-1.68618	1.19348	5.14423	5.12977
-1.69242	1.19151	5.14489	5.12879
-1.68749	1.18954	5.14423	5.12616
-1.67928	1.18888	5.14292	5.12485
-1.67862	1.18658	5.13996	5.12222
-1.68322	1.18954	5.1393	5.12353
-1.67238	1.19677	5.14062	5.1255
-1.66187	1.19348	5.1416	5.12616
-1.64643	1.20433	5.14423	5.12682
-1.65398	1.19776	5.14555	5.12748
-1.64281	1.20203	5.14522	5.12649
-1.63131	1.20794	5.14423	5.12682
-1.64018	1.20794	5.14357	5.12715
-1.64018	1.20564	5.14423	5.12616
-1.63985	1.20301	5.1439	5.12583
-1.63526	1.19874	5.14292	5.1255
-1.6323	1.20334	5.14292	5.12255
-1.6438	1.19316	5.14357	5.1232
-1.6415	1.18921	5.14259	5.12386
-1.64314	1.19151	5.14127	5.12419
-1.65727	1.18494	5.14259	5.12649
-1.66942	1.18428	5.14423	5.12879
-1.67369	1.1764	5.14555	5.12912
-1.67994	1.181	5.14522	5.12649
-1.68224	1.18297	5.14357	5.1255
-1.69275	1.16194	5.14127	5.12616
-1.70162	1.15932	5.14127	5.12649
-1.70261	1.15734	5.14193	5.1255
-1.70983	1.15077	5.14357	5.12485
-1.71673	1.15143	5.14522	5.12485
-1.72922	1.15406	5.14555	5.12485
-1.72166	1.16326	5.14325	5.12419
-1.7279	1.17279	5.1416	5.12485
-1.72823	1.17279	5.1416	5.12583
-1.72035	1.17377	5.14423	5.12748
-1.72692	1.16523	5.14587	5.12715
-1.73743	1.15504	5.1462	5.1255
-1.74269	1.14782	5.14522	5.12485
-1.7417	1.15209	5.14456	5.12649
-1.74335	1.15603	5.14522	5.12846
-1.75452	1.14585	5.14489	5.12879
-1.75813	1.13862	5.1462	5.12879
-1.75484	1.14946	5.14686	5.1278
-1.75912	1.14946	5.14653	5.12583
-1.76339	1.14617	5.14653	5.12649
-1.76437	1.13665	5.14719	5.1278
-1.7601	1.135	5.14587	5.12813
-1.75419	1.14453	5.14325	5.1278
-1.74006	1.15045	5.14095	5.12616
-1.73677	1.15504	5.1416	5.12682
-1.74269	1.14716	5.14423	5.12748
-1.74827	1.1419	5.14456	5.12649
-1.7555	1.11956	5.14357	5.12518
-1.7578	1.10215	5.14259	5.1255
-1.75419	1.09886	5.14259	5.12616
-1.75517	1.09032	5.14259	5.1278
-1.74794	1.09854	5.14489	5.12879
-1.74072	1.10215	5.14587	5.1278
-1.73447	1.09558	5.14456	5.12583
-1.73185	1.09821	5.14226	5.1255
-1.73119	1.11266	5.14062	5.12419
-1.73382	1.11693	5.14127	5.12583
-1.7417	1.10182	5.14555	5.12518
-1.7371	1.11529	5.14653	5.12386
-1.7417	1.09886	5.14456	5.12353
-1.73086	1.10346	5.14226	5.1232
-1.72363	1.1212	5.14062	5.12386
-1.71739	1.13632	5.14127	5.12485
-1.71411	1.13993	5.14193	5.12452
-1.71279	1.15012	5.14193	5.12419
-1.70458	1.16063	5.14127	5.12452
-1.70031	1.16654	5.14226	5.12353
-1.71279	1.16589	5.14325	5.12288
-1.70786	1.17081	5.14555	5.12419
-1.72988	1.15504	5.14752	5.1255
-1.73382	1.15439	5.14653	5.1255
-1.73809	1.15373	5.14555	5.12616
-1.73907	1.15636	5.14292	5.12682
-1.73185	1.16917	5.14193	5.1255
-1.73086	1.17049	5.1416	5.12616
-1.73579	1.15702	5.14226	5.12715
-1.73776	1.14946	5.14325	5.12748
-1.74105	1.14157	5.14357	5.1278
-1.74992	1.14749	5.14456	5.12353
-1.76043	1.13862	5.14357	5.12025
-1.76306	1.13468	5.14193	5.12222
-1.76207	1.14683	5.14029	5.12485
-1.75649	1.15406	5.14029	5.12649
-1.74893	1.15472	5.14193	5.1278
-1.75057	1.15143	5.14489	5.12748
-1.75484	1.14782	5.14686	5.12682
-1.76273	1.158	5.14653	5.12682
-1.7624	1.15274	5.14522	5.12682
-1.76799	1.13862	5.14522	5.12518
-1.76207	1.14355	5.14555	5.12353
-1.77456	1.12252	5.14522	5.12156
-1.77094	1.13205	5.14653	5.12288
-1.77029	1.13073	5.14555	5.12452
-1.76831	1.135	5.14423	5.12222
-1.76766	1.1327	5.14456	5.12222
-1.76174	1.13435	5.14456	5.12452
-1.767	1.12646	5.14292	5.1278
-1.7578	1.13172	5.14292	5.1301
-1.7394	1.14716	5.14423	5.12977
-1.7394	1.14617	5.14522	5.12846
-1.72495	1.16424	5.14456	5.12813
-1.7256	1.16392	5.14193	5.12879
-1.72298	1.15439	5.14127	5.12846
-1.72035	1.15767	5.14127	5.12682
-1.71115	1.15702	5.14292	5.12682
-1.69669	1.17476	5.14325	5.12649
-1.69406	1.18067	5.14357	5.1278
-1.69242	1.18593	5.1416	5.12813
-1.68355	1.19086	5.14029	5.12616
-1.67534	1.18363	5.14062	5.12353
-1.67139	1.18034	5.1416	5.12386
-1.66778	1.18166	5.14292	5.12518
-1.65792	1.1994	5.14325	5.12649
-1.65267	1.19743	5.1439	5.12682
-1.65037	1.20794	5.14259	5.12748
-1.65365	1.21615	5.14062	5.12879
-1.6438	1.22897	5.13996	5.12912
-1.62934	1.23915	5.13865	5.12846
-1.61193	1.25098	5.13996	5.12715
-1.6139	1.23948	5.14292	5.1255
-1.62244	1.24112	5.14555	5.12419
-1.62047	1.24539	5.14522	5.12386
-1.6254	1.24999	5.1439	5.12452
-1.63361	1.24474	5.14357	5.12485
-1.62934	1.24704	5.14259	5.12649
-1.64051	1.24309	5.14292	5.12682
-1.62934	1.25196	5.14489	5.12682
-1.61949	1.25196	5.14456	5.12583
-1.61193	1.25164	5.14292	5.12485
-1.6231	1.24145	5.14127	5.12452
-1.63887	1.2247	5.1416	5.12386
-1.64938	1.21747	5.14226	5.1232
-1.64511	1.21287	5.14259	5.1255
-1.65332	1.20203	5.14259	5.12649
-1.66614	1.1925	5.14226	5.12682
-1.66975	1.18888	5.14226	5.1278
-1.67238	1.1764	5.14259	5.13076
-1.68782	1.1626	5.1416	5.13076
-1.69308	1.15997	5.14095	5.12813
-1.69834	1.14486	5.14127	5.12452
-1.70556	1.135	5.14259	5.12386
-1.71049	1.13106	5.1439	5.12452
-1.72528	1.10675	5.14456	5.12452
-1.73415	1.09229	5.14292	5.12386
-1.74367	1.09032	5.14226	5.1255
-1.75123	1.09755	5.14292	5.12616
-1.76141	1.09229	5.14423	5.12616
-1.78146	1.06667	5.1462	5.1278
-1.78376	1.06995	5.14587	5.12715
-1.79361	1.06305	5.14522	5.12616
-1.80511	1.05385	5.14522	5.12616
-1.80905	1.04235	5.14423	5.12748
-1.81825	1.04433	5.1439	5.12748
-1.81562	1.05681	5.14357	5.12945
-1.813	1.04728	5.14423	5.12879
-1.82121	1.03348	5.14259	5.12715
-1.82187	1.03611	5.14193	5.12715
-1.82581	1.04038	5.14292	5.12616
-1.82581	1.04104	5.14259	5.12616
-1.82778	1.03611	5.14325	5.1255
-1.82318	1.044	5.14456	5.12386
-1.81858	1.04268	5.1439	5.1232
-1.82581	1.03513	5.14292	5.12485
-1.83501	1.03053	5.14193	5.12583
-1.83731	1.03151	5.14193	5.12682
-1.83468	1.04235	5.14325	5.12649
-1.83731	1.03513	5.14555	5.12518
-1.83468	1.02856	5.14555	5.1255
-1.83468	1.02199	5.14259	5.12682
-1.82679	1.03118	5.13996	5.12616
-1.82581	1.0463	5.13963	5.12616
-1.82022	1.04203	5.14325	5.12649
-1.81431	1.05057	5.14423	5.12452
-1.81201	1.05188	5.14555	5.12518
-1.80741	1.06962	5.1439	5.12616
-1.80643	1.06338	5.1439	5.12583
-1.80971	1.05911	5.14357	5.12748
-1.80643	1.07061	5.1439	5.12912
-1.80708	1.07028	5.14423	5.12846
-1.80872	1.06305	5.14522	5.12715
-1.81464	1.05254	5.14522	5.12485
-1.80741	1.06207	5.14489	5.1232
-1.80117	1.05747	5.1439	5.1232
-1.7969	1.0624	5.14423	5.12386
-1.78606	1.08244	5.1439	5.12452
-1.78868	1.08802	5.14226	5.12518
-1.79525	1.08112	5.14292	5.12583
-1.79295	1.09459	5.14423	5.12682
-1.79985	1.08999	5.1439	5.12649
-1.79295	1.09755	5.14292	5.12649
-1.78803	1.10379	5.14226	5.12682
-1.78901	1.10971	5.14127	5.12748
-1.77883	1.12613	5.14226	5.12715
-1.767	1.1373	5.14259	5.12715
-1.76831	1.1534	5.14226	5.12748
-1.76601	1.15373	5.14357	5.12616
-1.76371	1.14519	5.14357	5.12748
-1.7693	1.14256	5.14259	5.12748
-1.77653	1.13336	5.14292	5.12649
-1.77521	1.12975	5.14456	5.12715
-1.76766	1.15077	5.14587	5.12879
-1.76404	1.15504	5.14423	5.12715
-1.76339	1.15209	5.14292	5.12616
-1.77357	1.13073	5.1439	5.12748
-1.77259	1.13697	5.1439	5.12813
-1.77554	1.13533	5.14423	5.12813
-1.77916	1.13073	5.14259	5.12846
-1.79295	1.11595	5.14127	5.12485
-1.80018	1.10346	5.14226	5.12353
-1.80675	1.09164	5.14423	5.12616
-1.79493	1.09755	5.14325	5.12748
-1.79328	1.09656	5.14456	5.12846
-1.78376	1.09952	5.14719	5.12879
-1.78803	1.08966	5.14752	5.12583
-1.79098	1.09032	5.14653	5.12452
-1.77981	1.09952	5.14522	5.12353
-1.77817	1.10379	5.14423	5.12485
-1.77948	1.10642	5.1439	5.12682
-1.77554	1.10675	5.14127	5.12748
-1.77226	1.12285	5.14127	5.12715
-1.77521	1.10905	5.14127	5.12616
-1.78901	1.09624	5.14259	5.12616
-1.78277	1.09295	5.14292	5.12583
-1.77883	1.08539	5.1416	5.12616
-1.7785	1.08507	5.14127	5.12682
-1.78376	1.07981	5.14127	5.12879
-1.78211	1.07521	5.14226	5.12879
-1.78934	1.07389	5.14325	5.12518
-1.78737	1.06897	5.1439	5.12189
-1.78277	1.08014	5.14259	5.12222
-1.77291	1.09821	5.14226	5.12386
-1.76437	1.10215	5.14292	5.12583
-1.75879	1.11168	5.1439	5.12682
-1.74663	1.11759	5.14522	5.12715
-1.72758	1.12318	5.14489	5.12649
-1.71706	1.13862	5.1439	5.12419
-1.7233	1.13336	5.14357	5.1232
-1.70852	1.1442	5.14423	5.1255
-1.70721	1.14749	5.14456	5.12813
-1.70589	1.15045	5.14423	5.13109
-1.70852	1.15504	5.14095	5.12945
-1.70885	1.14223	5.14029	5.12813
-1.71509	1.13008	5.14226	5.12682
-1.71246	1.14552	5.14555	5.12583
-1.70885	1.14552	5.1462	5.12682
-1.71312	1.14092	5.14522	5.12879
-1.70063	1.15012	5.14357	5.12846
-1.71115	1.14223	5.14259	5.12748
-1.71838	1.1419	5.14193	5.12616
-1.71476	1.15077	5.14259	5.12583
-1.71345	1.15176	5.14029	5.12715
-1.71279	1.15603	5.13897	5.12748
-1.7233	1.14552	5.14062	5.12715
-1.72298	1.14059	5.14325	5.12616
-1.73513	1.1304	5.14522	5.12452
-1.73842	1.12679	5.14489	5.12255
-1.73809	1.12613	5.14522	5.12222
-1.73809	1.11825	5.14555	5.1232
-1.7463	1.11036	5.14653	5.12485
-1.75123	1.11496	5.1439	5.1278
-1.75583	1.11332	5.1416	5.12879
-1.77226	1.10609	5.14029	5.12846
-1.78803	1.09624	5.14062	5.12846
-1.78737	1.09525	5.14292	5.12748
-1.7877	1.08835	5.14423	5.12682
-1.79558	1.067	5.14456	5.12616
-1.80938	1.06732	5.14423	5.12419
-1.81497	1.06601	5.14259	5.12452
-1.81004	1.06437	5.14325	5.12386
-1.813	1.05747	5.14456	5.1232
-1.81431	1.05583	5.1439	5.12288
-1.81332	1.06174	5.14292	5.1232
-1.82417	1.05024	5.14259	5.1255
-1.82482	1.05188	5.1439	5.12649
-1.83501	1.04663	5.14522	5.12682
-1.83501	1.04104	5.14653	5.12583
-1.83435	1.03808	5.14555	5.1255
-1.83501	1.03283	5.14522	5.12649
-1.83895	1.03086	5.14292	5.12649
-1.84191	1.01903	5.13996	5.12748
-1.84191	1.01541	5.14095	5.12682
-1.85045	1.00129	5.1439	5.12452
-1.84158	1.00194	5.14555	5.12353
-1.84782	0.982889	5.14817	5.12288
-1.83435	0.997016	5.14686	5.12255
-1.84026	0.990117	5.14456	5.12485
-1.83829	0.983874	5.1416	5.12715
-1.83829	0.986174	5.14029	5.12748
-1.83994	0.979603	5.14062	5.12649
-1.83402	0.98716	5.14325	5.1255
-1.82449	1.00326	5.14325	5.1255
-1.8176	1.01607	5.1416	5.1255
-1.81431	1.00359	5.14127	5.12813
-1.81628	1.00227	5.14325	5.1301
-1.8153	1.01213	5.14325	5.13043
-1.81365	1.02626	5.14193	5.12813
-1.8061	1.03086	5.14292	5.12682
-1.81661	1.00819	5.1462	5.1255
-1.81595	1.01147	5.14587	5.12386
-1.80774	1.01969	5.14456	5.12616
-1.80314	1.0118	5.14555	5.12748
-1.81201	1.00589	5.14653	5.12583
-1.81004	1.01607	5.14555	5.12353
-1.80708	1.02199	5.1439	5.12123
-1.80347	1.03973	5.14226	5.12058
-1.79591	1.04433	5.1416	5.12255
-1.79755	1.0394	5.14292	5.12518
-1.80544	1.03086	5.1439	5.12485
-1.80347	1.03841	5.14193	5.12452
-1.81168	1.03118	5.14095	5.12419
-1.8153	1.01246	5.14226	5.12485
-1.81858	1.01476	5.1439	5.12583
-1.82088	1.00983	5.1439	5.12583
-1.83238	0.996359	5.14292	5.1255
-1.83928	0.988474	5.14193	5.12748
-1.83304	0.985189	5.14259	5.12879
-1.83534	0.986503	5.14292	5.1278
-1.84486	0.983217	5.14193	5.12583
-1.84979	0.98256	5.14226	5.1232
-1.85472	0.979603	5.14489	5.12058
-1.85932	0.975661	5.14489	5.12255
-1.87049	0.97139	5.14193	5.12616
-1.87049	0.977304	5.13996	5.1278
-1.86983	0.975004	5.13996	5.12616
-1.86819	0.970404	5.14226	5.12748
-1.86359	0.962848	5.14357	5.12715
-1.86326	0.972047	5.14259	5.1255
-1.86162	0.96909	5.13996	5.12419
-1.85866	0.977632	5.13996	5.12353
-1.84914	0.997016	5.1416	5.12353
-1.85801	0.989788	5.14456	5.12288
-1.85111	0.995045	5.14555	5.12353
-1.85176	0.998659	5.14357	5.1255
-1.84749	0.996359	5.14062	5.12485
-1.83961	0.995045	5.14127	5.12616
-1.84125	0.988474	5.14292	5.12879
-1.83074	1.00194	5.14423	5.12715
-1.82285	1.00326	5.14357	5.12452
-1.82712	0.998987	5.14325	5.12485
-1.82581	0.989131	5.14423	5.1255
-1.81332	1.00457	5.14226	5.1255
-1.81267	1.00457	5.14226	5.12485
-1.80971	1.0026	5.14325	5.12386
-1.80281	1.00523	5.14587	5.12419
-1.79788	1.00194	5.14587	5.12222
-1.78803	1.00753	5.14456	5.12123
-1.79	1.0095	5.14226	5.12353
-1.76799	1.02231	5.14029	5.1255
-1.75944	1.0325	5.14127	5.1255
-1.75879	1.02461	5.14193	5.12452
-1.74893	1.01969	5.14029	5.12419
-1.74433	1.02133	5.14029	5.12288
-1.73415	1.04334	5.13963	5.12353
-1.73217	1.04498	5.14127	5.12452
-1.72528	1.06437	5.14259	5.12419
-1.71739	1.07094	5.14489	5.12353
-1.70918	1.07981	5.1462	5.12288
-1.69965	1.06535	5.14653	5.12255
-1.68158	1.07488	5.14522	5.12222
-1.68815	1.08014	5.14555	5.12353
-1.68125	1.09328	5.14423	5.12386
-1.68388	1.09328	5.14292	5.12452
-1.68651	1.08802	5.14259	5.1232
-1.68421	1.08901	5.14325	5.12288
-1.68552	1.09098	5.14357	5.12419
-1.67928	1.10084	5.14357	5.12386
-1.66909	1.10314	5.14325	5.12353
-1.66647	1.11233	5.1439	5.12452
-1.67599	1.11825	5.14259	5.12583
-1.67435	1.12876	5.1416	5.12649
-1.68191	1.12548	5.14029	5.12518
-1.68684	1.12843	5.1416	5.12156
-1.68322	1.12646	5.14522	5.12222
-1.67731	1.135	5.1462	5.12353
-1.68782	1.12055	5.14259	5.12518
-1.68815	1.135	5.14226	5.12485
-1.68454	1.1396	5.14357	5.12419
-1.68651	1.1235	5.14423	5.12419
-1.69899	1.11792	5.1439	5.1232
-1.69965	1.11628	5.14226	5.12485
-1.69702	1.12843	5.14193	5.1255
-1.69078	1.12679	5.14325	5.12616
-1.70195	1.12055	5.1439	5.12616
-1.70359	1.1327	5.14489	5.12583
-1.71739	1.12252	5.14522	5.12649
-1.71246	1.12548	5.14456	5.12485
-1.72823	1.11759	5.1439	5.12386
-1.73152	1.13073	5.1439	5.12485
-1.72133	1.14256	5.14292	5.12715
-1.72659	1.12876	5.14292	5.12748
-1.71575	1.14157	5.14357	5.12846
-1.71969	1.13369	5.14325	5.12846
-1.70556	1.14617	5.14325	5.12649
-1.70129	1.15143	5.14259	5.12649
-1.72068	1.12646	5.14193	5.12682
-1.7256	1.12186	5.14226	5.12715
-1.72626	1.11693	5.14259	5.12879
-1.74137	1.09492	5.14226	5.12912
-1.74302	1.08802	5.14423	5.12813
-1.74794	1.08309	5.14489	5.12813
-1.74236	1.09361	5.14423	5.1278
-1.7371	1.10576	5.14325	5.12649
-1.72889	1.12088	5.14325	5.12715
-1.73152	1.1235	5.14325	5.12583
-1.71772	1.12975	5.14423	5.12222
-1.70392	1.1396	5.14555	5.11959
-1.69406	1.14026	5.14456	5.12058
-1.68059	1.1396	5.1439	5.12222
-1.68552	1.13435	5.14423	5.12452
-1.69078	1.14059	5.14357	5.12616
-1.69078	1.15307	5.14325	5.1255
-1.68519	1.1626	5.14423	5.12386
-1.65464	1.17574	5.14489	5.12222
-1.66745	1.17771	5.14587	5.12255
-1.66022	1.1879	5.14292	5.12485
-1.66482	1.19611	5.13799	5.12715
-1.66417	1.18888	5.13602	5.12813
-1.65661	1.19414	5.13733	5.12879
-1.65497	1.20137	5.14127	5.12715
-1.65562	1.18921	5.14489	5.12518
-1.65332	1.18527	5.1462	5.12353
-1.66088	1.18461	5.14456	5.1232
-1.65562	1.19513	5.14292	5.12419
-1.65464	1.20005	5.14292	5.12452
-1.66942	1.18527	5.14423	5.12386
-1.67797	1.17936	5.14456	5.12485
-1.68092	1.17969	5.1439	5.12583
-1.67402	1.17443	5.1439	5.12518
-1.68322	1.17607	5.14259	5.12583
-1.68848	1.17607	5.14127	5.12682
-1.69242	1.17279	5.14226	5.12616
-1.69998	1.17246	5.14292	5.12518
-1.70852	1.1534	5.14456	5.1255
-1.71706	1.14519	5.14555	5.12485
-1.71772	1.13533	5.14456	5.12419
-1.7279	1.13468	5.14259	5.12452
-1.73612	1.13566	5.1416	5.12419
-1.73513	1.13862	5.14226	5.12616
-1.73677	1.14519	5.1439	5.12649
-1.7325	1.15209	5.14226	5.12649
-1.73579	1.15439	5.14029	5.1255
-1.73645	1.15964	5.1393	5.12583
-1.74433	1.15209	5.13865	5.12682
-1.74433	1.15767	5.14127	5.12616
-1.75714	1.14092	5.14259	5.12518
-1.75879	1.14322	5.1439	5.12288
-1.75156	1.15143	5.14423	5.12222
-1.76174	1.1327	5.14456	5.1232
-1.75846	1.12515	5.14522	5.12386
-1.7647	1.11726	5.14456	5.12386
-1.77094	1.10872	5.14522	5.12583
-1.77259	1.10084	5.14423	5.12748
-1.77423	1.09262	5.14686	5.1278
-1.7647	1.09624	5.14916	5.1278
-1.75353	1.09591	5.14949	5.12682
-1.75386	1.10149	5.14653	5.1255
-1.74532	1.10346	5.14325	5.12715
-1.73809	1.10543	5.14357	5.12813
-1.73743	1.11595	5.14522	5.1278
-1.73415	1.12285	5.14653	5.1255
-1.73907	1.11661	5.14555	5.12485
-1.73283	1.11233	5.14456	5.12386
-1.73842	1.09131	5.14489	5.12353
-1.74532	1.10149	5.1462	5.1255
-1.73776	1.09788	5.14719	5.12682
-1.73349	1.09328	5.14587	5.12616
-1.72199	1.09952	5.14357	5.12353
-1.71542	1.11562	5.14095	5.12353
-1.70491	1.12975	5.13996	5.1232
-1.69735	1.13566	5.14029	5.1232
-1.69209	1.14782	5.1416	5.12682
-1.68815	1.15077	5.14292	5.1278
-1.68059	1.16359	5.14489	5.12682
-1.67435	1.15899	5.1462	5.12649
-1.68125	1.15045	5.14587	5.1255
-1.69144	1.14026	5.1439	5.12419
-1.68618	1.15669	5.14226	5.12518
-1.68782	1.16884	5.14259	5.1255
-1.69899	1.15997	5.14423	5.12518
-1.69439	1.15767	5.14785	5.12222
-1.70195	1.15636	5.14653	5.12025
-1.70523	1.15964	5.14423	5.12222
-1.69899	1.15734	5.14325	5.1255
-1.71213	1.14486	5.14292	5.12715
-1.71411	1.14322	5.14193	5.1278
-1.70951	1.15669	5.1416	5.12649
-1.72035	1.14782	5.14325	5.12452
-1.7256	1.14782	5.14423	5.12255
-1.73053	1.14223	5.1439	5.1209
-1.744	1.13599	5.14325	5.12189
-1.75517	1.11858	5.14259	5.12452
-1.75813	1.11858	5.14325	5.1255
-1.77193	1.12482	5.14325	5.12649
-1.77291	1.11858	5.14292	5.12616
-1.77061	1.13435	5.14325	5.12583
-1.76371	1.13632	5.14522	5.12715
-1.75583	1.14453	5.14653	5.12583
-1.74893	1.14815	5.14653	5.12452
-1.74597	1.14585	5.14587	5.1255
-1.74597	1.15143	5.14522	5.12682
-1.74663	1.14716	5.14522	5.12682
-1.74893	1.15143	5.14522	5.12386
-1.74762	1.14683	5.14522	5.12222
-1.74072	1.15209	5.14489	5.1209
-1.74006	1.14782	5.14292	5.12156
-1.73579	1.14026	5.1416	5.12386
-1.72922	1.1327	5.13996	5.12616
-1.72922	1.13895	5.1393	5.12649
-1.721	1.15504	5.13996	5.12616
-1.72626	1.15833	5.14193	5.12518
-1.72856	1.15045	5.14193	5.12649
-1.71673	1.16227	5.14127	5.12813
-1.70293	1.181	5.1416	5.12715
-1.69636	1.18888	5.14423	5.12846
-1.69045	1.18593	5.14752	5.1278
-1.69275	1.17147	5.14883	5.12748
-1.69012	1.16851	5.14785	5.12879
-1.68946	1.1557	5.14489	5.12748
-1.69571	1.15143	5.14292	5.12715
-1.69111	1.14749	5.14325	5.12616
-1.67304	1.1557	5.14325	5.12616
-1.67139	1.15537	5.14456	5.12485
-1.67205	1.15702	5.1439	5.12649
-1.66614	1.17509	5.14292	5.12616
-1.6622	1.17147	5.14292	5.12518
-1.65267	1.18888	5.14292	5.1255
-1.6323	1.20761	5.14555	5.12649
-1.6277	1.21451	5.14785	5.12682
-1.62507	1.21517	5.14883	5.12748
-1.62803	1.21385	5.1485	5.12715
-1.6323	1.20958	5.14456	5.12682
-1.62277	1.2201	5.14292	5.12616
-1.61751	1.23258	5.14193	5.12485
-1.62146	1.22798	5.14292	5.12386
-1.6277	1.22338	5.14292	5.12419
-1.62901	1.22338	5.14357	5.12518
-1.63854	1.2247	5.14325	5.12583
-1.64248	1.22831	5.1416	5.12748
-1.66482	1.2201	5.14029	5.12813
-1.66614	1.2293	5.14127	5.12846
-1.66647	1.23455	5.14522	5.12682
-1.6645	1.24342	5.14653	5.1255
-1.66614	1.23718	5.14587	5.12419
-1.66778	1.23882	5.14423	5.12452
-1.68289	1.21747	5.14325	5.1255
-1.69144	1.2201	5.14357	5.1255
-1.70031	1.21517	5.14456	5.12748
-1.70721	1.2063	5.14423	5.12748
-1.70392	1.21747	5.14325	5.12715
-1.71969	1.20663	5.14193	5.12715
-1.73217	1.19578	5.1416	5.12682
-1.73283	1.19053	5.14226	5.12616
-1.72363	1.19611	5.1439	5.12616
-1.73776	1.19184	5.14522	5.12682
-1.73349	1.19217	5.14653	5.12682
-1.73842	1.18757	5.14653	5.12813
-1.74039	1.18757	5.14555	5.12813
-1.73645	1.1902	5.14456	5.12879
-1.7394	1.19217	5.14259	5.1278
-1.75452	1.17804	5.14193	5.12846
-1.75649	1.1672	5.14325	5.12813
-1.76109	1.15997	5.1462	5.12813
-1.75386	1.16096	5.14719	5.12715
-1.75747	1.15209	5.14686	5.12682
-1.76273	1.1465	5.1439	5.12616
-1.75912	1.13566	5.14292	5.12485
-1.767	1.12876	5.14325	5.12682
-1.7739	1.1212	5.14226	5.12715
-1.76601	1.1235	5.14456	5.1278
-1.76799	1.1235	5.14686	5.12649
-1.77193	1.10971	5.14653	5.12518
-1.77981	1.09558	5.14357	5.12616
-1.7831	1.09328	5.14226	5.12748
-1.77554	1.10149	5.14357	5.12945
-1.77653	1.08868	5.14555	5.12912
-1.77587	1.08211	5.14719	5.12945
-1.76634	1.10182	5.1462	5.12977
-1.77883	1.09755	5.14587	5.12846
-1.77489	1.09821	5.14456	5.12715
-1.76766	1.11431	5.14489	5.12518
-1.76733	1.13008	5.14259	5.12518
-1.7624	1.12252	5.14226	5.12682
-1.76503	1.11201	5.14456	5.12715
-1.7693	1.10149	5.14785	5.1278
-1.77489	1.10971	5.14916	5.12846
-1.76601	1.10708	5.14752	5.1278
-1.7693	1.10708	5.14686	5.1255
-1.77686	1.09689	5.14653	5.12419
-1.7762	1.10018	5.14752	5.1232
-1.77784	1.10346	5.14752	5.12419
-1.78244	1.09919	5.14686	5.12649
-1.78277	1.09788	5.14555	5.12748
-1.79	1.09164	5.14423	5.12846
-1.78836	1.10149	5.14456	5.12945
-1.79	1.09459	5.14292	5.13076
-1.79361	1.09295	5.1439	5.13043
-1.79854	1.09459	5.1439	5.12879
-1.80675	1.08737	5.14423	5.12616
-1.80643	1.08966	5.1439	5.12715
-1.80314	1.10018	5.14357	5.12583
-1.80544	1.09295	5.14357	5.12419
-1.80675	1.10051	5.14522	5.12518
-1.80511	1.10314	5.1462	5.12682
-1.80544	1.10872	5.14522	5.12748
-1.813	1.10741	5.14226	5.12813
-1.8107	1.11036	5.14226	5.1278
-1.81431	1.09854	5.14292	5.12682
-1.81102	1.09919	5.14522	5.12583
-1.813	1.09328	5.14686	5.12682
-1.82351	1.07915	5.14587	5.12616
-1.82712	1.07718	5.14325	5.12682
-1.82614	1.08014	5.1416	5.12682
-1.82088	1.09131	5.14325	5.12813
-1.81924	1.08342	5.14555	5.12879
-1.8153	1.08375	5.14785	5.12813
-1.81727	1.07488	5.14686	5.12715
-1.82712	1.0532	5.14489	5.12485
-1.82811	1.04958	5.1439	5.12353
-1.82121	1.05155	5.14226	5.12485
-1.81332	1.06995	5.14259	5.12616
-1.80807	1.07587	5.14357	5.1255
-1.80445	1.08079	5.14325	5.12583
-1.80544	1.07849	5.14357	5.12649
-1.79788	1.08901	5.14522	5.12715
-1.79394	1.09492	5.14489	5.12682
-1.78441	1.10478	5.14292	5.12715
-1.7808	1.10412	5.14259	5.12682
-1.77817	1.10116	5.14357	5.12682
-1.7785	1.09328	5.14522	5.12682
-1.77718	1.08079	5.14785	5.1255
-1.76141	1.09394	5.1462	5.12485
-1.75846	1.09262	5.14489	5.12649
-1.75386	1.09394	5.14357	5.12813
-1.74137	1.10511	5.1439	5.12813
-1.7325	1.10708	5.14357	5.12748
-1.72462	1.11595	5.1439	5.12583
-1.72298	1.1212	5.14489	5.12583
-1.7187	1.13106	5.14587	5.12518
-1.69702	1.14092	5.14423	5.12222
-1.69636	1.15767	5.14226	5.12419
-1.68716	1.17016	5.14062	5.12649
-1.67698	1.17081	5.14127	5.12748
-1.68749	1.1741	5.14325	5.1278
-1.69209	1.16786	5.1462	5.12649
-1.69012	1.18166	5.14817	5.12419
-1.68519	1.1902	5.14653	5.1232
-1.67632	1.19644	5.14489	5.12419
-1.68191	1.1925	5.1439	5.12649
-1.68848	1.1925	5.1439	5.12945
-1.68651	1.20071	5.14325	5.12977
-1.68881	1.20991	5.14489	5.12846
-1.69505	1.20827	5.1462	5.12813
-1.69604	1.20728	5.14522	5.12846
-1.70885	1.19611	5.14423	5.13043
-1.71805	1.18823	5.14456	5.13043
-1.72659	1.1925	5.14522	5.12813
-1.72955	1.19611	5.14555	5.1255
-1.7302	1.20498	5.14555	5.12485
-1.7233	1.20695	5.14522	5.12419
-1.73612	1.19677	5.14423	5.12583
-1.73382	1.20005	5.1439	5.12846
-1.73316	1.19611	5.14423	5.12813
-1.72429	1.20761	5.1439	5.12682
-1.72166	1.19743	5.14587	5.12518
-1.72659	1.20761	5.14719	5.12485
-1.72692	1.21714	5.14785	5.12616
-1.72396	1.22075	5.1462	5.12748
-1.73152	1.20465	5.14423	5.12748
-1.72922	1.20203	5.14292	5.12682
-1.73217	1.19874	5.14292	5.12682
-1.71772	1.20794	5.14226	5.1255
-1.72823	1.19513	5.14127	5.12616
-1.71739	1.21155	5.14095	5.12748
-1.71312	1.20794	5.14127	5.12813
-1.71213	1.21024	5.14292	5.12748
-1.69538	1.2155	5.14226	5.12616
-1.68585	1.21123	5.14127	5.12518
-1.68585	1.20071	5.14292	5.12583
-1.68848	1.19973	5.14292	5.12616
-1.69768	1.18593	5.14226	5.12682
-1.69538	1.19217	5.14226	5.12518
-1.68289	1.20367	5.14259	5.12419
-1.67632	1.20203	5.14259	5.12353
-1.67172	1.19973	5.14259	5.12485
-1.67698	1.20728	5.14325	5.12485
-1.67402	1.20893	5.14325	5.12452
-1.68322	1.20794	5.14259	5.12419
-1.68749	1.20925	5.14357	5.1255
-1.69242	1.20827	5.1439	5.12452
-1.68388	1.19907	5.14357	5.12485
-1.67994	1.19907	5.14456	5.12485
-1.67139	1.20367	5.14555	5.12419
-1.67238	1.20958	5.14555	5.12616
-1.67764	1.20663	5.14423	5.12649
-1.69111	1.18921	5.14226	5.12715
-1.69012	1.19086	5.1416	5.12879
-1.69669	1.18428	5.14259	5.1278
-1.70031	1.18264	5.14259	5.12616
-1.69932	1.18626	5.14357	5.12452
-1.70819	1.17279	5.14587	5.12386
-1.72265	1.16227	5.14522	5.12616
-1.72232	1.15899	5.14292	5.1278
-1.7394	1.15242	5.14029	5.12715
-1.74532	1.14552	5.14127	5.12518
-1.74959	1.14387	5.14489	5.1255
-1.74499	1.14683	5.14686	5.1255
-1.74466	1.14716	5.14719	5.12616
-1.75024	1.1396	5.14456	5.12813
-1.75287	1.14355	5.14292	5.12912
-1.76273	1.12975	5.14325	5.12715
-1.7624	1.13303	5.14489	5.12616
-1.76601	1.13533	5.1462	5.12518
-1.78014	1.13205	5.14686	5.12649
-1.7831	1.12843	5.1462	5.12748
-1.79197	1.12712	5.14653	5.12715
-1.78901	1.13172	5.14653	5.1278
-1.79657	1.12383	5.1462	5.12682
-1.8061	1.10806	5.14555	5.12353
-1.8038	1.11003	5.14489	5.12255
-1.8061	1.09821	5.14423	5.12353
-1.81464	1.09098	5.14357	5.12419
-1.82351	1.08737	5.14292	5.12682
-1.82745	1.09032	5.14193	5.12649
-1.82318	1.08375	5.1416	5.1255
-1.82712	1.08211	5.14292	5.12518
-1.82877	1.08277	5.14357	5.12452
-1.81957	1.09919	5.14423	5.12288
-1.82121	1.10346	5.14423	5.1232
-1.81168	1.11003	5.14423	5.12485
-1.81957	1.09525	5.14226	5.1255
-1.81661	1.09952	5.14226	5.12485
-1.81431	1.09196	5.14456	5.12353
-1.80215	1.09689	5.14423	5.1232
-1.80445	1.09196	5.14259	5.12386
-1.79493	1.09886	5.14193	5.1255
-1.7831	1.10379	5.14259	5.12748
-1.79197	1.09558	5.14292	5.12912
-1.78638	1.10084	5.14555	5.1278
-1.78704	1.10018	5.14752	5.1255
-1.7808	1.09492	5.14522	5.12485
-1.78146	1.09295	5.1439	5.1255
-1.77948	1.09131	5.14226	5.12682
-1.76766	1.11299	5.13963	5.12846
-1.7601	1.10215	5.14062	5.12813
-1.75583	1.11036	5.14259	5.12682
-1.75649	1.10346	5.14522	5.12583
-1.75156	1.10806	5.14653	5.12485
-1.74663	1.11628	5.14555	5.12288
-1.75024	1.11529	5.14456	5.12353
-1.73316	1.11431	5.14292	5.12583
-1.73382	1.11529	5.14423	5.1278
-1.73349	1.10971	5.14456	5.12748
-1.73316	1.11463	5.14522	5.12682
-1.72889	1.11398	5.14423	5.12583
-1.73053	1.12022	5.14357	5.12649
-1.72166	1.11628	5.14423	5.12616
-1.71838	1.10379	5.14292	5.1255
-1.71476	1.09426	5.14029	5.12386
-1.72593	1.09032	5.13996	5.12222
-1.73447	1.09525	5.1416	5.12386
-1.7371	1.08901	5.14292	5.12616
-1.73513	1.09262	5.1439	5.12649
-1.73875	1.09525	5.14423	5.1255
-1.73743	1.10412	5.14456	5.1232
-1.72955	1.11036	5.14555	5.12255
-1.73579	1.11102	5.14653	5.12518
-1.73546	1.11595	5.14522	5.1278
-1.72725	1.13073	5.14292	5.12715
-1.73053	1.13895	5.14193	5.12518
-1.72429	1.13862	5.14226	5.12419
-1.7302	1.14355	5.14292	5.1255
-1.73973	1.14157	5.14357	5.12748
-1.75254	1.13369	5.14456	5.1278
-1.7601	1.12252	5.1462	5.12813
-1.76799	1.10938	5.14653	5.1278
-1.77324	1.12252	5.14522	5.1278
-1.77784	1.11266	5.1439	5.1278
-1.77554	1.11299	5.14325	5.12682
-1.77456	1.11562	5.1439	5.12419
-1.77193	1.12219	5.14423	5.1232
-1.76536	1.1235	5.14522	5.12452
-1.76437	1.11989	5.14226	5.12386
-1.76897	1.1281	5.14062	5.12452
-1.76766	1.1304	5.1393	5.12616
-1.7624	1.12646	5.14029	5.1255
-1.76174	1.12712	5.14226	5.1255
-1.75977	1.12449	5.14357	5.12616
-1.76043	1.11956	5.14456	5.12518
-1.7578	1.11891	5.14489	5.12616
-1.75714	1.11759	5.14259	5.1278
-1.76503	1.10314	5.14062	5.12682
-1.76043	1.10281	5.14127	5.1255
-1.74499	1.11562	5.14325	5.1255
-1.74203	1.11923	5.14522	5.12616
-1.74072	1.11562	5.14489	5.12682
-1.74039	1.1281	5.14325	5.12518
-1.73415	1.135	5.14259	5.12255
-1.73743	1.15143	5.1439	5.12288
-1.73053	1.16162	5.1439	5.12452
-1.73513	1.14453	5.14325	5.12649
-1.72429	1.15274	5.14292	5.12715
-1.72922	1.14617	5.1416	5.1278
-1.72758	1.1557	5.14127	5.12715
-1.7371	1.13435	5.14226	5.12715
-1.72856	1.14617	5.14292	5.12583
-1.73513	1.12975	5.1439	5.12419
-1.73842	1.13632	5.14456	5.12386
-1.74959	1.1258	5.14357	5.12518
-1.75254	1.11595	5.1439	5.12485
-1.74269	1.12449	5.14456	5.1255
-1.73217	1.12416	5.14423	5.12649
-1.73349	1.13172	5.14555	5.12616
-1.74827	1.12285	5.14653	5.12682
-1.744	1.1304	5.14587	5.12518
-1.74959	1.12613	5.1439	5.12255
-1.74794	1.12548	5.14226	5.1232
-1.7532	1.11233	5.14193	5.12288
-1.75583	1.10773	5.14292	5.1232
-1.74762	1.12186	5.14522	5.12452
-1.7463	1.135	5.14587	5.12452
-1.75024	1.14519	5.1439	5.12485
-1.75879	1.14026	5.14292	5.12616
-1.76339	1.14125	5.14357	5.12649
-1.76601	1.14486	5.14423	5.12748
-1.76207	1.14322	5.14456	5.12846
-1.7693	1.14256	5.14423	5.12846
-1.76536	1.14355	5.14325	5.12583
-1.76174	1.14847	5.14423	5.12485
-1.77456	1.14125	5.14489	5.12419
-1.76831	1.1511	5.14357	5.1255
-1.77061	1.15143	5.14193	5.12715
-1.77029	1.15669	5.13963	5.12748
-1.76996	1.15504	5.13996	5.12748
-1.77357	1.14552	5.1416	5.12813
-1.77883	1.1373	5.14292	5.12715
-1.7831	1.12778	5.14292	5.12682
-1.78376	1.13139	5.14259	5.12879
-1.78934	1.12876	5.14127	5.1278
-1.79164	1.12778	5.14226	5.12518
-1.78803	1.11529	5.14259	5.12419
-1.7854	1.12679	5.14325	5.12353
-1.78901	1.12055	5.14522	5.12419
-1.78901	1.11496	5.14456	5.12386
-1.79131	1.11299	5.14292	5.12682
-1.78507	1.12975	5.14193	5.12813
-1.79624	1.11562	5.14292	5.12682
-1.79	1.1212	5.14522	5.12682
-1.78803	1.11858	5.14555	5.12682
-1.7877	1.12022	5.14489	5.12682
-1.78343	1.10642	5.14489	5.1255
-1.77948	1.11201	5.1439	5.12386
-1.78178	1.10248	5.1439	5.12156
-1.78507	1.09656	5.14325	5.1232
-1.78047	1.09196	5.14259	5.12288
-1.77259	1.09755	5.14259	5.12189
-1.77718	1.08408	5.14127	5.1232
-1.77094	1.09196	5.13996	5.1255
-1.75912	1.10905	5.14127	5.12649
-1.7532	1.12055	5.14127	5.12682
-1.744	1.13369	5.14193	5.12748
-1.7463	1.12613	5.1439	5.12682
-1.74992	1.11923	5.1462	5.1255
-1.74794	1.12482	5.14555	5.12452
-1.7371	1.13205	5.14357	5.12452
-1.73349	1.12679	5.14259	5.12452
-1.73152	1.12843	5.14423	5.12583
-1.72659	1.13665	5.14555	5.12452
-1.72626	1.1258	5.14522	5.12255
-1.71772	1.1396	5.14357	5.12452
-1.72265	1.13566	5.14226	5.12518
-1.72232	1.1396	5.14127	5.12649
-1.71542	1.1534	5.14095	5.1278
-1.71936	1.14486	5.14029	5.12583
-1.72758	1.14815	5.13897	5.12419
-1.72856	1.1488	5.14127	5.12419
-1.71443	1.14617	5.14456	5.12485
-1.71969	1.15176	5.14522	5.1255
-1.7187	1.14782	5.14259	5.12583
-1.71016	1.15274	5.14029	5.1255
-1.70786	1.15274	5.14226	5.12452
-1.70753	1.1534	5.14456	5.1255
-1.69176	1.17476	5.14686	5.12485
-1.69899	1.17114	5.1462	5.12386
-1.71411	1.16129	5.14423	5.12452
-1.70753	1.16851	5.14226	5.12452
-1.71509	1.17476	5.14127	5.12419
-1.7256	1.16622	5.14292	5.1255
-1.7394	1.14847	5.14653	5.12748
-1.73645	1.1557	5.14686	5.12748
-1.74762	1.14453	5.1439	5.12682
-1.7417	1.14387	5.14325	5.12485
-1.7348	1.15603	5.14325	5.12452
-1.72659	1.15504	5.14357	5.12452
-1.73086	1.1465	5.14522	5.12353
-1.7279	1.14979	5.14555	5.12288
-1.73283	1.1465	5.14522	5.12386
-1.72856	1.15012	5.1439	5.12715
-1.72692	1.15373	5.1439	5.12977
-1.73447	1.14519	5.14259	5.12846
-1.7302	1.14552	5.14259	5.12649
-1.73349	1.14979	5.14357	5.12419
-1.73053	1.14979	5.14423	5.12288
-1.7279	1.15636	5.14489	5.12189
-1.71739	1.16983	5.14489	5.12255
-1.70228	1.17739	5.14587	5.12485
-1.69439	1.18954	5.14653	5.1278
-1.69308	1.18461	5.14555	5.12748
-1.67928	1.1925	5.1462	5.12518
-1.68421	1.18987	5.14719	5.12189
-1.66285	1.19776	5.14555	5.12156
-1.65825	1.20235	5.14325	5.12353
-1.66351	1.204	5.1416	5.12518
-1.65332	1.20137	5.14095	5.12518
-1.65037	1.20038	5.14193	5.12452
-1.6415	1.2086	5.14292	5.12419
-1.64314	1.2063	5.1416	5.12583
-1.63296	1.20005	5.14193	5.12715
-1.63657	1.19316	5.14325	5.12682
-1.6461	1.18757	5.14522	5.12649
-1.64183	1.19283	5.14587	5.1255
-1.64018	1.18461	5.14555	5.12518
-1.64248	1.18691	5.14653	5.12419
-1.64478	1.1856	5.14719	5.1232
-1.63821	1.18166	5.14587	5.12386
-1.63427	1.17739	5.14423	5.12518
-1.62868	1.17344	5.14193	5.12649
-1.64051	1.18527	5.14193	5.12813
-1.63788	1.1879	5.14325	5.12945
-1.63953	1.18034	5.14555	5.1278
-1.63591	1.18626	5.14653	5.12649
-1.64018	1.18724	5.14587	5.12518
-1.64741	1.18034	5.14423	5.1255
-1.65595	1.18461	5.14193	5.12682
-1.66647	1.1695	5.14029	5.12583
-1.67928	1.15964	5.14193	5.12518
-1.68815	1.158	5.14423	5.12386
-1.69636	1.158	5.14653	5.12288
-1.70622	1.16129	5.1462	5.12222
-1.71279	1.15932	5.14489	5.12353
-1.72232	1.15406	5.14456	5.1255
-1.72758	1.15603	5.14292	5.12419
-1.73973	1.14519	5.14193	5.12353
-1.74466	1.14552	5.1439	5.12255
-1.73809	1.15702	5.14587	5.1232
-1.73415	1.15373	5.14456	5.12518
-1.73579	1.1603	5.14226	5.12518
-1.73513	1.16293	5.14029	5.12386
-1.73743	1.16129	5.14193	5.12419
-1.73447	1.15734	5.14357	5.12288
-1.72922	1.16622	5.14423	5.12222
-1.72955	1.17344	5.1439	5.12452
-1.73283	1.17574	5.14357	5.12583
-1.7394	1.16786	5.1416	5.12748
-1.74433	1.17049	5.14127	5.12977
-1.74072	1.16753	5.14292	5.12846
-1.73842	1.16162	5.14423	5.1255
-1.73776	1.16556	5.14555	5.12452
-1.73645	1.17279	5.14555	5.1255
-1.73382	1.16392	5.14522	5.12485
-1.73875	1.15274	5.14357	5.1232
-1.73316	1.16194	5.1416	5.12189
-1.72495	1.16227	5.14226	5.12288
-1.72593	1.16063	5.14325	5.12419
-1.71476	1.16556	5.1439	5.12485
-1.71279	1.17377	5.1439	5.1255
-1.71608	1.16392	5.1439	5.12649
-1.71181	1.1511	5.14292	5.12649
-1.70885	1.15833	5.14029	5.12485
-1.70425	1.16556	5.13963	5.12682
-1.69899	1.17016	5.1416	5.12682
-1.69505	1.15866	5.14259	5.12748
-1.70228	1.15439	5.14292	5.1278
-1.70228	1.15472	5.14357	5.12616
-1.70326	1.15373	5.14522	5.12748
-1.69604	1.14519	5.14555	5.12748
-1.69308	1.13435	5.14522	5.12583
-1.68946	1.13008	5.14555	5.1255
-1.68552	1.12876	5.14522	5.12452
-1.69538	1.12153	5.14522	5.12353
-1.70392	1.11168	5.14555	5.12419
-1.71345	1.10609	5.14357	5.1278
-1.71443	1.10281	5.14095	5.12945
-1.70753	1.12186	5.13996	5.12682
-1.71772	1.11759	5.14062	5.12452
-1.71936	1.11858	5.14062	5.12518
-1.71213	1.1281	5.13996	5.1278
-1.71706	1.12055	5.1393	5.12846
-1.721	1.12482	5.13766	5.12616
-1.72659	1.13402	5.13667	5.12419
-1.72856	1.14322	5.1393	5.1232
-1.72922	1.15045	5.14193	5.12222
-1.73119	1.13829	5.14193	5.12222
-1.73645	1.13205	5.14127	5.1232
-1.73743	1.12712	5.1416	5.12353
-1.73809	1.13599	5.14292	5.12452
-1.74105	1.14355	5.14423	5.1255
-1.71805	1.16884	5.14325	5.12583
-1.71049	1.17739	5.14259	5.1255
-1.70195	1.18363	5.14259	5.12419
-1.71181	1.17969	5.1416	5.12386
-1.7187	1.17706	5.1416	5.12485
-1.72133	1.16786	5.14062	5.12682
-1.71838	1.17213	5.14193	5.12748
-1.721	1.16129	5.14423	5.12682
-1.7164	1.16129	5.14456	5.1255
-1.70589	1.17114	5.14292	5.12583
-1.70195	1.1741	5.14095	5.1255
-1.70425	1.18823	5.13897	5.12616
-1.69998	1.18363	5.1393	5.12649
-1.69308	1.18954	5.14062	5.12682
-1.69012	1.18691	5.14325	5.12616
-1.68979	1.19381	5.14357	5.12518
-1.68092	1.19151	5.14226	5.12518
-1.68125	1.18724	5.14029	5.12419
-1.6622	1.19841	5.14127	5.1255
-1.67074	1.19217	5.14193	5.12748
-1.65891	1.20038	5.14357	5.12682
-1.64445	1.22437	5.1439	5.12386
-1.62901	1.2293	5.1416	5.1209
-1.61587	1.24178	5.14029	5.12222
-1.60109	1.23948	5.13897	5.12485
-1.59912	1.24211	5.14029	5.1278
-1.59649	1.24572	5.14095	5.1278
-1.58926	1.25558	5.14193	5.12715
-1.57842	1.25788	5.14423	5.12452
-1.58367	1.24966	5.14456	5.12255
-1.57316	1.26609	5.14555	5.12353
-1.58302	1.25032	5.14522	5.12616
-1.5863	1.25854	5.14325	5.12846
-1.57907	1.27168	5.14292	5.12813
-1.57382	1.27693	5.14555	5.12682
-1.58269	1.27431	5.14555	5.1255
-1.57612	1.27168	5.1439	5.12518
-1.57086	1.27956	5.1416	5.12518
-1.55838	1.29336	5.14193	5.12583
-1.56758	1.295	5.14127	5.12682
-1.56199	1.29008	5.14259	5.12485
-1.54786	1.29796	5.14489	5.12288
-1.55181	1.29763	5.1462	5.12255
-1.55279	1.2973	5.14555	5.12353
-1.55082	1.31012	5.14325	5.12353
-1.54622	1.30946	5.14193	5.12485
-1.55246	1.3042	5.14292	5.12485
-1.54491	1.32293	5.14423	5.12485
-1.55115	1.33311	5.14522	5.12616
-1.55049	1.33837	5.14423	5.1232
-1.56363	1.32687	5.14259	5.12189
-1.56133	1.32753	5.14062	5.1232
-1.56988	1.32819	5.1393	5.12452
-1.57349	1.33279	5.13897	5.12583
-1.57776	1.33574	5.14259	5.12748
-1.58926	1.3249	5.14555	5.12748
-1.60831	1.31012	5.1439	5.12649
-1.61587	1.30946	5.1416	5.12616
-1.61883	1.30486	5.14193	5.12583
-1.61751	1.30585	5.14292	5.12748
-1.62244	1.29106	5.14226	5.1278
-1.62606	1.28975	5.1416	5.12583
-1.62408	1.28416	5.14226	5.12485
-1.62836	1.29533	5.14292	5.12419
-1.62113	1.29927	5.14193	5.12616
-1.61226	1.30552	5.14325	5.12748
-1.61226	1.31176	5.14292	5.12715
-1.60634	1.31077	5.14259	5.12649
-1.6024	1.318	5.14357	5.12353
-1.6162	1.30125	5.1439	5.12156
-1.62737	1.28416	5.14423	5.12058
-1.61587	1.28876	5.14292	5.12123
-1.62244	1.2789	5.14127	5.12353
-1.62146	1.27989	5.14095	5.12485
-1.64281	1.26478	5.14259	5.12616
-1.64774	1.24868	5.14423	5.12616
-1.66055	1.23619	5.14357	5.12518
-1.64741	1.23619	5.14193	5.12682
-1.65037	1.23981	5.14127	5.12813
-1.65267	1.22042	5.14193	5.12846
-1.65431	1.2224	5.14325	5.12813
-1.65135	1.22338	5.1416	5.12682
-1.66351	1.21353	5.13996	5.1255
-1.65957	1.22995	5.13963	5.12616
-1.66088	1.22075	5.14127	5.12682
-1.68191	1.1971	5.1416	5.12616
-1.67698	1.19381	5.14095	5.12682
-1.67238	1.19086	5.14095	5.12813
-1.67074	1.17673	5.14226	5.12682
-1.66745	1.18626	5.14325	5.12583
-1.67238	1.17936	5.14259	5.1255
-1.67337	1.16917	5.14193	5.12485
-1.67501	1.15603	5.14095	5.12419
-1.68322	1.16753	5.14029	5.12518
-1.68519	1.1626	5.1416	5.12583
-1.69045	1.16326	5.14325	5.1255
-1.70162	1.15603	5.14489	5.12452
-1.69078	1.15504	5.14587	5.12682
-1.70983	1.13763	5.1462	5.12748
-1.70162	1.13829	5.14522	5.12813
-1.71903	1.12876	5.14325	5.12846
-1.72593	1.1212	5.14259	5.12748
-1.72232	1.13665	5.1439	5.12616
-1.72232	1.12876	5.14489	5.1255
-1.73152	1.12909	5.14555	5.1255
-1.72265	1.13993	5.14357	5.12452
-1.72593	1.12876	5.1416	5.1255
-1.73152	1.12383	5.14259	5.1255
-1.73119	1.12712	5.1439	5.1255
-1.74269	1.12745	5.14325	5.12715
-1.75057	1.12055	5.14325	5.12879
-1.76207	1.11661	5.1439	5.12813
-1.76109	1.11496	5.14456	5.12748
-1.76076	1.11233	5.14357	5.12583
-1.76076	1.11431	5.14325	5.1255
-1.76831	1.12022	5.14423	5.12616
-1.75912	1.13303	5.14357	5.12583
-1.76733	1.13533	5.14292	5.12485
-1.76371	1.12942	5.14226	5.12452
-1.76831	1.12383	5.14259	5.12485
-1.76273	1.11792	5.14259	5.12452
-1.76601	1.11332	5.14489	5.12485
-1.7601	1.10511	5.14653	5.12452
-1.77686	1.09525	5.1462	5.1255
-1.78573	1.08244	5.14555	5.12583
-1.78047	1.10215	5.14292	5.12452
-1.7739	1.08769	5.14062	5.12583
-1.77061	1.09591	5.14259	5.12813
-1.77291	1.08441	5.14193	5.12912
-1.77127	1.07619	5.14292	5.12879
-1.75156	1.07817	5.14357	5.1278
-1.74992	1.08211	5.14423	5.12485
-1.75452	1.07817	5.14292	5.12353
-1.74663	1.08572	5.14325	5.12255
-1.744	1.08572	5.14325	5.1232
-1.75287	1.08309	5.14292	5.12649
-1.76306	1.08178	5.14357	5.12813
-1.74893	1.07488	5.14325	5.12879
-1.7463	1.08572	5.14292	5.12748
-1.75452	1.08047	5.14325	5.12748
-1.75944	1.07882	5.14489	5.12715
-1.74926	1.08178	5.14489	5.12616
-1.74499	1.08671	5.14587	5.12485
-1.74762	1.08342	5.14587	5.1255
-1.74959	1.07422	5.14522	5.12485
-1.75912	1.06272	5.14325	5.12485
-1.75583	1.06732	5.14193	5.12748
-1.7624	1.07192	5.14259	5.12879
-1.76799	1.0601	5.14292	5.12813
-1.77587	1.05353	5.14226	5.12583
-1.77423	1.04761	5.14292	5.1232
-1.7693	1.05287	5.14423	5.12288
-1.76207	1.05024	5.1439	5.12255
-1.7762	1.04104	5.14292	5.12288
-1.78573	1.03808	5.14259	5.12485
-1.79098	1.03381	5.14226	5.12583
-1.79394	1.0348	5.14259	5.12616
-1.79525	1.02461	5.14259	5.12419
-1.80117	1.02724	5.14522	5.12255
-1.80215	1.0325	5.14522	5.1232
-1.79591	1.02921	5.14456	5.12386
-1.79525	1.02231	5.1439	5.12452
-1.79755	1.01016	5.1439	5.1255
-1.79033	1.02264	5.14357	5.12452
-1.80774	1.00917	5.14292	5.1232
-1.81661	1.02823	5.1416	5.1232
-1.81661	1.02166	5.14062	5.12583
-1.81037	1.02658	5.14127	5.12748
-1.80511	1.03118	5.1416	5.12715
-1.79985	1.03447	5.14259	5.12583
-1.81661	1.02429	5.14259	5.12518
-1.81661	1.02823	5.14325	5.12583
-1.81168	1.02921	5.14456	5.12583
-1.81595	1.02691	5.14423	5.1255
-1.81464	1.00917	5.14259	5.12518
-1.8222	1.00129	5.14193	5.1255
-1.81858	1.00227	5.14292	5.12485
-1.80445	1.01311	5.14489	5.12353
-1.80051	1.03874	5.14489	5.12255
-1.79985	1.0463	5.14456	5.12353
-1.79985	1.0463	5.14423	5.12682
-1.79887	1.04728	5.14292	5.12813
-1.78573	1.05451	5.14127	5.12813
-1.7854	1.04334	5.14127	5.1278
-1.78836	1.05615	5.14127	5.12583
-1.78638	1.0555	5.1416	5.1232
-1.79033	1.05747	5.14095	5.12288
-1.79131	1.06305	5.14127	5.12353
-1.78737	1.06732	5.14127	5.12485
-1.79295	1.06075	5.14259	5.1255
-1.79197	1.0624	5.14555	5.12649
-1.78737	1.08375	5.14587	5.12682
-1.77751	1.08408	5.14587	5.12616
-1.76207	1.08014	5.14423	5.12682
-1.75517	1.08704	5.14193	5.12879
-1.75386	1.08507	5.1416	5.13142
-1.73546	1.09558	5.14029	5.1301
-1.72495	1.10543	5.1416	5.12715
-1.72199	1.10346	5.14292	5.12518
-1.70852	1.10379	5.14292	5.1255
-1.70885	1.09788	5.14226	5.1278
-1.71411	1.10839	5.14259	5.12616
-1.70885	1.10675	5.14357	5.12353
-1.70425	1.09492	5.14325	5.12419
-1.69078	1.10379	5.14226	5.12485
-1.70096	1.09952	5.14259	5.12518
-1.71148	1.09591	5.14325	5.12616
-1.72758	1.08441	5.1439	5.12846
-1.72363	1.08211	5.14522	5.1278
-1.7233	1.07817	5.14489	5.12715
-1.72002	1.08966	5.14357	5.12682
-1.73349	1.07685	5.14292	5.12813
-1.74039	1.06535	5.1439	5.12879
-1.75386	1.05977	5.14357	5.1255
-1.74236	1.05681	5.1439	5.12255
-1.73513	1.05583	5.14292	5.12288
-1.74137	1.05418	5.1416	5.12583
-1.7578	1.05221	5.14259	5.12616
-1.75517	1.05747	5.14456	5.12518
-1.7486	1.06864	5.14555	5.12386
-1.75944	1.0693	5.14325	5.1232
-1.77784	1.0486	5.14062	5.12485
-1.78178	1.05123	5.14127	5.1255
-1.77554	1.05845	5.14489	5.12748
-1.7739	1.05977	5.14587	5.12649
-1.77883	1.04465	5.14522	5.12419
-1.78178	1.03118	5.14357	5.12353
-1.77521	1.03644	5.14292	5.12255
-1.77259	1.03513	5.14292	5.12353
-1.77061	1.04433	5.14325	5.12616
-1.75452	1.07028	5.14193	5.12715
-1.74367	1.09131	5.14259	5.12682
-1.74696	1.10149	5.14325	5.12616
-1.75156	1.08737	5.14456	5.12452
-1.75452	1.09361	5.14489	5.12386
-1.75287	1.09229	5.14456	5.12583
-1.74597	1.09394	5.1439	5.12583
-1.74335	1.09886	5.14423	5.12616
-1.74532	1.09985	5.14292	5.12649
-1.75222	1.09722	5.14325	5.12419
-1.74893	1.09952	5.14456	5.12288
-1.7578	1.09591	5.14456	5.12386
-1.75057	1.08211	5.14357	5.12682
-1.74762	1.08211	5.14357	5.12813
-1.7509	1.08901	5.14357	5.12912
-1.74499	1.08178	5.14456	5.12715
-1.74794	1.08014	5.14587	5.12649
-1.74959	1.06437	5.14653	5.12616
-1.74926	1.06371	5.14456	5.12649
-1.75123	1.05057	5.14325	5.12846
-1.74696	1.05977	5.14489	5.12846
-1.74532	1.05714	5.14555	5.12616
-1.75977	1.03743	5.14522	5.12189
-1.76404	1.03151	5.1439	5.12058
-1.75747	1.02593	5.14292	5.12222
-1.75714	1.0187	5.14193	5.12518
-1.74433	1.01377	5.14193	5.12682
-1.7394	0.999644	5.14259	5.12682
-1.73875	1.00326	5.14292	5.12583
-1.7302	0.998002	5.1439	5.12419
-1.7371	0.985189	5.14357	5.12288
-1.7371	0.982232	5.1439	5.1232
-1.74696	0.98486	5.14259	5.12419
-1.75682	0.992417	5.14325	5.12485
-1.76207	0.989131	5.1439	5.12518
-1.76634	0.978946	5.14555	5.1255
-1.77094	0.999316	5.14456	5.12419
-1.78638	0.989131	5.14259	5.12518
-1.7854	0.99603	5.14292	5.12649
-1.79197	0.987488	5.14357	5.12682
-1.80741	0.985189	5.14292	5.12748
-1.81595	0.97369	5.14292	5.12616
-1.81102	0.970404	5.14423	5.1255
-1.82088	0.974675	5.1439	5.12485
-1.82384	0.981246	5.14259	5.12485
-1.82384	0.980589	5.1416	5.12386
-1.83599	0.971061	5.14127	5.12419
-1.83895	0.967119	5.14226	5.12419
-1.83829	0.972047	5.1439	5.1232
-1.84059	0.986831	5.14653	5.12288
-1.84914	0.974675	5.14719	5.12353
-1.84026	0.984203	5.14522	5.12452
-1.83829	0.988145	5.14259	5.12616
-1.82811	0.998987	5.14193	5.12813
-1.82384	0.995702	5.14226	5.12912
-1.83172	1.0026	5.14423	5.12879
-1.83139	1.00063	5.1462	5.1278
-1.82548	1.00884	5.14653	5.12879
-1.8222	1.01246	5.1462	5.12879
-1.8199	1.0072	5.14292	5.12748
-1.81694	0.998987	5.1416	5.12715
-1.82581	0.978946	5.14259	5.12748
-1.83041	0.971061	5.14489	5.12616
-1.83402	0.963505	5.14456	5.12649
-1.82187	0.963176	5.14259	5.12715
-1.81694	0.961862	5.14292	5.12682
-1.82351	0.958577	5.1439	5.12682
-1.82712	0.950035	5.14325	5.12682
-1.82647	0.94872	5.14193	5.12649
-1.82482	0.941164	5.14029	5.1255
-1.81858	0.947078	5.14127	5.12485
-1.81464	0.961534	5.14292	5.12485
-1.81332	0.951349	5.1439	5.12583
-1.81398	0.934265	5.14357	5.12682
-1.81694	0.936564	5.1416	5.12682
-1.81858	0.945435	5.13996	5.12682
-1.82384	0.941821	5.14127	5.12682
-1.8153	0.949378	5.14259	5.12616
-1.81267	0.948063	5.14259	5.12583
-1.80544	0.953649	5.14325	5.12748
-1.79131	0.972704	5.14259	5.12846
-1.78606	0.984203	5.14259	5.12912
-1.78277	0.986174	5.1416	5.12583
-1.77554	1.00819	5.14193	5.1232
-1.77291	1.00227	5.1416	5.12386
-1.76963	1.00457	5.1393	5.12485
-1.78047	1.01607	5.13897	5.12616
-1.77423	1.03381	5.14062	5.12616
-1.77718	1.03447	5.13996	5.12682
-1.76306	1.03874	5.14029	5.12616
-1.77127	1.04137	5.14062	5.12518
-1.77094	1.03644	5.14193	5.12452
-1.76339	1.05155	5.14226	5.1255
-1.76207	1.06601	5.14193	5.12682
-1.7486	1.07422	5.1416	5.12682
-1.75649	1.0716	5.14029	5.12583
-1.75484	1.06404	5.14095	5.12715
-1.73842	1.07389	5.14325	5.12715
-1.73415	1.07324	5.14325	5.12649
-1.73447	1.06897	5.14357	5.12715
-1.72363	1.07389	5.14292	5.1278
-1.73283	1.07324	5.1439	5.12748
-1.73743	1.07324	5.14325	5.12583
-1.74466	1.07225	5.14292	5.12452
-1.74433	1.07554	5.14357	5.12452
-1.7463	1.08047	5.14292	5.12583
-1.75156	1.06601	5.14292	5.12682
-1.75517	1.067	5.14357	5.12616
-1.75189	1.06207	5.14357	5.12616
-1.74729	1.05517	5.14522	5.12649
-1.74302	1.05615	5.14653	5.12682
-1.73842	1.04893	5.14719	5.12452
-1.74663	1.04268	5.14587	5.12485
-1.74006	1.03808	5.14423	5.12616
-1.72725	1.04761	5.14292	5.12846
-1.73119	1.04564	5.14292	5.12813
-1.73053	1.04268	5.14259	5.12682
-1.73612	1.0325	5.14259	5.12682
-1.73283	1.02626	5.14226	5.12682
-1.73447	1.03973	5.14259	5.1278
-1.72692	1.03677	5.14325	5.12715
-1.72823	1.03611	5.14292	5.12682
-1.73743	1.0348	5.14259	5.12649
-1.72298	1.03776	5.14259	5.12682
-1.7279	1.04761	5.14423	5.12616
-1.73119	1.05451	5.14653	5.12386
-1.73053	1.05648	5.14719	5.12288
-1.73776	1.05747	5.14752	5.1255
-1.74203	1.0578	5.14785	5.12879
-1.7509	1.0624	5.14587	5.12846
-1.76076	1.0371	5.14456	5.12748
-1.75419	1.04958	5.14456	5.1255
-1.75649	1.04203	5.14456	5.12419
-1.75386	1.0371	5.14456	5.12386
-1.74236	1.04531	5.14522	5.12583
-1.75747	1.03743	5.14456	5.12682
-1.75353	1.03874	5.14325	5.12682
-1.74335	1.0371	5.14292	5.12748
-1.74564	1.04137	5.14325	5.12846
-1.74794	1.04991	5.14325	5.12748
-1.73776	1.06371	5.14292	5.12813
-1.74499	1.04597	5.14325	5.12813
-1.744	1.05845	5.14259	5.12846
-1.73316	1.06897	5.1416	5.12748
-1.7348	1.07521	5.14095	5.12616
-1.72199	1.08572	5.14127	5.12518
-1.72462	1.08934	5.14029	5.1232
-1.72922	1.08835	5.14062	5.12123
-1.74893	1.06732	5.13963	5.1232
-1.7486	1.07094	5.14259	5.12583
-1.74367	1.06634	5.14719	5.12715
-1.74926	1.06042	5.14785	5.12879
-1.74433	1.04991	5.14587	5.12715
-1.74302	1.04794	5.14522	5.12715
-1.73645	1.05057	5.1439	5.12813
-1.7417	1.04564	5.14259	5.12715
-1.74466	1.04137	5.14193	5.12583
-1.75024	1.0394	5.14193	5.12616
-1.76634	1.02856	5.1439	5.1255
-1.77094	1.02034	5.14522	5.1255
-1.77193	1.0164	5.14522	5.12518
-1.77456	1.00326	5.1439	5.12583
-1.78047	1.00227	5.14193	5.12748
-1.77554	1.01081	5.14226	5.12879
-1.77948	1.01311	5.14325	5.12977
-1.76996	1.01509	5.14357	5.12715
-1.77127	1.01837	5.14357	5.12518
-1.78113	1.01509	5.14127	5.12419
-1.77324	1.02363	5.14095	5.12485
-1.76601	1.01969	5.14127	5.1278
-1.75386	1.0394	5.14127	5.12977
-1.76667	1.03118	5.14226	5.13109
-1.76799	1.02921	5.14325	5.1301
-1.76141	1.04104	5.14423	5.1278
-1.75156	1.05353	5.14489	5.12649
-1.7486	1.06864	5.14522	5.12715
-1.75353	1.05155	5.14587	5.12748
-1.75189	1.0532	5.14555	5.12616
-1.7509	1.05977	5.14456	5.12682
-1.74072	1.06535	5.14423	5.1255
-1.73677	1.0578	5.14489	5.12452
-1.74236	1.05155	5.14423	5.12452
-1.73612	1.07127	5.14325	5.12485
-1.72363	1.08507	5.14226	5.12682
-1.72856	1.08112	5.14259	5.12649
-1.73415	1.07685	5.14259	5.12485
-1.73053	1.07521	5.14226	5.12419
-1.73152	1.07389	5.14226	5.12288
-1.7302	1.05911	5.14193	5.12386
-1.7302	1.05747	5.14193	5.12485
-1.72199	1.0693	5.14193	5.12485
-1.72166	1.08572	5.14292	5.12419
-1.7187	1.09164	5.14423	5.12485
-1.73283	1.08014	5.14423	5.1255
-1.72068	1.09426	5.1439	5.12419
-1.71213	1.08934	5.14555	5.12583
-1.71443	1.09262	5.14587	5.12616
-1.72298	1.08802	5.14587	5.12682
-1.71345	1.10248	5.14522	5.12813
-1.71411	1.09788	5.14522	5.12616
-1.71115	1.10478	5.14489	5.12386
-1.70721	1.10806	5.1439	5.12452
-1.69768	1.11036	5.14259	5.1255
-1.68421	1.10412	5.14292	5.12419
-1.69834	1.10511	5.14456	5.1232
-1.70425	1.11463	5.14456	5.12353
-1.69932	1.12515	5.14193	5.12353
-1.69669	1.11463	5.13996	5.12222
-1.69538	1.12022	5.13865	5.12288
-1.69308	1.12548	5.13832	5.12353
-1.68289	1.13927	5.13865	5.12583
-1.68289	1.14519	5.14095	5.12682
-1.69406	1.15439	5.14423	5.12682
-1.68322	1.14749	5.1462	5.12452
-1.67895	1.15209	5.14555	5.12386
-1.69144	1.15406	5.1439	5.12485
-1.68158	1.16162	5.14292	5.12748
-1.68092	1.16884	5.14259	5.12846
-1.69341	1.15406	5.14325	5.12715
-1.68815	1.17114	5.14357	5.12616
-1.69275	1.17574	5.14456	5.12616
-1.68782	1.17574	5.14522	5.12485
-1.68158	1.19348	5.14423	5.1255
-1.66187	1.1948	5.14226	5.12715
-1.66154	1.20433	5.1416	5.12813
-1.6553	1.21287	5.14127	5.12846
-1.65628	1.21418	5.14193	5.12715
-1.64347	1.22535	5.14357	5.12682
-1.6438	1.22502	5.14423	5.1255
-1.6369	1.23357	5.14357	5.12419
-1.63427	1.23718	5.14357	5.1255
-1.6254	1.25459	5.14357	5.12583
-1.6231	1.25919	5.14325	5.12485
-1.62901	1.24539	5.14456	5.12485
-1.63066	1.25361	5.14456	5.12452
-1.63427	1.24375	5.14456	5.12649
-1.63526	1.25065	5.14292	5.1278
-1.64445	1.23357	5.14193	5.1301
-1.63328	1.24507	5.14226	5.12879
-1.6277	1.25328	5.14259	5.12879
-1.62474	1.25689	5.14555	5.12879
-1.61949	1.25854	5.14587	5.12748
-1.61916	1.25886	5.1439	5.12616
-1.62868	1.25525	5.14292	5.12682
-1.62737	1.26281	5.14292	5.12649
-1.61751	1.27858	5.14423	5.12682
-1.60799	1.27529	5.14456	5.1278
-1.61751	1.26642	5.14423	5.12748
-1.62244	1.26018	5.14325	5.12616
-1.63493	1.24736	5.14095	5.12452
-1.6622	1.23324	5.13963	5.1255
-1.67107	1.23258	5.14029	5.12912
-1.66614	1.22634	5.14259	5.13043
-1.68059	1.21845	5.1439	5.12912
-1.68191	1.21747	5.14489	5.1278
-1.68486	1.22108	5.14423	5.12616
-1.68881	1.21714	5.14456	5.12649
-1.69669	1.19743	5.1462	5.12682
-1.69669	1.19348	5.1462	5.12682
-1.69242	1.1856	5.14489	5.12682
-1.69406	1.18067	5.1439	5.12813
-1.69899	1.1833	5.14325	5.1278
-1.70819	1.19053	5.14259	5.12879
-1.70951	1.1856	5.14193	5.1301
-1.71082	1.19151	5.14127	5.12912
-1.71148	1.19546	5.14193	5.12748
-1.70096	1.20367	5.14456	5.12616
-1.70031	1.20268	5.14555	5.12485
-1.70458	1.21254	5.14357	5.12616
-1.70523	1.21484	5.14062	5.12649
-1.71049	1.21484	5.13963	5.1255
-1.70129	1.21221	5.13996	5.12649
-1.69505	1.21747	5.14095	5.1278
-1.69012	1.22995	5.14193	5.12813
-1.67074	1.24769	5.14357	5.12682
-1.67139	1.24934	5.14456	5.12748
-1.66252	1.25788	5.14555	5.12682
-1.65168	1.26248	5.14456	5.12649
-1.65365	1.27069	5.14325	5.12649
-1.64347	1.27726	5.14193	5.1255
-1.63953	1.28745	5.13996	5.12386
-1.64413	1.26938	5.14095	5.1232
-1.66154	1.25591	5.14292	5.12485
-1.6622	1.25591	5.14456	5.12715
-1.67041	1.25295	5.14522	5.12748
-1.66844	1.25065	5.14456	5.1278
-1.66384	1.25394	5.1439	5.12748
-1.65792	1.25656	5.14423	5.12452
-1.65825	1.25624	5.14357	5.1232
-1.65135	1.25328	5.14226	5.1232
-1.64807	1.25164	5.14226	5.12288
-1.64971	1.24539	5.14259	5.1232
-1.63657	1.26248	5.14259	5.12485
-1.64248	1.25755	5.14456	5.12682
-1.64971	1.24868	5.14489	5.12616
-1.64807	1.25098	5.14423	5.12485
-1.65267	1.24112	5.14357	5.12386
-1.6622	1.23192	5.14259	5.12518
-1.66712	1.23488	5.14193	5.1255
-1.68224	1.2201	5.14193	5.1255
-1.69078	1.21582	5.14292	5.12616
-1.69439	1.20728	5.14357	5.1278
-1.70655	1.20005	5.1439	5.12715
-1.70589	1.19907	5.14357	5.12715
-1.72265	1.18724	5.14423	5.1278
-1.71706	1.18757	5.14423	5.12846
-1.71838	1.1833	5.14423	5.12912
-1.72823	1.18658	5.14357	5.12945
-1.72725	1.18856	5.14522	5.12715
-1.7233	1.19217	5.14686	5.12583
-1.72528	1.1925	5.14752	5.12518
-1.72856	1.18396	5.1439	5.12649
-1.73842	1.18461	5.14127	5.12649
-1.744	1.17936	5.14062	5.12682
-1.7394	1.18199	5.14062	5.12649
-1.75024	1.17279	5.14325	5.12583
-1.75386	1.17311	5.14489	5.12518
-1.76141	1.15702	5.14456	5.12583
-1.75123	1.15537	5.1439	5.12813
-1.74696	1.16096	5.14259	5.12945
-1.7371	1.17049	5.1439	5.12649
-1.72988	1.18461	5.14522	5.12419
-1.73875	1.17673	5.14357	5.12255
-1.73842	1.18231	5.1416	5.12222
-1.74006	1.18264	5.13996	5.1232
-1.74236	1.1741	5.14226	5.1255
-1.74367	1.16523	5.14357	5.12846
-1.75353	1.15504	5.14292	5.12945
-1.75616	1.15242	5.14292	5.12846
-1.75452	1.1442	5.14423	5.12682
-1.75912	1.14223	5.14357	5.12682
-1.76897	1.12778	5.14127	5.12616
-1.77521	1.1212	5.14193	5.1255
-1.77291	1.12252	5.1439	5.12682
-1.76569	1.13435	5.14423	5.12649
-1.767	1.135	5.14522	5.12485
-1.76733	1.13369	5.14719	5.12518
-1.76404	1.13763	5.14653	5.12485
-1.77291	1.13008	5.14423	5.12518
-1.76503	1.14519	5.14292	5.12649
-1.76141	1.14552	5.14489	5.12616
-1.76141	1.1442	5.14522	5.1278
-1.75977	1.15045	5.1439	5.12748
-1.76141	1.14322	5.14127	5.12616
-1.75189	1.1534	5.13865	5.1255
-1.75846	1.15472	5.13766	5.12616
-1.7555	1.15209	5.14095	5.1278
-1.75682	1.13895	5.14193	5.1278
-1.75846	1.1258	5.14127	5.12715
-1.7555	1.135	5.14193	5.1255
-1.76569	1.12548	5.14292	5.12353
-1.76043	1.14486	5.14095	5.1255
-1.76273	1.14453	5.13897	5.12879
-1.76963	1.14256	5.14029	5.12977
-1.76864	1.12942	5.14259	5.12846
-1.76569	1.12515	5.14489	5.12583
-1.7555	1.13632	5.14423	5.12353
-1.74959	1.158	5.14357	5.1255
-1.74663	1.16687	5.14325	5.12912
-1.75452	1.14847	5.1439	5.13043
-1.75254	1.14946	5.14522	5.13076
-1.7716	1.12975	5.1439	5.12813
-1.76207	1.12909	5.1439	5.12518
-1.76273	1.11891	5.14292	5.12386
-1.76207	1.12942	5.14357	5.12518
-1.75879	1.12153	5.14292	5.12748
-1.75714	1.1281	5.14127	5.1278
-1.7578	1.13697	5.14127	5.12715
-1.74335	1.14585	5.14193	5.12583
-1.74269	1.14847	5.1439	5.12518
-1.73842	1.16786	5.14555	5.1232
-1.71936	1.1879	5.14423	5.12255
-1.71115	1.19086	5.14226	5.12452
-1.70359	1.21221	5.14062	5.12616
-1.70819	1.20991	5.14062	5.12715
-1.70556	1.21221	5.14292	5.12518
-1.70589	1.20794	5.14325	5.12156
-1.69308	1.20433	5.14325	5.1209
-1.70063	1.1971	5.14259	5.12288
-1.69505	1.19381	5.1416	5.12649
-1.67797	1.20794	5.1416	5.12846
-1.66482	1.21714	5.14193	5.12879
-1.65332	1.22108	5.14259	5.1278
-1.6484	1.23225	5.14456	5.12682
-1.65103	1.2293	5.14423	5.12518
-1.6415	1.24079	5.14456	5.12419
-1.62803	1.25196	5.14193	5.12485
-1.6231	1.24802	5.14029	5.12518
-1.6162	1.25328	5.1416	5.12649
-1.61029	1.24671	5.14423	5.12682
-1.59879	1.25032	5.14653	5.1255
-1.58795	1.25426	5.14653	5.12518
-1.58039	1.26806	5.14456	5.12813
-1.56725	1.27233	5.14325	5.1278
-1.57612	1.27529	5.14456	5.12649
-1.57382	1.28088	5.14587	5.12485
-1.56725	1.2812	5.14555	5.12485
-1.5725	1.28745	5.14587	5.1255
-1.5633	1.30157	5.14292	5.1255
-1.57053	1.28843	5.14062	5.1255
-1.57579	1.28449	5.13865	5.1255
-1.57448	1.28613	5.13996	5.1255
-1.58236	1.28318	5.14259	5.1255
-1.58236	1.28646	5.14522	5.12518
-1.59944	1.27496	5.14686	5.1255
-1.6024	1.27562	5.14555	5.1255
-1.60634	1.26346	5.14325	5.1255
-1.60634	1.26478	5.14062	5.12583
-1.60799	1.26281	5.14029	5.12485
-1.60996	1.25919	5.14193	5.12386
-1.61094	1.25689	5.14357	5.12419
-1.61883	1.24079	5.14587	5.12583
-1.63361	1.23619	5.14489	5.12715
-1.6438	1.22765	5.14226	5.12715
-1.65464	1.22502	5.13996	5.12616
-1.67107	1.21385	5.1416	5.12616
-1.66417	1.21287	5.14522	5.12649
-1.67665	1.20137	5.14522	5.12682
-1.68848	1.19316	5.14292	5.12682
-1.69669	1.18724	5.14127	5.12715
-1.69735	1.18757	5.14062	5.12682
-1.70885	1.17147	5.14127	5.12715
-1.71279	1.15373	5.14292	5.12682
-1.73316	1.13533	5.14259	5.12616
-1.74006	1.12876	5.14226	5.12583
-1.74269	1.1235	5.14193	5.1255
-1.74367	1.10708	5.14292	5.12682
-1.7532	1.09755	5.14292	5.12715
-1.75846	1.09788	5.14325	5.12649
-1.77686	1.0716	5.14325	5.12649
-1.78868	1.06371	5.14522	5.12715
-1.7946	1.05747	5.14489	5.12583
-1.80511	1.04203	5.14259	5.1255
-1.80774	1.04564	5.14062	5.12452
-1.81431	1.03808	5.14062	5.12419
-1.81661	1.04433	5.14193	5.12452
-1.81562	1.03841	5.14325	5.12715
-1.83041	1.02396	5.14423	5.12813
-1.82745	1.02888	5.14456	5.12616
-1.82581	1.01476	5.14423	5.1232
-1.83304	1.00589	5.1439	5.12222
-1.83402	1.00983	5.14226	5.12386
-1.83337	1.00884	5.14292	5.12583
-1.82647	1.02001	5.14325	5.12616
-1.82384	1.01739	5.1439	5.12649
-1.82022	1.01147	5.14325	5.12583
-1.82482	1.00293	5.14127	5.12485
-1.82581	1.00917	5.14029	5.12715
-1.82417	1.02363	5.14062	5.12846
-1.82318	1.02297	5.14226	5.12748
-1.81595	1.0187	5.1439	5.12419
-1.82482	1.02133	5.14423	5.1232
-1.8222	1.02987	5.14357	5.12222
-1.81398	1.04301	5.1439	5.1255
-1.82745	1.03283	5.14489	5.12813
-1.82778	1.02626	5.14555	5.12748
-1.83238	1.02133	5.1439	5.12682
-1.82811	1.02429	5.14357	5.12682
-1.83304	1.02823	5.14456	5.12583
-1.82318	1.04301	5.1439	5.12353
-1.82515	1.05418	5.14325	5.12419
-1.82975	1.04827	5.14259	5.12583
-1.83172	1.04695	5.14292	5.12846
-1.82975	1.05418	5.14423	5.12879
-1.83534	1.05418	5.14555	5.12616
-1.83764	1.0647	5.14686	5.12419
-1.83895	1.06108	5.1462	5.12353
-1.83961	1.06831	5.14357	5.12353
-1.83107	1.07028	5.14226	5.12386
-1.83074	1.06207	5.14292	5.12353
-1.83501	1.05747	5.14226	5.12353
-1.82909	1.06305	5.1439	5.12353
-1.82417	1.06601	5.14686	5.12419
-1.81727	1.07127	5.14653	5.12583
-1.82154	1.06601	5.14456	5.12682
-1.82515	1.06897	5.14226	5.12682
-1.8199	1.06831	5.14193	5.1255
-1.81234	1.07981	5.14226	5.12386
-1.8015	1.09755	5.14292	5.12255
-1.78967	1.11102	5.14292	5.12288
-1.79263	1.11233	5.14292	5.12419
-1.78441	1.12252	5.14193	5.12419
-1.78441	1.11989	5.1416	5.12386
-1.77291	1.13763	5.14193	5.12353
-1.77456	1.13566	5.14357	5.1232
-1.75912	1.15176	5.14555	5.12353
-1.75222	1.16753	5.14456	5.12353
-1.73973	1.17574	5.1439	5.12386
-1.72889	1.17969	5.14357	5.12419
-1.71772	1.18626	5.14423	5.12583
-1.72363	1.17969	5.14357	5.1255
-1.71838	1.17837	5.14226	5.12419
-1.70359	1.19086	5.14325	5.12386
-1.69768	1.18987	5.14423	5.12452
-1.69012	1.20597	5.14357	5.1255
-1.68684	1.21353	5.14259	5.1255
-1.67402	1.22995	5.14325	5.12452
-1.66055	1.23619	5.14456	5.12485
-1.6438	1.23882	5.14522	5.12452
-1.63657	1.23882	5.14456	5.12255
-1.63131	1.24539	5.14423	5.12386
-1.62343	1.24736	5.14292	5.12485
-1.61193	1.26084	5.14193	5.12518
-1.61324	1.26215	5.14127	5.12485
-1.60897	1.26445	5.14259	5.12419
-1.59977	1.26478	5.14357	5.12386
-1.5886	1.26741	5.14226	5.12485
-1.58269	1.27463	5.14029	5.12452
-1.58499	1.28055	5.13963	5.12616
-1.58039	1.28055	5.14259	5.12616
-1.59222	1.27036	5.14522	5.12452
-1.59714	1.27332	5.14653	5.12288
-1.60207	1.25788	5.1462	5.12419
-1.60799	1.24507	5.14489	5.1232
-1.60963	1.24802	5.1439	5.12353
-1.60996	1.25032	5.14292	5.12386
-1.6208	1.23357	5.14193	5.12485
-1.61949	1.23455	5.14292	5.12616
-1.62376	1.24441	5.14259	5.12748
-1.61291	1.24375	5.1416	5.12813
-1.61259	1.24638	5.14127	5.12682
-1.63033	1.23652	5.1416	5.12583
-1.62737	1.23061	5.14226	5.12616
-1.63328	1.21221	5.14259	5.12682
-1.62638	1.21747	5.14193	5.12518
-1.64741	1.21385	5.14325	5.12386
-1.65332	1.20893	5.14423	5.12452
-1.66482	1.21681	5.14259	5.12616
-1.67632	1.21221	5.14127	5.12846
-1.68322	1.20203	5.1416	5.12879
-1.69078	1.20104	5.14226	5.1278
-1.69209	1.2086	5.14325	5.12616
-1.70951	1.18987	5.14423	5.12485
-1.70655	1.19447	5.14423	5.12255
-1.70951	1.18823	5.14292	5.12255
-1.70359	1.19086	5.14029	5.12353
-1.71476	1.1695	5.14029	5.12419
-1.70063	1.18428	5.14127	5.1255
-1.70096	1.18363	5.14259	5.12682
-1.71608	1.18363	5.14325	5.12583
-1.71805	1.17344	5.14423	5.12353
-1.71312	1.17147	5.14423	5.12353
-1.71509	1.16063	5.14193	5.12419
-1.7187	1.16227	5.14062	5.12649
-1.72626	1.15209	5.14127	5.12912
-1.71542	1.14815	5.14292	5.12748
-1.70589	1.14486	5.14357	5.12616
-1.70819	1.14125	5.14357	5.12518
-1.71443	1.12449	5.14259	5.1255
-1.72429	1.11989	5.14193	5.12583
-1.72823	1.11595	5.14259	5.12649
-1.72232	1.12186	5.14259	5.12583
-1.72922	1.10971	5.14193	5.12485
-1.72856	1.11332	5.14259	5.12419
-1.73053	1.10543	5.14456	5.12419
-1.71706	1.10445	5.1439	5.12616
-1.71411	1.11332	5.14226	5.12649
-1.71148	1.11628	5.13963	5.12452
-1.70721	1.11693	5.14062	5.12255
-1.70195	1.12613	5.14325	5.12156
-1.70688	1.10741	5.14522	5.12025
-1.70786	1.11299	5.14555	5.12189
-1.70458	1.12482	5.14489	5.1255
-1.70885	1.12646	5.14456	5.12682
-1.69899	1.13829	5.14456	5.1278
-1.69965	1.1419	5.14325	5.12715
-1.69275	1.15307	5.14292	5.12419
-1.69932	1.1419	5.14259	5.12386
-1.70786	1.12843	5.14193	5.12386
-1.70918	1.12186	5.14259	5.12452
-1.71148	1.12515	5.14423	5.12583
-1.71378	1.12285	5.1462	5.12977
-1.71016	1.13139	5.14555	5.12879
-1.7187	1.12515	5.1439	5.12682
-1.72396	1.12252	5.14325	5.12649
-1.71772	1.12745	5.14357	5.12715
-1.73316	1.11858	5.14423	5.12616
-1.72495	1.12022	5.14555	5.12485
-1.72199	1.11661	5.14752	5.12386
-1.74302	1.11365	5.14785	5.1255
-1.7509	1.10576	5.14653	5.12583
-1.75419	1.11365	5.14555	5.12452
-1.75452	1.11365	5.1439	5.12222
-1.7509	1.10576	5.1416	5.12353
-1.75419	1.10248	5.1416	5.12616
-1.76766	1.09098	5.14325	5.12846
-1.76569	1.08999	5.14325	5.12945
-1.77324	1.08244	5.14292	5.12912
-1.7693	1.08638	5.1416	5.12846
-1.75977	1.08605	5.13996	5.12649
-1.76076	1.08769	5.14095	5.12649
-1.75879	1.08966	5.1416	5.12715
-1.7601	1.09295	5.14226	5.12616
-1.75057	1.08605	5.14357	5.12452
-1.74433	1.08277	5.14325	5.12353
-1.75353	1.06962	5.14095	5.1232
-1.75452	1.07357	5.14095	5.12419
-1.77193	1.05878	5.14325	5.12616
-1.76371	1.07291	5.14555	5.12682
-1.77751	1.06042	5.14489	5.1278
-1.76897	1.06864	5.14489	5.12879
-1.7693	1.08342	5.14456	5.12748
-1.76404	1.08112	5.14423	5.12682
-1.76897	1.08507	5.14423	5.12616
-1.76339	1.08539	5.14456	5.12616
-1.76306	1.08474	5.1439	5.12583
-1.76503	1.08934	5.14325	5.12649
-1.76996	1.08507	5.14357	5.12682
-1.76141	1.08079	5.14325	5.1255
-1.75057	1.10543	5.14259	5.12386
-1.75287	1.10839	5.14193	5.12485
-1.75123	1.11069	5.14193	5.12583
-1.74597	1.10675	5.14456	5.1255
-1.75484	1.08244	5.14686	5.12386
-1.74959	1.07784	5.14653	5.12353
-1.74959	1.07455	5.14522	5.12452
-1.74499	1.0647	5.14325	5.12616
-1.74039	1.06535	5.14259	5.12846
-1.74992	1.05057	5.14325	5.12912
-1.74072	1.05681	5.1439	5.12748
-1.74137	1.05648	5.1439	5.12649
-1.75419	1.04071	5.14587	5.12583
-1.74072	1.04925	5.14686	5.12386
-1.73645	1.06371	5.14522	5.12386
-1.73217	1.07981	5.1439	5.12419
-1.72002	1.09558	5.14456	5.12485
-1.7164	1.10412	5.14555	5.12748
-1.71673	1.11069	5.14555	5.12715
-1.70195	1.12252	5.14325	5.12715
-1.71279	1.12318	5.1416	5.1255
-1.70688	1.13599	5.14095	5.12452
-1.71378	1.14322	5.1416	5.12682
-1.71706	1.15242	5.14062	5.12813
-1.72363	1.15702	5.13996	5.12846
-1.72593	1.15932	5.1416	5.12715
-1.73053	1.16687	5.14456	5.12518
-1.7302	1.14913	5.14456	5.12255
-1.7233	1.15767	5.14292	5.12255
-1.71608	1.16326	5.14259	5.12452
-1.71673	1.17574	5.14292	5.1255
-1.70885	1.18264	5.14522	5.12452
-1.69702	1.19743	5.14785	5.1255
-1.68815	1.21155	5.14817	5.12583
-1.67731	1.22798	5.14555	5.12485
-1.67008	1.23324	5.14292	5.12518
-1.67501	1.24408	5.14193	5.12452
-1.65825	1.26741	5.14259	5.12353
-1.65168	1.27661	5.14423	5.12419
-1.66384	1.25591	5.14587	5.12518
-1.66318	1.25558	5.14587	5.12518
-1.65792	1.25788	5.14522	5.12386
-1.65431	1.25689	5.14456	5.12518
-1.65562	1.25196	5.14127	5.12682
-1.64445	1.26379	5.14062	5.12879
-1.64774	1.26478	5.14259	5.12682
-1.64675	1.26313	5.14423	5.12485
-1.6553	1.25656	5.14423	5.12419
-1.6622	1.24736	5.14259	5.12386
-1.65957	1.24441	5.14095	5.12583
-1.6553	1.23882	5.14062	5.12682
-1.6438	1.22404	5.14193	5.12748
-1.63788	1.22765	5.14193	5.12846
-1.63098	1.23882	5.1439	5.1278
-1.63197	1.24145	5.1439	5.12616
-1.62704	1.24474	5.14325	5.12682
-1.6162	1.25459	5.14292	5.12649
-1.62211	1.24736	5.14259	5.12649
-1.6231	1.26116	5.1439	5.12748
-1.63723	1.25262	5.14587	5.12649
-1.62704	1.25788	5.14653	5.12583
-1.62047	1.26576	5.14522	5.12353
-1.62408	1.26215	5.14325	5.12485
-1.63493	1.25886	5.14325	5.12846
-1.63098	1.25426	5.14325	5.12748
-1.63985	1.23915	5.14193	5.12616
-1.64774	1.23915	5.14095	5.12616
-1.64643	1.24507	5.14193	5.12748
-1.65595	1.24375	5.14259	5.1255
-1.66614	1.22798	5.14259	5.12419
-1.66154	1.23291	5.14259	5.12485
-1.66417	1.23718	5.14292	5.1255
-1.67238	1.22667	5.1416	5.12518
-1.68421	1.227	5.1416	5.12616
-1.67862	1.23652	5.14292	5.12583
-1.67994	1.23554	5.14456	5.12715
-1.68914	1.21977	5.14555	5.12715
-1.68027	1.22897	5.1462	5.12649
-1.69144	1.21878	5.14555	5.12682
-1.70359	1.20498	5.1439	5.12846
-1.69636	1.20465	5.14095	5.12715
-1.69998	1.20367	5.1416	5.12682
-1.71246	1.1948	5.14226	5.12682
-1.72626	1.17804	5.14226	5.12649
-1.73086	1.18231	5.14226	5.12682
-1.74335	1.1856	5.14226	5.12649
-1.75123	1.18888	5.14226	5.12715
-1.75682	1.17903	5.14226	5.12813
-1.76339	1.16786	5.14193	5.1278
-1.76963	1.15964	5.14259	5.12616
-1.77357	1.15274	5.14357	5.12583
-1.78277	1.14223	5.14357	5.12748
-1.7923	1.12975	5.14292	5.12813
-1.78901	1.1373	5.14226	5.12682
-1.7946	1.12942	5.14127	5.1255
-1.79821	1.12548	5.14062	5.12452
-1.80117	1.11759	5.14357	5.1255
-1.8015	1.12022	5.14686	5.12583
-1.80215	1.10708	5.14653	5.12616
-1.80544	1.09985	5.14522	5.1255
-1.80281	1.09788	5.14555	5.12386
-1.80281	1.09821	5.14456	5.12156
-1.8038	1.10412	5.14292	5.1232
-1.80643	1.10215	5.14259	5.1255
-1.8061	1.09985	5.14259	5.1255
-1.8107	1.08835	5.14193	5.12616
-1.82088	1.08572	5.14292	5.1278
-1.82055	1.07981	5.14259	5.12813
-1.81464	1.08507	5.14259	5.1255
-1.81957	1.07981	5.14095	5.12255
-1.82679	1.07718	5.14127	5.12156
-1.82055	1.08408	5.14193	5.12353
-1.82614	1.07291	5.1439	5.12682
-1.82088	1.07981	5.1462	5.12879
-1.81102	1.08966	5.1462	5.1301
-1.81431	1.08572	5.14653	5.12715
-1.82022	1.07784	5.14522	5.12616
-1.81825	1.07619	5.14357	5.12485
-1.81595	1.07849	5.14357	5.12353
-1.82088	1.07587	5.14489	5.12255
-1.82022	1.07455	5.14456	5.12288
-1.81201	1.08112	5.14423	5.12386
-1.813	1.07849	5.1439	5.1255
-1.81891	1.06864	5.1439	5.12649
-1.8199	1.07422	5.14226	5.12616
-1.82121	1.07784	5.14127	5.12616
-1.81365	1.08178	5.14193	5.12518
-1.8038	1.09492	5.14489	5.12518
-1.80544	1.10084	5.14489	5.12583
-1.80905	1.09196	5.14423	5.12583
-1.79887	1.10642	5.1439	5.12616
-1.80018	1.11135	5.14193	5.1255
-1.80051	1.10511	5.14029	5.12353
-1.79887	1.10543	5.14095	5.12288
-1.79	1.10773	5.14423	5.12452
-1.78146	1.12153	5.14752	5.12485
-1.78211	1.12745	5.14752	5.1255
-1.77489	1.1235	5.14456	5.12649
-1.77029	1.12153	5.14226	5.12583
-1.75813	1.13796	5.14193	5.12485
-1.76437	1.14617	5.14226	5.12452
-1.75747	1.14946	5.14226	5.12485
-1.74729	1.16589	5.14292	5.12386
-1.73973	1.17574	5.14292	5.12419
-1.74499	1.17903	5.14226	5.12485
-1.74105	1.17443	5.14259	5.1255
-1.7371	1.17771	5.14259	5.12518
-1.72823	1.18067	5.14522	5.1255
-1.72495	1.18231	5.14456	5.12485
-1.72626	1.18987	5.14259	5.12583
-1.72232	1.19546	5.14357	5.12616
-1.71443	1.20925	5.1439	5.12715
-1.70063	1.21812	5.14325	5.12846
-1.68749	1.23587	5.14292	5.12846
-1.68421	1.24605	5.14226	5.1278
-1.67632	1.24934	5.14292	5.12682
-1.67534	1.24671	5.14259	5.1255
-1.67139	1.24671	5.14259	5.12518
-1.68355	1.23981	5.14423	5.12616
-1.67994	1.24375	5.14456	5.12452
-1.68322	1.24047	5.14226	5.12583
-1.69012	1.23619	5.1416	5.12485
-1.67041	1.26149	5.14325	5.12419
-1.67139	1.26839	5.14357	5.12485
-1.65497	1.28318	5.14292	5.12748
-1.653	1.2812	5.1416	5.12813
-1.64774	1.28055	5.14226	5.12715
-1.64347	1.28022	5.14325	5.12583
-1.6507	1.26938	5.1439	5.12583
-1.64215	1.26806	5.14423	5.1278
-1.63854	1.26149	5.14357	5.12846
-1.63263	1.26642	5.14259	5.12879
-1.6231	1.27956	5.14292	5.12813
-1.63263	1.26379	5.14357	5.12813
-1.62803	1.25722	5.1439	5.12583
-1.62737	1.27003	5.14357	5.12452
-1.63427	1.26609	5.14259	5.12288
-1.63493	1.25788	5.14029	5.12123
-1.64478	1.24605	5.13963	5.12189
-1.64807	1.24408	5.14193	5.12682
-1.66187	1.23981	5.14325	5.12748
-1.66745	1.22864	5.14226	5.12616
-1.67435	1.22634	5.14423	5.1232
-1.68454	1.21418	5.14522	5.12058
-1.69111	1.2063	5.14555	5.12288
-1.69669	1.20268	5.14522	5.1255
-1.70063	1.20597	5.14423	5.12583
-1.70491	1.19217	5.1439	5.12616
-1.71049	1.17147	5.14325	5.1255
-1.71082	1.17607	5.1439	5.12583
-1.73086	1.15734	5.14489	5.12649
-1.74039	1.15767	5.14489	5.12616
-1.74269	1.16654	5.14423	5.1255
-1.74006	1.15899	5.14423	5.12649
-1.74302	1.15274	5.1439	5.12583
-1.74959	1.15045	5.14325	5.12353
-1.75616	1.14946	5.14259	5.1232
-1.77094	1.1373	5.14259	5.12353
-1.77521	1.13336	5.14226	5.12419
-1.77817	1.13402	5.14292	5.1255
-1.77587	1.13008	5.14292	5.12649
-1.77554	1.12843	5.14456	5.12682
-1.78408	1.12219	5.14489	5.1255
-1.78967	1.12712	5.14489	5.12386
-1.79657	1.11332	5.1439	5.1255
-1.7946	1.10248	5.14127	5.12649
-1.79788	1.10346	5.13996	5.12616
-1.79985	1.09426	5.14127	5.12485
-1.79493	1.10149	5.14292	5.12222
-1.8061	1.08737	5.14456	5.1232
-1.81168	1.07291	5.1439	5.12518
-1.81464	1.07258	5.14259	5.12682
-1.81858	1.06305	5.14325	5.12649
-1.82055	1.06174	5.14489	5.12682
-1.81628	1.0647	5.14522	5.12616
-1.82154	1.05418	5.14587	5.12452
-1.82679	1.05845	5.14653	5.12353
-1.81661	1.06108	5.1462	5.12386
-1.81464	1.07094	5.14489	5.12353
-1.81858	1.06601	5.14325	5.1255
-1.80445	1.08178	5.14259	5.12682
-1.7992	1.09328	5.14423	5.12682
-1.80215	1.09164	5.14587	5.12616
-1.80018	1.09065	5.14686	5.12485
-1.79657	1.10314	5.14587	5.12386
-1.79953	1.09755	5.14587	5.12386
-1.79394	1.10314	5.14653	5.12485
-1.79033	1.09722	5.14719	5.12616
-1.78967	1.09624	5.14686	5.12583
-1.7831	1.09492	5.1462	5.12452
-1.7854	1.09558	5.14555	5.1232
-1.7762	1.10872	5.14522	5.12255
-1.7785	1.09919	5.14357	5.12386
-1.77653	1.09624	5.14127	5.12616
-1.77193	1.08802	5.14095	5.12813
-1.77686	1.08474	5.14259	5.12813
-1.78146	1.09854	5.14226	5.12682
-1.78047	1.10149	5.14357	5.12846
-1.78244	1.11628	5.1462	5.12813
-1.77554	1.11956	5.14686	5.12748
-1.77718	1.12055	5.14325	5.1255
-1.76831	1.12679	5.14095	5.1255
-1.7762	1.12022	5.1416	5.12518
-1.78277	1.11562	5.14193	5.1255
-1.78244	1.11923	5.14292	5.12452
-1.78868	1.12153	5.14193	5.12386
-1.7877	1.10938	5.14127	5.12518
-1.78671	1.11825	5.1416	5.12518
-1.7969	1.10445	5.14292	5.12682
-1.79525	1.11201	5.14489	5.12649
-1.79591	1.11069	5.14653	5.12419
-1.80774	1.09426	5.14719	5.12189
-1.81037	1.09394	5.14522	5.12353
-1.81464	1.08868	5.14325	5.12583
-1.80872	1.09656	5.14259	5.12879
-1.81825	1.07882	5.14259	5.12912
-1.81201	1.08835	5.14259	5.12748
-1.81168	1.08605	5.14292	5.12518
-1.80938	1.08145	5.14456	5.12386
-1.8061	1.08868	5.14522	5.12255
-1.80971	1.08408	5.14259	5.12485
-1.8153	1.06995	5.14062	5.12649
-1.81267	1.07258	5.14259	5.1255
-1.80872	1.08539	5.14456	5.12452
-1.81398	1.08342	5.14653	5.12485
-1.81365	1.08474	5.14719	5.12518
-1.8199	1.08047	5.1462	5.1255
-1.82285	1.07915	5.14456	5.12518
-1.82022	1.07849	5.14259	5.12485
-1.81365	1.08342	5.1416	5.12452
-1.81497	1.07849	5.14259	5.12452
-1.8107	1.08671	5.14292	5.1255
-1.80051	1.09492	5.1416	5.12682
-1.80215	1.09394	5.14062	5.12649
-1.80478	1.09032	5.14259	5.1255
-1.80478	1.08474	5.1439	5.1232
-1.80643	1.08441	5.14522	5.12189
-1.80215	1.09328	5.14423	5.1232
-1.80051	1.10281	5.14292	5.12485
-1.79558	1.10149	5.14325	5.12485
-1.78244	1.11299	5.1439	5.12386
-1.79197	1.10675	5.1439	5.12616
-1.7877	1.11201	5.14423	5.12682
-1.78408	1.10281	5.14522	5.12748
-1.78638	1.09229	5.14587	5.12583
-1.78737	1.09065	5.14653	5.12485
-1.78244	1.09394	5.14522	5.12649
-1.78704	1.07357	5.14357	5.12813
-1.78343	1.07192	5.14292	5.12813
-1.78376	1.07225	5.14489	5.12813
-1.78836	1.06864	5.14489	5.12977
-1.7831	1.0578	5.1439	5.1301
-1.78277	1.07849	5.14423	5.12682
-1.78474	1.07225	5.14522	5.12616
-1.79493	1.06141	5.14456	5.12649
-1.79493	1.06667	5.1439	5.12682
-1.78671	1.07619	5.14456	5.1255
-1.79657	1.06371	5.14522	5.12485
-1.79985	1.06667	5.14522	5.1255
-1.79723	1.0716	5.14325	5.12583
-1.80018	1.06962	5.14259	5.12485
-1.80478	1.06535	5.14357	5.12616
-1.81628	1.05418	5.14456	5.12813
-1.82351	1.04597	5.14522	5.12813
-1.82252	1.05287	5.14719	5.12715
-1.81398	1.06601	5.14587	5.12419
-1.81628	1.05812	5.14489	5.12353
-1.81628	1.06075	5.1439	5.12616
-1.81924	1.0647	5.14489	5.12682
-1.8222	1.06371	5.14325	5.12649
-1.82318	1.07784	5.1416	5.12649
-1.83468	1.05878	5.14095	5.12616
-1.83107	1.06108	5.14259	5.12518
-1.83139	1.06305	5.14357	5.12583
-1.82351	1.07619	5.14292	5.12715
-1.81792	1.09229	5.14259	5.1278
-1.81562	1.08966	5.14456	5.12879
-1.81102	1.09492	5.14489	5.12748
-1.81135	1.09164	5.14456	5.12518
-1.8153	1.09032	5.14423	5.12419
-1.81102	1.09591	5.14325	5.12485
-1.80971	1.08999	5.14325	5.12518
-1.80544	1.09886	5.14095	5.12748
-1.81135	1.09164	5.13963	5.12813
-1.81332	1.08539	5.14193	5.12748
-1.82088	1.07488	5.14587	5.12616
-1.82449	1.06141	5.14587	5.12583
-1.82121	1.06141	5.14357	5.12485
-1.81792	1.0647	5.1416	5.12386
-1.81464	1.06798	5.14193	5.12353
-1.81004	1.05878	5.14522	5.12353
-1.81004	1.05681	5.14653	5.12222
-1.80183	1.0624	5.14555	5.12025
-1.81398	1.0601	5.14292	5.12156
-1.80445	1.06995	5.14226	5.12419
-1.80281	1.07127	5.14357	5.1255
-1.78507	1.07849	5.14522	5.12682
-1.78606	1.08079	5.14489	5.12682
-1.79	1.08704	5.1439	5.12649
-1.78408	1.08802	5.14555	5.12583
-1.78606	1.08014	5.14785	5.1255
-1.78507	1.07488	5.14555	5.1255
-1.77948	1.08079	5.1439	5.12583
-1.77489	1.08671	5.1439	5.12419
-1.77259	1.09361	5.14423	5.12222
-1.76503	1.10018	5.14292	5.12156
-1.76273	1.10116	5.14193	5.12189
-1.76437	1.09821	5.14193	5.1232
-1.7693	1.09656	5.1416	5.12288
-1.7739	1.08507	5.14226	5.1232
-1.78047	1.07324	5.14555	5.12255
-1.78113	1.067	5.1462	5.12353
-1.79788	1.06371	5.14653	5.12419
-1.79295	1.08572	5.14456	5.12485
-1.80018	1.08211	5.14292	5.12583
-1.79953	1.07389	5.14226	5.12485
-1.79361	1.07619	5.14325	5.12353
-1.79723	1.06864	5.14423	5.12452
-1.8015	1.05484	5.14423	5.1255
-1.80183	1.067	5.14423	5.12386
-1.80675	1.06272	5.14292	5.12222
-1.80905	1.05155	5.14127	5.12222
-1.81924	1.04663	5.14062	5.12255
-1.81727	1.04334	5.14292	5.1232
-1.80643	1.06371	5.14423	5.12419
-1.80675	1.05977	5.14357	5.1255
-1.81891	1.0417	5.14325	5.12649
-1.81792	1.04268	5.14226	5.12616
-1.83041	1.03381	5.14127	5.12682
-1.83534	1.02757	5.14127	5.12649
-1.83862	1.01739	5.1416	5.12649
-1.84289	1.02691	5.14259	5.12616
-1.83895	1.02856	5.14522	5.12485
-1.83238	1.02823	5.14555	5.12255
-1.83402	1.0302	5.14423	5.12353
-1.83567	1.02691	5.14193	5.1255
-1.84256	1.00753	5.14029	5.12682
-1.84224	1.01016	5.13963	5.12748
-1.84486	1.01443	5.14062	5.12748
-1.83205	1.03118	5.14127	5.12715
-1.83928	1.01969	5.14259	5.12682
-1.83665	1.02166	5.14226	5.12616
-1.83599	1.02987	5.14095	5.12616
-1.84256	1.01673	5.14062	5.12813
-1.83107	1.0164	5.14292	5.12879
-1.82384	1.02626	5.14587	5.12583
-1.82778	1.02429	5.1485	5.12353
-1.82844	1.02461	5.14686	5.12255
-1.83468	1.00162	5.14456	5.12222
-1.83698	0.994388	5.14292	5.12485
-1.82515	1.01049	5.14226	5.12616
-1.8176	1.01706	5.14325	5.12616
-1.81431	1.01771	5.14423	5.12748
-1.81792	1.00589	5.14489	5.12616
-1.82548	1.00457	5.1462	5.12518
-1.813	1.01279	5.14292	5.1255
-1.80511	1.01476	5.13733	5.12715
-1.80183	1.01213	5.137	5.12813
-1.79755	1.01476	5.13963	5.12813
-1.78507	1.02856	5.14259	5.12649
-1.7785	1.03776	5.14423	5.12485
-1.78244	1.04104	5.14423	5.1255
-1.77291	1.04893	5.14325	5.12616
-1.77127	1.04695	5.14127	5.12518
-1.77916	1.04761	5.14325	5.12682
-1.78178	1.03053	5.14587	5.12616
-1.78277	1.03973	5.14653	5.1255
-1.7739	1.05845	5.14653	5.12485
-1.76766	1.06568	5.14522	5.12353
-1.76766	1.07554	5.14522	5.1232
-1.77259	1.06897	5.14522	5.12485
-1.76963	1.07127	5.1439	5.12452
-1.76404	1.08112	5.14292	5.12222
-1.75024	1.08737	5.14325	5.12288
-1.74893	1.10084	5.14259	5.12419
-1.75254	1.10642	5.14062	5.1278
-1.7509	1.11496	5.1393	5.1278
-1.75452	1.11529	5.13865	5.12682
-1.75419	1.11431	5.1416	5.12649
-1.75189	1.11792	5.14357	5.12452
-1.74367	1.11529	5.14423	5.12255
-1.75057	1.11431	5.14489	5.12189
-1.75583	1.10872	5.14653	5.12189
-1.7532	1.11463	5.14555	5.1232
-1.75189	1.12153	5.14423	5.12616
-1.74367	1.13008	5.14423	5.12846
-1.74597	1.13073	5.14423	5.12813
-1.73119	1.14585	5.1439	5.12715
-1.73645	1.13632	5.1439	5.12682
-1.7325	1.1327	5.14325	5.1278
-1.7371	1.1281	5.1439	5.12846
-1.73447	1.13632	5.14489	5.12682
-1.71936	1.15209	5.14587	5.12616
-1.71673	1.14946	5.1439	5.12583
-1.71378	1.14946	5.14325	5.12649
-1.71838	1.1419	5.14292	5.12682
-1.721	1.13599	5.14357	5.12879
-1.71115	1.14256	5.14226	5.1301
-1.70622	1.1488	5.14193	5.12977
-1.70918	1.14913	5.14325	5.12649
-1.71345	1.13829	5.14325	5.1232
-1.69998	1.14453	5.14127	5.12222
-1.69965	1.12909	5.13996	5.12386
-1.69636	1.11398	5.14062	5.12715
-1.69998	1.09886	5.14259	5.12879
-1.68979	1.10412	5.14456	5.12583
-1.68914	1.10346	5.14456	5.12255
-1.69308	1.09656	5.14357	5.12222
-1.68815	1.10905	5.14127	5.12353
-1.67567	1.10741	5.13963	5.12452
-1.67961	1.10051	5.13963	5.12485
-1.68979	1.08901	5.14062	5.12715
-1.69209	1.08934	5.14456	5.12715
-1.69998	1.08737	5.14752	5.12649
-1.71148	1.07587	5.14785	5.12616
-1.72265	1.06042	5.14522	5.12583
-1.71509	1.05451	5.14226	5.1255
-1.72199	1.05287	5.13897	5.12583
-1.72692	1.05385	5.137	5.12715
-1.73447	1.0486	5.13865	5.12682
-1.73415	1.03841	5.14259	5.12485
-1.73842	1.04728	5.14456	5.12288
-1.74433	1.03841	5.14456	5.12255
-1.75024	1.0394	5.14325	5.12353
-1.75912	1.03743	5.1439	5.12682
-1.77916	1.02921	5.14357	5.12748
-1.77686	1.03118	5.14325	5.12715
-1.78014	1.02297	5.14653	5.12452
-1.78737	1.0072	5.14785	5.12353
-1.79197	0.99833	5.14587	5.12452
-1.77653	1.00227	5.14325	5.12715
-1.77686	1.01279	5.14193	5.12748
-1.7785	1.02987	5.14259	5.1278
-1.78606	1.02461	5.14325	5.12715
-1.78178	1.02429	5.14489	5.12682
-1.78178	1.02133	5.14555	5.12649
-1.78638	1.021	5.14325	5.12715
-1.78803	1.0187	5.14095	5.12715
-1.78474	1.0095	5.14127	5.12616
-1.80018	1.00359	5.1416	5.12649
-1.80511	1.00457	5.14292	5.12616
-1.81168	0.997345	5.1439	5.12649
-1.82417	0.99833	5.14325	5.12583
-1.82154	0.992088	5.14226	5.12715
-1.82679	0.966133	5.14127	5.12813
-1.82318	0.97139	5.13832	5.12879
-1.81595	0.978618	5.1393	5.12945
-1.81464	0.986831	5.14325	5.12945
-1.81661	0.987817	5.1439	5.12945
-1.81365	0.988474	5.14522	5.12879
-1.81201	0.994716	5.1439	5.12846
-1.80708	0.997673	5.14325	5.12912
-1.80478	0.991102	5.1439	5.12813
-1.80577	0.995045	5.14555	5.12485
-1.79953	0.990117	5.1462	5.12353
-1.80084	0.981246	5.14489	5.12419
-1.79788	0.976647	5.1439	5.1255
-1.78934	0.988474	5.14325	5.12682
-1.79197	0.979932	5.14259	5.12846
-1.79263	0.98026	5.14325	5.12846
-1.78901	0.997673	5.14259	5.1278
-1.79164	1.00786	5.14226	5.12682
-1.78606	1.021	5.14357	5.12583
-1.78047	1.02921	5.14522	5.1255
-1.78408	1.0394	5.14587	5.1255
-1.77587	1.03907	5.14489	5.1255
-1.767	1.03151	5.14325	5.12616
-1.77357	1.02823	5.14325	5.12583
-1.77061	1.03447	5.14587	5.12485
-1.76437	1.03053	5.14653	5.12518
-1.75452	1.03546	5.14522	5.12583
-1.7532	1.0371	5.14259	5.12748
-1.7624	1.03841	5.14325	5.12912
-1.75944	1.04203	5.14456	5.12748
-1.75254	1.05057	5.14522	5.12616
-1.75189	1.0509	5.14522	5.12518
-1.7532	1.05648	5.14456	5.1232
-1.7417	1.06831	5.14325	5.12189
-1.74466	1.06634	5.14029	5.12255
-1.75386	1.06732	5.13996	5.12288
-1.75156	1.0647	5.14127	5.12518
-1.75123	1.08145	5.14325	5.12649
-1.75879	1.07324	5.1462	5.12682
-1.74663	1.09624	5.14785	5.12616
-1.75682	1.08244	5.14587	5.12715
-1.76831	1.07718	5.14259	5.12813
-1.77061	1.07521	5.14127	5.12945
-1.77029	1.07127	5.14193	5.12846
-1.77193	1.07094	5.14193	5.1278
-1.76174	1.07718	5.14325	5.12715
-1.75879	1.08178	5.14357	5.12583
-1.74236	1.09229	5.14226	5.1255
-1.73513	1.10971	5.14259	5.12682
-1.73415	1.09755	5.14357	5.1278
-1.73842	1.09492	5.1439	5.12715
-1.74203	1.09262	5.14325	5.12616
-1.74762	1.09361	5.14226	5.12452
-1.74105	1.09361	5.14226	5.12288
-1.74926	1.07981	5.1416	5.12288
-1.74959	1.07225	5.14226	5.12518
-1.7463	1.07718	5.14522	5.12616
-1.73907	1.08901	5.14555	5.12485
-1.73086	1.08737	5.1462	5.12452
-1.72528	1.09459	5.14587	5.12485
-1.71739	1.10971	5.14555	5.12583
-1.71772	1.10938	5.1439	5.12583
-1.70622	1.12088	5.14127	5.12485
-1.70688	1.11693	5.1416	5.12419
-1.69834	1.12318	5.14325	5.12485
-1.69538	1.11956	5.1439	5.12518
-1.68125	1.13073	5.14193	5.12583
-1.68388	1.13303	5.14226	5.12452
-1.67238	1.14092	5.14325	5.12518
-1.67402	1.15012	5.14226	5.12748
-1.67435	1.1465	5.14325	5.12846
-1.67731	1.15767	5.14423	5.12715
-1.68289	1.14749	5.14325	5.12583
-1.66417	1.15767	5.14259	5.12452
-1.66252	1.14617	5.14226	5.12386
-1.65168	1.14913	5.1416	5.12518
-1.64281	1.15767	5.14193	5.12748
-1.6438	1.17377	5.14325	5.12813
-1.65135	1.1649	5.14325	5.12748
-1.65792	1.16162	5.14325	5.1255
-1.66811	1.14617	5.14259	5.12452
-1.66581	1.16129	5.14095	5.12485
-1.67534	1.14617	5.14062	5.12583
-1.67698	1.14387	5.1416	5.12583
-1.67928	1.14617	5.14357	5.12518
-1.68388	1.1442	5.14423	5.1232
-1.67632	1.14782	5.14489	5.12518
-1.67632	1.1649	5.1439	5.1255
-1.67665	1.17147	5.1416	5.12386
-1.66351	1.19217	5.1416	5.12189
-1.66318	1.19381	5.1416	5.12189
-1.65891	1.19513	5.14226	5.12353
-1.64774	1.2017	5.14423	5.12846
-1.65727	1.19874	5.14456	5.13043
-1.6507	1.20038	5.14292	5.12945
-1.65004	1.20071	5.13996	5.1278
-1.65365	1.19874	5.13996	5.12715
-1.65891	1.19907	5.14127	5.12649
-1.6507	1.20334	5.14095	5.12616
-1.6461	1.1948	5.14029	5.1255
-1.6484	1.20761	5.1416	5.12452
-1.63887	1.21747	5.14095	5.1255
-1.64741	1.21845	5.14226	5.1255
-1.64248	1.21878	5.1416	5.12452
-1.65037	1.2224	5.14095	5.12353
-1.65267	1.21977	5.14325	5.1232
-1.64807	1.22995	5.14456	5.1232
-1.65398	1.2201	5.14423	5.12518
-1.65135	1.2132	5.14357	5.12649
-1.65792	1.20071	5.14292	5.12715
-1.64544	1.21057	5.14259	5.12748
-1.6553	1.20761	5.14292	5.12649
-1.64807	1.2109	5.1439	5.12485
-1.64774	1.20597	5.14587	5.12518
-1.65628	1.20433	5.14555	5.12649
-1.64511	1.2155	5.14357	5.1278
-1.64117	1.21944	5.14127	5.12945
-1.6369	1.22371	5.13963	5.13043
-1.63033	1.23784	5.14193	5.13043
-1.61521	1.26051	5.14325	5.12879
-1.62901	1.26248	5.1439	5.12649
-1.63493	1.24309	5.14357	5.12518
-1.6254	1.25426	5.14259	5.12748
-1.62573	1.26182	5.14193	5.12912
-1.62376	1.26116	5.14259	5.12748
-1.6208	1.25591	5.14259	5.12682
-1.62047	1.26182	5.14226	5.12518
-1.62211	1.26346	5.14127	5.12583
-1.61916	1.25919	5.13996	5.1255
-1.62277	1.26576	5.13897	5.12583
-1.63591	1.25295	5.14029	5.12846
-1.64741	1.24145	5.14226	5.12945
-1.65891	1.22732	5.14522	5.12813
-1.65332	1.23882	5.14522	5.12518
-1.64774	1.24605	5.1439	5.12452
-1.65103	1.24605	5.14325	5.1255
-1.65497	1.24671	5.14423	5.12748
-1.6484	1.24014	5.14193	5.12846
-1.64577	1.24112	5.14193	5.12715
-1.65825	1.23751	5.1439	5.1255
-1.66022	1.23061	5.1462	5.12255
-1.66548	1.22404	5.14686	5.12123
-1.67337	1.21615	5.14653	5.12353
-1.66581	1.22667	5.14456	5.12715
-1.67205	1.21845	5.14226	5.12748
-1.67567	1.21911	5.14226	5.1255
-1.67074	1.22174	5.14325	5.12386
-1.66942	1.22042	5.14259	5.12255
-1.67402	1.22404	5.14292	5.12452
-1.67172	1.22305	5.14062	5.12649
-1.66318	1.22535	5.13799	5.12682
-1.67501	1.21188	5.13766	5.1255
-1.69242	1.20005	5.14029	5.12452
-1.69735	1.1925	5.14292	5.12288
-1.69932	1.19184	5.14357	5.1232
-1.70162	1.19644	5.14292	5.1255
-1.71378	1.19086	5.14456	5.12616
-1.71345	1.19513	5.14423	5.12912
-1.70655	1.19907	5.14193	5.12945
-1.71509	1.19086	5.1416	5.12682
-1.71246	1.19381	5.14423	5.12616
-1.69998	1.204	5.14653	5.12616
-1.70326	1.20301	5.14653	5.12682
-1.69998	1.20663	5.14423	5.12715
-1.70523	1.19907	5.14259	5.12715
-1.71476	1.20005	5.14226	5.12715
-1.7164	1.2017	5.14456	5.12616
-1.72166	1.18724	5.1462	5.12616
-1.72626	1.1879	5.14555	5.12518
-1.72692	1.18823	5.14325	5.12485
-1.71969	1.18888	5.1416	5.1255
-1.72856	1.17837	5.14226	5.12682
-1.72528	1.19053	5.14423	5.12945
-1.73316	1.18297	5.14653	5.13043
-1.73349	1.17541	5.14555	5.1278
-1.73382	1.17706	5.14259	5.12419
-1.73776	1.17147	5.1416	5.12386
-1.75123	1.15702	5.14193	5.12452
-1.75649	1.14847	5.14226	5.12386
-1.75682	1.14815	5.14423	5.12353
-1.76273	1.1511	5.14456	5.12353
-1.76831	1.15274	5.1439	5.1232
-1.75649	1.16424	5.14193	5.12255
-1.75222	1.17344	5.14226	5.12419
-1.7624	1.15899	5.14456	5.12616
-1.76634	1.14092	5.14555	5.12682
-1.76339	1.15242	5.14456	5.12485
-1.77127	1.13533	5.14325	5.12419
-1.77883	1.12515	5.14226	5.12419
-1.78014	1.11858	5.1416	5.12616
-1.7739	1.13303	5.1393	5.12715
-1.77029	1.14092	5.13865	5.12682
-1.76864	1.14617	5.13996	5.1255
-1.77029	1.1465	5.14193	5.12518
-1.76371	1.15702	5.14489	5.12583
-1.76536	1.15472	5.14489	5.12583
-1.7509	1.1649	5.14489	5.12583
-1.74696	1.16589	5.14357	5.12518
-1.74696	1.16917	5.14325	5.12419
-1.75879	1.16227	5.14423	5.12419
-1.7601	1.14815	5.14522	5.12452
-1.75879	1.15504	5.14719	5.12353
-1.75222	1.15932	5.14653	5.12353
-1.74893	1.1672	5.14456	5.12583
-1.74006	1.17509	5.14325	5.1278
-1.74137	1.1741	5.14325	5.1278
-1.74367	1.17114	5.14325	5.12748
-1.74466	1.16983	5.14522	5.12846
-1.73973	1.17476	5.14522	5.12813
-1.72889	1.17114	5.14522	5.12748
-1.73677	1.15997	5.1439	5.12748
-1.73842	1.15077	5.13996	5.12649
-1.74564	1.15472	5.13832	5.12485
-1.75813	1.14585	5.14062	5.12353
-1.75484	1.1534	5.14456	5.12222
-1.74794	1.16129	5.14423	5.12288
-1.7348	1.1741	5.14292	5.12353
-1.7371	1.17377	5.14259	5.12583
-1.73842	1.17279	5.14226	5.12715
-1.73513	1.181	5.14423	5.12715
-1.73809	1.18067	5.1439	5.12583
-1.72823	1.19053	5.14587	5.12452
-1.72758	1.18856	5.14653	5.12452
-1.72593	1.18954	5.14653	5.1255
-1.72068	1.20005	5.14587	5.12616
-1.71016	1.20695	5.1439	5.12649
-1.69998	1.21747	5.14226	5.12583
-1.69834	1.21812	5.14193	5.1255
-1.68716	1.22897	5.14226	5.12583
-1.68289	1.23948	5.14292	5.12518
-1.68618	1.24507	5.14325	5.12485
-1.66285	1.26576	5.1439	5.12485
-1.65234	1.27759	5.14292	5.12386
-1.64905	1.28285	5.14226	5.12419
-1.6484	1.28153	5.14259	5.12583
-1.65398	1.27759	5.14292	5.12485
-1.63723	1.28515	5.14423	5.12518
-1.64215	1.2858	5.14259	5.12583
-1.6369	1.27923	5.14193	5.1255
-1.63723	1.28055	5.14127	5.12583
-1.63558	1.28022	5.1416	5.12616
-1.62901	1.28252	5.1439	5.12682
-1.62277	1.28088	5.14555	5.12485
-1.63624	1.27135	5.1462	5.12288
-1.63756	1.27431	5.14522	5.12189
-1.64314	1.26248	5.14292	5.1232
-1.64774	1.25525	5.14292	5.12616
-1.6461	1.25558	5.14423	5.12715
-1.6484	1.25656	5.14522	5.12682
-1.6553	1.25295	5.14489	5.12616
-1.6553	1.24999	5.14292	5.12419
-1.65365	1.24079	5.14095	5.1232
-1.65201	1.23685	5.1393	5.12353
-1.66318	1.21911	5.14127	5.12353
-1.66811	1.22108	5.14357	5.12485
-1.65858	1.22864	5.14292	5.12485
-1.66745	1.2178	5.14193	5.12386
-1.67337	1.20893	5.14259	5.12518
-1.67829	1.20334	5.14226	5.12682
-1.67797	1.19874	5.1416	5.12846
-1.68552	1.19874	5.1416	5.12846
-1.68027	1.19841	5.14259	5.12649
-1.68519	1.19086	5.14456	5.12485
-1.68191	1.19184	5.14489	5.12353
-1.68059	1.1925	5.14357	5.1255
-1.67402	1.19808	5.14193	5.12616
-1.66811	1.19874	5.14127	5.12649
-1.68125	1.18199	5.14292	5.12583
-1.68716	1.18757	5.1416	5.12616
-1.67304	1.19611	5.1416	5.1255
-1.68059	1.19151	5.14259	5.12616
-1.67041	1.21615	5.14357	5.12715
-1.67665	1.20794	5.1439	5.12879
-1.67567	1.2109	5.1439	5.12846
-1.66351	1.23718	5.14325	5.12616
-1.65267	1.23784	5.14423	5.12518
-1.6484	1.24014	5.14423	5.12616
-1.65103	1.23817	5.14062	5.12846
-1.64051	1.25361	5.13667	5.12813
-1.6438	1.24769	5.13733	5.12649
-1.64905	1.24309	5.14029	5.12649
-1.65694	1.23192	5.14357	5.12715
-1.64643	1.23357	5.14489	5.12682
-1.65201	1.23718	5.1439	5.12452
-1.6484	1.23751	5.14292	5.12353
-1.6461	1.227	5.14193	5.12518
-1.6461	1.22568	5.14292	5.12715
-1.65858	1.2109	5.14325	5.12715
-1.66252	1.20137	5.14193	5.1278
-1.66515	1.2063	5.14193	5.12715
-1.67074	1.20728	5.14226	5.12583
-1.68059	1.204	5.14226	5.12452
-1.68191	1.19907	5.14226	5.12419
-1.68289	1.19743	5.14193	5.1255
-1.68979	1.18593	5.14292	5.12715
-1.69965	1.18691	5.14259	5.12879
-1.69899	1.19118	5.14357	5.1278
-1.69702	1.18954	5.14292	5.12649
-1.70819	1.18658	5.14193	5.12715
-1.71805	1.17443	5.14259	5.12846
-1.72265	1.17311	5.14259	5.12977
-1.73645	1.15833	5.1439	5.12977
-1.74137	1.14552	5.14456	5.12748
-1.7394	1.15373	5.14456	5.12682
-1.74499	1.15242	5.14587	5.12583
-1.75747	1.14059	5.1462	5.12386
-1.76864	1.12745	5.14587	5.12255
-1.76996	1.1396	5.14456	5.1232
-1.76897	1.13566	5.14423	5.12353
-1.77587	1.12219	5.14489	5.12518
-1.78244	1.10971	5.14555	5.12452
-1.78967	1.10741	5.14653	5.12353
-1.77751	1.11825	5.14423	5.12583
-1.78704	1.10215	5.14226	5.12715
-1.79887	1.10215	5.14095	5.12748
-1.81332	1.07948	5.14325	5.12748
-1.82121	1.0716	5.14489	5.12583
-1.82482	1.07389	5.14719	5.12518
-1.82187	1.07915	5.14752	5.12649
-1.81727	1.07882	5.14653	5.12715
-1.81332	1.08079	5.14325	5.12813
-1.82285	1.08474	5.13996	5.12945
-1.81727	1.08737	5.13897	5.12813
-1.813	1.09558	5.14226	5.12682
-1.80445	1.09788	5.14522	5.12682
-1.80938	1.08178	5.14587	5.12616
-1.80511	1.08671	5.14555	5.12682
-1.80741	1.07718	5.14357	5.12912
-1.80938	1.07849	5.14226	5.1278
-1.81562	1.07258	5.14357	5.1255
-1.81891	1.06042	5.14653	5.12485
-1.82121	1.04663	5.14719	5.12452
-1.82022	1.04663	5.14719	5.12518
-1.80413	1.0532	5.1462	5.12715
-1.80905	1.04663	5.14357	5.12715
-1.81332	1.04827	5.14357	5.1278
-1.81267	1.04268	5.14522	5.1278
-1.80413	1.05057	5.14423	5.12452
-1.79657	1.06601	5.14193	5.12452
-1.79657	1.07817	5.14029	5.12649
-1.7969	1.08539	5.1393	5.1278
-1.80577	1.07817	5.13963	5.12945
-1.79591	1.08211	5.14127	5.13043
-1.79558	1.08737	5.14357	5.12945
-1.78507	1.09821	5.14456	5.12813
-1.78507	1.08671	5.1462	5.12649
-1.79493	1.07389	5.14686	5.12518
-1.78507	1.09624	5.14489	5.12419
-1.77981	1.11069	5.14292	5.12485
-1.77883	1.10609	5.14292	5.1255
-1.77291	1.11693	5.14423	5.12715
-1.78737	1.10773	5.14522	5.12649
-1.78868	1.10248	5.14456	5.12485
-1.79985	1.08474	5.14357	5.12649
-1.80938	1.07258	5.14259	5.12748
-1.81267	1.08079	5.14259	5.12649
-1.81727	1.08014	5.14456	5.12518
-1.8107	1.08704	5.14555	5.12452
-1.80971	1.09098	5.1462	5.12518
-1.8222	1.08211	5.14522	5.12583
-1.82844	1.07619	5.14226	5.12616
-1.83107	1.06174	5.14259	5.12452
-1.83369	1.05944	5.14226	5.1232
-1.83862	1.05451	5.14489	5.1232
-1.83238	1.06108	5.14686	5.12353
-1.82811	1.06108	5.14686	5.12386
-1.82548	1.06667	5.1439	5.12353
-1.82384	1.06831	5.14127	5.12419
-1.82384	1.07324	5.13996	5.12682
-1.81957	1.08441	5.1416	5.12715
-1.80347	1.09131	5.14292	5.1255
-1.80643	1.08901	5.14489	5.12419
-1.79197	1.10116	5.14522	5.12288
-1.7946	1.10182	5.14325	5.12386
-1.80051	1.09788	5.14127	5.12649
-1.80807	1.09098	5.14292	5.12748
-1.79723	1.09131	5.14325	5.12682
-1.77554	1.10215	5.14127	5.12485
-1.77061	1.09394	5.1416	5.12353
-1.76831	1.08737	5.14292	5.12189
-1.77324	1.08901	5.14259	5.12255
-1.76864	1.08441	5.14292	5.12386
-1.7601	1.09065	5.14095	5.12616
-1.75024	1.08737	5.1416	5.12715
-1.74532	1.09788	5.14357	5.1255
-1.75386	1.07554	5.14653	5.12386
-1.75944	1.06634	5.14752	5.12255
-1.75977	1.06864	5.14719	5.12353
-1.74105	1.06995	5.14522	5.1255
-1.744	1.07028	5.14259	5.12485
-1.744	1.08572	5.14259	5.12419
-1.73579	1.08999	5.14325	5.12386
-1.73776	1.10182	5.14423	5.12222
-1.73842	1.10018	5.1439	5.12386
-1.73447	1.09755	5.14226	5.12649
-1.73316	1.09525	5.14226	5.12977
-1.74105	1.08342	5.14292	5.1278
-1.73217	1.09032	5.14489	5.12682
-1.7187	1.11463	5.14522	5.12649
-1.7187	1.12022	5.14587	5.12485
-1.7233	1.1304	5.14423	5.12222
-1.71739	1.1327	5.14357	5.12255
-1.73283	1.12745	5.14226	5.12452
-1.74532	1.11693	5.14095	5.12518
-1.74827	1.12022	5.14259	5.12452
-1.75747	1.11299	5.14456	5.12386
-1.7624	1.10839	5.14555	5.1232
-1.75386	1.11792	5.14357	5.1232
-1.75616	1.12515	5.14127	5.12485
-1.76306	1.11595	5.14127	5.12977
-1.77226	1.09854	5.14357	5.1301
-1.77718	1.09361	5.1462	5.12912
-1.77784	1.10642	5.14555	5.12813
-1.7785	1.09722	5.14193	5.1278
-1.79066	1.09624	5.14062	5.12748
-1.79394	1.07357	5.14095	5.12649
-1.79755	1.07127	5.14127	5.12682
-1.79295	1.0624	5.14062	5.12616
-1.79525	1.05878	5.14226	5.12485
-1.79263	1.04334	5.14259	5.12386
-1.79197	1.04367	5.14259	5.12616
-1.80971	1.00983	5.1416	5.12649
-1.81595	1.00392	5.14226	5.12649
-1.82088	0.997345	5.14127	5.12649
-1.82351	0.998002	5.14095	5.12649
-1.82285	1.00293	5.14292	5.12616
-1.81727	1.00753	5.1439	5.12583
-1.82088	1.00227	5.14292	5.12583
-1.81201	1.00424	5.14193	5.12583
-1.81267	0.996688	5.14029	5.12748
-1.82088	0.973033	5.14127	5.12715
-1.82647	0.975661	5.14292	5.1255
-1.82252	0.989131	5.14555	5.12419
-1.8199	0.993731	5.14752	5.12288
-1.81628	0.988474	5.14587	5.12222
-1.80872	0.983546	5.14259	5.12386
-1.8061	0.987817	5.14062	5.12452
-1.80643	0.967447	5.14127	5.12255
-1.81924	0.946421	5.14259	5.12222
-1.813	0.958248	5.1439	5.12419
-1.80347	0.956934	5.14587	5.1255
-1.80413	0.957263	5.14423	5.12748
-1.80051	0.966462	5.14226	5.12748
-1.80544	0.961862	5.14259	5.12583
-1.80938	0.955948	5.1439	5.12518
-1.80117	0.961862	5.14522	5.12583
-1.8038	0.952992	5.1462	5.12583
-1.79887	0.959562	5.14522	5.12485
-1.8038	0.970733	5.14522	5.12485
-1.80511	0.973033	5.14522	5.12583
-1.80741	0.998659	5.1439	5.12649
-1.80445	0.990445	5.14292	5.12715
-1.79591	0.998987	5.14456	5.12649
-1.79	1.00063	5.1462	5.12353
-1.78573	1.01246	5.14489	5.12353
-1.79033	1.00523	5.1439	5.12386
-1.79	1.02067	5.14226	5.1255
-1.79558	1.01246	5.14292	5.12649
-1.7946	0.995373	5.14587	5.12748
-1.79263	0.99603	5.14785	5.12846
-1.79131	0.99603	5.14489	5.12682
-1.81102	0.984532	5.14292	5.12583
-1.82515	0.979932	5.14193	5.12485
-1.82515	0.979603	5.14226	5.1255
-1.82581	0.982889	5.1439	5.12715
-1.81825	0.994059	5.14489	5.12846
-1.81727	1.0095	5.1439	5.12682
-1.82187	1.00556	5.14226	5.12682
-1.81891	1.0026	5.1416	5.12616
-1.81628	1.01213	5.14193	5.12583
-1.81957	1.0371	5.14226	5.12649
-1.81825	1.0371	5.1439	5.12748
-1.8176	1.04038	5.14456	5.12649
-1.81431	1.04893	5.14522	5.12485
-1.81332	1.04597	5.14456	5.12485
-1.8061	1.04663	5.14423	5.12616
-1.8176	1.03546	5.14489	5.12649
-1.81957	1.02724	5.14259	5.12583
-1.80872	1.03184	5.14259	5.12518
-1.81628	1.0348	5.14325	5.12485
-1.813	1.0371	5.14423	5.12583
-1.81628	1.03874	5.14456	5.12616
-1.81168	1.03907	5.14325	5.12649
-1.8084	1.04038	5.1439	5.12649
-1.80248	1.04663	5.14226	5.12583
-1.78967	1.05812	5.14127	5.12616
-1.7877	1.04893	5.14127	5.1255
-1.78146	1.05615	5.14259	5.12485
-1.77948	1.0601	5.1439	5.12419
-1.77653	1.04465	5.14423	5.12583
-1.78408	1.04235	5.14423	5.12649
-1.77718	1.04761	5.14357	5.12616
-1.76634	1.05845	5.1439	5.1255
-1.7601	1.05484	5.14423	5.12452
-1.75649	1.05451	5.14555	5.12353
-1.76109	1.05911	5.14653	5.12353
-1.75484	1.04958	5.14522	5.12583
-1.75484	1.05385	5.14259	5.12879
-1.75846	1.05747	5.14259	5.12846
-1.75846	1.0555	5.14489	5.12616
-1.74597	1.05747	5.14555	5.12255
-1.75024	1.05484	5.14653	5.1209
-1.75386	1.05944	5.1462	5.12123
-1.74696	1.05353	5.14653	5.12452
-1.74072	1.06042	5.14292	5.12682
-1.7463	1.05944	5.14062	5.12682
-1.7394	1.06174	5.14127	5.1255
-1.74006	1.06634	5.14456	5.12452
-1.75353	1.05451	5.14587	5.1255
-1.75484	1.05977	5.14522	5.12616
-1.76404	1.05385	5.14292	5.12485
-1.75649	1.05714	5.14292	5.12485
-1.767	1.05385	5.14325	5.12583
-1.77259	1.05188	5.14489	5.1255
-1.78277	1.03973	5.14555	5.12452
-1.78704	1.02888	5.14522	5.12485
-1.78934	1.04334	5.14325	5.12518
-1.77981	1.04663	5.1416	5.1255
-1.78178	1.04958	5.14127	5.1255
-1.78507	1.04663	5.14423	5.12485
-1.79591	1.04695	5.1462	5.12616
-1.79755	1.05517	5.14719	5.1255
-1.80347	1.05911	5.1462	5.1255
-1.8153	1.0509	5.14489	5.12682
-1.81168	1.04531	5.14259	5.12715
-1.80971	1.0486	5.1416	5.1255
-1.81595	1.044	5.14226	5.12419
-1.82088	1.03381	5.14522	5.12452
-1.83074	1.03283	5.14653	5.12518
-1.83139	1.03118	5.14653	5.12682
-1.84454	1.02757	5.14456	5.12715
-1.84684	1.02626	5.14226	5.1278
-1.84125	1.03841	5.14127	5.12748
-1.84651	1.03808	5.14193	5.12616
-1.84388	1.02888	5.14226	5.12386
-1.83665	1.044	5.14259	5.12353
-1.83862	1.04268	5.14325	5.12485
-1.84125	1.03348	5.14292	5.12682
-1.84289	1.02264	5.14259	5.12813
-1.84651	1.0302	5.14292	5.12682
-1.84454	1.0302	5.14226	5.12485
-1.83567	1.03184	5.14489	5.12485
-1.83928	1.03776	5.14587	5.12419
-1.83895	1.04006	5.14489	5.12255
-1.82154	1.0486	5.1439	5.12156
-1.82581	1.03578	5.14259	5.12353
-1.82909	1.0348	5.1416	5.12715
-1.82647	1.03184	5.14325	5.1301
-1.8199	1.04006	5.1439	5.12879
-1.81431	1.04433	5.14456	5.12715
-1.80938	1.04893	5.14522	5.12583
-1.79953	1.05188	5.14555	5.12616
-1.78836	1.07291	5.14456	5.12912
-1.78474	1.07587	5.1439	5.12977
-1.7831	1.07324	5.1439	5.12616
-1.78704	1.0647	5.1439	5.1232
-1.77259	1.07521	5.14259	5.12222
-1.76569	1.07652	5.14193	5.12255
-1.76864	1.07751	5.14226	5.12583
-1.77489	1.08507	5.1416	5.12715
-1.78737	1.07225	5.14127	5.12682
-1.77456	1.07488	5.14127	5.12682
-1.77718	1.07652	5.14226	5.12583
-1.76766	1.08145	5.14226	5.12452
-1.77587	1.07915	5.14062	5.12518
-1.77456	1.08047	5.14029	5.1255
-1.77456	1.08408	5.14062	5.12616
-1.77357	1.09131	5.14259	5.12616
-1.76601	1.09098	5.14325	5.12682
-1.78211	1.07948	5.14292	5.1255
-1.79066	1.07652	5.14259	5.12583
-1.79066	1.09098	5.14325	5.1255
-1.79263	1.08178	5.14292	5.12485
-1.79427	1.08309	5.14193	5.12518
-1.78507	1.09131	5.14226	5.12353
-1.78178	1.08605	5.14292	5.12419
-1.79131	1.07915	5.14259	5.1255
-1.80183	1.06108	5.14292	5.12715
-1.79821	1.06141	5.14226	5.12715
-1.79788	1.05353	5.14127	5.12715
-1.80413	1.04268	5.14127	5.1278
-1.80084	1.04958	5.14259	5.12813
-1.80281	1.05353	5.14423	5.12682
-1.80741	1.04761	5.14456	5.12485
-1.80905	1.04827	5.14423	5.1232
-1.80971	1.04006	5.14226	5.12386
-1.82318	1.03578	5.14193	5.12485
-1.83139	1.03808	5.14292	5.12616
-1.82778	1.04137	5.1439	5.12682
-1.83139	1.04531	5.14653	5.12682
-1.83764	1.04301	5.14686	5.12682
-1.83764	1.05484	5.14489	5.1278
-1.84749	1.04827	5.14226	5.12813
-1.84585	1.04301	5.14259	5.12945
-1.84388	1.04498	5.14423	5.12649
-1.84486	1.04597	5.14456	5.1232
-1.83599	1.04794	5.1439	5.12288
-1.83402	1.03546	5.14325	5.12452
-1.83862	1.02724	5.14357	5.1255
-1.84158	1.01969	5.14292	5.12649
-1.83041	1.01969	5.14292	5.1278
-1.82679	1.0233	5.14456	5.12813
-1.82844	1.021	5.14686	5.1278
-1.81727	1.02297	5.14653	5.12616
-1.81858	1.00884	5.14522	5.12419
-1.80938	0.996688	5.14292	5.12419
-1.80774	1.00063	5.1416	5.1255
-1.80051	1.0049	5.14325	5.12715
-1.80051	1.00293	5.14489	5.12748
-1.78868	1.00424	5.14587	5.12649
-1.78901	1.00096	5.14587	5.12583
-1.79197	0.998002	5.14292	5.1255
-1.7762	1.01081	5.14325	5.12518
-1.77029	1.01673	5.1439	5.12583
-1.76141	1.021	5.14292	5.12715
-1.75747	1.0256	5.14423	5.12682
-1.74269	1.03644	5.14686	5.12649
-1.75024	1.0279	5.14817	5.12682
-1.74663	1.04137	5.1462	5.12715
-1.74499	1.04794	5.14357	5.12616
-1.7463	1.05418	5.14325	5.12616
-1.72396	1.06272	5.14357	5.12748
-1.72495	1.07422	5.14357	5.1278
-1.72823	1.07094	5.14226	5.12846
-1.7233	1.08474	5.14226	5.12748
-1.72955	1.08474	5.14325	5.12748
-1.73217	1.08014	5.14226	5.1278
-1.73415	1.08507	5.1416	5.12748
-1.74105	1.08145	5.1416	5.12583
-1.74827	1.08211	5.1416	5.12583
-1.74302	1.08966	5.14127	5.12616
-1.7279	1.10872	5.14193	5.12649
-1.74105	1.10215	5.14292	5.12682
-1.75517	1.09098	5.14292	5.12813
-1.75484	1.10018	5.14259	5.12912
-1.74729	1.10806	5.14357	5.12649
-1.76404	1.09854	5.14555	5.12485
-1.77423	1.08342	5.14522	5.12386
-1.78277	1.08769	5.14489	5.12518
-1.78178	1.08277	5.14489	5.12616
-1.79558	1.06667	5.14259	5.12715
-1.78704	1.07751	5.14325	5.1278
-1.78376	1.08145	5.14423	5.1278
-1.78244	1.08342	5.14489	5.12879
-1.7785	1.08145	5.1439	5.12813
-1.78113	1.09591	5.14423	5.12583
-1.77357	1.09821	5.14522	5.12452
-1.76733	1.09558	5.14456	5.12518
-1.76799	1.09459	5.14292	5.12583
-1.75747	1.09821	5.14193	5.12649
-1.74827	1.10708	5.14259	5.12518
-1.74926	1.11069	5.14259	5.12386
-1.74269	1.11332	5.14095	5.1232
-1.75057	1.10543	5.13865	5.12485
-1.74072	1.11299	5.13897	5.12715
-1.74729	1.12022	5.14062	5.1278
-1.75583	1.10346	5.14259	5.12748
-1.75944	1.09394	5.1439	5.1278
-1.7532	1.08966	5.14226	5.12748
-1.75682	1.08145	5.14095	5.12682
-1.7601	1.07291	5.14062	5.1278
-1.75846	1.08244	5.13963	5.12879
-1.76174	1.07192	5.13897	5.12583
-1.74532	1.09361	5.13996	5.12452
-1.73875	1.10084	5.14325	5.12452
-1.72988	1.10346	5.1439	5.12616
-1.73086	1.10675	5.14423	5.12649
-1.72659	1.10412	5.14489	5.12583
-1.72856	1.10149	5.14325	5.12353
-1.72922	1.08277	5.14127	5.12386
-1.74006	1.07652	5.14325	5.12616
-1.73743	1.07915	5.14555	5.12649
-1.75583	1.06601	5.14587	5.12485
-1.76536	1.06042	5.14456	5.12288
-1.75649	1.07718	5.1439	5.12222
-1.75747	1.06667	5.14357	5.1232
-1.77127	1.06338	5.1462	5.12419
-1.78047	1.04728	5.14653	5.12255
-1.77686	1.04301	5.14522	5.12156
-1.79197	1.03053	5.1439	5.12123
-1.78573	1.04006	5.14325	5.12255
-1.79887	1.03611	5.14357	5.12419
-1.81562	1.02527	5.1439	5.1255
-1.82351	1.02231	5.14357	5.12616
-1.82975	1.0118	5.14423	5.12682
-1.83238	1.00326	5.14357	5.12715
-1.84026	1.00326	5.14193	5.12518
-1.85111	0.990445	5.1393	5.12518
-1.85669	0.985517	5.13865	5.1255
-1.85538	0.992088	5.14095	5.12386
-1.85571	0.991431	5.14423	5.12386
-1.86359	0.989788	5.14423	5.12518
-1.87345	0.964162	5.1439	5.12616
-1.8787	0.964162	5.14127	5.12419
-1.88495	0.970076	5.14062	5.1232
-1.88659	0.960548	5.14062	5.12386
-1.8856	0.963833	5.14259	5.12616
-1.88626	0.975004	5.14456	5.12616
-1.88922	0.97139	5.14489	5.12583
-1.8994	0.950035	5.14423	5.12649
-1.89513	0.949049	5.14325	5.12649
-1.89776	0.946749	5.14357	5.12649
-1.89546	0.946421	5.14193	5.12715
-1.89677	0.952334	5.14325	5.12715
-1.89875	0.955948	5.1439	5.12583
-1.89907	0.954634	5.14423	5.12518
-1.89907	0.962191	5.14259	5.12518
-1.8994	0.950363	5.14357	5.12583
-1.89513	0.96909	5.14423	5.12682
-1.89579	0.972375	5.14259	5.12715
-1.89152	0.98256	5.1416	5.1278
-1.88396	0.992417	5.14193	5.12616
-1.87509	0.998659	5.14062	5.1232
-1.87476	1.00556	5.14062	5.12419
-1.8695	1.02166	5.14127	5.12682
-1.85636	1.0325	5.14127	5.12715
-1.85012	1.0394	5.14193	5.1278
-1.83961	1.04334	5.14325	5.12583
-1.83304	1.05221	5.14456	5.12222
-1.83008	1.05812	5.14653	5.12123
-1.83369	1.05747	5.14587	5.12452
-1.82581	1.05911	5.14357	5.12715
-1.82745	1.04433	5.14193	5.12748
-1.82449	1.05221	5.14193	5.1278
-1.82088	1.05188	5.14325	5.12715
-1.82154	1.05681	5.1439	5.12813
-1.80741	1.06338	5.1439	5.12912
-1.80183	1.06864	5.1439	5.12682
-1.79493	1.07422	5.14357	5.12583
-1.79755	1.07028	5.14292	5.12616
-1.78836	1.07357	5.14357	5.12616
-1.79394	1.07619	5.14522	5.12452
-1.80347	1.0624	5.14587	5.12419
-1.80248	1.067	5.14522	5.12649
-1.79558	1.08244	5.14456	5.1278
-1.78441	1.08737	5.14325	5.12813
-1.7831	1.09196	5.14325	5.12846
-1.77094	1.11332	5.14423	5.12748
-1.77817	1.10708	5.14555	5.12583
-1.7693	1.13435	5.14522	5.12452
-1.76076	1.13205	5.1439	5.12485
-1.7624	1.13205	5.1416	5.12583
-1.7624	1.13468	5.14095	5.12616
-1.75583	1.14782	5.14226	5.12616
-1.7624	1.15077	5.14423	5.12682
-1.75353	1.16326	5.14555	5.12616
-1.75419	1.1626	5.1462	5.12386
-1.75189	1.16424	5.14423	5.12123
-1.74466	1.16753	5.14259	5.12189
-1.73447	1.17016	5.14193	5.12452
-1.73349	1.17706	5.14193	5.12583
-1.73677	1.18428	5.1416	5.12485
-1.72922	1.19776	5.14226	5.12682
-1.71903	1.21057	5.14423	5.12846
-1.71115	1.22502	5.14357	5.12879
-1.71411	1.22437	5.14292	5.12977
-1.69636	1.24047	5.14357	5.12813
-1.69834	1.24047	5.14357	5.12813
-1.70425	1.22732	5.14423	5.12846
-1.70195	1.2293	5.14423	5.12649
-1.71279	1.21911	5.14555	5.12518
-1.70688	1.23028	5.14489	5.12649
-1.70523	1.21648	5.14292	5.12879
-1.69801	1.22864	5.14226	5.1301
-1.69439	1.227	5.14193	5.1301
-1.69472	1.22141	5.14226	5.12846
-1.69144	1.2224	5.14259	5.12583
-1.68486	1.2293	5.14292	5.12452
-1.67895	1.23324	5.14292	5.12386
-1.68092	1.23127	5.14357	5.12452
-1.67435	1.24014	5.14423	5.12616
-1.65957	1.24079	5.14325	5.12616
-1.65037	1.24211	5.14325	5.12485
-1.64708	1.23554	5.14325	5.12485
-1.6507	1.22568	5.14456	5.12518
-1.6392	1.23291	5.14456	5.12583
-1.65365	1.22305	5.14456	5.12715
-1.64478	1.22864	5.14489	5.12879
-1.6415	1.23784	5.14522	5.12846
-1.64084	1.24112	5.14686	5.12879
-1.63887	1.24441	5.14587	5.12879
-1.63328	1.24704	5.1439	5.12813
-1.62244	1.26511	5.14292	5.12748
-1.62408	1.26806	5.14292	5.1278
-1.62408	1.2789	5.14357	5.12945
-1.61949	1.27398	5.14259	5.13076
-1.6208	1.27332	5.14292	5.1301
-1.62244	1.28022	5.14489	5.12846
-1.61686	1.29402	5.14587	5.12682
-1.62343	1.29467	5.14555	5.12616
-1.61653	1.30946	5.14357	5.1255
-1.61554	1.30519	5.14193	5.12386
-1.6116	1.30979	5.14193	5.12353
-1.60963	1.30519	5.1439	5.12419
-1.6185	1.30453	5.14325	5.12485
-1.61883	1.3088	5.14292	5.1255
-1.61883	1.30749	5.14325	5.12616
-1.62507	1.30585	5.1439	5.1255
-1.62934	1.30355	5.14456	5.12748
-1.63066	1.30519	5.14686	5.12879
-1.62901	1.30157	5.14785	5.12748
-1.6254	1.30979	5.14456	5.12452
-1.62047	1.32129	5.1416	5.12255
-1.6162	1.32424	5.1416	5.1232
-1.60634	1.32851	5.14292	5.12288
-1.61456	1.32424	5.14456	5.12288
-1.60667	1.33344	5.14555	5.12288
-1.60437	1.32687	5.14555	5.12288
-1.60536	1.33311	5.14423	5.12452
-1.60372	1.34001	5.14325	5.12583
-1.59353	1.3479	5.14325	5.12649
-1.59287	1.35217	5.14423	5.1255
-1.59156	1.34527	5.14292	5.12452
-1.59189	1.34133	5.14095	5.12452
-1.58203	1.35151	5.14226	5.12419
-1.57973	1.34593	5.14423	5.12485
-1.57875	1.34593	5.14423	5.12682
-1.56363	1.35874	5.14292	5.12583
-1.5656	1.36564	5.14226	5.12518
-1.57316	1.35348	5.14259	5.12518
-1.56725	1.34823	5.14456	5.12485
-1.56626	1.35316	5.14555	5.12518
-1.57185	1.3479	5.14587	5.12715
-1.57152	1.34297	5.14292	5.12879
-1.56495	1.34987	5.1416	5.12682
-1.57316	1.34034	5.14226	5.1255
-1.57053	1.33673	5.1439	5.12386
-1.57316	1.34133	5.14456	5.12222
-1.58269	1.3295	5.14292	5.12189
-1.57776	1.33706	5.1416	5.12419
-1.57875	1.3433	5.14226	5.12616
-1.57382	1.34626	5.14226	5.12879
-1.58827	1.33574	5.14357	5.1278
-1.60207	1.32096	5.1439	5.12715
-1.60142	1.31472	5.14193	5.12583
-1.59813	1.31702	5.14193	5.12485
-1.59813	1.31307	5.14325	5.12616
-1.60963	1.31044	5.14357	5.12846
-1.60569	1.31406	5.14522	5.13076
-1.60437	1.30815	5.14489	5.13142
-1.60963	1.30223	5.14456	5.13076
-1.61817	1.29862	5.14522	5.12813
-1.61883	1.30716	5.14555	5.12715
-1.61719	1.30782	5.14423	5.12649
-1.62573	1.30322	5.14423	5.1255
-1.6369	1.28876	5.14653	5.1255
-1.64248	1.29139	5.14719	5.1255
-1.63887	1.2858	5.14423	5.1255
-1.63985	1.28383	5.14193	5.12452
-1.64971	1.27332	5.14127	5.12419
-1.63985	1.27562	5.14193	5.12386
-1.65628	1.25722	5.14259	5.1232
-1.66811	1.24342	5.14127	5.1232
-1.67928	1.23159	5.14193	5.12353
-1.69538	1.22305	5.14193	5.12583
-1.69768	1.21517	5.14259	5.12616
-1.69669	1.21911	5.14226	5.12649
-1.70195	1.20695	5.14325	5.12715
-1.70753	1.20301	5.14522	5.12748
-1.71246	1.20104	5.14752	5.12682
-1.71345	1.20203	5.14555	5.1255
-1.71443	1.20958	5.1439	5.12583
-1.72232	1.20925	5.14489	5.1255
-1.72823	1.20301	5.14522	5.12616
-1.72626	1.20531	5.14522	5.12616
-1.72922	1.20663	5.14292	5.1255
-1.72429	1.21451	5.1416	5.12518
-1.72462	1.2178	5.14193	5.12288
-1.7302	1.21024	5.14456	5.12156
-1.72396	1.22371	5.14423	5.12025
-1.72725	1.2155	5.14522	5.1209
-1.72232	1.21484	5.14587	5.12386
-1.72429	1.20728	5.14555	5.12616
-1.73546	1.19316	5.14587	5.12419
-1.7394	1.19118	5.1439	5.12255
-1.74269	1.18166	5.14193	5.1232
-1.74039	1.1902	5.14127	5.1255
-1.74236	1.18428	5.14259	5.12616
-1.73185	1.18527	5.14357	5.12649
-1.7279	1.19118	5.14292	5.12583
-1.72725	1.18494	5.14292	5.1255
-1.72922	1.18166	5.14555	5.12452
-1.7187	1.18166	5.14587	5.12353
-1.71969	1.18757	5.14555	5.12518
-1.70359	1.19086	5.14423	5.12912
-1.69374	1.19447	5.14226	5.12977
-1.68914	1.19184	5.14127	5.1301
-1.69209	1.19874	5.14226	5.12912
-1.69242	1.19578	5.14456	5.12748
-1.69144	1.19184	5.14456	5.12682
-1.70491	1.18363	5.14357	5.12649
-1.70753	1.17476	5.14193	5.12485
-1.70655	1.18527	5.14259	5.1255
-1.70819	1.17804	5.14423	5.12649
-1.70918	1.18001	5.14357	5.12485
-1.71246	1.181	5.14292	5.12288
-1.71476	1.17771	5.1416	5.12189
-1.71213	1.18199	5.1416	5.12452
-1.71739	1.16917	5.14259	5.12813
-1.71673	1.181	5.14193	5.1301
-1.72495	1.18921	5.14193	5.12977
-1.72265	1.17969	5.14259	5.12715
-1.73447	1.15307	5.1439	5.1255
-1.73185	1.158	5.14456	5.12583
-1.7256	1.16753	5.14357	5.12748
-1.72199	1.17114	5.14193	5.12616
-1.72232	1.18199	5.14029	5.12583
-1.72002	1.18494	5.14127	5.12682
-1.73086	1.18297	5.1439	5.1255
-1.73152	1.18527	5.14456	5.12452
-1.73809	1.181	5.14423	5.12386
-1.74105	1.17607	5.14357	5.12386
-1.74433	1.19053	5.1439	5.12353
-1.74335	1.19677	5.1439	5.1255
-1.73907	1.18921	5.14357	5.12616
-1.73447	1.1925	5.14357	5.12485
-1.73217	1.18724	5.14489	5.12288
-1.72889	1.18856	5.14292	5.12156
-1.72396	1.18856	5.1416	5.12222
-1.7279	1.18001	5.14259	5.12485
-1.72922	1.18001	5.14259	5.12583
-1.72626	1.17607	5.14193	5.12616
-1.71936	1.18954	5.14325	5.1255
-1.70852	1.20104	5.14325	5.12419
-1.69604	1.21911	5.14423	5.12288
-1.69341	1.21287	5.1462	5.12386
-1.69012	1.21484	5.14555	5.12649
-1.69439	1.21188	5.14456	5.12912
-1.69866	1.20925	5.14489	5.12879
-1.68486	1.22502	5.1462	5.1232
-1.67599	1.22502	5.14653	5.12123
-1.67895	1.22535	5.14587	5.12222
-1.67829	1.23028	5.1439	5.12518
-1.67501	1.24014	5.14259	5.12912
-1.68059	1.22765	5.14423	5.12977
-1.67534	1.22798	5.1462	5.12748
-1.68027	1.23882	5.14423	5.12682
-1.68486	1.23554	5.1416	5.12583
-1.67402	1.24145	5.14193	5.1255
-1.66515	1.24474	5.14325	5.12616
-1.67369	1.23849	5.14423	5.12616
-1.66877	1.24112	5.14259	5.12715
-1.66975	1.23455	5.14062	5.12485
-1.66384	1.23718	5.14062	5.12353
-1.66778	1.23225	5.14127	5.12288
-1.67369	1.22765	5.14062	5.12583
-1.66909	1.23028	5.1416	5.12682
-1.67534	1.21977	5.14226	5.12616
-1.66515	1.24178	5.14259	5.12518
-1.65792	1.24441	5.14325	5.12452
-1.65891	1.23817	5.1439	5.1232
-1.6645	1.23094	5.14193	5.12353
-1.67337	1.2201	5.14226	5.12452
-1.67402	1.22995	5.1439	5.12452
-1.66975	1.22765	5.14522	5.12353
-1.67501	1.22371	5.14489	5.12222
-1.68322	1.20827	5.14456	5.1232
-1.68979	1.20137	5.1439	5.12386
-1.68355	1.20925	5.14226	5.12452
-1.68191	1.20991	5.14292	5.12485
-1.68815	1.21024	5.14456	5.12583
-1.68125	1.22174	5.14489	5.12583
-1.67337	1.22765	5.14522	5.1255
-1.6668	1.23225	5.14653	5.12452
-1.66745	1.23817	5.14522	5.12419
-1.67829	1.21714	5.14357	5.12419
-1.68881	1.2155	5.14325	5.1255
-1.69571	1.21845	5.14095	5.12649
-1.69768	1.21451	5.14127	5.1278
-1.70688	1.20301	5.14193	5.12715
-1.69505	1.20465	5.14292	5.12616
-1.69834	1.20203	5.1439	5.12583
-1.69735	1.1971	5.14325	5.12649
-1.69078	1.21155	5.14226	5.12715
-1.70392	1.20203	5.14127	5.12846
-1.69866	1.2109	5.14095	5.12649
-1.69998	1.20071	5.14193	5.12518
-1.71049	1.19546	5.14456	5.12518
-1.71049	1.19677	5.14456	5.12386
-1.70096	1.20137	5.14292	5.12583
-1.70162	1.1971	5.14226	5.12748
-1.69932	1.19841	5.14259	5.12846
-1.69012	1.20104	5.14292	5.12616
-1.69505	1.20071	5.14325	5.12386
-1.69209	1.19546	5.14456	5.12419
-1.69439	1.19808	5.14456	5.12485
-1.69768	1.19151	5.14325	5.12715
-1.70951	1.16884	5.14226	5.12879
-1.70359	1.16589	5.14226	5.12813
-1.70392	1.15636	5.14456	5.12682
-1.69275	1.16654	5.14489	5.12419
-1.70721	1.16129	5.14489	5.12353
-1.70721	1.16622	5.14686	5.12452
-1.69801	1.16753	5.14686	5.12452
-1.70261	1.15997	5.14686	5.12583
-1.70491	1.15833	5.14522	5.12649
-1.71279	1.158	5.14555	5.12518
-1.71049	1.15734	5.14653	5.12583
-1.70786	1.16293	5.14587	5.12715
-1.7164	1.15932	5.14456	5.12715
-1.72133	1.15143	5.1439	5.12616
-1.72692	1.15143	5.14555	5.12682
-1.7417	1.14125	5.14555	5.12748
-1.74367	1.12975	5.14587	5.12583
-1.75123	1.12843	5.1462	5.12419
-1.75649	1.11661	5.14653	5.12353
-1.7601	1.12088	5.14423	5.12583
-1.75222	1.12712	5.13996	5.12846
-1.75879	1.11956	5.13832	5.12879
-1.77061	1.10511	5.13996	5.12813
-1.76831	1.11233	5.14292	5.12748
-1.7762	1.11003	5.14522	5.12616
-1.77718	1.11628	5.14423	5.12452
-1.78704	1.12482	5.1416	5.12386
-1.7877	1.12416	5.13996	5.1255
-1.78211	1.14026	5.14095	5.12682
-1.77817	1.13829	5.14357	5.12583
-1.78277	1.14092	5.14686	5.1255
-1.78901	1.12515	5.14686	5.12616
-1.79624	1.11661	5.14259	5.12748
-1.80084	1.10839	5.13996	5.12813
-1.79098	1.11332	5.14029	5.12813
-1.79493	1.11463	5.14127	5.12715
-1.80248	1.11365	5.14325	5.1255
-1.79197	1.12975	5.14325	5.12485
-1.79164	1.12975	5.14489	5.12518
-1.7946	1.12252	5.14456	5.12518
-1.79066	1.12219	5.1416	5.12715
-1.7785	1.13468	5.1416	5.12715
-1.77094	1.15077	5.14226	5.12715
-1.77456	1.14847	5.1439	5.12485
-1.76963	1.158	5.14489	5.1232
-1.77291	1.14946	5.14522	5.1232
-1.76339	1.15964	5.14357	5.12419
-1.76404	1.16457	5.14226	5.12386
-1.76897	1.16227	5.14259	5.1232
-1.75616	1.18428	5.14423	5.1232
-1.74926	1.18428	5.14423	5.12222
-1.75386	1.18823	5.14456	5.12288
-1.74006	1.1971	5.14357	5.1255
-1.7394	1.20235	5.14193	5.12715
-1.73973	1.19611	5.14193	5.12649
-1.72856	1.204	5.14226	5.12583
-1.72659	1.19644	5.14095	5.12386
-1.71509	1.21648	5.1393	5.12189
-1.71213	1.21911	5.13963	5.12288
-1.71411	1.21024	5.14029	5.12353
-1.70622	1.2155	5.14095	5.1255
-1.70195	1.2109	5.14029	5.12616
-1.70589	1.19907	5.13865	5.1255
-1.70425	1.20465	5.13996	5.12583
-1.68585	1.21123	5.14062	5.12649
-1.67599	1.21845	5.14259	5.1255
-1.66384	1.21977	5.14489	5.12419
-1.66154	1.22831	5.1462	5.12583
-1.67172	1.22535	5.14357	5.1255
-1.65464	1.24244	5.14226	5.12452
-1.66384	1.23521	5.14292	5.12419
-1.66712	1.22634	5.14423	5.12386
-1.66745	1.22568	5.14489	5.12452
-1.67041	1.21878	5.14489	5.12616
-1.67534	1.2155	5.14292	5.1255
-1.67205	1.20597	5.14193	5.12583
-1.67107	1.19874	5.14259	5.12616
-1.68224	1.18297	5.14456	5.12649
-1.68257	1.17673	5.14522	5.12682
-1.69406	1.17771	5.1439	5.12616
-1.70622	1.16786	5.14226	5.12419
-1.71706	1.16424	5.14095	5.1232
-1.71016	1.18034	5.14029	5.12452
-1.72692	1.15932	5.1416	5.12518
-1.72823	1.16129	5.14226	5.12419
-1.75287	1.14552	5.14325	5.12485
-1.75123	1.14683	5.14357	5.12682
-1.74466	1.15504	5.1439	5.12813
-1.74433	1.16457	5.14292	5.12846
-1.73185	1.18034	5.14292	5.1278
-1.73349	1.19611	5.14292	5.12748
-1.7279	1.20794	5.14259	5.12715
-1.72889	1.21024	5.14357	5.12682
-1.73415	1.19644	5.14522	5.12583
-1.72856	1.20235	5.14456	5.12518
-1.73349	1.20367	5.14423	5.12583
-1.72692	1.20663	5.14522	5.1278
-1.71772	1.2201	5.14653	5.12682
-1.7187	1.21582	5.14686	5.12649
-1.7256	1.20334	5.14587	5.12616
-1.73185	1.19644	5.14423	5.1255
-1.73185	1.19381	5.14325	5.12649
-1.72823	1.19874	5.14259	5.12649
-1.72232	1.19644	5.14292	5.12353
-1.72068	1.19151	5.14456	5.12189
-1.72725	1.18001	5.14522	5.12222
-1.73119	1.17279	5.14226	5.12353
-1.72955	1.16654	5.13963	5.12353
-1.7279	1.17279	5.13996	5.12583
-1.72758	1.15833	5.14062	5.12583
-1.73809	1.14223	5.14292	5.12583
-1.73842	1.13993	5.14456	5.12583
-1.73185	1.13895	5.14555	5.12518
-1.72823	1.1373	5.14555	5.12616
-1.73086	1.12778	5.14587	5.12715
-1.72955	1.12843	5.1462	5.12649
-1.71903	1.12942	5.14719	5.12616
-1.72626	1.10806	5.14653	5.1255
-1.74236	1.10445	5.14522	5.12419
-1.74564	1.08966	5.14259	5.12452
-1.75353	1.07521	5.14193	5.12452
-1.767	1.05583	5.14357	5.12452
-1.7601	1.06371	5.1462	5.1255
-1.75747	1.06601	5.14686	5.12616
-1.75714	1.05911	5.14555	5.12583
-1.76601	1.0532	5.14456	5.12616
-1.77094	1.05155	5.14292	5.1255
-1.77226	1.05385	5.14095	5.12616
-1.77094	1.06404	5.14127	5.12748
-1.77817	1.06404	5.14292	5.12748
-1.7762	1.06141	5.14456	5.12682
-1.78047	1.06272	5.14522	5.12682
-1.78244	1.06732	5.14325	5.12715
-1.7946	1.04925	5.14127	5.1278
-1.80084	1.04367	5.14029	5.12682
-1.79854	1.04761	5.13799	5.12616
-1.80347	1.0532	5.13766	5.1255
-1.80577	1.04531	5.13865	5.12485
-1.8176	1.03578	5.1416	5.12419
-1.82384	1.03086	5.14259	5.12518
-1.82548	1.01541	5.14259	5.12682
-1.82581	1.0095	5.14193	5.12715
-1.83369	0.998987	5.14292	5.12748
-1.83961	0.988803	5.14259	5.12846
-1.83994	0.997673	5.1416	5.12813
-1.83435	0.997016	5.13996	5.12682
-1.85275	0.983217	5.14193	5.12616
-1.85571	0.970733	5.14325	5.12386
-1.84749	0.980918	5.14127	5.12452
-1.84125	0.988474	5.13799	5.1255
-1.84125	0.983546	5.13865	5.12616
-1.83107	0.990445	5.13963	5.12682
-1.82318	1.00654	5.1416	5.12813
-1.83304	0.994059	5.14423	5.12715
-1.82614	0.994716	5.14587	5.12485
-1.81694	0.989788	5.1439	5.12222
-1.81004	0.997345	5.14292	5.12288
-1.8153	0.982889	5.14193	5.12616
-1.79525	1.0072	5.14259	5.12649
-1.80117	1.00523	5.14423	5.12616
-1.80413	1.01081	5.14555	5.12485
-1.8107	0.991102	5.14423	5.12419
-1.8015	0.987817	5.1439	5.12222
-1.80413	0.982889	5.14226	5.12288
-1.80117	0.990445	5.14226	5.12419
-1.79887	0.997016	5.14357	5.12616
-1.78441	1.0164	5.14423	5.12715
-1.78343	1.0164	5.14587	5.12682
-1.7785	1.02987	5.14522	5.12616
-1.77127	1.03973	5.1416	5.12616
-1.76536	1.05385	5.13996	5.1255
-1.76864	1.05287	5.14029	5.12518
-1.76141	1.06535	5.14127	5.12649
-1.75583	1.06371	5.14456	5.1255
-1.77127	1.04827	5.14587	5.12353
-1.76897	1.04564	5.1439	5.12288
-1.75879	1.0578	5.14325	5.12386
-1.76634	1.05911	5.14456	5.12452
-1.76601	1.06732	5.14686	5.12616
-1.77094	1.06174	5.14686	5.12583
-1.77686	1.05155	5.14752	5.12649
-1.7808	1.04531	5.14752	5.12715
-1.77686	1.04334	5.1462	5.12649
-1.78343	1.04071	5.14357	5.12813
-1.78868	1.03217	5.14226	5.1301
-1.78606	1.03053	5.14259	5.12748
-1.78901	1.02626	5.14325	5.1255
-1.78474	1.02856	5.1439	5.12452
-1.78113	1.04104	5.14292	5.12353
-1.77883	1.05155	5.14193	5.12353
-1.78047	1.04465	5.14193	5.1255
-1.7831	1.0509	5.14226	5.12583
-1.77916	1.05057	5.14292	5.12616
-1.77916	1.05024	5.14259	5.12682
-1.78671	1.04203	5.14095	5.12518
-1.79197	1.04104	5.14127	5.12353
-1.79394	1.03907	5.14029	5.12419
-1.79887	1.04006	5.1393	5.12649
-1.8038	1.03447	5.13963	5.12879
-1.80051	1.04006	5.14127	5.12977
-1.79788	1.03086	5.14292	5.13043
-1.80445	1.03348	5.14325	5.13076
-1.80314	1.0325	5.14357	5.12813
-1.80445	1.02429	5.14423	5.12682
-1.80314	1.01903	5.14456	5.12879
-1.81102	1.01673	5.14489	5.1278
-1.80643	1.01607	5.14686	5.12682
-1.79985	1.02461	5.14587	5.12518
-1.80511	1.01574	5.14259	5.12616
-1.79723	1.03447	5.14127	5.12715
-1.78638	1.05287	5.14095	5.1278
-1.7831	1.04203	5.14062	5.12682
-1.77981	1.04334	5.14095	5.12518
-1.78376	1.0417	5.14325	5.12583
-1.77554	1.06897	5.1439	5.12682
-1.76963	1.06371	5.14423	5.12682
-1.77587	1.06207	5.14522	5.12846
-1.76864	1.05812	5.14653	5.12912
-1.75484	1.06831	5.14785	5.12846
-1.74564	1.07784	5.14785	5.12715
-1.74039	1.07948	5.14752	5.12485
-1.71706	1.10412	5.14456	5.1255
-1.7164	1.10675	5.14325	5.1255
-1.71016	1.11036	5.14357	5.12682
-1.69308	1.12383	5.14259	5.1278
-1.69834	1.10543	5.14193	5.12846
-1.69406	1.11989	5.1416	5.1278
-1.69209	1.12942	5.14292	5.12813
-1.68355	1.135	5.1439	5.12813
-1.68684	1.13172	5.14522	5.1278
-1.70195	1.12548	5.14456	5.12715
-1.70195	1.12449	5.14357	5.12682
-1.69866	1.14059	5.1439	5.12715
-1.69801	1.14157	5.14325	5.12813
-1.70063	1.14387	5.14325	5.1278
-1.71312	1.13336	5.14292	5.12748
-1.70918	1.13172	5.1416	5.12583
-1.70556	1.14157	5.14193	5.12452
-1.70589	1.14815	5.1416	5.12518
-1.70655	1.13927	5.14127	5.12583
-1.70096	1.14617	5.14357	5.1255
-1.71082	1.1396	5.14555	5.12419
-1.70819	1.14125	5.14456	5.12452
-1.70293	1.13895	5.1416	5.12616
-1.70195	1.1373	5.13996	5.12682
-1.71673	1.12186	5.1416	5.12813
-1.71673	1.11562	5.14292	5.1278
-1.73152	1.11135	5.14325	5.12682
-1.73382	1.10346	5.14357	5.12518
-1.74367	1.10511	5.14292	5.12419
-1.75057	1.10182	5.14226	5.12386
-1.76109	1.10905	5.14259	5.12419
-1.76634	1.10675	5.14226	5.12419
-1.76799	1.09821	5.14292	5.12419
-1.75879	1.10379	5.14423	5.12583
-1.75977	1.11431	5.14587	5.12452
-1.77061	1.11332	5.14522	5.1255
-1.77226	1.1235	5.14292	5.1255
-1.7785	1.12449	5.14259	5.12649
-1.78803	1.11365	5.14522	5.1278
-1.78638	1.10182	5.14522	5.12649
-1.78014	1.10314	5.14489	5.12485
-1.79525	1.10642	5.14522	5.12518
-1.79328	1.10576	5.14587	5.12616
-1.78343	1.11858	5.1462	5.12715
-1.77456	1.12186	5.14653	5.12748
-1.78178	1.10708	5.1462	5.12748
-1.78113	1.10971	5.1462	5.12649
-1.77554	1.11036	5.14587	5.12616
-1.78573	1.10806	5.14555	5.12748
-1.77653	1.10872	5.14522	5.12682
-1.76043	1.11661	5.14456	5.12649
-1.75813	1.12252	5.14325	5.12583
-1.75353	1.13303	5.14259	5.12748
-1.75682	1.12679	5.14259	5.12879
-1.76996	1.11562	5.14456	5.12748
-1.76536	1.11168	5.14522	5.12583
-1.76404	1.11529	5.14489	5.12616
-1.7624	1.10609	5.14292	5.12649
-1.75714	1.10675	5.14095	5.12452
-1.75222	1.11332	5.14259	5.12518
-1.75189	1.09952	5.14489	5.1255
-1.75682	1.08342	5.14325	5.12649
-1.76437	1.07488	5.14193	5.12748
-1.75879	1.0555	5.14193	5.12583
-1.77029	1.04794	5.14226	5.12452
-1.7716	1.04893	5.14357	5.12583
-1.76897	1.04597	5.14489	5.1255
-1.77127	1.05057	5.14357	5.12583
-1.77554	1.03841	5.14292	5.12748
-1.77883	1.04531	5.14259	5.12977
-1.7762	1.04006	5.14292	5.1301
-1.77554	1.05057	5.14259	5.12813
-1.77587	1.0555	5.14325	5.12649
-1.77489	1.06667	5.14456	5.12583
-1.77291	1.06765	5.14489	5.1255
-1.767	1.07192	5.14292	5.12485
-1.76766	1.07488	5.14095	5.12386
-1.76043	1.07587	5.14095	5.1232
-1.76174	1.07587	5.14423	5.12353
-1.7601	1.08441	5.14653	5.12452
-1.767	1.08507	5.14752	5.12649
-1.76569	1.08507	5.14817	5.12682
-1.77029	1.07948	5.14653	5.12485
-1.76536	1.09426	5.14456	5.12518
-1.76503	1.11003	5.14226	5.1255
-1.77094	1.10511	5.14226	5.12583
-1.77226	1.10346	5.14259	5.12518
-1.76404	1.11693	5.14259	5.12419
-1.76273	1.12219	5.14226	5.1255
-1.76371	1.1327	5.14095	5.12583
-1.76109	1.13468	5.14127	5.12682
-1.76404	1.14157	5.14325	5.12583
-1.76634	1.14519	5.14489	5.12649
-1.78244	1.12449	5.1439	5.12649
-1.77029	1.13697	5.14259	5.12715
-1.76601	1.13533	5.14259	5.12649
-1.77061	1.12646	5.14226	5.12583
-1.77291	1.12416	5.14029	5.12485
-1.76799	1.12876	5.14095	5.12583
-1.77324	1.11792	5.14357	5.12583
-1.78047	1.10576	5.14587	5.12485
-1.77718	1.10806	5.14752	5.12485
-1.78277	1.11102	5.14752	5.1255
-1.78376	1.10609	5.14653	5.12649
-1.77226	1.11266	5.1439	5.12715
-1.7647	1.11562	5.14193	5.1255
-1.76076	1.11661	5.14095	5.12452
-1.75682	1.10905	5.1416	5.12518
-1.74893	1.12285	5.14193	5.12419
-1.73875	1.11726	5.14259	5.12386
-1.74794	1.11628	5.14423	5.12353
-1.75517	1.10971	5.14456	5.12419
-1.74926	1.12252	5.14292	5.12452
-1.74762	1.11661	5.14095	5.12485
-1.74959	1.11595	5.14259	5.12419
-1.7417	1.13336	5.1439	5.12452
-1.74433	1.1304	5.14423	5.12419
-1.73579	1.14092	5.14325	5.12452
-1.73677	1.1373	5.14226	5.12353
-1.72265	1.14322	5.1393	5.12353
-1.70918	1.15045	5.13865	5.12518
-1.70162	1.15702	5.1416	5.12616
-1.69604	1.15964	5.14325	5.12583
-1.69604	1.15866	5.1439	5.12616
-1.70261	1.1603	5.14325	5.12813
-1.70688	1.18133	5.14522	5.13043
-1.69801	1.18823	5.14752	5.12912
-1.70326	1.17607	5.14653	5.1255
-1.69801	1.18034	5.14555	5.12189
-1.69406	1.18067	5.14489	5.12058
-1.68388	1.18527	5.14522	5.1232
-1.68191	1.18856	5.1439	5.12485
-1.68027	1.18593	5.14292	5.12616
-1.67304	1.19184	5.14226	5.12748
-1.66187	1.19973	5.14259	5.12682
-1.66844	1.18921	5.14226	5.12715
-1.6622	1.19874	5.14226	5.1278
-1.67107	1.20071	5.14357	5.12682
-1.67304	1.18626	5.14423	5.12813
-1.68421	1.18199	5.14292	5.12813
-1.69111	1.17344	5.13897	5.12748
-1.69768	1.17049	5.13996	5.12846
-1.70425	1.16983	5.14259	5.1278
-1.70852	1.16457	5.1439	5.12419
-1.71542	1.15603	5.1439	5.12288
-1.72922	1.13566	5.14259	5.12353
-1.73677	1.1281	5.14062	5.12452
-1.74236	1.12383	5.14095	5.12583
-1.75057	1.10971	5.14127	5.12485
-1.74597	1.10412	5.14226	5.12386
-1.7532	1.09952	5.1439	5.12288
-1.76109	1.09164	5.14423	5.1232
-1.76569	1.08211	5.14292	5.12419
-1.77357	1.08901	5.1416	5.12616
-1.77423	1.09065	5.14095	5.12616
-1.77948	1.08638	5.14226	5.12583
-1.78146	1.08474	5.14292	5.1255
-1.78441	1.08277	5.1416	5.12386
-1.7854	1.09196	5.14259	5.12419
-1.7808	1.08671	5.14357	5.12485
-1.78868	1.07521	5.14325	5.12583
-1.78901	1.07324	5.14193	5.12485
-1.80938	1.05418	5.1416	5.12386
-1.80708	1.05648	5.14259	5.12353
-1.80872	1.05845	5.14423	5.12649
-1.81135	1.05517	5.14292	5.12977
-1.81168	1.05287	5.14325	5.13109
-1.80971	1.05484	5.14292	5.12945
-1.80675	1.05845	5.14292	5.12715
-1.81464	1.0371	5.1439	5.12583
-1.8176	1.02856	5.14292	5.12616
-1.82548	1.03053	5.14193	5.12616
-1.82154	1.03513	5.14193	5.1255
-1.82121	1.03053	5.14127	5.12682
-1.82055	1.03677	5.13963	5.12879
-1.8222	1.04203	5.13897	5.12912
-1.80938	1.05188	5.13996	5.12748
-1.8107	1.04006	5.14259	5.12485
-1.81135	1.0394	5.14456	5.1232
-1.82088	1.03381	5.14587	5.12353
-1.82121	1.0394	5.14489	5.12649
-1.82515	1.03677	5.14555	5.12748
-1.8199	1.04958	5.14489	5.12813
-1.82679	1.03578	5.14292	5.12583
-1.82417	1.03611	5.14226	5.12419
-1.82449	1.04334	5.14226	5.1232
-1.81858	1.04006	5.14325	5.12255
-1.8153	1.04761	5.14259	5.1255
-1.81431	1.03973	5.14357	5.12813
-1.81102	1.05024	5.14522	5.12846
-1.80347	1.0693	5.14423	5.12682
-1.80971	1.0647	5.1439	5.1255
-1.80215	1.07192	5.14456	5.12583
-1.80084	1.07422	5.14456	5.12682
-1.79854	1.08277	5.14456	5.12813
-1.7969	1.08474	5.14357	5.12649
-1.79295	1.08342	5.14423	5.12386
-1.79493	1.09098	5.1439	5.12255
-1.78671	1.10445	5.1439	5.12386
-1.78376	1.11891	5.14357	5.1255
-1.7854	1.11332	5.14456	5.12682
-1.78868	1.10675	5.14456	5.12748
-1.79887	1.09295	5.14489	5.12748
-1.80314	1.08802	5.14555	5.12386
-1.80905	1.09098	5.14587	5.12222
-1.81398	1.09196	5.14522	5.12288
-1.81004	1.09624	5.14259	5.1255
-1.81628	1.08375	5.13963	5.12682
-1.81234	1.08309	5.14029	5.12846
-1.8153	1.08802	5.14259	5.12748
-1.8038	1.09492	5.14292	5.12518
-1.8015	1.09755	5.14259	5.12353
-1.80478	1.09328	5.14095	5.12353
-1.81004	1.08704	5.14029	5.12255
-1.80643	1.08999	5.14062	5.12353
-1.81234	1.07817	5.14193	5.12616
-1.81792	1.07357	5.1416	5.12715
-1.80544	1.09361	5.1416	5.12616
-1.80413	1.09426	5.1439	5.1255
-1.81004	1.08441	5.14555	5.12419
-1.80741	1.09295	5.14423	5.12386
-1.80511	1.09525	5.14127	5.12353
-1.78934	1.12186	5.14127	5.12452
-1.79263	1.11233	5.14259	5.12485
-1.7854	1.11858	5.14456	5.12452
-1.7808	1.11726	5.1439	5.12518
-1.7808	1.11233	5.14259	5.12616
-1.76569	1.12548	5.14357	5.12616
-1.76174	1.13238	5.1439	5.12583
-1.76536	1.11989	5.14325	5.12649
-1.77029	1.12153	5.14193	5.12583
-1.7624	1.12285	5.14193	5.1255
-1.75714	1.13566	5.14193	5.12616
-1.74992	1.13238	5.14095	5.1255
-1.744	1.13993	5.13996	5.12518
-1.74006	1.1373	5.14095	5.12616
-1.73973	1.13435	5.14062	5.12518
-1.72922	1.14157	5.14193	5.12452
-1.73579	1.1419	5.14259	5.12419
-1.73086	1.1488	5.14325	5.12386
-1.72462	1.15242	5.14357	5.12419
-1.72232	1.15866	5.14259	5.12748
-1.72199	1.14847	5.14325	5.12846
-1.72495	1.14552	5.14226	5.1278
-1.7233	1.16063	5.14127	5.12682
-1.70753	1.1672	5.14095	5.12353
-1.68946	1.18297	5.14127	5.12452
-1.68585	1.19086	5.1416	5.12682
-1.68092	1.18264	5.14127	5.12748
-1.67567	1.20005	5.14062	5.12682
-1.67501	1.1971	5.14292	5.12649
-1.66844	1.20071	5.14357	5.12616
-1.67435	1.20498	5.14489	5.12583
-1.67665	1.20597	5.1462	5.12649
-1.66745	1.21714	5.14653	5.12583
-1.66187	1.23061	5.14653	5.12518
-1.66088	1.23357	5.14555	5.12419
-1.66318	1.22404	5.1462	5.12353
-1.65924	1.21484	5.1462	5.12353
-1.64774	1.21484	5.14456	5.12419
-1.65332	1.21845	5.14292	5.12485
-1.66121	1.21517	5.14226	5.12616
-1.67172	1.20038	5.14259	5.12682
-1.66482	1.1879	5.14292	5.12748
-1.66647	1.18363	5.14292	5.12715
-1.66614	1.17246	5.14555	5.12682
-1.66975	1.17114	5.14555	5.12649
-1.67468	1.16457	5.14423	5.12616
-1.67797	1.15833	5.14193	5.12452
-1.68289	1.1672	5.14095	5.12452
-1.69866	1.17377	5.1416	5.12583
-1.69998	1.17739	5.14357	5.1255
-1.69899	1.18658	5.14325	5.12518
-1.69965	1.17311	5.14292	5.12485
-1.68618	1.18297	5.14292	5.12583
-1.68125	1.19414	5.14127	5.1278
-1.69275	1.18691	5.14095	5.12879
-1.70261	1.17969	5.14357	5.12748
-1.70195	1.18067	5.14423	5.12616
-1.70458	1.17969	5.1439	5.12649
-1.71608	1.17837	5.14522	5.12452
-1.72068	1.1787	5.14555	5.12419
-1.72232	1.17706	5.14489	5.1255
-1.7164	1.17476	5.14325	5.12682
-1.71476	1.1787	5.13996	5.12682
-1.71411	1.17377	5.14029	5.12682
-1.71115	1.17147	5.14292	5.12485
-1.71082	1.1833	5.14522	5.12518
-1.71016	1.17739	5.14587	5.1255
-1.70983	1.17771	5.14325	5.12485
-1.70721	1.17081	5.14226	5.12419
-1.72166	1.16424	5.14423	5.12485
-1.72035	1.158	5.14555	5.12649
-1.72265	1.17114	5.1462	5.12748
-1.72988	1.1534	5.14522	5.12748
-1.73349	1.14979	5.14423	5.12748
-1.73546	1.14157	5.14423	5.1278
-1.73677	1.13533	5.14555	5.12649
-1.74696	1.12745	5.14653	5.12255
-1.7509	1.11168	5.14555	5.12156
-1.76371	1.09558	5.14489	5.12288
-1.76404	1.09229	5.14522	5.1232
-1.76437	1.09328	5.1462	5.12649
-1.76569	1.08704	5.14489	5.12879
-1.77029	1.08572	5.14325	5.12813
-1.76306	1.09558	5.14292	5.12715
-1.76404	1.08309	5.14357	5.12616
-1.75813	1.09952	5.14127	5.12649
-1.76076	1.09788	5.13865	5.12682
-1.76174	1.10839	5.13897	5.12649
-1.76141	1.10018	5.14325	5.12616
-1.76667	1.09788	5.14587	5.12682
-1.77029	1.08999	5.14686	5.12485
-1.7762	1.08408	5.14587	5.12353
-1.76831	1.10018	5.14522	5.12583
-1.77489	1.09821	5.14292	5.12813
-1.76799	1.09624	5.14226	5.12945
-1.77259	1.09361	5.1439	5.12846
-1.7831	1.07521	5.14522	5.12748
-1.79	1.06404	5.14357	5.12649
-1.79821	1.04827	5.1416	5.12583
-1.79887	1.04367	5.14029	5.1255
-1.80314	1.04367	5.14062	5.12583
-1.80281	1.03217	5.14127	5.12649
-1.81201	1.03578	5.14193	5.12649
-1.80708	1.03414	5.14292	5.12715
-1.81497	1.03381	5.14423	5.12813
-1.81727	1.02199	5.14522	5.12715
-1.82318	1.01213	5.14489	5.12682
-1.83764	1.00359	5.14226	5.12682
-1.83928	0.999644	5.1416	5.12682
-1.84224	1.00326	5.1416	5.12649
-1.83205	1.01509	5.14423	5.12386
-1.83797	1.01574	5.14489	5.12025
-1.83205	1.03283	5.14522	5.1209
-1.83731	1.02396	5.14423	5.12353
-1.83698	1.01081	5.14292	5.12452
-1.83205	1.0118	5.14193	5.12583
-1.83402	1.00819	5.14259	5.12518
-1.83402	1.01969	5.14193	5.12353
-1.83304	1.02034	5.14325	5.12288
-1.83107	1.02626	5.14456	5.1255
-1.82712	1.02461	5.14423	5.12748
-1.82384	1.02034	5.14325	5.12715
-1.82351	1.02658	5.14259	5.12748
-1.82515	1.02757	5.14259	5.12583
-1.83107	1.01936	5.1439	5.12518
-1.83205	1.02461	5.14423	5.12616
-1.83205	1.02297	5.1439	5.12715
-1.82055	1.03907	5.14193	5.12846
-1.81825	1.05418	5.14062	5.12715
-1.81595	1.04794	5.14127	5.12419
-1.81102	1.05254	5.14226	5.12485
-1.81201	1.05451	5.1439	5.12715
-1.80905	1.05057	5.14587	5.12715
-1.80643	1.05812	5.14489	5.12715
-1.80807	1.07192	5.14292	5.12649
-1.80018	1.07587	5.14193	5.12518
-1.80215	1.07028	5.14226	5.1255
-1.7969	1.07948	5.1416	5.12846
-1.78277	1.07948	5.1416	5.12945
-1.77587	1.08178	5.1416	5.12879
-1.77554	1.09032	5.14226	5.12682
-1.77127	1.08835	5.14292	5.12649
-1.77061	1.09394	5.14292	5.12813
-1.77489	1.09426	5.14522	5.12879
-1.77259	1.10839	5.14325	5.12879
-1.75813	1.10938	5.14127	5.12813
-1.75353	1.11628	5.13996	5.1255
-1.77094	1.10971	5.14226	5.12452
-1.77127	1.10806	5.1439	5.12715
-1.7739	1.10576	5.1439	5.12846
-1.77094	1.11168	5.1439	5.12879
-1.76733	1.12088	5.14456	5.12715
-1.76536	1.12613	5.14522	5.12583
-1.767	1.13369	5.14292	5.12583
-1.76273	1.1442	5.14259	5.12715
-1.77193	1.12843	5.14357	5.12715
-1.7647	1.13862	5.14489	5.12583
-1.7785	1.13073	5.14456	5.12616
-1.78441	1.12712	5.14456	5.12649
-1.7877	1.11923	5.14489	5.12583
-1.78671	1.12548	5.14489	5.12518
-1.78507	1.13205	5.1439	5.12419
-1.77324	1.14552	5.1416	5.12616
-1.7831	1.13763	5.14226	5.12748
-1.7739	1.13993	5.14423	5.12682
-1.76339	1.15537	5.14587	5.12452
-1.75452	1.15932	5.14653	5.12419
-1.74794	1.1649	5.14555	5.12386
-1.7509	1.16753	5.14325	5.12649
-1.75616	1.1603	5.1439	5.12748
-1.75879	1.158	5.14357	5.12649
-1.75944	1.15537	5.14193	5.1255
-1.75419	1.15537	5.1439	5.12452
-1.74893	1.16063	5.14522	5.12386
-1.74762	1.1603	5.14357	5.12485
-1.7394	1.17509	5.14127	5.1255
-1.73776	1.16359	5.14029	5.12419
-1.75024	1.14946	5.14226	5.1232
-1.74992	1.14815	5.1439	5.12222
-1.74335	1.15899	5.14357	5.1232
-1.7417	1.16359	5.1439	5.1255
-1.74729	1.15537	5.14259	5.12649
-1.74335	1.15669	5.1416	5.12715
-1.74433	1.16096	5.14029	5.12682
-1.73743	1.16194	5.14062	5.12715
-1.73809	1.16162	5.14259	5.12649
-1.7302	1.1672	5.14489	5.12518
-1.7325	1.1511	5.14456	5.12255
-1.72725	1.16819	5.14456	5.1232
-1.71476	1.17837	5.14292	5.1255
-1.71936	1.18199	5.14029	5.12616
-1.71279	1.18921	5.1416	5.12715
-1.71312	1.18264	5.14423	5.12813
-1.71509	1.17213	5.14489	5.12682
-1.71739	1.17377	5.1462	5.12452
-1.71049	1.1741	5.14423	5.12353
-1.69505	1.18297	5.1416	5.12419
-1.68651	1.18987	5.13963	5.12682
-1.69242	1.18724	5.14127	5.12813
-1.69866	1.18658	5.14325	5.1278
-1.69636	1.18231	5.14292	5.12583
-1.68716	1.19348	5.1439	5.12419
-1.68848	1.19316	5.14423	5.12123
-1.70753	1.17377	5.14259	5.12189
-1.71115	1.16786	5.14193	5.12353
-1.71476	1.16983	5.14357	5.12485
-1.71213	1.17147	5.14423	5.12485
-1.71575	1.17081	5.14325	5.1255
-1.71838	1.16819	5.14292	5.1255
-1.73283	1.15242	5.14127	5.12748
-1.73677	1.15406	5.14226	5.12748
-1.73382	1.16654	5.14423	5.12583
-1.72593	1.1718	5.14456	5.12616
-1.72856	1.18199	5.1439	5.12682
-1.72955	1.18034	5.14193	5.12748
-1.73349	1.18034	5.14127	5.12748
-1.73415	1.17969	5.1416	5.12616
-1.73185	1.18166	5.14259	5.12518
-1.72692	1.18987	5.14587	5.12452
-1.72823	1.19611	5.14686	5.12288
-1.73842	1.18034	5.14686	5.12222
-1.7463	1.16884	5.14423	5.12353
-1.74992	1.14979	5.14259	5.12353
-1.76207	1.13993	5.14292	5.12485
-1.76404	1.1258	5.14292	5.12682
-1.77521	1.11332	5.14193	5.12649
-1.7854	1.10806	5.14193	5.1255
-1.78704	1.10445	5.14259	5.12518
-1.7716	1.11332	5.14325	5.1255
-1.77587	1.10806	5.14292	5.12649
-1.77291	1.11332	5.14095	5.12715
-1.7693	1.12088	5.14029	5.12682
-1.77916	1.11299	5.14423	5.12583
-1.78014	1.11496	5.14555	5.12518
-1.77587	1.1304	5.14555	5.12353
-1.77916	1.12745	5.14456	5.12419
-1.7808	1.12088	5.14226	5.12616
-1.77489	1.13402	5.14029	5.12649
-1.77653	1.1304	5.14029	5.12748
-1.77883	1.12843	5.14259	5.12715
-1.77456	1.12942	5.14325	5.12386
-1.77291	1.13303	5.14325	5.12353
-1.76634	1.12942	5.14325	5.12452
-1.76437	1.12778	5.14423	5.12452
-1.75714	1.1419	5.14456	5.12386
-1.75189	1.13632	5.14522	5.12386
-1.75024	1.135	5.1462	5.12353
-1.75254	1.1304	5.1462	5.12255
-1.75222	1.12942	5.14489	5.12353
-1.7601	1.12088	5.14357	5.12518
-1.74597	1.11858	5.1416	5.12682
-1.74433	1.12646	5.14193	5.12748
-1.73842	1.11923	5.14456	5.12813
-1.75156	1.11168	5.14522	5.12813
-1.74597	1.11496	5.14587	5.12616
-1.75353	1.11102	5.14555	5.12649
-1.76207	1.11036	5.14489	5.12813
-1.75977	1.11628	5.14292	5.1301
-1.77094	1.11595	5.14325	5.12879
-1.76963	1.11858	5.14226	5.12715
-1.76306	1.11792	5.14325	5.1255
-1.77324	1.11299	5.14423	5.12485
-1.77456	1.12942	5.14325	5.12616
-1.78638	1.11529	5.14226	5.12813
-1.7877	1.10412	5.14095	5.12879
-1.79	1.10675	5.14062	5.12846
-1.7854	1.10248	5.14193	5.12649
-1.78211	1.10182	5.14325	5.12485
-1.7877	1.08999	5.14325	5.12419
-1.78047	1.10149	5.14357	5.12222
-1.78573	1.09919	5.14325	5.12518
-1.7808	1.09952	5.14292	5.12846
-1.78047	1.09854	5.14423	5.12813
-1.77521	1.10314	5.14653	5.12649
-1.77916	1.10215	5.14686	5.12518
-1.78934	1.08474	5.14522	5.12452
-1.78178	1.09854	5.14456	5.12485
-1.78606	1.10576	5.14292	5.12616
-1.79427	1.09755	5.1416	5.12715
-1.79328	1.10051	5.1439	5.12813
-1.79361	1.11233	5.14587	5.12715
-1.78803	1.11233	5.14489	5.1255
-1.78901	1.11233	5.14423	5.12419
-1.79427	1.10445	5.14357	5.12583
-1.79033	1.11135	5.14193	5.12813
-1.79033	1.11463	5.13996	5.12879
-1.7923	1.12383	5.14029	5.12813
-1.80018	1.12778	5.14226	5.12649
-1.80741	1.12252	5.14423	5.12616
-1.81102	1.12449	5.14522	5.12583
-1.80511	1.13073	5.14653	5.12583
-1.79887	1.14026	5.14587	5.12583
-1.80051	1.13566	5.14522	5.12649
-1.79427	1.14289	5.14423	5.12419
-1.80248	1.13106	5.14357	5.12386
-1.79788	1.12778	5.14456	5.12419
-1.79755	1.13632	5.14555	5.12386
-1.80281	1.13697	5.14555	5.12288
-1.79033	1.14486	5.14555	5.12386
-1.78244	1.15274	5.14653	5.12518
-1.77423	1.14979	5.14752	5.12353
-1.77193	1.15242	5.14719	5.1209
-1.77324	1.16424	5.14752	5.12058
-1.77423	1.16063	5.14719	5.12189
-1.77456	1.15964	5.14522	5.12386
-1.77259	1.16359	5.14095	5.12485
-1.77061	1.1557	5.14095	5.12715
-1.7693	1.15176	5.14259	5.12748
-1.77916	1.13829	5.14423	5.12419
-1.77686	1.14486	5.1439	5.12222
-1.77817	1.14026	5.1439	5.12189
-1.77521	1.14223	5.14686	5.1255
-1.78113	1.13435	5.14653	5.12813
-1.77324	1.15143	5.14522	5.1301
-1.76076	1.16392	5.14193	5.1301
-1.76207	1.17147	5.14193	5.12846
-1.76897	1.15242	5.14193	5.12748
-1.76076	1.16326	5.14423	5.12715
-1.76076	1.16194	5.14489	5.12715
-1.76404	1.16523	5.14325	5.12748
-1.75813	1.16819	5.14193	5.12748
-1.76306	1.1557	5.14226	5.12649
-1.75222	1.15964	5.14423	5.12452
-1.75254	1.16194	5.14522	5.12386
-1.75714	1.16359	5.14292	5.12353
-1.75287	1.17377	5.14095	5.12419
-1.75189	1.181	5.1416	5.12715
-1.74893	1.17541	5.1439	5.12813
-1.74466	1.17673	5.14357	5.12649
-1.73086	1.20005	5.14292	5.1255
-1.73283	1.2086	5.14226	5.12518
-1.72823	1.21353	5.14127	5.12485
-1.7302	1.21878	5.14062	5.12485
-1.73349	1.21385	5.14062	5.1232
-1.72528	1.2201	5.1416	5.12189
-1.71115	1.23258	5.14127	5.1232
-1.71181	1.23488	5.14127	5.1255
-1.71476	1.23324	5.1416	5.12715
-1.70129	1.25459	5.14325	5.12813
-1.69866	1.25295	5.14423	5.12879
-1.69045	1.25262	5.14555	5.12846
-1.68585	1.26018	5.14555	5.12748
-1.67895	1.26346	5.14653	5.12682
-1.68158	1.25985	5.14522	5.12616
-1.68388	1.26084	5.1439	5.12649
-1.68158	1.26445	5.14325	5.1278
-1.68486	1.25689	5.14292	5.12748
-1.67172	1.27036	5.14423	5.12616
-1.66318	1.27989	5.14489	5.1255
-1.65727	1.28449	5.14522	5.1255
-1.66088	1.28055	5.14423	5.12682
-1.65957	1.27858	5.14292	5.12715
-1.64511	1.28646	5.14423	5.12616
-1.63788	1.29303	5.14456	5.12649
-1.62901	1.29467	5.1439	5.12583
-1.63164	1.29632	5.14357	5.12715
-1.63296	1.29533	5.14522	5.12715
-1.63657	1.28219	5.14587	5.1278
-1.63394	1.27759	5.14423	5.1278
-1.63756	1.27168	5.14259	5.12616
-1.63657	1.27365	5.14259	5.12419
-1.64577	1.26018	5.14259	5.12353
-1.64347	1.26872	5.14259	5.12353
-1.63394	1.28482	5.14193	5.12452
-1.63756	1.28088	5.14292	5.12452
-1.62277	1.29238	5.14423	5.12616
-1.62573	1.29008	5.14259	5.12616
-1.61751	1.29008	5.14325	5.12715
-1.62441	1.28712	5.14423	5.12715
-1.61981	1.29467	5.1439	5.12649
-1.6208	1.29238	5.14423	5.12616
-1.63361	1.27661	5.14489	5.12518
-1.63591	1.26971	5.14456	5.1255
-1.63361	1.26806	5.14226	5.12879
-1.6415	1.26018	5.14226	5.12945
-1.64018	1.26182	5.1439	5.12715
-1.64248	1.26445	5.14357	5.12616
-1.6461	1.26116	5.14292	5.12583
-1.63624	1.26872	5.14226	5.12649
-1.6461	1.25459	5.14193	5.12748
-1.64807	1.25854	5.14193	5.12649
-1.66548	1.24868	5.14423	5.12452
-1.67994	1.23948	5.14456	5.12518
-1.68749	1.23455	5.14423	5.12583
-1.68454	1.24342	5.1416	5.12452
-1.69176	1.23652	5.14127	5.12583
-1.69538	1.24605	5.14292	5.12682
-1.69571	1.24047	5.14522	5.12616
-1.70885	1.23159	5.14653	5.1255
-1.71706	1.22995	5.14489	5.12485
-1.72692	1.21221	5.14259	5.12485
-1.72593	1.21287	5.14226	5.12616
-1.72232	1.20958	5.14127	5.12748
-1.73612	1.19808	5.1416	5.1278
-1.74335	1.19283	5.14193	5.12715
-1.74203	1.204	5.1416	5.12485
-1.74367	1.20038	5.14127	5.12419
-1.74663	1.20531	5.1439	5.12518
-1.75649	1.18856	5.14653	5.12583
-1.76339	1.18067	5.14686	5.12616
-1.76667	1.17279	5.1462	5.1255
-1.76667	1.17771	5.1439	5.12583
-1.76404	1.18067	5.14193	5.12813
-1.75287	1.19151	5.14127	5.12945
-1.75353	1.18823	5.1416	5.12846
-1.75452	1.18954	5.1416	5.12649
-1.76076	1.17509	5.14193	5.12485
-1.75879	1.17837	5.14127	5.12485
-1.75879	1.17147	5.1416	5.12485
-1.74893	1.1879	5.1439	5.12616
-1.744	1.19546	5.14785	5.12485
-1.7486	1.18987	5.1485	5.1255
-1.73185	1.2017	5.14653	5.12583
-1.72988	1.19874	5.14423	5.12846
-1.7325	1.18987	5.14062	5.12879
-1.73316	1.18724	5.1393	5.1278
-1.73447	1.18593	5.14062	5.12616
-1.73875	1.18494	5.14325	5.1255
-1.72955	1.1879	5.14423	5.1255
-1.72265	1.18724	5.14259	5.12518
-1.72363	1.17706	5.1416	5.12419
-1.72002	1.17377	5.14193	5.12452
-1.72462	1.18067	5.14095	5.12419
-1.7164	1.19381	5.14226	5.12485
-1.72002	1.18954	5.14456	5.12485
-1.72396	1.18823	5.14489	5.1255
-1.70655	1.20203	5.14259	5.12748
-1.71148	1.19874	5.14029	5.12649
-1.71575	1.19841	5.13996	5.12682
-1.71345	1.1994	5.14095	5.12616
-1.71411	1.1994	5.14226	5.12452
-1.71673	1.19184	5.14423	5.12419
-1.71805	1.19053	5.1439	5.12386
-1.72035	1.18199	5.14292	5.12386
-1.71312	1.19348	5.1416	5.12518
-1.71936	1.18691	5.14029	5.12583
-1.72528	1.18133	5.14193	5.12682
-1.72528	1.19086	5.14357	5.12879
-1.72692	1.17771	5.14423	5.13043
-1.73185	1.17311	5.14292	5.12912
-1.73217	1.16819	5.14259	5.1278
-1.73546	1.17049	5.14292	5.12879
-1.74105	1.15504	5.14325	5.12912
-1.74762	1.15242	5.14357	5.12912
-1.75616	1.13796	5.14522	5.12682
-1.75024	1.13697	5.14423	5.12583
-1.73973	1.1442	5.14226	5.12583
-1.74597	1.12285	5.14193	5.12583
-1.7417	1.12515	5.14226	5.12452
-1.73907	1.13927	5.14325	5.12485
-1.74236	1.13369	5.14456	5.12485
-1.73875	1.13862	5.14423	5.12288
-1.74203	1.13336	5.14357	5.12189
-1.74729	1.135	5.1439	5.12288
-1.74137	1.1442	5.14292	5.12386
-1.74992	1.12416	5.14325	5.12452
-1.74564	1.13993	5.1439	5.12518
-1.73349	1.15932	5.14292	5.12518
-1.72199	1.1695	5.1416	5.12583
-1.70392	1.18133	5.13963	5.12616
-1.69636	1.1902	5.13897	5.12715
-1.69209	1.19381	5.14127	5.12912
-1.68322	1.2086	5.14423	5.12813
-1.67534	1.20794	5.14587	5.12813
-1.67501	1.20991	5.14522	5.12846
-1.66975	1.20203	5.14489	5.12715
-1.66482	1.20794	5.14325	5.12583
-1.66384	1.20695	5.14193	5.12583
-1.66417	1.21024	5.14062	5.12485
-1.67107	1.21254	5.1416	5.12518
-1.66482	1.21385	5.14357	5.12452
-1.65201	1.21812	5.14489	5.12386
-1.64675	1.21714	5.14325	5.12419
-1.653	1.20925	5.14127	5.12518
-1.66778	1.20268	5.14029	5.1255
-1.66351	1.21385	5.14062	5.12682
-1.65332	1.21418	5.14292	5.12682
-1.64281	1.21747	5.14522	5.12452
-1.63756	1.23225	5.14587	5.12386
-1.63328	1.23258	5.14357	5.1232
-1.63296	1.22601	5.14226	5.1232
-1.63	1.22535	5.14127	5.12485
-1.63197	1.21747	5.14193	5.12616
-1.64511	1.20564	5.14292	5.12649
-1.64971	1.19776	5.14357	5.12452
-1.6484	1.20597	5.14456	5.12255
-1.65562	1.19611	5.14555	5.12189
-1.65858	1.20268	5.1439	5.12353
-1.66745	1.2063	5.14259	5.12616
-1.66844	1.20925	5.14095	5.12682
-1.66975	1.21057	5.13996	5.12616
-1.67928	1.20334	5.1416	5.1255
-1.68651	1.19283	5.1439	5.12353
-1.69111	1.18396	5.14456	5.12485
-1.68224	1.1833	5.1439	5.12419
-1.68815	1.17771	5.14357	5.12288
-1.69472	1.16063	5.14193	5.12288
-1.70458	1.14946	5.14193	5.12419
-1.71805	1.14979	5.14193	5.12419
-1.73316	1.13139	5.14325	5.12485
-1.73776	1.13697	5.14489	5.12518
-1.7371	1.1235	5.14686	5.12419
-1.73842	1.13172	5.1439	5.1255
-1.73185	1.1281	5.14259	5.12616
-1.73217	1.1212	5.14193	5.1255
-1.73513	1.11891	5.14325	5.12485
-1.72889	1.11989	5.14456	5.12419
-1.72626	1.12383	5.14423	5.12353
-1.72298	1.13895	5.1439	5.12288
-1.72659	1.14092	5.14325	5.1232
-1.73546	1.13862	5.14325	5.12353
-1.744	1.12778	5.14522	5.12583
-1.74959	1.13073	5.14587	5.12649
-1.75583	1.12449	5.14489	5.12583
-1.75649	1.10576	5.14292	5.12682
-1.7624	1.09656	5.14127	5.12748
-1.77259	1.08211	5.13996	5.12846
-1.77883	1.08178	5.14029	5.12879
-1.77587	1.07849	5.13963	5.12682
-1.77784	1.08014	5.14062	5.1255
-1.78343	1.06535	5.14062	5.12583
-1.78573	1.06634	5.13996	5.12518
-1.79263	1.05583	5.13963	5.12583
-1.79098	1.05517	5.14127	5.12846
-1.77587	1.0601	5.14259	5.12748
-1.7785	1.04893	5.14357	5.1255
-1.77193	1.05714	5.14456	5.12353
-1.77357	1.05681	5.1439	5.12419
-1.78376	1.04498	5.14292	5.12583
-1.79164	1.021	5.14062	5.12616
-1.79558	1.02067	5.14095	5.12583
-1.8084	1.00622	5.14226	5.12452
-1.81562	0.993074	5.14325	5.12255
-1.82449	1.00293	5.14423	5.12189
-1.83435	0.987817	5.1439	5.12353
-1.83304	0.985189	5.14292	5.1255
-1.83435	0.985517	5.1416	5.1255
-1.83107	0.978946	5.14095	5.12715
-1.83632	0.962848	5.14193	5.12715
-1.84256	0.951349	5.14292	5.12748
-1.84585	0.946092	5.1439	5.12748
-1.85045	0.940507	5.1439	5.12715
-1.84486	0.946092	5.14259	5.12649
-1.85209	0.943464	5.14193	5.12682
-1.86129	0.93755	5.1416	5.1278
-1.86688	0.93295	5.14127	5.12945
-1.86523	0.924408	5.14193	5.13076
-1.85932	0.922109	5.1416	5.12846
-1.84914	0.942478	5.14062	5.12616
-1.84454	0.95102	5.13996	5.12715
-1.84486	0.943464	5.1393	5.12813
-1.84355	0.957263	5.14062	5.1278
-1.84782	0.958248	5.14095	5.12813
-1.84454	0.952334	5.14226	5.1278
-1.85833	0.930979	5.1416	5.12813
-1.85866	0.919809	5.14062	5.12748
-1.85472	0.943135	5.13865	5.12912
-1.85669	0.943464	5.13963	5.12846
-1.85209	0.95562	5.14259	5.12583
-1.86063	0.942807	5.1439	5.12353
-1.86721	0.957591	5.1462	5.12189
-1.87345	0.948392	5.1462	5.1232
-1.86688	0.956934	5.14489	5.12485
-1.86655	0.951349	5.14325	5.1278
-1.86195	0.96909	5.14193	5.12748
-1.85801	0.977961	5.1416	5.12583
-1.85472	0.978289	5.1416	5.12386
-1.84946	0.986503	5.14259	5.12386
-1.84026	0.989788	5.14325	5.1255
-1.84815	0.994059	5.14357	5.12715
-1.84519	0.980918	5.14095	5.1278
-1.83928	0.996359	5.13996	5.12649
-1.83928	0.997673	5.14292	5.12518
-1.83107	1.00326	5.14555	5.12452
-1.83074	1.00687	5.14489	5.12419
-1.8199	1.00983	5.14226	5.12353
-1.82318	1.00589	5.14127	5.12288
-1.8176	1.01607	5.14193	5.12386
-1.80643	1.03973	5.14193	5.12583
-1.8038	1.04071	5.14193	5.12649
-1.80675	1.03743	5.14127	5.12649
-1.81792	1.02133	5.14127	5.1255
-1.81792	1.02888	5.14127	5.12452
-1.80643	1.02987	5.14062	5.12485
-1.81037	1.03381	5.14127	5.12715
-1.80215	1.04006	5.14292	5.12616
-1.80215	1.04465	5.14522	5.12452
-1.80577	1.04958	5.14456	5.12485
-1.79066	1.05451	5.14423	5.1255
-1.79624	1.04071	5.14259	5.12649
-1.80018	1.03151	5.14193	5.12748
-1.7992	1.0325	5.14226	5.1255
-1.79525	1.02921	5.14226	5.12452
-1.80544	1.02527	5.14325	5.1232
-1.80215	1.03053	5.1439	5.12288
-1.80018	1.0279	5.14423	5.12452
-1.79558	1.03677	5.14423	5.12748
-1.79394	1.0348	5.14357	5.12912
-1.78803	1.03743	5.14357	5.12912
-1.78113	1.04827	5.14423	5.1278
-1.79131	1.0555	5.14423	5.12748
-1.79624	1.05681	5.14357	5.12649
-1.79821	1.06042	5.14259	5.12583
-1.79723	1.0578	5.14029	5.12485
-1.78277	1.06634	5.1393	5.12485
-1.78573	1.0693	5.1393	5.12518
-1.78343	1.07619	5.14127	5.12288
-1.78047	1.07061	5.14456	5.12123
-1.79755	1.05681	5.14686	5.1232
-1.79788	1.05615	5.14489	5.12616
-1.79394	1.05812	5.14062	5.12813
-1.79033	1.0716	5.1393	5.12813
-1.78803	1.07948	5.1393	5.12616
-1.79427	1.07357	5.14062	5.12682
-1.79755	1.07948	5.14357	5.12879
-1.80018	1.07948	5.14423	5.12682
-1.79624	1.08671	5.14259	5.12452
-1.79657	1.07948	5.14062	5.1255
-1.78704	1.09788	5.1393	5.12616
-1.79328	1.08112	5.14259	5.12813
-1.79755	1.08671	5.14423	5.12682
-1.79066	1.08079	5.14456	5.1255
-1.78507	1.08441	5.1439	5.12419
-1.77916	1.10051	5.14292	5.1255
-1.76799	1.10511	5.14292	5.12748
-1.77784	1.09854	5.14259	5.12846
-1.76897	1.10149	5.14193	5.1278
-1.76174	1.10248	5.14127	5.12649
-1.76831	1.10182	5.14029	5.1278
-1.76536	1.08835	5.14226	5.12682
-1.77653	1.07357	5.14522	5.12616
-1.78146	1.07192	5.14555	5.12616
-1.7785	1.07948	5.14555	5.12715
-1.77653	1.07324	5.14555	5.12583
-1.78047	1.07389	5.14555	5.12485
-1.7854	1.0601	5.14456	5.12419
-1.7785	1.05353	5.14292	5.12616
-1.77817	1.05977	5.14193	5.12813
-1.78573	1.05484	5.14226	5.12748
-1.78244	1.06108	5.14456	5.12748
-1.76634	1.07094	5.14587	5.12616
-1.76404	1.07587	5.14522	5.12452
-1.76963	1.05911	5.14522	5.12583
-1.77883	1.05878	5.14423	5.12682
-1.7854	1.0463	5.1439	5.12748
-1.7808	1.04794	5.14456	5.12682
-1.78343	1.04564	5.14456	5.1255
-1.79	1.05287	5.14489	5.12518
-1.78836	1.06108	5.14489	5.12353
-1.77916	1.07094	5.1439	5.12485
-1.77817	1.06897	5.14357	5.12715
-1.77291	1.07028	5.14357	5.12879
-1.77653	1.07981	5.1439	5.12945
-1.77456	1.08211	5.14522	5.1278
-1.76306	1.09624	5.14686	5.12583
-1.75747	1.09854	5.14555	5.12616
-1.7532	1.08671	5.14456	5.12616
-1.75714	1.09065	5.14357	5.12813
-1.76273	1.09032	5.14357	5.12846
-1.7647	1.09229	5.1439	5.12616
-1.76404	1.08835	5.14489	5.12583
-1.76601	1.07324	5.14489	5.12485
-1.76339	1.07094	5.1439	5.12353
-1.76733	1.05681	5.14127	5.12353
-1.767	1.05944	5.13897	5.12419
-1.7785	1.05681	5.13865	5.12485
-1.77489	1.04991	5.13996	5.12583
-1.7808	1.05583	5.14193	5.12682
-1.78901	1.04465	5.14292	5.12649
-1.79197	1.0417	5.14456	5.12715
-1.78836	1.04038	5.14423	5.1255
-1.78211	1.05221	5.14489	5.1255
-1.79295	1.04038	5.14489	5.12616
-1.79328	1.04794	5.1439	5.12452
-1.78343	1.044	5.14357	5.12288
-1.78244	1.05188	5.14456	5.12353
-1.77489	1.06042	5.14259	5.12485
-1.77718	1.06995	5.14193	5.12649
-1.7739	1.06798	5.14226	5.12682
-1.77521	1.06535	5.14292	5.12616
-1.76864	1.06995	5.14456	5.12616
-1.76897	1.08342	5.14456	5.12748
-1.7739	1.07849	5.14325	5.12682
-1.76634	1.07751	5.14193	5.1255
-1.76076	1.08539	5.14127	5.1255
-1.75912	1.07915	5.14062	5.1255
-1.76404	1.06667	5.13996	5.12649
-1.77291	1.04006	5.14127	5.12649
-1.77291	1.04203	5.14357	5.12616
-1.7854	1.03743	5.14522	5.12682
-1.77686	1.04367	5.14653	5.12583
-1.78507	1.0417	5.14555	5.12452
-1.78704	1.04301	5.14456	5.1255
-1.79197	1.03874	5.14357	5.12649
-1.78967	1.03513	5.14456	5.12583
-1.78967	1.02658	5.14653	5.12452
-1.77981	1.04235	5.14752	5.12419
-1.77061	1.04695	5.14587	5.12288
-1.76109	1.06897	5.14456	5.12353
-1.7647	1.07981	5.14357	5.12485
-1.75879	1.09886	5.14259	5.12485
-1.76207	1.09459	5.14127	5.12518
-1.75649	1.09295	5.1416	5.12452
-1.76634	1.09196	5.14062	5.12419
-1.76601	1.09262	5.14029	5.12386
-1.75123	1.11233	5.14029	5.1255
-1.75879	1.10839	5.1416	5.12485
-1.76339	1.10576	5.1439	5.12583
-1.75912	1.11365	5.14357	5.1255
-1.74203	1.11233	5.14357	5.1232
-1.74236	1.10675	5.1439	5.12222
-1.73776	1.11825	5.1439	5.12255
-1.73645	1.13139	5.14259	5.12419
-1.73349	1.14387	5.14292	5.12715
-1.72462	1.15143	5.14259	5.12748
-1.72922	1.15603	5.1439	5.12518
-1.73316	1.14815	5.14522	5.12386
-1.72856	1.15209	5.14555	5.1232
-1.72659	1.15997	5.14587	5.12353
-1.71936	1.17509	5.14522	5.12616
-1.7187	1.18001	5.14456	5.12748
-1.7187	1.17509	5.14653	5.12912
-1.73349	1.16194	5.14883	5.12846
-1.71903	1.16654	5.1485	5.12649
-1.70951	1.17706	5.14686	5.12616
-1.69702	1.17969	5.1462	5.12748
-1.69801	1.17936	5.14522	5.12715
-1.69636	1.17279	5.14259	5.12813
-1.69078	1.1787	5.1416	5.12583
-1.68092	1.18494	5.14357	5.12386
-1.68716	1.18494	5.14555	5.12518
-1.67074	1.20465	5.14719	5.12616
-1.66252	1.20893	5.14686	5.1255
-1.66121	1.21977	5.1439	5.12583
-1.66318	1.21582	5.14292	5.12649
-1.67074	1.20695	5.14423	5.12583
-1.67369	1.19513	5.14522	5.12518
-1.66581	1.19874	5.14555	5.1232
-1.68027	1.18001	5.14489	5.12222
-1.68421	1.181	5.14456	5.12518
-1.68191	1.1925	5.14423	5.1278
-1.69406	1.18987	5.14259	5.12813
-1.68914	1.19578	5.14292	5.12649
-1.69538	1.1994	5.14357	5.12452
-1.70195	1.19808	5.14292	5.1232
-1.70293	1.1994	5.14259	5.12419
-1.69209	1.19841	5.14423	5.1255
-1.69439	1.19118	5.14587	5.12485
-1.69406	1.19743	5.14653	5.12419
-1.69735	1.1856	5.1462	5.1232
-1.68552	1.19184	5.14357	5.12288
-1.68454	1.19316	5.14193	5.12156
-1.68125	1.20005	5.1416	5.12255
-1.68322	1.20203	5.14127	5.12452
-1.67205	1.20663	5.14095	5.12616
-1.68979	1.1925	5.14062	5.12616
-1.69735	1.18823	5.14127	5.12518
-1.70261	1.17969	5.14193	5.12518
-1.70491	1.1764	5.14522	5.12518
-1.69801	1.18034	5.14719	5.12616
-1.69636	1.18166	5.14653	5.12813
-1.69932	1.18724	5.1439	5.13076
-1.69012	1.19086	5.14193	5.12977
-1.69111	1.20137	5.14193	5.12649
-1.70622	1.17903	5.14259	5.12386
-1.71378	1.17837	5.14292	5.12353
-1.71082	1.18199	5.14357	5.1255
-1.70589	1.17443	5.14259	5.12682
-1.70589	1.181	5.13996	5.12682
-1.72232	1.18034	5.13766	5.12616
-1.72922	1.18001	5.1393	5.12485
-1.72626	1.18954	5.14292	5.12583
-1.72593	1.18626	5.14325	5.12616
-1.72002	1.17574	5.14127	5.12649
-1.72725	1.15932	5.14127	5.12616
-1.71772	1.16654	5.1439	5.12616
-1.71739	1.17607	5.14489	5.12748
-1.71279	1.17541	5.14489	5.12879
-1.70753	1.18133	5.14456	5.12748
-1.72068	1.17739	5.14423	5.12419
-1.72462	1.181	5.14357	5.12452
-1.73119	1.17739	5.14292	5.12649
-1.7325	1.17739	5.14292	5.12813
-1.73907	1.16983	5.14423	5.12748
-1.73776	1.17213	5.14456	5.1255
-1.74367	1.16654	5.14292	5.12518
-1.73973	1.17541	5.14292	5.1255
-1.73447	1.18231	5.1439	5.12485
-1.74137	1.17213	5.14357	5.12649
-1.75057	1.16063	5.1439	5.12715
-1.75846	1.16293	5.14522	5.1278
-1.76864	1.14486	5.14522	5.12616
-1.76667	1.16326	5.14423	5.12682
-1.76963	1.16096	5.14325	5.12846
-1.76799	1.158	5.14095	5.12846
-1.76996	1.1534	5.13996	5.12813
-1.77686	1.14552	5.13963	5.12616
-1.76963	1.15242	5.14029	5.12518
-1.7693	1.1511	5.14292	5.12649
-1.77489	1.14157	5.14259	5.12649
-1.76766	1.14782	5.14226	5.12649
-1.77981	1.14289	5.1416	5.12715
-1.78244	1.14256	5.14226	5.12649
-1.78737	1.14223	5.14259	5.12583
-1.78573	1.14322	5.14357	5.12518
-1.79361	1.12942	5.14292	5.12485
-1.79953	1.11661	5.14292	5.1232
-1.79263	1.12252	5.14325	5.1232
-1.78967	1.12252	5.14522	5.12386
-1.80117	1.11266	5.1439	5.12518
-1.81267	1.10051	5.14193	5.12452
-1.8038	1.10675	5.14127	5.1232
-1.8038	1.11168	5.14259	5.12353
-1.8038	1.11365	5.14226	5.12583
-1.81562	1.10018	5.14193	5.12616
-1.81562	1.09591	5.14193	5.12715
-1.813	1.09295	5.13996	5.12748
-1.81168	1.10182	5.14062	5.12649
-1.81267	1.09229	5.14259	5.12682
-1.81858	1.08014	5.14325	5.12616
-1.81562	1.07685	5.14259	5.12485
-1.82252	1.07718	5.14226	5.1255
-1.82844	1.07291	5.14226	5.12748
-1.82942	1.05812	5.14292	5.12748
-1.83074	1.05878	5.14292	5.12813
-1.83632	1.05155	5.1439	5.12649
-1.83632	1.0624	5.14456	5.12452
-1.83567	1.06502	5.1439	5.12452
-1.83041	1.06305	5.1439	5.12518
-1.83172	1.05812	5.14292	5.12649
-1.82318	1.06601	5.14259	5.1278
-1.82417	1.05714	5.14292	5.12748
-1.81924	1.06305	5.14193	5.12616
-1.81957	1.06338	5.14127	5.12583
-1.80544	1.07587	5.14095	5.12616
-1.8107	1.06305	5.14029	5.12419
-1.81234	1.07028	5.1416	5.12288
-1.81135	1.07291	5.14357	5.1232
-1.79887	1.08802	5.14587	5.12452
-1.78901	1.09098	5.14653	5.12682
-1.78737	1.09459	5.14456	5.12715
-1.78047	1.10215	5.14259	5.12748
-1.78113	1.10215	5.14259	5.12813
-1.77784	1.12022	5.1439	5.12846
-1.76174	1.14322	5.1462	5.12715
-1.74072	1.17016	5.14686	5.12583
-1.73907	1.16162	5.14522	5.12419
-1.73743	1.15669	5.14259	5.12518
-1.73283	1.16819	5.14095	5.12682
-1.72199	1.18297	5.1416	5.12583
-1.71213	1.19184	5.14226	5.12485
-1.70819	1.19776	5.14357	5.12748
-1.71246	1.19053	5.14325	5.12813
-1.70622	1.20038	5.14127	5.12846
-1.70556	1.20038	5.14259	5.12846
-1.70491	1.20334	5.14357	5.1278
-1.70162	1.21155	5.14325	5.12649
-1.69571	1.22864	5.14226	5.1255
-1.68158	1.23422	5.14357	5.1232
-1.66614	1.24112	5.14587	5.1232
-1.66942	1.23225	5.14587	5.12419
-1.69176	1.21517	5.1439	5.12616
-1.68224	1.22272	5.14357	5.12748
-1.66614	1.23948	5.14325	5.12879
-1.66515	1.23981	5.1439	5.1278
-1.65858	1.24112	5.14522	5.12879
-1.65891	1.23718	5.14489	5.1301
-1.65661	1.23389	5.1439	5.12977
-1.653	1.22798	5.14357	5.1301
-1.65858	1.24539	5.1439	5.1278
-1.65201	1.24901	5.14456	5.12419
-1.65957	1.24605	5.14587	5.12419
-1.65497	1.24145	5.14587	5.12485
-1.653	1.24342	5.14587	5.12518
-1.65628	1.24999	5.14357	5.12485
-1.6668	1.24605	5.13996	5.12485
-1.66877	1.25361	5.13865	5.12649
-1.67238	1.24474	5.14029	5.12879
-1.6668	1.24408	5.14193	5.12813
-1.65957	1.25065	5.14259	5.1255
-1.6645	1.25065	5.14456	5.1232
-1.66384	1.24014	5.14423	5.12222
-1.67008	1.22535	5.1439	5.12288
-1.67567	1.20728	5.14423	5.12616
-1.67107	1.20334	5.14489	5.12649
-1.66909	1.21418	5.14522	5.12583
-1.65497	1.22897	5.14522	5.1255
-1.64577	1.23948	5.14489	5.12452
-1.65825	1.23324	5.14292	5.1255
-1.66351	1.23159	5.1416	5.12715
-1.6668	1.22437	5.14095	5.12813
-1.66088	1.23751	5.13996	5.12649
-1.65628	1.25361	5.1416	5.1255
-1.65858	1.24769	5.14456	5.12518
-1.67271	1.23389	5.1462	5.12715
-1.66482	1.24079	5.14456	5.12846
-1.67599	1.23455	5.14292	5.12682
-1.68979	1.23554	5.14193	5.12616
-1.69045	1.22338	5.1416	5.12649
-1.69538	1.22108	5.14127	5.12649
-1.70786	1.20005	5.14226	5.12682
-1.69834	1.19776	5.1416	5.12518
-1.69604	1.1994	5.13996	5.12386
-1.69111	1.2155	5.1393	5.12419
-1.69571	1.21024	5.13996	5.1255
-1.68815	1.20958	5.14127	5.12583
-1.69735	1.20005	5.14292	5.12616
-1.69604	1.19348	5.14325	5.12616
-1.68946	1.20071	5.14226	5.12748
-1.69472	1.19841	5.14062	5.12912
-1.70261	1.18954	5.13865	5.12977
-1.71542	1.17081	5.13963	5.1301
-1.73316	1.15833	5.14095	5.13043
-1.7371	1.15997	5.14325	5.12748
-1.74729	1.1511	5.14456	5.12583
-1.74992	1.14289	5.14423	5.12616
-1.75583	1.13172	5.1439	5.12649
-1.75813	1.13172	5.1439	5.12583
-1.75912	1.13106	5.14489	5.12616
-1.76601	1.11463	5.14456	5.12583
-1.77554	1.09591	5.14423	5.12583
-1.78836	1.08178	5.1439	5.12748
-1.79953	1.07422	5.14423	5.12715
-1.80314	1.07192	5.1439	5.12616
-1.80741	1.06141	5.14357	5.12616
-1.81628	1.0532	5.1439	5.12649
-1.81332	1.06305	5.14489	5.12616
-1.8176	1.06108	5.14456	5.12583
-1.82515	1.0578	5.14357	5.12682
-1.82384	1.04958	5.1416	5.12715
-1.82384	1.04794	5.14095	5.12846
-1.82778	1.04827	5.14095	5.1278
-1.83304	1.05451	5.14062	5.12616
-1.83698	1.05648	5.14193	5.12485
-1.83402	1.05517	5.14292	5.12452
-1.83567	1.0486	5.14226	5.1255
-1.83501	1.04006	5.1416	5.12485
-1.84421	1.03447	5.14259	5.12452
-1.84585	1.0279	5.14423	5.12682
-1.84421	1.03151	5.14423	5.12813
-1.84191	1.03283	5.14357	5.12616
-1.84454	1.03743	5.14226	5.12386
-1.84224	1.04301	5.1416	5.12485
-1.83435	1.05944	5.14226	5.12616
-1.83797	1.05287	5.14423	5.12649
-1.84059	1.044	5.14423	5.12616
-1.84815	1.03086	5.14357	5.12419
-1.84651	1.03973	5.14522	5.12452
-1.83698	1.03677	5.14456	5.12452
-1.83764	1.0302	5.14292	5.12518
-1.82482	1.04137	5.1416	5.1255
-1.81957	1.0394	5.14062	5.12452
-1.82088	1.03644	5.14095	5.12485
-1.81825	1.04071	5.14357	5.12485
-1.81497	1.05057	5.14653	5.12386
-1.81201	1.04925	5.14785	5.12386
-1.8107	1.05714	5.14522	5.12583
-1.80544	1.07652	5.14193	5.12583
-1.79821	1.08211	5.13996	5.12518
-1.80051	1.07291	5.14095	5.12485
-1.79985	1.07849	5.1439	5.12288
-1.80051	1.07554	5.14423	5.12353
-1.79591	1.07619	5.14325	5.12353
-1.80183	1.0624	5.14127	5.12419
-1.81004	1.05681	5.13996	5.12583
-1.8107	1.06272	5.14193	5.12583
-1.81562	1.06141	5.14522	5.12583
-1.81694	1.06437	5.14719	5.12583
-1.81595	1.05615	5.14555	5.12616
-1.81595	1.05648	5.14325	5.12649
-1.80708	1.05812	5.14226	5.12616
-1.81431	1.04761	5.1416	5.12583
-1.82154	1.03513	5.1439	5.12452
-1.81858	1.04235	5.14456	5.12353
-1.81595	1.05714	5.14555	5.12452
-1.81168	1.05385	5.1462	5.1255
-1.8061	1.06174	5.14555	5.12616
-1.8061	1.05123	5.14325	5.12813
-1.81135	1.03677	5.14127	5.12682
-1.7992	1.05024	5.14095	5.12715
-1.80281	1.04301	5.1416	5.12813
-1.80478	1.04465	5.14325	5.12682
-1.80281	1.05024	5.14292	5.12583
-1.8061	1.04498	5.14226	5.1255
-1.80511	1.03447	5.14193	5.12485
-1.80708	1.02461	5.14259	5.12255
-1.8107	1.03118	5.14292	5.12255
-1.81792	1.0371	5.14325	5.12386
-1.8038	1.04104	5.14325	5.12452
-1.79788	1.05484	5.14325	5.1232
-1.79985	1.06634	5.14357	5.12123
-1.80314	1.0578	5.14259	5.12255
-1.79493	1.07389	5.14127	5.1255
-1.78967	1.07521	5.14062	5.12682
-1.79066	1.07652	5.14127	5.12715
-1.79328	1.06667	5.14226	5.12452
-1.80971	1.05747	5.14325	5.12583
-1.80807	1.06141	5.1416	5.12715
-1.79887	1.06732	5.14095	5.12945
-1.80051	1.06634	5.14029	5.12912
-1.79985	1.0693	5.14259	5.12912
-1.78967	1.07915	5.14653	5.12682
-1.78803	1.07619	5.14686	5.12583
-1.78146	1.09164	5.14686	5.12419
-1.77817	1.09689	5.14555	5.1232
-1.77587	1.10971	5.1439	5.12255
-1.76799	1.11891	5.14423	5.12353
-1.76766	1.11036	5.14522	5.12583
-1.76634	1.11299	5.14653	5.12682
-1.75517	1.11595	5.14555	5.12715
-1.74893	1.12613	5.1439	5.12583
-1.75649	1.13566	5.14193	5.12518
-1.75287	1.13796	5.1416	5.12748
-1.75714	1.1396	5.14423	5.12846
-1.7417	1.15439	5.14522	5.12715
-1.72889	1.15997	5.1439	5.12813
-1.72626	1.15012	5.14423	5.12748
-1.73349	1.15045	5.14522	5.12649
-1.72955	1.16162	5.1439	5.12616
-1.71805	1.17344	5.14325	5.12649
-1.71411	1.15899	5.14357	5.1278
-1.71115	1.16227	5.14555	5.12616
-1.70819	1.17147	5.14686	5.12452
-1.69604	1.18067	5.1462	5.1232
-1.69505	1.1741	5.1439	5.12255
-1.69275	1.1764	5.14325	5.1232
-1.68979	1.18297	5.14357	5.1255
-1.69998	1.1672	5.14325	5.12649
-1.70721	1.16194	5.14456	5.12583
-1.70195	1.16687	5.14555	5.1255
-1.71443	1.16359	5.14555	5.12452
-1.69834	1.16129	5.14489	5.12386
-1.69998	1.16063	5.1439	5.12485
-1.70228	1.16162	5.14259	5.12649
-1.70786	1.15669	5.14193	5.12682
-1.70753	1.15932	5.14193	5.12485
-1.70031	1.17049	5.1416	5.12288
-1.70293	1.17016	5.14357	5.12189
-1.70096	1.17607	5.14357	5.12288
-1.69801	1.16786	5.14259	5.1232
-1.70228	1.1695	5.14127	5.1232
-1.69998	1.17706	5.14226	5.12518
-1.71181	1.17377	5.1416	5.12616
-1.70162	1.19513	5.14423	5.12682
-1.70655	1.19118	5.14522	5.12879
-1.70293	1.17837	5.14489	5.1278
-1.71411	1.1626	5.14292	5.12715
-1.7256	1.15373	5.14325	5.12748
-1.73086	1.14749	5.1439	5.1255
-1.73185	1.14585	5.14555	5.12386
-1.7394	1.13829	5.14357	5.12386
-1.74597	1.13402	5.14226	5.12452
-1.73907	1.14256	5.14259	5.12616
-1.7325	1.14913	5.1439	5.1278
-1.72626	1.15669	5.14423	5.1278
-1.72495	1.16162	5.14423	5.12583
-1.73053	1.15899	5.14259	5.12419
-1.73415	1.16129	5.14095	5.1232
-1.73842	1.15767	5.14062	5.1255
-1.74039	1.15274	5.1416	5.12682
-1.7371	1.1534	5.14193	5.12813
-1.74992	1.1488	5.14259	5.1278
-1.7463	1.15077	5.14555	5.12682
-1.7624	1.13927	5.1462	5.12583
-1.75649	1.14125	5.14489	5.12649
-1.75682	1.13697	5.14292	5.12649
-1.76306	1.12515	5.14357	5.12616
-1.76536	1.12548	5.1439	5.1278
-1.77193	1.13665	5.14522	5.12748
-1.75747	1.15373	5.14653	5.12583
-1.76273	1.15242	5.14653	5.1255
-1.76339	1.14355	5.14456	5.12682
-1.76141	1.14815	5.14259	5.12583
-1.76569	1.1396	5.14226	5.12616
-1.767	1.13435	5.14292	5.12649
-1.77324	1.12679	5.14522	5.12715
-1.77226	1.12449	5.14456	5.12748
-1.76831	1.12318	5.14292	5.12649
-1.76963	1.12088	5.14259	5.12452
-1.76404	1.1281	5.14193	5.12452
-1.77554	1.12482	5.14193	5.12452
-1.7854	1.11168	5.14456	5.12485
-1.78211	1.11923	5.14555	5.12649
-1.77587	1.11562	5.14423	5.1278
-1.79427	1.10511	5.14292	5.12748
-1.78868	1.11496	5.14423	5.12715
-1.79033	1.11168	5.14489	5.12583
-1.79427	1.10806	5.14456	5.12682
-1.79755	1.09032	5.1439	5.12748
-1.79328	1.09689	5.14587	5.12583
-1.80478	1.07718	5.14653	5.12419
-1.80544	1.07652	5.1462	5.1255
-1.80971	1.08014	5.1439	5.1255
-1.82154	1.05977	5.14259	5.1255
-1.82318	1.06732	5.14325	5.12485
-1.82811	1.07192	5.14522	5.12452
-1.83435	1.06732	5.14522	5.12485
-1.82909	1.06831	5.14456	5.12485
-1.82877	1.06371	5.14325	5.12419
-1.83731	1.06502	5.14259	5.12353
-1.83107	1.07751	5.14095	5.12616
-1.82318	1.08342	5.14095	5.1278
-1.82679	1.07357	5.14062	5.1278
-1.82909	1.07192	5.14259	5.12682
-1.81891	1.07521	5.14489	5.1232
-1.81825	1.06338	5.14555	5.12288
-1.81924	1.06634	5.14456	5.12386
-1.82252	1.0693	5.14259	5.12452
-1.83337	1.04925	5.14127	5.1255
-1.83172	1.04761	5.14259	5.12452
-1.83139	1.05484	5.14555	5.12518
-1.84158	1.03776	5.14719	5.1255
-1.83895	1.03283	5.14653	5.12846
-1.84355	1.02461	5.1439	5.13109
-1.84191	1.03513	5.14325	5.13109
-1.83402	1.04203	5.14423	5.12813
-1.83435	1.04597	5.14653	5.1255
-1.82187	1.05418	5.14653	5.12485
-1.82154	1.05123	5.14489	5.12583
-1.81365	1.06535	5.14259	5.12485
-1.81234	1.05681	5.14193	5.12682
-1.81497	1.05615	5.14325	5.12682
-1.82088	1.04794	5.14423	5.12715
-1.81464	1.0647	5.1439	5.12649
-1.81332	1.06535	5.1439	5.12485
-1.80511	1.06634	5.1462	5.12419
-1.79985	1.06732	5.14653	5.12518
-1.79953	1.06338	5.14423	5.12518
-1.79098	1.06272	5.14226	5.12682
-1.7969	1.06634	5.14259	5.12846
-1.80478	1.05484	5.14489	5.12748
-1.81037	1.04104	5.14719	5.12715
-1.7969	1.05024	5.14817	5.12616
-1.78868	1.05451	5.14555	5.12616
-1.78343	1.05681	5.14292	5.12616
-1.78573	1.05451	5.14095	5.12583
-1.77883	1.05747	5.14193	5.12583
-1.7785	1.06568	5.14423	5.12649
-1.77423	1.07291	5.14522	5.12583
-1.7831	1.07981	5.14522	5.12583
-1.78901	1.06601	5.14423	5.12583
-1.78474	1.05681	5.14259	5.12813
-1.78376	1.07127	5.14259	5.1301
-1.78408	1.05944	5.14193	5.12945
-1.78967	1.05254	5.14357	5.12715
-1.78146	1.05878	5.14423	5.12419
-1.78507	1.05188	5.14587	5.12386
-1.79591	1.04203	5.14522	5.1255
-1.78836	1.05944	5.14456	5.12583
-1.78934	1.06207	5.14555	5.12715
-1.79263	1.06502	5.14456	5.12649
-1.79854	1.06338	5.14489	5.12682
-1.7969	1.06437	5.14489	5.1278
-1.79295	1.06962	5.14292	5.12748
-1.81168	1.05024	5.14292	5.12616
-1.8107	1.0486	5.14325	5.1278
-1.81004	1.05648	5.14259	5.12748
-1.80511	1.04958	5.14292	5.12649
-1.80971	1.04597	5.14357	5.1255
-1.81694	1.0486	5.14325	5.12485
-1.82252	1.03907	5.14259	5.12485
-1.81891	1.03184	5.14325	5.12682
-1.82581	1.00852	5.14259	5.1278
-1.83008	1.00589	5.14193	5.12748
-1.81924	1.02757	5.14193	5.12616
-1.81562	1.03348	5.1439	5.1232
-1.81332	1.04203	5.14555	5.12288
-1.81135	1.05451	5.14423	5.12419
-1.82285	1.04268	5.14193	5.12616
-1.81924	1.044	5.14292	5.12682
-1.81234	1.04564	5.14522	5.12682
-1.8061	1.0647	5.14587	5.12518
-1.8107	1.0601	5.14686	5.12485
-1.80281	1.07258	5.14555	5.12485
-1.80708	1.0716	5.14292	5.12518
-1.80872	1.06305	5.14127	5.12748
-1.80183	1.06897	5.14193	5.12813
-1.80084	1.07521	5.14325	5.12813
-1.78606	1.08474	5.14292	5.12616
-1.78606	1.08408	5.14226	5.12518
-1.7854	1.08211	5.14357	5.12452
-1.77423	1.09065	5.14522	5.1232
-1.76601	1.10642	5.14456	5.12353
-1.76339	1.11036	5.14292	5.12485
-1.76076	1.10478	5.14292	5.12353
-1.75386	1.10741	5.14325	5.12353
-1.75254	1.10018	5.14423	5.1232
-1.75747	1.09164	5.1439	5.12518
-1.75123	1.09361	5.14325	5.12813
-1.75419	1.09196	5.14325	5.12813
-1.74926	1.11299	5.14522	5.12649
-1.73809	1.1235	5.1462	5.12583
-1.73677	1.11858	5.14587	5.12485
-1.73217	1.12745	5.14456	5.12288
-1.73415	1.12843	5.14292	5.12353
-1.72035	1.14355	5.14259	5.12452
-1.72823	1.14453	5.1439	5.12616
-1.71312	1.15143	5.14489	5.1255
-1.71378	1.14125	5.14719	5.12518
-1.72593	1.1281	5.14785	5.12715
-1.73053	1.13238	5.14686	5.12977
-1.73546	1.13238	5.1462	5.12945
-1.74499	1.11661	5.1439	5.12748
-1.744	1.11595	5.14259	5.12386
-1.75156	1.11135	5.14259	5.12123
-1.75714	1.10511	5.14357	5.12189
-1.76601	1.09098	5.1439	5.12452
-1.76864	1.09394	5.1439	5.12518
-1.76963	1.08539	5.14456	5.12616
-1.77521	1.08309	5.14456	5.12682
-1.78178	1.07915	5.14292	5.12912
-1.78146	1.09426	5.14292	5.12977
-1.77653	1.10445	5.14325	5.1278
-1.78113	1.10084	5.14456	5.12649
-1.79131	1.09591	5.1439	5.12649
-1.79295	1.10478	5.1416	5.1255
-1.78737	1.11365	5.14127	5.12616
-1.79164	1.11069	5.14226	5.12715
-1.80117	1.10642	5.14325	5.12649
-1.79394	1.10773	5.14522	5.12616
-1.79066	1.11431	5.14686	5.12616
-1.79788	1.11792	5.14522	5.12616
-1.80478	1.10215	5.14357	5.12813
-1.8038	1.11266	5.14127	5.12879
-1.81891	1.08178	5.14029	5.12813
-1.80511	1.08244	5.1416	5.12912
-1.80445	1.08014	5.14259	5.12912
-1.80018	1.08802	5.14259	5.12748
-1.79525	1.09196	5.14127	5.1255
-1.80018	1.08704	5.1416	5.1255
-1.7969	1.09624	5.14292	5.12518
-1.80117	1.08638	5.14456	5.12452
-1.80117	1.08178	5.14325	5.12419
-1.78967	1.08901	5.14325	5.12485
-1.78113	1.09361	5.14522	5.12649
-1.78014	1.08079	5.14555	5.12682
-1.7624	1.09459	5.1462	5.12715
-1.75977	1.09361	5.14587	5.12813
-1.75419	1.09985	5.14456	5.12813
-1.75484	1.10149	5.14357	5.12715
-1.7555	1.09591	5.14062	5.12649
-1.75189	1.10084	5.13996	5.12518
-1.74992	1.09591	5.14292	5.1232
-1.75189	1.10642	5.14423	5.1232
-1.74466	1.10708	5.14292	5.12353
-1.74663	1.11266	5.14292	5.1255
-1.73842	1.13008	5.14456	5.12715
-1.7348	1.1419	5.14456	5.12813
-1.73415	1.14683	5.14259	5.12649
-1.73513	1.14815	5.14259	5.12649
-1.7394	1.15274	5.14259	5.12616
-1.73612	1.15899	5.14259	5.12715
-1.73907	1.1534	5.14423	5.1278
-1.75452	1.13566	5.14653	5.12682
-1.75649	1.13303	5.14653	5.12583
-1.74959	1.14059	5.14555	5.12485
-1.75944	1.13303	5.14489	5.12452
-1.76339	1.12843	5.14456	5.1255
-1.76109	1.12876	5.14357	5.12748
-1.7647	1.1281	5.14292	5.12715
-1.77094	1.13008	5.14127	5.1255
-1.7762	1.12548	5.13832	5.12616
-1.79	1.11332	5.13897	5.12583
-1.78704	1.12679	5.14095	5.1255
-1.80018	1.11036	5.14259	5.12518
-1.80183	1.11595	5.14357	5.12583
-1.80117	1.11956	5.14456	5.12682
-1.80314	1.12318	5.14357	5.1255
-1.81365	1.10708	5.14292	5.12288
-1.8176	1.10543	5.14226	5.12255
-1.82055	1.10215	5.1439	5.12485
-1.82449	1.10116	5.14292	5.12616
-1.82318	1.10182	5.14127	5.1255
-1.82712	1.09919	5.14095	5.12386
-1.83074	1.09952	5.14325	5.12288
-1.83764	1.08441	5.14653	5.12485
-1.83369	1.08704	5.1462	5.12649
-1.82844	1.09196	5.14292	5.12649
-1.82187	1.08507	5.14193	5.12715
-1.82055	1.08737	5.14193	5.12748
-1.8199	1.08835	5.14423	5.12616
-1.81628	1.09361	5.14686	5.12452
-1.81201	1.11102	5.14752	5.12353
-1.80478	1.11792	5.14653	5.12222
-1.80117	1.11299	5.14522	5.12452
-1.79525	1.11266	5.14489	5.1278
-1.79131	1.11003	5.14357	5.12715
-1.7831	1.11989	5.14522	5.12649
-1.77357	1.12712	5.1462	5.12518
-1.77423	1.13205	5.14587	5.12649
-1.76503	1.1442	5.14522	5.12715
-1.75222	1.14749	5.1439	5.12583
-1.73283	1.16753	5.14259	5.12616
-1.72626	1.18001	5.14325	5.12748
-1.71805	1.18297	5.14292	5.12682
-1.70359	1.18593	5.14325	5.12452
-1.68848	1.1787	5.14489	5.12288
-1.67435	1.17541	5.1439	5.12386
-1.67074	1.18593	5.14325	5.12616
-1.66581	1.18921	5.14423	5.12813
-1.65562	1.19973	5.14555	5.12649
-1.64873	1.20663	5.14555	5.12386
-1.64544	1.20958	5.1439	5.12288
-1.6553	1.19513	5.1439	5.12452
-1.66417	1.19874	5.14357	5.12682
-1.66778	1.1971	5.14423	5.12879
-1.67599	1.18921	5.14489	5.12682
-1.67468	1.18264	5.14456	5.12616
-1.67205	1.18001	5.14456	5.12485
-1.67501	1.17311	5.14653	5.12419
-1.67829	1.16851	5.14686	5.12518
-1.67797	1.18264	5.1462	5.12682
-1.69078	1.17443	5.14587	5.12616
-1.68618	1.19513	5.14587	5.12616
-1.69604	1.18724	5.1462	5.12583
-1.70096	1.18297	5.14489	5.12419
-1.70589	1.18297	5.14193	5.12452
-1.69702	1.18461	5.14062	5.12649
-1.71345	1.1741	5.14193	5.12748
-1.72363	1.16359	5.14259	5.12682
-1.72528	1.17246	5.14357	5.12649
-1.73086	1.17739	5.14456	5.1255
-1.7325	1.18428	5.14423	5.1255
-1.744	1.17344	5.14325	5.1255
-1.7486	1.16917	5.14127	5.12649
-1.76141	1.15964	5.14127	5.12748
-1.76076	1.15143	5.14193	5.12813
-1.77259	1.13993	5.14226	5.1278
-1.7693	1.14355	5.14522	5.12813
-1.77883	1.14157	5.14686	5.12583
-1.78507	1.1396	5.14686	5.12353
-1.79328	1.13172	5.14587	5.12156
-1.79624	1.12383	5.14423	5.12123
-1.79953	1.12022	5.14456	5.12156
-1.80281	1.10576	5.14423	5.12255
-1.80084	1.11628	5.14423	5.12485
-1.80183	1.11463	5.14555	5.12616
-1.79821	1.12186	5.14489	5.12649
-1.79624	1.12055	5.1439	5.12583
-1.79755	1.11463	5.14555	5.12649
-1.79755	1.11299	5.14653	5.12649
-1.7923	1.11496	5.14423	5.12649
-1.78803	1.12482	5.14292	5.12583
-1.78178	1.13435	5.14226	5.1255
-1.77653	1.1465	5.14095	5.12616
-1.77489	1.14782	5.1416	5.12846
-1.77193	1.14552	5.14325	5.12912
-1.77357	1.14486	5.14489	5.12945
-1.7739	1.13927	5.14686	5.12879
-1.77718	1.12942	5.14587	5.1255
-1.76667	1.14092	5.14489	5.12353
-1.77883	1.12843	5.14587	5.12288
-1.78638	1.11463	5.14587	5.12386
-1.77981	1.11726	5.14456	5.12452
-1.77981	1.12679	5.14456	5.12452
-1.78343	1.12515	5.14489	5.12386
-1.78408	1.12942	5.14423	5.12156
-1.78803	1.12416	5.1439	5.12156
-1.77718	1.13468	5.14357	5.12518
-1.77718	1.12975	5.14325	5.12748
-1.76799	1.14223	5.14522	5.1278
-1.76733	1.13927	5.14686	5.12583
-1.75944	1.15012	5.14785	5.12485
-1.75057	1.15406	5.14719	5.12616
-1.74433	1.16129	5.14522	5.12452
-1.7486	1.15537	5.14357	5.12419
-1.74302	1.16589	5.1439	5.12518
-1.74433	1.16983	5.14357	5.12386
-1.7394	1.17541	5.14423	5.12353
-1.7325	1.18461	5.14522	5.12419
-1.74203	1.18691	5.14587	5.12518
-1.75156	1.17607	5.14292	5.12485
-1.75254	1.16589	5.13996	5.12518
-1.74137	1.17607	5.13865	5.12452
-1.74203	1.17706	5.13865	5.12485
-1.75189	1.16556	5.13996	5.12518
-1.74959	1.17377	5.14193	5.1255
-1.74335	1.18856	5.14193	5.12616
-1.74696	1.19151	5.14456	5.1278
-1.75024	1.18888	5.14555	5.1278
-1.74729	1.19677	5.14456	5.12682
-1.75649	1.19184	5.14522	5.12583
-1.75452	1.20005	5.14653	5.1255
-1.7647	1.18199	5.14752	5.1255
-1.77094	1.17739	5.14719	5.12649
-1.76339	1.18199	5.14423	5.12616
-1.75583	1.18987	5.14259	5.12649
-1.75649	1.18133	5.14127	5.12715
-1.75846	1.17936	5.14193	5.12649
-1.75353	1.18856	5.14292	5.12583
-1.75386	1.18527	5.14325	5.1255
-1.74794	1.18823	5.14357	5.12485
-1.73842	1.19546	5.14292	5.12518
-1.73415	1.20235	5.14095	5.12452
-1.7302	1.20137	5.14029	5.1232
-1.72396	1.19841	5.14226	5.12353
-1.7187	1.20893	5.1439	5.12386
-1.71443	1.21418	5.14522	5.12353
-1.69998	1.21747	5.14357	5.12452
-1.68749	1.22864	5.1439	5.12518
-1.69012	1.23094	5.14489	5.12649
-1.68684	1.22962	5.14555	5.12846
-1.68388	1.23127	5.14522	5.12813
-1.66811	1.24178	5.14423	5.12682
-1.64938	1.25361	5.14555	5.12419
-1.63985	1.25164	5.14587	5.12222
-1.62113	1.26872	5.14555	5.12156
-1.6116	1.27956	5.14522	5.1232
-1.62934	1.26346	5.14522	5.12452
-1.63	1.26313	5.14489	5.12353
-1.62047	1.28416	5.1439	5.12419
-1.61456	1.28449	5.14325	5.12353
-1.62507	1.28088	5.14193	5.12485
-1.6231	1.28219	5.14029	5.1255
-1.62047	1.2881	5.14062	5.12649
-1.61029	1.29895	5.1416	5.1255
-1.6116	1.29303	5.14587	5.12485
-1.59944	1.29205	5.14653	5.12386
-1.57579	1.30913	5.14555	5.12288
-1.58039	1.30913	5.1439	5.12518
-1.56988	1.31274	5.1439	5.12616
-1.56725	1.32457	5.14555	5.12583
-1.56528	1.33081	5.14653	5.12682
-1.57612	1.32851	5.14686	5.12879
-1.59025	1.31504	5.14522	5.12912
-1.59287	1.32096	5.1439	5.12649
-1.60142	1.32654	5.14357	5.12353
-1.61259	1.31866	5.14259	5.12288
-1.62244	1.30749	5.14292	5.12748
-1.61949	1.31176	5.14423	5.12813
-1.62507	1.31044	5.14522	5.12748
-1.63526	1.30322	5.1462	5.12616
-1.6461	1.30092	5.14587	5.12452
-1.65365	1.28909	5.14456	5.1255
-1.66844	1.27562	5.1439	5.12813
-1.67599	1.27233	5.14325	5.1278
-1.68749	1.25919	5.14325	5.12682
-1.70031	1.25229	5.1462	5.12682
-1.70491	1.24014	5.14719	5.12715
-1.70951	1.24014	5.14653	5.12977
-1.72692	1.2201	5.1439	5.1301
-1.74992	1.19743	5.14325	5.12813
-1.76306	1.19086	5.14292	5.12682
-1.767	1.1833	5.1416	5.12616
-1.77587	1.17509	5.1416	5.1255
-1.78507	1.16326	5.14259	5.12583
-1.78901	1.15439	5.14292	5.12813
-1.78671	1.15504	5.14226	5.12912
-1.77718	1.16654	5.14062	5.1301
-1.77456	1.16753	5.14193	5.12846
-1.76799	1.17903	5.14522	5.1255
-1.77324	1.16983	5.14653	5.12386
-1.77127	1.17279	5.14587	5.12419
-1.7785	1.1695	5.14456	5.12452
-1.767	1.17969	5.14423	5.1255
-1.76109	1.17673	5.14456	5.12583
-1.7601	1.17279	5.14555	5.12649
-1.75649	1.17574	5.1462	5.12682
-1.75879	1.16786	5.14489	5.12649
-1.76897	1.15899	5.14357	5.12583
-1.75944	1.17147	5.14193	5.1255
-1.75879	1.17246	5.14226	5.12485
-1.74696	1.18297	5.14193	5.12682
-1.74532	1.19217	5.14226	5.12682
-1.74072	1.2017	5.14423	5.1255
-1.73579	1.19381	5.14423	5.12419
-1.73382	1.19611	5.1439	5.12419
-1.73152	1.20531	5.14587	5.12518
-1.72298	1.21385	5.14587	5.12616
-1.72133	1.21385	5.14423	5.12682
-1.72232	1.20958	5.14226	5.12813
-1.72363	1.20564	5.14193	5.12879
-1.71213	1.2109	5.14062	5.12616
-1.72232	1.20235	5.1416	5.12419
-1.7164	1.20695	5.14325	5.1232
-1.71411	1.21188	5.14423	5.12386
-1.7164	1.20465	5.1439	5.12452
-1.72856	1.2017	5.14423	5.12715
-1.72955	1.204	5.14423	5.12945
-1.73185	1.20597	5.14423	5.12879
-1.73152	1.21057	5.14357	5.12485
-1.74203	1.20038	5.14325	5.12288
-1.75484	1.18658	5.14456	5.12452
-1.7463	1.19381	5.14325	5.12715
-1.75123	1.18461	5.14259	5.1278
-1.74959	1.18363	5.1439	5.12649
-1.74532	1.18527	5.14423	5.12748
-1.7624	1.17147	5.14325	5.12879
-1.76043	1.18133	5.14127	5.12813
-1.77817	1.17213	5.14193	5.12682
-1.78211	1.16589	5.14193	5.12485
-1.7831	1.17049	5.14423	5.12485
-1.78638	1.16556	5.14522	5.12715
-1.78211	1.16194	5.14522	5.12846
-1.77981	1.16359	5.14456	5.12748
-1.77981	1.16096	5.14456	5.12748
-1.77948	1.15537	5.14456	5.12846
-1.7785	1.14847	5.14522	5.12879
-1.78113	1.1327	5.14752	5.12715
-1.77916	1.135	5.14686	5.12583
-1.77061	1.14617	5.14555	5.1255
-1.77883	1.13008	5.14325	5.1255
-1.77587	1.13205	5.14029	5.12649
-1.78178	1.12285	5.14062	5.12879
-1.77817	1.13073	5.14292	5.12945
-1.76569	1.14157	5.14489	5.12813
-1.77291	1.12876	5.14423	5.12649
-1.76043	1.13336	5.14357	5.12616
-1.76043	1.12843	5.1439	5.12682
-1.75649	1.12613	5.14259	5.12715
-1.74696	1.1304	5.1416	5.12813
-1.74203	1.13369	5.14127	5.1278
-1.74729	1.1327	5.14127	5.12715
-1.74597	1.14125	5.14226	5.12583
-1.7417	1.13763	5.14423	5.12386
-1.73579	1.1258	5.14555	5.12485
-1.73283	1.12449	5.14325	5.12682
-1.71838	1.1304	5.14193	5.12616
-1.72002	1.11858	5.14193	5.12583
-1.70491	1.13303	5.1439	5.12616
-1.69899	1.1304	5.14423	5.12616
-1.70589	1.14157	5.14456	5.12583
-1.70392	1.14256	5.1439	5.12518
-1.71443	1.1212	5.1416	5.12386
-1.70063	1.12646	5.1416	5.12452
-1.70589	1.12975	5.14193	5.12583
-1.70721	1.13862	5.14226	5.12616
-1.70031	1.14782	5.14357	5.1255
-1.68946	1.15537	5.14292	5.12452
-1.69144	1.15932	5.14292	5.12452
-1.68914	1.16589	5.14226	5.12682
-1.69012	1.18034	5.14357	5.1278
-1.68519	1.1902	5.14522	5.12682
-1.67994	1.19414	5.14522	5.12485
-1.68684	1.20005	5.1439	5.12386
-1.68946	1.19546	5.14193	5.12353
-1.68848	1.19414	5.14127	5.12419
-1.69505	1.1879	5.14259	5.1255
-1.69702	1.19316	5.1439	5.12616
-1.69801	1.19184	5.14423	5.12715
-1.70589	1.18593	5.14325	5.12682
-1.71936	1.17903	5.14292	5.12583
-1.71509	1.19118	5.14292	5.12682
-1.70819	1.18461	5.14292	5.12715
-1.72298	1.17541	5.14193	5.12715
-1.72495	1.1695	5.14259	5.12485
-1.7279	1.16851	5.14555	5.12222
-1.7256	1.16786	5.14719	5.12189
-1.72265	1.16589	5.14522	5.12189
-1.73349	1.14585	5.14193	5.12222
-1.73053	1.13566	5.1393	5.12419
-1.72758	1.13468	5.14029	5.12452
-1.72659	1.13763	5.14226	5.12583
-1.72856	1.1373	5.14489	5.12583
-1.7325	1.14026	5.14555	5.1255
-1.74893	1.1304	5.1462	5.12419
-1.76306	1.11858	5.14587	5.12419
-1.77094	1.10149	5.14587	5.12452
-1.76569	1.09952	5.1462	5.12518
-1.77193	1.10314	5.14522	5.12649
-1.76996	1.10543	5.14489	5.12583
-1.77291	1.09821	5.14719	5.12649
-1.76996	1.10248	5.14785	5.12715
-1.76733	1.10084	5.14686	5.12813
-1.76339	1.10314	5.14653	5.12846
-1.75222	1.10281	5.14719	5.12945
-1.75189	1.10116	5.14719	5.13109
-1.74105	1.10642	5.14686	5.12879
-1.73645	1.12186	5.14653	5.12715
-1.7348	1.1373	5.14555	5.12583
-1.73447	1.13697	5.14489	5.12386
-1.73579	1.13566	5.14522	5.12386
-1.7348	1.13336	5.1462	5.1232
-1.72626	1.13468	5.14555	5.12222
-1.72363	1.13796	5.1439	5.12255
-1.72692	1.13073	5.14259	5.12255
-1.72396	1.13927	5.1439	5.12386
-1.72495	1.13665	5.14226	5.12419
-1.72068	1.1442	5.14127	5.12583
-1.70983	1.15077	5.14292	5.12748
-1.69834	1.15472	5.14587	5.12715
-1.69209	1.16819	5.14752	5.12419
-1.69998	1.17081	5.14653	5.12222
-1.70523	1.16424	5.14456	5.1232
-1.69275	1.16589	5.14127	5.12485
-1.69242	1.16753	5.14226	5.12583
-1.68224	1.17147	5.1439	5.12583
-1.68257	1.1649	5.1439	5.1255
-1.68651	1.1626	5.14522	5.12583
-1.68552	1.17016	5.14555	5.12583
-1.69472	1.1511	5.14456	5.12518
-1.70326	1.135	5.14325	5.12583
-1.70589	1.12909	5.14259	5.12616
-1.72133	1.12055	5.1439	5.12353
-1.7394	1.10543	5.14357	5.12288
-1.74762	1.10478	5.14259	5.12419
-1.76437	1.10511	5.14259	5.12419
-1.76371	1.10051	5.14292	5.12485
-1.76634	1.11168	5.1439	5.12682
-1.78573	1.09196	5.14555	5.12715
-1.78408	1.10182	5.14555	5.12715
-1.78573	1.09886	5.14423	5.1255
-1.80051	1.06962	5.1439	5.12452
-1.79953	1.08211	5.14325	5.12485
-1.80741	1.08572	5.14456	5.12616
-1.81102	1.07718	5.14489	5.12748
-1.82055	1.06634	5.14423	5.12813
-1.82252	1.06174	5.14456	5.12616
-1.82515	1.05287	5.14522	5.12353
-1.82482	1.04958	5.14325	5.12452
-1.82482	1.04301	5.14193	5.12583
-1.83238	1.0417	5.1416	5.12715
-1.84618	1.02231	5.14357	5.12813
-1.85308	1.02067	5.14423	5.1255
-1.85603	1.0095	5.1439	5.12452
-1.85603	1.00392	5.14423	5.1255
-1.85932	1.00194	5.14357	5.1255
-1.85603	0.998659	5.14357	5.12583
-1.86096	0.994388	5.14456	5.12583
-1.85702	1.00129	5.14456	5.12649
-1.85833	0.981575	5.14522	5.12452
-1.86655	0.971061	5.14587	5.1232
-1.85998	0.967119	5.1462	5.12156
-1.85932	0.969747	5.14555	5.12189
-1.85571	0.968762	5.14423	5.12452
-1.85801	0.965148	5.14259	5.12715
-1.85308	0.964819	5.14062	5.12748
-1.86096	0.957591	5.13963	5.12682
-1.86753	0.940178	5.14127	5.1255
-1.87509	0.930651	5.14357	5.12386
-1.87673	0.924737	5.14456	5.12452
-1.87608	0.916523	5.14259	5.1255
-1.87575	0.924408	5.14127	5.1255
-1.88232	0.91718	5.14292	5.12583
-1.88232	0.924408	5.14587	5.12452
-1.8787	0.912909	5.14686	5.12386
-1.88659	0.888597	5.14522	5.12518
-1.88298	0.894183	5.14357	5.12682
-1.87673	0.902725	5.14292	5.12813
-1.86622	0.929665	5.1416	5.12879
-1.86293	0.931636	5.14193	5.12715
-1.86458	0.933279	5.14325	5.12485
-1.86753	0.938864	5.14489	5.12583
-1.85899	0.936236	5.14489	5.12748
-1.85373	0.949049	5.14423	5.12715
-1.85341	0.955948	5.14259	5.12649
-1.84092	0.978618	5.1416	5.12715
-1.83764	0.988474	5.14095	5.12748
-1.83205	0.999973	5.14193	5.12583
-1.82942	1.00293	5.14193	5.1232
-1.82975	1.02133	5.14095	5.1232
-1.82318	1.04433	5.14193	5.1255
-1.82187	1.05714	5.14292	5.12616
-1.81628	1.0578	5.14292	5.1278
-1.80938	1.07192	5.14193	5.12682
-1.80577	1.07849	5.14029	5.12649
-1.80084	1.06502	5.14127	5.12649
-1.8038	1.06667	5.14193	5.1255
-1.81431	1.05681	5.14292	5.12649
-1.80741	1.06601	5.14292	5.12748
-1.813	1.06732	5.14292	5.12682
-1.8061	1.07324	5.1439	5.12583
-1.80971	1.07652	5.14357	5.12518
-1.79558	1.08079	5.14292	5.12419
-1.78606	1.09919	5.14193	5.12419
-1.77916	1.10051	5.14193	5.12583
-1.77193	1.11201	5.14226	5.12518
-1.76141	1.12975	5.14259	5.12353
-1.77029	1.12383	5.14292	5.1232
-1.75616	1.13172	5.14193	5.12353
-1.75649	1.13402	5.14193	5.1255
-1.73973	1.15143	5.14127	5.12846
-1.73119	1.16589	5.14029	5.12879
-1.73283	1.1534	5.14259	5.12715
-1.73316	1.14552	5.14587	5.12649
-1.7187	1.1626	5.14785	5.12419
-1.7187	1.15077	5.14752	5.1255
-1.71115	1.16359	5.1462	5.12583
-1.7187	1.15209	5.14423	5.12583
-1.71805	1.15373	5.14226	5.12583
-1.70491	1.1603	5.14062	5.12485
-1.69406	1.16194	5.14357	5.12386
-1.67961	1.1603	5.14587	5.12353
-1.67698	1.17114	5.14489	5.12518
-1.67107	1.18001	5.1439	5.12616
-1.67764	1.17804	5.14259	5.12682
-1.67764	1.17771	5.1416	5.12682
-1.67862	1.1741	5.14062	5.12682
-1.67402	1.16523	5.14127	5.12583
-1.66285	1.16392	5.14325	5.12419
-1.67599	1.15209	5.14587	5.12288
-1.66252	1.16457	5.14752	5.12386
-1.65792	1.17114	5.14587	5.12649
-1.64807	1.1879	5.1439	5.12682
-1.6461	1.17607	5.1439	5.12813
-1.63624	1.19841	5.14587	5.12682
-1.63197	1.20728	5.14686	5.12419
-1.63526	1.21287	5.14555	5.12419
-1.64314	1.20465	5.1439	5.12386
-1.63953	1.20728	5.14259	5.12518
-1.64347	1.2155	5.14292	5.12715
-1.63361	1.22732	5.14456	5.12715
-1.65168	1.20663	5.14686	5.12715
-1.65858	1.2063	5.14686	5.12846
-1.653	1.19907	5.14522	5.12846
-1.6668	1.19414	5.1439	5.12813
-1.66482	1.20005	5.14226	5.1278
-1.67567	1.19644	5.14127	5.12748
-1.66745	1.20663	5.14325	5.12682
-1.68289	1.19546	5.14456	5.12649
-1.69636	1.18921	5.14423	5.12583
-1.69078	1.19677	5.14193	5.1255
-1.68782	1.19776	5.14193	5.12813
-1.68782	1.18658	5.14292	5.12879
-1.70162	1.18494	5.14325	5.1278
-1.69176	1.1902	5.14292	5.12715
-1.69439	1.19151	5.14193	5.1255
-1.70228	1.18691	5.14193	5.12616
-1.70852	1.18724	5.1439	5.12879
-1.70359	1.19151	5.14555	5.12813
-1.70096	1.19611	5.14653	5.12748
-1.70556	1.19808	5.14555	5.12616
-1.69636	1.2178	5.14522	5.12255
-1.69012	1.23028	5.14522	5.12222
-1.68421	1.23192	5.14555	5.12485
-1.68716	1.22634	5.14522	5.12583
-1.69012	1.21582	5.1439	5.12616
-1.69636	1.19907	5.14193	5.12682
-1.69768	1.19447	5.14193	5.1255
-1.70063	1.19513	5.1416	5.12419
-1.70491	1.19086	5.14325	5.12485
-1.71016	1.19348	5.1439	5.12419
-1.71082	1.19644	5.1439	5.12419
-1.71476	1.20005	5.1416	5.12649
-1.71739	1.19546	5.14226	5.1278
-1.71805	1.18856	5.14555	5.1255
-1.71148	1.18856	5.1462	5.1232
-1.71673	1.181	5.14522	5.1209
-1.72823	1.17903	5.14325	5.12123
-1.73546	1.16917	5.14127	5.12419
-1.73907	1.16293	5.14226	5.12748
-1.74696	1.16424	5.1439	5.1301
-1.74367	1.15964	5.14522	5.12945
-1.75189	1.15274	5.14587	5.12813
-1.76601	1.13435	5.14522	5.12715
-1.76503	1.13172	5.14292	5.12583
-1.77423	1.11693	5.14193	5.12682
-1.77784	1.11792	5.1416	5.12945
-1.7762	1.10051	5.14062	5.12977
-1.77193	1.10478	5.14226	5.12977
-1.77489	1.09821	5.14489	5.12879
-1.78836	1.09426	5.14555	5.12682
-1.78277	1.09755	5.14357	5.1255
-1.7808	1.10051	5.1416	5.12419
-1.77226	1.11365	5.14127	5.12485
-1.77423	1.10675	5.14226	5.12649
-1.78737	1.09459	5.14423	5.1278
-1.79755	1.08309	5.1439	5.12748
-1.80018	1.07784	5.14423	5.12715
-1.80183	1.07389	5.14259	5.12682
-1.80774	1.07488	5.14062	5.12748
-1.80807	1.08244	5.1393	5.1278
-1.81365	1.08014	5.14095	5.12682
-1.80675	1.08244	5.14292	5.1255
-1.80807	1.08605	5.14522	5.12452
-1.80511	1.10642	5.1462	5.12419
-1.8061	1.11135	5.14555	5.1255
-1.8038	1.10806	5.14357	5.12682
-1.80413	1.10281	5.1416	5.12813
-1.80938	1.09328	5.14193	5.12682
-1.81464	1.09328	5.14555	5.12518
-1.81694	1.08211	5.14719	5.12485
-1.81661	1.08474	5.14555	5.12518
-1.8153	1.08178	5.14325	5.12616
-1.81957	1.08704	5.14226	5.12682
-1.81135	1.09262	5.14357	5.12846
-1.81595	1.08605	5.14489	5.12813
-1.81037	1.10182	5.1462	5.12616
-1.80445	1.10051	5.14686	5.12288
-1.80183	1.10741	5.14752	5.12255
-1.79887	1.11529	5.14653	5.12419
-1.78573	1.1327	5.14325	5.12583
-1.79033	1.11726	5.1416	5.12715
-1.78868	1.11562	5.14489	5.12649
-1.77817	1.13172	5.14653	5.12649
-1.78836	1.12285	5.14752	5.12649
-1.79394	1.10215	5.1462	5.1255
-1.77948	1.11693	5.14489	5.12485
-1.77751	1.11891	5.1416	5.1255
-1.77127	1.12252	5.13996	5.1255
-1.77259	1.11595	5.14095	5.12419
-1.76864	1.11661	5.1416	5.1255
-1.76864	1.11726	5.1416	5.12583
-1.77061	1.11759	5.14127	5.12583
-1.77094	1.11332	5.14029	5.12682
-1.77784	1.11069	5.1416	5.12715
-1.76897	1.11858	5.14226	5.12846
-1.76831	1.12843	5.14456	5.12846
-1.76043	1.13862	5.14653	5.1255
-1.76273	1.14847	5.14587	5.12452
-1.77259	1.14355	5.14357	5.12583
-1.76963	1.15472	5.14259	5.12616
-1.76996	1.1626	5.14423	5.1278
-1.76536	1.16424	5.1439	5.12715
-1.76831	1.16392	5.14127	5.12419
-1.76799	1.15702	5.13963	5.12189
-1.77259	1.14125	5.14029	5.12419
-1.76569	1.1327	5.14292	5.1278
-1.76996	1.11135	5.14456	5.13043
-1.76996	1.11069	5.14555	5.12945
-1.77489	1.10675	5.14522	5.12583
-1.77226	1.11628	5.14686	5.12452
-1.77357	1.10839	5.14587	5.12419
-1.7647	1.11365	5.14292	5.12386
-1.75714	1.12219	5.14062	5.12353
-1.76273	1.1212	5.13996	5.12353
-1.74992	1.13369	5.14226	5.12485
-1.74992	1.13172	5.14555	5.1255
-1.74335	1.13369	5.14456	5.12452
-1.75156	1.12778	5.14292	5.12353
-1.74696	1.13468	5.14226	5.12255
-1.744	1.1442	5.14259	5.12288
-1.75156	1.1373	5.14292	5.12452
-1.75189	1.13796	5.14357	5.12682
-1.7509	1.1396	5.14357	5.12748
-1.74762	1.14683	5.1439	5.12649
-1.74006	1.14913	5.14325	5.12616
-1.74039	1.14092	5.14095	5.12715
-1.7394	1.13632	5.1416	5.12879
-1.7417	1.1396	5.14095	5.1278
-1.75156	1.13369	5.14062	5.12583
-1.76306	1.13336	5.14127	5.12518
-1.75386	1.13336	5.14325	5.12616
-1.75123	1.1396	5.14456	5.12748
-1.73349	1.15209	5.14193	5.1278
-1.74696	1.14683	5.1393	5.12879
-1.74006	1.14683	5.13963	5.12912
-1.75156	1.13599	5.14127	5.12715
-1.74367	1.13336	5.14555	5.12748
-1.74105	1.12778	5.14785	5.12649
-1.73875	1.13829	5.14555	5.12583
-1.7394	1.14322	5.14259	5.12682
-1.74302	1.13435	5.14062	5.12682
-1.744	1.13402	5.14127	5.1278
-1.74663	1.12712	5.1416	5.12649
-1.7601	1.12088	5.14193	5.12485
-1.76306	1.12975	5.14357	5.1232
-1.76766	1.1396	5.14489	5.12353
-1.76601	1.13303	5.14522	5.12485
-1.75879	1.1304	5.14555	5.12583
-1.75649	1.12416	5.14456	5.12616
-1.75353	1.12778	5.14489	5.12452
-1.75714	1.1327	5.14357	5.12419
-1.75156	1.13697	5.14193	5.12353
-1.7509	1.14092	5.14062	5.12353
-1.74762	1.13993	5.14095	5.12452
-1.74597	1.13993	5.14127	5.12846
-1.73776	1.1396	5.14325	5.12879
-1.74499	1.14289	5.1462	5.12616
-1.74499	1.14387	5.14686	5.12353
-1.744	1.14026	5.1439	5.12452
-1.7486	1.14256	5.14193	5.12682
-1.74827	1.13008	5.14062	5.1278
-1.73973	1.1419	5.14095	5.12846
-1.7532	1.12975	5.14127	5.1278
-1.75912	1.12745	5.14127	5.12583
-1.75879	1.12975	5.14226	5.12452
-1.7555	1.13763	5.14292	5.12386
-1.7463	1.15406	5.14325	5.12386
-1.73973	1.16457	5.14127	5.12518
-1.73185	1.16589	5.14226	5.12583
-1.72232	1.17969	5.14489	5.12386
-1.7164	1.1902	5.1462	5.12288
-1.70655	1.19086	5.14555	5.12386
-1.70195	1.18921	5.14357	5.1232
-1.70491	1.1856	5.14259	5.1232
-1.70852	1.18888	5.14095	5.12485
-1.70951	1.18658	5.14127	5.12485
-1.71575	1.1741	5.14226	5.12715
-1.72462	1.16983	5.14325	5.12977
-1.72528	1.1695	5.14325	5.1301
-1.72133	1.16326	5.14423	5.1278
-1.73842	1.13927	5.14423	5.1278
-1.73382	1.14815	5.14325	5.12846
-1.73152	1.1557	5.1416	5.12977
-1.7348	1.15833	5.14127	5.12945
-1.73776	1.1603	5.14325	5.12616
-1.72659	1.17147	5.14522	5.12485
-1.72429	1.17246	5.14587	5.12583
-1.72232	1.16884	5.14325	5.12583
-1.73349	1.16063	5.14062	5.12518
-1.7417	1.15373	5.14095	5.12288
-1.74367	1.1488	5.14325	5.12189
-1.74105	1.1488	5.1439	5.12288
-1.75419	1.13073	5.14325	5.12288
-1.75189	1.14355	5.1416	5.12452
-1.76043	1.14453	5.14127	5.12452
-1.75813	1.14585	5.13865	5.12419
-1.76996	1.135	5.13865	5.12386
-1.76174	1.1373	5.14029	5.12255
-1.76076	1.13927	5.14062	5.12189
-1.77193	1.13829	5.13996	5.12255
-1.7785	1.13632	5.1393	5.12419
-1.78146	1.12876	5.13996	5.1255
-1.78967	1.12186	5.14226	5.12616
-1.80675	1.10084	5.14522	5.12682
-1.81858	1.08605	5.1462	5.12715
-1.8153	1.08999	5.14522	5.12616
-1.81201	1.08211	5.14522	5.12452
-1.81924	1.07028	5.1439	5.12222
-1.8176	1.06831	5.14325	5.12222
-1.81398	1.06305	5.14292	5.12452
-1.80938	1.05977	5.14587	5.1255
-1.81891	1.0555	5.1485	5.12452
-1.82877	1.05123	5.14817	5.12452
-1.84125	1.04268	5.14587	5.12583
-1.83468	1.05287	5.14423	5.1255
-1.83764	1.04794	5.14423	5.12616
-1.83074	1.05188	5.14456	5.12649
-1.83205	1.05944	5.14522	5.1255
-1.83041	1.067	5.14555	5.12452
-1.82318	1.07849	5.14653	5.1232
-1.82417	1.06897	5.14653	5.1232
-1.82187	1.07127	5.14489	5.12419
-1.81595	1.07521	5.14489	5.12485
-1.82022	1.06634	5.14522	5.1255
-1.82614	1.05845	5.14522	5.1255
-1.82187	1.06075	5.14357	5.12386
-1.813	1.07127	5.14292	5.12353
-1.81497	1.05878	5.1439	5.12452
-1.81562	1.04728	5.14522	5.12485
-1.80938	1.05254	5.14587	5.12682
-1.80905	1.05681	5.14653	5.12682
-1.80544	1.0555	5.14555	5.12682
-1.80084	1.05484	5.14357	5.12715
-1.78507	1.06995	5.14292	5.12649
-1.7831	1.06765	5.1416	5.12682
-1.78376	1.07849	5.14226	5.12748
-1.77489	1.08901	5.14292	5.12813
-1.767	1.09919	5.14226	5.12813
-1.76536	1.10642	5.14522	5.12682
-1.75813	1.11431	5.14785	5.12419
-1.75616	1.11726	5.14817	5.12386
-1.75813	1.11923	5.14587	5.12485
-1.74236	1.135	5.14555	5.12682
-1.73842	1.13533	5.14653	5.12583
-1.73776	1.14387	5.14555	5.12518
-1.73842	1.14289	5.14555	5.1255
-1.74335	1.13895	5.14522	5.1255
-1.75222	1.12679	5.14489	5.12419
-1.76207	1.11792	5.14259	5.12353
-1.75024	1.12482	5.14127	5.12682
-1.74137	1.14355	5.14193	5.1301
-1.73645	1.14157	5.1439	5.12945
-1.73743	1.14815	5.14653	5.12748
-1.73973	1.14913	5.14653	5.12682
-1.73415	1.16162	5.14522	5.1255
-1.74006	1.1626	5.14292	5.12485
-1.73677	1.17049	5.14062	5.12386
-1.73677	1.16851	5.1416	5.12419
-1.75123	1.1603	5.14226	5.12616
-1.75583	1.1603	5.14357	5.12583
-1.76109	1.15373	5.14456	5.12419
-1.75517	1.14453	5.14522	5.12419
-1.7555	1.14585	5.14423	5.12583
-1.75682	1.14683	5.14423	5.1255
-1.7578	1.14585	5.14423	5.12485
-1.75419	1.14092	5.14423	5.12583
-1.75846	1.1396	5.14357	5.1255
-1.75977	1.13632	5.14292	5.12518
-1.76339	1.14125	5.14357	5.12485
-1.76306	1.12515	5.1439	5.12518
-1.7624	1.12055	5.14423	5.12649
-1.76503	1.10741	5.14325	5.12682
-1.76404	1.11332	5.14292	5.12419
-1.76174	1.10445	5.1439	5.12419
-1.75156	1.11135	5.14423	5.12419
-1.73776	1.12515	5.1439	5.12156
-1.7394	1.12548	5.14292	5.12189
-1.74236	1.12153	5.14292	5.12452
-1.74959	1.10971	5.14423	5.12649
-1.73842	1.11431	5.14489	5.12682
-1.73579	1.11431	5.14555	5.12583
-1.74105	1.10905	5.1462	5.12452
-1.7348	1.10576	5.14555	5.12452
-1.72725	1.11923	5.14522	5.12452
-1.7256	1.12646	5.14522	5.12386
-1.72758	1.11989	5.14489	5.12288
-1.71903	1.13238	5.14489	5.1232
-1.72265	1.1258	5.14325	5.12485
-1.71805	1.1281	5.14226	5.1278
-1.721	1.12712	5.14095	5.12945
-1.71279	1.13665	5.1416	5.12616
-1.72396	1.12219	5.14292	5.12386
-1.73119	1.11595	5.14522	5.1232
-1.72692	1.14157	5.1462	5.12386
-1.72955	1.14157	5.14522	5.1255
-1.72495	1.13697	5.14357	5.12583
-1.72068	1.14946	5.14226	5.12583
-1.72363	1.14617	5.14193	5.12682
-1.7371	1.13599	5.14259	5.12616
-1.74762	1.12613	5.14325	5.12353
-1.74302	1.12613	5.14653	5.1232
-1.74992	1.12416	5.14653	5.12353
-1.75846	1.11956	5.14357	5.1232
-1.75353	1.11398	5.14193	5.12452
-1.7509	1.10445	5.14193	5.12583
-1.75156	1.09854	5.14259	5.12682
-1.7532	1.09229	5.1439	5.12748
-1.75977	1.08277	5.1439	5.12583
-1.75254	1.08244	5.14259	5.12452
-1.75616	1.07784	5.14226	5.12419
-1.75649	1.08178	5.14357	5.12583
-1.7509	1.09295	5.14357	5.12649
-1.76733	1.07061	5.14456	5.12485
-1.77226	1.05451	5.14456	5.12452
-1.78178	1.05123	5.14489	5.12419
-1.7877	1.04531	5.14292	5.12353
-1.80051	1.03086	5.14095	5.1232
-1.80183	1.03578	5.14029	5.12386
-1.81004	1.02593	5.14193	5.12485
-1.81727	1.01344	5.14325	5.12419
-1.81168	1.00819	5.1439	5.12353
-1.82482	0.990774	5.14456	5.12583
-1.82877	0.993402	5.14522	5.12846
-1.82154	1.00162	5.14456	5.1301
-1.83369	0.998002	5.1439	5.13076
-1.82614	1.00556	5.14423	5.12912
-1.83402	0.997345	5.14325	5.12813
-1.84454	0.988803	5.1439	5.12715
-1.84224	0.986831	5.1439	5.1255
-1.83567	0.98486	5.14292	5.12452
-1.83895	0.980918	5.14423	5.12452
-1.84421	0.975661	5.14357	5.12419
-1.83961	0.98026	5.1439	5.12452
-1.83337	0.99833	5.14259	5.12419
-1.83632	1.00063	5.14259	5.12485
-1.83862	1.00622	5.14193	5.1255
-1.82482	1.01509	5.14325	5.12682
-1.83139	1.00392	5.14357	5.1278
-1.82187	1.00819	5.14357	5.12813
-1.81497	1.00852	5.14357	5.12715
-1.80511	1.0233	5.1439	5.12485
-1.79854	1.02264	5.14423	5.12353
-1.79066	1.02987	5.1462	5.1232
-1.79066	1.02823	5.14653	5.12452
-1.78376	1.03644	5.14587	5.12583
-1.77653	1.04925	5.14357	5.12616
-1.76831	1.06437	5.1439	5.12518
-1.76109	1.07685	5.14587	5.12419
-1.76601	1.06305	5.14752	5.12452
-1.76799	1.07389	5.14752	5.12452
-1.76076	1.08277	5.1462	5.12518
-1.74597	1.08835	5.14522	5.12419
-1.75156	1.07718	5.14522	5.12386
-1.75419	1.07685	5.1462	5.12518
-1.7463	1.10149	5.14555	5.12583
-1.73776	1.10971	5.14522	5.12518
-1.73415	1.10379	5.1462	5.1255
-1.7325	1.10741	5.14522	5.12518
-1.72298	1.1281	5.14423	5.12485
-1.72429	1.11168	5.14423	5.12518
-1.72429	1.10905	5.14292	5.12386
-1.71706	1.11726	5.14292	5.12452
-1.71903	1.11496	5.14259	5.12518
-1.7302	1.11661	5.14259	5.12419
-1.73677	1.11923	5.1416	5.1255
-1.72265	1.13303	5.14226	5.12682
-1.72166	1.13205	5.14259	5.12649
-1.72528	1.1304	5.14555	5.12452
-1.7164	1.13172	5.1462	5.12288
-1.72232	1.1419	5.14357	5.1232
-1.72166	1.1465	5.1416	5.12616
-1.72922	1.14125	5.14095	5.12715
-1.73086	1.14355	5.14193	5.12583
-1.7279	1.15472	5.14423	5.12583
-1.7256	1.16556	5.14587	5.12682
-1.7164	1.1672	5.1462	5.12616
-1.71706	1.16819	5.14489	5.12583
-1.72922	1.16556	5.14357	5.1255
-1.72856	1.15866	5.14325	5.12583
-1.73677	1.16392	5.14259	5.12715
-1.73349	1.16851	5.14357	5.12879
-1.73513	1.17771	5.14489	5.12748
-1.7279	1.17804	5.14489	5.12616
-1.72363	1.1879	5.14325	5.12156
-1.72462	1.18987	5.14062	5.12189
-1.73513	1.17607	5.14127	5.12583
-1.73119	1.18987	5.14259	5.12945
-1.72495	1.19743	5.14292	5.12846
-1.72002	1.19414	5.14292	5.1278
-1.71772	1.18133	5.1439	5.12518
-1.70951	1.18856	5.14489	5.12419
-1.70162	1.20203	5.14555	5.12419
-1.70589	1.19578	5.14587	5.12419
-1.70326	1.19348	5.1462	5.12583
-1.69801	1.19053	5.14555	5.1278
-1.70063	1.18396	5.1439	5.12649
-1.70819	1.17607	5.1416	5.12419
-1.70392	1.1833	5.14029	5.12386
-1.70458	1.17936	5.14127	5.1255
-1.70425	1.17311	5.14226	5.12748
-1.72133	1.14946	5.14193	5.12813
-1.72068	1.15833	5.1439	5.12518
-1.70688	1.1626	5.14555	5.12189
-1.71312	1.15045	5.14489	5.1209
-1.71181	1.1419	5.14259	5.12255
-1.72692	1.12515	5.14292	5.12419
-1.7371	1.11135	5.14325	5.12452
-1.72955	1.12186	5.14292	5.12288
-1.72856	1.13172	5.14292	5.12353
-1.72823	1.13303	5.1439	5.12419
-1.73579	1.12022	5.14456	5.12452
-1.74499	1.12416	5.14456	5.12386
-1.74072	1.1235	5.14259	5.12288
-1.74137	1.12712	5.14259	5.1232
-1.74039	1.12909	5.1439	5.12485
-1.74827	1.12843	5.14489	5.12583
-1.73842	1.13008	5.14489	5.12419
-1.74269	1.13106	5.14423	5.12353
-1.74696	1.13632	5.14456	5.1255
-1.74827	1.13205	5.14522	5.12813
-1.74729	1.13139	5.14489	5.12912
-1.74597	1.12679	5.14259	5.12846
-1.74564	1.12613	5.1439	5.12682
-1.74433	1.13369	5.14357	5.12616
-1.75879	1.13402	5.1439	5.12682
-1.74959	1.14026	5.14357	5.12649
-1.74992	1.14223	5.1439	5.1255
-1.7532	1.15406	5.14555	5.12452
-1.75879	1.15504	5.14653	5.12518
-1.75484	1.16392	5.14555	5.12452
-1.75156	1.16326	5.14423	5.12452
-1.75024	1.16457	5.14456	5.12682
-1.76043	1.15734	5.14259	5.12682
-1.75944	1.16654	5.1416	5.12813
-1.75024	1.16753	5.14357	5.12682
-1.74959	1.17279	5.14522	5.1255
-1.74302	1.17541	5.14686	5.12386
-1.73907	1.1764	5.14653	5.12452
-1.74072	1.18067	5.14522	5.1255
-1.73842	1.17903	5.14522	5.12715
-1.74006	1.18264	5.14555	5.12846
-1.72823	1.1856	5.14357	5.12748
-1.72133	1.1925	5.14226	5.12518
-1.72922	1.18757	5.14062	5.12288
-1.72988	1.17541	5.14226	5.12386
-1.72462	1.17509	5.14259	5.12353
-1.71706	1.18363	5.1439	5.12419
-1.70885	1.1925	5.14555	5.1255
-1.72462	1.17574	5.14653	5.12748
-1.73415	1.18067	5.14587	5.12682
-1.72626	1.18297	5.14653	5.1232
-1.72232	1.18034	5.14522	5.12222
-1.72166	1.17246	5.14423	5.12518
-1.7187	1.17607	5.14423	5.12649
-1.73053	1.15964	5.14489	5.12583
-1.72199	1.17114	5.14423	5.12518
-1.72133	1.16096	5.1439	5.1255
-1.71279	1.16786	5.14489	5.12616
-1.70819	1.16884	5.14587	5.12649
-1.70918	1.17049	5.14653	5.1278
-1.71213	1.16917	5.14522	5.12682
-1.72265	1.16359	5.14489	5.12715
-1.72823	1.16654	5.14587	5.1255
-1.73053	1.17673	5.14587	5.1232
-1.72889	1.18231	5.1439	5.12255
-1.7256	1.17936	5.14259	5.12452
-1.72528	1.17936	5.14127	5.12682
-1.73119	1.18428	5.14193	5.12846
-1.72626	1.18823	5.14193	5.12813
-1.74006	1.18297	5.14357	5.12748
-1.74794	1.18166	5.14423	5.12715
-1.73447	1.18527	5.14325	5.12616
-1.74269	1.1672	5.14325	5.1255
-1.74499	1.16063	5.14292	5.12715
-1.74992	1.15307	5.1416	5.12879
-1.76799	1.13599	5.14226	5.12912
-1.77554	1.1281	5.1439	5.12715
-1.7877	1.1235	5.14522	5.12485
-1.7946	1.12285	5.14489	5.1255
-1.79985	1.11595	5.14653	5.12616
-1.79558	1.11102	5.14587	5.12616
-1.7946	1.09821	5.14193	5.12616
-1.79328	1.10116	5.13963	5.12649
-1.78803	1.10806	5.14127	5.12616
-1.80478	1.10084	5.14325	5.12485
-1.81135	1.09952	5.14489	5.12518
-1.80905	1.10314	5.14489	5.12583
-1.81234	1.10543	5.14423	5.12616
-1.82121	1.09886	5.14653	5.12649
-1.813	1.10642	5.14883	5.12649
-1.82384	1.09821	5.14916	5.1255
-1.82351	1.09591	5.14686	5.12518
-1.82975	1.08539	5.14522	5.1255
-1.83534	1.07652	5.14357	5.12452
-1.83501	1.06338	5.14292	5.12518
-1.82548	1.06371	5.1439	5.1255
-1.82121	1.06502	5.14522	5.12616
-1.8222	1.06108	5.14555	5.1255
-1.8199	1.06141	5.14489	5.12386
-1.81595	1.05583	5.14226	5.12452
-1.81234	1.0601	5.14062	5.12616
-1.80183	1.07061	5.14325	5.12879
-1.80314	1.07948	5.14456	5.12846
-1.79493	1.08474	5.14456	5.12682
-1.7969	1.08835	5.14423	5.12419
-1.79394	1.08737	5.1416	5.1255
-1.77948	1.10051	5.13897	5.1278
-1.7762	1.10609	5.13667	5.12748
-1.75977	1.12778	5.13799	5.1278
-1.75254	1.13435	5.14029	5.12715
-1.75879	1.12876	5.14226	5.12583
-1.7555	1.1327	5.14226	5.12518
-1.74992	1.14552	5.14259	5.1255
-1.74466	1.15472	5.1439	5.12485
-1.7417	1.16096	5.14423	5.12583
-1.72988	1.17804	5.14325	5.12583
-1.71476	1.19874	5.14193	5.12649
-1.70918	1.20005	5.14193	5.12748
-1.71016	1.21221	5.14357	5.12682
-1.70819	1.20761	5.14259	5.12649
-1.71706	1.20005	5.14062	5.1255
-1.72396	1.20268	5.14062	5.12518
-1.71739	1.21123	5.14193	5.12649
-1.71378	1.20005	5.14325	5.12715
-1.69801	1.20794	5.14456	5.12616
-1.69439	1.2109	5.14587	5.12518
-1.69144	1.22601	5.14522	5.1255
-1.68421	1.23948	5.14456	5.12649
-1.68027	1.24014	5.14292	5.1278
-1.66909	1.24375	5.14226	5.12945
-1.66252	1.25624	5.14357	5.12748
-1.66482	1.25295	5.14193	5.12485
-1.67402	1.24835	5.14259	5.12353
-1.67205	1.24671	5.14226	5.12452
-1.67797	1.25854	5.14127	5.12583
-1.67829	1.24934	5.14095	5.12583
-1.66778	1.24966	5.13897	5.1255
-1.66844	1.25952	5.14127	5.12518
-1.66548	1.26313	5.14259	5.12419
-1.65661	1.26576	5.14325	5.1232
-1.65168	1.27365	5.14259	5.12255
-1.66712	1.26182	5.1416	5.12386
-1.66844	1.26149	5.14127	5.12583
-1.67369	1.25098	5.14127	5.12813
-1.67928	1.24835	5.14259	5.12715
-1.67895	1.24539	5.14423	5.12583
-1.66942	1.25394	5.14522	5.12518
-1.65694	1.27069	5.14423	5.12649
-1.66187	1.27792	5.14226	5.1278
-1.65464	1.27956	5.14259	5.12945
-1.66318	1.27398	5.14489	5.1278
-1.6645	1.26084	5.14456	5.12616
-1.65957	1.26281	5.14325	5.12616
-1.65497	1.25919	5.14226	5.12583
-1.67402	1.23751	5.1416	5.12616
-1.67172	1.24671	5.1439	5.12518
-1.67139	1.24474	5.14653	5.12419
-1.67994	1.23127	5.14423	5.12485
-1.67829	1.22601	5.14226	5.12583
-1.68651	1.21221	5.14127	5.12485
-1.69965	1.19381	5.14259	5.12452
-1.69932	1.18757	5.14292	5.1255
-1.69866	1.17771	5.1416	5.12616
-1.70425	1.18494	5.1416	5.12649
-1.71969	1.16556	5.1439	5.12616
-1.72035	1.15209	5.14456	5.12583
-1.72133	1.15307	5.14259	5.12616
-1.72068	1.15077	5.14062	5.12682
-1.72462	1.15012	5.14127	5.12682
-1.73645	1.14026	5.14259	5.12616
-1.73612	1.14059	5.14325	5.12452
-1.74597	1.12416	5.14555	5.12353
-1.7463	1.1373	5.14587	5.12419
-1.74696	1.13533	5.14653	5.12419
-1.744	1.14026	5.14587	5.12583
-1.75747	1.13139	5.14555	5.12682
-1.76141	1.1281	5.14456	5.12813
-1.7624	1.11989	5.1439	5.12813
-1.76667	1.11661	5.14423	5.12715
-1.76601	1.1281	5.14555	5.12518
-1.76897	1.14059	5.14555	5.12353
-1.77127	1.1258	5.14259	5.12485
-1.77127	1.11168	5.14095	5.1255
-1.77718	1.09361	5.14127	5.12485
-1.7762	1.10478	5.14029	5.12649
-1.7877	1.09361	5.14095	5.12583
-1.78671	1.08966	5.1416	5.12583
-1.78343	1.09854	5.14193	5.1255
-1.78671	1.10051	5.14193	5.12649
-1.78868	1.09295	5.1439	5.1255
-1.80117	1.07357	5.14489	5.1255
-1.81694	1.07291	5.14555	5.12452
-1.82022	1.07357	5.14456	5.12452
-1.83369	1.06404	5.14489	5.12353
-1.82581	1.06568	5.14423	5.12255
-1.83895	1.05714	5.14259	5.1232
-1.83895	1.05484	5.14325	5.12616
-1.84519	1.04893	5.14522	5.12682
-1.84454	1.05484	5.1462	5.12715
-1.84355	1.04531	5.14653	5.1255
-1.84552	1.04203	5.14423	5.12288
-1.84716	1.03973	5.1416	5.12222
-1.85472	1.02363	5.14062	5.12353
-1.85965	1.01607	5.1416	5.12386
-1.85833	1.0072	5.14357	5.12485
-1.87049	0.994059	5.1439	5.12419
-1.87673	0.990117	5.14357	5.1232
-1.86425	1.00622	5.14325	5.12222
-1.87739	0.98946	5.14357	5.1232
-1.86359	1.00096	5.14127	5.12419
-1.85768	1.00063	5.13963	5.12583
-1.86195	0.995702	5.13865	5.1255
-1.86326	0.996688	5.13897	5.12419
-1.86721	0.995373	5.14029	5.1209
-1.87443	0.98716	5.14029	5.12222
-1.86753	0.986831	5.14095	5.12485
-1.85571	0.99603	5.14193	5.1278
-1.84979	1.00589	5.14423	5.1301
-1.83862	1.01969	5.14686	5.12912
-1.83238	1.03118	5.14653	5.12715
-1.84651	1.01377	5.14456	5.1255
-1.83567	1.02297	5.14193	5.12353
-1.82449	1.03118	5.14127	5.12419
-1.82285	1.03053	5.14259	5.12682
-1.81595	1.02264	5.1439	5.12813
-1.82515	1.0187	5.14423	5.12945
-1.82909	1.00753	5.14489	5.12748
-1.82285	1.02691	5.14522	5.1255
-1.81792	1.03513	5.14259	5.12518
-1.80314	1.05024	5.14029	5.12616
-1.80117	1.05747	5.13897	5.12748
-1.80248	1.04268	5.13897	5.12813
-1.79098	1.06667	5.14062	5.12583
-1.79854	1.05714	5.14193	5.1255
-1.78934	1.06995	5.14259	5.12452
-1.78573	1.0693	5.13996	5.12583
-1.7739	1.07554	5.13799	5.12518
-1.77357	1.067	5.13733	5.12649
-1.76601	1.07488	5.13963	5.12682
-1.77094	1.07817	5.14193	5.12813
-1.77784	1.0624	5.14259	5.1278
-1.76339	1.07488	5.14522	5.12616
-1.76043	1.08572	5.14522	5.12452
-1.76306	1.07291	5.14423	5.1255
-1.76273	1.0693	5.14325	5.1278
-1.76109	1.05977	5.14259	5.12879
-1.76437	1.0624	5.14226	5.1278
-1.77653	1.0509	5.1439	5.12682
-1.78803	1.02888	5.14325	5.12616
-1.78868	1.0279	5.14193	5.12518
-1.79263	1.02823	5.1416	5.12715
-1.79394	1.03053	5.14062	5.12879
-1.77686	1.04958	5.14127	5.1301
-1.77981	1.0463	5.1416	5.12977
-1.77259	1.05254	5.14292	5.12879
-1.77127	1.05944	5.14423	5.12715
-1.77094	1.05977	5.1439	5.12682
-1.76141	1.07619	5.14259	5.1278
-1.75386	1.08802	5.14226	5.12879
-1.74729	1.09689	5.14259	5.12715
-1.74597	1.09624	5.14259	5.1255
-1.74269	1.09525	5.14259	5.12419
-1.74926	1.08999	5.14226	5.12485
-1.74433	1.09492	5.14292	5.12419
-1.73447	1.09394	5.14226	5.12419
-1.72298	1.11496	5.14193	5.1255
-1.7256	1.11463	5.14226	5.12846
-1.71838	1.11628	5.14489	5.1278
-1.71772	1.12613	5.1462	5.12616
-1.70655	1.12679	5.14555	5.12682
-1.68158	1.14157	5.14522	5.12748
-1.67205	1.15077	5.1439	5.12682
-1.65825	1.158	5.14259	5.12616
-1.6369	1.17279	5.14357	5.12583
-1.65168	1.15274	5.14357	5.12616
-1.64117	1.15439	5.14292	5.12419
-1.6369	1.15504	5.14062	5.12288
-1.62113	1.15899	5.14029	5.12288
-1.62211	1.14946	5.14062	5.12452
-1.61883	1.14289	5.14127	5.12616
-1.59912	1.16129	5.14127	5.12682
-1.58302	1.17969	5.14127	5.12748
-1.57907	1.17311	5.14193	5.12682
-1.5679	1.18166	5.14226	5.1255
-1.56133	1.18034	5.14292	5.12583
-1.55903	1.17936	5.14423	5.12748
-1.54326	1.19053	5.14522	5.12649
-1.55443	1.204	5.14456	5.12419
-1.55443	1.20235	5.14357	5.1232
-1.56166	1.20827	5.14226	5.12452
-1.55148	1.22207	5.14029	5.12616
-1.53604	1.23127	5.13963	5.1278
-1.53801	1.20761	5.1416	5.12879
-1.54852	1.19907	5.14325	5.12912
-1.54195	1.20597	5.14423	5.12649
-1.54294	1.2224	5.14489	5.12386
-1.54162	1.21812	5.14423	5.12288
-1.53406	1.21221	5.14456	5.12386
-1.54688	1.22305	5.14423	5.12518
-1.54326	1.22601	5.14325	5.12583
-1.54556	1.22075	5.14259	5.12583
-1.57152	1.20301	5.14292	5.12583
-1.57349	1.20433	5.14292	5.12649
-1.58959	1.20268	5.14259	5.12682
-1.59714	1.19578	5.14193	5.12748
-1.60963	1.1948	5.1416	5.12616
-1.61061	1.19677	5.14259	5.12452
-1.62408	1.19381	5.14226	5.12419
-1.64281	1.17574	5.14259	5.1255
-1.6576	1.17903	5.14193	5.12616
-1.66778	1.15964	5.14062	5.12452
-1.66351	1.16523	5.1393	5.12353
-1.67008	1.15373	5.13897	5.12452
-1.66745	1.15702	5.14127	5.12518
-1.67107	1.14552	5.14325	5.12616
-1.67008	1.15242	5.14325	5.1255
-1.66844	1.14617	5.14226	5.1255
-1.67928	1.12646	5.1439	5.12485
-1.68815	1.11562	5.14489	5.12485
-1.68979	1.11726	5.14653	5.12452
-1.68651	1.11792	5.14587	5.12386
-1.69144	1.12515	5.14587	5.12419
-1.69308	1.11595	5.14555	5.12452
-1.69834	1.11036	5.14489	5.12419
-1.70063	1.10773	5.14522	5.12353
-1.69866	1.10576	5.14456	5.12452
-1.69571	1.10182	5.14325	5.12518
-1.70228	1.08638	5.14522	5.12748
-1.70819	1.08277	5.14555	5.12846
-1.70819	1.06568	5.14489	5.12715
-1.70425	1.07587	5.14357	5.12485
-1.721	1.067	5.14095	5.12386
-1.71805	1.06535	5.13865	5.12419
-1.72265	1.0532	5.13832	5.12419
-1.7233	1.05254	5.14127	5.12386
-1.71706	1.0486	5.14325	5.12452
-1.7279	1.03973	5.14522	5.12583
-1.72298	1.04367	5.14587	5.12583
-1.71805	1.04367	5.14489	5.12682
-1.72462	1.03743	5.14423	5.12846
-1.73086	1.03611	5.1439	5.12945
-1.73973	1.02691	5.14292	5.12879
-1.74532	1.01706	5.14292	5.12813
-1.75386	1.01476	5.14423	5.12616
-1.75254	1.02297	5.14423	5.12419
-1.75254	1.02626	5.14325	5.1232
-1.75517	1.03053	5.1439	5.1232
-1.76536	1.01969	5.14522	5.12419
-1.7808	1.00063	5.14587	5.12419
-1.77883	0.992088	5.14653	5.1232
-1.79361	0.980589	5.14456	5.1255
-1.80084	0.98486	5.1416	5.12715
-1.8015	0.994059	5.14029	5.12846
-1.80643	0.991759	5.14062	5.12945
-1.80905	0.986174	5.14127	5.1301
-1.81464	0.98026	5.14062	5.12748
-1.8153	0.993402	5.13996	5.12583
-1.8199	0.99603	5.13996	5.12649
-1.82384	0.983874	5.14095	5.12583
-1.84256	0.976975	5.1416	5.12649
-1.84454	0.987488	5.14259	5.1278
-1.84454	0.993731	5.14226	5.12649
-1.85275	0.989131	5.14357	5.12452
-1.85899	0.984203	5.14522	5.12583
-1.85998	0.972047	5.14489	5.12846
-1.85833	0.969747	5.14357	5.12879
-1.85899	0.954306	5.14095	5.12715
-1.86721	0.945107	5.14127	5.12419
-1.86031	0.960548	5.14325	5.12288
-1.86589	0.95562	5.14423	5.12288
-1.87016	0.965476	5.14357	5.12386
-1.87246	0.972047	5.14193	5.12518
-1.85965	0.983546	5.14193	5.12813
-1.84388	0.995045	5.1416	5.12945
-1.83139	1.00523	5.14226	5.12879
-1.82384	1.00852	5.14226	5.12682
-1.82055	1.0164	5.14423	5.12353
-1.81201	1.02954	5.14292	5.12386
-1.79821	1.05681	5.14226	5.12485
-1.78934	1.05648	5.1416	5.1255
-1.78047	1.06765	5.14292	5.12583
-1.76437	1.08047	5.14325	5.1255
-1.76043	1.09361	5.14423	5.12583
-1.74335	1.11168	5.14423	5.12715
-1.73349	1.11858	5.14127	5.12748
-1.73119	1.09919	5.13963	5.12813
-1.72495	1.09328	5.1393	5.12879
-1.71279	1.10018	5.14095	5.12813
-1.69834	1.11168	5.14292	5.12748
-1.69341	1.11266	5.14522	5.1255
-1.67139	1.12679	5.14587	5.12386
-1.65595	1.1396	5.14555	5.12353
-1.65727	1.1396	5.1439	5.12452
-1.66482	1.1419	5.14292	5.12518
-1.65792	1.13073	5.14259	5.12649
-1.65135	1.14125	5.14292	5.1278
-1.65004	1.13665	5.1439	5.1278
-1.63854	1.12778	5.1439	5.1255
-1.63	1.12449	5.14357	5.1255
-1.63164	1.12252	5.14357	5.12485
-1.65103	1.11003	5.14456	5.12353
-1.65267	1.11792	5.14423	5.12419
-1.6622	1.10675	5.14587	5.12419
-1.66581	1.10806	5.1462	5.12288
-1.67961	1.10018	5.1439	5.1232
-1.68749	1.11759	5.14226	5.12386
-1.67764	1.12876	5.1416	5.12485
-1.66909	1.14552	5.14062	5.1255
-1.66187	1.14913	5.14062	5.12518
-1.653	1.1557	5.14095	5.1255
-1.65595	1.15866	5.14095	5.1255
-1.65004	1.1787	5.14226	5.12288
-1.65661	1.18166	5.14259	5.12452
-1.65858	1.18297	5.14259	5.12518
-1.65562	1.18987	5.14292	5.12452
-1.66548	1.18133	5.14489	5.12485
-1.66252	1.18231	5.14785	5.12518
-1.67402	1.16523	5.14883	5.12583
-1.67895	1.16129	5.14686	5.12649
-1.68979	1.15077	5.14456	5.12682
-1.69538	1.15636	5.14292	5.12715
-1.69111	1.16194	5.1416	5.12748
-1.70918	1.14847	5.14259	5.12748
-1.71772	1.14157	5.14522	5.12682
-1.71082	1.1465	5.14752	5.12518
-1.71706	1.15077	5.14785	5.12452
-1.71575	1.16096	5.14587	5.1255
-1.70523	1.16753	5.14357	5.12748
-1.70162	1.1672	5.1439	5.12715
-1.69866	1.17443	5.14423	5.12518
-1.69012	1.17607	5.14489	5.12419
-1.68125	1.16851	5.1439	5.12353
-1.68125	1.16227	5.14259	5.12616
-1.69242	1.16293	5.14292	5.12879
-1.70293	1.14617	5.14325	5.12813
-1.70951	1.14026	5.14325	5.12616
-1.70326	1.12876	5.14325	5.12583
-1.71049	1.12055	5.14489	5.12518
-1.71016	1.10839	5.14423	5.12452
-1.70918	1.10478	5.14456	5.12485
-1.71575	1.10248	5.14489	5.12715
-1.71246	1.09656	5.14555	5.12945
-1.70326	1.09689	5.14587	5.12879
-1.69866	1.09295	5.14489	5.12682
-1.69045	1.09919	5.14357	5.12485
-1.68651	1.09558	5.14259	5.12452
-1.67599	1.09624	5.1416	5.12485
-1.66811	1.10084	5.14062	5.12485
-1.66285	1.11431	5.1393	5.12649
-1.65957	1.10018	5.14029	5.12583
-1.65727	1.10543	5.14325	5.12616
-1.65694	1.11759	5.1462	5.12583
-1.67698	1.10346	5.14522	5.12419
-1.68749	1.10281	5.14423	5.12485
-1.69998	1.10478	5.1439	5.12616
-1.70458	1.09426	5.14456	5.12715
-1.7187	1.08835	5.14456	5.12583
-1.73579	1.08671	5.14555	5.12386
-1.73907	1.09229	5.1462	5.12255
-1.7486	1.07455	5.14587	5.12386
-1.7532	1.06995	5.14423	5.12682
-1.76404	1.06404	5.1439	5.1278
-1.76996	1.0555	5.14522	5.12715
-1.77554	1.05583	5.14489	5.12452
-1.7854	1.05583	5.14259	5.12386
-1.79361	1.06601	5.14193	5.12222
-1.79887	1.06338	5.1416	5.12222
-1.80708	1.05221	5.14325	5.12255
-1.82647	1.04893	5.14325	5.1232
-1.84421	1.03151	5.14259	5.12452
-1.84519	1.03841	5.14489	5.12616
-1.85209	1.0302	5.14752	5.12616
-1.85538	1.00523	5.14916	5.12616
-1.86096	0.994059	5.14752	5.12715
-1.86261	0.995702	5.14522	5.12748
-1.85505	1.01246	5.14456	5.12649
-1.85012	1.01049	5.14489	5.12485
-1.85012	1.01279	5.14555	5.12518
-1.85341	1.00917	5.14555	5.1255
-1.85833	0.995045	5.14522	5.1255
-1.85538	1.00654	5.14423	5.12583
-1.84585	1.01574	5.14226	5.12518
-1.83895	1.02954	5.1416	5.12518
-1.83994	1.02527	5.1416	5.12452
-1.83172	1.04334	5.14292	5.12353
-1.82909	1.04433	5.1439	5.12288
-1.83764	1.03283	5.14292	5.12288
-1.83041	1.0417	5.14325	5.12386
-1.83107	1.0325	5.14423	5.12649
-1.83271	1.01147	5.14522	5.12649
-1.83764	1.0003	5.14522	5.12518
-1.83172	1.01246	5.14587	5.12583
-1.82712	1.0279	5.14686	5.12583
-1.82318	1.0371	5.14489	5.12485
-1.81431	1.04203	5.1416	5.12419
-1.81464	1.04137	5.14193	5.12518
-1.80478	1.0578	5.14489	5.12518
-1.79788	1.04137	5.14456	5.12419
-1.80215	1.0463	5.14357	5.12583
-1.7923	1.05418	5.14325	5.12649
-1.7716	1.07455	5.14423	5.12616
-1.76864	1.07488	5.14456	5.12616
-1.77061	1.06798	5.14325	5.12715
-1.7578	1.07915	5.14357	5.12879
-1.75649	1.08539	5.14423	5.12846
-1.75419	1.08835	5.14522	5.12583
-1.75419	1.08342	5.14653	5.12386
-1.74302	1.09459	5.14522	5.12386
-1.7325	1.10346	5.1416	5.12353
-1.73743	1.10314	5.1393	5.12452
-1.74203	1.10379	5.14095	5.12518
-1.73185	1.11168	5.14292	5.12452
-1.73382	1.11069	5.14456	5.12452
-1.74335	1.09098	5.14555	5.12485
-1.75452	1.09361	5.14719	5.1255
-1.75944	1.09032	5.14653	5.12682
-1.76569	1.09525	5.14555	5.1278
-1.77686	1.07981	5.14489	5.12682
-1.78606	1.06601	5.14456	5.1255
-1.79361	1.06864	5.14555	5.12583
-1.80544	1.05583	5.1439	5.12748
-1.80413	1.06108	5.14095	5.12912
-1.8061	1.06568	5.13996	5.12879
-1.80413	1.07291	5.14029	5.12748
-1.81004	1.07915	5.14325	5.12813
-1.81957	1.07619	5.14489	5.1278
-1.81924	1.07882	5.14489	5.12649
-1.80905	1.09689	5.14456	5.12715
-1.80413	1.10018	5.14456	5.12682
-1.79985	1.11036	5.1439	5.12846
-1.7923	1.12778	5.14423	5.12846
-1.78901	1.13895	5.14587	5.12715
-1.78441	1.14157	5.14587	5.1255
-1.7808	1.13763	5.14325	5.12649
-1.77817	1.14322	5.1416	5.12649
-1.77916	1.1373	5.14259	5.12682
-1.76601	1.14289	5.14325	5.12813
-1.7647	1.14716	5.14325	5.12748
-1.7647	1.1465	5.14259	5.12649
-1.76109	1.15406	5.14226	5.12649
-1.76371	1.14815	5.14259	5.12616
-1.75517	1.15603	5.14062	5.12682
-1.74893	1.17246	5.14062	5.12649
-1.7371	1.18396	5.14259	5.12583
-1.73546	1.1856	5.14325	5.1232
-1.7348	1.1741	5.14423	5.1232
-1.73185	1.17509	5.14456	5.12288
-1.7187	1.17739	5.14357	5.12353
-1.69801	1.204	5.14193	5.12583
-1.69275	1.2132	5.14029	5.12616
-1.68618	1.21287	5.13996	5.12682
-1.68716	1.20367	5.14127	5.12813
-1.66877	1.21254	5.14456	5.12813
-1.66909	1.21057	5.14555	5.12715
-1.65431	1.22042	5.14423	5.1255
-1.64708	1.22765	5.14127	5.1255
-1.64741	1.21582	5.13963	5.12682
-1.64478	1.20465	5.14095	5.12682
-1.6461	1.20465	5.14325	5.12616
-1.64938	1.20038	5.14456	5.12386
-1.64905	1.20761	5.14555	5.12353
-1.64774	1.21451	5.14456	5.1232
-1.64281	1.21615	5.14357	5.12386
-1.63756	1.22272	5.14522	5.12353
-1.63427	1.23159	5.14489	5.12452
-1.64281	1.23652	5.14423	5.12518
-1.63427	1.24704	5.1439	5.12452
-1.63131	1.24572	5.1439	5.1255
-1.63098	1.23718	5.14325	5.12616
-1.63953	1.22831	5.14259	5.1255
-1.65727	1.21977	5.14325	5.1278
-1.64938	1.22765	5.14456	5.12945
-1.65858	1.22141	5.14587	5.12977
-1.68388	1.21385	5.1462	5.12846
-1.68421	1.21155	5.14522	5.1255
-1.68815	1.2109	5.14423	5.12353
-1.70425	1.19743	5.14259	5.12386
-1.71838	1.1787	5.14127	5.1255
-1.72396	1.18396	5.14193	5.12616
-1.73743	1.17377	5.14325	5.12748
-1.74532	1.16884	5.14226	5.1255
-1.74992	1.16983	5.14489	5.12452
-1.74269	1.18626	5.14522	5.1255
-1.7601	1.16983	5.14489	5.12682
-1.7555	1.17476	5.14259	5.12879
-1.76043	1.16884	5.14127	5.12945
-1.76273	1.17246	5.14029	5.12846
-1.76667	1.16392	5.14259	5.12682
-1.77094	1.15603	5.1439	5.1255
-1.77456	1.15274	5.14325	5.12353
-1.77226	1.15669	5.14226	5.1232
-1.77817	1.15143	5.14193	5.12518
-1.78868	1.14585	5.14325	5.12649
-1.79394	1.14092	5.14292	5.1255
-1.79263	1.13468	5.14325	5.1255
-1.78901	1.13073	5.1439	5.12583
-1.79755	1.11332	5.14423	5.12813
-1.80281	1.10445	5.1416	5.13043
-1.8084	1.09985	5.13963	5.12945
-1.81332	1.09262	5.14029	5.12846
-1.82187	1.07849	5.1439	5.12649
-1.82712	1.06798	5.14587	5.12419
-1.83238	1.05812	5.14555	5.12485
-1.83599	1.05057	5.14423	5.1278
-1.83008	1.0417	5.14456	5.12748
-1.83107	1.03118	5.14555	5.12583
-1.82318	1.0371	5.14456	5.12419
-1.81464	1.04695	5.14456	5.12222
-1.81628	1.04137	5.14456	5.12452
-1.81004	1.05418	5.14522	5.12616
-1.8176	1.05517	5.14489	5.12616
-1.81168	1.05385	5.14325	5.12682
-1.82022	1.05123	5.14357	5.12682
-1.81858	1.04893	5.14489	5.12616
-1.81332	1.04761	5.14587	5.12649
-1.81431	1.04465	5.14653	5.12616
-1.80807	1.0509	5.1462	5.12616
-1.80445	1.06108	5.14522	5.12649
-1.79723	1.06272	5.1462	5.12616
-1.78868	1.05812	5.14357	5.12452
-1.78113	1.05911	5.14226	5.12485
-1.76831	1.07127	5.14226	5.12616
-1.77226	1.07554	5.14292	5.12682
-1.76437	1.09131	5.14292	5.12945
-1.74926	1.09919	5.14259	5.13109
-1.74794	1.10642	5.14127	5.13076
-1.73973	1.11299	5.14193	5.12912
-1.74532	1.10314	5.14259	5.12518
-1.74597	1.10511	5.14292	5.12288
-1.75024	1.10675	5.14029	5.1232
-1.75419	1.10248	5.13897	5.1232
-1.74893	1.10511	5.1393	5.12288
-1.74302	1.11135	5.14259	5.12353
-1.7325	1.13566	5.14489	5.12452
-1.7325	1.14256	5.14555	5.12452
-1.72922	1.1442	5.14653	5.12649
-1.72133	1.13697	5.14489	5.12649
-1.72232	1.12646	5.1439	5.12485
-1.72002	1.14223	5.1439	5.12616
-1.73316	1.13862	5.14456	5.12715
-1.7509	1.12876	5.14522	5.12485
-1.75649	1.12515	5.14587	5.1232
-1.75386	1.13599	5.14555	5.12255
-1.75057	1.13468	5.14456	5.12156
-1.7509	1.13533	5.14292	5.1209
-1.74663	1.13205	5.1416	5.12353
-1.7348	1.14552	5.14259	5.12485
-1.73086	1.15537	5.14555	5.12518
-1.7348	1.14815	5.14785	5.12518
-1.7348	1.15537	5.14686	5.12518
-1.7325	1.16753	5.14489	5.12583
-1.71969	1.181	5.1439	5.12682
-1.71443	1.19184	5.14325	5.12846
-1.70655	1.20465	5.1439	5.12846
-1.69899	1.21747	5.14522	5.12649
-1.69965	1.21615	5.14555	5.12452
-1.68125	1.22995	5.14489	5.1255
-1.67501	1.23422	5.14456	5.1278
-1.67238	1.2293	5.14522	5.12813
-1.67337	1.22897	5.14587	5.12945
-1.6668	1.23422	5.14587	5.12715
-1.65661	1.24572	5.14522	5.12485
-1.65497	1.24112	5.14587	5.12353
-1.6507	1.24704	5.14555	5.1232
-1.64117	1.24769	5.1439	5.12485
-1.63427	1.24507	5.14325	5.12649
-1.64675	1.23291	5.14456	5.12813
-1.62803	1.24375	5.1439	5.12813
-1.61719	1.25591	5.1439	5.12616
-1.61751	1.25558	5.14456	5.12353
-1.60372	1.26051	5.14357	5.12485
-1.60043	1.25558	5.14193	5.12485
-1.5978	1.26543	5.14062	5.12518
-1.60372	1.25821	5.14193	5.1255
-1.59123	1.26018	5.14456	5.1255
-1.57415	1.26379	5.14752	5.12452
-1.58006	1.25952	5.1462	5.12518
-1.56593	1.27135	5.14423	5.12616
-1.56856	1.26938	5.14226	5.12583
-1.57349	1.26346	5.14029	5.12715
-1.55542	1.28088	5.13963	5.12715
-1.55673	1.29172	5.14226	5.12813
-1.55049	1.28843	5.14456	5.1278
-1.55838	1.28613	5.14456	5.12452
-1.54951	1.28876	5.14127	5.12222
-1.55706	1.28416	5.13865	5.12419
-1.56889	1.27299	5.14029	5.12616
-1.56166	1.28088	5.14325	5.1278
-1.5656	1.29402	5.14423	5.12748
-1.56988	1.29106	5.1439	5.12485
-1.56528	1.29336	5.14456	5.12419
-1.5633	1.3019	5.1439	5.12419
-1.5794	1.28515	5.14325	5.12583
-1.58959	1.2858	5.14325	5.12649
-1.59944	1.28679	5.14193	5.12912
-1.61127	1.29205	5.14226	5.12616
-1.61357	1.29303	5.14325	5.12518
-1.63328	1.2812	5.14292	5.12518
-1.64183	1.27201	5.14226	5.12452
-1.64807	1.26675	5.14292	5.1255
-1.65595	1.25821	5.14357	5.1278
-1.65891	1.26379	5.14292	5.12715
-1.66088	1.25919	5.14127	5.12386
-1.66515	1.24934	5.14193	5.12255
-1.66614	1.25098	5.14292	5.12156
-1.66745	1.25032	5.14226	5.12288
-1.67567	1.25196	5.14193	5.12452
-1.66942	1.25426	5.14062	5.12649
-1.67994	1.24999	5.14127	5.12682
-1.68486	1.23718	5.1439	5.12583
-1.68585	1.23915	5.1462	5.12353
-1.68552	1.23389	5.14522	5.12255
-1.69176	1.22437	5.14292	5.12485
-1.69078	1.21977	5.14292	5.12616
-1.69308	1.22404	5.14259	5.12616
-1.69242	1.22404	5.1439	5.1255
-1.68552	1.22732	5.14325	5.12386
-1.68651	1.23685	5.14292	5.12583
-1.69899	1.21648	5.14259	5.12649
-1.69078	1.22338	5.14259	5.1255
-1.69571	1.2132	5.14259	5.12682
-1.69176	1.2178	5.14095	5.12748
-1.68158	1.23488	5.14193	5.12518
-1.67829	1.22437	5.14325	5.12222
-1.68257	1.2086	5.14292	5.12288
-1.67139	1.21878	5.1439	5.12452
-1.66482	1.21747	5.14456	5.12715
-1.67304	1.20663	5.14292	5.12649
-1.65957	1.21747	5.14193	5.12518
-1.65267	1.21517	5.14456	5.1255
-1.65825	1.20465	5.14653	5.12748
-1.66022	1.19874	5.14522	5.12813
-1.66712	1.22042	5.14193	5.12977
-1.68651	1.20695	5.13897	5.12813
-1.70556	1.18724	5.13897	5.12518
-1.69834	1.17969	5.14226	5.12419
-1.70491	1.17279	5.14489	5.12386
-1.70261	1.18593	5.14522	5.12419
-1.70293	1.1833	5.14357	5.12616
-1.71049	1.19184	5.14259	5.12879
-1.72363	1.18494	5.14325	5.1301
-1.71936	1.18691	5.1439	5.12846
-1.72166	1.19414	5.1439	5.12748
-1.71246	1.2017	5.14357	5.12715
-1.71739	1.19578	5.14325	5.12616
-1.71706	1.20498	5.1439	5.12518
-1.72495	1.19907	5.14325	5.12649
-1.73185	1.19348	5.1439	5.12715
-1.7394	1.19316	5.14357	5.12912
-1.73842	1.18987	5.1439	5.13043
-1.75024	1.18363	5.14325	5.12912
-1.76339	1.16753	5.14325	5.1278
-1.76174	1.16523	5.14292	5.12748
-1.76766	1.16753	5.14193	5.12748
-1.7624	1.16851	5.14259	5.12682
-1.76109	1.1603	5.14062	5.12616
-1.76536	1.14617	5.14127	5.12452
-1.76141	1.15209	5.14325	5.12255
-1.76601	1.14387	5.14357	5.12353
-1.767	1.14092	5.1439	5.12386
-1.7693	1.13927	5.14423	5.12419
-1.76799	1.13829	5.14259	5.12485
-1.77094	1.14092	5.14127	5.12353
-1.77489	1.12712	5.14259	5.12288
-1.76799	1.13468	5.1439	5.1232
-1.75747	1.14815	5.1439	5.12419
-1.76536	1.13566	5.14423	5.1255
-1.76404	1.12416	5.14555	5.12715
-1.77193	1.12646	5.14555	5.12682
-1.7716	1.11529	5.14587	5.12649
-1.77029	1.11299	5.14719	5.1255
-1.7647	1.11168	5.1462	5.1232
-1.76831	1.11529	5.1439	5.1232
-1.7693	1.11693	5.14127	5.12419
-1.76141	1.11726	5.13996	5.1255
-1.76109	1.12285	5.14193	5.1255
-1.76306	1.11923	5.14259	5.12452
-1.75977	1.11201	5.14489	5.12255
-1.75517	1.11398	5.14357	5.12058
-1.75649	1.10938	5.14226	5.1209
-1.75649	1.11201	5.14062	5.12058
-1.74926	1.11168	5.13996	5.12189
-1.73809	1.11168	5.1416	5.12518
-1.72199	1.13369	5.14456	5.12649
-1.7164	1.13993	5.14555	5.1255
-1.7164	1.14782	5.1439	5.12419
-1.70622	1.15734	5.14095	5.12386
-1.69636	1.16556	5.14029	5.12485
-1.68519	1.17607	5.14062	5.12682
-1.68585	1.17574	5.1416	5.1278
-1.68158	1.17443	5.14193	5.12813
-1.69209	1.17771	5.14423	5.12649
-1.69045	1.17804	5.14653	5.12485
-1.69176	1.17476	5.14555	5.1255
-1.69439	1.1787	5.14357	5.12649
-1.68651	1.18231	5.14226	5.12945
-1.68322	1.17607	5.14226	5.13175
-1.68388	1.17969	5.14325	5.12912
-1.68421	1.18199	5.1439	5.12518
-1.66811	1.1971	5.14292	5.12255
-1.653	1.20268	5.13963	5.12288
-1.6576	1.20991	5.13897	5.12419
-1.65332	1.21747	5.14259	5.12452
-1.64971	1.21812	5.1439	5.12518
-1.64643	1.21385	5.14456	5.12485
-1.64643	1.21385	5.14587	5.12386
-1.65135	1.20761	5.14522	5.12419
-1.64741	1.19874	5.14555	5.12583
-1.65661	1.2017	5.14653	5.12846
-1.66187	1.19611	5.14522	5.12945
-1.65727	1.19381	5.14423	5.12879
-1.67895	1.17804	5.14292	5.12715
-1.68749	1.17771	5.14226	5.12452
-1.68716	1.18658	5.14193	5.12616
-1.69932	1.1603	5.14226	5.12846
-1.70885	1.14815	5.14226	5.13043
-1.70688	1.14552	5.14292	5.12945
-1.70063	1.15274	5.14325	5.12748
-1.71411	1.14322	5.14423	5.1255
-1.69604	1.15833	5.14325	5.1255
-1.70753	1.14092	5.14259	5.12715
-1.71345	1.12515	5.14127	5.1278
-1.72232	1.11463	5.14127	5.12682
-1.73152	1.10116	5.14325	5.12748
-1.73119	1.08441	5.14555	5.12682
-1.7325	1.08441	5.1439	5.12583
-1.72955	1.09788	5.14259	5.12583
-1.73119	1.08309	5.14193	5.12616
-1.7256	1.08244	5.14226	5.12748
-1.73349	1.07225	5.14423	5.12682
-1.73349	1.06502	5.14555	5.12518
-1.73382	1.05057	5.14719	5.12353
-1.7348	1.03841	5.14653	5.12353
-1.73283	1.044	5.14423	5.12518
-1.72462	1.04531	5.14193	5.12715
-1.71772	1.05287	5.14259	5.12879
-1.71608	1.05977	5.14489	5.12715
-1.73447	1.04925	5.14587	5.12616
-1.74039	1.04827	5.14587	5.12485
-1.74532	1.04893	5.14555	5.1232
-1.74959	1.04794	5.14259	5.1232
-1.75123	1.03973	5.14095	5.12255
-1.75714	1.03151	5.1393	5.12353
-1.76601	1.0256	5.13963	5.12419
-1.77324	1.02527	5.14193	5.12419
-1.7762	1.0164	5.14423	5.12583
-1.77686	1.01673	5.1439	5.12616
-1.78047	1.01969	5.14226	5.12616
-1.78244	1.0233	5.14062	5.12616
-1.78441	1.01771	5.14029	5.12715
-1.78507	1.0072	5.14357	5.12616
-1.78901	1.00457	5.14522	5.12452
-1.79098	1.01443	5.14522	5.12452
-1.80018	1.01081	5.14456	5.12518
-1.79591	1.00424	5.14489	5.1255
-1.80347	1.02034	5.14522	5.12518
-1.81004	1.01771	5.14555	5.12419
-1.79525	1.02691	5.14423	5.12485
-1.79985	1.02626	5.14423	5.1255
-1.813	1.01541	5.14292	5.12419
-1.813	1.02199	5.14226	5.1232
-1.81431	1.03283	5.14127	5.12353
-1.81562	1.04663	5.1393	5.12419
-1.82614	1.03743	5.13897	5.12452
-1.83862	1.0187	5.14095	5.12353
-1.84716	1.00687	5.1439	5.1232
-1.85111	1.00326	5.14456	5.12518
-1.84716	1.00819	5.14325	5.12715
-1.85308	1.0003	5.14193	5.12583
-1.85045	1.00129	5.14325	5.12485
-1.86129	0.990445	5.14423	5.12452
-1.87246	0.978618	5.14423	5.12452
-1.8695	0.975989	5.14292	5.1255
-1.87049	0.970733	5.14226	5.12518
-1.86458	0.986174	5.1439	5.1255
-1.85768	0.990774	5.14325	5.12649
-1.85669	0.989131	5.14325	5.12813
-1.86753	0.98026	5.14522	5.12748
-1.87115	0.987488	5.14686	5.12846
-1.86983	0.986174	5.14653	5.12879
-1.85899	0.996359	5.14423	5.12846
-1.85242	1.00227	5.14325	5.1278
-1.84749	1.00852	5.14193	5.12715
-1.85012	1.01147	5.14062	5.12715
-1.85505	1.01311	5.14062	5.12649
-1.85702	1.00424	5.14095	5.12485
-1.85866	0.992745	5.1416	5.12288
-1.86293	0.988145	5.14226	5.12222
-1.86491	0.983217	5.1416	5.1255
-1.86491	0.983217	5.14325	5.1278
-1.85571	0.987817	5.14325	5.12813
-1.85571	0.989788	5.14325	5.12485
-1.85636	0.991431	5.14489	5.12123
-1.85406	0.981903	5.14587	5.1209
-1.85472	0.978618	5.14522	5.12222
-1.85768	0.983874	5.14456	5.12386
-1.86195	0.979275	5.14325	5.12518
-1.85965	0.972704	5.14357	5.1255
-1.86491	0.963833	5.14423	5.12649
-1.85603	0.980589	5.1439	5.12616
-1.85144	0.978946	5.14357	5.12452
-1.85242	0.983217	5.14423	5.12485
-1.85078	0.988474	5.14423	5.12682
-1.84256	0.986174	5.14357	5.12715
-1.84749	0.983217	5.14522	5.12649
-1.85144	0.984532	5.14653	5.12616
-1.85866	0.988474	5.1462	5.12419
-1.84454	1.0072	5.14456	5.12353
-1.84289	1.00063	5.1439	5.12518
-1.84289	1.00424	5.14259	5.12748
-1.84585	1.00622	5.14029	5.12879
-1.84059	1.00424	5.14062	5.12715
-1.83632	1.00786	5.14193	5.12452
-1.82679	1.02757	5.14226	5.12452
-1.81858	1.04071	5.14292	5.12583
-1.81037	1.04761	5.14292	5.12616
-1.81102	1.05057	5.14226	5.12682
-1.8084	1.0578	5.14292	5.12748
-1.79558	1.07192	5.14325	5.1255
-1.7923	1.08539	5.14587	5.1255
-1.78343	1.09328	5.14817	5.1255
-1.77817	1.09525	5.14916	5.12518
-1.77291	1.10741	5.14817	5.12682
-1.76897	1.12548	5.14653	5.12846
-1.76733	1.12909	5.14489	5.12846
-1.76536	1.13796	5.1439	5.12715
-1.76076	1.14946	5.14456	5.12649
-1.75123	1.158	5.14489	5.12485
-1.74597	1.16326	5.14423	5.12616
-1.74466	1.17114	5.14292	5.12518
-1.73842	1.16851	5.14127	5.12452
-1.73875	1.16457	5.14226	5.1255
-1.72823	1.1741	5.14522	5.12583
-1.72035	1.18396	5.1462	5.12518
-1.7233	1.17771	5.14522	5.12518
-1.7233	1.17049	5.14423	5.1232
-1.70951	1.1833	5.14423	5.12452
-1.69768	1.1948	5.14325	5.12616
-1.69275	1.19907	5.14357	5.12846
-1.69604	1.20663	5.14456	5.12912
-1.69111	1.20597	5.14555	5.12912
-1.68355	1.2132	5.1462	5.1278
-1.68158	1.21812	5.14489	5.12616
-1.67369	1.21977	5.14489	5.12485
-1.67271	1.22568	5.1439	5.12452
-1.66745	1.23094	5.14357	5.12583
-1.65332	1.23685	5.14357	5.12715
-1.64577	1.24178	5.14423	5.12583
-1.65234	1.23882	5.14456	5.12419
-1.6622	1.22864	5.14325	5.12353
-1.66384	1.2201	5.14095	5.12452
-1.6507	1.2293	5.13996	5.12583
-1.6507	1.23127	5.14095	5.12649
-1.65694	1.2178	5.14489	5.12518
-1.65497	1.21155	5.14653	5.12419
-1.64183	1.21188	5.14555	5.12616
-1.64413	1.20761	5.14456	5.12682
-1.6254	1.22897	5.14325	5.12715
-1.62244	1.22897	5.14193	5.12616
-1.59714	1.24342	5.14226	5.12485
-1.6001	1.23718	5.14325	5.12485
-1.60602	1.22995	5.1439	5.1232
-1.60667	1.22338	5.14456	5.12353
-1.6024	1.23192	5.14587	5.12715
-1.59714	1.23554	5.14456	5.12682
-1.61259	1.22634	5.14127	5.12649
-1.6369	1.21944	5.14259	5.1278
-1.63591	1.2155	5.14587	5.12649
-1.63657	1.21188	5.14653	5.12485
-1.6507	1.2086	5.14489	5.12583
-1.65825	1.20104	5.14292	5.12682
-1.66121	1.2132	5.14127	5.1255
-1.66909	1.19644	5.14127	5.12616
-1.68289	1.17903	5.14292	5.12616
-1.69209	1.17344	5.14489	5.12485
-1.70425	1.1649	5.14752	5.12386
-1.69998	1.1672	5.14752	5.12255
-1.69045	1.17049	5.14587	5.12386
-1.69866	1.158	5.14456	5.12583
-1.69374	1.15012	5.14456	5.1255
-1.71181	1.1396	5.1462	5.12518
-1.70918	1.13697	5.1462	5.12419
-1.70031	1.14913	5.14785	5.12485
-1.69571	1.15932	5.14719	5.12682
-1.69275	1.15472	5.1462	5.12879
-1.69078	1.1603	5.14719	5.12748
-1.69472	1.16753	5.14587	5.12518
-1.68946	1.16917	5.14522	5.12255
-1.70063	1.158	5.14555	5.12255
-1.70622	1.14223	5.14686	5.12222
-1.70195	1.14387	5.1462	5.12353
-1.71345	1.13599	5.1439	5.12518
-1.73349	1.10872	5.14292	5.12682
-1.7371	1.10018	5.14357	5.12813
-1.74203	1.09952	5.1439	5.12748
-1.75517	1.09361	5.14456	5.12813
-1.75616	1.07685	5.14292	5.1301
-1.76043	1.07357	5.14193	5.12912
-1.7532	1.08408	5.14193	5.12715
-1.74959	1.08704	5.14292	5.12583
-1.76174	1.07389	5.14522	5.1255
-1.77127	1.07817	5.14423	5.12616
-1.77456	1.07784	5.1439	5.12748
-1.78671	1.07455	5.14456	5.12715
-1.79788	1.06141	5.14456	5.12583
-1.8015	1.04827	5.14423	5.12419
-1.79953	1.04433	5.1439	5.12518
-1.79755	1.04104	5.14357	5.12748
-1.79624	1.03874	5.14423	5.12846
-1.79821	1.04006	5.14522	5.12682
-1.8015	1.0279	5.14522	5.12616
-1.80577	1.01213	5.14489	5.12813
-1.80511	1.01476	5.14423	5.1255
-1.8107	1.01739	5.14456	5.12518
-1.81168	1.00129	5.14522	5.12616
-1.82088	0.992088	5.14522	5.12682
-1.81792	0.994716	5.14587	5.12583
-1.82384	0.991102	5.14456	5.1255
-1.82417	0.986503	5.14193	5.12419
-1.82384	0.98026	5.14259	5.12419
-1.82745	0.974018	5.14522	5.12452
-1.82811	0.977632	5.14456	5.1255
-1.82679	0.984203	5.14522	5.12682
-1.83205	0.998002	5.14587	5.12748
-1.82712	1.00063	5.14653	5.12748
-1.83172	1.0049	5.1439	5.12682
-1.82417	1.00687	5.14193	5.12583
-1.82614	0.996359	5.1416	5.1255
-1.82844	0.992745	5.14226	5.12715
-1.82318	1.00884	5.1439	5.12485
-1.82811	1.00983	5.14653	5.12386
-1.83041	1.01213	5.14522	5.12288
-1.83468	1.00884	5.14325	5.12452
-1.82154	1.01311	5.14292	5.12616
-1.82449	1.01081	5.1439	5.12583
-1.82351	1.0118	5.14686	5.12485
-1.81694	1.01344	5.14719	5.12386
-1.82055	1.00819	5.14719	5.12518
-1.81628	1.02264	5.1439	5.12748
-1.81858	1.03151	5.14226	5.12912
-1.81398	1.04465	5.14062	5.12813
-1.8084	1.05451	5.14193	5.12682
-1.7992	1.06502	5.14423	5.12616
-1.80577	1.05648	5.14423	5.12583
-1.79657	1.06502	5.14226	5.12616
-1.79361	1.06502	5.14193	5.12649
-1.77916	1.07127	5.14292	5.12583
-1.78638	1.06207	5.14292	5.12616
-1.79164	1.0463	5.14292	5.12583
-1.79624	1.05254	5.14357	5.12583
-1.79525	1.05418	5.14423	5.12748
-1.7946	1.05451	5.1439	5.1301
-1.78277	1.06207	5.1439	5.1301
-1.7739	1.06437	5.14456	5.12879
-1.76766	1.07061	5.14522	5.1278
-1.76141	1.08441	5.14522	5.12583
-1.7532	1.09919	5.14555	5.12353
-1.7509	1.11299	5.1462	5.12058
-1.744	1.12252	5.14587	5.12222
-1.75024	1.11726	5.14587	5.12419
-1.7463	1.12679	5.14522	5.12715
-1.75287	1.10314	5.14555	5.12682
-1.74926	1.10018	5.14489	5.12649
-1.74762	1.09755	5.14357	5.12715
-1.74762	1.10215	5.14522	5.12583
-1.75616	1.09591	5.14587	5.12419
-1.76207	1.08769	5.14357	5.12452
-1.76437	1.08079	5.14226	5.12748
-1.7716	1.07784	5.14193	5.12715
-1.75682	1.08638	5.14423	5.12616
-1.75616	1.09229	5.14587	5.1255
-1.75517	1.10281	5.14686	5.12682
-1.74433	1.10806	5.14489	5.1278
-1.744	1.11299	5.14292	5.12616
-1.73875	1.11332	5.14193	5.12583
-1.73875	1.10905	5.14489	5.12583
-1.73119	1.11661	5.14587	5.12518
-1.72528	1.11792	5.14456	5.12419
-1.73612	1.11759	5.14292	5.12419
-1.74236	1.11463	5.14226	5.12452
-1.74466	1.11069	5.14062	5.1255
-1.74499	1.11135	5.14095	5.12485
-1.73842	1.11036	5.14127	5.12419
-1.74367	1.09492	5.1416	5.1232
-1.75977	1.08408	5.14193	5.12189
-1.76963	1.0716	5.14127	5.12058
-1.75616	1.08309	5.14029	5.12288
-1.76733	1.08014	5.14062	5.12485
-1.77718	1.0647	5.14226	5.12485
-1.77456	1.06864	5.14292	5.12452
-1.77193	1.07291	5.14456	5.12419
-1.76207	1.08079	5.14522	5.12452
-1.7739	1.0693	5.14423	5.12616
-1.77587	1.06995	5.14357	5.12715
-1.76273	1.07784	5.14259	5.12616
-1.75714	1.07389	5.14259	5.12419
-1.7578	1.07357	5.14423	5.12419
-1.75156	1.07127	5.1439	5.1255
-1.7532	1.06108	5.14292	5.12583
-1.76109	1.06305	5.14259	5.1255
-1.75714	1.06207	5.14292	5.12748
-1.75189	1.07127	5.14193	5.12879
-1.7509	1.06108	5.1416	5.12912
-1.76207	1.05024	5.14292	5.12682
-1.76864	1.03973	5.14555	5.1255
-1.76766	1.03776	5.14456	5.12616
-1.7716	1.02724	5.14259	5.12682
-1.77718	1.03546	5.14226	5.12682
-1.7785	1.03578	5.1439	5.12616
-1.77259	1.04893	5.1439	5.12616
-1.77291	1.0555	5.14357	5.12649
-1.77456	1.05287	5.14292	5.12485
-1.78146	1.03611	5.14259	5.12518
-1.79394	1.02429	5.14193	5.12616
-1.78704	1.02954	5.14062	5.12518
-1.77981	1.02658	5.14127	5.12419
-1.78146	1.03546	5.14292	5.12485
-1.77324	1.04794	5.14423	5.12452
-1.76601	1.05615	5.14325	5.12386
-1.76339	1.06174	5.14193	5.12222
-1.76996	1.05812	5.1416	5.12156
-1.77193	1.06338	5.14193	5.12353
-1.77291	1.07192	5.1439	5.12616
-1.77554	1.0693	5.14423	5.12452
-1.79985	1.05254	5.14357	5.12419
-1.80084	1.06305	5.14193	5.12452
-1.80314	1.05057	5.14029	5.12649
-1.80511	1.04203	5.13996	5.12715
-1.80774	1.0417	5.13865	5.12583
-1.81037	1.04367	5.1416	5.1232
-1.81562	1.03316	5.14259	5.12189
-1.82417	1.0187	5.14259	5.12222
-1.83599	1.00753	5.14325	5.12386
-1.83534	1.01246	5.14259	5.12485
-1.83304	1.0072	5.14226	5.12485
-1.82384	1.01771	5.1416	5.1255
-1.82515	1.01936	5.14292	5.12583
-1.81168	1.0417	5.14489	5.12616
-1.81497	1.03414	5.14587	5.12583
-1.81365	1.0371	5.14489	5.12682
-1.81595	1.03973	5.14325	5.12715
-1.81168	1.05484	5.14259	5.12945
-1.813	1.04465	5.14292	5.13109
-1.80675	1.05221	5.1439	5.12945
-1.80577	1.04761	5.14456	5.12682
-1.80347	1.04104	5.14292	5.12518
-1.79854	1.05418	5.14193	5.12616
-1.8015	1.06338	5.14095	5.12682
-1.8015	1.05484	5.14029	5.12912
-1.80675	1.04794	5.13996	5.13043
-1.80872	1.04663	5.14292	5.12945
-1.82022	1.03348	5.1439	5.12715
-1.82449	1.02921	5.14423	5.1255
-1.83337	1.01049	5.14522	5.1255
-1.83961	1.00293	5.14719	5.12616
-1.85275	0.997673	5.14719	5.12748
-1.84224	1.00556	5.14522	5.12813
-1.84914	0.990117	5.14259	5.12649
-1.85538	0.992417	5.14259	5.12583
-1.86096	0.990117	5.1439	5.12419
-1.86622	0.979603	5.14423	5.12518
-1.85866	0.986831	5.14325	5.12715
-1.86688	0.979275	5.14357	5.12813
-1.86753	0.983874	5.14325	5.1278
-1.87246	0.98256	5.14357	5.12583
-1.86589	0.984203	5.14456	5.12452
-1.86622	0.979275	5.14325	5.12452
-1.86162	0.985189	5.14259	5.12353
-1.86918	0.974347	5.14226	5.12485
-1.87345	0.972704	5.1416	5.12649
-1.86983	0.970733	5.14193	5.12649
-1.86261	0.983546	5.1439	5.12518
-1.86983	0.974347	5.14423	5.12452
-1.88166	0.956277	5.14357	5.12813
-1.87542	0.958577	5.14259	5.13043
-1.86885	0.973361	5.14357	5.13076
-1.86852	0.98026	5.1439	5.12649
-1.86753	0.977961	5.14357	5.1232
-1.88232	0.960548	5.14259	5.12288
-1.881	0.960548	5.14226	5.1255
-1.88232	0.967119	5.14325	5.12715
-1.88166	0.961534	5.14259	5.12715
-1.88199	0.962848	5.14226	5.12649
-1.88757	0.952992	5.14226	5.12649
-1.88199	0.967776	5.14127	5.12616
-1.87378	0.980589	5.14259	5.1255
-1.87213	0.973033	5.14555	5.1232
-1.88133	0.96679	5.14555	5.12123
-1.87443	0.962848	5.14456	5.12189
-1.87246	0.961205	5.14456	5.12386
-1.87246	0.964162	5.14522	5.12485
-1.8833	0.95332	5.14357	5.12649
-1.8764	0.955948	5.14292	5.12715
-1.8833	0.94215	5.1439	5.12518
-1.87049	0.954306	5.14456	5.12485
-1.8764	0.954306	5.1439	5.12583
-1.87016	0.972047	5.14423	5.12616
-1.86392	0.983874	5.14653	5.1255
-1.86589	0.981903	5.14752	5.1255
-1.87706	0.971061	5.14653	5.12649
-1.85439	0.994388	5.1439	5.12649
-1.84618	0.998659	5.14226	5.12682
-1.84158	1.00523	5.1416	5.12485
-1.83468	1.02034	5.1416	5.12419
-1.81792	1.0302	5.14325	5.12419
-1.81267	1.02987	5.14489	5.12255
-1.81332	1.02757	5.14357	5.12386
-1.80577	1.02527	5.14292	5.12485
-1.8015	1.04465	5.14193	5.12518
-1.80018	1.06765	5.14193	5.12518
-1.79033	1.07357	5.14062	5.12616
-1.79164	1.08244	5.14127	5.12682
-1.7946	1.08737	5.1416	5.12583
-1.77718	1.09196	5.14325	5.1232
-1.76864	1.09229	5.14555	5.1232
-1.77587	1.08507	5.14587	5.1255
-1.76831	1.08934	5.14456	5.12846
-1.7647	1.10314	5.14325	5.12813
-1.75846	1.10576	5.14292	5.12583
-1.75912	1.11003	5.14226	5.12353
-1.76043	1.11003	5.14193	5.12386
-1.75484	1.12055	5.14127	5.12518
-1.75024	1.12613	5.14062	5.1255
-1.74794	1.13073	5.1393	5.12452
-1.74893	1.12449	5.13996	5.12288
-1.74072	1.1396	5.14226	5.12189
-1.73842	1.13829	5.1439	5.12386
-1.73382	1.14355	5.1439	5.1255
-1.7256	1.15143	5.14456	5.12616
-1.7279	1.14749	5.1439	5.12649
-1.72495	1.15176	5.14292	5.12748
-1.71246	1.15012	5.14226	5.12715
-1.71542	1.14552	5.14193	5.1255
-1.72265	1.13927	5.14292	5.12485
-1.73086	1.13993	5.14423	5.1255
-1.73119	1.14486	5.14489	5.12649
-1.72495	1.14716	5.14522	5.12649
-1.7302	1.13566	5.14522	5.12748
-1.7279	1.14092	5.14357	5.12715
-1.744	1.12548	5.14226	5.12583
-1.73842	1.13665	5.14357	5.12518
-1.72988	1.1511	5.14456	5.12583
-1.73349	1.14552	5.14456	5.12682
-1.73776	1.14355	5.14325	5.12715
-1.74696	1.13468	5.14325	5.12846
-1.74959	1.12219	5.14292	5.1278
-1.74269	1.11069	5.14325	5.12583
-1.7348	1.12153	5.1439	5.12386
-1.73185	1.12876	5.14259	5.12452
-1.7256	1.12843	5.14325	5.1255
-1.73349	1.11233	5.1439	5.12813
-1.73546	1.12055	5.14357	5.12912
-1.72856	1.12153	5.14292	5.1278
-1.72265	1.13139	5.1439	5.12616
-1.71805	1.13599	5.14423	5.1255
-1.72068	1.13533	5.14456	5.12682
-1.72889	1.13303	5.14522	5.12912
-1.7371	1.11693	5.14489	5.12945
-1.73809	1.11069	5.14357	5.12649
-1.74269	1.09854	5.14325	5.1255
-1.73447	1.10708	5.14423	5.12452
-1.74269	1.10346	5.14292	5.12353
-1.74762	1.09722	5.14259	5.12452
-1.74663	1.09394	5.14259	5.12518
-1.76043	1.08079	5.14292	5.1255
-1.76963	1.07324	5.14456	5.12583
-1.76996	1.07455	5.14653	5.1255
-1.77489	1.07849	5.14456	5.12518
-1.76339	1.08868	5.14357	5.12583
-1.7555	1.07817	5.14127	5.12616
-1.75024	1.07652	5.14029	5.12649
-1.75977	1.07882	5.14127	5.12583
-1.77291	1.07192	5.14423	5.12583
-1.78343	1.05714	5.14785	5.12583
-1.78178	1.06108	5.14982	5.12682
-1.78277	1.06371	5.14916	5.12583
-1.79263	1.05484	5.14785	5.12485
-1.78277	1.06634	5.14456	5.12485
-1.78967	1.0578	5.14259	5.1255
-1.79723	1.04893	5.14226	5.12682
-1.79723	1.05747	5.14325	5.12649
-1.8061	1.0463	5.1439	5.12452
-1.80905	1.02658	5.14522	5.12452
-1.81727	1.02954	5.14555	5.12682
-1.81825	1.02921	5.14456	5.12846
-1.813	1.03283	5.14259	5.1278
-1.80675	1.04235	5.14292	5.12616
-1.81497	1.03808	5.14456	5.12419
-1.81595	1.04367	5.14489	5.12452
-1.81595	1.04991	5.14456	5.12583
-1.81431	1.05155	5.1439	5.12649
-1.81858	1.03874	5.1439	5.1278
-1.81924	1.04235	5.1439	5.12748
-1.81365	1.05977	5.14325	5.12682
-1.81365	1.05123	5.14325	5.12649
-1.81135	1.04663	5.14292	5.12616
-1.80807	1.04958	5.14357	5.12616
-1.79263	1.06535	5.14555	5.12649
-1.78671	1.07094	5.14686	5.12649
-1.7831	1.08769	5.14555	5.12583
-1.77817	1.09196	5.14357	5.12485
-1.78474	1.07751	5.14325	5.12189
-1.7762	1.07455	5.14555	5.11959
-1.7693	1.08539	5.14423	5.12222
-1.7739	1.08342	5.14193	5.12518
-1.77456	1.08441	5.13996	5.12682
-1.76141	1.08999	5.14193	5.12682
-1.7578	1.09886	5.14555	5.12485
-1.75123	1.11759	5.14686	5.12419
-1.74236	1.11825	5.14555	5.12485
-1.73875	1.11923	5.14095	5.12452
-1.73546	1.1281	5.13832	5.12419
-1.73086	1.12712	5.1393	5.12419
-1.72758	1.12548	5.14127	5.12255
-1.73086	1.11562	5.14226	5.12353
-1.72955	1.11201	5.1439	5.1255
-1.71608	1.1235	5.14555	5.12616
-1.71148	1.1281	5.14522	5.12748
-1.70261	1.14453	5.14259	5.12912
-1.69374	1.1442	5.1416	5.12879
-1.69308	1.14782	5.14193	5.12813
-1.68585	1.14617	5.14226	5.12682
-1.69669	1.13533	5.14456	5.1255
-1.70063	1.13927	5.14489	5.12419
-1.69012	1.14092	5.14456	5.12452
-1.68979	1.13533	5.14325	5.12583
-1.68684	1.13763	5.14325	5.12649
-1.68881	1.13697	5.14555	5.1255
-1.69472	1.13008	5.14686	5.12452
-1.69899	1.12646	5.14489	5.12452
-1.70589	1.12153	5.1439	5.12452
-1.70721	1.11069	5.1439	5.12255
-1.71575	1.10511	5.14325	5.12288
-1.72363	1.10806	5.14193	5.12452
-1.72922	1.10182	5.1416	5.12518
-1.72955	1.11168	5.14357	5.12583
-1.72922	1.11069	5.14489	5.12419
-1.72758	1.10905	5.1439	5.12485
-1.7256	1.10905	5.14193	5.12813
-1.72758	1.10773	5.14193	5.12813
-1.721	1.11628	5.14226	5.12715
-1.72725	1.10149	5.14325	5.12616
-1.74072	1.09558	5.14357	5.12386
-1.75452	1.09821	5.14292	5.12189
-1.75353	1.10281	5.14292	5.12452
-1.74597	1.10938	5.14193	5.12649
-1.74499	1.11923	5.14029	5.12715
-1.73743	1.12548	5.14029	5.12616
-1.7394	1.12909	5.14259	5.12419
-1.73677	1.11661	5.14522	5.12288
-1.73907	1.12153	5.14555	5.12222
-1.74794	1.11332	5.14522	5.1232
-1.75747	1.10412	5.14522	5.12518
-1.7555	1.11036	5.14522	5.12682
-1.75057	1.10478	5.14587	5.12419
-1.74893	1.09952	5.14653	5.12156
-1.74302	1.08999	5.14653	5.12255
-1.73776	1.08079	5.1462	5.12419
-1.72955	1.08277	5.14555	5.1255
-1.73053	1.06962	5.14423	5.12518
-1.7256	1.06765	5.14292	5.12452
-1.72462	1.06732	5.14127	5.12583
-1.72758	1.0601	5.14193	5.12649
-1.71476	1.06305	5.14325	5.12682
-1.71575	1.05714	5.14193	5.12715
-1.71805	1.0555	5.13897	5.12715
-1.71706	1.05287	5.13733	5.12649
-1.71246	1.05944	5.13766	5.1255
-1.70096	1.06042	5.1393	5.12583
-1.67994	1.08474	5.14095	5.12583
-1.67599	1.09065	5.14127	5.12649
-1.68684	1.07948	5.1393	5.12748
-1.68224	1.09361	5.13865	5.12846
-1.68519	1.09065	5.13996	5.12846
-1.68191	1.09591	5.13996	5.12813
-1.68322	1.11069	5.1416	5.12715
-1.68059	1.11496	5.14325	5.12616
-1.70031	1.11431	5.14292	5.12518
-1.69899	1.12383	5.14193	5.12452
-1.69176	1.12778	5.14127	5.12452
-1.69078	1.1281	5.14062	5.12419
-1.68782	1.13303	5.14226	5.12748
-1.70162	1.13106	5.14193	5.12813
-1.71082	1.1396	5.1416	5.12813
-1.70983	1.14289	5.14292	5.12715
-1.71739	1.12843	5.14259	5.12715
-1.72823	1.12942	5.14325	5.12748
-1.7279	1.12975	5.1439	5.12945
-1.72593	1.13369	5.14423	5.12846
-1.72199	1.13468	5.14456	5.1255
-1.7233	1.13665	5.14653	5.12485
-1.72922	1.13862	5.14653	5.1255
-1.72856	1.13862	5.1439	5.12386
-1.73875	1.13632	5.1416	5.12255
-1.72988	1.14585	5.14292	5.1232
-1.73382	1.14552	5.14522	5.12452
-1.73152	1.14059	5.14587	5.12583
-1.72298	1.15669	5.14357	5.12715
-1.73053	1.14815	5.14423	5.12583
-1.7325	1.13895	5.14357	5.12682
-1.72396	1.13993	5.14325	5.12583
-1.71805	1.14453	5.14193	5.12386
-1.71345	1.15472	5.14095	5.12222
-1.71608	1.13993	5.1416	5.12288
-1.72035	1.13303	5.14489	5.12353
-1.72856	1.10215	5.14555	5.1255
-1.74302	1.08868	5.1439	5.12518
-1.73875	1.08934	5.14292	5.12452
-1.73053	1.10511	5.1439	5.12485
-1.71805	1.09985	5.14555	5.12518
-1.72166	1.09361	5.14456	5.12353
-1.72495	1.09426	5.1416	5.1232
-1.72889	1.09525	5.14062	5.1255
-1.73283	1.09361	5.14127	5.12715
-1.73316	1.08441	5.14292	5.12813
-1.7348	1.09525	5.14357	5.12748
-1.74367	1.07849	5.14423	5.12682
-1.74827	1.08605	5.14292	5.12616
-1.75189	1.0647	5.1416	5.12649
-1.75649	1.05911	5.14127	5.12518
-1.75649	1.0532	5.14193	5.12518
-1.75714	1.04301	5.14259	5.12518
-1.76733	1.02954	5.14325	5.12386
-1.76667	1.01771	5.14456	5.12386
-1.77193	1.0141	5.14357	5.12452
-1.78408	1.00457	5.14292	5.12386
-1.77883	1.00654	5.14095	5.12353
-1.78014	1.0233	5.14127	5.12518
-1.78901	1.02494	5.14226	5.12682
-1.79197	1.02494	5.14292	5.12715
-1.79098	1.02034	5.14226	5.12682
-1.79591	1.01771	5.13996	5.12583
-1.79985	1.01311	5.13897	5.12682
-1.80872	1.0233	5.13799	5.12715
-1.81464	1.00852	5.13865	5.12682
-1.81102	0.993731	5.14226	5.1255
-1.80741	1.00063	5.1462	5.12353
-1.80445	0.999644	5.14719	5.12288
-1.79887	1.00753	5.14456	5.12485
-1.79788	1.01476	5.14193	5.12518
-1.7969	1.01344	5.14226	5.12616
-1.79755	1.02396	5.1439	5.12748
-1.78836	1.02987	5.14423	5.12813
-1.79591	1.02363	5.1439	5.12715
-1.79328	1.03118	5.1439	5.12682
-1.79558	1.03348	5.1462	5.1255
-1.7923	1.03808	5.14325	5.12452
-1.79723	1.0325	5.14062	5.12518
-1.79821	1.04367	5.13996	5.12616
-1.79755	1.03808	5.14127	5.12813
-1.79887	1.0486	5.14226	5.12649
-1.78178	1.06207	5.14292	5.12452
-1.78146	1.07488	5.14259	5.12485
-1.79328	1.07127	5.13996	5.12583
-1.79394	1.0509	5.13996	5.1255
-1.79493	1.04235	5.14062	5.12485
-1.78803	1.04794	5.14259	5.12386
-1.78146	1.06075	5.14423	5.12156
-1.7923	1.05287	5.14456	5.12123
-1.79591	1.04334	5.1439	5.12189
-1.78704	1.04531	5.14357	5.12485
-1.77883	1.05517	5.14357	5.12879
-1.79066	1.05221	5.14456	5.12912
-1.78343	1.06535	5.14719	5.12649
-1.78178	1.06272	5.14752	5.1255
-1.77489	1.05911	5.14752	5.12485
-1.77061	1.06864	5.14817	5.12386
-1.76667	1.06798	5.1462	5.12485
-1.75452	1.06864	5.14193	5.1255
-1.75123	1.05188	5.13963	5.12616
-1.74203	1.06108	5.14193	5.12649
-1.74466	1.0624	5.14456	5.12485
-1.74794	1.07455	5.14555	5.1232
-1.744	1.08769	5.14456	5.1232
-1.7371	1.08572	5.14292	5.1232
-1.7302	1.08375	5.14325	5.12353
-1.72232	1.08375	5.14686	5.12386
-1.71772	1.08671	5.14719	5.12419
-1.70983	1.08966	5.14653	5.12386
-1.70556	1.09755	5.14653	5.12386
-1.69636	1.11431	5.14522	5.12255
-1.69538	1.11891	5.1439	5.1232
-1.68421	1.11233	5.14357	5.12518
-1.68519	1.10379	5.14456	5.12616
-1.68651	1.09361	5.1462	5.12748
-1.67829	1.10051	5.14522	5.1278
-1.68848	1.09624	5.14357	5.12846
-1.70228	1.10248	5.14259	5.12945
-1.71312	1.09131	5.1416	5.12912
-1.70918	1.10379	5.14127	5.12748
-1.70589	1.11102	5.14423	5.12583
-1.70195	1.12318	5.1462	5.12518
-1.71049	1.1212	5.14555	5.12419
-1.71936	1.1212	5.14357	5.12616
-1.71936	1.11759	5.14259	5.12748
-1.71805	1.11989	5.1416	5.12715
-1.7164	1.12942	5.14127	5.12813
-1.7256	1.14092	5.14193	5.12748
-1.71838	1.14223	5.14292	5.1255
-1.71213	1.15242	5.14193	5.1232
-1.70425	1.15472	5.14062	5.12222
-1.70589	1.15143	5.14029	5.12288
-1.69866	1.16589	5.14029	5.12616
-1.68651	1.17344	5.14259	5.12945
-1.69439	1.17246	5.14357	5.12912
-1.69308	1.18133	5.14292	5.1278
-1.71345	1.16851	5.14292	5.12682
-1.71936	1.15077	5.14423	5.12682
-1.71936	1.14946	5.14423	5.12748
-1.7279	1.14355	5.14193	5.1278
-1.74236	1.12646	5.14062	5.12715
-1.74827	1.12219	5.14095	5.12616
-1.744	1.13205	5.14456	5.1232
-1.74137	1.13172	5.14686	5.12288
-1.74827	1.12876	5.14555	5.12485
-1.74499	1.11891	5.14127	5.12715
-1.75222	1.11759	5.13996	5.12846
-1.75386	1.12153	5.14259	5.12715
-1.75977	1.11069	5.1462	5.12485
-1.76371	1.11266	5.14587	5.12419
-1.75682	1.12022	5.14357	5.12616
-1.75419	1.12055	5.14062	5.12813
-1.75879	1.11595	5.13832	5.13043
-1.76306	1.10938	5.13865	5.13043
-1.75977	1.11201	5.14062	5.12879
-1.76766	1.10708	5.14259	5.12715
-1.75649	1.11661	5.1439	5.12583
-1.75484	1.10839	5.14325	5.12485
-1.76306	1.09886	5.14226	5.12649
-1.75616	1.10511	5.14127	5.12649
-1.7532	1.10609	5.14127	5.12682
-1.75583	1.10806	5.14226	5.12748
-1.75714	1.10806	5.14456	5.1278
-1.75616	1.10051	5.14456	5.12748
-1.75714	1.10839	5.1439	5.12682
-1.76339	1.10576	5.1439	5.12715
-1.7739	1.10445	5.14325	5.12649
-1.78704	1.08342	5.14259	5.12649
-1.79361	1.07554	5.1416	5.12682
-1.78507	1.08572	5.14259	5.12682
-1.78836	1.07652	5.14292	5.12813
-1.79361	1.08408	5.14522	5.12682
-1.78836	1.08605	5.14522	5.12649
-1.78638	1.08474	5.14555	5.12715
-1.78474	1.09196	5.1462	5.1255
-1.78901	1.09821	5.14555	5.12485
-1.76996	1.10609	5.14456	5.12616
-1.77489	1.10511	5.14357	5.12715
-1.77653	1.10445	5.14325	5.12846
-1.7808	1.09591	5.14193	5.12879
-1.7877	1.08211	5.14127	5.12912
-1.78901	1.07554	5.14325	5.12879
-1.78967	1.08244	5.14456	5.12912
-1.78244	1.09426	5.14587	5.12813
-1.78178	1.09985	5.14489	5.12649
-1.78638	1.10149	5.14325	5.12649
-1.77686	1.10379	5.1416	5.12748
-1.7877	1.10675	5.14029	5.12813
-1.77784	1.10938	5.14062	5.1278
-1.77324	1.12022	5.14193	5.12518
-1.7739	1.12186	5.14259	5.12189
-1.76897	1.11365	5.14226	5.12123
-1.77357	1.10741	5.1416	5.1232
-1.76799	1.10543	5.1416	5.12748
-1.76174	1.11825	5.14127	5.1301
-1.7555	1.12153	5.14127	5.12748
-1.74597	1.13895	5.14127	5.12452
-1.7417	1.15242	5.14193	5.12452
-1.73513	1.15472	5.14259	5.12386
-1.73677	1.15833	5.14423	5.12386
-1.73612	1.15669	5.14127	5.1255
-1.73349	1.14716	5.14095	5.1255
-1.72593	1.15439	5.14193	5.12386
-1.71936	1.1672	5.14357	5.12288
-1.71378	1.1603	5.14423	5.12353
-1.71345	1.16884	5.14587	5.12485
-1.71049	1.15734	5.14587	5.12682
-1.71115	1.15669	5.14489	5.12748
-1.70031	1.16457	5.14325	5.1255
-1.69866	1.16523	5.14325	5.12288
-1.69144	1.1695	5.14555	5.1232
-1.69505	1.16851	5.14752	5.12386
-1.69275	1.17081	5.14587	5.12452
-1.68914	1.16917	5.14226	5.12485
-1.68914	1.17279	5.14062	5.12682
-1.70261	1.16194	5.14226	5.1255
-1.69998	1.17016	5.14456	5.12485
-1.69669	1.17114	5.14555	5.12485
-1.70655	1.16194	5.14489	5.12518
-1.69374	1.17607	5.14522	5.1255
-1.68749	1.17969	5.14522	5.12583
-1.69571	1.17574	5.14555	5.12518
-1.69176	1.16819	5.14423	5.12649
-1.68848	1.16917	5.1416	5.12715
-1.67829	1.17739	5.14226	5.12616
-1.68092	1.18823	5.14325	5.12452
-1.68158	1.18461	5.14226	5.12386
-1.68027	1.181	5.1416	5.12353
-1.68092	1.17837	5.14292	5.12616
-1.68257	1.18527	5.14456	5.12846
-1.68684	1.18593	5.1462	5.12813
-1.68815	1.18461	5.14522	5.12748
-1.69834	1.18691	5.14325	5.12846
-1.68454	1.19184	5.14259	5.12846
-1.68585	1.18724	5.1416	5.12748
-1.69111	1.18133	5.14193	5.12715
-1.70359	1.17969	5.14325	5.12485
-1.69472	1.19086	5.14456	5.12353
-1.68749	1.20038	5.14522	5.12386
-1.68322	1.21451	5.1462	5.12189
-1.67369	1.21615	5.14456	5.12255
-1.67665	1.2201	5.14325	5.12288
-1.67107	1.23127	5.14259	5.12222
-1.66942	1.24145	5.14259	5.1232
-1.66417	1.25722	5.14325	5.12452
-1.66581	1.25722	5.14259	5.12649
-1.65858	1.27102	5.1416	5.12813
-1.66252	1.26313	5.14029	5.12879
-1.65957	1.25821	5.13963	5.12879
-1.66844	1.25065	5.14226	5.12715
-1.67304	1.24507	5.14522	5.12518
-1.67008	1.24211	5.14719	5.12386
-1.67402	1.23619	5.14686	5.12386
-1.67862	1.22272	5.14653	5.12353
-1.67731	1.22667	5.1439	5.12222
-1.67961	1.21385	5.14193	5.12353
-1.68618	1.21517	5.1416	5.1255
-1.68782	1.20827	5.14193	5.12616
-1.68388	1.21287	5.14193	5.12485
-1.67567	1.21484	5.14193	5.12255
-1.67928	1.22207	5.14259	5.12222
-1.66285	1.23422	5.14292	5.12485
-1.66811	1.23882	5.14357	5.12682
-1.66252	1.25131	5.14259	5.12715
-1.65792	1.24934	5.14357	5.12748
-1.64314	1.25624	5.14259	5.12616
-1.6461	1.25164	5.14226	5.12518
-1.64183	1.24802	5.1416	5.12419
-1.64117	1.24704	5.13996	5.1232
-1.62343	1.24736	5.13996	5.12518
-1.62179	1.24704	5.1416	5.1255
-1.62047	1.25196	5.1439	5.12583
-1.63131	1.24277	5.14325	5.1278
-1.62803	1.23817	5.1416	5.12912
-1.64215	1.22634	5.14062	5.1278
-1.64971	1.2178	5.1416	5.12813
-1.65431	1.2247	5.14292	5.12977
-1.66647	1.20433	5.14522	5.12813
-1.66778	1.2109	5.1462	5.12715
-1.67731	1.18823	5.14719	5.12682
-1.66647	1.20137	5.1462	5.1255
-1.67731	1.19217	5.14423	5.1278
-1.68027	1.19513	5.14357	5.12945
-1.68224	1.19644	5.14555	5.1278
-1.68881	1.18888	5.14686	5.12583
-1.68782	1.18494	5.14686	5.12452
-1.68355	1.18593	5.1462	5.12419
-1.68224	1.18954	5.1439	5.12452
-1.68454	1.18987	5.14193	5.12616
-1.69275	1.17541	5.14127	5.1255
-1.69998	1.16851	5.1439	5.12583
-1.70523	1.17673	5.14522	5.12518
-1.71378	1.17443	5.14456	5.12485
-1.70951	1.18428	5.14292	5.12616
-1.69768	1.18856	5.13996	5.12682
-1.69078	1.18067	5.13897	5.12649
-1.69834	1.17246	5.14193	5.1278
-1.70458	1.1741	5.14357	5.12715
-1.71115	1.17344	5.14456	5.12616
-1.70786	1.17377	5.14423	5.12419
-1.71706	1.17969	5.14357	5.1255
-1.71378	1.17706	5.14325	5.12715
-1.72035	1.17443	5.14325	5.12846
-1.72429	1.17246	5.14357	5.12682
-1.72988	1.16589	5.14456	5.12583
-1.73283	1.16917	5.14325	5.12715
-1.72626	1.16884	5.14193	5.12748
-1.74236	1.15274	5.1416	5.12748
-1.7394	1.15045	5.14292	5.12846
-1.74203	1.15472	5.14325	5.12879
-1.74499	1.14552	5.14357	5.12649
-1.74762	1.13763	5.14423	5.1255
-1.75484	1.13172	5.14489	5.12386
-1.74564	1.13533	5.14653	5.12255
-1.73842	1.14026	5.14489	5.12255
-1.74335	1.13205	5.14423	5.12419
-1.75714	1.11431	5.14555	5.12715
-1.76339	1.11102	5.14785	5.12846
-1.76864	1.10412	5.14752	5.12583
-1.76306	1.11365	5.14555	5.12386
-1.75649	1.11266	5.14357	5.12419
-1.75254	1.12153	5.14259	5.12518
-1.74794	1.12252	5.14292	5.12715
-1.75222	1.10478	5.14259	5.12649
-1.75879	1.10478	5.14226	5.12616
-1.76864	1.09919	5.1439	5.12419
-1.76076	1.10642	5.1462	5.12386
-1.77587	1.09131	5.14719	5.12419
-1.78343	1.09361	5.14522	5.12452
-1.7831	1.09131	5.14423	5.12518
-1.79033	1.08539	5.14325	5.12649
-1.79295	1.08211	5.14456	5.12813
-1.78671	1.09361	5.14522	5.12846
-1.78803	1.08638	5.1439	5.12813
-1.77751	1.08835	5.14292	5.12715
-1.77226	1.09394	5.14259	5.1255
-1.7647	1.10938	5.14292	5.12682
-1.7808	1.10084	5.14456	5.12616
-1.78244	1.10872	5.1439	5.1255
-1.77916	1.11365	5.14292	5.12386
-1.78638	1.10314	5.14127	5.12386
-1.78671	1.09459	5.14029	5.12386
-1.77981	1.10182	5.13996	5.1232
-1.77916	1.10642	5.14127	5.12353
-1.77587	1.10938	5.14423	5.12386
-1.77817	1.10675	5.14522	5.12288
-1.77916	1.11069	5.14489	5.12518
-1.77423	1.11398	5.14423	5.1255
-1.77423	1.10938	5.14259	5.12583
-1.77817	1.11858	5.14127	5.1255
-1.77521	1.11135	5.14095	5.12583
-1.77521	1.11365	5.14193	5.12583
-1.77587	1.10839	5.14259	5.12682
-1.77061	1.11365	5.14193	5.12616
-1.76733	1.11431	5.14127	5.12386
-1.75452	1.14782	5.14029	5.12452
-1.73907	1.16194	5.14062	5.12682
-1.73579	1.16589	5.14226	5.12813
-1.73382	1.17049	5.14226	5.12616
-1.72002	1.19217	5.1416	5.12518
-1.71542	1.1925	5.14292	5.1255
-1.71772	1.20301	5.14587	5.12912
-1.71082	1.20925	5.14489	5.12977
-1.71115	1.20071	5.14259	5.12879
-1.69439	1.21057	5.14259	5.1278
-1.68651	1.22272	5.14423	5.12616
-1.69012	1.22075	5.14719	5.12682
-1.67698	1.23849	5.14653	5.12682
-1.65957	1.25394	5.14325	5.12583
-1.65464	1.26379	5.14226	5.12616
-1.64445	1.26708	5.14423	5.12748
-1.64281	1.27168	5.1462	5.12649
-1.64774	1.27266	5.14752	5.1255
-1.65103	1.26248	5.14522	5.12419
-1.65924	1.25591	5.14489	5.12288
-1.67468	1.24572	5.14456	5.12353
-1.68322	1.23619	5.14292	5.12419
-1.67304	1.24474	5.14029	5.12419
-1.66975	1.25098	5.1393	5.12518
-1.66384	1.26708	5.14062	5.12518
-1.67304	1.26149	5.14423	5.12485
-1.66318	1.25821	5.14686	5.12649
-1.66515	1.25295	5.1462	5.12748
-1.65924	1.25426	5.1439	5.12715
-1.66647	1.25459	5.14292	5.1278
-1.67534	1.23981	5.14357	5.12616
-1.66811	1.24638	5.14555	5.12353
-1.66384	1.24079	5.1462	5.12255
-1.67172	1.23784	5.14587	5.12419
-1.67665	1.23061	5.14357	5.12682
-1.68782	1.22141	5.14193	5.12748
-1.68946	1.21681	5.14193	5.12452
-1.68651	1.21648	5.14325	5.12222
-1.69275	1.20038	5.14456	5.12419
-1.71181	1.17541	5.14522	5.12583
-1.71082	1.18428	5.14489	5.12485
-1.71706	1.16983	5.14423	5.12419
-1.72659	1.16392	5.14193	5.12386
-1.71903	1.16819	5.14193	5.12419
-1.71903	1.17541	5.14095	5.12419
-1.71706	1.17804	5.14357	5.12583
-1.71706	1.17377	5.14522	5.1255
-1.71148	1.18199	5.14555	5.12485
-1.71411	1.18034	5.14325	5.12518
-1.71378	1.18264	5.14226	5.12682
-1.7164	1.17706	5.14357	5.12813
-1.71049	1.17673	5.14686	5.12715
-1.70786	1.17739	5.14653	5.1255
-1.70162	1.17016	5.14555	5.12288
-1.70261	1.16753	5.14423	5.12255
-1.70063	1.17804	5.14325	5.12353
-1.70491	1.17673	5.14193	5.12485
-1.70885	1.17213	5.14095	5.12583
-1.70983	1.17016	5.14226	5.1255
-1.71279	1.16457	5.14423	5.1255
-1.70622	1.16589	5.14456	5.12485
-1.71279	1.16622	5.1439	5.12518
-1.71378	1.17541	5.14325	5.12419
-1.71115	1.16753	5.14259	5.12452
-1.70688	1.1741	5.14423	5.12518
-1.71739	1.17476	5.14423	5.12616
-1.70918	1.17673	5.14456	5.1255
-1.71542	1.16129	5.14292	5.12583
-1.71181	1.15504	5.14193	5.12649
-1.71345	1.13632	5.14292	5.12649
-1.70819	1.13238	5.14325	5.12682
-1.70425	1.1304	5.14292	5.12748
-1.69866	1.14125	5.14292	5.1255
-1.69768	1.14946	5.14325	5.12419
-1.68946	1.16162	5.14292	5.1255
-1.68454	1.16983	5.1416	5.12649
-1.69505	1.15307	5.14095	5.12649
-1.69702	1.14585	5.14127	5.12518
-1.70622	1.12909	5.14259	5.12485
-1.7233	1.12548	5.14095	5.12616
-1.73119	1.11365	5.13996	5.12748
-1.73316	1.11825	5.14029	5.12748
-1.73349	1.11496	5.14127	5.12846
-1.75024	1.09788	5.14226	5.12846
-1.7647	1.08638	5.14489	5.12682
-1.76996	1.08047	5.14587	5.1255
-1.77554	1.08211	5.1462	5.12419
-1.78113	1.07192	5.14555	5.12452
-1.79263	1.06667	5.14357	5.12452
-1.78441	1.07291	5.14259	5.1255
-1.77423	1.07784	5.14062	5.1255
-1.76996	1.08047	5.14095	5.12649
-1.77981	1.06962	5.14259	5.12583
-1.79361	1.0578	5.1439	5.12485
-1.79854	1.05418	5.14325	5.12353
-1.8038	1.05155	5.14325	5.12255
-1.80872	1.04071	5.14423	5.12222
-1.82055	1.03513	5.14259	5.12452
-1.8222	1.02297	5.1416	5.12616
-1.82581	1.02363	5.14127	5.12649
-1.83304	1.01344	5.1416	5.12682
-1.83599	1.00326	5.14226	5.12649
-1.83731	0.997673	5.14292	5.12715
-1.83764	0.98716	5.14259	5.12616
-1.85144	0.991102	5.14226	5.12419
-1.85341	0.982232	5.14357	5.12419
-1.85012	0.983874	5.14489	5.12452
-1.85472	0.971718	5.14555	5.12452
-1.84651	0.990117	5.14456	5.12583
-1.85078	0.999973	5.1439	5.12649
-1.85111	0.996359	5.14357	5.12649
-1.85111	0.994059	5.14325	5.12682
-1.84914	0.988474	5.14423	5.12682
-1.84388	0.978618	5.14522	5.12518
-1.84454	0.979275	5.1462	5.12518
-1.84618	0.985189	5.14423	5.12583
-1.85012	0.986831	5.14127	5.12616
-1.84848	0.995702	5.1416	5.1255
-1.84979	0.989788	5.14259	5.12419
-1.84914	0.990445	5.14325	5.12419
-1.84618	0.985517	5.1439	5.12485
-1.85308	0.994388	5.14456	5.12485
-1.84979	0.990774	5.14456	5.12583
-1.84716	0.984532	5.14456	5.12583
-1.84519	0.979932	5.14423	5.12583
-1.83238	0.989131	5.14423	5.12452
-1.81924	1.00556	5.14489	5.12485
-1.80971	1.01476	5.14456	5.12518
-1.80774	1.02429	5.14292	5.12452
-1.80347	1.0279	5.1393	5.12583
-1.80051	1.02724	5.13832	5.12846
-1.7992	1.03578	5.14062	5.12813
-1.80741	1.0302	5.14423	5.12715
-1.80774	1.04203	5.14587	5.12518
-1.79755	1.04367	5.14555	5.12452
-1.80051	1.04958	5.14456	5.12518
-1.81661	1.03677	5.14357	5.12419
-1.8176	1.03217	5.14226	5.12386
-1.82154	1.03086	5.14062	5.1255
-1.81924	1.03348	5.1416	5.12616
-1.81858	1.0279	5.1439	5.12649
-1.82844	1.02396	5.14489	5.12846
-1.83041	1.01541	5.14456	5.13043
-1.83041	1.0187	5.1439	5.12879
-1.82844	1.01936	5.14259	5.12682
-1.82417	1.02429	5.1416	5.12616
-1.82712	1.02429	5.1393	5.12583
-1.82515	1.0256	5.1416	5.12353
-1.81957	1.02823	5.14259	5.12025
-1.81135	1.03611	5.14226	5.12222
-1.81037	1.03086	5.14095	5.12518
-1.80938	1.01443	5.14062	5.12682
-1.80544	1.01804	5.1416	5.12649
-1.813	1.02429	5.14259	5.12518
-1.80281	1.04235	5.14357	5.12288
-1.79854	1.0624	5.14357	5.12189
-1.79887	1.06042	5.14127	5.12222
-1.7854	1.08211	5.14095	5.12452
-1.77784	1.07849	5.14029	5.12616
-1.77718	1.07619	5.14062	5.12485
-1.77423	1.07619	5.14325	5.12353
-1.7808	1.06995	5.14653	5.12288
-1.77423	1.07587	5.14719	5.12485
-1.76601	1.08375	5.14653	5.12682
-1.7624	1.09394	5.14587	5.1278
-1.76963	1.07587	5.14325	5.12813
-1.76273	1.08079	5.14259	5.1278
-1.7601	1.09295	5.14325	5.12649
-1.75583	1.09558	5.14423	5.12452
-1.75419	1.08966	5.1439	5.12419
-1.76076	1.06897	5.14292	5.12616
-1.75944	1.07258	5.14259	5.12616
-1.75353	1.07619	5.14259	5.12353
-1.75649	1.06995	5.1439	5.12222
-1.74926	1.07882	5.14489	5.12353
-1.74762	1.07192	5.14489	5.12649
-1.73579	1.07619	5.14555	5.12748
-1.72922	1.07718	5.14259	5.12616
-1.72396	1.08145	5.13996	5.12583
-1.73283	1.07455	5.14095	5.12616
-1.7394	1.07718	5.14423	5.12518
-1.7348	1.06502	5.14522	5.12583
-1.73579	1.07455	5.14325	5.12748
-1.73086	1.08375	5.14259	5.12583
-1.7325	1.08704	5.14325	5.12649
-1.71838	1.09722	5.14259	5.12748
-1.70918	1.10346	5.14259	5.12813
-1.71082	1.10051	5.14456	5.12748
-1.71213	1.10576	5.14719	5.12649
-1.72166	1.10773	5.14686	5.12518
-1.71115	1.11431	5.14423	5.12452
-1.70261	1.1258	5.14193	5.12518
-1.70852	1.12548	5.14226	5.12583
-1.71181	1.12975	5.14193	5.12485
-1.70392	1.13073	5.14259	5.12353
-1.70523	1.13927	5.1439	5.12353
-1.70753	1.1419	5.1439	5.1255
-1.70195	1.14617	5.14259	5.12715
-1.71049	1.14092	5.13963	5.12715
-1.71312	1.13205	5.13865	5.12813
-1.71936	1.12975	5.13832	5.12912
-1.71608	1.1304	5.13996	5.12813
-1.72298	1.11989	5.1416	5.12649
-1.73119	1.12055	5.14193	5.1255
-1.73053	1.10905	5.1416	5.12715
-1.72298	1.10708	5.14325	5.12912
-1.72593	1.09788	5.14325	5.12879
-1.73053	1.09295	5.14325	5.1278
-1.73513	1.09919	5.14259	5.12748
-1.72922	1.10116	5.14357	5.12682
-1.74762	1.09886	5.14325	5.12748
-1.75452	1.08802	5.14292	5.1278
-1.76043	1.07751	5.14259	5.12748
-1.76963	1.06535	5.14259	5.12583
-1.77193	1.06897	5.14259	5.12452
-1.76601	1.0647	5.14259	5.12386
-1.7716	1.04958	5.14259	5.12419
-1.76963	1.05517	5.14259	5.12485
-1.77489	1.04564	5.14357	5.12715
-1.78343	1.04104	5.14423	5.1301
-1.79295	1.02231	5.14489	5.13076
-1.79066	1.03053	5.14587	5.12879
-1.78671	1.02856	5.1462	5.12748
-1.79887	1.01213	5.14522	5.1255
-1.81398	0.98946	5.14259	5.12386
-1.81332	0.986503	5.14193	5.12616
-1.80643	0.993402	5.14259	5.12583
-1.80445	1.00359	5.14259	5.1255
-1.8107	0.990445	5.14357	5.12649
-1.80938	0.983217	5.14292	5.12649
-1.81398	0.976975	5.14325	5.1255
-1.8176	0.98256	5.14423	5.12452
-1.8061	1.00884	5.1439	5.12485
-1.80675	0.995045	5.14259	5.12518
-1.8015	0.997673	5.14357	5.1255
-1.79854	1.0095	5.14423	5.12616
-1.78868	1.0279	5.14325	5.12649
-1.78014	1.0302	5.14193	5.1255
-1.78901	1.02494	5.14193	5.1255
-1.78178	1.0394	5.14292	5.12485
-1.77456	1.05517	5.14522	5.12485
-1.78178	1.05385	5.14719	5.12485
-1.76996	1.0624	5.14653	5.12485
-1.7647	1.05812	5.1462	5.12386
-1.75846	1.07488	5.14587	5.12288
-1.76339	1.06502	5.14555	5.12386
-1.77029	1.05714	5.14357	5.12518
-1.76897	1.06338	5.14127	5.12518
-1.7601	1.06732	5.13996	5.12452
-1.77061	1.04893	5.14095	5.12419
-1.75747	1.08408	5.14292	5.12485
-1.76569	1.08999	5.1439	5.12616
-1.7693	1.08901	5.14423	5.12846
-1.77456	1.08638	5.1439	5.12813
-1.7831	1.07389	5.14423	5.1255
-1.78113	1.07061	5.14456	5.12386
-1.79197	1.04827	5.14456	5.1232
-1.78638	1.04958	5.14587	5.12485
-1.79361	1.04498	5.14555	5.12518
-1.80708	1.03874	5.14325	5.12616
-1.80872	1.02987	5.14193	5.12616
-1.80872	1.03086	5.14325	5.12748
-1.8061	1.02987	5.1439	5.1278
-1.81332	1.02757	5.14456	5.12616
-1.81595	1.03546	5.14522	5.12452
-1.81135	1.03743	5.1439	5.1232
-1.81037	1.03907	5.1439	5.12353
-1.8084	1.03578	5.1439	5.12485
-1.8153	1.03414	5.14226	5.12583
-1.81595	1.02987	5.1416	5.12616
-1.82055	1.02527	5.14259	5.12649
-1.81004	1.04038	5.14423	5.12813
-1.81004	1.03546	5.14587	5.12846
-1.82022	1.02297	5.14423	5.12879
-1.81727	1.02133	5.14292	5.12649
-1.81858	1.02527	5.14325	5.12419
-1.81135	1.0394	5.14456	5.1232
-1.80478	1.06535	5.14522	5.12189
-1.80248	1.07357	5.14292	5.12386
-1.79755	1.07751	5.14062	5.12616
-1.79197	1.08178	5.14062	5.12715
-1.79821	1.07587	5.1416	5.12715
-1.78967	1.08079	5.14325	5.12386
-1.77948	1.08835	5.14456	5.12222
-1.76733	1.09919	5.14456	5.12419
-1.76043	1.09459	5.14423	5.12616
-1.76207	1.09821	5.14423	5.12748
-1.75254	1.09788	5.14357	5.12748
-1.75057	1.09525	5.14226	5.12748
-1.75057	1.10116	5.14423	5.12715
-1.74926	1.10511	5.14555	5.12682
-1.7394	1.10478	5.14522	5.12485
-1.72363	1.12088	5.14325	5.12288
-1.7279	1.11956	5.14325	5.1232
-1.72823	1.12383	5.14357	5.12583
-1.72856	1.11529	5.1439	5.12682
-1.72593	1.11726	5.14489	5.1278
-1.70786	1.13697	5.14653	5.12649
-1.71411	1.13829	5.14555	5.1255
-1.70852	1.13895	5.14522	5.12386
-1.70261	1.13927	5.1439	5.12419
-1.69834	1.14125	5.1439	5.12518
-1.69899	1.14946	5.14357	5.12518
-1.69078	1.14486	5.14357	5.12518
-1.69505	1.15274	5.14423	5.1255
-1.71181	1.13927	5.14423	5.12682
-1.70983	1.13829	5.14357	5.12715
-1.70819	1.14782	5.14193	5.12945
-1.70655	1.14322	5.14127	5.12846
-1.72298	1.13205	5.14127	5.12649
-1.73579	1.12186	5.14062	5.12649
-1.73283	1.12909	5.14193	5.12616
-1.74564	1.11759	5.1439	5.1255
-1.74827	1.12548	5.14489	5.12452
-1.75583	1.1235	5.14456	5.12419
-1.75287	1.11759	5.14423	5.12485
-1.75649	1.11398	5.14456	5.12616
-1.75123	1.12515	5.14522	5.1255
-1.75189	1.12153	5.14357	5.12419
-1.74926	1.12548	5.14292	5.12452
-1.75353	1.11595	5.1416	5.12616
-1.7486	1.11398	5.14062	5.12879
-1.74466	1.13139	5.14259	5.12846
-1.75287	1.1327	5.14423	5.1255
-1.76174	1.12613	5.14456	5.12353
-1.76306	1.12055	5.14193	5.1232
-1.76864	1.11069	5.14029	5.12386
-1.76306	1.10971	5.14062	5.12452
-1.7647	1.09525	5.14193	5.12616
-1.76207	1.10839	5.14423	5.12748
-1.77357	1.09065	5.14193	5.1278
-1.78244	1.08047	5.14226	5.12682
-1.77357	1.09426	5.14357	5.12649
-1.77489	1.09656	5.14522	5.12649
-1.77423	1.09689	5.14522	5.12682
-1.76503	1.10379	5.14357	5.12813
-1.75977	1.10543	5.14226	5.12682
-1.75057	1.11135	5.1416	5.12518
-1.73776	1.12022	5.14292	5.12386
-1.7394	1.12909	5.14357	5.12485
-1.7463	1.10938	5.14226	5.12715
-1.73382	1.11332	5.14095	5.12879
-1.7279	1.11989	5.14127	5.12912
-1.7256	1.11595	5.14292	5.12813
-1.72396	1.11332	5.14489	5.12682
-1.72396	1.11102	5.14555	5.12583
-1.71739	1.10314	5.14456	5.12485
-1.70885	1.09196	5.14193	5.12452
-1.71115	1.09558	5.14226	5.12419
-1.71476	1.09229	5.1439	5.12353
-1.71312	1.09098	5.14456	5.12353
-1.71706	1.09229	5.14587	5.12583
-1.71673	1.09788	5.14686	5.12715
-1.71246	1.09426	5.14587	5.12715
-1.72232	1.08999	5.14357	5.12748
-1.72068	1.09492	5.14193	5.12715
-1.71936	1.10872	5.14357	5.12583
-1.72133	1.10478	5.1439	5.12386
-1.71673	1.09821	5.14292	5.12288
-1.7348	1.08671	5.14193	5.12222
-1.73053	1.09492	5.1439	5.12485
-1.73447	1.09854	5.1462	5.12682
-1.74433	1.09426	5.14555	5.12748
-1.75123	1.08999	5.14259	5.12813
-1.7647	1.08014	5.14259	5.12748
-1.76766	1.07324	5.1439	5.12649
-1.78047	1.07028	5.14423	5.12518
-1.77817	1.07422	5.14489	5.12518
-1.78868	1.08572	5.14259	5.12715
-1.79788	1.07455	5.14259	5.12813
-1.79854	1.0693	5.14259	5.12879
-1.8038	1.06174	5.14456	5.12846
-1.81201	1.06338	5.14653	5.12912
-1.81628	1.05845	5.1462	5.1278
-1.82482	1.04728	5.14456	5.1255
-1.82252	1.04104	5.14423	5.12616
-1.83008	1.02757	5.14357	5.12616
-1.83074	1.00687	5.1439	5.1255
-1.82942	1.0256	5.14325	5.12748
-1.83205	1.02133	5.14325	5.12813
-1.85242	1.01213	5.14259	5.12715
-1.85866	1.00162	5.14193	5.12682
-1.86359	0.99603	5.14127	5.12649
-1.86622	0.988145	5.14226	5.1255
-1.86228	0.998659	5.1439	5.12485
-1.86195	1.00063	5.14555	5.1255
-1.86063	0.993074	5.14555	5.12682
-1.86261	0.987488	5.14653	5.12715
-1.86885	0.972704	5.14423	5.12682
-1.87903	0.963505	5.14259	5.12813
-1.88363	0.958577	5.14193	5.12879
-1.88527	0.951677	5.14226	5.12583
-1.88298	0.947735	5.14325	5.12452
-1.8787	0.941493	5.14357	5.1255
-1.88298	0.938207	5.14259	5.12715
-1.87115	0.938536	5.14095	5.12682
-1.87082	0.933936	5.14029	5.1255
-1.8764	0.93525	5.14193	5.1255
-1.8741	0.949706	5.14456	5.1255
-1.86458	0.950692	5.14555	5.12518
-1.85538	0.963176	5.14489	5.12419
-1.84552	0.978618	5.1439	5.12485
-1.83041	0.990774	5.14292	5.12682
-1.8199	1.01279	5.14193	5.12846
-1.81497	1.00753	5.14127	5.12912
-1.81102	1.0095	5.1416	5.12813
-1.8061	1.0187	5.14423	5.12879
-1.80872	1.01443	5.14456	5.12715
-1.79985	1.02133	5.1462	5.12616
-1.78737	1.0371	5.14522	5.12682
-1.77784	1.04564	5.14456	5.1278
-1.7762	1.05648	5.14292	5.12649
-1.77948	1.05583	5.14357	5.12616
-1.7854	1.04794	5.14489	5.12616
-1.77357	1.05484	5.14489	5.12682
-1.76569	1.07849	5.14423	5.12813
-1.7532	1.10543	5.14489	5.12715
-1.74696	1.10839	5.14259	5.12583
-1.74203	1.11562	5.14127	5.1255
-1.73842	1.11956	5.14259	5.1255
-1.7302	1.12975	5.14489	5.12583
-1.73842	1.13599	5.1439	5.12649
-1.74072	1.14157	5.14193	5.1278
-1.73349	1.14979	5.14193	5.12583
-1.73119	1.15537	5.14193	5.12419
-1.72528	1.16392	5.14325	5.1255
-1.72823	1.16851	5.14555	5.12452
-1.72922	1.16851	5.14686	5.1255
-1.72922	1.16851	5.14522	5.12682
-1.73809	1.16523	5.14292	5.12649
-1.73382	1.16162	5.14357	5.12715
-1.73973	1.15866	5.14292	5.1278
-1.73185	1.17016	5.14259	5.12846
-1.72232	1.18133	5.14062	5.12748
-1.71115	1.19611	5.14062	5.12518
-1.71575	1.18593	5.1416	5.1232
-1.70589	1.2063	5.14226	5.12156
-1.70786	1.20827	5.14259	5.12255
-1.69932	1.20925	5.14357	5.1255
-1.70031	1.19973	5.14653	5.12649
-1.69439	1.2017	5.14719	5.12485
-1.68749	1.20005	5.14522	5.12255
-1.68224	1.20301	5.14292	5.12386
-1.67862	1.20301	5.1416	5.12485
-1.66647	1.21944	5.1416	5.12485
-1.66647	1.21812	5.14292	5.12616
-1.65595	1.23225	5.14259	5.1255
-1.64643	1.24145	5.14259	5.12419
-1.63723	1.24047	5.14325	5.12452
-1.63854	1.24736	5.14456	5.12485
-1.63887	1.25722	5.14456	5.12616
-1.62803	1.27168	5.1439	5.12748
-1.62211	1.27529	5.14193	5.12682
-1.61554	1.27923	5.14029	5.12846
-1.61193	1.27036	5.14095	5.12846
-1.60372	1.2789	5.14226	5.12748
-1.57579	1.29402	5.14226	5.1278
-1.57579	1.295	5.14259	5.12682
-1.56133	1.30946	5.14325	5.12616
-1.55443	1.31439	5.14292	5.12682
-1.54819	1.31472	5.14292	5.12748
-1.55345	1.31077	5.14259	5.12649
-1.55312	1.31307	5.14357	5.12649
-1.54918	1.32523	5.1439	5.12616
-1.53505	1.32786	5.14423	5.12682
-1.53209	1.32063	5.14292	5.12682
-1.51107	1.34133	5.14259	5.12518
-1.51829	1.318	5.14292	5.12419
-1.51731	1.31307	5.14423	5.1232
-1.52257	1.30749	5.14325	5.1232
-1.52881	1.29895	5.14193	5.12386
-1.53209	1.29303	5.14193	5.12386
-1.55378	1.27365	5.14259	5.12419
-1.55706	1.28515	5.14522	5.12518
-1.55476	1.29238	5.14817	5.12452
-1.57119	1.2881	5.14752	5.12583
-1.58137	1.2973	5.14555	5.1278
-1.60372	1.2789	5.14325	5.12649
-1.60404	1.26806	5.14456	5.1278
-1.607	1.26346	5.1462	5.12748
-1.6185	1.24671	5.14489	5.12715
-1.64084	1.23652	5.14292	5.12616
-1.6415	1.23291	5.14226	5.12518
-1.65497	1.227	5.14193	5.12748
-1.67271	1.2178	5.14095	5.12945
-1.68125	1.22141	5.13897	5.12813
-1.68979	1.2201	5.1416	5.12583
-1.69702	1.21648	5.14522	5.12386
-1.69045	1.23127	5.14555	5.12386
-1.69571	1.22174	5.14423	5.1255
-1.69735	1.227	5.14259	5.12682
-1.70096	1.22108	5.14127	5.12748
-1.70195	1.22437	5.14127	5.12846
-1.70162	1.2155	5.14226	5.12682
-1.71016	1.20433	5.14193	5.1255
-1.72068	1.20005	5.1416	5.12353
-1.7371	1.1902	5.14259	5.12288
-1.7463	1.16096	5.14226	5.12518
-1.7394	1.16162	5.14226	5.12649
-1.7371	1.15077	5.14259	5.12485
-1.74335	1.13238	5.1439	5.12583
-1.74696	1.12449	5.14522	5.12846
-1.74335	1.1212	5.14587	5.12813
-1.75189	1.11168	5.14325	5.12748
-1.74039	1.11989	5.1416	5.12616
-1.7486	1.11628	5.14095	5.12616
-1.73907	1.12186	5.14127	5.12715
-1.73973	1.11299	5.14357	5.12649
-1.75944	1.08474	5.14555	5.12288
-1.76536	1.08375	5.14489	5.12058
-1.7647	1.09394	5.14029	5.12156
-1.77094	1.08244	5.13766	5.12386
-1.7716	1.08704	5.13865	5.12583
-1.77653	1.06404	5.14127	5.12715
-1.7785	1.06338	5.1439	5.12682
-1.767	1.07094	5.14456	5.12583
-1.76601	1.07685	5.14423	5.12518
-1.767	1.07455	5.14226	5.12649
-1.77751	1.06962	5.14259	5.12813
-1.76569	1.07652	5.14423	5.12879
-1.77784	1.07127	5.14456	5.12813
-1.76963	1.08835	5.14423	5.12649
-1.77291	1.09131	5.14489	5.12452
-1.77357	1.09525	5.14489	5.12255
-1.77291	1.09624	5.14555	5.12386
-1.77521	1.08737	5.14555	5.12616
-1.7808	1.07357	5.14653	5.12813
-1.77521	1.08835	5.14686	5.12912
-1.78737	1.0716	5.14653	5.1278
-1.78737	1.067	5.14522	5.12649
-1.78343	1.06864	5.14423	5.12485
-1.78573	1.07554	5.14325	5.12485
-1.79328	1.08211	5.14193	5.12846
-1.79033	1.08047	5.14127	5.1301
-1.79164	1.07915	5.1416	5.12813
-1.79723	1.06962	5.14357	5.12518
-1.81037	1.0509	5.1439	5.12485
-1.81234	1.05681	5.1416	5.12616
-1.81332	1.06765	5.14029	5.12682
-1.81924	1.06437	5.14095	5.12682
-1.81727	1.06042	5.14555	5.12616
-1.82712	1.05353	5.14883	5.12682
-1.83008	1.04498	5.14883	5.12649
-1.83238	1.03611	5.14752	5.1255
-1.83139	1.04695	5.14259	5.12583
-1.83797	1.04433	5.13996	5.12748
-1.82877	1.05024	5.14029	5.12879
-1.82909	1.04761	5.14127	5.12813
-1.83074	1.04301	5.14259	5.12649
-1.82318	1.05123	5.14357	5.12419
-1.82351	1.0532	5.14357	5.12222
-1.83139	1.04334	5.14423	5.12189
-1.82745	1.04498	5.14489	5.1232
-1.82022	1.05681	5.1439	5.12583
-1.82384	1.05418	5.14292	5.12583
-1.82581	1.04728	5.14292	5.12386
-1.83567	1.03841	5.14226	5.12353
-1.83172	1.03644	5.14193	5.12583
-1.81825	1.04695	5.14259	5.12715
-1.80971	1.05418	5.1439	5.12682
-1.80248	1.06272	5.14522	5.12518
-1.79558	1.0624	5.14653	5.12583
-1.78408	1.07225	5.14686	5.12616
-1.76601	1.08638	5.14653	5.12616
-1.767	1.08966	5.14686	5.12649
-1.7532	1.10609	5.14686	5.1278
-1.74006	1.10511	5.14456	5.12846
-1.72133	1.11923	5.14259	5.1278
-1.70721	1.1327	5.14325	5.12682
-1.69505	1.14552	5.14357	5.1255
-1.69374	1.1534	5.1439	5.12518
-1.68979	1.15406	5.14226	5.12616
-1.68027	1.16392	5.14062	5.12419
-1.65825	1.17804	5.13996	5.12288
-1.65562	1.16851	5.13996	5.12222
-1.64807	1.17147	5.14127	5.12452
-1.6415	1.18658	5.14259	5.12649
-1.64445	1.18428	5.14292	5.1278
-1.65037	1.16786	5.14325	5.12715
-1.64708	1.18626	5.14456	5.12649
-1.63328	1.19316	5.14587	5.12649
-1.62967	1.18527	5.14719	5.12583
-1.63263	1.19578	5.14719	5.1255
-1.63033	1.1948	5.14719	5.1255
-1.62704	1.18363	5.14686	5.12419
-1.62507	1.1925	5.14423	5.1255
-1.6277	1.19217	5.14292	5.12715
-1.62277	1.19381	5.14193	5.1278
-1.62803	1.19414	5.14259	5.12715
-1.62934	1.20991	5.14325	5.12452
-1.63526	1.20301	5.14325	5.12353
-1.6277	1.20695	5.1416	5.12485
-1.6116	1.22371	5.14062	5.12748
-1.60536	1.227	5.14259	5.12879
-1.60864	1.21977	5.14456	5.1278
-1.6208	1.20794	5.14587	5.12649
-1.62113	1.22042	5.14423	5.12518
-1.63197	1.21681	5.14259	5.12616
-1.64281	1.20137	5.14193	5.12583
-1.65497	1.20465	5.14127	5.12649
-1.64741	1.2132	5.14127	5.12748
-1.64544	1.20827	5.14226	5.12879
-1.65661	1.19447	5.14522	5.12715
-1.67041	1.18626	5.14686	5.12518
-1.67107	1.20235	5.14719	5.12386
-1.67435	1.20137	5.14522	5.12353
-1.68454	1.19644	5.14292	5.12485
-1.68224	1.21287	5.14259	5.1255
-1.68618	1.21681	5.14226	5.1255
-1.68946	1.21353	5.14325	5.12748
-1.68946	1.21878	5.1439	5.12616
-1.68684	1.21615	5.14325	5.12386
-1.69406	1.20925	5.14325	5.12386
-1.70622	1.1994	5.14423	5.12682
-1.69965	1.1994	5.1462	5.12715
-1.68421	1.21057	5.14587	5.1278
-1.67797	1.21714	5.14686	5.12616
-1.68716	1.20433	5.14719	5.1255
-1.69176	1.19973	5.14489	5.12682
-1.69406	1.1879	5.14259	5.12616
-1.69341	1.18658	5.14095	5.12715
-1.69801	1.18199	5.1439	5.12813
-1.68815	1.17509	5.14587	5.1278
-1.69932	1.1626	5.14489	5.1255
-1.69899	1.14913	5.14456	5.12419
-1.70983	1.14322	5.14423	5.12386
-1.71706	1.14125	5.14259	5.12518
-1.71772	1.1396	5.14226	5.12649
-1.73645	1.135	5.14193	5.12682
-1.72889	1.1235	5.14325	5.12616
-1.73875	1.10675	5.14456	5.1255
-1.744	1.10872	5.14719	5.12452
-1.74269	1.10971	5.14686	5.12485
-1.75583	1.09886	5.14456	5.12518
-1.7624	1.09065	5.14325	5.12485
-1.77127	1.08934	5.1439	5.1255
-1.77981	1.07849	5.1439	5.1255
-1.78573	1.06437	5.1439	5.12583
-1.78376	1.06634	5.14456	5.12682
-1.7808	1.06962	5.14325	5.12649
-1.77193	1.08112	5.14423	5.12518
-1.78376	1.07094	5.14489	5.12419
-1.79887	1.05517	5.14325	5.12485
-1.80478	1.03513	5.14259	5.12583
-1.8153	1.0233	5.14259	5.12649
-1.82877	1.00654	5.1439	5.12715
-1.83632	1.00589	5.14095	5.12682
-1.84059	1.00654	5.13996	5.12715
-1.83862	1.0049	5.14127	5.12682
-1.84026	0.992745	5.14226	5.12616
-1.84191	1.00523	5.14127	5.12649
-1.86556	0.984532	5.14193	5.12616
-1.87049	0.991102	5.1416	5.12583
-1.87739	0.980589	5.14259	5.12649
-1.87706	0.972047	5.14292	5.12715
-1.87246	0.976318	5.14193	5.12846
-1.87936	0.962191	5.14226	5.12912
-1.87378	0.965476	5.14456	5.1278
-1.87673	0.959562	5.14686	5.12649
-1.87739	0.976975	5.14719	5.12649
-1.87936	0.974347	5.14555	5.1255
-1.88527	0.958577	5.14292	5.12452
-1.88626	0.953977	5.14259	5.12518
-1.88955	0.951677	5.14226	5.12353
-1.89546	0.946092	5.14226	5.12419
-1.88955	0.950363	5.14325	5.12649
-1.89579	0.950692	5.14456	5.12715
-1.89447	0.95332	5.1439	5.12748
-1.90137	0.936236	5.14193	5.12879
-1.89842	0.93755	5.14062	5.12748
-1.88856	0.945435	5.1416	5.12616
-1.89053	0.94872	5.14292	5.12452
-1.89382	0.947078	5.1439	5.12452
-1.89349	0.945764	5.14259	5.1255
-1.89382	0.93755	5.14062	5.12616
-1.8902	0.946749	5.13996	5.12846
-1.8787	0.947735	5.14259	5.12945
-1.88166	0.947406	5.1439	5.13109
-1.87246	0.946092	5.14456	5.12846
-1.87838	0.936236	5.14423	5.12682
-1.85866	0.958577	5.14325	5.12682
-1.85078	0.965476	5.14325	5.12715
-1.84585	0.97139	5.14292	5.12649
-1.83501	0.989788	5.14325	5.12419
-1.82942	0.983874	5.14357	5.12353
-1.82942	0.975332	5.14423	5.1255
-1.83928	0.970076	5.14325	5.12846
-1.83435	0.96449	5.14226	5.12945
-1.82417	0.977961	5.1416	5.12879
-1.81792	0.983874	5.14193	5.12649
-1.81234	0.993731	5.14357	5.12288
-1.79525	1.01311	5.14423	5.1232
-1.79131	1.01771	5.14456	5.12485
-1.78113	1.02921	5.1439	5.12518
-1.77916	1.03118	5.14292	5.1255
-1.78113	1.03907	5.14226	5.12616
-1.78277	1.04761	5.14259	5.12485
-1.76339	1.06404	5.14259	5.1255
-1.76339	1.06732	5.14259	5.12616
-1.75813	1.07915	5.1416	5.12748
-1.73907	1.08309	5.14193	5.1278
-1.74236	1.08178	5.14226	5.12715
-1.7348	1.08868	5.14292	5.1255
-1.73283	1.09821	5.14292	5.12616
-1.7256	1.11891	5.14325	5.12518
-1.7371	1.11266	5.14259	5.12583
-1.73283	1.12778	5.14193	5.1255
-1.73086	1.12449	5.14357	5.12222
-1.73809	1.12153	5.14292	5.12058
-1.74663	1.10543	5.14357	5.12058
-1.74794	1.1258	5.14423	5.1232
-1.74926	1.11726	5.14522	5.12485
-1.73842	1.1258	5.14587	5.12583
-1.7302	1.1442	5.14325	5.12846
-1.73907	1.14453	5.14193	5.12977
-1.73973	1.14486	5.1416	5.12912
-1.74137	1.14092	5.14193	5.12813
-1.75057	1.12088	5.1416	5.12715
-1.7532	1.11332	5.14456	5.12518
-1.75616	1.12285	5.14719	5.12452
-1.74696	1.14289	5.14817	5.12583
-1.73809	1.1488	5.14555	5.12518
-1.72429	1.16227	5.14259	5.12649
-1.71805	1.16622	5.13865	5.12682
-1.71279	1.16392	5.13766	5.1255
-1.70852	1.16654	5.13996	5.12288
-1.72002	1.14749	5.14062	5.1209
-1.7187	1.15472	5.14095	5.12189
-1.70786	1.16424	5.14029	5.12419
-1.71181	1.15472	5.14095	5.12715
-1.72429	1.14256	5.14292	5.12649
-1.73776	1.12219	5.14423	5.12748
-1.73743	1.1235	5.14423	5.12945
-1.73447	1.11562	5.14193	5.12879
-1.72265	1.12219	5.1416	5.1255
-1.72429	1.12515	5.1416	5.12419
-1.71115	1.11956	5.14062	5.12583
-1.69505	1.13533	5.14029	5.12715
-1.69144	1.13172	5.1393	5.12715
-1.68979	1.12909	5.13996	5.12583
-1.67797	1.1465	5.14095	5.12518
-1.68224	1.14782	5.13996	5.1255
-1.68355	1.14979	5.14029	5.12518
-1.66318	1.16457	5.14127	5.12518
-1.66844	1.16917	5.14357	5.12485
-1.65431	1.18034	5.14522	5.12452
-1.66088	1.17311	5.1462	5.12583
-1.64938	1.18034	5.14686	5.12682
-1.64741	1.19348	5.14555	5.12616
-1.6415	1.18921	5.14423	5.12682
-1.63657	1.20564	5.14226	5.1278
-1.63985	1.19644	5.14259	5.12748
-1.64577	1.19316	5.14325	5.12583
-1.64905	1.18034	5.1439	5.12583
-1.6553	1.17476	5.14259	5.12452
-1.6438	1.18199	5.14226	5.1255
-1.65037	1.16556	5.14292	5.12748
-1.65398	1.16326	5.14456	5.12912
-1.66351	1.17443	5.14489	5.12879
-1.6622	1.17344	5.14522	5.12649
-1.68224	1.15504	5.14456	5.12452
-1.69735	1.15307	5.14193	5.12452
-1.70096	1.1442	5.13996	5.1255
-1.70721	1.14059	5.14193	5.12616
-1.70589	1.12975	5.14423	5.12583
-1.69932	1.13303	5.14522	5.12518
-1.71312	1.12876	5.14522	5.12452
-1.70819	1.13993	5.14456	5.12288
-1.71378	1.13238	5.14259	5.12255
-1.71805	1.1304	5.14259	5.12419
-1.72232	1.11135	5.14357	5.12748
-1.72232	1.11726	5.14325	5.12813
-1.73677	1.10511	5.14193	5.12616
-1.73152	1.10511	5.14095	5.12583
-1.74597	1.09558	5.14193	5.1255
-1.7532	1.09656	5.14325	5.12485
-1.75682	1.10576	5.14456	5.12616
-1.7693	1.08605	5.14226	5.12748
-1.77324	1.08112	5.1416	5.1255
-1.78803	1.06798	5.14226	5.12616
-1.79164	1.05845	5.14325	5.12715
-1.79361	1.06732	5.14423	5.12813
-1.79953	1.05484	5.14489	5.12813
-1.79788	1.05977	5.14423	5.12748
-1.79263	1.0601	5.1439	5.12682
-1.79263	1.06831	5.14423	5.12649
-1.80084	1.06601	5.14423	5.12452
-1.79985	1.07094	5.14423	5.1255
-1.80281	1.0716	5.14226	5.12583
-1.8038	1.0693	5.14193	5.12485
-1.8038	1.05484	5.14259	5.12649
-1.80215	1.05451	5.14423	5.12682
-1.80347	1.05714	5.14259	5.1255
-1.81168	1.04071	5.1416	5.12353
-1.80445	1.03776	5.14062	5.1232
-1.79394	1.03907	5.14029	5.12419
-1.79854	1.02856	5.14062	5.12518
-1.79887	1.02461	5.14127	5.12748
-1.79066	1.03513	5.1439	5.12945
-1.7877	1.03644	5.14555	5.13043
-1.78474	1.05418	5.14686	5.12813
-1.78408	1.0532	5.14555	5.12649
-1.78244	1.04991	5.1462	5.1255
-1.77948	1.0463	5.14522	5.1255
-1.78047	1.05123	5.14292	5.1255
-1.7831	1.04498	5.14259	5.12616
-1.79624	1.04038	5.14357	5.12518
-1.79394	1.02856	5.14423	5.12353
-1.78868	1.02987	5.1439	5.1255
-1.78573	1.03513	5.14226	5.12748
-1.79985	1.03776	5.1416	5.12748
-1.79033	1.0417	5.14226	5.1278
-1.78638	1.05681	5.1439	5.12649
-1.79755	1.05747	5.1439	5.1255
-1.79723	1.05944	5.1439	5.12583
-1.7969	1.06141	5.14226	5.12616
-1.79788	1.07422	5.14127	5.1255
-1.79033	1.08474	5.14226	5.12419
-1.78934	1.08539	5.14456	5.12386
-1.79295	1.08769	5.14587	5.12452
-1.80051	1.08868	5.14489	5.12682
-1.80084	1.08572	5.14456	5.12748
-1.79985	1.09722	5.14456	5.12616
-1.79657	1.10248	5.14325	5.12616
-1.78376	1.13172	5.14029	5.12649
-1.77061	1.12383	5.13832	5.12616
-1.76634	1.135	5.13996	5.12649
-1.75649	1.14552	5.14259	5.12682
-1.75583	1.1419	5.14259	5.12682
-1.75583	1.14519	5.1416	5.12682
-1.75813	1.14059	5.14357	5.12682
-1.75517	1.14585	5.14456	5.12715
-1.7532	1.14847	5.14292	5.12616
-1.75222	1.15373	5.14193	5.12419
-1.75944	1.135	5.14226	5.12222
-1.75452	1.13205	5.14325	5.12255
-1.74926	1.13665	5.1439	5.1232
-1.744	1.14782	5.1439	5.12616
-1.73645	1.15669	5.14357	5.12813
-1.74072	1.1557	5.14423	5.12748
-1.74072	1.14585	5.14489	5.12649
-1.74105	1.13303	5.14522	5.12583
-1.73776	1.14387	5.1439	5.12616
-1.74105	1.14289	5.1416	5.12912
-1.73119	1.1649	5.1416	5.12977
-1.73513	1.16227	5.14193	5.12977
-1.73119	1.16622	5.14259	5.12945
-1.72166	1.18691	5.14226	5.12977
-1.72495	1.18297	5.1416	5.12682
-1.72363	1.1856	5.14127	5.12485
-1.72298	1.16654	5.14226	5.1232
-1.71936	1.17673	5.1416	5.12485
-1.72298	1.16293	5.14193	5.1255
-1.71772	1.17279	5.14423	5.12583
-1.71476	1.1718	5.14489	5.12682
-1.70721	1.16753	5.14423	5.1278
-1.71575	1.1603	5.14226	5.12583
-1.70819	1.16457	5.14193	5.12452
-1.71279	1.16589	5.14325	5.12682
-1.71213	1.15636	5.14357	5.1278
-1.71049	1.1626	5.14423	5.12813
-1.71575	1.15406	5.14357	5.12813
-1.72692	1.15143	5.14325	5.1278
-1.72725	1.15012	5.14259	5.12682
-1.72626	1.15077	5.14193	5.1278
-1.71969	1.15866	5.14193	5.12813
-1.7233	1.15307	5.14292	5.12912
-1.71739	1.15472	5.14423	5.12846
-1.71903	1.15964	5.14325	5.12616
-1.71805	1.16851	5.14193	5.12419
-1.71838	1.16523	5.14193	5.12518
-1.71673	1.17049	5.14193	5.12452
-1.70918	1.1787	5.14127	5.12452
-1.70852	1.1787	5.14062	5.12485
-1.71772	1.1741	5.14193	5.12419
-1.72199	1.18264	5.14259	5.1232
-1.71739	1.17936	5.14325	5.12288
-1.71115	1.18954	5.14292	5.12386
-1.71016	1.19316	5.14555	5.12583
-1.71542	1.2086	5.14522	5.12715
-1.71312	1.20958	5.14587	5.1278
-1.72232	1.20268	5.1462	5.12748
-1.72955	1.19381	5.14686	5.12682
-1.73119	1.19973	5.14653	5.12682
-1.74893	1.181	5.14423	5.12715
-1.74367	1.19118	5.14259	5.12879
-1.75024	1.1902	5.14127	5.1278
-1.75714	1.17969	5.1416	5.12649
-1.75912	1.17706	5.14292	5.12485
-1.76766	1.17213	5.14456	5.12288
-1.77259	1.17213	5.14522	5.12419
-1.77291	1.16424	5.14357	5.12518
-1.77423	1.15242	5.14292	5.12616
-1.77521	1.14223	5.14357	5.12715
-1.77061	1.1557	5.14456	5.12879
-1.77784	1.14585	5.14555	5.12682
-1.78376	1.14453	5.1462	5.12485
-1.78606	1.1465	5.14587	5.12583
-1.78836	1.14256	5.14325	5.12715
-1.78967	1.14026	5.14127	5.12879
-1.79493	1.13106	5.14029	5.12813
-1.80347	1.11792	5.14193	5.12682
-1.79427	1.11825	5.14423	5.12682
-1.78868	1.11726	5.14456	5.12583
-1.79525	1.10773	5.14193	5.12452
-1.79624	1.09656	5.14095	5.12715
-1.79394	1.09821	5.14193	5.12813
-1.78967	1.08966	5.14259	5.12748
-1.78671	1.09229	5.14325	5.12583
-1.78211	1.09032	5.14423	5.12518
-1.77291	1.10281	5.14489	5.12518
-1.77061	1.10806	5.14423	5.12813
-1.76996	1.10445	5.14325	5.12879
-1.77587	1.09394	5.14127	5.12682
-1.77094	1.10379	5.14095	5.12452
-1.77489	1.09656	5.14226	5.12288
-1.7785	1.10741	5.1439	5.12353
-1.78014	1.10445	5.14489	5.12386
-1.7693	1.10971	5.14456	5.12222
-1.77521	1.09624	5.14456	5.1232
-1.76996	1.10741	5.1439	5.12452
-1.76634	1.11891	5.14292	5.12452
-1.76503	1.12088	5.14423	5.12288
-1.76831	1.12613	5.14423	5.12189
-1.77653	1.11529	5.14357	5.12123
-1.78343	1.11036	5.1439	5.1232
-1.78376	1.11102	5.14489	5.12452
-1.78507	1.10543	5.14489	5.12353
-1.77423	1.10149	5.1439	5.12288
-1.77521	1.10741	5.14357	5.12452
-1.77423	1.11299	5.14456	5.12419
-1.76207	1.12548	5.14489	5.12452
-1.7647	1.12679	5.14357	5.12518
-1.76043	1.12548	5.14259	5.12616
-1.76831	1.12055	5.14259	5.12616
-1.77489	1.11463	5.14292	5.1255
-1.76733	1.13008	5.14489	5.12386
-1.76306	1.12778	5.14653	5.12452
-1.75649	1.14519	5.1462	5.12518
-1.76306	1.13697	5.14555	5.12682
-1.75944	1.13697	5.14423	5.12945
-1.76076	1.13763	5.14357	5.12977
-1.76141	1.14092	5.14522	5.12748
-1.76174	1.13632	5.14719	5.12715
-1.77456	1.12515	5.14817	5.1278
-1.77554	1.12646	5.14752	5.12748
-1.77456	1.12548	5.1439	5.12945
-1.77226	1.13172	5.14259	5.12813
-1.77259	1.11923	5.14193	5.12649
-1.78113	1.11398	5.14193	5.12485
-1.7808	1.11693	5.14292	5.12386
-1.78704	1.10872	5.14423	5.1232
-1.79131	1.10872	5.14226	5.12518
-1.78803	1.11463	5.13996	5.12748
-1.78967	1.10938	5.14095	5.12912
-1.79164	1.09886	5.1439	5.12846
-1.78737	1.10379	5.14357	5.12583
-1.78934	1.10379	5.1416	5.12288
-1.7923	1.09624	5.14127	5.12255
-1.78113	1.10412	5.14193	5.12288
-1.77521	1.11266	5.1439	5.12485
-1.77193	1.12153	5.14456	5.1255
-1.77653	1.11595	5.1439	5.1232
-1.77751	1.11332	5.14357	5.1209
-1.78113	1.10215	5.14555	5.12025
-1.78113	1.10116	5.14489	5.12123
-1.78901	1.08769	5.1439	5.12419
-1.78868	1.09065	5.14423	5.1255
-1.78967	1.08375	5.14325	5.12583
-1.79394	1.08671	5.14423	5.1255
-1.79657	1.08441	5.14555	5.12452
-1.79854	1.07587	5.14653	5.1255
-1.7877	1.09196	5.14555	5.12748
-1.77751	1.09229	5.14489	5.12748
-1.77554	1.08835	5.14456	5.12715
-1.77259	1.09492	5.14489	5.12715
-1.78244	1.08047	5.14456	5.12682
-1.78376	1.08145	5.14259	5.1255
-1.78671	1.07488	5.1416	5.12485
-1.7716	1.09065	5.14292	5.1255
-1.77061	1.09394	5.14522	5.12682
-1.7831	1.08441	5.14653	5.12682
-1.78277	1.08737	5.14653	5.12649
-1.77883	1.09426	5.14522	5.12583
-1.78047	1.09426	5.1439	5.12583
-1.77916	1.09196	5.14226	5.12649
-1.76996	1.10248	5.14193	5.12715
-1.76536	1.10543	5.14292	5.1278
-1.75846	1.12252	5.14325	5.12846
-1.75419	1.13796	5.14456	5.12813
-1.73677	1.15734	5.14456	5.12813
-1.7302	1.1672	5.14456	5.12616
-1.73842	1.1488	5.14325	5.12386
-1.73907	1.15077	5.14259	5.12386
-1.73842	1.15439	5.14127	5.12616
-1.73283	1.15504	5.14029	5.12682
-1.721	1.17114	5.14095	5.1255
-1.71673	1.16392	5.14357	5.1232
-1.70983	1.17476	5.14456	5.12353
-1.70951	1.17049	5.14555	5.1255
-1.71542	1.16227	5.14489	5.12485
-1.71542	1.17607	5.14193	5.12583
-1.71706	1.16622	5.14226	5.12748
-1.72626	1.14552	5.14259	5.12715
-1.7325	1.14519	5.14357	5.12452
-1.73053	1.14519	5.14292	5.12419
-1.72725	1.15472	5.14095	5.1255
-1.73382	1.1534	5.14029	5.12912
-1.7394	1.1373	5.14062	5.12945
-1.74105	1.14256	5.14127	5.1278
-1.73152	1.14782	5.1439	5.12649
-1.7325	1.13238	5.14587	5.12583
-1.72889	1.14289	5.14423	5.12616
-1.71608	1.14782	5.14193	5.12715
-1.71739	1.13533	5.1416	5.1278
-1.70819	1.14716	5.14259	5.1278
-1.70228	1.15603	5.1416	5.12583
-1.7164	1.1281	5.14127	5.12452
-1.72659	1.12022	5.14127	5.1232
-1.72396	1.11726	5.14193	5.12386
-1.72429	1.11792	5.14226	5.12485
-1.7348	1.10609	5.1439	5.12452
-1.74137	1.10084	5.14325	5.12715
-1.73875	1.09164	5.1439	5.12682
-1.75254	1.0716	5.14456	5.12616
-1.76174	1.06995	5.14259	5.12583
-1.75747	1.07619	5.1416	5.12583
-1.7624	1.06897	5.13996	5.12616
-1.74827	1.07061	5.14193	5.1255
-1.7532	1.07225	5.14193	5.12419
-1.74236	1.08572	5.14095	5.1232
-1.73447	1.08572	5.1416	5.12156
-1.73842	1.09229	5.14423	5.12123
-1.73349	1.09525	5.14522	5.12156
-1.72889	1.09164	5.14522	5.1232
-1.74367	1.08572	5.1439	5.1232
-1.74072	1.08474	5.14292	5.12419
-1.74433	1.08112	5.14292	5.12583
-1.75649	1.06601	5.14357	5.12583
-1.75517	1.07258	5.14292	5.12583
-1.77324	1.05221	5.14357	5.1255
-1.77883	1.05583	5.14325	5.12353
-1.7854	1.04104	5.14226	5.1255
-1.79295	1.03841	5.1416	5.12846
-1.79821	1.03283	5.14292	5.1301
-1.80314	1.03348	5.14456	5.12879
-1.79953	1.03677	5.14752	5.12748
-1.79953	1.02626	5.14686	5.12616
-1.79624	1.03973	5.1439	5.12748
-1.79	1.03973	5.14127	5.12813
-1.7923	1.02987	5.13996	5.1278
-1.79755	1.02461	5.14193	5.12748
-1.79	1.04137	5.14292	5.12616
-1.79361	1.05123	5.14587	5.12485
-1.79066	1.0601	5.14785	5.12649
-1.7923	1.04006	5.14719	5.12846
-1.8038	1.0302	5.14522	5.12846
-1.8084	1.0325	5.14522	5.12748
-1.81727	1.02724	5.14456	5.12419
-1.83041	1.01607	5.14292	5.12419
-1.83271	1.01541	5.14127	5.12452
-1.82745	1.02461	5.14259	5.12583
-1.83632	1.01837	5.14423	5.12682
-1.83534	1.0095	5.14555	5.12813
-1.83665	1.00359	5.14686	5.12682
-1.83402	0.998002	5.14653	5.12649
-1.84191	0.974675	5.1439	5.1255
-1.84618	0.969419	5.14127	5.12452
-1.85275	0.95562	5.14029	5.12419
-1.84388	0.963833	5.14127	5.12583
-1.84716	0.958905	5.14325	5.12682
-1.85702	0.945107	5.14357	5.12649
-1.85571	0.93755	5.1439	5.12616
-1.85603	0.943792	5.14325	5.12452
-1.85603	0.941493	5.14226	5.12419
-1.85472	0.947406	5.1416	5.1255
-1.84815	0.959562	5.1416	5.12518
-1.84322	0.973361	5.14226	5.12452
-1.84026	0.971061	5.14423	5.1232
-1.83534	0.965805	5.14587	5.12255
-1.84191	0.97139	5.1462	5.12255
-1.83698	0.96449	5.14357	5.1255
-1.84092	0.962848	5.14259	5.12616
-1.84158	0.961862	5.14095	5.12452
-1.83139	0.952006	5.1416	5.12353
-1.83698	0.956277	5.14226	5.1232
-1.83271	0.958905	5.14292	5.12452
-1.82515	0.959562	5.14325	5.12518
-1.82022	0.969747	5.14259	5.12682
-1.81168	0.975661	5.14325	5.12846
-1.8015	0.974675	5.14489	5.12945
-1.79328	0.979603	5.14719	5.12715
-1.78704	1.00227	5.14817	5.12452
-1.78277	1.01147	5.14653	5.1232
-1.78146	1.01509	5.14292	5.12353
-1.76601	1.03677	5.14127	5.12682
-1.75912	1.044	5.1416	5.12846
-1.75977	1.04991	5.14325	5.12649
-1.75649	1.05944	5.14423	5.1255
-1.76273	1.05583	5.14555	5.12419
-1.76996	1.03086	5.14587	5.12353
-1.77094	1.03578	5.14456	5.12616
-1.767	1.04433	5.14325	5.12682
-1.76404	1.06207	5.14357	5.12682
-1.76569	1.06995	5.14522	5.12813
-1.75912	1.06897	5.1462	5.12748
-1.76076	1.06601	5.14653	5.12682
-1.7601	1.06404	5.14555	5.12583
-1.75616	1.0693	5.14456	5.12485
-1.74992	1.07225	5.14226	5.12353
-1.73907	1.08309	5.14127	5.1255
-1.72692	1.10675	5.14062	5.12715
-1.72495	1.11398	5.14127	5.12715
-1.73349	1.10281	5.1416	5.12715
-1.7164	1.11266	5.14292	5.12682
-1.70721	1.10938	5.14357	5.12485
-1.70129	1.12088	5.14226	5.1255
-1.68289	1.13468	5.1416	5.12616
-1.68421	1.15012	5.14193	5.12649
-1.69834	1.14749	5.14325	5.12583
-1.70293	1.13895	5.14522	5.12419
-1.70425	1.13599	5.14653	5.12255
-1.70096	1.14092	5.14653	5.12222
-1.70063	1.13895	5.14653	5.1232
-1.69866	1.13468	5.14587	5.12353
-1.70885	1.12909	5.14555	5.12353
-1.70753	1.13665	5.14423	5.12288
-1.69242	1.158	5.14423	5.1232
-1.70162	1.158	5.14292	5.12485
-1.71772	1.13665	5.14127	5.12518
-1.72955	1.13829	5.14259	5.12682
-1.72035	1.14519	5.14292	5.12748
-1.72199	1.13238	5.14522	5.12682
-1.71082	1.13435	5.14653	5.1255
-1.72593	1.11825	5.14555	5.12583
-1.72528	1.12285	5.14489	5.12485
-1.72133	1.11102	5.1439	5.12485
-1.7325	1.10511	5.14292	5.1255
-1.71181	1.12876	5.14193	5.12583
-1.71969	1.11628	5.14226	5.12649
-1.72133	1.11365	5.14259	5.12715
-1.72626	1.11759	5.14357	5.12649
-1.72265	1.12285	5.14325	5.12583
-1.72758	1.10905	5.14292	5.12715
-1.72429	1.10314	5.14193	5.12813
-1.72462	1.11661	5.14259	5.12879
-1.72725	1.11529	5.14357	5.12583
-1.73513	1.11726	5.14325	5.12288
-1.7348	1.11989	5.1416	5.11959
-1.73447	1.12318	5.14127	5.12025
-1.74072	1.1212	5.1416	5.12386
-1.74236	1.12843	5.1416	5.12879
-1.7417	1.1258	5.1439	5.12813
-1.73513	1.13697	5.14423	5.12715
-1.73743	1.13566	5.14555	5.12616
-1.74006	1.12548	5.14489	5.12419
-1.74794	1.11595	5.14423	5.12485
-1.74729	1.10576	5.1439	5.12649
-1.75747	1.09361	5.14489	5.12518
-1.75156	1.10281	5.14522	5.1232
-1.7578	1.09426	5.14522	5.12156
-1.76831	1.07554	5.14423	5.12025
-1.76799	1.06732	5.14357	5.12288
-1.76963	1.06305	5.14292	5.12682
-1.7762	1.05221	5.14325	5.1278
-1.77423	1.0693	5.14226	5.12715
-1.77291	1.05747	5.14325	5.12616
-1.78277	1.04728	5.14456	5.12386
-1.79525	1.03348	5.14587	5.12189
-1.79066	1.04465	5.14357	5.12156
-1.79887	1.02691	5.14193	5.12353
-1.80018	1.0348	5.14029	5.12649
-1.80708	1.02166	5.14095	5.1301
-1.80413	1.00424	5.14193	5.1301
-1.8038	1.00622	5.14095	5.12715
-1.79821	1.00194	5.14193	5.12616
-1.81891	0.973361	5.14193	5.1255
-1.81957	0.973033	5.14127	5.12583
-1.8222	0.968104	5.13897	5.12616
-1.83238	0.971718	5.14095	5.12616
-1.83928	0.978618	5.14456	5.12649
-1.83501	0.986503	5.14653	5.12386
-1.82647	0.985846	5.14653	5.12255
-1.82581	0.989788	5.14357	5.12419
-1.82318	0.989131	5.14193	5.12649
-1.81694	0.994388	5.14127	5.12912
-1.81858	0.992745	5.14226	5.12977
-1.82515	1.00359	5.14522	5.1278
-1.81398	1.01344	5.14653	5.12583
-1.82088	1.0164	5.14555	5.12518
-1.83205	1.0118	5.14555	5.1255
-1.82942	1.0095	5.14357	5.12846
-1.82778	1.00687	5.14193	5.1301
-1.83402	1.00523	5.14226	5.1278
-1.83928	1.0026	5.14259	5.12419
-1.83172	1.0026	5.1439	5.12386
-1.82548	1.00983	5.14193	5.12518
-1.83994	0.999644	5.14062	5.12682
-1.84881	0.992417	5.14193	5.12748
-1.84585	0.990774	5.14489	5.12682
-1.85373	0.974347	5.14555	5.12846
-1.85012	0.967447	5.14522	5.12846
-1.86063	0.95102	5.14522	5.12879
-1.86129	0.954634	5.14522	5.12879
-1.86589	0.951349	5.1439	5.12748
-1.87673	0.956934	5.14259	5.12583
-1.87575	0.976318	5.14226	5.12649
-1.87115	0.974675	5.14555	5.12649
-1.86458	0.978946	5.14883	5.1255
-1.85866	0.983217	5.14916	5.1255
-1.86556	0.971061	5.14555	5.12649
-1.85998	0.978289	5.14259	5.12748
-1.85406	0.988474	5.14193	5.12813
-1.85341	0.974018	5.1416	5.12682
-1.85341	0.97139	5.1439	5.12518
-1.84716	0.97369	5.14752	5.12452
-1.84421	0.981903	5.14817	5.12452
-1.85866	0.974018	5.14653	5.1232
-1.85669	0.959891	5.14325	5.12353
-1.86721	0.936564	5.14259	5.1255
-1.86688	0.931965	5.14423	5.12452
-1.86753	0.930651	5.1462	5.12419
-1.86918	0.94215	5.14587	5.12485
-1.87082	0.945764	5.14292	5.12386
-1.86491	0.946421	5.14127	5.12485
-1.85341	0.955948	5.13897	5.12649
-1.83665	0.970733	5.13832	5.12682
-1.83074	0.98946	5.13897	5.12748
-1.83567	0.999316	5.14193	5.12616
-1.84092	0.990445	5.14292	5.12255
-1.84388	0.990774	5.13996	5.1232
-1.84552	0.994716	5.13799	5.1255
-1.83599	0.999644	5.13963	5.12715
-1.83041	1.00556	5.14095	5.12813
-1.83041	1.00917	5.14292	5.12682
-1.83369	1.01213	5.14357	5.12353
-1.83041	1.02363	5.14259	5.12156
-1.83632	1.01279	5.14062	5.12222
-1.83567	1.01344	5.13963	5.12222
-1.83534	1.01607	5.14095	5.1232
-1.84289	1.01476	5.14292	5.12419
-1.84355	1.01377	5.14357	5.12583
-1.84256	1.01377	5.14325	5.12682
-1.83567	1.00884	5.14423	5.12485
-1.82844	1.00457	5.14522	5.12353
-1.82482	1.00194	5.14456	5.12288
-1.82088	1.00162	5.1416	5.12419
-1.81825	1.01541	5.14095	5.12583
-1.81957	1.00884	5.14423	5.12649
-1.81595	1.0164	5.14653	5.12485
-1.80774	1.0256	5.14653	5.12386
-1.79723	1.0348	5.14522	5.12386
-1.7923	1.03414	5.14456	5.12452
-1.78178	1.05977	5.14423	5.12518
-1.78507	1.06765	5.14423	5.12485
-1.78047	1.0716	5.14522	5.12518
-1.77817	1.06634	5.14522	5.12583
-1.77489	1.07685	5.1439	5.12682
-1.76864	1.08277	5.14127	5.12583
-1.76799	1.07915	5.1416	5.12583
-1.76766	1.06732	5.14292	5.1255
-1.76831	1.07324	5.14357	5.1255
-1.7739	1.07357	5.14259	5.12616
-1.77489	1.07849	5.14226	5.12485
-1.77489	1.06667	5.14357	5.12288
-1.76996	1.07291	5.14489	5.1232
-1.76339	1.08671	5.14423	5.12485
-1.7647	1.09492	5.14325	5.12518
-1.7601	1.10971	5.14357	5.12452
-1.75452	1.12383	5.14325	5.12222
-1.74433	1.1304	5.14292	5.12222
-1.73842	1.13238	5.14325	5.12485
-1.74137	1.12843	5.14259	5.12649
-1.74137	1.13008	5.1416	5.1278
-1.73086	1.13106	5.14127	5.12977
-1.72692	1.1442	5.14325	5.12945
-1.71312	1.15373	5.14489	5.12715
-1.70951	1.15702	5.14522	5.1278
-1.70096	1.16819	5.14259	5.12879
-1.69702	1.17574	5.14095	5.13076
-1.70458	1.17969	5.13996	5.12945
-1.69801	1.17673	5.14127	5.12583
-1.69932	1.18823	5.14325	5.12419
-1.69604	1.18987	5.14489	5.1255
-1.69768	1.19414	5.14489	5.12682
-1.69472	1.19611	5.14423	5.12583
-1.69998	1.19118	5.14325	5.1255
-1.69702	1.20137	5.14292	5.1232
-1.69176	1.20925	5.14423	5.12386
-1.68355	1.2109	5.1439	5.12518
-1.68519	1.21385	5.14357	5.12518
-1.67764	1.21484	5.14325	5.12353
-1.68585	1.20465	5.14259	5.12386
-1.68486	1.20663	5.14226	5.12485
-1.68782	1.19381	5.14259	5.12682
-1.70162	1.18001	5.14292	5.12452
-1.71312	1.17081	5.14193	5.12189
-1.70885	1.17673	5.14259	5.12123
-1.70983	1.1787	5.14062	5.1232
-1.72166	1.15242	5.13963	5.12419
-1.7187	1.1534	5.13897	5.12583
-1.72856	1.14453	5.13996	5.12682
-1.73513	1.13238	5.14226	5.12649
-1.76043	1.10445	5.14686	5.12452
-1.77883	1.07685	5.14719	5.1232
-1.77883	1.06305	5.14555	5.12156
-1.79066	1.05747	5.14292	5.1232
-1.79361	1.0509	5.14095	5.12485
-1.80445	1.0325	5.14193	5.1232
-1.80084	1.04301	5.1439	5.12288
-1.79328	1.04991	5.14357	5.12386
-1.79985	1.05057	5.14456	5.12583
-1.79985	1.0417	5.14456	5.12583
-1.8084	1.0325	5.14555	5.12616
-1.81004	1.03644	5.14456	5.12682
-1.81497	1.02691	5.14423	5.12748
-1.81332	1.0279	5.14423	5.12715
-1.81102	1.0279	5.1439	5.12485
-1.813	1.03151	5.14456	5.12452
-1.8107	1.03776	5.1439	5.12518
-1.80643	1.04203	5.14259	5.12485
-1.80445	1.04104	5.14226	5.1232
-1.80708	1.04531	5.14127	5.12222
-1.80281	1.05517	5.14193	5.12353
-1.80478	1.04958	5.1416	5.12518
-1.8061	1.0371	5.14193	5.12518
-1.81628	1.02856	5.1416	5.12452
-1.8222	1.03381	5.14127	5.12485
-1.81267	1.03677	5.14193	5.12583
-1.813	1.044	5.14193	5.12879
-1.80872	1.05812	5.14325	5.1301
-1.80643	1.06207	5.14456	5.12682
-1.8061	1.06995	5.14292	5.12386
-1.8153	1.06601	5.14062	5.12255
-1.81464	1.06667	5.14226	5.12353
-1.80445	1.07192	5.14522	5.12583
-1.8038	1.07455	5.14456	5.12616
-1.80741	1.07619	5.14489	5.12583
-1.79985	1.07817	5.14555	5.12748
-1.80314	1.07061	5.14489	5.12912
-1.79887	1.07291	5.14357	5.12748
-1.79427	1.07817	5.1393	5.1255
-1.78606	1.07882	5.13733	5.12386
-1.79788	1.07258	5.13897	5.12255
-1.80281	1.06305	5.14029	5.12222
-1.81168	1.05517	5.14095	5.12222
-1.82187	1.04433	5.14029	5.12222
-1.82088	1.04235	5.13996	5.12419
-1.82121	1.04958	5.14029	5.12419
-1.8222	1.04268	5.1416	5.1255
-1.82055	1.02626	5.14292	5.12649
-1.83172	1.01246	5.14325	5.1255
-1.84486	0.999644	5.14423	5.12649
-1.85012	0.999316	5.14555	5.12748
-1.84388	1.00622	5.14489	5.12715
-1.84651	1.00786	5.1439	5.12616
-1.84519	1.0095	5.14292	5.12485
-1.83698	1.02231	5.14456	5.12485
-1.83665	1.0233	5.1439	5.12485
-1.82975	1.03348	5.1439	5.12583
-1.82679	1.04006	5.14522	5.1255
-1.81858	1.03874	5.14259	5.1255
-1.8107	1.06174	5.14259	5.1278
-1.81464	1.05944	5.14259	5.12879
-1.8061	1.0693	5.14357	5.12813
-1.79788	1.07422	5.1439	5.12748
-1.79558	1.06667	5.14555	5.1255
-1.80051	1.06404	5.14456	5.12583
-1.80018	1.07028	5.14423	5.12649
-1.79525	1.07685	5.14587	5.1255
-1.80215	1.06962	5.14653	5.12583
-1.80708	1.06338	5.14653	5.12353
-1.80051	1.06042	5.14587	5.12288
-1.79985	1.06305	5.14555	5.12288
-1.78967	1.07357	5.14489	5.1255
-1.78507	1.07587	5.14325	5.1278
-1.77916	1.07882	5.14325	5.12912
-1.77686	1.08572	5.14456	5.1278
-1.767	1.09492	5.14555	5.12485
-1.75682	1.10971	5.14587	5.12353
-1.75222	1.11628	5.14587	5.12386
-1.76503	1.11135	5.14522	5.12485
-1.76174	1.11496	5.14292	5.12583
-1.75484	1.11858	5.14357	5.12748
-1.76076	1.11562	5.14653	5.12879
-1.76273	1.10609	5.14982	5.12748
-1.7555	1.09459	5.14817	5.12682
-1.74959	1.09952	5.14522	5.12583
-1.75386	1.09098	5.14325	5.1255
-1.74335	1.09164	5.14292	5.12616
-1.73907	1.09919	5.14456	5.12616
-1.73053	1.11003	5.1439	5.1255
-1.72922	1.11529	5.14357	5.12616
-1.72265	1.11529	5.1439	5.12715
-1.7187	1.11431	5.14259	5.12879
-1.71936	1.11431	5.14095	5.12813
-1.70885	1.12055	5.14226	5.12616
-1.70688	1.12712	5.1439	5.12518
-1.69045	1.14617	5.1462	5.12616
-1.69275	1.14125	5.14555	5.12649
-1.69604	1.15012	5.14423	5.12715
-1.69702	1.14815	5.14325	5.12813
-1.69209	1.16129	5.14259	5.12945
-1.69932	1.15702	5.14325	5.12945
-1.69866	1.1603	5.14423	5.12813
-1.70228	1.1649	5.14292	5.12715
-1.69932	1.16227	5.14193	5.12682
-1.69439	1.16884	5.14095	5.1255
-1.69242	1.16917	5.14127	5.12518
-1.69735	1.17509	5.1416	5.12583
-1.68979	1.17804	5.14062	5.12616
-1.70195	1.16162	5.14062	5.12616
-1.68946	1.17311	5.14226	5.12485
-1.69045	1.18396	5.14423	5.12485
-1.68454	1.19743	5.14423	5.12518
-1.69472	1.18856	5.14292	5.12485
-1.69111	1.19217	5.14357	5.12452
-1.69012	1.18888	5.14325	5.12518
-1.69341	1.19513	5.14292	5.12616
-1.68585	1.19086	5.14653	5.1255
-1.67928	1.19414	5.14752	5.12649
-1.66975	1.1971	5.14555	5.12715
-1.66745	1.2109	5.14325	5.12879
-1.66515	1.2178	5.14292	5.12912
-1.66844	1.21418	5.14292	5.12879
-1.66614	1.23127	5.14325	5.12715
-1.67369	1.22075	5.1439	5.12748
-1.67304	1.21944	5.14325	5.12715
-1.65924	1.22371	5.1416	5.12518
-1.64938	1.23192	5.13996	5.12452
-1.6507	1.22765	5.14095	5.1278
-1.65168	1.23094	5.14325	5.1278
-1.66055	1.21944	5.14325	5.12485
-1.65628	1.21977	5.14226	5.1232
-1.64478	1.22437	5.14423	5.12353
-1.63887	1.23784	5.14555	5.1255
-1.65004	1.23192	5.14587	5.12649
-1.64445	1.23948	5.14456	5.12649
-1.64478	1.23882	5.14522	5.12583
-1.6507	1.23915	5.14522	5.12452
-1.66187	1.23685	5.14456	5.1232
-1.65694	1.25229	5.14423	5.12419
-1.65727	1.23948	5.14456	5.12616
-1.65234	1.25919	5.14325	5.12682
-1.62606	1.27858	5.14456	5.12846
-1.62704	1.27233	5.14456	5.12846
-1.6346	1.26576	5.14587	5.12682
-1.63985	1.24966	5.14587	5.12583
-1.63854	1.25229	5.14522	5.12583
-1.63624	1.26445	5.14555	5.1278
-1.63526	1.27693	5.1439	5.12813
-1.64741	1.26872	5.1416	5.1278
-1.66187	1.26708	5.1416	5.12583
-1.66614	1.26806	5.14325	5.1255
-1.65037	1.27989	5.14423	5.12616
-1.653	1.2858	5.1439	5.12846
-1.6438	1.29599	5.14357	5.12912
-1.63066	1.30223	5.14587	5.12846
-1.64675	1.28745	5.14719	5.12846
-1.6461	1.28219	5.14653	5.12715
-1.6507	1.26445	5.14785	5.12616
-1.66285	1.25196	5.1485	5.12485
-1.66187	1.26084	5.14719	5.1255
-1.67994	1.23685	5.14456	5.1278
-1.68224	1.22798	5.14193	5.12912
-1.68224	1.2293	5.14193	5.1301
-1.70031	1.21911	5.14292	5.12748
-1.71411	1.20005	5.14423	5.12485
-1.71279	1.20334	5.14522	5.12222
-1.71969	1.20038	5.14522	5.12058
-1.7164	1.20827	5.14489	5.12419
-1.72889	1.18593	5.14456	5.12649
-1.72363	1.18987	5.14555	5.12649
-1.72528	1.18593	5.14587	5.1255
-1.73907	1.1626	5.14587	5.12485
-1.74466	1.15997	5.14555	5.12583
-1.75353	1.16326	5.14357	5.12879
-1.767	1.14946	5.14292	5.13076
-1.76996	1.13566	5.14193	5.1301
-1.77883	1.11759	5.14325	5.12813
-1.78343	1.11562	5.14357	5.12715
-1.79131	1.10938	5.14357	5.12649
-1.79033	1.09788	5.1439	5.12813
-1.79066	1.09985	5.1439	5.12715
-1.7946	1.08868	5.14259	5.12649
-1.79558	1.07981	5.14259	5.12616
-1.78671	1.08572	5.14292	5.12616
-1.78606	1.07981	5.1439	5.12649
-1.78178	1.08244	5.14489	5.12649
-1.79131	1.08178	5.14292	5.12748
-1.79723	1.0716	5.14226	5.12846
-1.79887	1.07127	5.14226	5.12945
-1.78967	1.08178	5.14325	5.12715
-1.79788	1.07225	5.14226	5.12583
-1.79887	1.07751	5.14292	5.12616
-1.79821	1.07455	5.14259	5.12616
-1.79394	1.08375	5.14193	5.12682
-1.79558	1.08769	5.14259	5.12748
-1.78704	1.08507	5.14423	5.12682
-1.79033	1.0716	5.14587	5.12682
-1.78408	1.08408	5.14752	5.12715
-1.77324	1.09854	5.14587	5.12649
-1.77226	1.09065	5.14357	5.12682
-1.7693	1.09886	5.14226	5.1278
-1.76273	1.11759	5.14095	5.12748
-1.74564	1.12646	5.14292	5.12682
-1.7348	1.13205	5.14489	5.12682
-1.73612	1.12482	5.14555	5.12649
-1.73217	1.14026	5.14555	5.12748
-1.73185	1.14157	5.14292	5.12682
-1.7233	1.14683	5.1416	5.1255
-1.71706	1.14946	5.1416	5.12583
-1.71181	1.16753	5.14193	5.12682
-1.70753	1.17607	5.14357	5.12583
-1.69965	1.18691	5.14423	5.12485
-1.70063	1.18363	5.14259	5.12353
-1.69374	1.19874	5.14259	5.12288
-1.69144	1.19907	5.1416	5.12452
-1.67139	1.20301	5.1393	5.1255
-1.66088	1.21977	5.13996	5.1255
-1.65727	1.22535	5.14292	5.12419
-1.63493	1.24375	5.14522	5.12386
-1.63328	1.24638	5.14423	5.12386
-1.6323	1.24079	5.14193	5.1255
-1.63098	1.25032	5.1416	5.12715
-1.63723	1.23324	5.14193	5.12715
-1.63854	1.22831	5.14357	5.12616
-1.64478	1.23192	5.14423	5.12419
-1.64347	1.24572	5.14292	5.12386
-1.64248	1.24112	5.14062	5.12452
-1.63591	1.24145	5.13996	5.12518
-1.6231	1.25788	5.14029	5.12748
-1.61127	1.27036	5.14029	5.12912
-1.60174	1.27365	5.14095	5.12682
-1.59714	1.27923	5.14259	5.1255
-1.59123	1.26773	5.1439	5.12583
-1.59156	1.27693	5.14357	5.12583
-1.58959	1.27069	5.14193	5.12518
-1.5771	1.295	5.14292	5.12616
-1.5771	1.30387	5.14456	5.1278
-1.56363	1.31472	5.14489	5.12748
-1.55476	1.318	5.1439	5.12616
-1.54589	1.31669	5.14489	5.12386
-1.55279	1.31373	5.14587	5.12386
-1.55509	1.31439	5.14423	5.12485
-1.55772	1.30782	5.14357	5.12583
-1.54129	1.32392	5.14456	5.1278
-1.54458	1.3272	5.14555	5.12813
-1.55706	1.31472	5.14423	5.12682
-1.55936	1.30913	5.14325	5.12518
-1.56462	1.30486	5.14325	5.1255
-1.56593	1.31176	5.14292	5.12682
-1.56922	1.31537	5.14226	5.1278
-1.58236	1.30749	5.1416	5.12518
-1.58696	1.31012	5.14259	5.12255
-1.58795	1.30256	5.14423	5.12189
-1.59977	1.2858	5.14785	5.12485
-1.59419	1.27299	5.14587	5.12846
-1.59977	1.25558	5.1439	5.12813
-1.6001	1.26182	5.14193	5.12649
-1.60372	1.26543	5.14226	5.12353
-1.60437	1.25755	5.14259	5.12222
-1.61061	1.25229	5.14489	5.12255
-1.60273	1.25722	5.14522	5.12485
-1.61061	1.26116	5.1439	5.12682
-1.61949	1.24966	5.1416	5.12813
-1.60897	1.26773	5.14127	5.1278
-1.61751	1.26445	5.14259	5.1278
-1.5978	1.26806	5.14489	5.12518
-1.60372	1.26741	5.14489	5.12353
-1.61751	1.26478	5.14423	5.12353
-1.63033	1.26248	5.14357	5.12353
-1.64183	1.23784	5.14259	5.12452
-1.64544	1.22765	5.14193	5.12616
-1.64938	1.23192	5.1439	5.12583
-1.65497	1.22864	5.14489	5.12419
-1.66778	1.22798	5.14423	5.12255
-1.67074	1.22075	5.14292	5.12452
-1.67665	1.20925	5.14259	5.12649
-1.67139	1.20498	5.14357	5.12715
-1.67895	1.20005	5.14325	5.12748
-1.68289	1.1971	5.14292	5.12813
-1.69636	1.1833	5.14357	5.1278
-1.70195	1.18231	5.14423	5.12616
-1.70195	1.18297	5.1439	5.12583
-1.70458	1.17016	5.1439	5.12682
-1.70491	1.17377	5.14259	5.12813
-1.70425	1.15767	5.14127	5.12682
-1.70688	1.14223	5.1416	5.12518
-1.71805	1.1235	5.1439	5.1255
-1.7164	1.12482	5.14357	5.12682
-1.7302	1.12876	5.14226	5.1278
-1.72626	1.12876	5.14193	5.12682
-1.73119	1.10971	5.14259	5.12485
-1.72659	1.11036	5.14587	5.1255
-1.72068	1.11102	5.14686	5.12583
-1.72298	1.11036	5.14587	5.12649
-1.71411	1.12219	5.14292	5.12649
-1.721	1.11628	5.13996	5.12649
-1.72593	1.10806	5.13897	5.12912
-1.72429	1.10445	5.14029	5.12912
-1.7187	1.11693	5.14226	5.12748
-1.71805	1.12153	5.14587	5.12485
-1.7187	1.12022	5.14785	5.12288
-1.72823	1.11266	5.14587	5.12353
-1.72593	1.12646	5.14555	5.12583
-1.73415	1.11365	5.14522	5.12616
-1.74072	1.11299	5.14423	5.1255
-1.74827	1.10806	5.14325	5.12583
-1.73842	1.11463	5.14193	5.1255
-1.7463	1.10412	5.14095	5.12518
-1.74893	1.09656	5.14062	5.12616
-1.73907	1.10609	5.1416	5.12616
-1.73776	1.10478	5.1439	5.1278
-1.7279	1.10084	5.1462	5.12879
-1.72889	1.10314	5.14719	5.12715
-1.73283	1.10084	5.14653	5.12616
-1.73119	1.11332	5.14555	5.12682
-1.73875	1.10149	5.14325	5.12715
-1.72856	1.11102	5.14127	5.1278
-1.73447	1.09328	5.1393	5.12879
-1.72758	1.10478	5.13897	5.1278
-1.72265	1.10281	5.14029	5.12682
-1.72232	1.10248	5.14259	5.12616
-1.73546	1.09426	5.14325	5.12485
-1.74269	1.10084	5.14095	5.1255
-1.73743	1.10412	5.13865	5.12682
-1.7371	1.09788	5.14062	5.12649
-1.73349	1.10314	5.14193	5.12715
-1.72626	1.11463	5.14292	5.12813
-1.72856	1.11661	5.14456	5.12616
-1.74203	1.10346	5.1439	5.12386
-1.74269	1.08638	5.14325	5.12419
-1.74039	1.08999	5.14193	5.12583
-1.74564	1.09328	5.1416	5.12879
-1.74105	1.08309	5.14193	5.12748
-1.74039	1.09295	5.14325	5.12419
-1.7509	1.08999	5.14325	5.12452
-1.76799	1.08244	5.1416	5.12419
-1.76733	1.07619	5.14226	5.1232
-1.76963	1.07127	5.1439	5.12419
-1.76306	1.07784	5.14555	5.12583
-1.7601	1.08572	5.14555	5.12649
-1.7624	1.09098	5.14456	5.1255
-1.76371	1.08966	5.14259	5.12518
-1.76766	1.08408	5.14095	5.12518
-1.75912	1.09788	5.13963	5.12748
-1.77357	1.09821	5.14029	5.12813
-1.77751	1.09821	5.14423	5.1278
-1.7739	1.09952	5.14686	5.12485
-1.76437	1.10051	5.14686	5.12255
-1.77291	1.10215	5.14587	5.12288
-1.77061	1.10741	5.14325	5.1232
-1.76339	1.10018	5.1416	5.12419
-1.75714	1.11036	5.14193	5.12419
-1.75714	1.10675	5.14259	5.12386
-1.7624	1.08769	5.14423	5.12419
-1.7647	1.08112	5.14653	5.12386
-1.7578	1.08474	5.1462	5.12353
-1.75386	1.09525	5.14653	5.12222
-1.75977	1.09196	5.14587	5.12288
-1.76601	1.08244	5.14456	5.12419
-1.76799	1.07619	5.14456	5.12518
-1.76043	1.07784	5.14555	5.12682
-1.74926	1.06897	5.14489	5.12616
-1.74959	1.06371	5.14489	5.12452
-1.75419	1.06371	5.14357	5.12419
-1.74893	1.0624	5.14226	5.12386
-1.74203	1.07619	5.14193	5.12353
-1.73875	1.08737	5.14325	5.12419
-1.73973	1.08966	5.14555	5.12353
-1.73349	1.09525	5.14686	5.12452
-1.72429	1.10314	5.14752	5.12518
-1.71378	1.10708	5.14686	5.12419
-1.7187	1.10412	5.1439	5.12288
-1.70688	1.1212	5.14127	5.12452
-1.69932	1.13566	5.1416	5.12616
-1.70425	1.13468	5.1439	5.12616
-1.69702	1.1373	5.14522	5.12715
-1.69176	1.13927	5.14752	5.12748
-1.68355	1.13993	5.14686	5.12649
-1.67139	1.16194	5.14456	5.12682
-1.66942	1.16819	5.14193	5.12715
-1.6576	1.18199	5.14259	5.12682
-1.66351	1.19316	5.14357	5.1255
-1.66022	1.19348	5.14456	5.12419
-1.64807	1.19907	5.14259	5.12353
-1.64084	1.21484	5.14029	5.1255
-1.64413	1.21615	5.14029	5.12748
-1.6484	1.21254	5.14062	5.12977
-1.6415	1.21845	5.14226	5.13076
-1.63296	1.22732	5.14522	5.12879
-1.6415	1.23127	5.1462	5.12649
-1.63887	1.23422	5.14522	5.12649
-1.63887	1.23357	5.1439	5.12616
-1.62671	1.23948	5.1416	5.12616
-1.6139	1.24539	5.1416	5.1255
-1.62277	1.23225	5.14292	5.12583
-1.607	1.24802	5.14719	5.12616
-1.6093	1.25328	5.14686	5.12518
-1.60404	1.26281	5.14456	5.12518
-1.60174	1.26215	5.1439	5.12682
-1.60766	1.25854	5.14423	5.12682
-1.61423	1.26379	5.14423	5.12518
-1.61456	1.25591	5.14357	5.12682
-1.61981	1.25492	5.14423	5.12616
-1.62047	1.25262	5.14456	5.12616
-1.61554	1.25328	5.14325	5.12715
-1.62146	1.25131	5.14226	5.1278
-1.62408	1.24966	5.14259	5.12616
-1.64084	1.23718	5.14127	5.12649
-1.64183	1.23784	5.14095	5.12813
-1.64675	1.23127	5.14325	5.12813
-1.65267	1.2247	5.14423	5.12715
-1.65694	1.21878	5.14292	5.12616
-1.65497	1.21254	5.14357	5.12452
-1.66811	1.19874	5.14423	5.1232
-1.67041	1.19118	5.14489	5.12616
-1.66515	1.19578	5.14522	5.12715
-1.66022	1.20071	5.14456	5.12649
-1.66022	1.20137	5.14325	5.12452
-1.67107	1.18658	5.14095	5.12518
-1.66942	1.18856	5.14062	5.1278
-1.68059	1.17837	5.13996	5.12846
-1.68848	1.17574	5.14062	5.12682
-1.68946	1.17279	5.14259	5.12452
-1.69768	1.15932	5.14325	5.1232
-1.70819	1.15307	5.14325	5.12485
-1.71443	1.14289	5.14292	5.12715
-1.72922	1.13533	5.14226	5.12912
-1.73415	1.12055	5.1439	5.12977
-1.72265	1.13106	5.14555	5.12715
-1.72528	1.12679	5.14653	5.12583
-1.72922	1.13435	5.14587	5.12583
-1.7279	1.13073	5.1439	5.12616
-1.73973	1.12482	5.14193	5.12583
-1.74433	1.11693	5.14062	5.12485
-1.74893	1.11332	5.14095	5.12485
-1.7532	1.09624	5.14259	5.12419
-1.75254	1.09361	5.14357	5.1255
-1.76043	1.07652	5.14325	5.12715
-1.77423	1.07225	5.14259	5.12682
-1.78704	1.0647	5.14292	5.12616
-1.80051	1.0463	5.14456	5.12649
-1.81135	1.04991	5.1439	5.1255
-1.80971	1.04564	5.14292	5.12518
-1.80577	1.05287	5.14357	5.12386
-1.81168	1.04203	5.14522	5.12353
-1.81464	1.03841	5.14522	5.1255
-1.81595	1.03381	5.14357	5.1278
-1.82745	1.01344	5.1439	5.1278
-1.82877	1.01574	5.14226	5.1278
-1.82745	1.00424	5.14423	5.12682
-1.82252	1.00359	5.14653	5.12485
-1.83304	0.982889	5.14456	5.1232
-1.82909	0.979932	5.14292	5.12485
-1.83074	0.976647	5.14325	5.12715
-1.82844	1.00227	5.14456	5.1278
-1.83337	1.00622	5.14653	5.12583
-1.83797	1.01213	5.1485	5.1232
-1.83764	1.01246	5.14719	5.1232
-1.83797	1.00884	5.14522	5.12452
-1.84421	1.0026	5.14456	5.12583
-1.83665	1.01607	5.14456	5.12715
-1.83369	1.02363	5.14522	5.12649
-1.82351	1.02231	5.14456	5.12649
-1.82318	1.0302	5.14292	5.12583
-1.83074	1.0233	5.14259	5.1255
-1.82121	1.02921	5.14325	5.12485
-1.81332	1.021	5.14456	5.1255
-1.8107	1.0256	5.14522	5.12485
-1.8061	1.04203	5.14489	5.12452
-1.8015	1.04071	5.14522	5.12485
-1.79361	1.03973	5.14587	5.12452
-1.7854	1.04564	5.14587	5.12222
-1.76437	1.05583	5.14489	5.12222
-1.75977	1.0509	5.1439	5.12583
-1.75879	1.05221	5.14357	5.12813
-1.75057	1.05977	5.14423	5.12879
-1.75254	1.05583	5.14522	5.1278
-1.74729	1.06174	5.14587	5.12452
-1.74269	1.05648	5.14522	5.12518
-1.74137	1.05845	5.14325	5.1255
-1.74236	1.06404	5.14325	5.12748
-1.74137	1.06897	5.14292	5.12945
-1.72298	1.09098	5.14259	5.12813
-1.72068	1.08638	5.14127	5.12682
-1.71411	1.08737	5.14062	5.1255
-1.70951	1.10018	5.14193	5.1232
-1.71279	1.09624	5.1439	5.12288
-1.72298	1.10379	5.14325	5.12353
-1.71936	1.11661	5.14193	5.12419
-1.7256	1.12022	5.1416	5.1232
-1.71016	1.13139	5.1416	5.1232
-1.70918	1.13073	5.14029	5.12353
-1.70688	1.1488	5.13897	5.12452
-1.69998	1.15702	5.13865	5.12682
-1.69998	1.17081	5.14095	5.12813
-1.69604	1.17246	5.14357	5.12977
-1.69472	1.17246	5.1439	5.12879
-1.69012	1.18396	5.14325	5.12583
-1.69899	1.16786	5.14193	5.12419
-1.69242	1.1787	5.1439	5.12485
-1.68092	1.181	5.14423	5.12649
-1.68421	1.181	5.14292	5.1278
-1.67797	1.19513	5.14095	5.12649
-1.66942	1.20334	5.13996	5.12353
-1.66318	1.20235	5.13963	5.1232
-1.66975	1.204	5.14127	5.12353
-1.6576	1.22437	5.14357	5.12419
-1.65595	1.22765	5.14357	5.12616
-1.65004	1.227	5.14292	5.12353
-1.64215	1.23455	5.14357	5.12255
-1.63723	1.22897	5.14489	5.12353
-1.62901	1.23981	5.14653	5.12288
-1.6323	1.23849	5.14555	5.12255
-1.62934	1.23389	5.1439	5.1232
-1.63328	1.24112	5.1439	5.12419
-1.63263	1.23784	5.14259	5.12616
-1.63854	1.23718	5.1416	5.12583
-1.62704	1.23817	5.1416	5.12485
-1.61686	1.24736	5.14292	5.12419
-1.61291	1.23652	5.1439	5.12452
-1.62671	1.21911	5.14325	5.12485
-1.63361	1.20301	5.14259	5.12485
-1.62901	1.2109	5.14127	5.12419
-1.6208	1.22042	5.14127	5.12222
-1.62704	1.20827	5.14259	5.12156
-1.65201	1.17771	5.14357	5.12255
-1.63756	1.1833	5.14325	5.1232
-1.64215	1.18001	5.14062	5.12518
-1.64807	1.17213	5.13963	5.1255
-1.65957	1.16654	5.14062	5.12518
-1.65398	1.17114	5.14357	5.12518
-1.67205	1.15176	5.1462	5.12386
-1.68224	1.13796	5.14587	5.12419
-1.68684	1.14125	5.14456	5.12649
-1.68914	1.13238	5.14325	5.12813
-1.68848	1.14486	5.14292	5.12682
-1.68684	1.14946	5.1439	5.1255
-1.67731	1.16359	5.14587	5.1255
-1.68322	1.16687	5.14587	5.12583
-1.69144	1.16194	5.14423	5.12386
-1.68848	1.17246	5.14325	5.12353
-1.68158	1.17541	5.14292	5.1232
-1.69505	1.16194	5.14259	5.12386
-1.69636	1.158	5.14292	5.12485
-1.69571	1.14913	5.14127	5.12616
-1.69932	1.1442	5.1416	5.12583
-1.70589	1.1235	5.14292	5.12386
-1.72659	1.11726	5.14325	5.12288
-1.74006	1.09952	5.14226	5.12485
-1.73283	1.10938	5.14226	5.12616
-1.73612	1.10543	5.14259	5.12583
-1.74236	1.09361	5.14325	5.1255
-1.75287	1.08309	5.14653	5.12583
-1.75254	1.09394	5.14555	5.12682
-1.75386	1.09098	5.14259	5.12846
-1.76766	1.08375	5.14226	5.12846
-1.75977	1.08769	5.14357	5.1278
-1.76634	1.08244	5.14489	5.12748
-1.77423	1.08309	5.14423	5.12616
-1.77916	1.08014	5.14456	5.1255
-1.78573	1.07554	5.14456	5.12583
-1.78408	1.07685	5.14259	5.12452
-1.77718	1.08737	5.1416	5.1255
-1.7946	1.07619	5.14127	5.12715
-1.78573	1.08638	5.14193	5.12649
-1.80215	1.06897	5.14357	5.12583
-1.79755	1.07685	5.14522	5.1255
-1.7923	1.09459	5.14423	5.12353
-1.78967	1.09426	5.14226	5.12386
-1.79953	1.08999	5.14127	5.12682
-1.80741	1.07488	5.14193	5.12649
-1.80643	1.07258	5.14423	5.12616
-1.80511	1.0693	5.14456	5.1255
-1.81168	1.05944	5.14325	5.1255
-1.81727	1.05418	5.14226	5.12715
-1.82778	1.03513	5.14292	5.1278
-1.82449	1.03874	5.14522	5.12715
-1.81858	1.05188	5.14587	5.12748
-1.83501	1.03151	5.14489	5.1278
-1.83928	1.02034	5.14357	5.12649
-1.84191	1.02363	5.14292	5.12485
-1.84815	1.00786	5.14423	5.12452
-1.85111	1.00556	5.14259	5.12485
-1.85538	0.99603	5.14193	5.12485
-1.84881	0.998987	5.14226	5.12419
-1.86031	0.992745	5.14423	5.12288
-1.86162	0.993402	5.14686	5.12255
-1.87016	0.988474	5.14587	5.12452
-1.87115	0.98486	5.14456	5.12616
-1.86721	0.991759	5.14357	5.12715
-1.86918	0.986174	5.14456	5.12813
-1.87608	0.976318	5.14325	5.12649
-1.87673	0.978946	5.14259	5.12583
-1.8833	0.969419	5.14226	5.12583
-1.88133	0.96679	5.14029	5.12583
-1.88232	0.974675	5.14062	5.12485
-1.88133	0.967119	5.14127	5.12419
-1.87542	0.979932	5.1416	5.12518
-1.8718	0.995373	5.14456	5.12583
-1.86589	1.00096	5.14456	5.12419
-1.87312	0.987488	5.14292	5.12222
-1.87115	1.00424	5.14193	5.12156
-1.87246	1.00556	5.14095	5.12255
-1.88987	0.979603	5.14127	5.12353
-1.88692	0.978618	5.14095	5.12452
-1.88659	0.98256	5.1416	5.12419
-1.8833	0.982889	5.14259	5.12485
-1.87936	0.99603	5.14259	5.12616
-1.87246	0.998987	5.1416	5.12485
-1.86918	0.999316	5.14127	5.12386
-1.86589	1.00293	5.14193	5.12419
-1.86392	1.00819	5.14259	5.12288
-1.86983	1.00424	5.14357	5.12353
-1.86918	0.991759	5.14325	5.12288
-1.86589	1.00194	5.14357	5.12452
-1.85571	1.0072	5.14357	5.12813
-1.85111	1.00194	5.14357	5.12813
-1.85669	0.999316	5.14357	5.12682
-1.85472	1.00589	5.14456	5.12649
-1.84815	1.01706	5.14423	5.12518
-1.84026	1.02231	5.14259	5.12419
-1.83665	1.02067	5.14292	5.12583
-1.83041	1.04268	5.14259	5.12583
-1.82285	1.05254	5.14259	5.12518
-1.81464	1.05024	5.1416	5.12419
-1.8084	1.05155	5.14029	5.12353
-1.81037	1.05517	5.14127	5.12386
-1.79887	1.0716	5.14357	5.1255
-1.80643	1.067	5.1439	5.1255
-1.79821	1.0716	5.14292	5.12715
-1.79624	1.07521	5.14259	5.12813
-1.79131	1.07291	5.14259	5.12649
-1.78868	1.08178	5.14357	5.12386
-1.78146	1.09624	5.14489	5.1232
-1.77718	1.10576	5.1439	5.1232
-1.77456	1.10675	5.14357	5.12386
-1.77653	1.09821	5.14292	5.12485
-1.77981	1.09328	5.14226	5.12649
-1.76831	1.11266	5.14325	5.12649
-1.77029	1.1212	5.14456	5.1255
-1.76141	1.12975	5.14522	5.12386
-1.76339	1.12482	5.14489	5.12288
-1.74729	1.13697	5.14456	5.12288
-1.74006	1.1465	5.14489	5.12386
-1.73842	1.15669	5.14522	5.12649
-1.73283	1.16457	5.14292	5.12682
-1.73316	1.1672	5.1416	5.12649
-1.71345	1.18231	5.14292	5.12649
-1.70721	1.19414	5.14226	5.12452
-1.70063	1.20794	5.13963	5.12386
-1.68782	1.21812	5.13996	5.12649
-1.68749	1.21353	5.14226	5.12846
-1.68585	1.22207	5.14489	5.12846
-1.66975	1.2247	5.14587	5.12813
-1.66877	1.2224	5.14653	5.12682
-1.67928	1.20531	5.14522	5.12419
-1.67567	1.20827	5.1439	5.12353
-1.68322	1.21254	5.14193	5.1255
-1.68092	1.22141	5.1416	5.12649
-1.68191	1.21517	5.14259	5.12583
-1.68914	1.20893	5.14489	5.12616
-1.68158	1.22207	5.14555	5.12616
-1.68684	1.21418	5.14587	5.12715
-1.68716	1.22141	5.14456	5.12715
-1.68257	1.22404	5.14357	5.1255
-1.69472	1.2247	5.14259	5.12583
-1.70195	1.22042	5.14325	5.12682
-1.69768	1.22502	5.14357	5.12748
-1.68257	1.23948	5.14325	5.12583
-1.68322	1.24244	5.14456	5.12288
-1.67008	1.25262	5.1439	5.12386
-1.67731	1.24014	5.14292	5.12682
-1.66482	1.24638	5.14292	5.12616
-1.65562	1.24507	5.1439	5.12353
-1.66351	1.23422	5.14522	5.12419
-1.66515	1.23915	5.14456	5.1255
-1.66942	1.23718	5.14423	5.12583
-1.66909	1.24014	5.14292	5.12583
-1.66712	1.24277	5.14193	5.12682
-1.67501	1.23619	5.14292	5.1278
-1.68158	1.23291	5.14489	5.12715
-1.69735	1.21353	5.14522	5.1255
-1.70458	1.20137	5.14456	5.12419
-1.70523	1.19118	5.14357	5.12419
-1.70918	1.17837	5.14292	5.12583
-1.70523	1.19381	5.14292	5.12715
-1.70392	1.18757	5.14423	5.12649
-1.70753	1.19053	5.14456	5.12518
-1.71213	1.18987	5.14325	5.1232
-1.70425	1.18494	5.14193	5.12288
-1.71148	1.17607	5.14193	5.12288
-1.72199	1.15964	5.14226	5.12386
-1.72725	1.15636	5.14259	5.12649
-1.72035	1.16687	5.14226	5.12682
-1.71608	1.16983	5.14193	5.12682
-1.72988	1.1649	5.14193	5.12452
-1.71739	1.16194	5.14259	5.1232
-1.72002	1.17016	5.1416	5.12353
-1.7279	1.16589	5.14029	5.12485
-1.74039	1.15143	5.14029	5.1255
-1.75452	1.13862	5.14292	5.12649
-1.74236	1.14092	5.14456	5.12583
-1.75189	1.13862	5.14292	5.12616
-1.75287	1.13435	5.14226	5.12748
-1.75616	1.13336	5.14357	5.12879
-1.76207	1.12778	5.14259	5.12879
-1.76569	1.11562	5.14127	5.1278
-1.7693	1.10609	5.14325	5.12616
-1.76273	1.10905	5.14653	5.12649
-1.76831	1.09624	5.1462	5.1255
-1.77259	1.09624	5.1462	5.12452
-1.7785	1.08507	5.14555	5.12485
-1.79295	1.06601	5.14489	5.12583
-1.78638	1.07028	5.14555	5.12616
-1.79197	1.07291	5.14719	5.12583
-1.78376	1.09229	5.14719	5.12518
-1.79033	1.08737	5.14653	5.12682
-1.79066	1.07948	5.14423	5.12813
-1.78573	1.08539	5.14226	5.12846
-1.77521	1.08999	5.1393	5.12715
-1.77751	1.09131	5.14095	5.12616
-1.78014	1.08769	5.14456	5.12452
-1.78836	1.08112	5.14719	5.1232
-1.78178	1.10149	5.14587	5.12353
-1.77784	1.11266	5.1439	5.12485
-1.78638	1.10084	5.14095	5.12485
-1.78113	1.10609	5.13996	5.12616
-1.78014	1.10314	5.14029	5.12748
-1.77127	1.11299	5.14456	5.12715
-1.7739	1.11431	5.14817	5.12485
-1.77686	1.10379	5.14752	5.12452
-1.77718	1.09624	5.14489	5.12353
-1.78408	1.09558	5.14259	5.12189
-1.77916	1.09788	5.13996	5.12255
-1.77653	1.10248	5.14095	5.1232
-1.76963	1.09985	5.14259	5.1232
-1.77718	1.10609	5.14357	5.12452
-1.7693	1.11463	5.14325	5.12452
-1.76864	1.12022	5.14259	5.12616
-1.7624	1.12153	5.14292	5.12813
-1.75879	1.12055	5.14423	5.1278
-1.76174	1.10938	5.14522	5.12682
-1.77291	1.10675	5.14456	5.12583
-1.77653	1.09361	5.14357	5.1255
-1.77916	1.09492	5.14259	5.12649
-1.77456	1.10478	5.14226	5.12748
-1.77554	1.10182	5.14325	5.12682
-1.77291	1.10018	5.14489	5.12518
-1.76864	1.10445	5.14522	5.12353
-1.76831	1.10478	5.14456	5.12353
-1.7716	1.10741	5.14456	5.12518
-1.77061	1.10182	5.1439	5.12616
-1.76634	1.10839	5.14456	5.12682
-1.7647	1.11496	5.14456	5.12813
-1.76437	1.11431	5.14357	5.12813
-1.76076	1.12515	5.14095	5.12649
-1.75682	1.12515	5.13996	5.12518
-1.75977	1.12416	5.1416	5.12452
-1.75189	1.12548	5.14226	5.12386
-1.74663	1.12843	5.14226	5.12419
-1.73645	1.13862	5.1416	5.12386
-1.72758	1.14322	5.14259	5.12386
-1.72889	1.15012	5.14456	5.12452
-1.7371	1.13862	5.1462	5.12485
-1.74466	1.14157	5.14522	5.1255
-1.74597	1.1281	5.1439	5.12649
-1.74499	1.13238	5.14357	5.12452
-1.7463	1.13533	5.14522	5.1232
-1.73283	1.14749	5.14555	5.12353
-1.72955	1.14026	5.14522	5.1232
-1.72626	1.14322	5.14489	5.12288
-1.71739	1.15472	5.14522	5.12386
-1.71181	1.15373	5.14489	5.12616
-1.70491	1.16654	5.14456	5.12715
-1.71542	1.158	5.1439	5.12846
-1.7187	1.16359	5.14555	5.12715
-1.70195	1.16096	5.14817	5.12452
-1.70622	1.16293	5.14817	5.12123
-1.70556	1.17311	5.14489	5.1209
-1.70359	1.16457	5.14325	5.12419
-1.69998	1.16096	5.14259	5.1255
-1.70031	1.15176	5.14193	5.12485
-1.70359	1.14913	5.14357	5.12353
-1.70589	1.14125	5.14522	5.12386
-1.70261	1.13468	5.14587	5.12518
-1.69439	1.14092	5.14653	5.12485
-1.70129	1.14157	5.14522	5.12518
-1.69965	1.13993	5.14357	5.12518
-1.69669	1.1511	5.14357	5.12518
-1.69538	1.14519	5.14456	5.12583
-1.69144	1.1534	5.14555	5.12649
-1.68651	1.1534	5.14456	5.12518
-1.67862	1.17016	5.1439	5.1232
-1.68191	1.17739	5.14193	5.12156
-1.67764	1.18527	5.14127	5.12353
-1.68059	1.18626	5.1439	5.12649
-1.69439	1.1833	5.14522	5.12715
-1.69505	1.18921	5.14423	5.12682
-1.70655	1.17049	5.14259	5.1255
-1.70786	1.16326	5.14193	5.12485
-1.69866	1.16786	5.14259	5.12452
-1.69045	1.1695	5.14456	5.12518
-1.70031	1.16753	5.14555	5.12452
-1.68552	1.17903	5.14522	5.12419
-1.67994	1.18658	5.14489	5.1255
-1.67501	1.20005	5.14423	5.12616
-1.68519	1.18264	5.14423	5.12748
-1.68585	1.18921	5.14357	5.1278
-1.70359	1.17213	5.14292	5.12846
-1.70819	1.1741	5.14292	5.12748
-1.71903	1.17476	5.14423	5.12715
-1.71246	1.17607	5.1439	5.12649
-1.71739	1.16687	5.1439	5.12616
-1.721	1.1626	5.14193	5.12682
-1.71673	1.15472	5.14062	5.12748
-1.71772	1.15242	5.14127	5.12715
-1.70786	1.16063	5.14456	5.12649
-1.71213	1.1419	5.14587	5.12616
-1.71443	1.13533	5.14325	5.12649
-1.71016	1.14157	5.14259	5.12813
-1.70918	1.13566	5.14357	5.1301
-1.71411	1.12679	5.14522	5.1301
-1.72462	1.12186	5.14555	5.12846
-1.72199	1.12646	5.14653	5.12583
-1.72462	1.12055	5.14653	5.12419
-1.73612	1.11332	5.14489	5.12485
-1.73875	1.1212	5.14423	5.12682
-1.7417	1.11759	5.14357	5.12813
-1.73809	1.10445	5.14226	5.12748
-1.7302	1.09689	5.14325	5.1278
-1.74039	1.09164	5.1439	5.12879
-1.7486	1.08079	5.14357	5.12748
-1.75353	1.07455	5.14127	5.12649
-1.7555	1.07882	5.14029	5.12616
-1.75912	1.07882	5.1416	5.12616
-1.78014	1.04893	5.14325	5.12616
-1.78376	1.04268	5.14555	5.12616
-1.78277	1.04597	5.14587	5.12583
-1.78606	1.04334	5.14423	5.12715
-1.77291	1.0578	5.14226	5.12583
-1.77127	1.05911	5.14095	5.12583
-1.78376	1.04958	5.14193	5.12813
-1.79591	1.03151	5.14325	5.1301
-1.8015	1.02166	5.14522	5.12813
-1.80807	1.01607	5.14587	5.12419
-1.8084	1.02429	5.1439	5.12288
-1.80708	1.02001	5.14423	5.12353
-1.81398	1.01377	5.14489	5.12583
-1.8084	1.01936	5.14522	5.12649
-1.8107	1.01706	5.14555	5.12616
-1.80084	1.03118	5.14423	5.12715
-1.80971	1.01706	5.14423	5.12715
-1.81267	1.01771	5.14423	5.12583
-1.82055	1.0072	5.1439	5.1255
-1.82811	1.00523	5.14325	5.12583
-1.84092	0.994059	5.14456	5.1278
-1.84191	0.990445	5.14522	5.12945
-1.84289	0.975004	5.1416	5.12879
-1.85373	0.960877	5.14029	5.12715
-1.85702	0.959891	5.14193	5.12616
-1.85899	0.969419	5.14226	5.12583
-1.85702	0.967776	5.14127	5.12649
-1.86655	0.960877	5.1416	5.12518
-1.86655	0.967776	5.14226	5.12386
-1.85932	0.963505	5.14423	5.12518
-1.86523	0.95562	5.14489	5.12518
-1.87213	0.940507	5.14357	5.12518
-1.86589	0.947735	5.14193	5.12682
-1.881	0.946092	5.14062	5.12616
-1.88133	0.946749	5.13963	5.12419
-1.88725	0.930651	5.14127	5.12386
-1.89283	0.91948	5.1439	5.12386
-1.89283	0.919809	5.14489	5.12386
-1.89217	0.913895	5.14193	5.12386
-1.88725	0.92178	5.13897	5.12452
-1.88823	0.916852	5.13865	5.12419
-1.88889	0.913567	5.13799	5.1255
-1.89086	0.903382	5.14062	5.12813
-1.87476	0.912252	5.1439	5.12583
-1.86556	0.933936	5.14423	5.12288
-1.86293	0.955948	5.14423	5.12386
-1.86753	0.949049	5.14423	5.1255
-1.85538	0.96909	5.1439	5.12583
-1.85012	0.970404	5.1439	5.12682
-1.85111	0.963833	5.14226	5.12715
-1.84191	0.970076	5.14259	5.12616
-1.84059	0.977961	5.14259	5.12583
-1.82909	0.989788	5.14259	5.12518
-1.83632	0.993074	5.14292	5.12715
-1.83238	0.996359	5.14292	5.1278
-1.83764	0.986174	5.14522	5.12748
-1.83205	0.98256	5.14719	5.12616
-1.82449	0.995373	5.14686	5.12485
-1.82384	1.0049	5.14423	5.12485
-1.8199	1.00063	5.14259	5.12813
-1.81004	1.01377	5.14193	5.12945
-1.80511	1.01673	5.14193	5.13043
-1.80117	1.0256	5.14226	5.12977
-1.79394	1.03348	5.14325	5.12583
-1.79361	1.044	5.1439	5.12452
-1.78967	1.04827	5.14226	5.12353
-1.77456	1.06207	5.14193	5.12485
-1.76404	1.08539	5.14226	5.12649
-1.75977	1.08769	5.14357	5.12715
-1.75024	1.10314	5.14555	5.12682
-1.74105	1.12186	5.14456	5.12419
-1.74006	1.12975	5.14423	5.12156
-1.74006	1.12055	5.14423	5.12255
-1.74499	1.11069	5.14423	5.12485
-1.73546	1.11989	5.1439	5.12813
-1.7348	1.12449	5.14259	5.12715
-1.73086	1.13829	5.14095	5.12649
-1.73382	1.15406	5.14062	5.12649
-1.73546	1.15274	5.14226	5.12682
-1.7417	1.14617	5.14193	5.12748
-1.73973	1.14125	5.14127	5.12649
-1.7348	1.1373	5.13996	5.1255
-1.72429	1.15307	5.14095	5.12682
-1.72593	1.14815	5.14456	5.12715
-1.71936	1.15537	5.14653	5.12616
-1.7164	1.15669	5.14686	5.1278
-1.72725	1.14617	5.14357	5.12977
-1.73842	1.14157	5.14226	5.13076
-1.73677	1.14782	5.14259	5.1301
-1.72988	1.16359	5.14292	5.12748
-1.72035	1.17509	5.14292	5.12353
-1.71509	1.18823	5.14489	5.12189
-1.71903	1.181	5.14719	5.12288
-1.70655	1.1948	5.14686	5.12583
-1.70458	1.20728	5.14555	5.12813
-1.68618	1.22831	5.1439	5.12846
-1.68027	1.23652	5.14292	5.12813
-1.67337	1.25164	5.14357	5.12715
-1.67567	1.25788	5.14292	5.12649
-1.67074	1.25656	5.14259	5.12353
-1.66351	1.25591	5.14226	5.12255
-1.65858	1.25788	5.14259	5.12518
-1.66121	1.25689	5.14259	5.12912
-1.65168	1.27168	5.14292	5.12846
-1.63854	1.28022	5.14456	5.12452
-1.64445	1.27135	5.14357	5.12419
-1.64708	1.27168	5.14193	5.12485
-1.64544	1.26084	5.14292	5.12649
-1.64807	1.25262	5.1462	5.12748
-1.64873	1.25361	5.14752	5.12813
-1.6484	1.25459	5.14555	5.12583
-1.64511	1.25131	5.14357	5.1255
-1.64413	1.25098	5.14489	5.1255
-1.63624	1.25295	5.14555	5.12452
-1.64774	1.23554	5.1439	5.12583
-1.65037	1.23094	5.14226	5.12616
-1.66252	1.21681	5.14489	5.12682
-1.66318	1.2201	5.14752	5.12715
-1.66975	1.2178	5.1485	5.12748
-1.67238	1.21582	5.14785	5.12616
-1.67172	1.22634	5.14555	5.1255
-1.66121	1.23619	5.1416	5.1255
-1.64938	1.25065	5.14292	5.12649
-1.65957	1.24441	5.1462	5.12748
-1.66811	1.24408	5.14653	5.12813
-1.67008	1.24079	5.14489	5.12682
-1.66942	1.25065	5.1439	5.12485
-1.67074	1.25131	5.14456	5.1232
-1.68191	1.23718	5.14522	5.12419
-1.68454	1.227	5.14489	5.12649
-1.69439	1.20827	5.14522	5.1255
-1.69374	1.21353	5.14522	5.12485
-1.69801	1.20958	5.14522	5.12485
-1.71082	1.20203	5.14489	5.12452
-1.71345	1.20005	5.14357	5.12583
-1.71739	1.20137	5.14259	5.1278
-1.7302	1.18691	5.14456	5.1301
-1.72922	1.18593	5.14719	5.12945
-1.72922	1.1925	5.1462	5.12649
-1.73579	1.18658	5.14423	5.12288
-1.7394	1.18527	5.14489	5.12222
-1.73809	1.17509	5.14587	5.12419
-1.74203	1.1741	5.14489	5.12682
-1.7463	1.1764	5.14259	5.12649
-1.75287	1.18001	5.14095	5.12583
-1.75714	1.17443	5.14357	5.12518
-1.77226	1.15439	5.1462	5.12583
-1.77521	1.15209	5.14587	5.12715
-1.77883	1.15504	5.14555	5.12748
-1.77094	1.15734	5.14456	5.12682
-1.7808	1.1465	5.14489	5.12715
-1.78934	1.13435	5.14522	5.12813
-1.7946	1.14125	5.14489	5.12912
-1.78507	1.14913	5.14456	5.12813
-1.79788	1.13763	5.14259	5.12649
-1.7992	1.12843	5.14193	5.12715
-1.79985	1.12548	5.1439	5.12945
-1.80314	1.11858	5.14653	5.13076
-1.7992	1.12186	5.14653	5.12977
-1.79821	1.11693	5.1462	5.12518
-1.79887	1.11365	5.14456	5.12288
-1.81004	1.09722	5.14259	5.12452
-1.81102	1.10051	5.14127	5.12715
-1.80872	1.10609	5.14259	5.1278
-1.79953	1.11562	5.14456	5.12715
-1.80051	1.12153	5.14686	5.1255
-1.79854	1.12285	5.14489	5.12353
-1.80347	1.11431	5.14325	5.12419
-1.80281	1.11332	5.1416	5.12583
-1.80511	1.11661	5.14029	5.12715
-1.80413	1.11003	5.14127	5.1278
-1.80445	1.11168	5.14259	5.12813
-1.78967	1.12876	5.1439	5.1278
-1.79066	1.13632	5.14522	5.12912
-1.79985	1.12383	5.14456	5.12945
-1.80544	1.11759	5.14259	5.1278
-1.79328	1.13303	5.14062	5.1278
-1.78671	1.13468	5.14127	5.1278
-1.79098	1.13632	5.14357	5.12748
-1.78671	1.14355	5.14522	5.1255
-1.77718	1.16063	5.14653	5.12518
-1.7693	1.16819	5.14522	5.1255
-1.7762	1.15143	5.14325	5.12649
-1.78704	1.13303	5.14095	5.12583
-1.78376	1.14387	5.14095	5.12452
-1.78704	1.13533	5.14423	5.12485
-1.79328	1.13435	5.14719	5.12353
-1.78507	1.15932	5.1485	5.12386
-1.77291	1.16162	5.14719	5.12485
-1.76569	1.16063	5.14456	5.12616
-1.77521	1.1511	5.14489	5.12813
-1.76897	1.15242	5.14489	5.12748
-1.77324	1.13895	5.14522	5.12616
-1.7739	1.1442	5.14489	5.1255
-1.77061	1.1488	5.14423	5.12452
-1.75846	1.15636	5.14259	5.1232
-1.75977	1.16194	5.14193	5.12189
-1.76043	1.16556	5.14226	5.12419
-1.7601	1.15472	5.14357	5.1255
-1.75649	1.15997	5.14357	5.12518
-1.75287	1.1649	5.14357	5.12518
-1.74663	1.16359	5.14587	5.12649
-1.74597	1.17213	5.14555	5.1278
-1.73776	1.17837	5.14456	5.12977
-1.7394	1.18001	5.14423	5.12912
-1.73152	1.18593	5.14357	5.1278
-1.73316	1.19513	5.14456	5.12583
-1.72659	1.19973	5.1439	5.12419
-1.72002	1.20827	5.14259	5.12485
-1.69998	1.23258	5.1416	5.12616
-1.69308	1.23357	5.14292	5.12813
-1.68421	1.24112	5.14489	5.1301
-1.67107	1.25985	5.14653	5.1278
-1.67139	1.25394	5.14555	5.12616
-1.66712	1.26116	5.14357	5.1255
-1.653	1.27463	5.14029	5.12616
-1.65398	1.28055	5.14029	5.12715
-1.64807	1.28745	5.14029	5.12715
-1.64051	1.29796	5.14029	5.12583
-1.62868	1.3042	5.14127	5.12649
-1.6139	1.30585	5.14226	5.12682
-1.60799	1.30387	5.14193	5.12485
-1.59419	1.30355	5.14226	5.12452
-1.59156	1.30979	5.14292	5.12616
-1.58762	1.30552	5.14325	5.1278
-1.58072	1.31504	5.1439	5.12649
-1.56823	1.31899	5.14456	5.12518
-1.55969	1.34231	5.1439	5.1255
-1.57448	1.31964	5.14489	5.12583
-1.56758	1.3203	5.14456	5.12682
-1.56495	1.32227	5.14193	5.12583
-1.5656	1.32326	5.14029	5.1255
-1.57119	1.32392	5.13897	5.12583
-1.59616	1.31504	5.13996	5.12485
-1.6116	1.3065	5.14193	5.12288
-1.61127	1.30223	5.14357	5.12156
-1.62573	1.29008	5.14522	5.12222
-1.61916	1.28942	5.14456	5.1255
-1.61653	1.29336	5.14292	5.12715
-1.62671	1.2904	5.14357	5.1255
-1.62408	1.28909	5.1439	5.1255
-1.62441	1.2812	5.14292	5.12485
-1.62704	1.28088	5.1416	5.12452
-1.63526	1.27693	5.14226	5.12616
-1.65004	1.26478	5.14226	5.12649
-1.66187	1.25032	5.14062	5.12518
-1.66877	1.24474	5.13832	5.12518
-1.66285	1.24999	5.14029	5.12485
-1.68191	1.23422	5.14259	5.12485
-1.69144	1.22897	5.14357	5.1255
-1.68749	1.22667	5.14325	5.12715
-1.67665	1.23751	5.14292	5.12583
-1.68355	1.23784	5.14423	5.12419
-1.67402	1.24835	5.14653	5.12189
-1.67337	1.24671	5.14817	5.12222
-1.67074	1.24408	5.14752	5.12419
-1.68092	1.23389	5.14522	5.12649
-1.67994	1.24145	5.14127	5.12813
-1.68027	1.25295	5.14029	5.12846
-1.68257	1.25229	5.1416	5.12616
-1.68618	1.24671	5.14489	5.12485
-1.68585	1.24244	5.14423	5.12485
-1.69505	1.22502	5.14259	5.1232
-1.69768	1.2224	5.1416	5.12288
-1.69998	1.22305	5.14193	5.12452
-1.71016	1.20465	5.14325	5.12419
-1.7164	1.19644	5.14555	5.12386
-1.71509	1.19217	5.14423	5.1255
-1.71772	1.19348	5.1439	5.12419
-1.72002	1.1833	5.14259	5.1232
-1.71148	1.18461	5.1416	5.1232
-1.71542	1.17706	5.1393	5.12518
-1.72758	1.16359	5.13996	5.12583
-1.72363	1.1626	5.14292	5.1232
-1.72133	1.1534	5.1462	5.12189
-1.72856	1.14387	5.1485	5.12353
-1.74006	1.12252	5.14785	5.1255
-1.74367	1.12252	5.14423	5.12715
-1.74302	1.12252	5.14292	5.12682
-1.74893	1.11562	5.1439	5.1255
-1.75386	1.11792	5.14587	5.12419
-1.74564	1.11923	5.14555	5.12485
-1.74827	1.11628	5.1439	5.1255
-1.74926	1.10839	5.1416	5.12715
-1.75682	1.10609	5.1416	5.1278
-1.7624	1.10314	5.14259	5.12682
-1.76141	1.10281	5.14357	5.1255
-1.77094	1.09558	5.14423	5.1255
-1.7854	1.07948	5.14522	5.1255
-1.79197	1.08079	5.14653	5.12518
-1.78934	1.08704	5.14522	5.12583
-1.7946	1.08966	5.14259	5.12583
-1.79328	1.08704	5.14259	5.12616
-1.7946	1.09164	5.14325	5.1278
-1.79197	1.09426	5.14489	5.12682
-1.79887	1.09525	5.14522	5.12616
-1.8038	1.08309	5.14456	5.12616
-1.81628	1.06831	5.14259	5.12715
-1.81727	1.07061	5.14127	5.1278
-1.82252	1.06338	5.14127	5.1278
-1.81464	1.06141	5.14193	5.12616
-1.81957	1.05583	5.14292	5.12386
-1.82647	1.04794	5.14357	5.12452
-1.83501	1.04367	5.14193	5.1255
-1.83501	1.03151	5.13996	5.12715
-1.84322	1.02888	5.14193	5.12846
-1.85045	1.02494	5.14489	5.12977
-1.85373	1.02297	5.14686	5.12945
-1.85505	1.02297	5.14456	5.12813
-1.85899	1.02264	5.14357	5.12583
-1.86753	1.01081	5.14292	5.12386
-1.86622	1.01016	5.14325	5.1232
-1.85603	1.01771	5.14259	5.12419
-1.84782	1.02264	5.14357	5.1255
-1.84322	1.03907	5.14522	5.12616
-1.83862	1.03874	5.14489	5.1255
-1.83665	1.04006	5.14357	5.1255
-1.83501	1.03907	5.14062	5.1255
-1.83468	1.03677	5.14127	5.1255
-1.82712	1.03841	5.14325	5.12682
-1.82778	1.03447	5.14587	5.12813
-1.82515	1.03677	5.14653	5.12682
-1.82121	1.03414	5.1462	5.12485
-1.81102	1.04235	5.14423	5.12452
-1.79953	1.06338	5.14193	5.12518
-1.78934	1.0647	5.13963	5.12715
-1.78047	1.06831	5.1416	5.1278
-1.77686	1.06995	5.14357	5.1278
-1.77127	1.06108	5.14456	5.12649
-1.7739	1.05155	5.14423	5.12616
-1.75747	1.06864	5.14456	5.12682
-1.74105	1.07652	5.1439	5.12485
-1.7371	1.08966	5.14193	5.12485
-1.72528	1.10084	5.1416	5.1255
-1.7164	1.08999	5.14259	5.12748
-1.72068	1.08112	5.14357	5.1278
-1.71739	1.08966	5.14522	5.12715
-1.721	1.09164	5.14423	5.12583
-1.71279	1.11102	5.14226	5.1255
-1.71049	1.12022	5.14095	5.12583
-1.70359	1.13566	5.14193	5.12485
-1.70786	1.13106	5.14423	5.12452
-1.69242	1.14059	5.1462	5.12452
-1.69801	1.13238	5.14587	5.12583
-1.69374	1.13303	5.14555	5.1278
-1.69571	1.12449	5.14423	5.12945
-1.68914	1.13665	5.14226	5.12977
-1.70162	1.13073	5.1416	5.12846
-1.69998	1.12876	5.14193	5.12715
-1.69801	1.12909	5.14522	5.12748
-1.69406	1.12909	5.14653	5.12748
-1.69045	1.1442	5.14587	5.12813
-1.69275	1.14519	5.14325	5.12912
-1.68946	1.15242	5.1416	5.12879
-1.68684	1.14223	5.1416	5.12715
-1.68224	1.13862	5.14325	5.12452
-1.68684	1.14223	5.14456	5.12222
-1.67829	1.14289	5.14456	5.12386
-1.67895	1.14486	5.14489	5.12485
-1.69209	1.14617	5.1462	5.12485
-1.68388	1.15274	5.1462	5.12616
-1.68848	1.14322	5.14555	5.12682
-1.70688	1.13665	5.14587	5.12485
-1.70721	1.13106	5.14555	5.12419
-1.72068	1.12153	5.14423	5.12616
-1.71279	1.1373	5.14292	5.12485
-1.71936	1.12646	5.14357	5.12452
-1.71411	1.13665	5.14193	5.12485
-1.70195	1.14223	5.14062	5.1255
-1.70129	1.13303	5.14127	5.12682
-1.70261	1.13665	5.14226	5.12682
-1.70096	1.14157	5.14259	5.12616
-1.69866	1.13895	5.14423	5.1255
-1.70031	1.12778	5.14423	5.12452
-1.69505	1.12383	5.14259	5.1255
-1.69374	1.13533	5.13963	5.1255
-1.70786	1.13106	5.14029	5.12386
-1.69998	1.1419	5.14095	5.12386
-1.68552	1.15012	5.14193	5.12616
-1.68782	1.14026	5.1439	5.12649
-1.67665	1.14716	5.14456	5.12748
-1.66942	1.14979	5.14587	5.12682
-1.66154	1.16194	5.14522	5.12748
-1.66745	1.15176	5.14226	5.12846
-1.6599	1.1557	5.13996	5.12912
-1.65234	1.15932	5.13996	5.12715
-1.64807	1.14782	5.14095	5.12583
-1.65267	1.15537	5.14259	5.12813
-1.66187	1.13369	5.14259	5.12912
-1.6461	1.1442	5.14357	5.1278
-1.65168	1.1488	5.14587	5.12682
-1.6553	1.14913	5.14489	5.1278
-1.65595	1.15045	5.14555	5.12813
-1.66614	1.13369	5.14456	5.12879
-1.67567	1.1327	5.14095	5.12616
-1.68191	1.13139	5.1416	5.1255
-1.69669	1.11201	5.14489	5.12583
-1.70392	1.09952	5.14587	5.12616
-1.72068	1.07882	5.14587	5.12649
-1.7187	1.07718	5.14489	5.12649
-1.73316	1.07357	5.14193	5.12583
-1.74203	1.07455	5.14062	5.12616
-1.7532	1.0716	5.14193	5.12748
-1.76371	1.06765	5.14226	5.12616
-1.76733	1.06207	5.14325	5.12518
-1.77357	1.05123	5.14357	5.1232
-1.78737	1.04663	5.14325	5.12255
-1.79361	1.04301	5.14292	5.1255
-1.79164	1.05024	5.14062	5.12583
-1.80248	1.03447	5.13963	5.12518
-1.80544	1.0279	5.1416	5.12419
-1.80183	1.02823	5.14259	5.12386
-1.81792	1.0187	5.14259	5.12485
-1.82121	1.01607	5.14193	5.12518
-1.83402	1.00227	5.14193	5.12518
-1.83238	1.00293	5.14357	5.12452
-1.83107	1.00194	5.14555	5.12386
-1.83501	1.00392	5.14587	5.12353
-1.83731	0.994716	5.14522	5.1232
-1.84486	0.992745	5.14423	5.1232
-1.85144	0.992745	5.14325	5.12288
-1.85833	0.98716	5.14423	5.12222
-1.87049	0.965476	5.14587	5.12353
-1.87016	0.955948	5.1462	5.12419
-1.87739	0.952334	5.14555	5.12518
-1.8718	0.957591	5.14357	5.12616
-1.87739	0.953649	5.14259	5.12485
-1.87903	0.954306	5.14259	5.12485
-1.87772	0.949049	5.14259	5.12518
-1.87542	0.949706	5.14489	5.12452
-1.86721	0.962191	5.14489	5.12419
-1.87016	0.957591	5.14489	5.12288
-1.87345	0.948063	5.1439	5.12353
-1.8718	0.946092	5.14226	5.12419
-1.87345	0.936564	5.1416	5.12616
-1.86622	0.943464	5.1416	5.1255
-1.85932	0.958577	5.14292	5.12452
-1.84749	0.956277	5.14489	5.12288
-1.84158	0.954306	5.14555	5.12222
-1.83172	0.965148	5.14259	5.12419
-1.83041	0.963176	5.1416	5.12583
-1.82548	0.955291	5.14357	5.12649
-1.81464	0.958905	5.14555	5.12748
-1.81464	0.964162	5.14555	5.12682
-1.80971	0.975332	5.14522	5.1255
-1.80314	0.976318	5.1439	5.12353
-1.80084	0.973361	5.14292	5.12419
-1.7969	0.98256	5.14226	5.12583
-1.80413	0.977632	5.14292	5.12583
-1.81168	0.96909	5.14423	5.12386
-1.80643	0.977304	5.14555	5.1232
-1.79887	0.984532	5.14587	5.12255
-1.80347	0.975989	5.14522	5.12156
-1.80314	0.975661	5.14489	5.12123
-1.81332	0.983217	5.14423	5.12255
-1.81398	0.970733	5.14357	5.12452
-1.81234	0.969747	5.14193	5.1255
-1.80708	0.971061	5.1416	5.12583
-1.79394	0.985189	5.14226	5.12353
-1.79985	0.989131	5.1439	5.12419
-1.79755	1.00096	5.14423	5.1255
-1.78376	1.00129	5.14259	5.12682
-1.79263	0.998002	5.14095	5.12715
-1.79295	0.997345	5.14029	5.12616
-1.80281	0.997673	5.14127	5.12452
-1.80281	0.994059	5.14456	5.12353
-1.78803	1.00162	5.14357	5.12452
-1.79098	0.999316	5.14127	5.1255
-1.7854	1.02461	5.1416	5.12649
-1.77883	1.03874	5.14193	5.12583
-1.78376	1.01771	5.1416	5.12485
-1.7831	1.02067	5.14193	5.12518
-1.77751	1.03611	5.14292	5.1255
-1.7808	1.04071	5.14292	5.12583
-1.77291	1.05024	5.1439	5.1255
-1.7808	1.04137	5.14325	5.12485
-1.77357	1.05188	5.14292	5.12452
-1.77324	1.04827	5.14423	5.12386
-1.77193	1.04958	5.14587	5.12452
-1.76569	1.05221	5.14653	5.12386
-1.76864	1.0532	5.14489	5.12353
-1.7647	1.05155	5.14292	5.12485
-1.75649	1.06108	5.14193	5.1255
-1.74794	1.07094	5.14193	5.12583
-1.73415	1.07127	5.14423	5.12485
-1.73086	1.07948	5.14456	5.12485
-1.73053	1.07094	5.1439	5.12682
-1.72823	1.07882	5.14127	5.12748
-1.73612	1.07028	5.13832	5.1255
-1.72889	1.07685	5.13865	5.12616
-1.72725	1.07521	5.14062	5.12616
-1.7233	1.07422	5.14259	5.12419
-1.71772	1.0693	5.14325	5.1232
-1.71772	1.08737	5.14325	5.12485
-1.7164	1.09032	5.14325	5.12583
-1.70425	1.09821	5.14357	5.12715
-1.68881	1.11365	5.1439	5.12945
-1.68749	1.11135	5.14456	5.12945
-1.67632	1.11792	5.14456	5.12748
-1.67304	1.13106	5.14357	5.12518
-1.66351	1.13895	5.14292	5.12452
-1.66022	1.13172	5.14325	5.12616
-1.65694	1.13829	5.14357	5.12616
-1.64314	1.15734	5.14292	5.12682
-1.64413	1.15767	5.14193	5.12682
-1.63033	1.16194	5.1439	5.12649
-1.61094	1.18264	5.14456	5.12485
-1.61259	1.19118	5.14292	5.12452
-1.62704	1.18231	5.1416	5.12485
-1.64051	1.17246	5.14127	5.12616
-1.6438	1.17969	5.14522	5.12649
-1.64183	1.18921	5.14686	5.12518
-1.65464	1.17607	5.1462	5.12353
-1.64938	1.181	5.14522	5.12419
-1.65858	1.17541	5.14226	5.12452
-1.65431	1.19414	5.14029	5.12583
-1.65792	1.18593	5.13996	5.1278
-1.67172	1.17771	5.14193	5.12682
-1.67961	1.1718	5.14456	5.12518
-1.68224	1.16556	5.14489	5.1232
-1.69144	1.15636	5.1439	5.1232
-1.70425	1.14815	5.14095	5.12485
-1.70129	1.15373	5.13799	5.12682
-1.70786	1.1603	5.13832	5.1255
-1.71246	1.16194	5.14193	5.12452
-1.71279	1.1557	5.14587	5.12518
-1.71312	1.15964	5.14555	5.12386
-1.71739	1.15143	5.14423	5.12386
-1.7187	1.15472	5.1439	5.12518
-1.72462	1.15143	5.14325	5.12682
-1.73382	1.1488	5.14226	5.12813
-1.74827	1.13697	5.1416	5.12813
-1.7486	1.12975	5.14127	5.12813
-1.75616	1.11332	5.1416	5.12682
-1.76799	1.09426	5.1416	5.12649
-1.76897	1.09525	5.14095	5.1255
-1.77686	1.08342	5.13865	5.12452
-1.77489	1.08244	5.1393	5.12452
-1.78244	1.09262	5.14062	5.12452
-1.78803	1.08901	5.14259	5.12452
-1.77916	1.09262	5.14292	5.12288
-1.78113	1.08934	5.14325	5.12288
-1.78178	1.08277	5.14325	5.12485
-1.77094	1.08441	5.14193	5.12583
-1.77291	1.08178	5.14193	5.12616
-1.77686	1.08079	5.14226	5.12616
-1.77357	1.08441	5.14423	5.12452
-1.77357	1.09131	5.14555	5.12353
-1.75616	1.09295	5.14555	5.12485
-1.74597	1.09788	5.14292	5.12485
-1.7509	1.07751	5.14062	5.12583
-1.74959	1.07094	5.14127	5.12649
-1.75419	1.07225	5.14226	5.12616
-1.74893	1.07422	5.14193	5.12583
-1.73283	1.08047	5.14193	5.12518
-1.71772	1.09229	5.14127	5.1255
-1.71542	1.09098	5.14029	5.12649
-1.71772	1.08769	5.1393	5.1278
-1.70655	1.09525	5.1393	5.12715
-1.70721	1.09624	5.14062	5.12682
-1.71016	1.09525	5.14325	5.1278
-1.70852	1.08737	5.14522	5.12846
-1.70721	1.10773	5.14456	5.12879
-1.69866	1.11661	5.1416	5.12846
-1.70326	1.09591	5.14193	5.12583
-1.70261	1.10609	5.14259	5.12452
-1.69768	1.10346	5.14226	5.12353
-1.69374	1.11661	5.14095	5.1232
-1.70425	1.11168	5.13963	5.12452
-1.71148	1.11365	5.13832	5.12616
-1.72265	1.11496	5.13799	5.12682
-1.74072	1.09196	5.13865	5.12715
-1.74532	1.08309	5.14095	5.12616
-1.7532	1.08966	5.14226	5.12485
-1.74762	1.09065	5.14423	5.12353
-1.74959	1.08704	5.14423	5.12288
-1.75879	1.08244	5.14292	5.12189
-1.76601	1.08309	5.14193	5.12452
-1.77981	1.07225	5.14259	5.12715
-1.78573	1.06732	5.14522	5.12715
-1.7785	1.07127	5.14587	5.12452
-1.79295	1.06207	5.14423	5.1232
-1.79821	1.0647	5.14325	5.12222
-1.79788	1.05418	5.14193	5.12353
-1.79295	1.06535	5.14226	5.12353
-1.79985	1.05648	5.1439	5.1232
-1.79197	1.0601	5.14587	5.12288
-1.79131	1.06568	5.14653	5.12386
-1.7946	1.0624	5.14489	5.1255
-1.80051	1.05517	5.14226	5.12649
-1.80478	1.0486	5.14193	5.12912
-1.80807	1.04794	5.1416	5.1301
-1.81102	1.05418	5.1416	5.13076
-1.80971	1.05714	5.14292	5.1278
-1.80675	1.06765	5.1439	5.12452
-1.79558	1.08408	5.14325	5.1232
-1.79788	1.08572	5.14259	5.12419
-1.78737	1.09262	5.1416	5.12518
-1.78901	1.08999	5.14226	5.1255
-1.7854	1.08309	5.1439	5.12452
-1.78507	1.07127	5.14522	5.12452
-1.78836	1.06962	5.1462	5.12419
-1.78178	1.07258	5.14653	5.12452
-1.77029	1.08802	5.14653	5.1255
-1.76174	1.09361	5.1439	5.12616
-1.76076	1.09821	5.14259	5.1255
-1.7532	1.11069	5.14357	5.12485
-1.74335	1.11661	5.14653	5.12518
-1.7394	1.13073	5.14785	5.12518
-1.71575	1.14847	5.14686	5.12485
-1.69636	1.15669	5.14456	5.12485
-1.69998	1.14355	5.1416	5.12353
-1.69669	1.14125	5.14095	5.12452
-1.67961	1.14716	5.14193	5.1255
-1.67107	1.1626	5.14522	5.1232
-1.66548	1.1626	5.14522	5.12255
-1.66187	1.16194	5.1439	5.12419
-1.65497	1.16622	5.14357	5.12353
-1.65628	1.16457	5.14226	5.12419
-1.6484	1.16884	5.1416	5.12452
-1.63953	1.18001	5.14259	5.1255
-1.64183	1.19184	5.14423	5.12616
-1.63887	1.19217	5.14226	5.12485
-1.63066	1.204	5.14127	5.12255
-1.6369	1.20728	5.14193	5.12189
-1.63985	1.20071	5.14325	5.12386
-1.6392	1.21123	5.14292	5.1232
-1.62868	1.21878	5.14127	5.12353
-1.62343	1.21812	5.13963	5.12452
-1.61686	1.22042	5.13963	5.12452
-1.61324	1.22864	5.13963	5.1255
-1.61029	1.23028	5.14062	5.12583
-1.60372	1.24277	5.14127	5.12452
-1.60174	1.25788	5.14193	5.12649
-1.61029	1.25196	5.14325	5.12649
-1.62967	1.24868	5.14456	5.1255
-1.63164	1.25492	5.14522	5.12518
-1.6254	1.26051	5.14423	5.12485
-1.63164	1.27266	5.14357	5.12583
-1.6415	1.26806	5.14292	5.12715
-1.6415	1.26313	5.14423	5.12813
-1.6461	1.25886	5.14555	5.12748
-1.64544	1.27102	5.14817	5.12682
-1.64774	1.26741	5.14785	5.12518
-1.64445	1.26839	5.14686	5.12583
-1.64577	1.27628	5.14489	5.12715
-1.64215	1.27463	5.14292	5.12813
-1.6346	1.27759	5.1416	5.12748
-1.63558	1.28646	5.1416	5.12583
-1.6369	1.26741	5.14292	5.12419
-1.63493	1.26938	5.14325	5.12386
-1.63427	1.26839	5.14357	5.12485
-1.64117	1.25755	5.14357	5.1255
-1.63953	1.26511	5.14259	5.12715
-1.63723	1.26773	5.14325	5.12682
-1.62441	1.27168	5.14456	5.12452
-1.61324	1.26872	5.14456	5.12452
-1.60831	1.26938	5.1439	5.12583
-1.5909	1.29895	5.14325	5.12813
-1.59189	1.29467	5.1416	5.12813
-1.58827	1.2881	5.1416	5.12748
-1.5817	1.27825	5.14292	5.1255
-1.58367	1.28153	5.14522	5.12452
-1.58827	1.26313	5.14456	5.12419
-1.58827	1.27431	5.14325	5.12452
-1.59517	1.27069	5.14259	5.1255
-1.6024	1.26116	5.14029	5.12748
-1.60634	1.25952	5.14095	5.12813
-1.59452	1.26971	5.1439	5.12583
-1.60076	1.27858	5.14555	5.12353
-1.59846	1.27726	5.14522	5.1232
-1.59813	1.25689	5.14226	5.12222
-1.6116	1.25656	5.14062	5.12288
-1.62507	1.23882	5.14062	5.12518
-1.62671	1.23291	5.14193	5.12518
-1.61751	1.24079	5.14325	5.12386
-1.62474	1.24474	5.14325	5.12353
-1.6254	1.25196	5.14226	5.12419
-1.64183	1.23652	5.14127	5.12452
-1.66121	1.22371	5.1416	5.12583
-1.65661	1.23422	5.14292	5.1278
-1.65628	1.23521	5.14456	5.12912
-1.67107	1.21451	5.14357	5.12846
-1.68651	1.2017	5.14292	5.12715
-1.67994	1.1902	5.14423	5.12583
-1.69866	1.16917	5.14522	5.12616
-1.68914	1.18494	5.14456	5.12583
-1.69669	1.17936	5.14292	5.12649
-1.69341	1.18527	5.14292	5.12715
-1.69111	1.18888	5.14292	5.12715
-1.69899	1.18888	5.14522	5.12518
-1.69768	1.19611	5.14555	5.12419
-1.70556	1.19447	5.14653	5.12583
-1.7187	1.19578	5.1462	5.12715
-1.72462	1.18724	5.14653	5.12879
-1.73053	1.18199	5.14522	5.12945
-1.74269	1.16753	5.14522	5.12846
-1.7555	1.15767	5.14456	5.12649
-1.76207	1.15406	5.14357	5.12649
-1.76273	1.1603	5.14357	5.12616
-1.76339	1.1465	5.14423	5.12649
-1.77784	1.13927	5.14456	5.12583
-1.7785	1.13927	5.14653	5.12419
-1.78408	1.13205	5.14949	5.12452
-1.7854	1.12679	5.15047	5.12485
-1.79328	1.11792	5.14817	5.12649
-1.79558	1.12088	5.14489	5.12912
-1.78573	1.13566	5.1439	5.12977
-1.77718	1.14125	5.14522	5.12879
-1.77981	1.14125	5.14555	5.12715
-1.77193	1.14749	5.14423	5.12419
-1.7716	1.13566	5.14127	5.12518
-1.77489	1.12219	5.14095	5.12649
-1.77686	1.12022	5.14193	5.12649
-1.77127	1.12416	5.14259	5.1255
-1.78376	1.11858	5.1439	5.12616
-1.77981	1.11661	5.14489	5.12616
-1.78047	1.1212	5.14555	5.12485
-1.78474	1.11365	5.14423	5.12485
-1.78671	1.11299	5.14259	5.12682
-1.78803	1.11003	5.13963	5.1278
-1.77686	1.11496	5.14062	5.12846
-1.7693	1.1212	5.14325	5.1278
-1.77226	1.10839	5.14653	5.12682
-1.76306	1.12416	5.14686	5.1278
-1.74794	1.14026	5.1462	5.12813
-1.75714	1.12416	5.14555	5.12748
-1.76043	1.11825	5.14423	5.12682
-1.75419	1.12153	5.14292	5.12583
-1.74597	1.12909	5.14127	5.1255
-1.74105	1.13139	5.14062	5.12452
-1.7394	1.12548	5.1416	5.12386
-1.73119	1.12318	5.14193	5.12386
-1.73907	1.12285	5.14325	5.12419
-1.74466	1.10806	5.14456	5.12452
-1.7463	1.10741	5.14555	5.1255
-1.74039	1.11496	5.14587	5.12452
-1.74597	1.11891	5.14522	5.12353
-1.75057	1.135	5.1439	5.12419
-1.74499	1.13468	5.1416	5.12583
-1.73973	1.15406	5.14095	5.12616
-1.7486	1.1488	5.14325	5.12715
-1.74499	1.15077	5.14489	5.1278
-1.75024	1.15636	5.1439	5.12813
-1.75452	1.16556	5.14226	5.12813
-1.75912	1.16326	5.14127	5.12813
-1.76503	1.16227	5.14259	5.12748
-1.76536	1.15997	5.14456	5.12748
-1.76864	1.15964	5.14555	5.12649
-1.76503	1.14847	5.14522	5.12879
-1.77423	1.13566	5.14522	5.12879
-1.77226	1.1396	5.14522	5.12715
-1.7693	1.14322	5.1439	5.12452
-1.77423	1.13008	5.14259	5.12485
-1.77226	1.13303	5.14127	5.12583
-1.77193	1.13238	5.14357	5.12715
-1.76766	1.13697	5.14456	5.12715
-1.76831	1.13566	5.1439	5.12485
-1.75912	1.15537	5.14193	5.12386
-1.76437	1.14519	5.1416	5.12485
-1.76141	1.15702	5.14193	5.1255
-1.74466	1.17706	5.1416	5.12682
-1.7394	1.1787	5.14292	5.12616
-1.73973	1.18428	5.14423	5.12485
-1.73743	1.19053	5.14423	5.12616
-1.73053	1.19217	5.14259	5.12748
-1.72889	1.1994	5.14095	5.12682
-1.73185	1.1994	5.14127	5.12682
-1.73217	1.19546	5.14259	5.12748
-1.72758	1.19217	5.14456	5.12715
-1.73447	1.19348	5.14555	5.12715
-1.73119	1.19348	5.14653	5.12682
-1.72528	1.19611	5.14719	5.12682
-1.721	1.1971	5.14719	5.12682
-1.72725	1.19118	5.14522	5.1278
-1.72462	1.19053	5.14292	5.12715
-1.72922	1.19874	5.14357	5.1278
-1.72889	1.20301	5.14456	5.12846
-1.71936	1.20695	5.14587	5.1278
-1.70688	1.21878	5.14555	5.12649
-1.69768	1.21977	5.14423	5.12583
-1.69899	1.21287	5.14357	5.12682
-1.69012	1.22732	5.14226	5.12846
-1.68716	1.23028	5.14325	5.12879
-1.69209	1.22667	5.14423	5.12682
-1.68782	1.22962	5.14522	5.12649
-1.68454	1.2293	5.1439	5.12715
-1.67994	1.23948	5.14127	5.12977
-1.67764	1.23587	5.13996	5.13109
-1.67599	1.23159	5.1416	5.12945
-1.68519	1.2293	5.14259	5.1278
-1.68716	1.2201	5.14259	5.1278
-1.68914	1.21188	5.14357	5.12912
-1.68454	1.21812	5.14292	5.12912
-1.69571	1.19776	5.14029	5.12748
-1.70261	1.1948	5.1393	5.1278
-1.71772	1.19611	5.14062	5.12813
-1.71016	1.2086	5.1416	5.12616
-1.71739	1.20958	5.14292	5.12386
-1.72002	1.19677	5.14456	5.12255
-1.72199	1.20465	5.14423	5.12518
-1.72232	1.20433	5.14292	5.12813
-1.72429	1.20433	5.14292	5.12846
-1.73053	1.2017	5.1439	5.12846
-1.71772	1.21944	5.1462	5.1278
-1.73119	1.19808	5.14653	5.12715
-1.73217	1.20433	5.14357	5.12846
-1.73119	1.21221	5.14062	5.12715
-1.73316	1.21221	5.13897	5.12682
-1.73809	1.20038	5.1393	5.12715
-1.7302	1.21024	5.14193	5.12583
-1.73546	1.21024	5.14292	5.12452
-1.74039	1.20465	5.14325	5.12419
-1.73513	1.20597	5.14193	5.12616
-1.73546	1.20268	5.14193	5.12715
-1.74335	1.19381	5.14127	5.12715
-1.73447	1.20005	5.14062	5.12748
-1.72889	1.19841	5.14193	5.12813
-1.72528	1.20071	5.14325	5.12682
-1.72265	1.20597	5.14325	5.1255
-1.72626	1.1994	5.1416	5.12748
-1.72758	1.18954	5.13996	5.12879
-1.72922	1.19118	5.14029	5.12846
-1.73579	1.1856	5.14127	5.12715
-1.74072	1.17311	5.14259	5.12682
-1.74499	1.17311	5.14357	5.1255
-1.74269	1.16786	5.14489	5.12583
-1.7302	1.18166	5.14489	5.12682
-1.74105	1.16359	5.14292	5.12682
-1.74105	1.15439	5.14127	5.12583
-1.74762	1.1488	5.14062	5.12583
-1.74827	1.15439	5.14193	5.12485
-1.75616	1.14552	5.14259	5.12386
-1.75189	1.14815	5.1439	5.12386
-1.74926	1.15669	5.14489	5.12386
-1.74597	1.16063	5.14555	5.12616
-1.74992	1.15472	5.1439	5.12813
-1.73809	1.17311	5.14193	5.12879
-1.72823	1.19086	5.1416	5.12813
-1.73053	1.18593	5.14325	5.1255
-1.73415	1.17739	5.14489	5.12419
-1.72298	1.1948	5.14555	5.1255
-1.72298	1.1925	5.14456	5.12583
-1.72232	1.19644	5.14357	5.12583
-1.73612	1.19283	5.14456	5.1255
-1.72593	1.19118	5.14555	5.1255
-1.72298	1.19611	5.14587	5.12583
-1.70425	1.20925	5.14456	5.1278
-1.69439	1.2178	5.14292	5.12977
-1.69702	1.20827	5.14193	5.12945
-1.71181	1.19611	5.14127	5.12682
-1.71739	1.1856	5.14095	5.1255
-1.72823	1.18428	5.14226	5.12649
-1.72692	1.17903	5.14357	5.12846
-1.72363	1.19414	5.14423	5.12682
-1.72659	1.18823	5.14522	5.12616
-1.72363	1.19118	5.1439	5.1255
-1.72823	1.18527	5.14259	5.12518
-1.73415	1.17476	5.14127	5.1255
-1.73513	1.1603	5.14127	5.12485
-1.73612	1.1672	5.1416	5.12419
-1.73809	1.17377	5.14029	5.12649
-1.74663	1.15406	5.13996	5.12715
-1.74926	1.14716	5.1416	5.12682
-1.744	1.1626	5.14357	5.12485
-1.74663	1.16063	5.14555	5.12288
-1.74236	1.16851	5.14555	5.1232
-1.74302	1.16917	5.14423	5.12452
-1.74597	1.17574	5.14325	5.12485
-1.74794	1.16786	5.14357	5.12518
-1.73743	1.16194	5.14357	5.12616
-1.7348	1.1649	5.14292	5.12715
-1.74072	1.15242	5.14193	5.12715
-1.74729	1.1534	5.1416	5.12748
-1.7532	1.14585	5.14226	5.12649
-1.74597	1.15964	5.1416	5.1255
-1.74302	1.1534	5.14226	5.12485
-1.74236	1.14979	5.14292	5.12485
-1.73973	1.15932	5.14292	5.12682
-1.74597	1.1557	5.14226	5.12846
-1.74893	1.15472	5.14259	5.1278
-1.74992	1.15734	5.14292	5.12485
-1.75189	1.1488	5.14259	5.12419
-1.75813	1.13895	5.14259	5.12419
-1.75419	1.13895	5.14127	5.12518
-1.75879	1.13402	5.14193	5.12649
-1.75419	1.14092	5.1439	5.12419
-1.74433	1.14125	5.14489	5.12353
-1.74006	1.13993	5.14325	5.12452
-1.74203	1.13665	5.1439	5.1255
-1.73776	1.1419	5.14489	5.12715
-1.72265	1.15833	5.14555	5.12813
-1.71213	1.16687	5.1439	5.12682
-1.70491	1.16194	5.14489	5.12616
-1.69998	1.16457	5.14259	5.12616
-1.69669	1.18297	5.1416	5.12583
-1.70195	1.18691	5.1416	5.12682
-1.71509	1.17081	5.14127	5.12649
-1.71706	1.16687	5.1416	5.1255
-1.7256	1.15504	5.14325	5.1255
-1.72823	1.14716	5.14522	5.12583
-1.72692	1.1373	5.14555	5.12616
-1.72823	1.13106	5.14456	5.12748
-1.71312	1.13073	5.14423	5.12813
-1.70951	1.12975	5.14357	5.12813
-1.71443	1.11792	5.14357	5.12748
-1.69012	1.14815	5.14555	5.12518
-1.67829	1.15932	5.14686	5.1255
-1.68815	1.14946	5.14555	5.12649
-1.68125	1.15209	5.14325	5.12518
-1.67337	1.16884	5.14062	5.12583
-1.67337	1.18856	5.1393	5.1278
-1.6645	1.19808	5.14095	5.12616
-1.65957	1.2086	5.1439	5.1232
-1.65562	1.22371	5.14555	5.12222
-1.6507	1.2247	5.14489	5.12485
-1.63624	1.23849	5.14357	5.12485
-1.63066	1.24704	5.14259	5.12616
-1.64215	1.24507	5.14095	5.12715
-1.64248	1.24211	5.14029	5.12649
-1.64413	1.23784	5.1416	5.12682
-1.6461	1.23127	5.14226	5.12649
-1.63756	1.23817	5.14292	5.12682
-1.64248	1.24244	5.14193	5.12748
-1.64708	1.24704	5.14193	5.12846
-1.64873	1.24408	5.14226	5.12682
-1.64643	1.24539	5.14357	5.1255
-1.64117	1.25065	5.14555	5.12518
-1.65595	1.23751	5.14555	5.12616
-1.67074	1.22634	5.14456	5.12715
-1.68421	1.21845	5.14357	5.12649
-1.68355	1.21977	5.14226	5.12616
-1.68224	1.21418	5.14193	5.12682
-1.69669	1.19973	5.1416	5.12649
-1.69834	1.19743	5.1416	5.12518
-1.70392	1.19546	5.14325	5.12386
-1.70721	1.18527	5.14423	5.12518
-1.71016	1.17213	5.14325	5.12846
-1.71016	1.17673	5.14325	5.13043
-1.70326	1.18067	5.14489	5.12846
-1.70589	1.18297	5.14587	5.12583
-1.70425	1.1833	5.14489	5.12452
-1.70359	1.17509	5.14555	5.12419
-1.70261	1.1626	5.14325	5.12485
-1.70031	1.14256	5.14259	5.12518
-1.70326	1.1235	5.14423	5.1255
-1.71476	1.12548	5.14489	5.12485
-1.721	1.12088	5.14587	5.12583
-1.72593	1.11168	5.14686	5.1255
-1.72725	1.10773	5.14555	5.12583
-1.72856	1.10773	5.14555	5.1255
-1.7348	1.09164	5.14456	5.12583
-1.73579	1.10182	5.14325	5.12518
-1.7394	1.09952	5.14292	5.12452
-1.75057	1.07882	5.14522	5.12518
-1.75517	1.07718	5.14522	5.12715
-1.7463	1.09196	5.14423	5.12846
-1.75222	1.08178	5.14259	5.12682
-1.75024	1.06502	5.14127	5.12452
-1.76404	1.0624	5.1416	5.12353
-1.75353	1.06174	5.14423	5.12485
-1.76076	1.05583	5.1439	5.1255
-1.7647	1.05484	5.14423	5.12419
-1.77226	1.04893	5.14325	5.12353
-1.76963	1.05057	5.14292	5.12452
-1.76996	1.05254	5.14292	5.12485
-1.77817	1.04465	5.14193	5.12616
-1.77948	1.0555	5.14259	5.12616
-1.78474	1.05353	5.14489	5.12518
-1.79295	1.0509	5.1439	5.12616
-1.80248	1.05615	5.14193	5.12748
-1.80905	1.03973	5.14029	5.12879
-1.80347	1.05254	5.14095	5.12682
-1.81234	1.04367	5.14127	5.12616
-1.81102	1.04925	5.14292	5.12419
-1.81398	1.05418	5.14456	5.12419
-1.81168	1.04761	5.14456	5.12616
-1.81464	1.04893	5.14292	5.12616
-1.81661	1.03841	5.14062	5.12715
-1.82285	1.02363	5.1393	5.12945
-1.81825	1.02396	5.1416	5.12879
-1.81891	1.03611	5.14357	5.12616
-1.8222	1.0302	5.14357	5.12485
-1.82449	1.02757	5.14292	5.1255
-1.83567	1.01213	5.14292	5.1278
-1.84092	1.00622	5.14456	5.12813
-1.84782	0.990445	5.14686	5.12748
-1.84421	0.98946	5.14752	5.12748
-1.85275	0.980589	5.14653	5.12583
-1.84355	0.985189	5.14423	5.1232
-1.84946	0.96909	5.14325	5.12386
-1.84815	0.971061	5.14423	5.12419
-1.85439	0.962848	5.14423	5.12419
-1.85998	0.958248	5.14259	5.12616
-1.86425	0.95562	5.14423	5.12485
-1.8695	0.932293	5.1462	5.12386
-1.86983	0.919152	5.14555	5.1232
-1.87476	0.914881	5.14357	5.12518
-1.87608	0.917509	5.14292	5.12813
-1.8718	0.919809	5.14292	5.12879
-1.87115	0.927037	5.14292	5.12715
-1.88002	0.912909	5.14325	5.12386
-1.87838	0.919152	5.14456	5.12353
-1.8741	0.91718	5.14522	5.12386
-1.87246	0.931636	5.14423	5.12616
-1.86096	0.949378	5.14423	5.12846
-1.85636	0.963505	5.14292	5.12879
-1.85111	0.96909	5.14292	5.12649
-1.84092	0.978946	5.14423	5.12452
-1.83698	0.986174	5.14587	5.12353
-1.84224	0.975661	5.14456	5.12715
-1.85636	0.962191	5.14325	5.12879
-1.85669	0.96909	5.14226	5.12813
-1.84782	0.982232	5.14325	5.12616
-1.85209	0.977961	5.14653	5.1255
-1.85176	0.977304	5.14686	5.1255
-1.84585	0.982889	5.14555	5.12419
-1.84388	0.99603	5.14325	5.12288
-1.83074	1.00457	5.1416	5.12452
-1.82482	1.01443	5.1416	5.12846
-1.81332	1.01509	5.14259	5.13207
-1.80971	1.01969	5.14357	5.12977
-1.81562	1.01969	5.14522	5.12682
-1.80577	1.02954	5.14587	5.12452
-1.80117	1.03973	5.14522	5.12419
-1.80445	1.04465	5.14423	5.12485
-1.80478	1.04728	5.14259	5.12616
-1.78211	1.06141	5.14423	5.12616
-1.78178	1.06437	5.14489	5.12748
-1.77653	1.07849	5.14522	5.12715
-1.77259	1.07028	5.14489	5.12583
-1.75682	1.08178	5.14325	5.12649
-1.75583	1.07685	5.14259	5.12583
-1.75747	1.07521	5.14226	5.12518
-1.76273	1.0647	5.14193	5.12682
-1.75517	1.07291	5.14259	5.12846
-1.744	1.09295	5.14259	5.12616
-1.73973	1.09919	5.14259	5.12452
-1.74433	1.09262	5.14095	5.1232
-1.74269	1.09262	5.14127	5.1232
-1.7394	1.09098	5.14292	5.12419
-1.72922	1.09722	5.14357	5.12386
-1.72133	1.10971	5.14357	5.12518
-1.71312	1.12613	5.1439	5.1255
-1.70951	1.14749	5.14456	5.12288
-1.71838	1.13862	5.1439	5.12353
-1.71378	1.14946	5.14259	5.12485
-1.71476	1.15143	5.14226	5.12518
-1.71115	1.14716	5.14095	5.12419
-1.70556	1.15899	5.14062	5.12452
-1.70162	1.16917	5.14095	5.12616
-1.69801	1.17114	5.1416	5.12682
-1.69472	1.17016	5.14226	5.12748
-1.68848	1.16819	5.14226	5.12846
-1.69275	1.16983	5.14325	5.12846
-1.70589	1.15472	5.14357	5.12813
-1.69998	1.15767	5.1439	5.1278
-1.69341	1.16194	5.14522	5.12682
-1.69374	1.16326	5.14423	5.12616
-1.68749	1.1672	5.14226	5.12518
-1.68749	1.17049	5.14095	5.12518
-1.68092	1.1695	5.14259	5.12583
-1.68421	1.15932	5.1439	5.12583
-1.68848	1.16194	5.14423	5.12715
-1.69801	1.15504	5.14423	5.1278
-1.69505	1.17706	5.14423	5.1278
-1.69341	1.1856	5.14259	5.12813
-1.67862	1.20498	5.14226	5.12649
-1.67928	1.19841	5.1439	5.12518
-1.67632	1.19743	5.14489	5.12518
-1.67369	1.20663	5.14456	5.1278
-1.67567	1.20367	5.14456	5.1301
-1.67797	1.18921	5.14456	5.12945
-1.67139	1.17706	5.14226	5.12912
-1.66187	1.18166	5.14127	5.12682
-1.67435	1.1695	5.14226	5.12649
-1.68224	1.1695	5.1439	5.12452
-1.68815	1.16392	5.14456	5.1232
-1.68289	1.16194	5.14325	5.12419
-1.68388	1.15997	5.14029	5.12419
-1.67797	1.17771	5.13897	5.12583
-1.68651	1.16293	5.1416	5.12813
-1.69144	1.16063	5.1439	5.12813
-1.69571	1.14847	5.14325	5.1255
-1.68749	1.15274	5.14292	5.1255
-1.67961	1.15899	5.14259	5.1255
-1.68125	1.1649	5.14259	5.1255
-1.67369	1.16326	5.1416	5.12748
-1.67139	1.15964	5.1416	5.12846
-1.68322	1.16851	5.14357	5.12748
-1.69604	1.15734	5.14423	5.1255
-1.69866	1.14552	5.14653	5.12452
-1.70228	1.15209	5.14653	5.12715
-1.71542	1.13566	5.14325	5.12879
-1.71148	1.13139	5.1416	5.13043
-1.71542	1.12876	5.1416	5.12912
-1.71739	1.12515	5.14193	5.1278
-1.71082	1.13205	5.14095	5.12485
-1.71542	1.13238	5.14095	5.12419
-1.72298	1.13993	5.14193	5.12616
-1.73809	1.135	5.14193	5.1278
-1.73809	1.1465	5.14193	5.1301
-1.74335	1.14092	5.14292	5.12813
-1.74466	1.1304	5.14456	5.12682
-1.75879	1.11858	5.14423	5.12616
-1.77554	1.10084	5.14292	5.1255
-1.78868	1.08441	5.14062	5.12386
-1.79295	1.07849	5.13865	5.12518
-1.79821	1.06568	5.13963	5.12682
-1.80807	1.0555	5.14127	5.12649
-1.81037	1.0509	5.14193	5.12616
-1.81267	1.0555	5.14193	5.12583
-1.82187	1.04794	5.14325	5.12616
-1.82614	1.03316	5.14357	5.1278
-1.82942	1.03053	5.14325	5.12945
-1.83731	1.03217	5.1416	5.12912
-1.84585	1.03381	5.1416	5.12879
-1.85373	1.02724	5.14226	5.12846
-1.84946	1.02987	5.1439	5.12748
-1.85308	1.02856	5.14489	5.12748
-1.85373	1.0302	5.14456	5.12748
-1.86523	1.01969	5.14423	5.12912
-1.86852	1.01837	5.1439	5.1301
-1.8741	1.00753	5.14555	5.12748
-1.87082	1.00884	5.1462	5.12452
-1.86458	1.01607	5.1462	5.12485
-1.87476	0.999644	5.14555	5.12649
-1.87838	1.00293	5.14456	5.12682
-1.87016	1.0095	5.14423	5.12616
-1.8718	1.01377	5.14357	5.12583
-1.86688	1.02429	5.14325	5.12518
-1.87016	1.02626	5.14423	5.12485
-1.85472	1.04071	5.14423	5.12419
-1.85702	1.03776	5.14226	5.1255
-1.84716	1.05024	5.14062	5.1255
-1.84684	1.04465	5.14062	5.12682
-1.84519	1.04564	5.14095	5.1255
-1.83797	1.04794	5.1416	5.12518
-1.83139	1.0532	5.14259	5.12616
-1.83008	1.04104	5.14456	5.1255
-1.82811	1.0486	5.1439	5.12386
-1.81497	1.06141	5.14226	5.12255
-1.80117	1.07981	5.14095	5.12485
-1.7946	1.09459	5.14193	5.12518
-1.77357	1.11956	5.14193	5.1255
-1.76864	1.11365	5.14095	5.12583
-1.7647	1.12088	5.14226	5.12583
-1.75386	1.12219	5.1416	5.12583
-1.7555	1.13435	5.14193	5.12682
-1.74203	1.14125	5.14292	5.12715
-1.72856	1.15373	5.14555	5.12649
-1.71542	1.15866	5.1462	5.12386
-1.71115	1.16819	5.14653	5.12058
-1.69998	1.17377	5.14587	5.12123
-1.70688	1.1741	5.14555	5.12353
-1.71805	1.17311	5.14325	5.12715
-1.70293	1.18724	5.14292	5.12748
-1.68782	1.19414	5.14325	5.12682
-1.68618	1.19973	5.1439	5.12485
-1.66614	1.21188	5.14423	5.12452
-1.66581	1.21911	5.14423	5.1232
-1.67402	1.22075	5.1439	5.12353
-1.67698	1.21024	5.14193	5.12485
-1.67041	1.21484	5.14193	5.12583
-1.66975	1.22732	5.14423	5.12452
-1.67567	1.2247	5.14522	5.12419
-1.66942	1.23751	5.14555	5.1232
-1.67698	1.23554	5.14555	5.12288
-1.67994	1.23225	5.14489	5.12353
-1.69078	1.21615	5.14325	5.1255
-1.68322	1.22667	5.14292	5.12518
-1.69998	1.2201	5.14292	5.12255
-1.70293	1.21747	5.14522	5.12123
-1.69834	1.2155	5.14653	5.12255
-1.70392	1.21024	5.14719	5.12452
-1.71443	1.204	5.1462	5.12616
-1.71936	1.20203	5.14423	5.1278
-1.73316	1.18888	5.14325	5.12682
-1.7325	1.19118	5.14226	5.12649
-1.73415	1.19841	5.14259	5.1255
-1.73809	1.18593	5.14259	5.1255
-1.73447	1.18593	5.14226	5.12452
-1.73513	1.18133	5.1416	5.12386
-1.73875	1.17147	5.14127	5.12386
-1.73875	1.16983	5.14095	5.1232
-1.74072	1.1649	5.1416	5.12123
-1.75057	1.16392	5.14325	5.12123
-1.74762	1.16654	5.14325	5.12255
-1.75222	1.15866	5.14259	5.12583
-1.7509	1.16851	5.14062	5.12682
-1.73973	1.18494	5.14029	5.1255
-1.72856	1.1902	5.14095	5.12288
-1.72133	1.1902	5.14423	5.12156
-1.71279	1.20203	5.14587	5.12353
-1.7164	1.19118	5.14522	5.12386
-1.72133	1.19217	5.14456	5.12485
-1.72922	1.19151	5.1416	5.12452
-1.72166	1.19118	5.1416	5.12518
-1.7187	1.1948	5.1439	5.12649
-1.71049	1.19283	5.14752	5.12583
-1.71115	1.18856	5.14686	5.12419
-1.70951	1.18527	5.14522	5.12419
-1.70556	1.19184	5.14423	5.12649
-1.68749	1.19677	5.1439	5.12748
-1.68224	1.19874	5.1439	5.12715
-1.67435	1.20728	5.14193	5.12682
-1.67271	1.20531	5.14095	5.12485
-1.67632	1.20268	5.14127	5.12255
-1.66877	1.20728	5.1416	5.12123
-1.66581	1.20663	5.14292	5.1232
-1.65858	1.21648	5.14292	5.12846
-1.65628	1.21615	5.14259	5.1278
-1.66351	1.21582	5.14325	5.12649
-1.66877	1.21024	5.14456	5.12748
-1.6622	1.21517	5.14555	5.12616
-1.66187	1.22568	5.14587	5.12583
-1.65694	1.21385	5.14423	5.1278
-1.66614	1.2086	5.14423	5.12813
-1.65628	1.2178	5.14489	5.12452
-1.66055	1.21353	5.1462	5.1232
-1.67074	1.20203	5.14719	5.12353
-1.67632	1.21254	5.14555	5.12452
-1.66942	1.21155	5.14423	5.12682
-1.67928	1.21057	5.14456	5.12813
-1.68454	1.2086	5.14489	5.1278
-1.69111	1.20728	5.14522	5.12649
-1.69242	1.20925	5.14555	5.1255
-1.69735	1.19677	5.14555	5.12583
-1.70425	1.17673	5.14456	5.12748
-1.70721	1.16819	5.14127	5.12813
-1.721	1.14519	5.13963	5.12912
-1.73513	1.14223	5.13996	5.1278
-1.73283	1.14223	5.14292	5.12485
-1.73973	1.1327	5.14456	5.12288
-1.74893	1.12219	5.14423	5.12353
-1.7578	1.12252	5.1439	5.12485
-1.77357	1.10511	5.14357	5.1255
-1.78967	1.08605	5.14193	5.12386
-1.79591	1.08047	5.14127	5.12419
-1.80281	1.06831	5.14226	5.12616
-1.80872	1.06634	5.14357	5.12583
-1.7969	1.08079	5.14226	5.12518
-1.79887	1.07225	5.14193	5.12583
-1.79953	1.0601	5.14292	5.12715
-1.79033	1.06864	5.1439	5.12682
-1.79558	1.06371	5.14259	5.12616
-1.79558	1.05812	5.14456	5.12649
-1.78507	1.07751	5.14587	5.12616
-1.78704	1.06437	5.1462	5.1255
-1.78737	1.04925	5.14423	5.12682
-1.79755	1.04334	5.14062	5.1278
-1.80051	1.0394	5.13996	5.12977
-1.80314	1.03513	5.1416	5.1278
-1.80445	1.0394	5.14456	5.1255
-1.8038	1.04038	5.14587	5.12386
-1.79854	1.04695	5.14522	5.1232
-1.79723	1.0417	5.1439	5.12386
-1.78441	1.05911	5.14292	5.12518
-1.79164	1.04794	5.14357	5.12583
-1.78868	1.05681	5.14456	5.12682
-1.77653	1.06864	5.14489	5.12715
-1.77718	1.07422	5.14325	5.12518
-1.75912	1.09689	5.14062	5.12616
-1.77423	1.09492	5.13832	5.12813
-1.77554	1.08572	5.13832	5.12879
-1.77291	1.08112	5.13963	5.12649
-1.76831	1.08277	5.14193	5.12682
-1.76831	1.07258	5.14423	5.12748
-1.77554	1.05714	5.14686	5.12583
-1.78868	1.04761	5.1462	5.12682
-1.78704	1.04301	5.14423	5.12682
-1.79197	1.03644	5.14357	5.12813
-1.78244	1.03907	5.14456	5.12813
-1.7831	1.03644	5.14653	5.12813
-1.78967	1.044	5.14719	5.12813
-1.78408	1.05123	5.14522	5.12715
-1.78836	1.03874	5.14259	5.12616
-1.78901	1.03546	5.14226	5.12748
-1.78606	1.04761	5.14292	5.12912
-1.7969	1.0532	5.14489	5.12682
-1.79394	1.06108	5.14456	5.12518
-1.8015	1.05648	5.14522	5.12616
-1.80807	1.04071	5.14555	5.12649
-1.81891	1.02264	5.14489	5.12583
-1.82318	1.03053	5.14325	5.12485
-1.82548	1.02823	5.14193	5.12583
-1.82942	1.02921	5.14259	5.12813
-1.82975	1.03414	5.14357	5.12977
-1.83369	1.03644	5.14456	5.12846
-1.83567	1.04071	5.14489	5.12616
-1.84388	1.02429	5.14357	5.12452
-1.85833	1.0026	5.14193	5.12616
-1.85603	0.998987	5.14193	5.12912
-1.84224	1.00819	5.14292	5.13043
-1.85603	0.996688	5.14522	5.12879
-1.85176	0.996688	5.14423	5.1278
-1.85998	0.98716	5.14127	5.12682
-1.85373	0.997016	5.13996	5.12583
-1.85603	1.00753	5.14127	5.12583
-1.84454	1.01377	5.14193	5.12616
-1.83369	1.02396	5.14127	5.1255
-1.82844	1.02363	5.14127	5.12518
-1.81957	1.02757	5.14292	5.12419
-1.80281	1.03808	5.1439	5.12353
-1.79	1.05188	5.14357	5.1255
-1.7831	1.05681	5.14226	5.12682
-1.77291	1.06897	5.14226	5.12715
-1.76043	1.08966	5.14522	5.1278
-1.7555	1.10543	5.14587	5.12649
-1.74926	1.10346	5.14357	5.12649
-1.73875	1.11923	5.14127	5.1278
-1.72002	1.13205	5.14062	5.12846
-1.71345	1.13566	5.14127	5.12846
-1.70951	1.12745	5.14259	5.12485
-1.69604	1.14157	5.14357	5.12386
-1.68848	1.15669	5.14456	5.12485
-1.66942	1.16129	5.14489	5.12485
-1.66548	1.15537	5.14489	5.1255
-1.6599	1.15307	5.14489	5.12748
-1.6484	1.17607	5.14587	5.12616
-1.62836	1.18658	5.14489	5.12485
-1.6185	1.18428	5.14489	5.12583
-1.61291	1.17377	5.14686	5.12518
-1.60766	1.18199	5.14686	5.12452
-1.61324	1.19118	5.14423	5.12485
-1.60503	1.20071	5.14029	5.12649
-1.61094	1.20203	5.14062	5.1301
-1.59747	1.21911	5.14456	5.13142
-1.60897	1.20531	5.14555	5.12813
-1.60339	1.204	5.14489	5.12452
-1.61489	1.20235	5.14325	5.12255
-1.6185	1.17607	5.14226	5.12386
-1.62967	1.16884	5.14292	5.12616
-1.63131	1.16392	5.14456	5.12616
-1.64511	1.15899	5.14423	5.12386
-1.65037	1.16589	5.14522	5.12156
-1.65957	1.16457	5.14522	5.12222
-1.67468	1.15603	5.14423	5.12353
-1.68946	1.14683	5.14325	5.12485
-1.70129	1.14946	5.1439	5.12748
-1.71542	1.135	5.14555	5.12879
-1.72199	1.12646	5.1462	5.12813
-1.73875	1.11759	5.14555	5.12682
-1.74039	1.11463	5.1416	5.12485
-1.76141	1.10642	5.13996	5.12518
-1.76371	1.10576	5.1416	5.12616
-1.76864	1.10116	5.14062	5.12682
-1.77456	1.09492	5.1416	5.1278
-1.79033	1.07291	5.14522	5.12879
-1.80445	1.05024	5.14555	5.12977
-1.81267	1.03907	5.14325	5.12813
-1.83139	1.00096	5.14127	5.12715
-1.83567	0.993402	5.14259	5.12846
-1.84552	0.996359	5.14423	5.12912
-1.84289	0.998659	5.14522	5.12715
-1.84585	0.992745	5.14423	5.12419
-1.85833	0.978946	5.1439	5.1232
-1.86458	0.969747	5.14259	5.1255
-1.86819	0.958905	5.14325	5.12682
-1.86392	0.958577	5.14226	5.12813
-1.85965	0.967776	5.1416	5.12846
-1.86031	0.96449	5.14357	5.12715
-1.85833	0.949378	5.14653	5.12518
-1.86063	0.953977	5.14719	5.12386
-1.85603	0.967447	5.14555	5.12518
-1.84651	0.976975	5.14325	5.12616
-1.83731	0.976647	5.14292	5.12748
-1.83008	0.974018	5.14357	5.12748
-1.83172	0.975661	5.14555	5.12813
-1.83238	0.980918	5.14587	5.12813
-1.82811	0.975989	5.14423	5.12715
-1.82449	0.98716	5.14259	5.12485
-1.82022	0.994059	5.14127	5.12353
-1.81727	1.0095	5.14062	5.1232
-1.80872	1.00556	5.1416	5.12518
-1.80314	0.995702	5.14325	5.12649
-1.80905	0.991759	5.14522	5.12649
-1.80905	0.999644	5.1462	5.12485
-1.80281	0.992088	5.14555	5.12386
-1.80741	0.986503	5.14456	5.12518
-1.81497	0.968104	5.14259	5.12682
-1.81891	0.963505	5.14325	5.12682
-1.82384	0.96449	5.14456	5.1255
-1.82351	0.974018	5.14292	5.12419
-1.81562	0.972375	5.1416	5.12189
-1.81628	0.970733	5.14226	5.12353
-1.81727	0.976647	5.1416	5.1255
-1.83337	0.977961	5.14292	5.12682
-1.83567	0.991759	5.14423	5.12682
-1.83632	0.983546	5.14456	5.12649
-1.84289	0.980918	5.14423	5.12649
-1.84651	0.985189	5.14292	5.12682
-1.83928	0.970404	5.14292	5.12715
-1.84651	0.966462	5.14423	5.1255
-1.84651	0.976647	5.14555	5.12452
-1.85472	0.972375	5.14653	5.12288
-1.86228	0.968433	5.14686	5.12156
-1.87509	0.958248	5.14653	5.12156
-1.87805	0.959891	5.14555	5.1232
-1.87378	0.974675	5.14555	5.12452
-1.8764	0.95562	5.14555	5.12682
-1.87903	0.956605	5.14489	5.12879
-1.87838	0.965476	5.14653	5.12879
-1.87805	0.961862	5.14653	5.12846
-1.881	0.953649	5.14686	5.1278
-1.88002	0.963833	5.14555	5.12649
-1.87805	0.974347	5.1439	5.12616
-1.88035	0.962519	5.14259	5.12616
-1.87706	0.977961	5.1416	5.1255
-1.87969	0.970076	5.14325	5.1255
-1.88035	0.960877	5.14587	5.12583
-1.87378	0.968433	5.14587	5.1255
-1.86753	0.970076	5.14489	5.1255
-1.86885	0.978289	5.1439	5.12518
-1.86162	0.998659	5.14292	5.12616
-1.85571	1.01344	5.1439	5.12485
-1.84519	1.01246	5.14653	5.12452
-1.84256	1.01541	5.14752	5.12649
-1.83402	1.0279	5.14686	5.12715
-1.82449	1.03316	5.14555	5.12748
-1.81365	1.04268	5.14489	5.12715
-1.80281	1.05287	5.14555	5.12616
-1.77981	1.06732	5.14522	5.1255
-1.76404	1.08309	5.14423	5.12419
-1.7578	1.08145	5.14292	5.12518
-1.74072	1.09886	5.14325	5.12419
-1.73316	1.10314	5.14357	5.1232
-1.72199	1.10511	5.14127	5.1232
-1.70523	1.12876	5.14095	5.12386
-1.68158	1.13993	5.14489	5.1255
-1.66712	1.15406	5.14456	5.12616
-1.6553	1.16096	5.14325	5.12419
-1.65267	1.15932	5.14127	5.12419
-1.64183	1.16392	5.14095	5.12485
-1.6369	1.18428	5.14259	5.12452
-1.62507	1.19414	5.14325	5.12419
-1.62934	1.2017	5.1439	5.12452
-1.62967	1.20367	5.14456	5.12353
-1.61554	1.21582	5.14489	5.1232
-1.62113	1.20268	5.14292	5.12386
-1.60996	1.21221	5.14226	5.12485
-1.60569	1.22305	5.14489	5.12583
-1.61127	1.21944	5.14653	5.1255
-1.63361	1.2017	5.14456	5.12452
-1.63985	1.19217	5.1439	5.12452
-1.64018	1.19217	5.14555	5.12583
-1.64051	1.18461	5.14653	5.12682
-1.6645	1.17771	5.14555	5.12846
-1.66778	1.17311	5.14292	5.12813
-1.68486	1.15603	5.14226	5.12715
-1.67665	1.16851	5.14292	5.12715
-1.68651	1.16523	5.14325	5.12682
-1.68979	1.15472	5.14193	5.12616
-1.70129	1.14683	5.14029	5.12518
-1.72265	1.1304	5.14062	5.12419
-1.73283	1.1235	5.14325	5.1232
-1.73875	1.1258	5.14555	5.12518
-1.75747	1.12088	5.14653	5.12715
-1.76503	1.11661	5.1485	5.12682
-1.7693	1.12252	5.14785	5.1255
-1.7785	1.11595	5.14686	5.12682
-1.78803	1.10839	5.14587	5.12846
-1.80183	1.09656	5.14587	5.12846
-1.80971	1.09032	5.14785	5.12715
-1.80445	1.08309	5.1485	5.12649
-1.81562	1.08375	5.14785	5.12813
-1.81135	1.07784	5.14555	5.12813
-1.81661	1.07817	5.14489	5.12945
-1.82384	1.06732	5.14292	5.12846
-1.83567	1.04433	5.14292	5.1255
-1.83435	1.03973	5.1439	5.12485
-1.83402	1.02691	5.14555	5.12682
-1.82449	1.03151	5.14489	5.12682
-1.8222	1.02757	5.14325	5.12485
-1.81792	1.02921	5.14062	5.12386
-1.80938	1.04827	5.14029	5.12419
-1.81365	1.04235	5.14193	5.12518
-1.80215	1.05024	5.14292	5.1255
-1.78671	1.06404	5.14325	5.12485
-1.77489	1.06404	5.14357	5.12452
-1.7509	1.07521	5.14357	5.12419
-1.73973	1.07488	5.14357	5.12452
-1.72692	1.08079	5.14259	5.12452
-1.71969	1.09032	5.1439	5.12485
-1.70786	1.09821	5.14587	5.1255
-1.69866	1.11003	5.14752	5.12649
-1.69275	1.11398	5.14752	5.12813
-1.69275	1.10938	5.14555	5.12879
-1.67304	1.12252	5.14325	5.12748
-1.67435	1.13073	5.14226	5.1255
-1.66252	1.14256	5.14226	5.12452
-1.65037	1.1534	5.14226	5.12419
-1.63493	1.16851	5.1416	5.12386
-1.62113	1.18658	5.14127	5.12419
-1.64084	1.16326	5.14226	5.12583
-1.64314	1.15439	5.14292	5.12682
-1.64774	1.14749	5.14325	5.12485
-1.65497	1.14716	5.14357	5.12288
-1.65201	1.15997	5.14522	5.12222
-1.64314	1.17049	5.14719	5.12419
-1.65201	1.17016	5.14587	5.12715
-1.67369	1.15932	5.14357	5.1278
-1.68585	1.14782	5.14259	5.12682
-1.68355	1.15406	5.14226	5.12715
-1.67895	1.15537	5.14226	5.12748
-1.69209	1.1465	5.14259	5.12748
-1.70063	1.14125	5.14259	5.1278
-1.70655	1.14223	5.14292	5.1278
-1.70162	1.1419	5.14226	5.12945
-1.71082	1.14946	5.14127	5.12912
-1.72758	1.14059	5.1416	5.12616
-1.73743	1.13106	5.1439	5.12419
-1.74006	1.14355	5.14817	5.12353
-1.73447	1.14355	5.14817	5.12353
-1.73776	1.14453	5.14522	5.12419
-1.7394	1.15274	5.14193	5.1255
-1.74105	1.15833	5.14029	5.12583
-1.73907	1.15669	5.14095	5.12649
-1.74269	1.15669	5.14193	5.1255
-1.74663	1.14782	5.14423	5.12255
-1.74794	1.13993	5.14456	5.12222
-1.76404	1.12482	5.14193	5.12452
-1.7647	1.12876	5.14029	5.12485
-1.75682	1.13336	5.14062	5.12419
-1.76174	1.12745	5.14259	5.12353
-1.75944	1.12778	5.14423	5.12452
-1.767	1.12712	5.14325	5.12583
-1.77653	1.12778	5.14292	5.12682
-1.7624	1.12515	5.14226	5.12748
-1.75353	1.12153	5.14292	5.12879
-1.75419	1.12679	5.14226	5.12912
-1.7509	1.12285	5.14127	5.1278
-1.74105	1.14092	5.14193	5.1255
-1.7463	1.13172	5.1439	5.12386
-1.74302	1.12318	5.14522	5.12419
-1.74335	1.11135	5.1439	5.12452
-1.74137	1.09755	5.14127	5.12518
-1.73776	1.10543	5.13996	5.12419
-1.73316	1.10708	5.14029	5.12288
-1.74367	1.10445	5.14193	5.12222
-1.72758	1.11726	5.14226	5.12452
-1.71739	1.10116	5.14259	5.12715
-1.72002	1.10018	5.14259	5.12912
-1.7187	1.10149	5.14292	5.13043
-1.7164	1.10248	5.14292	5.12945
-1.70852	1.11266	5.14226	5.12583
-1.70425	1.11825	5.14259	5.12288
-1.70983	1.10543	5.14193	5.1232
-1.70688	1.10314	5.14127	5.1255
-1.70359	1.09919	5.14127	5.1278
-1.70589	1.10346	5.13963	5.12715
-1.70655	1.10741	5.13963	5.12616
-1.69341	1.12482	5.14193	5.12616
-1.69571	1.12318	5.14423	5.12518
-1.69571	1.12778	5.14489	5.12518
-1.70425	1.13139	5.14226	5.12583
-1.70063	1.14617	5.14259	5.12846
-1.70786	1.14322	5.14292	5.12682
-1.70753	1.15045	5.1439	5.1255
-1.71213	1.14716	5.1439	5.12485
-1.71246	1.14716	5.14226	5.12452
-1.71969	1.14585	5.14127	5.12583
-1.7256	1.14782	5.14193	5.1278
-1.71903	1.1626	5.14226	5.12715
-1.72363	1.16162	5.14226	5.12452
-1.71148	1.17279	5.14456	5.12156
-1.70951	1.17344	5.14555	5.12156
-1.69965	1.1856	5.14489	5.12386
-1.69571	1.1833	5.14292	5.1255
-1.70162	1.18593	5.14259	5.12616
-1.70556	1.1925	5.14193	5.12715
-1.69144	1.21747	5.14259	5.12715
-1.69012	1.2086	5.14423	5.1255
-1.68388	1.21385	5.1439	5.12419
-1.67172	1.22338	5.14127	5.12386
-1.66285	1.24408	5.14127	5.12386
-1.66844	1.23718	5.1439	5.12682
-1.65924	1.23948	5.14423	5.12748
-1.64774	1.24934	5.14325	5.12649
-1.63657	1.25492	5.14292	5.12518
-1.6369	1.24736	5.14226	5.12255
-1.63131	1.24474	5.14292	5.12189
-1.62638	1.25262	5.14325	5.12353
-1.62047	1.24375	5.14292	5.12616
-1.60897	1.25788	5.14357	5.1278
-1.5978	1.26905	5.14292	5.12748
-1.59714	1.25985	5.14423	5.1255
-1.60372	1.26313	5.14456	5.12353
-1.584	1.27759	5.14325	5.12419
-1.57645	1.27398	5.1439	5.12452
-1.55641	1.29008	5.14522	5.1255
-1.55148	1.28975	5.14653	5.12485
-1.55378	1.27299	5.14555	5.1232
-1.52717	1.28449	5.1439	5.12189
-1.52257	1.28679	5.14259	5.12353
-1.5137	1.2835	5.1439	5.1255
-1.50942	1.29829	5.14489	5.1255
-1.5068	1.30453	5.14456	5.12485
-1.50482	1.31406	5.14127	5.1255
-1.50548	1.30913	5.13996	5.12485
-1.50614	1.30092	5.14127	5.12419
-1.493	1.30059	5.1439	5.12419
-1.49694	1.31702	5.14587	5.12518
-1.50417	1.31176	5.14587	5.12715
-1.51534	1.30157	5.14555	5.12977
-1.51797	1.31307	5.14456	5.12945
-1.52355	1.3249	5.14259	5.1255
-1.52618	1.31603	5.14226	5.12222
-1.53998	1.318	5.14259	5.12156
-1.54031	1.31964	5.14357	5.12156
-1.54096	1.32359	5.14226	5.12353
-1.55739	1.31669	5.14193	5.1255
-1.58959	1.2973	5.1439	5.12583
-1.607	1.27496	5.14587	5.1278
-1.61193	1.27661	5.14653	5.12715
-1.62047	1.27069	5.14653	5.12518
-1.62408	1.26248	5.14522	5.1232
-1.63394	1.26872	5.14456	5.12452
-1.6461	1.25788	5.14489	5.12649
-1.66121	1.25164	5.1462	5.12748
-1.67304	1.24375	5.14752	5.12977
-1.67632	1.23817	5.14686	5.13043
-1.68027	1.23751	5.14522	5.12879
-1.68881	1.23094	5.14226	5.12649
-1.69308	1.22601	5.14226	5.12452
-1.69965	1.22634	5.14522	5.12419
-1.70885	1.1971	5.1462	5.12419
-1.7187	1.17574	5.14653	5.12419
-1.72363	1.17541	5.14522	5.12419
-1.74335	1.15012	5.14292	5.12386
-1.75123	1.13566	5.1416	5.12452
-1.75287	1.13796	5.1416	5.12485
-1.74762	1.13862	5.1439	5.12649
-1.74696	1.1304	5.14522	5.12748
-1.74794	1.13008	5.14522	5.12715
-1.75649	1.13468	5.14489	5.12715
-1.75386	1.13796	5.14325	5.12583
-1.75912	1.12646	5.14226	5.1255
-1.75452	1.1304	5.14292	5.12485
-1.75517	1.1304	5.14325	5.12583
-1.76864	1.11233	5.14423	5.12813
-1.76076	1.1281	5.1439	5.12945
-1.76306	1.12219	5.14226	5.12715
-1.7624	1.11628	5.14127	5.12616
-1.76733	1.09854	5.14127	5.12616
-1.75649	1.10314	5.14193	5.12616
-1.744	1.10971	5.14193	5.12518
-1.74105	1.11628	5.14193	5.12452
-1.744	1.10346	5.14062	5.12485
-1.74532	1.11135	5.14127	5.12616
-1.74302	1.10543	5.14095	5.12846
-1.73415	1.10642	5.14029	5.12715
-1.73283	1.10379	5.14259	5.12452
-1.72889	1.11825	5.14522	5.12353
-1.73053	1.11858	5.14555	5.1232
-1.73316	1.10346	5.14555	5.12452
-1.73053	1.08835	5.14489	5.1255
-1.73743	1.07849	5.14423	5.12518
-1.74137	1.07685	5.14292	5.12649
-1.74663	1.06404	5.14325	5.12846
-1.74827	1.06667	5.14292	5.12879
-1.75419	1.06338	5.14226	5.1278
-1.7578	1.06371	5.14127	5.12353
-1.76306	1.07127	5.14226	5.1232
-1.77554	1.07521	5.14226	5.12288
-1.78047	1.07587	5.14259	5.1232
-1.77127	1.08112	5.1416	5.12419
-1.77817	1.07948	5.14259	5.12518
-1.78967	1.08211	5.14423	5.12583
-1.78606	1.08112	5.14522	5.12419
-1.79328	1.08802	5.14423	5.12288
-1.7854	1.10642	5.1416	5.1232
-1.78671	1.09492	5.14062	5.1232
-1.78507	1.09558	5.14226	5.12288
-1.78408	1.10511	5.14456	5.12419
-1.78277	1.11496	5.14587	5.12419
-1.77061	1.12843	5.14555	5.12452
-1.76667	1.12975	5.14522	5.12485
-1.76536	1.14059	5.14423	5.12649
-1.76766	1.13468	5.14292	5.12748
-1.76273	1.14552	5.14325	5.12748
-1.75484	1.1442	5.14325	5.12616
-1.74335	1.15045	5.14292	5.12386
-1.73546	1.16786	5.14423	5.12288
-1.7302	1.18363	5.14555	5.1232
-1.72232	1.19217	5.14292	5.12419
-1.71213	1.19381	5.14062	5.12518
-1.71509	1.1925	5.1416	5.12715
-1.71411	1.18363	5.14456	5.12583
-1.70195	1.19447	5.14555	5.12419
-1.70622	1.19217	5.14423	5.1232
-1.69505	1.19907	5.14127	5.12485
-1.70852	1.18527	5.14062	5.12715
-1.70096	1.1856	5.14292	5.12846
-1.70195	1.18987	5.14587	5.12616
-1.69636	1.20564	5.14587	5.12452
-1.68454	1.22897	5.14259	5.12518
-1.67041	1.24277	5.1416	5.12419
-1.65727	1.24901	5.14226	5.12682
-1.64643	1.25525	5.14357	5.12879
-1.64347	1.25722	5.1439	5.12879
-1.64774	1.24079	5.1416	5.12682
-1.64117	1.24441	5.1416	5.12616
-1.6346	1.24835	5.14259	5.12485
-1.64018	1.24474	5.1439	5.12485
-1.63624	1.24178	5.14292	5.12682
-1.6323	1.23258	5.14292	5.12715
-1.63985	1.23061	5.14325	5.12616
-1.64084	1.23554	5.14555	5.12419
-1.64544	1.23685	5.14719	5.12288
-1.63427	1.24277	5.14653	5.12189
-1.63427	1.25459	5.14587	5.12156
-1.6369	1.25295	5.14357	5.12156
-1.63854	1.25295	5.14325	5.1232
-1.62704	1.26313	5.14489	5.12452
-1.61981	1.27168	5.1462	5.12583
-1.63098	1.25886	5.14555	5.12452
-1.63657	1.26379	5.14325	5.12518
-1.64708	1.25919	5.1416	5.12518
-1.63394	1.27825	5.1416	5.12682
-1.64117	1.27792	5.14423	5.1278
-1.64051	1.2858	5.14522	5.12715
-1.64445	1.26839	5.14653	5.12583
-1.66515	1.25262	5.14719	5.12518
-1.66515	1.26084	5.1462	5.12649
-1.66778	1.25624	5.1439	5.12748
-1.65201	1.27726	5.14029	5.12813
-1.65168	1.27825	5.13865	5.12813
-1.6369	1.28646	5.14062	5.1278
-1.63197	1.28153	5.14456	5.12649
-1.62901	1.28153	5.14653	5.1255
-1.6323	1.28942	5.14456	5.12682
-1.6369	1.29238	5.14226	5.12879
-1.63558	1.29073	5.14127	5.13043
-1.64248	1.27759	5.14062	5.13076
-1.65332	1.27726	5.14127	5.12813
-1.64905	1.27562	5.14127	5.12485
-1.66187	1.26478	5.14226	5.12386
-1.66482	1.25886	5.14423	5.12485
-1.66975	1.25854	5.14522	5.12748
-1.66811	1.26412	5.14522	5.12748
-1.66942	1.26806	5.14456	5.12518
-1.67797	1.26872	5.1439	5.12419
-1.68355	1.25065	5.14292	5.12518
-1.68355	1.25295	5.14226	5.1255
-1.68749	1.24934	5.14259	5.12485
-1.69045	1.25131	5.14226	5.1255
-1.68848	1.25164	5.14193	5.12682
-1.68684	1.24342	5.14325	5.12813
-1.68979	1.23291	5.14522	5.1278
-1.68486	1.23652	5.14653	5.12452
-1.67829	1.24112	5.14555	5.12222
-1.68519	1.23028	5.14423	5.12123
-1.68125	1.22535	5.14193	5.12288
-1.68421	1.21418	5.14095	5.12583
-1.68486	1.21221	5.13996	5.12715
-1.68322	1.21221	5.14062	5.12452
-1.68125	1.21977	5.14292	5.12386
-1.67731	1.21451	5.14423	5.1255
-1.67172	1.22371	5.14292	5.12616
-1.67665	1.2155	5.14226	5.12715
-1.68749	1.2063	5.14226	5.12715
-1.69735	1.18724	5.1439	5.12748
-1.69406	1.18428	5.1462	5.12682
-1.68881	1.19118	5.14817	5.12583
-1.67994	1.19644	5.14653	5.12485
-1.67961	1.18034	5.14423	5.12583
-1.68224	1.17279	5.14325	5.12715
-1.67369	1.17969	5.14193	5.1278
-1.67534	1.17311	5.14292	5.12813
-1.67632	1.16983	5.14456	5.1278
-1.68848	1.15866	5.14587	5.1255
-1.69341	1.15669	5.14423	5.12583
-1.71049	1.1465	5.14029	5.12452
-1.70589	1.15702	5.13799	5.12419
-1.71378	1.14223	5.14062	5.12419
-1.72133	1.14815	5.14325	5.12485
-1.72232	1.16096	5.14522	5.12419
-1.7233	1.17279	5.14587	5.1232
-1.73907	1.16096	5.14423	5.12452
-1.74597	1.14585	5.14259	5.1255
-1.74302	1.16194	5.14259	5.12682
-1.74762	1.15734	5.14423	5.12682
-1.74006	1.16589	5.14653	5.12682
-1.7532	1.15964	5.14785	5.12682
-1.74269	1.17673	5.14752	5.12616
-1.74335	1.17706	5.14653	5.12649
-1.7532	1.16326	5.14555	5.12583
-1.76371	1.15603	5.14357	5.12715
-1.77259	1.15012	5.14259	5.1278
-1.77521	1.15603	5.14226	5.12813
-1.76404	1.1718	5.14423	5.1278
-1.76831	1.16063	5.14489	5.12715
-1.76831	1.15899	5.14423	5.12616
-1.7647	1.16392	5.14489	5.12485
-1.77226	1.14946	5.14292	5.1255
-1.76799	1.15669	5.14127	5.12649
-1.76569	1.15472	5.14259	5.12583
-1.76569	1.15833	5.1439	5.12583
-1.76207	1.15274	5.14587	5.12616
-1.76109	1.15866	5.14456	5.12518
-1.7578	1.15702	5.14456	5.12518
-1.74335	1.17246	5.1462	5.1255
-1.74762	1.16884	5.14686	5.1255
-1.74367	1.17279	5.14587	5.12419
-1.73973	1.16622	5.14489	5.1232
-1.75024	1.15833	5.1439	5.12288
-1.7417	1.1672	5.14292	5.12682
-1.73185	1.16851	5.14292	5.13109
-1.72495	1.16359	5.14259	5.12879
-1.7187	1.1672	5.14292	5.1255
-1.72659	1.17049	5.14292	5.12452
-1.72626	1.16326	5.14292	5.12419
-1.71739	1.16359	5.14062	5.12485
-1.72068	1.14585	5.1393	5.12583
-1.7164	1.15077	5.14029	5.12649
-1.71016	1.15373	5.1416	5.1278
-1.69604	1.17936	5.1439	5.12682
-1.70918	1.16851	5.14456	5.12616
-1.69538	1.18363	5.14456	5.12583
-1.68749	1.18888	5.14292	5.12419
-1.68191	1.19283	5.1416	5.12419
-1.68125	1.19316	5.13996	5.12715
-1.68125	1.19578	5.1416	5.1278
-1.68125	1.20268	5.14325	5.12616
-1.67764	1.19973	5.14489	5.12485
-1.69144	1.18626	5.14357	5.12485
-1.69341	1.19348	5.14259	5.12583
-1.69998	1.18428	5.14226	5.1278
-1.70951	1.18888	5.14357	5.12846
-1.71476	1.18034	5.14423	5.12616
-1.71279	1.18199	5.14193	5.12452
-1.70688	1.1879	5.1416	5.1232
-1.71805	1.17607	5.1416	5.12452
-1.73645	1.15932	5.14226	5.12419
-1.73513	1.17049	5.1416	5.12288
-1.72889	1.16884	5.14292	5.12353
-1.7325	1.16359	5.14489	5.1255
-1.73743	1.15833	5.14522	5.12452
-1.7463	1.16326	5.14325	5.1232
-1.75484	1.15077	5.14259	5.12452
-1.75353	1.15045	5.14127	5.1255
-1.74269	1.15472	5.13996	5.12682
-1.75123	1.14486	5.13897	5.12715
-1.75287	1.14617	5.14095	5.1255
-1.74926	1.15176	5.14259	5.12288
-1.7348	1.16523	5.14325	5.12156
-1.71312	1.19546	5.14423	5.1232
-1.71509	1.19283	5.14489	5.12616
-1.70655	1.19348	5.14489	5.12748
-1.70721	1.1925	5.14226	5.1278
-1.70753	1.19776	5.14193	5.12748
-1.70622	1.19348	5.14456	5.12485
-1.69998	1.20334	5.14522	5.12452
-1.70293	1.19447	5.14423	5.1255
-1.69439	1.19611	5.14193	5.12583
-1.68618	1.20663	5.1416	5.1255
-1.69538	1.19086	5.14259	5.12649
-1.68979	1.19841	5.14259	5.12748
-1.68651	1.19217	5.14325	5.12682
-1.67534	1.20334	5.14292	5.12649
-1.68092	1.19151	5.14226	5.12715
-1.67468	1.19348	5.14095	5.12682
-1.66285	1.20203	5.14292	5.12616
-1.6484	1.2109	5.14292	5.1255
-1.64084	1.20695	5.14325	5.12649
-1.62408	1.2086	5.14456	5.12682
-1.6185	1.1994	5.14686	5.12583
-1.62179	1.20728	5.14719	5.12485
-1.62606	1.20794	5.1462	5.12649
-1.61357	1.2109	5.14325	5.12616
-1.61324	1.20597	5.14095	5.12485
-1.60142	1.20498	5.1416	5.12485
-1.6001	1.21024	5.14259	5.12452
-1.60109	1.20794	5.14489	5.12616
-1.59747	1.20203	5.14357	5.12748
-1.58729	1.19086	5.1416	5.12715
-1.58565	1.19414	5.13963	5.12846
-1.58762	1.19578	5.1416	5.12945
-1.58827	1.1994	5.1439	5.12846
-1.59616	1.20137	5.14489	5.1278
-1.6116	1.18461	5.14095	5.12748
-1.60404	1.20465	5.14127	5.12715
-1.61324	1.20761	5.14357	5.12583
-1.61883	1.21517	5.14752	5.12485
-1.6277	1.20663	5.14949	5.1232
-1.63985	1.20597	5.14785	5.12156
-1.64511	1.20663	5.14522	5.12058
-1.65957	1.204	5.14423	5.12123
-1.67665	1.18297	5.14357	5.1255
-1.67534	1.19447	5.14193	5.12846
-1.6645	1.19776	5.14095	5.12813
-1.67501	1.18856	5.14193	5.12649
-1.68914	1.16194	5.1439	5.1255
-1.69998	1.14913	5.14423	5.1232
-1.69866	1.14913	5.14357	5.1232
-1.70293	1.14486	5.14193	5.12616
-1.71476	1.13796	5.1416	5.12879
-1.71608	1.12252	5.14226	5.12813
-1.7256	1.11595	5.1439	5.12616
-1.73053	1.11628	5.14456	5.12518
-1.74302	1.10511	5.14555	5.12583
-1.7486	1.10149	5.1439	5.12649
-1.76109	1.08999	5.14292	5.1255
-1.77883	1.08309	5.14292	5.1255
-1.79	1.06995	5.14456	5.12583
-1.80741	1.05484	5.14423	5.1255
-1.82285	1.04235	5.14357	5.12419
-1.82482	1.03611	5.14423	5.12353
-1.81858	1.03578	5.14325	5.12518
-1.81957	1.02724	5.14325	5.12616
-1.81497	1.03151	5.14292	5.12353
-1.8176	1.02856	5.14456	5.12222
-1.82614	1.02429	5.1462	5.12288
-1.83369	1.0003	5.14752	5.12353
-1.84585	0.988474	5.1462	5.12583
-1.83928	1.00359	5.14325	5.12748
-1.83731	0.999316	5.14095	5.12813
-1.83271	0.997673	5.14062	5.12715
-1.83862	0.994059	5.14127	5.12715
-1.84848	0.993402	5.14357	5.12583
-1.83961	0.983874	5.14423	5.12353
-1.83238	0.986503	5.14522	5.12419
-1.83961	0.989788	5.14423	5.12649
-1.85078	0.975332	5.1439	5.12715
-1.84618	0.967776	5.14292	5.12682
-1.84191	0.956277	5.14259	5.12649
-1.84651	0.951349	5.14292	5.12583
-1.84782	0.950692	5.14259	5.12222
-1.84782	0.949706	5.14259	5.1209
-1.84388	0.960877	5.14127	5.12255
-1.84158	0.959234	5.14193	5.1255
-1.83567	0.960219	5.14325	5.12748
-1.83205	0.957591	5.1439	5.12813
-1.83435	0.959891	5.14292	5.12616
-1.83238	0.959234	5.14226	5.12452
-1.83698	0.95792	5.14193	5.12353
-1.82581	0.963833	5.14226	5.12288
-1.82745	0.962519	5.14357	5.1232
-1.82679	0.962191	5.14555	5.12419
-1.82679	0.962519	5.14587	5.12386
-1.82417	0.968762	5.14522	5.1209
-1.81628	0.973361	5.14259	5.12222
-1.82055	0.967447	5.14062	5.12452
-1.82548	0.968762	5.13963	5.12485
-1.82449	0.98026	5.14193	5.12583
-1.81825	0.979932	5.14325	5.12649
-1.81858	0.97369	5.14259	5.1255
-1.82252	0.959562	5.14226	5.12386
-1.82909	0.959234	5.14259	5.12288
-1.84618	0.947078	5.14357	5.12288
-1.84355	0.951349	5.14357	5.12583
-1.84256	0.949378	5.1416	5.12748
-1.83698	0.951677	5.14292	5.12649
-1.83599	0.960548	5.14456	5.12485
-1.83139	0.970076	5.1439	5.12419
-1.82844	0.976647	5.14357	5.12452
-1.82515	0.978946	5.14325	5.1255
-1.81858	0.99833	5.14292	5.1255
-1.81267	0.997673	5.14095	5.12649
-1.81332	0.985846	5.1416	5.12813
-1.80183	0.998987	5.14456	5.1278
-1.7923	1.00622	5.14719	5.12912
-1.79493	1.0095	5.14719	5.13043
-1.79328	1.01771	5.14686	5.12945
-1.79131	1.0233	5.14653	5.12879
-1.77686	1.02823	5.14456	5.12748
-1.7716	1.03907	5.14259	5.1255
-1.75879	1.04827	5.14292	5.1232
-1.75583	1.04564	5.14456	5.12353
-1.73513	1.04958	5.14325	5.12649
-1.72725	1.07291	5.1416	5.1278
-1.7187	1.07422	5.13996	5.12879
-1.70951	1.08441	5.14127	5.1278
-1.70655	1.09032	5.14193	5.12649
-1.70293	1.08802	5.1439	5.12616
-1.69965	1.10543	5.14456	5.12518
-1.69801	1.10675	5.14489	5.12518
-1.68355	1.09788	5.14489	5.1255
-1.67468	1.09755	5.14555	5.12583
-1.67369	1.10084	5.1439	5.12583
-1.6668	1.11693	5.14193	5.12485
-1.65168	1.12515	5.14062	5.12419
-1.63526	1.13763	5.14062	5.12419
-1.62146	1.1488	5.13963	5.12583
-1.61127	1.16326	5.14029	5.12616
-1.61489	1.15307	5.14193	5.12616
-1.607	1.15176	5.14423	5.12583
-1.59944	1.14585	5.14423	5.12485
-1.5932	1.14486	5.14456	5.12419
-1.58663	1.14585	5.14456	5.12518
-1.58006	1.15012	5.1439	5.12616
-1.57677	1.14979	5.1439	5.12748
-1.57283	1.1626	5.14587	5.1278
-1.55936	1.15373	5.1462	5.12649
-1.55805	1.158	5.14555	5.12518
-1.56133	1.1488	5.14456	5.12419
-1.56232	1.14979	5.14292	5.12583
-1.56889	1.14256	5.14325	5.12748
-1.58105	1.13829	5.14325	5.12879
-1.57612	1.1557	5.14423	5.1278
-1.56955	1.15504	5.1462	5.12616
-1.57349	1.16063	5.14587	5.12485
-1.58039	1.18626	5.14423	5.12452
-1.5702	1.19184	5.14127	5.12715
-1.56528	1.19578	5.13865	5.12846
-1.5656	1.1948	5.14127	5.12813
-1.58302	1.19053	5.14456	5.12715
-1.5932	1.18593	5.1462	5.12485
-1.60733	1.1695	5.14456	5.12386
-1.62211	1.1534	5.14292	5.1255
-1.60766	1.16687	5.1416	5.12715
-1.60667	1.15702	5.1416	5.12813
-1.61981	1.17081	5.14193	5.12748
-1.62671	1.16129	5.14325	5.12682
-1.64478	1.15439	5.1439	5.12616
-1.65168	1.1534	5.1439	5.12485
-1.66022	1.14683	5.14357	5.12518
-1.66088	1.15669	5.1439	5.12649
-1.66515	1.14716	5.14292	5.12715
-1.67139	1.14157	5.14226	5.12748
-1.67698	1.14585	5.14292	5.12583
-1.69669	1.1373	5.14423	5.1255
-1.70228	1.14026	5.14555	5.12386
-1.71476	1.10609	5.14686	5.12353
-1.7325	1.08244	5.14719	5.12518
-1.7394	1.06995	5.1462	5.12649
-1.74433	1.06502	5.14522	5.1278
-1.74367	1.067	5.14522	5.1278
-1.74992	1.0509	5.14325	5.12649
-1.75944	1.02264	5.14325	5.12616
-1.75682	1.02757	5.14292	5.1255
-1.76601	1.02067	5.14193	5.1255
-1.75944	1.02626	5.14062	5.1255
-1.7785	1.02001	5.14062	5.1232
-1.78146	1.0072	5.14292	5.12255
-1.78704	1.00786	5.14357	5.12288
-1.79263	0.998002	5.14489	5.12222
-1.80544	0.968762	5.14522	5.12189
-1.81497	0.971718	5.14522	5.12386
-1.81595	0.98256	5.14555	5.12583
-1.81562	0.986831	5.14489	5.12748
-1.81102	0.994059	5.14325	5.12715
-1.79821	0.998002	5.14095	5.12583
-1.80478	0.993731	5.14029	5.12452
-1.80511	0.983217	5.1416	5.12386
-1.79985	0.971718	5.14127	5.12518
-1.79985	0.98026	5.14029	5.12715
-1.79723	0.973033	5.14193	5.1278
-1.79197	0.978289	5.14456	5.12649
-1.7992	0.971718	5.14357	5.12518
-1.80215	0.967119	5.14193	5.1255
-1.80741	0.960219	5.14127	5.12583
-1.79657	0.978618	5.14226	5.1278
-1.80215	0.964819	5.1439	5.12813
-1.78737	0.963833	5.14522	5.12715
-1.78868	0.966462	5.1439	5.1255
-1.7854	0.960877	5.14193	5.12419
-1.78606	0.963833	5.14029	5.12255
-1.80117	0.958577	5.13963	5.12255
-1.80084	0.963505	5.13963	5.12386
-1.80872	0.95792	5.14127	5.12616
-1.81431	0.958577	5.14226	5.12649
-1.81464	0.96679	5.1439	5.12649
-1.8222	0.965476	5.14456	5.12616
-1.82647	0.966133	5.14456	5.12649
-1.8176	0.977304	5.14357	5.1278
-1.81825	0.983546	5.14226	5.12748
-1.81464	0.985189	5.14193	5.1278
-1.81102	0.986503	5.14226	5.12715
-1.81135	0.986503	5.14423	5.12518
-1.81431	0.982232	5.14522	5.12452
-1.80347	0.997345	5.14325	5.12386
-1.80971	0.98716	5.1416	5.12518
-1.8176	0.986831	5.14193	5.12748
-1.81825	0.994388	5.14325	5.1278
-1.82449	0.991759	5.14555	5.1255
-1.83501	0.982889	5.14719	5.12485
-1.84552	0.97139	5.14653	5.12616
-1.84224	0.968104	5.14489	5.12813
-1.85012	0.94872	5.14292	5.13076
-1.85571	0.938536	5.14259	5.13076
-1.85472	0.942478	5.14259	5.12649
-1.86819	0.933608	5.14357	5.12419
-1.87476	0.91948	5.14456	5.1232
-1.87476	0.929994	5.14489	5.12452
-1.87378	0.926051	5.14357	5.12485
-1.86392	0.93295	5.14127	5.12518
-1.86096	0.923751	5.14193	5.12485
-1.85702	0.930322	5.14555	5.1255
-1.85045	0.928351	5.14522	5.12485
-1.84421	0.922437	5.14555	5.1232
-1.85308	0.908638	5.1462	5.12419
-1.85373	0.888597	5.14456	5.12485
-1.85603	0.888597	5.14292	5.12748
-1.85965	0.878084	5.14325	5.12879
-1.85439	0.893854	5.14423	5.1278
-1.85341	0.898454	5.14292	5.12715
-1.84158	0.915866	5.14259	5.12846
-1.83665	0.936236	5.14325	5.12945
-1.82778	0.944121	5.14423	5.12945
-1.82154	0.952006	5.1439	5.12846
-1.80971	0.969747	5.14357	5.12682
-1.79427	0.975989	5.14259	5.12879
-1.7923	0.977961	5.14292	5.12682
-1.79525	0.974675	5.14292	5.1255
-1.78474	0.989788	5.14259	5.1255
-1.78376	1.0095	5.14226	5.12452
-1.78573	1.0003	5.14259	5.12485
-1.78244	0.995702	5.1439	5.12649
-1.77784	1.00194	5.14357	5.1278
-1.76831	1.0095	5.14292	5.12518
-1.76437	1.00162	5.14325	5.12255
-1.75616	1.00753	5.1439	5.12255
-1.73316	1.01377	5.14259	5.12452
-1.72593	1.0164	5.14193	5.1255
-1.72002	1.03086	5.14423	5.12452
-1.71739	1.04334	5.14555	5.12288
-1.71213	1.05812	5.14587	5.12518
-1.71049	1.07455	5.14423	5.12682
-1.71739	1.06864	5.14193	5.12715
-1.71115	1.06634	5.14259	5.12649
-1.70556	1.06962	5.14587	5.12682
-1.69242	1.07521	5.14653	5.12813
-1.69209	1.08375	5.14719	5.12748
-1.68979	1.08178	5.14785	5.1255
-1.68125	1.10149	5.14555	5.12452
-1.67107	1.10806	5.14357	5.12419
-1.68059	1.10642	5.14292	5.12682
-1.69209	1.11069	5.1439	5.12813
-1.68914	1.11102	5.14325	5.12813
-1.69275	1.12022	5.14226	5.12518
-1.69702	1.13172	5.14259	5.12353
-1.69801	1.13632	5.14292	5.12518
-1.69308	1.13073	5.1439	5.1255
-1.70129	1.13139	5.14226	5.12682
-1.71148	1.1327	5.1393	5.12715
-1.71838	1.1511	5.13996	5.12616
-1.72166	1.14946	5.14226	5.12518
-1.72429	1.1465	5.14259	5.12583
-1.72298	1.14125	5.14193	5.12748
-1.72955	1.12942	5.14193	5.12715
-1.72889	1.13435	5.14259	5.12649
-1.72363	1.13205	5.14489	5.12616
-1.70688	1.1212	5.14719	5.12748
-1.70129	1.12613	5.14653	5.12715
-1.68979	1.12515	5.1439	5.12518
-1.69341	1.1258	5.14193	5.12452
-1.69078	1.1212	5.14095	5.12518
-1.68749	1.13468	5.14259	5.12518
-1.69209	1.13895	5.1439	5.12649
-1.68454	1.13073	5.1439	5.12748
-1.68191	1.12285	5.14456	5.12583
-1.66975	1.13106	5.14357	5.12583
-1.66055	1.13829	5.14292	5.12715
-1.66811	1.13468	5.14292	5.12912
-1.66614	1.13073	5.14259	5.12748
-1.67205	1.13205	5.14489	5.12485
-1.67107	1.13533	5.14587	5.12452
-1.67501	1.12416	5.14719	5.12616
-1.67369	1.1258	5.14653	5.12748
-1.68322	1.12548	5.14423	5.12912
-1.69636	1.09854	5.14193	5.13043
-1.69801	1.08802	5.14292	5.12879
-1.69176	1.10116	5.1439	5.1255
-1.69144	1.10609	5.14325	5.12156
-1.70129	1.09821	5.14193	5.1209
-1.69176	1.10182	5.14127	5.1232
-1.69242	1.09525	5.1416	5.12452
-1.70392	1.09295	5.14259	5.12682
-1.70162	1.07488	5.14423	5.12682
-1.71476	1.07554	5.14522	5.12715
-1.71476	1.09722	5.14423	5.1255
-1.71969	1.08079	5.14325	5.1255
-1.71673	1.08737	5.14193	5.12715
-1.71509	1.09098	5.14062	5.12813
-1.71706	1.07817	5.14062	5.12879
-1.71936	1.07784	5.1439	5.12879
-1.72002	1.07915	5.14522	5.12715
-1.72922	1.08474	5.14555	5.12518
-1.73842	1.08211	5.1439	5.12419
-1.75222	1.0647	5.14325	5.12452
-1.75189	1.07094	5.14357	5.12616
-1.77029	1.0532	5.14489	5.12748
-1.79033	1.03414	5.14489	5.12518
-1.7923	1.03578	5.14226	5.12419
-1.80281	1.02133	5.14193	5.1232
-1.8176	0.997673	5.14127	5.1232
-1.82614	0.989788	5.14095	5.12452
-1.83271	0.98256	5.14029	5.12419
-1.84092	0.963833	5.14193	5.12452
-1.84552	0.964162	5.14423	5.12485
-1.85801	0.956934	5.14522	5.12485
-1.86852	0.947406	5.1439	5.12583
-1.87509	0.930322	5.14193	5.12748
-1.88002	0.920137	5.14095	5.12682
-1.89185	0.911924	5.14095	5.12649
-1.89513	0.908967	5.14127	5.12452
-1.8948	0.903053	5.14259	5.12452
-1.89875	0.905353	5.14292	5.12386
-1.89677	0.90371	5.14292	5.12419
-1.89217	0.918166	5.14357	5.12518
-1.90137	0.907324	5.14456	5.1255
-1.904	0.900096	5.14456	5.12649
-1.90663	0.891226	5.14555	5.1255
-1.90564	0.881041	5.14522	5.12616
-1.91649	0.8633	5.14522	5.12813
-1.9132	0.858043	5.14686	5.12715
-1.91452	0.866585	5.14719	5.12485
-1.91123	0.87677	5.14522	5.1232
-1.91517	0.876113	5.14095	5.12386
-1.91484	0.877427	5.14062	5.12583
-1.90663	0.896154	5.14226	5.12649
-1.904	0.894511	5.14522	5.12649
-1.9017	0.897468	5.14587	5.12583
-1.90926	0.898454	5.14522	5.12583
-1.89743	0.900425	5.14555	5.12616
-1.88462	0.911595	5.1439	5.12846
-1.87969	0.925723	5.14259	5.12912
-1.87345	0.927694	5.14357	5.12682
-1.86655	0.927694	5.14522	5.1255
-1.85111	0.945107	5.14423	5.12485
-1.85308	0.950035	5.14259	5.12419
-1.84782	0.950363	5.14193	5.12452
-1.83731	0.974347	5.14062	5.12682
-1.8222	0.984203	5.14226	5.12715
-1.80807	1.0072	5.14357	5.12715
-1.80183	1.02626	5.14357	5.12616
-1.79788	1.03283	5.14292	5.12353
-1.78441	1.04268	5.14193	5.12386
-1.7831	1.03973	5.14193	5.12452
-1.77718	1.04301	5.14095	5.12386
-1.76536	1.04203	5.14226	5.12222
-1.76634	1.03874	5.14325	5.1209
-1.76339	1.04597	5.14423	5.12189
-1.76273	1.05484	5.1439	5.12288
-1.75944	1.06042	5.14292	5.12288
-1.74564	1.08244	5.1416	5.12222
-1.75222	1.07849	5.14062	5.12189
-1.74992	1.08671	5.1416	5.1209
-1.74105	1.10149	5.14423	5.12156
-1.72462	1.11299	5.14456	5.12419
-1.71772	1.12679	5.14226	5.12518
-1.71542	1.1396	5.14193	5.12616
-1.71181	1.14979	5.14292	5.12583
-1.71805	1.14683	5.14357	5.12353
-1.72068	1.14486	5.14357	5.1232
-1.72396	1.15274	5.1439	5.12583
-1.7187	1.14979	5.14226	5.12813
-1.71969	1.14519	5.14029	5.1278
-1.72725	1.15045	5.14062	5.12813
-1.72626	1.15307	5.14292	5.1278
-1.72593	1.16786	5.14555	5.12682
-1.72659	1.16556	5.14719	5.12682
-1.72429	1.16589	5.14686	5.12583
-1.71772	1.17344	5.14555	5.12583
-1.71542	1.18001	5.14555	5.12583
-1.70261	1.18823	5.14653	5.12616
-1.70425	1.1879	5.14522	5.12616
-1.69702	1.19677	5.14555	5.12583
-1.69538	1.19776	5.14555	5.12583
-1.68716	1.19874	5.14489	5.12485
-1.68651	1.20268	5.14357	5.12419
-1.69045	1.19381	5.1416	5.1255
-1.69045	1.19546	5.14193	5.1278
-1.67632	1.21681	5.14259	5.12945
-1.68224	1.21977	5.14357	5.12813
-1.67928	1.23159	5.14456	5.12583
-1.68716	1.22075	5.14423	5.12452
-1.68059	1.22272	5.14259	5.12386
-1.67928	1.21615	5.14226	5.12583
-1.68125	1.20268	5.14062	5.12813
-1.67961	1.2017	5.1416	5.12846
-1.67402	1.20005	5.1439	5.12616
-1.65431	1.21024	5.14522	5.12419
-1.64215	1.23652	5.14522	5.12419
-1.63098	1.24736	5.14489	5.12452
-1.61883	1.26511	5.14522	5.12616
-1.60963	1.28055	5.14423	5.12748
-1.60207	1.27102	5.14357	5.12682
-1.58729	1.27628	5.14555	5.12386
-1.59287	1.27233	5.14686	5.12189
-1.59189	1.26609	5.14587	5.12288
-1.60602	1.25952	5.14259	5.12452
-1.59813	1.25525	5.14095	5.12518
-1.60306	1.24342	5.14259	5.12616
-1.60437	1.24211	5.14489	5.12715
-1.61094	1.24474	5.14522	5.12715
-1.61686	1.24835	5.14357	5.12583
-1.62047	1.23718	5.1439	5.12583
-1.63098	1.22404	5.14456	5.12649
-1.63131	1.22042	5.14292	5.1278
-1.63098	1.22305	5.1416	5.12748
-1.63723	1.21451	5.14127	5.12682
-1.63427	1.21484	5.14325	5.12649
-1.63723	1.21648	5.14456	5.1255
-1.64248	1.20991	5.14456	5.12485
-1.64938	1.2109	5.14292	5.12518
-1.64873	1.21517	5.14062	5.12419
-1.66154	1.20005	5.13963	5.12386
-1.68059	1.18626	5.14259	5.1255
-1.68257	1.18856	5.14587	5.1255
-1.69308	1.17541	5.14555	5.12583
-1.70556	1.16654	5.14357	5.12682
-1.71706	1.15702	5.14489	5.12879
-1.73217	1.14157	5.14456	5.1301
-1.73349	1.14289	5.14357	5.12846
-1.74564	1.1465	5.14292	5.12452
-1.75287	1.1442	5.1439	5.12386
-1.75944	1.12383	5.1439	5.12419
-1.78211	1.10215	5.14357	5.12452
-1.79821	1.09032	5.14357	5.12583
-1.80445	1.09131	5.14226	5.12682
-1.81267	1.07652	5.14193	5.1255
-1.81628	1.07849	5.14259	5.12419
-1.81332	1.08342	5.14226	5.12353
-1.81037	1.08671	5.14325	5.12386
-1.80807	1.09919	5.14325	5.12452
-1.81267	1.09591	5.14259	5.12583
-1.81562	1.08704	5.14127	5.12813
-1.81628	1.08244	5.14127	5.1301
-1.8199	1.07619	5.14423	5.1278
-1.81957	1.07849	5.14785	5.12419
-1.82811	1.07357	5.1485	5.12485
-1.84059	1.04728	5.14555	5.1255
-1.83764	1.05615	5.1416	5.12649
-1.84256	1.04235	5.14226	5.12715
-1.83994	1.04991	5.1416	5.12616
-1.84585	1.04498	5.14259	5.1255
-1.83862	1.05911	5.14357	5.12452
-1.84191	1.06075	5.1439	5.12386
-1.83797	1.05944	5.14259	5.12386
-1.82614	1.067	5.14259	5.12518
-1.82449	1.0601	5.14357	5.12682
-1.82745	1.05123	5.14489	5.12715
-1.82187	1.04301	5.14522	5.12682
-1.82088	1.04925	5.14456	5.12518
-1.82614	1.03381	5.14325	5.12353
-1.8153	1.044	5.14193	5.12222
-1.79755	1.05911	5.1416	5.12452
-1.79525	1.05977	5.14226	5.12649
-1.78507	1.07521	5.14325	5.12682
-1.77324	1.09262	5.14456	5.12583
-1.77324	1.09394	5.14357	5.12485
-1.7647	1.10478	5.14095	5.12386
-1.76141	1.09985	5.14095	5.12419
-1.75353	1.11759	5.1416	5.12583
-1.74663	1.12055	5.1416	5.12715
-1.73875	1.12318	5.14423	5.12748
-1.72955	1.13205	5.14456	5.12748
-1.72889	1.14322	5.14259	5.12616
-1.73152	1.13993	5.14226	5.12715
-1.73283	1.1488	5.14423	5.12977
-1.73809	1.1442	5.14587	5.12945
-1.74269	1.13599	5.1462	5.12912
-1.74335	1.13303	5.14555	5.12846
-1.74433	1.12942	5.14587	5.12583
-1.74039	1.13402	5.1462	5.12419
-1.75846	1.11365	5.1439	5.12518
-1.7647	1.10116	5.1416	5.12649
-1.7647	1.10576	5.1416	5.12649
-1.77686	1.10314	5.14325	5.1278
-1.7923	1.09985	5.1439	5.12846
-1.79295	1.10708	5.14423	5.12715
-1.80577	1.11365	5.14423	5.12583
-1.80971	1.10281	5.14292	5.1255
-1.80938	1.09459	5.14193	5.12616
-1.81727	1.08769	5.14193	5.12682
-1.82581	1.07784	5.14325	5.12715
-1.83041	1.06765	5.14423	5.12583
-1.83567	1.06207	5.14226	5.12518
-1.83632	1.05123	5.13963	5.12616
-1.83369	1.0578	5.13865	5.12649
-1.83369	1.05747	5.13897	5.12813
-1.83567	1.05221	5.14062	5.12945
-1.83534	1.0509	5.14127	5.1301
-1.83961	1.05254	5.1439	5.12715
-1.83764	1.05155	5.14522	5.12485
-1.83501	1.05681	5.14489	5.12485
-1.83205	1.05221	5.14325	5.12748
-1.82384	1.06174	5.14193	5.12813
-1.81037	1.08112	5.1416	5.12813
-1.81924	1.07291	5.1416	5.12715
-1.81891	1.06995	5.14259	5.12583
-1.81957	1.07225	5.1416	5.12485
-1.81628	1.07127	5.14127	5.12682
-1.8084	1.08277	5.14127	5.12813
-1.8015	1.10116	5.14127	5.12879
-1.77357	1.12449	5.14325	5.12748
-1.77456	1.12022	5.14522	5.12452
-1.77653	1.11858	5.14423	5.12353
-1.76831	1.1235	5.14357	5.12485
-1.75977	1.135	5.14259	5.12518
-1.75222	1.12679	5.1416	5.12682
-1.74893	1.12285	5.14029	5.12715
-1.75254	1.10445	5.13996	5.12452
-1.74433	1.11233	5.14029	5.12189
-1.73513	1.11036	5.14029	5.12123
-1.74039	1.11923	5.13996	5.1209
-1.73415	1.12712	5.13897	5.12255
-1.72955	1.1327	5.14062	5.12386
-1.71345	1.1258	5.14489	5.1255
-1.71049	1.11463	5.14653	5.12715
-1.69834	1.13665	5.14686	5.12682
-1.68585	1.1465	5.14653	5.1255
-1.67928	1.1557	5.14555	5.12616
-1.66745	1.17213	5.14325	5.12649
-1.66975	1.18297	5.14193	5.12583
-1.67041	1.1833	5.14127	5.12583
-1.66811	1.18264	5.14292	5.12616
-1.65694	1.18987	5.14357	5.1255
-1.6576	1.1994	5.14226	5.12485
-1.66285	1.19381	5.1416	5.12485
-1.66121	1.18856	5.14226	5.1255
-1.66877	1.181	5.14325	5.12682
-1.67797	1.1833	5.14423	5.12583
-1.68191	1.18823	5.1439	5.12518
-1.69932	1.17673	5.14292	5.12518
-1.70622	1.1787	5.14292	5.12419
-1.71213	1.18231	5.14292	5.12353
-1.70885	1.17969	5.1439	5.12452
-1.72166	1.17509	5.14423	5.12386
-1.72889	1.16851	5.14423	5.12485
-1.72692	1.18527	5.14555	5.12649
-1.73546	1.18658	5.14653	5.12649
-1.74335	1.18166	5.14555	5.12583
-1.75649	1.17476	5.14292	5.12715
-1.7486	1.18658	5.14029	5.12813
-1.75944	1.17344	5.1416	5.12813
-1.75846	1.17739	5.14555	5.12485
-1.76339	1.17049	5.14916	5.12386
-1.7578	1.17771	5.14982	5.12419
-1.76569	1.16523	5.14653	5.12419
-1.78047	1.15603	5.14292	5.12419
-1.7716	1.16884	5.13963	5.12485
-1.77981	1.15439	5.14062	5.12518
-1.7785	1.15274	5.14193	5.12452
-1.77916	1.1534	5.14325	5.12419
-1.78277	1.1373	5.14259	5.1232
-1.79098	1.1304	5.1439	5.1232
-1.78408	1.13763	5.1439	5.12255
-1.77259	1.14782	5.1416	5.12288
-1.76569	1.14683	5.14259	5.1255
-1.76339	1.14322	5.14456	5.12813
-1.76141	1.13829	5.14719	5.12879
-1.76766	1.11825	5.14719	5.12682
-1.76864	1.10806	5.14489	5.12583
-1.77061	1.10051	5.1416	5.12583
-1.77489	1.10314	5.14095	5.1255
-1.7578	1.10281	5.14522	5.12518
-1.74959	1.11923	5.14817	5.12386
-1.74992	1.12022	5.14817	5.12518
-1.74302	1.11562	5.14555	5.12583
-1.73743	1.11891	5.14226	5.12748
-1.73349	1.12219	5.14095	5.12977
-1.72232	1.12515	5.14062	5.12945
-1.71673	1.12679	5.1416	5.12649
-1.71312	1.13665	5.14193	5.12288
-1.71115	1.1396	5.14325	5.12123
-1.7164	1.14223	5.14292	5.12123
-1.72298	1.13862	5.14029	5.12419
-1.73743	1.12055	5.1393	5.12682
-1.74302	1.10609	5.13996	5.12682
-1.74006	1.10084	5.14259	5.12616
-1.74072	1.08802	5.14456	5.1255
-1.74072	1.09492	5.14489	5.1255
-1.74827	1.09196	5.14456	5.12518
-1.74564	1.09854	5.14522	5.12485
-1.74827	1.09032	5.1439	5.12419
-1.74203	1.09196	5.14357	5.1255
-1.75517	1.06371	5.14259	5.12485
-1.75912	1.07291	5.14357	5.12452
-1.7693	1.067	5.14357	5.1232
-1.77456	1.0647	5.14489	5.12222
-1.7808	1.04794	5.14423	5.1232
-1.79	1.04663	5.14357	5.12518
-1.7946	1.0486	5.14357	5.12419
-1.80051	1.04465	5.14325	5.12485
-1.8176	1.0348	5.14423	5.12649
-1.83337	1.01443	5.14587	5.12583
-1.84486	1.01311	5.14686	5.1255
-1.84092	1.01476	5.14423	5.12583
-1.83435	1.02921	5.1416	5.12616
-1.84782	1.02494	5.14095	5.12616
-1.84421	1.03841	5.14292	5.12748
-1.84618	1.03414	5.14423	5.12715
-1.84618	1.03381	5.14489	5.1255
-1.83797	1.04991	5.14292	5.12649
-1.83139	1.05418	5.14127	5.12879
-1.83139	1.05517	5.14095	5.1301
-1.83369	1.04794	5.14292	5.12912
-1.82844	1.04465	5.14522	5.12649
-1.83337	1.04663	5.14489	5.12682
-1.82844	1.04268	5.14522	5.12583
-1.82909	1.03743	5.1439	5.12452
-1.82975	1.03118	5.14325	5.12452
-1.82515	1.03513	5.14423	5.12682
-1.82417	1.02856	5.14357	5.12649
-1.82548	1.02724	5.14095	5.1255
-1.81825	1.03644	5.14259	5.12485
-1.79854	1.04104	5.14292	5.12518
-1.78376	1.06108	5.14489	5.12583
-1.78113	1.06765	5.14719	5.12682
-1.78178	1.05845	5.14719	5.12748
-1.76569	1.05747	5.14587	5.12715
-1.744	1.09656	5.14456	5.12682
-1.73776	1.11398	5.14325	5.12682
-1.72988	1.10938	5.14325	5.12616
-1.72922	1.11365	5.14423	5.12682
-1.71411	1.12153	5.14423	5.12846
-1.70655	1.12416	5.14522	5.1301
-1.68454	1.15012	5.14522	5.12748
-1.68059	1.15767	5.14522	5.12616
-1.68224	1.15669	5.14522	5.12682
-1.67107	1.158	5.14292	5.1278
-1.66942	1.16392	5.14127	5.12715
-1.66515	1.15997	5.14095	5.12649
-1.6645	1.16457	5.14226	5.12485
-1.65267	1.18034	5.14325	5.1232
-1.63985	1.19546	5.14489	5.12288
-1.63756	1.19513	5.14456	5.12353
-1.63394	1.19841	5.14456	5.12518
-1.63098	1.19776	5.14489	5.12846
-1.63854	1.19874	5.14489	5.12945
-1.64084	1.20433	5.14555	5.12846
-1.63263	1.20663	5.14686	5.12715
-1.63066	1.20465	5.1462	5.12649
-1.63624	1.20958	5.14489	5.12583
-1.64413	1.21123	5.14259	5.12715
-1.63756	1.21714	5.14127	5.12748
-1.63788	1.20301	5.14292	5.12748
-1.63723	1.20334	5.14555	5.12649
-1.64314	1.19381	5.14555	5.12583
-1.65694	1.19644	5.14555	5.12485
-1.64675	1.21024	5.14423	5.12452
-1.6484	1.21681	5.1439	5.1255
-1.65891	1.21451	5.14587	5.1255
-1.67008	1.1994	5.14587	5.12518
-1.67271	1.19611	5.14587	5.1232
-1.68059	1.19841	5.14325	5.12222
-1.68027	1.1994	5.14193	5.12222
-1.68158	1.20268	5.1416	5.12255
-1.68618	1.19841	5.1416	5.12288
-1.69078	1.19644	5.14193	5.12419
-1.70326	1.19184	5.14095	5.12485
-1.69866	1.19874	5.14193	5.1255
-1.70786	1.18954	5.14456	5.12583
-1.71969	1.1856	5.14587	5.1255
-1.72988	1.1833	5.14555	5.12715
-1.72528	1.17344	5.1439	5.1301
-1.74367	1.14519	5.14292	5.12846
-1.73546	1.16227	5.14292	5.1255
-1.73185	1.16457	5.14357	5.12452
-1.73053	1.17016	5.14423	5.12616
-1.73447	1.16786	5.1439	5.12649
-1.73185	1.15242	5.14292	5.1278
-1.74072	1.15176	5.14292	5.12682
-1.73152	1.1488	5.14193	5.12616
-1.71805	1.15603	5.14226	5.12649
-1.71903	1.1419	5.1439	5.12583
-1.71213	1.15209	5.14489	5.12616
-1.71575	1.13665	5.14555	5.12583
-1.71443	1.13435	5.14357	5.1255
-1.71903	1.12055	5.14325	5.1255
-1.70918	1.12613	5.1439	5.12452
-1.71509	1.12022	5.14489	5.12386
-1.69998	1.13336	5.1462	5.12386
-1.70523	1.12778	5.14489	5.12353
-1.71115	1.12843	5.14456	5.1232
-1.71049	1.13073	5.1439	5.12616
-1.70523	1.13566	5.14226	5.12879
-1.70852	1.12745	5.14095	5.12846
-1.71246	1.11628	5.14029	5.12748
-1.70951	1.11956	5.14456	5.12485
-1.70589	1.12613	5.14686	5.1232
-1.70458	1.1281	5.14587	5.12288
-1.69538	1.13008	5.14226	5.12419
-1.69604	1.12909	5.13996	5.1255
-1.69834	1.12613	5.14193	5.12616
-1.70425	1.11792	5.1439	5.12518
-1.71246	1.11201	5.14555	5.12419
-1.72659	1.10116	5.14489	5.12485
-1.73152	1.09394	5.14325	5.12518
-1.72856	1.09098	5.1416	5.12583
-1.7348	1.09755	5.14127	5.12452
-1.73152	1.10116	5.14325	5.12419
-1.7348	1.10609	5.14456	5.12518
-1.74433	1.09492	5.14489	5.12485
-1.75517	1.10018	5.14555	5.12419
-1.7624	1.08835	5.14587	5.12485
-1.77324	1.08309	5.14555	5.12682
-1.77981	1.07619	5.1439	5.12813
-1.78934	1.07652	5.14587	5.12682
-1.79361	1.07882	5.14785	5.12518
-1.80248	1.07357	5.14785	5.12288
-1.80741	1.06732	5.14653	5.1209
-1.82022	1.05911	5.14456	5.12255
-1.81858	1.06601	5.1416	5.12419
-1.82285	1.06568	5.14127	5.12616
-1.82318	1.05845	5.14193	5.12715
-1.81661	1.06732	5.14423	5.1278
-1.81004	1.08079	5.14522	5.12748
-1.81004	1.07981	5.14522	5.12583
-1.80413	1.08408	5.14456	5.12616
-1.80807	1.08507	5.14456	5.1278
-1.81332	1.08408	5.14357	5.13109
-1.82055	1.07652	5.14127	5.13142
-1.81595	1.07225	5.1416	5.12912
-1.82055	1.06338	5.14522	5.12813
-1.82449	1.05484	5.14719	5.12682
-1.83008	1.04761	5.14456	5.12682
-1.83402	1.03513	5.14193	5.12682
-1.83337	1.02954	5.14193	5.12649
-1.82449	1.03381	5.14555	5.12682
-1.81957	1.04531	5.14719	5.12616
-1.81957	1.04958	5.14686	5.12518
-1.813	1.04235	5.14456	5.12353
-1.81792	1.03907	5.1439	5.12288
-1.81464	1.04728	5.14489	5.12353
-1.80643	1.04268	5.1462	5.12583
-1.80643	1.02823	5.1462	5.12616
-1.80314	1.02626	5.14587	5.12518
-1.81004	1.0279	5.14719	5.12518
-1.80413	1.02034	5.14587	5.1255
-1.80018	1.01279	5.14423	5.12583
-1.78211	1.04301	5.1439	5.12682
-1.78146	1.03644	5.1439	5.12715
-1.77653	1.04564	5.14423	5.12616
-1.7624	1.05977	5.1439	5.12583
-1.74499	1.06962	5.14259	5.12583
-1.74564	1.06535	5.14259	5.12649
-1.744	1.07751	5.14357	5.12682
-1.7532	1.07685	5.14456	5.12616
-1.74137	1.08145	5.1462	5.12682
-1.73645	1.09262	5.14653	5.12715
-1.7463	1.08671	5.14489	5.12682
-1.74433	1.09295	5.14292	5.12813
-1.74105	1.10773	5.14325	5.12846
-1.73875	1.10905	5.14456	5.12945
-1.74466	1.11266	5.14522	5.12945
-1.76536	1.08934	5.14555	5.12748
-1.77259	1.08112	5.14653	5.12583
-1.76503	1.08178	5.14587	5.1255
-1.76437	1.09131	5.14522	5.1255
-1.767	1.08572	5.14555	5.12485
-1.7785	1.07784	5.14522	5.12583
-1.77587	1.07389	5.14522	5.12518
-1.77817	1.05812	5.14653	5.1232
-1.78474	1.05681	5.14587	5.1232
-1.78047	1.07488	5.14259	5.12353
-1.77817	1.06568	5.14127	5.12485
-1.77784	1.06798	5.14259	5.1255
-1.7808	1.07849	5.14357	5.12583
-1.77653	1.08868	5.14522	5.12682
-1.77554	1.10215	5.14522	5.1255
-1.7693	1.10675	5.14587	5.1232
-1.76109	1.11233	5.14587	5.1232
-1.76404	1.11201	5.14489	5.12518
-1.76174	1.10872	5.14193	5.12715
-1.75846	1.11759	5.13963	5.12748
-1.74992	1.12778	5.14062	5.1278
-1.74236	1.1419	5.1416	5.12518
-1.74959	1.14519	5.14226	5.12386
-1.73842	1.16786	5.14259	5.12419
-1.73612	1.16917	5.14489	5.12649
-1.73546	1.17311	5.14653	5.1278
-1.74105	1.16227	5.14752	5.1278
-1.73809	1.158	5.14719	5.12616
-1.73907	1.15537	5.14686	5.12386
-1.74137	1.16523	5.14555	5.1232
-1.73875	1.1649	5.1439	5.12353
-1.73447	1.16457	5.14193	5.12386
-1.73185	1.16227	5.14095	5.12419
-1.72429	1.16654	5.14292	5.12452
-1.72133	1.15767	5.14456	5.12616
-1.71016	1.1626	5.14522	5.12649
-1.71378	1.1603	5.1439	5.12682
-1.70392	1.16523	5.14259	5.1278
-1.70951	1.15472	5.14062	5.1278
-1.70031	1.15143	5.13897	5.12518
-1.69735	1.16326	5.1393	5.1232
-1.68716	1.18593	5.14127	5.1232
-1.68059	1.18856	5.1439	5.1232
-1.67534	1.19184	5.1439	5.12419
-1.68125	1.18856	5.1439	5.12353
-1.68059	1.1925	5.14325	5.1232
-1.66778	1.19578	5.1439	5.12583
-1.6645	1.19184	5.14456	5.12715
-1.66614	1.1879	5.14587	5.12649
-1.66121	1.19677	5.14555	5.12583
-1.6576	1.20433	5.14423	5.12682
-1.64643	1.21911	5.14226	5.12748
-1.64971	1.22207	5.1393	5.12846
-1.6576	1.22667	5.14029	5.12879
-1.66088	1.21747	5.1416	5.12649
-1.6645	1.22371	5.14226	5.12616
-1.66055	1.22141	5.1439	5.12518
-1.66482	1.23159	5.1462	5.12518
-1.66712	1.22765	5.14785	5.12518
-1.67107	1.21845	5.14686	5.12452
-1.67337	1.21878	5.14423	5.12452
-1.68289	1.20531	5.14292	5.12616
-1.68421	1.20038	5.14325	5.12715
-1.69176	1.20695	5.14357	5.12649
-1.68848	1.21615	5.14259	5.12682
-1.70261	1.20893	5.14193	5.12715
-1.69866	1.20465	5.1416	5.1278
-1.71378	1.18823	5.14226	5.12715
-1.71115	1.1833	5.14325	5.1255
-1.71246	1.18199	5.14259	5.12386
-1.71476	1.1833	5.14259	5.1232
-1.72232	1.18494	5.14193	5.12386
-1.71739	1.19151	5.14259	5.12452
-1.7302	1.17509	5.14193	5.12583
-1.7463	1.16392	5.14357	5.12715
-1.75649	1.15767	5.14325	5.12649
-1.7532	1.16556	5.14259	5.12452
-1.7486	1.16424	5.14259	5.12288
-1.75156	1.16293	5.14357	5.12353
-1.75254	1.16457	5.14193	5.12452
-1.75484	1.14552	5.14127	5.12386
-1.75714	1.12942	5.14325	5.12255
-1.75813	1.12153	5.14587	5.12386
-1.75189	1.1235	5.14817	5.12452
-1.7463	1.12548	5.14719	5.12485
-1.74499	1.11989	5.14357	5.1255
-1.74794	1.10741	5.13996	5.1255
-1.75287	1.10182	5.13897	5.12386
-1.75846	1.09788	5.14095	5.1232
-1.767	1.09689	5.14193	5.12419
-1.75944	1.09262	5.14259	5.12748
-1.76897	1.09131	5.14292	5.12649
-1.77094	1.07981	5.14259	5.12485
-1.77291	1.08047	5.14292	5.1255
-1.75912	1.09229	5.14259	5.12518
-1.76339	1.09164	5.14292	5.12419
-1.76404	1.10642	5.14489	5.12485
-1.76306	1.10116	5.14489	5.12682
-1.76601	1.09459	5.14423	5.12748
-1.76043	1.09525	5.14357	5.12682
-1.76864	1.07455	5.14555	5.12616
-1.77587	1.0624	5.1462	5.12682
-1.77029	1.05681	5.14719	5.12912
-1.76897	1.05188	5.14587	5.1278
-1.78704	1.03348	5.14555	5.12649
-1.78737	1.02921	5.14423	5.12616
-1.79525	1.0095	5.14489	5.12616
-1.80511	1.00622	5.14555	5.1255
-1.80215	0.996688	5.14423	5.12452
-1.79985	1.00556	5.14292	5.12485
-1.8038	1.00227	5.14292	5.12419
-1.80478	1.0141	5.14357	5.1255
-1.81628	1.00983	5.14292	5.12715
-1.81365	1.01476	5.14456	5.1278
-1.82909	1.00622	5.14522	5.12813
-1.83139	1.01541	5.14456	5.12813
-1.82548	1.03151	5.14423	5.12715
-1.81267	1.03973	5.14357	5.12649
-1.81037	1.03513	5.14292	5.12583
-1.81661	1.02264	5.14357	5.1255
-1.81727	1.03053	5.14555	5.12682
-1.81431	1.02987	5.14325	5.12583
-1.81365	1.0279	5.14292	5.12649
-1.80872	1.03348	5.14489	5.1278
-1.79854	1.04893	5.14489	5.12583
-1.80281	1.0555	5.14489	5.12419
-1.79854	1.0624	5.14357	5.12419
-1.79854	1.05254	5.14259	5.12583
-1.7923	1.06502	5.14325	5.12682
-1.78901	1.06798	5.14357	5.12715
-1.79427	1.0647	5.14325	5.12748
-1.80183	1.04958	5.14292	5.1278
-1.79328	1.06437	5.14357	5.12813
-1.79394	1.06371	5.14357	5.12616
-1.78113	1.07685	5.14555	5.12485
-1.78606	1.07357	5.14686	5.12485
-1.7831	1.07784	5.14555	5.12452
-1.78573	1.07685	5.14292	5.12518
-1.77883	1.08539	5.1416	5.12518
-1.77193	1.07849	5.1416	5.12616
-1.76207	1.08211	5.14325	5.12682
-1.74794	1.08737	5.14292	5.12649
-1.74302	1.08474	5.14357	5.12715
-1.73842	1.08474	5.14325	5.12616
-1.73645	1.08572	5.14423	5.12386
-1.74597	1.07225	5.14555	5.12255
-1.73809	1.06207	5.14719	5.12518
-1.74564	1.05714	5.14555	5.12748
-1.73217	1.07915	5.14325	5.12846
-1.72856	1.07784	5.14193	5.12846
-1.72199	1.09196	5.1439	5.12649
-1.71476	1.10346	5.14555	5.12485
-1.70951	1.10182	5.14686	5.12583
-1.70523	1.08474	5.14653	5.12912
-1.70491	1.09262	5.14423	5.1301
-1.70523	1.08737	5.1439	5.12846
-1.69636	1.09656	5.14456	5.1255
-1.68946	1.09394	5.14489	5.12419
-1.69768	1.09262	5.14653	5.12452
-1.69472	1.09426	5.14522	5.12616
-1.69472	1.09788	5.14423	5.12518
-1.69538	1.09919	5.14292	5.1255
-1.70589	1.08737	5.14456	5.1255
-1.71181	1.08112	5.14489	5.12452
-1.71049	1.07915	5.14489	5.12419
-1.70622	1.10445	5.14555	5.12386
-1.69406	1.10839	5.14555	5.12353
-1.70425	1.09689	5.14423	5.1255
-1.69571	1.10708	5.14095	5.1278
-1.69604	1.10675	5.14193	5.13076
-1.69406	1.11069	5.1439	5.13142
-1.69538	1.10938	5.1439	5.13043
-1.69209	1.13468	5.14193	5.12682
-1.69045	1.14585	5.14062	5.12452
-1.69406	1.158	5.14062	5.12518
-1.68946	1.15767	5.14357	5.12715
-1.66942	1.1718	5.14357	5.12649
-1.6553	1.16194	5.1439	5.12419
-1.6599	1.158	5.14292	5.12353
-1.66778	1.1672	5.14193	5.12353
-1.68322	1.15439	5.14423	5.12353
-1.68092	1.14683	5.14489	5.1255
-1.67961	1.14782	5.14555	5.12682
-1.68257	1.14026	5.14292	5.12682
-1.66647	1.1488	5.1416	5.12682
-1.6668	1.14617	5.14226	5.12518
-1.67698	1.12778	5.14193	5.12485
-1.67238	1.13796	5.14062	5.1255
-1.67337	1.13172	5.14062	5.12616
-1.66252	1.13008	5.14226	5.12715
-1.66285	1.13073	5.14456	5.1278
-1.65694	1.13106	5.14423	5.12715
-1.66022	1.12449	5.14193	5.12682
-1.66515	1.11825	5.14193	5.12616
-1.66318	1.12843	5.14292	5.12583
-1.67074	1.12679	5.14292	5.12715
-1.67435	1.13008	5.14325	5.12748
-1.68059	1.11463	5.14127	5.12583
-1.68289	1.10806	5.14127	5.12419
-1.68848	1.10773	5.14029	5.12353
-1.68092	1.10281	5.13897	5.12419
-1.68716	1.08474	5.13865	5.1255
-1.69472	1.09032	5.13865	5.12583
-1.69439	1.09361	5.1393	5.12518
-1.70359	1.08309	5.14029	5.12353
-1.70655	1.07357	5.14259	5.12288
-1.70983	1.07685	5.14456	5.1232
-1.7187	1.06338	5.14653	5.12583
-1.71838	1.06601	5.14653	5.12748
-1.7233	1.07784	5.14587	5.12748
-1.73053	1.08145	5.14325	5.12682
-1.7417	1.07948	5.14292	5.12583
-1.74006	1.07554	5.14456	5.12485
-1.74105	1.07718	5.14522	5.12583
-1.75189	1.06568	5.14423	5.1255
-1.75287	1.05714	5.14292	5.12649
-1.74762	1.06305	5.14062	5.12583
-1.74926	1.06732	5.14095	5.12419
-1.75254	1.06897	5.1416	5.12288
-1.75189	1.06897	5.14325	5.12353
-1.7578	1.07192	5.14292	5.12419
-1.767	1.08047	5.14423	5.12485
-1.77357	1.07817	5.14423	5.1278
-1.78408	1.07915	5.14423	5.1301
-1.78277	1.0693	5.14456	5.1301
-1.78934	1.06995	5.14325	5.12846
-1.79755	1.06864	5.14226	5.12616
-1.79558	1.06995	5.14193	5.12419
-1.80248	1.06141	5.14259	5.12485
-1.81825	1.04958	5.14522	5.12616
-1.81792	1.05221	5.1462	5.12682
-1.81628	1.0555	5.14555	5.12583
-1.82088	1.04794	5.14423	5.12353
-1.82417	1.03776	5.14357	5.12419
-1.82811	1.02987	5.14456	5.12583
-1.83501	1.02264	5.14325	5.12682
-1.84059	1.01739	5.14226	5.12649
-1.84585	1.0141	5.14325	5.12748
-1.83829	1.01574	5.14423	5.12616
-1.83402	1.01049	5.14555	5.12485
-1.82909	1.02231	5.1439	5.12386
-1.83205	1.02067	5.14325	5.12485
-1.83994	1.01574	5.14423	5.12616
-1.84256	1.0072	5.14555	5.12649
-1.84289	1.00359	5.14357	5.12616
-1.83698	1.00359	5.14226	5.12419
-1.83862	1.01279	5.14456	5.1232
-1.84289	1.0049	5.14522	5.12255
-1.83632	0.998987	5.14357	5.12353
-1.84618	0.993402	5.14325	5.12485
-1.85406	0.983874	5.14259	5.12452
-1.85571	0.983217	5.1416	5.12518
-1.84979	0.980918	5.14095	5.12616
-1.84749	0.98716	5.14193	5.1255
-1.84684	0.98256	5.14226	5.12452
-1.84388	0.981575	5.1416	5.12485
-1.83501	0.99833	5.1416	5.12682
-1.83074	0.991431	5.14226	5.12879
-1.82515	0.986503	5.14456	5.12945
-1.82384	0.995045	5.14522	5.1278
-1.83928	0.981246	5.1439	5.12583
-1.83731	0.986174	5.14357	5.1232
-1.84519	0.977961	5.1439	5.12288
-1.84815	0.976647	5.14456	5.12485
-1.84749	0.977961	5.14357	5.12682
-1.84322	0.982232	5.14456	5.12616
-1.82417	0.991102	5.14555	5.12583
-1.82187	0.994388	5.14587	5.12419
-1.82121	0.988803	5.14587	5.12353
-1.82712	1.00227	5.14522	5.12452
-1.82088	1.00687	5.14325	5.12485
-1.82614	0.997673	5.14325	5.12583
-1.83369	0.994716	5.1439	5.12649
-1.82844	0.997345	5.14555	5.12649
-1.82417	1.00227	5.14785	5.12682
-1.8107	1.01476	5.14555	5.12682
-1.813	1.02297	5.14226	5.12748
-1.80675	1.02954	5.1416	5.12748
-1.8061	1.04334	5.14226	5.12879
-1.79953	1.05911	5.1439	5.12813
-1.79854	1.05911	5.14456	5.12682
-1.79624	1.06568	5.14423	5.12748
-1.78014	1.08737	5.1439	5.12748
-1.77817	1.07619	5.14325	5.12616
-1.7762	1.08408	5.14259	5.12649
-1.76339	1.10872	5.14292	5.12583
-1.75452	1.10806	5.14325	5.1255
-1.75714	1.11825	5.14259	5.12485
-1.74564	1.13336	5.14292	5.12353
-1.74992	1.13336	5.14456	5.12452
-1.75057	1.13763	5.1439	5.12715
-1.75156	1.14059	5.1439	5.12813
-1.75419	1.12449	5.14423	5.12649
-1.75353	1.13369	5.14456	5.12386
-1.75484	1.13599	5.14522	5.12156
-1.7509	1.1396	5.14489	5.12189
-1.74532	1.15406	5.14325	5.12419
-1.7463	1.15209	5.14357	5.12715
-1.73119	1.1603	5.14489	5.12879
-1.72002	1.1764	5.14489	5.12715
-1.70885	1.19086	5.14456	5.12518
-1.69604	1.20663	5.14522	5.1255
-1.67764	1.22864	5.14456	5.12616
-1.67534	1.23455	5.14423	5.1278
-1.68125	1.22174	5.14325	5.12977
-1.68059	1.22371	5.1439	5.12912
-1.67369	1.2293	5.14456	5.12813
-1.67238	1.23718	5.14423	5.12715
-1.67271	1.24408	5.1439	5.12682
-1.67304	1.23685	5.14325	5.12485
-1.66975	1.24244	5.14193	5.12583
-1.66614	1.24211	5.1416	5.1255
-1.65694	1.23948	5.14226	5.12386
-1.6622	1.24572	5.14423	5.12288
-1.65365	1.25689	5.14489	5.1232
-1.6553	1.24539	5.14357	5.12518
-1.66055	1.23521	5.14423	5.12616
-1.66318	1.23225	5.14522	5.12649
-1.65924	1.23849	5.1439	5.12616
-1.6622	1.23291	5.14456	5.1255
-1.66778	1.22798	5.1462	5.1255
-1.66351	1.23159	5.14752	5.12518
-1.66384	1.21812	5.14555	5.12419
-1.67008	1.20137	5.1439	5.12452
-1.68946	1.20005	5.14489	5.12616
-1.70261	1.1856	5.14555	5.1278
-1.70753	1.17804	5.1439	5.12616
-1.70228	1.18396	5.14259	5.12485
-1.71312	1.17081	5.14259	5.12222
-1.71739	1.17377	5.14127	5.12156
-1.71181	1.18593	5.14127	5.12419
-1.7164	1.17443	5.14193	5.12748
-1.71739	1.16359	5.14325	5.1301
-1.72659	1.15373	5.14292	5.12912
-1.73447	1.1488	5.14292	5.12748
-1.74137	1.14092	5.14587	5.12583
-1.75944	1.12778	5.14719	5.12649
-1.75813	1.12909	5.14489	5.12649
-1.76306	1.1281	5.14259	5.12682
-1.76174	1.11496	5.14292	5.12616
-1.75879	1.11168	5.14489	5.12419
-1.75977	1.10905	5.14489	5.12419
-1.75912	1.11003	5.14423	5.12682
-1.75813	1.10576	5.14292	5.1278
-1.7624	1.10412	5.14193	5.12715
-1.75944	1.11233	5.1416	5.12616
-1.76043	1.1235	5.14127	5.12518
-1.75714	1.12482	5.14292	5.12485
-1.74893	1.13697	5.14456	5.12419
-1.74762	1.13632	5.14522	5.12353
-1.74827	1.13238	5.14555	5.12353
-1.75813	1.12055	5.14522	5.12583
-1.76569	1.11562	5.14587	5.1255
-1.75714	1.12482	5.14587	5.12583
-1.75977	1.11529	5.1462	5.12583
-1.76634	1.10445	5.14357	5.12616
-1.75386	1.10971	5.14095	5.12682
-1.75977	1.09952	5.14062	5.1278
-1.75616	1.09098	5.14226	5.12649
-1.75024	1.10182	5.14193	5.12649
-1.74039	1.10642	5.14193	5.12583
-1.74072	1.11628	5.14357	5.12452
-1.75024	1.12252	5.14555	5.1232
-1.75024	1.12186	5.14522	5.12419
-1.75057	1.11431	5.14226	5.12386
-1.75583	1.11069	5.14029	5.1255
-1.7417	1.12482	5.14062	5.1278
-1.7394	1.13468	5.14357	5.12715
-1.75484	1.11562	5.14489	5.12649
-1.74893	1.12876	5.14456	5.1255
-1.74992	1.13073	5.14325	5.12649
-1.75123	1.1281	5.1416	5.12715
-1.74992	1.12909	5.13963	5.12879
-1.74663	1.12745	5.13996	5.12879
-1.73776	1.1419	5.14226	5.12813
-1.74203	1.13566	5.14292	5.12616
-1.74105	1.13468	5.14259	5.12255
-1.73513	1.13632	5.14226	5.12255
-1.73579	1.12843	5.14062	5.12353
-1.74499	1.11661	5.1416	5.12386
-1.74105	1.11923	5.14325	5.1255
-1.74992	1.11036	5.14522	5.12649
-1.76404	1.10412	5.14357	5.12616
-1.7624	1.08737	5.14357	5.1255
-1.7739	1.07422	5.1416	5.12419
-1.76371	1.08934	5.13996	5.12485
-1.76799	1.07685	5.1393	5.12649
-1.77193	1.07948	5.14127	5.12682
-1.78507	1.07061	5.14259	5.1255
-1.79525	1.05944	5.14325	5.12485
-1.79361	1.05615	5.14357	5.12485
-1.8015	1.04695	5.14489	5.12452
-1.80971	1.03053	5.14653	5.12518
-1.82844	1.00884	5.14522	5.12616
-1.82745	1.01081	5.14325	5.12813
-1.82679	1.00392	5.14292	5.12846
-1.83797	1.0003	5.14292	5.12748
-1.83994	0.992745	5.14259	5.1255
-1.83402	1.00457	5.14226	5.12419
-1.83008	1.00852	5.14423	5.12386
-1.83107	1.00194	5.14587	5.12518
-1.83337	1.0072	5.14653	5.12583
-1.83599	1.00326	5.14587	5.1232
-1.83205	1.01739	5.14686	5.12386
-1.83797	0.999316	5.1485	5.1255
-1.83008	0.999644	5.14817	5.12649
-1.82285	1.00523	5.14587	5.12715
-1.82285	0.997016	5.14357	5.12649
-1.83501	0.981246	5.1439	5.1255
-1.83205	0.979603	5.14555	5.1255
-1.82351	0.991431	5.14719	5.1255
-1.82515	0.976318	5.14587	5.12518
-1.82548	0.985846	5.14292	5.12485
-1.82712	0.992088	5.14127	5.12485
-1.83304	0.97139	5.14127	5.12485
-1.83534	0.972047	5.1416	5.12616
-1.82745	0.985517	5.14226	5.12715
-1.82187	0.995373	5.14095	5.12682
-1.81168	0.999644	5.1393	5.12682
-1.81168	1.00227	5.13897	5.12682
-1.81464	1.00227	5.14029	5.12682
-1.81135	0.996688	5.14325	5.12616
-1.81234	0.992088	5.14423	5.12518
-1.80774	0.998987	5.14456	5.12386
-1.80413	0.998987	5.1439	5.12649
-1.81825	0.986831	5.14292	5.12748
-1.80183	1.0003	5.1416	5.1278
-1.80084	1.00884	5.14193	5.12682
-1.80675	1.0003	5.14226	5.12452
-1.80215	1.00589	5.14292	5.12288
-1.79328	1.01377	5.14456	5.12222
-1.7854	1.0233	5.14423	5.12189
-1.79263	1.02034	5.14259	5.12222
-1.79558	1.02067	5.14062	5.1255
-1.79197	1.02954	5.14095	5.12616
-1.7854	1.02133	5.14193	5.12649
-1.7854	1.02626	5.1439	5.12813
-1.77291	1.03973	5.14587	5.1278
-1.7785	1.0417	5.14719	5.12649
-1.78146	1.04958	5.14752	5.12813
-1.7877	1.04794	5.14686	5.12748
-1.7854	1.04531	5.1462	5.12715
-1.78343	1.05517	5.14522	5.12682
-1.7923	1.06207	5.14555	5.12386
-1.78573	1.06667	5.14292	5.1232
-1.79131	1.06732	5.1393	5.12452
-1.79328	1.07028	5.13865	5.12715
-1.78868	1.07422	5.13799	5.12846
-1.79394	1.06831	5.13996	5.12748
-1.79263	1.07389	5.14193	5.12748
-1.79985	1.06568	5.1439	5.12715
-1.79295	1.07981	5.14522	5.12715
-1.79033	1.08572	5.14325	5.12715
-1.78934	1.07882	5.14127	5.12583
-1.77686	1.09591	5.1416	5.12583
-1.77686	1.10379	5.14325	5.12386
-1.76766	1.11233	5.14489	5.1232
-1.75419	1.1258	5.14456	5.12255
-1.75583	1.12679	5.14357	5.12288
-1.75879	1.12778	5.14259	5.1255
-1.74696	1.14453	5.14127	5.12649
-1.74663	1.14683	5.14193	5.12682
-1.74992	1.14617	5.14325	5.12715
-1.74794	1.14355	5.1439	5.12616
-1.75386	1.12942	5.14325	5.12583
-1.75353	1.13468	5.1416	5.12649
-1.75254	1.12548	5.14193	5.12682
-1.72265	1.1442	5.14226	5.12846
-1.72955	1.14223	5.14259	5.12846
-1.73447	1.1465	5.14522	5.12649
-1.72725	1.14289	5.14686	5.12386
-1.71936	1.14223	5.14785	5.12255
-1.72889	1.13927	5.14522	5.1232
-1.72495	1.13862	5.14423	5.1255
-1.73283	1.13238	5.14522	5.12912
-1.74302	1.12745	5.14686	5.1301
-1.74597	1.12449	5.14686	5.1278
-1.73546	1.12679	5.14653	5.12485
-1.72988	1.13862	5.14555	5.12123
-1.73842	1.13073	5.14456	5.12255
-1.72495	1.1373	5.14325	5.12518
-1.74729	1.1281	5.14259	5.12715
-1.74926	1.1258	5.14325	5.12748
-1.75254	1.11431	5.14456	5.12682
-1.75419	1.10412	5.14456	5.12419
-1.75846	1.10084	5.14587	5.12419
-1.75846	1.10084	5.14423	5.12386
-1.7578	1.10511	5.14423	5.12255
-1.75714	1.10215	5.14357	5.12419
-1.76306	1.09952	5.14325	5.1255
-1.76109	1.11168	5.14357	5.1255
-1.74827	1.12252	5.14325	5.1255
-1.76043	1.11956	5.14193	5.12682
-1.7624	1.12416	5.13996	5.12748
-1.76503	1.12515	5.13799	5.12846
-1.7647	1.13435	5.13799	5.12846
-1.77226	1.13336	5.14292	5.1278
-1.76799	1.13829	5.14522	5.12649
-1.77554	1.12745	5.14522	5.12485
-1.77521	1.12055	5.14456	5.12485
-1.77686	1.12942	5.14522	5.1278
-1.76536	1.13599	5.14555	5.12879
-1.78376	1.11529	5.14259	5.12649
-1.79854	1.09262	5.14325	5.1255
-1.7992	1.08047	5.14423	5.12452
-1.8084	1.07817	5.14489	5.12452
-1.81891	1.06108	5.1439	5.12583
-1.82187	1.05024	5.14489	5.12715
-1.82252	1.04367	5.14587	5.12583
-1.82318	1.04137	5.14686	5.12518
-1.83271	1.02856	5.14719	5.12419
-1.83172	1.02297	5.14587	5.1232
-1.83764	1.01607	5.14489	5.12419
-1.83402	1.01279	5.1439	5.1255
-1.82909	1.03086	5.14357	5.12682
-1.82318	1.03973	5.14325	5.12715
-1.82844	1.03907	5.14357	5.12715
-1.82778	1.04465	5.14292	5.12649
-1.82482	1.03611	5.14226	5.12649
-1.82778	1.04038	5.14259	5.12616
-1.83764	1.03086	5.14292	5.12682
-1.84585	1.01673	5.1439	5.12813
-1.84256	1.01607	5.14325	5.12846
-1.84421	0.998987	5.14259	5.12912
-1.84454	0.998002	5.14193	5.12715
-1.84519	0.993731	5.14292	5.12452
-1.83829	0.999644	5.14259	5.12386
-1.83074	1.00917	5.14259	5.12419
-1.82187	1.02396	5.14357	5.12485
-1.813	1.02921	5.14357	5.12649
-1.81234	1.03513	5.14292	5.12583
-1.81037	1.03776	5.14193	5.12255
-1.81037	1.03086	5.13996	5.1209
-1.81727	1.02461	5.13963	5.1209
-1.82712	1.03053	5.1393	5.12452
-1.81201	1.03808	5.13963	5.12682
-1.81398	1.0302	5.14062	5.1278
-1.82187	1.02921	5.14259	5.12715
-1.80675	1.0394	5.14456	5.1255
-1.80577	1.04761	5.14489	5.12288
-1.80084	1.05385	5.14292	5.12189
-1.8061	1.0578	5.14127	5.12386
-1.80018	1.06338	5.14062	5.12682
-1.80445	1.06864	5.13996	5.12813
-1.80774	1.06404	5.14292	5.12846
-1.8038	1.06371	5.14325	5.12846
-1.79624	1.07685	5.14423	5.12715
-1.77456	1.09985	5.14423	5.12715
-1.75879	1.12449	5.14226	5.12649
-1.7509	1.14289	5.14095	5.12649
-1.74926	1.14617	5.14259	5.12583
-1.74203	1.15274	5.1439	5.12419
-1.74335	1.15274	5.14423	5.12288
-1.73283	1.17377	5.14456	5.12288
-1.721	1.18527	5.14489	5.1232
-1.72166	1.18461	5.1462	5.12452
-1.72133	1.19316	5.14587	5.1255
-1.70951	1.20235	5.14357	5.12518
-1.71279	1.19381	5.14259	5.12419
-1.71312	1.1925	5.14193	5.1255
-1.70129	1.1902	5.14193	5.12452
-1.69636	1.19447	5.14095	5.1232
-1.70425	1.20071	5.14095	5.12649
-1.69834	1.20663	5.14095	5.12879
-1.70228	1.20203	5.14226	5.12912
-1.69702	1.20531	5.14292	5.12879
-1.69998	1.20203	5.1439	5.12649
-1.70556	1.204	5.14423	5.12583
-1.71969	1.18067	5.1439	5.12715
-1.72133	1.18297	5.14357	5.12748
-1.73349	1.17279	5.14226	5.12583
-1.74203	1.16589	5.14226	5.12353
-1.75583	1.15406	5.14423	5.12222
-1.7555	1.15734	5.14423	5.12353
-1.73809	1.15504	5.14259	5.12649
-1.7348	1.15866	5.14259	5.12813
-1.73907	1.16227	5.14292	5.12846
-1.72068	1.17706	5.14292	5.1278
-1.72199	1.17936	5.14423	5.12485
-1.70786	1.19907	5.14587	5.12386
-1.69604	1.2109	5.14653	5.12518
-1.69242	1.21944	5.14555	5.12682
-1.69571	1.22371	5.14193	5.12682
-1.69538	1.22305	5.14029	5.12682
-1.69965	1.2178	5.13897	5.12616
-1.70228	1.21944	5.13996	5.1278
-1.70359	1.22272	5.14259	5.12583
-1.70622	1.21615	5.14357	5.12452
-1.70293	1.21845	5.14357	5.12485
-1.71443	1.20465	5.14259	5.1255
-1.71739	1.20268	5.14226	5.12583
-1.71542	1.19644	5.1416	5.12616
-1.71443	1.20433	5.14095	5.12649
-1.71838	1.204	5.14259	5.12616
-1.7187	1.20235	5.1439	5.1255
-1.70983	1.19546	5.14292	5.12583
-1.71345	1.18987	5.14226	5.12485
-1.71936	1.18231	5.1416	5.12452
-1.71443	1.18823	5.14127	5.1232
-1.7256	1.16884	5.14029	5.12386
-1.72659	1.16063	5.14095	5.12518
-1.72856	1.1626	5.14292	5.12748
-1.72889	1.16556	5.14259	5.12977
-1.72725	1.16983	5.14456	5.1301
-1.72626	1.17837	5.14686	5.12715
-1.71805	1.18461	5.14817	5.12485
-1.71706	1.18461	5.14719	5.12518
-1.72626	1.17771	5.14522	5.12452
-1.72429	1.1787	5.14423	5.1255
-1.7233	1.16786	5.14127	5.12649
-1.73152	1.16194	5.13996	5.12583
-1.73513	1.17213	5.14062	5.12616
-1.74564	1.16162	5.14095	5.12616
-1.74499	1.16326	5.1416	5.12649
-1.73875	1.16654	5.14259	5.12649
-1.73447	1.16687	5.1439	5.12518
-1.73579	1.1672	5.14325	5.12583
-1.73152	1.15833	5.1416	5.12715
-1.74564	1.1488	5.14193	5.12616
-1.74335	1.1396	5.14357	5.12255
-1.74663	1.1442	5.14489	5.12156
-1.74992	1.14059	5.14456	5.1232
-1.75747	1.13172	5.14456	5.12419
-1.75419	1.14486	5.14456	5.12518
-1.74794	1.14486	5.1439	5.12583
-1.75123	1.14157	5.14357	5.12452
-1.75484	1.13238	5.14456	5.1232
-1.75583	1.13008	5.14423	5.1232
-1.76404	1.1304	5.14489	5.12386
-1.77357	1.11825	5.14587	5.1255
-1.78737	1.11398	5.1439	5.12649
-1.78408	1.10971	5.14226	5.12583
-1.78836	1.10708	5.14095	5.1255
-1.79821	1.09821	5.1439	5.12419
-1.79723	1.10478	5.14522	5.12386
-1.80807	1.08014	5.14555	5.12452
-1.80281	1.07915	5.14456	5.12386
-1.80478	1.06634	5.14325	5.12518
-1.79788	1.08211	5.14292	5.12682
-1.80643	1.08079	5.14226	5.12682
-1.80051	1.09525	5.14259	5.1255
-1.80807	1.08572	5.14357	5.1232
-1.80544	1.08112	5.14357	5.12156
-1.8107	1.07981	5.14292	5.12288
-1.80478	1.07718	5.14193	5.12485
-1.80708	1.09262	5.14423	5.1278
-1.80544	1.09361	5.14719	5.12846
-1.80971	1.08835	5.14653	5.12682
-1.81398	1.07619	5.14456	5.12518
-1.81267	1.07948	5.14259	5.1255
-1.82647	1.0555	5.14325	5.12715
-1.83074	1.04334	5.14325	5.12945
-1.82745	1.04235	5.14193	5.12912
-1.82055	1.05287	5.14193	5.1278
-1.82285	1.05714	5.14259	5.12583
-1.82975	1.05648	5.14423	5.12353
-1.82909	1.05418	5.14456	5.12288
-1.83468	1.05057	5.1439	5.12255
-1.83238	1.0601	5.14259	5.12288
-1.82515	1.07258	5.14193	5.1232
-1.8176	1.08408	5.14325	5.1232
-1.81891	1.07981	5.14456	5.1255
-1.82154	1.06962	5.14325	5.12649
-1.81891	1.07192	5.14127	5.12583
-1.81562	1.07948	5.14095	5.12485
-1.8176	1.08671	5.14226	5.12419
-1.81398	1.08112	5.1439	5.12353
-1.81957	1.07422	5.14522	5.12386
-1.81661	1.06897	5.14522	5.12419
-1.8061	1.08441	5.14653	5.12419
-1.80971	1.08309	5.14456	5.12485
-1.81267	1.09032	5.14292	5.12616
-1.80971	1.09394	5.14226	5.12715
-1.8107	1.09164	5.14325	5.12879
-1.80643	1.08342	5.14587	5.12846
-1.80643	1.06864	5.14555	5.12813
-1.81661	1.05747	5.14357	5.12813
-1.82285	1.05254	5.14226	5.1278
-1.82877	1.03316	5.14127	5.12912
-1.83304	1.02199	5.14226	5.12912
-1.82745	1.03808	5.1439	5.12748
-1.83008	1.0463	5.14423	5.12583
-1.83139	1.05188	5.14226	5.12518
-1.83501	1.0463	5.1416	5.12518
-1.83304	1.05221	5.14127	5.12715
-1.83797	1.04893	5.14226	5.12879
-1.83139	1.05944	5.1439	5.12813
-1.82285	1.06667	5.14489	5.1255
-1.82548	1.06502	5.14555	5.12518
-1.82022	1.06732	5.14489	5.12518
-1.82515	1.05681	5.14357	5.12616
-1.82614	1.05123	5.14292	5.1278
-1.82482	1.04006	5.1439	5.12715
-1.82022	1.04531	5.14259	5.12682
-1.82088	1.0417	5.14357	5.12813
-1.82548	1.04498	5.14522	5.12912
-1.83468	1.03283	5.14719	5.12879
-1.82285	1.0463	5.14653	5.12846
-1.8176	1.05812	5.14456	5.12813
-1.81891	1.0647	5.14325	5.12846
-1.8222	1.05681	5.14325	5.12616
-1.82121	1.04827	5.14292	5.12518
-1.81891	1.0716	5.14193	5.12353
-1.82187	1.0624	5.14226	5.1232
-1.82318	1.06042	5.14226	5.12452
-1.80675	1.07751	5.14325	5.12452
-1.80117	1.07817	5.14423	5.12583
-1.78638	1.08966	5.14489	5.1255
-1.77226	1.10412	5.14456	5.12583
-1.77587	1.10018	5.14456	5.1255
-1.78737	1.08605	5.1439	5.12583
-1.78441	1.09394	5.14127	5.1301
-1.77587	1.09689	5.14193	5.13175
-1.76437	1.09689	5.1439	5.1301
-1.76043	1.09229	5.14522	5.12715
-1.7509	1.10281	5.14686	5.12419
-1.75189	1.10084	5.14555	5.12288
-1.7578	1.09952	5.14456	5.1232
-1.75583	1.10511	5.14325	5.12419
-1.74367	1.09952	5.14193	5.12649
-1.74827	1.08244	5.14193	5.12616
-1.73447	1.08737	5.14193	5.12583
-1.73875	1.08737	5.14226	5.12386
-1.73579	1.08966	5.14193	5.1232
-1.73842	1.08835	5.14226	5.1232
-1.73349	1.09919	5.14193	5.1232
-1.73349	1.10051	5.14127	5.12452
-1.73612	1.10675	5.13996	5.12419
-1.73382	1.10576	5.14029	5.12353
-1.73645	1.10905	5.14029	5.12222
-1.74564	1.10806	5.14095	5.1232
-1.73119	1.1258	5.14193	5.12452
-1.73382	1.1235	5.14292	5.1255
-1.7325	1.12548	5.14325	5.1255
-1.72758	1.11562	5.14357	5.12386
-1.73415	1.10773	5.1439	5.12419
-1.7302	1.10675	5.14522	5.12419
-1.7325	1.09229	5.14522	5.12485
-1.73776	1.09295	5.14522	5.12583
-1.7417	1.09755	5.14489	5.12682
-1.7463	1.10938	5.14456	5.12879
-1.74663	1.10149	5.14489	5.12977
-1.74006	1.10346	5.14357	5.12813
-1.74269	1.11003	5.14325	5.12518
-1.74893	1.10018	5.14357	5.12419
-1.75222	1.09394	5.14292	5.12452
-1.75386	1.09558	5.14226	5.12616
-1.75944	1.08934	5.14259	5.12715
-1.7647	1.08966	5.1439	5.12748
-1.76306	1.08244	5.14357	5.1278
-1.76273	1.07619	5.14325	5.12616
-1.77423	1.07817	5.14357	5.12485
-1.7762	1.06732	5.14325	5.12583
-1.78146	1.05944	5.14095	5.12748
-1.77883	1.06897	5.1393	5.12813
-1.77554	1.06864	5.13963	5.12715
-1.77718	1.07127	5.14325	5.12649
-1.78934	1.06404	5.14423	5.12485
-1.79131	1.06667	5.1439	5.12485
-1.7946	1.06042	5.14325	5.12649
-1.79427	1.05024	5.14226	5.12452
-1.79821	1.0486	5.14226	5.12386
-1.80117	1.0463	5.14357	5.12288
-1.79525	1.05188	5.14357	5.12288
-1.79755	1.04203	5.14259	5.12353
-1.81135	1.02724	5.14062	5.12485
-1.80544	1.02921	5.14062	5.12616
-1.80971	1.02067	5.14193	5.12813
-1.81201	1.01837	5.14259	5.12912
-1.80577	1.0187	5.1439	5.12682
-1.80971	1.01574	5.14489	5.1232
-1.80445	1.0141	5.14719	5.12123
-1.80511	1.01673	5.14785	5.12419
-1.81267	0.997016	5.14686	5.12682
-1.81595	0.998987	5.14522	5.1278
-1.80872	1.01114	5.14456	5.12682
-1.81398	1.00326	5.14522	5.12485
-1.81135	1.00983	5.1462	5.12255
-1.80478	1.01147	5.14522	5.12222
-1.7992	0.999644	5.14456	5.12419
-1.79755	1.00786	5.14522	5.12419
-1.79394	1.00457	5.14719	5.12386
-1.78934	1.01476	5.14883	5.12518
-1.77751	1.03808	5.14949	5.12583
-1.77127	1.04663	5.14686	5.12649
-1.7716	1.03151	5.14653	5.12649
-1.7693	1.03118	5.14686	5.12616
-1.76503	1.02921	5.14686	5.12748
-1.76766	1.01607	5.14686	5.1278
-1.75484	1.02133	5.14752	5.12682
-1.75682	1.02231	5.1462	5.12649
-1.75649	1.03578	5.14489	5.12583
-1.75386	1.04301	5.14423	5.12715
-1.76733	1.04564	5.14325	5.12945
-1.76043	1.03578	5.14423	5.12945
-1.76536	1.0302	5.1462	5.12715
-1.75057	1.05648	5.14489	5.12518
-1.74367	1.05155	5.14226	5.12419
-1.74959	1.05944	5.1416	5.12485
-1.7486	1.06502	5.14095	5.12715
-1.7578	1.06502	5.13832	5.12813
-1.77751	1.04235	5.1393	5.12879
-1.77653	1.04794	5.14127	5.12879
-1.76864	1.05747	5.14456	5.12649
-1.76601	1.06798	5.14522	5.12452
-1.76963	1.05845	5.14292	5.12485
-1.76174	1.05747	5.14127	5.12616
-1.7578	1.0601	5.14292	5.12682
-1.75484	1.06864	5.14423	5.12682
-1.75484	1.07948	5.1439	5.12682
-1.7532	1.08539	5.14587	5.12583
-1.74794	1.08769	5.14653	5.12452
-1.75682	1.07258	5.14522	5.12419
-1.75024	1.08474	5.14226	5.12386
-1.75353	1.09426	5.14127	5.1255
-1.7463	1.10511	5.14259	5.12649
-1.74827	1.10281	5.14456	5.12583
-1.75813	1.09098	5.14357	5.12419
-1.74597	1.10938	5.14062	5.12222
-1.744	1.11003	5.1393	5.12288
-1.7463	1.11069	5.13897	5.12452
-1.75189	1.11431	5.13897	5.12583
-1.75386	1.11529	5.14095	5.12715
-1.73677	1.12712	5.14325	5.12682
-1.74236	1.12515	5.14522	5.12583
-1.74105	1.1373	5.14489	5.12452
-1.72462	1.13829	5.14456	5.12583
-1.72692	1.13172	5.14555	5.12682
-1.72692	1.12219	5.14423	5.12715
-1.72725	1.12252	5.14325	5.12682
-1.72298	1.13172	5.14357	5.12452
-1.71476	1.13763	5.14325	5.12419
-1.71805	1.13336	5.14357	5.12518
-1.71706	1.14552	5.14357	5.12583
-1.71542	1.14946	5.1439	5.12715
-1.71739	1.15143	5.14456	5.12715
-1.70063	1.16359	5.14423	5.12649
-1.69702	1.16523	5.14522	5.12715
-1.68421	1.17279	5.14785	5.12879
-1.67468	1.16654	5.14785	5.12879
-1.67008	1.17147	5.14456	5.12846
-1.66581	1.18428	5.1416	5.12879
-1.65924	1.18527	5.14193	5.12846
-1.65234	1.1971	5.14193	5.12715
-1.65694	1.18856	5.14259	5.12616
-1.65595	1.18626	5.1416	5.1255
-1.66088	1.18297	5.14193	5.12452
-1.66154	1.19973	5.14292	5.12452
-1.65365	1.20465	5.1439	5.12485
-1.64774	1.22174	5.14423	5.12419
-1.6461	1.21451	5.14522	5.12386
-1.65004	1.21714	5.14719	5.1232
-1.62836	1.22897	5.14719	5.1232
-1.64347	1.21188	5.14456	5.12386
-1.64051	1.21418	5.14292	5.12616
-1.64577	1.21878	5.14259	5.12682
-1.65661	1.22108	5.14259	5.12616
-1.66351	1.21123	5.14423	5.12583
-1.66811	1.20695	5.14522	5.12452
-1.67337	1.20827	5.14653	5.12353
-1.67632	1.19776	5.14653	5.12518
-1.68092	1.20235	5.14325	5.12649
-1.69439	1.17969	5.14127	5.1255
-1.70359	1.16589	5.1416	5.12649
-1.70458	1.15537	5.14357	5.1278
-1.71049	1.14289	5.14292	5.12518
-1.71411	1.15964	5.14456	5.12353
-1.71345	1.15866	5.14489	5.12419
-1.71838	1.16589	5.14456	5.1255
-1.72626	1.15734	5.14357	5.12715
-1.74335	1.14716	5.14522	5.12682
-1.75813	1.13073	5.14785	5.12485
-1.7555	1.13763	5.1485	5.12386
-1.75846	1.135	5.14817	5.12452
-1.76503	1.12449	5.14785	5.12583
-1.77587	1.11332	5.14719	5.12715
-1.77653	1.10675	5.14555	5.12748
-1.78244	1.09558	5.14357	5.12912
-1.7785	1.10248	5.1439	5.12945
-1.78376	1.10806	5.14456	5.12715
-1.77423	1.11858	5.14653	5.12583
-1.77653	1.11168	5.14785	5.12649
-1.7808	1.10018	5.14587	5.12583
-1.79	1.09394	5.14423	5.1255
-1.78704	1.09985	5.14456	5.1255
-1.77718	1.09952	5.14456	5.12649
-1.78803	1.08966	5.1462	5.12518
-1.77883	1.09229	5.14587	5.12222
-1.76864	1.11069	5.1462	5.1232
-1.76536	1.10543	5.14522	5.12452
-1.76831	1.10412	5.14325	5.12649
-1.76141	1.10248	5.14259	5.12518
-1.76043	1.09492	5.1416	5.12353
-1.75419	1.09952	5.14292	5.12452
-1.7555	1.10116	5.14456	5.12616
-1.76601	1.09624	5.14489	5.12912
-1.76076	1.09591	5.14456	5.12813
-1.76569	1.08441	5.14456	5.12682
-1.7693	1.07521	5.14259	5.12583
-1.75682	1.08145	5.1416	5.12518
-1.75912	1.07521	5.14226	5.12452
-1.7578	1.06798	5.14292	5.12419
-1.76273	1.07258	5.14292	5.12485
-1.76109	1.06338	5.14226	5.12616
-1.74663	1.08342	5.14226	5.12583
-1.76076	1.05155	5.14456	5.12485
-1.76864	1.0371	5.14489	5.12255
-1.77456	1.021	5.14489	5.1232
-1.77948	1.00819	5.14226	5.12649
-1.77259	1.01574	5.14193	5.12682
-1.78146	1.01081	5.1439	5.12682
-1.7877	1.0141	5.14653	5.12649
-1.78178	1.02593	5.14489	5.12485
-1.78277	1.02888	5.14423	5.12353
-1.78638	1.02856	5.14259	5.12288
-1.7877	1.03118	5.14325	5.12222
-1.7946	1.02396	5.14423	5.12189
-1.77883	1.0417	5.1462	5.12222
-1.78376	1.04465	5.14653	5.12189
-1.78474	1.04531	5.14456	5.12222
-1.78836	1.05024	5.14259	5.12189
-1.79	1.04465	5.1416	5.1232
-1.79033	1.02921	5.14095	5.12649
-1.79328	1.04465	5.14029	5.12813
-1.80117	1.0348	5.1416	5.12945
-1.8061	1.03578	5.14325	5.12846
-1.80643	1.03151	5.14522	5.12518
-1.80215	1.04301	5.14357	5.12353
-1.81267	1.03841	5.14325	5.12353
-1.82121	1.03283	5.14226	5.12485
-1.81431	1.04235	5.14423	5.12518
-1.80183	1.06075	5.14587	5.12485
-1.79394	1.06404	5.14489	5.12419
-1.79558	1.06634	5.14489	5.12518
-1.78606	1.07389	5.1439	5.12616
-1.77259	1.08277	5.14226	5.12583
-1.78211	1.08737	5.14127	5.12616
-1.79197	1.06272	5.14193	5.12715
-1.79821	1.05714	5.14292	5.12616
-1.7946	1.05878	5.14522	5.12518
-1.7946	1.06601	5.14653	5.12386
-1.78868	1.07521	5.14522	5.12156
-1.7808	1.07324	5.14259	5.12288
-1.77686	1.08572	5.14062	5.1255
-1.76306	1.10116	5.14259	5.12715
-1.76076	1.10576	5.1439	5.12715
-1.76174	1.10281	5.14423	5.1278
-1.7532	1.10314	5.14489	5.12419
-1.74893	1.10675	5.14587	5.1232
-1.74203	1.11102	5.14522	5.12288
-1.73382	1.11431	5.14423	5.12386
-1.71739	1.12022	5.1416	5.12583
-1.69866	1.13697	5.13996	5.12682
-1.70491	1.13402	5.14193	5.1255
-1.69998	1.13665	5.14259	5.12419
-1.69406	1.14519	5.14226	5.12288
-1.68585	1.15012	5.14226	5.12222
-1.69538	1.14913	5.14226	5.1232
-1.68191	1.14059	5.14259	5.12255
-1.68585	1.1442	5.14357	5.12189
-1.67961	1.1649	5.14456	5.12288
-1.68125	1.16556	5.14522	5.12353
-1.69604	1.14913	5.14357	5.12255
-1.69899	1.1488	5.14226	5.12288
-1.70688	1.15274	5.14193	5.12353
-1.69636	1.15767	5.14193	5.12419
-1.69045	1.16326	5.14292	5.12419
-1.69242	1.158	5.14489	5.12419
-1.70556	1.15209	5.14423	5.1255
-1.70195	1.1649	5.14357	5.1255
-1.70458	1.15504	5.14292	5.1255
-1.70293	1.14617	5.14423	5.12353
-1.69899	1.1488	5.14489	5.12353
-1.70162	1.14847	5.14489	5.12419
-1.70031	1.15504	5.14555	5.12485
-1.72068	1.14026	5.14522	5.12386
-1.73053	1.12449	5.14259	5.12386
-1.74203	1.12318	5.14095	5.12485
-1.73645	1.12712	5.1416	5.12452
-1.73612	1.12088	5.14325	5.1232
-1.74794	1.11693	5.14522	5.12156
-1.74794	1.11792	5.14522	5.12189
-1.76273	1.10412	5.14357	5.12222
-1.76076	1.10708	5.14259	5.12222
-1.76273	1.10576	5.14193	5.12386
-1.76437	1.10018	5.14226	5.12518
-1.78047	1.09164	5.1439	5.12518
-1.78244	1.09722	5.14653	5.12485
-1.77653	1.10642	5.1485	5.12419
-1.76733	1.1235	5.14785	5.12649
-1.77029	1.1258	5.14555	5.12912
-1.7601	1.12548	5.1439	5.1278
-1.75616	1.13106	5.14423	5.12748
-1.76109	1.12876	5.14522	5.12616
-1.75846	1.13862	5.14653	5.12386
-1.74926	1.14355	5.14555	5.12485
-1.74762	1.1465	5.14259	5.12485
-1.73447	1.15866	5.13996	5.12485
-1.73842	1.15274	5.14029	5.12682
-1.73152	1.15964	5.14226	5.1278
-1.72429	1.15997	5.14555	5.12748
-1.72133	1.16096	5.1462	5.12616
-1.72166	1.16129	5.1462	5.12485
-1.70063	1.17969	5.1439	5.12518
-1.68914	1.18461	5.14193	5.1255
-1.67961	1.19776	5.14226	5.12682
-1.66515	1.21254	5.1439	5.1255
-1.65957	1.21123	5.1439	5.12518
-1.65234	1.21484	5.14522	5.12518
-1.64741	1.21385	5.14423	5.12649
-1.64708	1.22404	5.14325	5.12715
-1.653	1.2155	5.14325	5.12649
-1.64544	1.21648	5.1416	5.12649
-1.6461	1.20728	5.14259	5.12748
-1.64248	1.21714	5.14555	5.12649
-1.64478	1.20564	5.14522	5.12583
-1.64248	1.21451	5.14489	5.12715
-1.63756	1.21123	5.14292	5.12715
-1.64248	1.21484	5.14357	5.12715
-1.63723	1.22437	5.14522	5.12715
-1.63788	1.21977	5.14653	5.1278
-1.63756	1.22272	5.14587	5.12715
-1.64544	1.22897	5.14489	5.12518
-1.63788	1.23159	5.14226	5.12485
-1.62934	1.24145	5.1416	5.12649
-1.62343	1.24507	5.14292	5.12912
-1.63164	1.24572	5.14489	5.12879
-1.62343	1.25196	5.14555	5.12616
-1.62868	1.25525	5.14292	5.12353
-1.63427	1.24736	5.14193	5.12353
-1.65037	1.22897	5.14259	5.12386
-1.653	1.23127	5.14292	5.12485
-1.66384	1.23324	5.1416	5.12452
-1.6668	1.23455	5.14226	5.12485
-1.66975	1.23915	5.14456	5.1255
-1.67402	1.23389	5.14555	5.12419
-1.68289	1.22207	5.14522	5.12518
-1.69505	1.21188	5.14522	5.12682
-1.70063	1.20991	5.14325	5.12846
-1.69932	1.20794	5.14062	5.12912
-1.71838	1.19414	5.1416	5.12748
-1.72199	1.19874	5.14423	5.12518
-1.72725	1.19546	5.14423	5.12583
-1.7302	1.20203	5.14259	5.1255
-1.72955	1.1925	5.1416	5.12452
-1.74006	1.18199	5.14193	5.12353
-1.75057	1.17147	5.14292	5.12353
-1.76043	1.15833	5.14489	5.1255
-1.77029	1.13993	5.14587	5.1278
-1.77357	1.12745	5.14522	5.1278
-1.77521	1.12646	5.1439	5.12748
-1.77784	1.11759	5.14259	5.12715
-1.78441	1.10116	5.14259	5.12682
-1.7854	1.09591	5.14193	5.12518
-1.78967	1.09886	5.14193	5.12419
-1.79394	1.09722	5.14292	5.12452
-1.79788	1.08802	5.1439	5.12616
-1.79558	1.08802	5.14489	5.12846
-1.79066	1.09459	5.14325	5.12748
-1.79361	1.07948	5.14292	5.12649
-1.77686	1.09656	5.14423	5.12518
-1.77981	1.09032	5.14423	5.12386
-1.78014	1.09131	5.14423	5.12156
-1.79066	1.08079	5.14226	5.12156
-1.78343	1.08934	5.14062	5.12123
-1.79	1.08474	5.14127	5.12255
-1.79985	1.07685	5.1439	5.12518
-1.80084	1.07784	5.14522	5.12715
-1.80084	1.07882	5.1462	5.12715
-1.80643	1.07751	5.1462	5.1255
-1.80314	1.07389	5.14423	5.12255
-1.79591	1.08934	5.14357	5.12386
-1.80347	1.07685	5.14357	5.12682
-1.80084	1.08934	5.14292	5.12846
-1.7992	1.09459	5.14292	5.12879
-1.80018	1.10215	5.14357	5.12879
-1.79591	1.09886	5.14325	5.12813
-1.79624	1.09821	5.14357	5.12715
-1.79361	1.08999	5.14423	5.12616
-1.79493	1.08539	5.14423	5.12452
-1.79953	1.08244	5.14292	5.12649
-1.80478	1.08868	5.14325	5.12813
-1.79788	1.08999	5.14423	5.12879
-1.80051	1.08901	5.14423	5.12879
-1.8038	1.07882	5.14423	5.12748
-1.80774	1.07258	5.1439	5.12419
-1.80741	1.06141	5.14325	5.12583
-1.81201	1.06075	5.14259	5.12583
-1.82187	1.05484	5.1439	5.12715
-1.82154	1.06437	5.14456	5.12748
-1.81957	1.06404	5.14555	5.12649
-1.82252	1.06535	5.14752	5.12518
-1.82515	1.07915	5.14686	5.12649
-1.82187	1.07784	5.14325	5.12682
-1.8153	1.08671	5.14226	5.12715
-1.81595	1.08704	5.14489	5.12813
-1.81267	1.09229	5.14653	5.12813
-1.8153	1.07291	5.14752	5.12616
-1.81398	1.07455	5.14719	5.1255
-1.813	1.07488	5.14555	5.12452
-1.81201	1.07554	5.14259	5.1232
-1.813	1.07488	5.14259	5.12222
-1.81201	1.08211	5.1439	5.12189
-1.81398	1.09196	5.14587	5.12288
-1.80577	1.09361	5.14752	5.12419
-1.80478	1.08999	5.14817	5.12583
-1.80971	1.08244	5.14785	5.1278
-1.80938	1.07882	5.14686	5.12945
-1.81201	1.07094	5.14522	5.12813
-1.79887	1.08769	5.1462	5.12682
-1.79591	1.08441	5.14785	5.12485
-1.80215	1.07784	5.14719	5.1232
-1.7969	1.08441	5.14653	5.12452
-1.80248	1.06962	5.14489	5.12649
-1.79624	1.07718	5.14423	5.12682
-1.79295	1.08901	5.14522	5.12715
-1.78967	1.10346	5.14555	5.12715
-1.78408	1.10642	5.14489	5.12616
-1.77751	1.11923	5.14357	5.1255
-1.76897	1.12186	5.14292	5.12616
-1.7578	1.13205	5.14292	5.12682
-1.75123	1.13533	5.14292	5.12715
-1.74696	1.13895	5.14357	5.12616
-1.74532	1.14322	5.14292	5.12419
-1.73283	1.15702	5.14292	5.12518
-1.71969	1.16917	5.14292	5.1255
-1.70425	1.18166	5.14292	5.12649
-1.69341	1.18396	5.14325	5.12715
-1.67961	1.19513	5.14127	5.12748
-1.68388	1.17837	5.13996	5.12715
-1.68224	1.17509	5.14029	5.1255
-1.68059	1.181	5.14226	5.12452
-1.67435	1.18297	5.14456	5.12485
-1.68158	1.17936	5.14555	5.1255
-1.67895	1.18067	5.14423	5.12682
-1.67107	1.18034	5.14325	5.12813
-1.67468	1.18297	5.1416	5.12879
-1.67534	1.18396	5.14127	5.12682
-1.68191	1.18658	5.14259	5.1255
-1.68158	1.18954	5.14259	5.12583
-1.69636	1.17509	5.14259	5.12616
-1.70326	1.181	5.14127	5.12452
-1.70392	1.1833	5.14226	5.12419
-1.69965	1.17903	5.14456	5.12288
-1.69604	1.18231	5.14489	5.1232
-1.70951	1.16622	5.14423	5.12386
-1.72298	1.15669	5.14423	5.12452
-1.72856	1.14782	5.14357	5.12649
-1.73053	1.14157	5.14489	5.12748
-1.7417	1.13435	5.14785	5.12583
-1.75287	1.13468	5.1485	5.12452
-1.76207	1.12416	5.1462	5.12452
-1.77094	1.12876	5.14357	5.12419
-1.77784	1.11135	5.14292	5.12485
-1.78146	1.10773	5.14357	5.12583
-1.7923	1.09492	5.14259	5.12485
-1.79887	1.09919	5.14357	5.12288
-1.80807	1.08441	5.14555	5.12288
-1.80445	1.08835	5.14587	5.12386
-1.80971	1.08507	5.1439	5.12386
-1.81431	1.08835	5.14259	5.12419
-1.82088	1.08802	5.14259	5.1255
-1.82712	1.06995	5.14357	5.12682
-1.81891	1.06995	5.14292	5.12813
-1.81661	1.0693	5.14325	5.12715
-1.81792	1.06404	5.14423	5.12649
-1.82844	1.05057	5.14489	5.12715
-1.83764	1.03513	5.1439	5.1278
-1.83632	1.03283	5.14325	5.12977
-1.83862	1.02363	5.14456	5.12912
-1.82975	1.03283	5.14522	5.12649
-1.82909	1.03611	5.14456	5.12649
-1.83698	1.01673	5.14423	5.12846
-1.83567	1.01114	5.14259	5.12977
-1.82679	1.02757	5.14095	5.12846
-1.82022	1.02757	5.14095	5.1278
-1.81694	1.01706	5.14029	5.12682
-1.81825	1.01509	5.14062	5.1255
-1.81694	1.01311	5.14193	5.12452
-1.82252	0.997673	5.14226	5.12255
-1.82417	0.994059	5.14226	5.12255
-1.82745	0.996359	5.14062	5.12386
-1.83337	0.987817	5.1393	5.12518
-1.84388	0.985189	5.14127	5.12682
-1.83599	1.00392	5.14325	5.12649
-1.83961	1.00326	5.14325	5.12616
-1.84158	0.993731	5.14423	5.12419
-1.84289	0.988145	5.14587	5.12222
-1.84125	0.988145	5.14555	5.1232
-1.83304	0.99603	5.14423	5.12518
-1.84191	0.99833	5.14193	5.12682
-1.84552	0.999644	5.14127	5.12945
-1.84421	0.990117	5.14029	5.12813
-1.84289	0.985517	5.14226	5.12616
-1.84716	0.984532	5.14226	5.12583
-1.83435	0.993402	5.14127	5.12715
-1.82811	1.00523	5.14062	5.12879
-1.83337	1.00983	5.14127	5.12748
-1.82909	1.0026	5.14095	5.12616
-1.82154	1.0049	5.1416	5.12583
-1.82844	1.00227	5.14226	5.12649
-1.82449	1.0026	5.1416	5.12583
-1.82154	1.00457	5.14226	5.1255
-1.81661	1.0164	5.14259	5.12649
-1.8153	1.00819	5.14259	5.12682
-1.81957	1.01739	5.14193	5.12616
-1.83074	0.996688	5.13996	5.12485
-1.83107	0.998659	5.13832	5.12452
-1.83008	0.99603	5.13897	5.12518
-1.82318	1.0095	5.14062	5.12583
-1.82285	1.01804	5.14292	5.12715
-1.81694	1.00917	5.14423	5.12846
-1.80708	1.02166	5.14522	5.12748
-1.80084	1.03447	5.14423	5.12419
-1.80215	1.02593	5.14292	5.12123
-1.80511	1.01936	5.14325	5.12288
-1.80741	1.01311	5.14259	5.1255
-1.80248	1.01969	5.14259	5.12616
-1.79887	1.01607	5.14325	5.12452
-1.80511	1.0141	5.14489	5.12288
-1.81201	1.0118	5.14522	5.12386
-1.813	1.00326	5.14292	5.12452
-1.813	1.00523	5.1416	5.12485
-1.81201	1.00622	5.1416	5.12485
-1.80413	1.02034	5.14292	5.12649
-1.79788	1.02494	5.14489	5.12616
-1.80347	1.01344	5.14456	5.12649
-1.80248	1.021	5.14259	5.12649
-1.80183	1.02626	5.14193	5.12485
-1.80413	1.0325	5.1416	5.12518
-1.81267	1.01509	5.14193	5.12583
-1.81365	1.0072	5.14292	5.12419
-1.81497	1.01344	5.1439	5.12255
-1.81595	1.00523	5.14292	5.12353
-1.81201	1.00096	5.14127	5.12846
-1.8107	1.0095	5.14357	5.13207
-1.81332	1.01246	5.14555	5.13175
-1.813	1.0095	5.14489	5.12912
-1.81365	1.00654	5.14325	5.1278
-1.81727	0.992088	5.14193	5.12485
-1.81365	0.995045	5.14423	5.12419
-1.81398	1.00523	5.14587	5.12452
-1.81365	1.01049	5.14555	5.1255
-1.80445	1.01837	5.14423	5.12583
-1.80183	1.02626	5.14259	5.12616
-1.80117	1.02757	5.14226	5.12616
-1.79887	1.04137	5.14456	5.12452
-1.80807	1.05057	5.14423	5.12518
-1.80314	1.05714	5.14325	5.12616
-1.80051	1.05615	5.1439	5.12616
-1.80478	1.04925	5.14489	5.12715
-1.79854	1.05648	5.14555	5.1278
-1.79558	1.04991	5.14653	5.12682
-1.78441	1.05418	5.1462	5.12616
-1.78244	1.05188	5.14456	5.12583
-1.78573	1.06075	5.1439	5.1255
-1.7762	1.0693	5.1439	5.12419
-1.76569	1.05977	5.14423	5.12452
-1.74926	1.07094	5.14357	5.12485
-1.74992	1.08441	5.14357	5.12452
-1.74827	1.09426	5.14325	5.12386
-1.74466	1.09492	5.14292	5.12353
-1.75057	1.08244	5.14292	5.12452
-1.74105	1.08835	5.14193	5.12419
-1.74597	1.08737	5.14226	5.12419
-1.7463	1.08572	5.14292	5.12419
-1.74039	1.09656	5.14423	5.12485
-1.73185	1.09985	5.14423	5.12485
-1.73382	1.10412	5.14456	5.12485
-1.74006	1.10839	5.14489	5.12419
-1.73119	1.11628	5.14357	5.12715
-1.7371	1.11661	5.14489	5.12616
-1.73743	1.11661	5.14489	5.12419
-1.72692	1.13205	5.14456	5.12386
-1.72232	1.14617	5.14325	5.12452
-1.72035	1.14847	5.1416	5.12419
-1.72298	1.14486	5.13897	5.12353
-1.71542	1.15603	5.14029	5.12452
-1.70589	1.14355	5.14259	5.12583
-1.69834	1.1511	5.14522	5.12715
-1.69012	1.15406	5.14587	5.12715
-1.69406	1.15143	5.14489	5.1255
-1.68749	1.14519	5.14357	5.12419
-1.68552	1.15439	5.14456	5.12386
-1.68782	1.15077	5.14522	5.12518
-1.68618	1.15767	5.14587	5.12682
-1.70655	1.13238	5.14489	5.12715
-1.71838	1.12055	5.1439	5.12649
-1.72823	1.11562	5.14357	5.12748
-1.72856	1.11923	5.14325	5.1278
-1.73513	1.12219	5.14226	5.12715
-1.73645	1.12416	5.14357	5.12715
-1.73316	1.12515	5.14489	5.12682
-1.73677	1.1258	5.14522	5.12583
-1.72626	1.12679	5.1439	5.12616
-1.71575	1.1396	5.1439	5.12452
-1.70261	1.1488	5.14456	5.1255
-1.70951	1.14223	5.1439	5.1255
-1.69406	1.14913	5.14292	5.12682
-1.69899	1.1465	5.14325	5.12748
-1.71476	1.12416	5.14489	5.12649
-1.71575	1.11332	5.14489	5.12485
-1.71838	1.11299	5.14325	5.12419
-1.71213	1.10018	5.14259	5.12583
-1.71838	1.11956	5.14292	5.12682
-1.7325	1.09788	5.14226	5.12649
-1.72659	1.09591	5.1439	5.12649
-1.73086	1.09032	5.14522	5.12616
-1.74269	1.10609	5.14489	5.12485
-1.74203	1.10215	5.14423	5.12452
-1.74269	1.10281	5.14325	5.12616
-1.73579	1.11102	5.14259	5.12748
-1.73875	1.11858	5.14456	5.12715
-1.74072	1.10576	5.14752	5.12583
-1.74367	1.11332	5.14785	5.12485
-1.74827	1.12515	5.14522	5.12485
-1.74794	1.11891	5.14193	5.1255
-1.74433	1.11989	5.14127	5.1255
-1.74729	1.11726	5.14193	5.12583
-1.74466	1.11299	5.14193	5.12518
-1.75222	1.10084	5.1416	5.12583
-1.74696	1.1235	5.14259	5.12583
-1.75156	1.12909	5.14325	5.12452
-1.74893	1.13073	5.14226	5.1255
-1.75353	1.13927	5.1439	5.1255
-1.76109	1.14026	5.14522	5.12616
-1.75912	1.15012	5.14423	5.12682
-1.74827	1.1488	5.14489	5.12813
-1.74959	1.1488	5.1462	5.12813
-1.75846	1.14979	5.14555	5.12912
-1.75813	1.15143	5.14456	5.12813
-1.75287	1.15669	5.14423	5.12813
-1.75353	1.15997	5.14259	5.12912
-1.76076	1.15406	5.14259	5.12879
-1.75616	1.15866	5.14193	5.12715
-1.74959	1.16129	5.14259	5.1255
-1.74762	1.15964	5.14226	5.12583
-1.74827	1.15406	5.14193	5.12682
-1.75452	1.14585	5.14193	5.12583
-1.75287	1.15307	5.14259	5.12419
-1.74893	1.14486	5.1439	5.12419
-1.74794	1.13993	5.14423	5.12682
-1.75682	1.13697	5.14522	5.12879
-1.75353	1.13632	5.14489	5.12846
-1.74959	1.12843	5.14325	5.12813
-1.74302	1.13369	5.14095	5.12485
-1.744	1.12712	5.1416	5.12222
-1.73645	1.12909	5.14292	5.12156
-1.7394	1.11891	5.14423	5.12189
-1.74499	1.11003	5.14489	5.12353
-1.74006	1.10642	5.1439	5.12583
-1.73776	1.09919	5.14259	5.12518
-1.74663	1.08441	5.14226	5.1255
-1.75353	1.07784	5.14325	5.12485
-1.75879	1.07192	5.14456	5.12386
-1.7785	1.05583	5.14522	5.12353
-1.78606	1.0578	5.14357	5.12518
-1.77948	1.06371	5.14127	5.12682
-1.7831	1.07225	5.13897	5.12649
-1.77751	1.06732	5.1393	5.12452
-1.78277	1.05812	5.14226	5.12222
-1.79	1.06075	5.14456	5.1232
-1.77981	1.07324	5.1439	5.12386
-1.78146	1.07849	5.14226	5.12288
-1.7923	1.06995	5.1416	5.12288
-1.80051	1.06437	5.14127	5.12518
-1.79493	1.07422	5.14127	5.12715
-1.78934	1.07028	5.1416	5.12715
-1.77916	1.09032	5.1416	5.12813
-1.77883	1.07915	5.1416	5.12879
-1.78113	1.08079	5.1416	5.12846
-1.78441	1.08342	5.13996	5.12813
-1.77883	1.08572	5.13996	5.12649
-1.76339	1.10511	5.14029	5.12649
-1.76437	1.11628	5.1416	5.12616
-1.76831	1.12153	5.14423	5.12485
-1.75977	1.11595	5.14653	5.12386
-1.75813	1.12285	5.1485	5.12353
-1.76799	1.09229	5.14752	5.12386
-1.77686	1.09262	5.14423	5.12452
-1.77324	1.10478	5.14226	5.12518
-1.76437	1.09591	5.14325	5.1255
-1.76109	1.09295	5.14325	5.12452
-1.76273	1.09558	5.14292	5.12386
-1.75254	1.10576	5.14259	5.12419
-1.74893	1.11431	5.14259	5.12583
-1.74532	1.11792	5.14226	5.12682
-1.74794	1.11135	5.14292	5.12583
-1.74367	1.10445	5.14423	5.1255
-1.73875	1.10511	5.14555	5.12583
-1.73283	1.10215	5.14456	5.12485
-1.72692	1.10412	5.14259	5.12518
-1.71279	1.10971	5.14259	5.12748
-1.70261	1.11365	5.14325	5.12912
-1.70031	1.10576	5.14357	5.1301
-1.70721	1.11365	5.14489	5.12748
-1.71706	1.10609	5.14587	5.12583
-1.70425	1.11891	5.14555	5.12419
-1.70063	1.12482	5.14423	5.12419
-1.69571	1.13468	5.14357	5.12485
-1.69636	1.1419	5.1439	5.1255
-1.69111	1.14387	5.14423	5.12616
-1.68946	1.14749	5.14456	5.12452
-1.69176	1.15307	5.14555	5.1232
-1.69144	1.16457	5.14587	5.12222
-1.70031	1.15504	5.14587	5.12452
-1.68782	1.15209	5.14226	5.12682
-1.68914	1.1603	5.14029	5.12748
-1.68224	1.1534	5.14127	5.1278
-1.69505	1.15077	5.14193	5.12715
-1.70523	1.15603	5.14357	5.12616
-1.70918	1.16556	5.14456	5.12715
-1.70096	1.16589	5.14259	5.12879
-1.71213	1.16293	5.14193	5.12846
-1.72823	1.14716	5.14325	5.12616
-1.73283	1.14059	5.14653	5.12485
-1.72199	1.14453	5.1485	5.12518
-1.72068	1.15242	5.14883	5.12386
-1.72856	1.1465	5.14719	5.12386
-1.73743	1.14223	5.14555	5.12616
-1.73743	1.14486	5.14456	5.12945
-1.744	1.14453	5.14555	5.12846
-1.74729	1.12975	5.14653	5.12485
-1.75583	1.13599	5.14653	5.1232
-1.75254	1.12153	5.14555	5.12386
-1.74137	1.12482	5.14292	5.1255
-1.74762	1.11989	5.14259	5.12715
-1.73776	1.12515	5.14193	5.12748
-1.74039	1.13599	5.14095	5.12616
-1.75057	1.12383	5.14193	5.12616
-1.75189	1.11923	5.14259	5.12583
-1.7601	1.12975	5.14127	5.12452
-1.75649	1.1258	5.14029	5.12616
-1.75419	1.1281	5.14029	5.12715
-1.7624	1.1235	5.14127	5.1278
-1.7578	1.13862	5.14259	5.12813
-1.7509	1.13402	5.14456	5.12583
-1.74729	1.1304	5.14357	5.12386
-1.74269	1.13172	5.14095	5.1232
-1.74269	1.12515	5.13996	5.12255
-1.74532	1.11989	5.13996	5.12485
-1.74564	1.12318	5.14193	5.12682
-1.74236	1.12515	5.14259	5.12748
-1.74039	1.13008	5.14423	5.1255
-1.73612	1.12613	5.1439	5.12353
-1.74827	1.10773	5.1416	5.1232
-1.75254	1.11069	5.14029	5.12583
-1.75123	1.11069	5.1393	5.12682
-1.75156	1.10346	5.13963	5.12649
-1.74696	1.10938	5.13996	5.12485
-1.7394	1.10576	5.14259	5.1255
-1.7325	1.09854	5.1439	5.12616
-1.7417	1.09558	5.14292	5.12485
-1.74827	1.08999	5.1439	5.1255
-1.74105	1.09098	5.14325	5.1255
-1.73415	1.08999	5.14226	5.12583
-1.73349	1.09624	5.1416	5.1255
-1.75287	1.07652	5.14226	5.1255
-1.76109	1.07685	5.14193	5.12649
-1.76306	1.08079	5.14325	5.12682
-1.77587	1.06305	5.14292	5.12616
-1.77554	1.07718	5.1416	5.12682
-1.77489	1.08474	5.1416	5.12583
-1.77948	1.08605	5.14357	5.12583
-1.78737	1.08014	5.14522	5.12715
-1.79525	1.06042	5.14489	5.12682
-1.79328	1.0578	5.14456	5.1278
-1.80117	1.05747	5.14423	5.12879
-1.80511	1.0486	5.14357	5.12912
-1.81201	1.03907	5.14456	5.12879
-1.81562	1.0417	5.14522	5.12879
-1.81792	1.05418	5.14522	5.12583
-1.83139	1.03743	5.14325	5.12452
-1.82712	1.03217	5.14259	5.12518
-1.83008	1.02297	5.14325	5.12518
-1.82614	1.03086	5.14522	5.12518
-1.82745	1.03414	5.14522	5.12715
-1.83698	1.0164	5.1439	5.1255
-1.84191	1.01311	5.14193	5.12419
-1.84618	1.00556	5.13897	5.12419
-1.84979	1.00753	5.14062	5.12715
-1.84848	1.01081	5.14226	5.12813
-1.84651	1.01541	5.14325	5.12879
-1.83665	1.0302	5.14522	5.12813
-1.82482	1.04465	5.14686	5.12813
-1.82187	1.04531	5.14719	5.12649
-1.82022	1.04794	5.14653	5.12386
-1.81497	1.0532	5.14325	5.1232
-1.81957	1.05451	5.1416	5.12419
-1.80872	1.07094	5.14259	5.1255
-1.80281	1.08145	5.1439	5.12616
-1.79854	1.08441	5.14357	5.12452
-1.80643	1.07291	5.14325	5.12386
-1.80675	1.07488	5.14357	5.12386
-1.8038	1.06864	5.14292	5.12485
-1.79591	1.08047	5.14193	5.12518
-1.78704	1.08507	5.14325	5.12583
-1.78803	1.08047	5.14456	5.12682
-1.77489	1.09328	5.14489	5.12715
-1.76766	1.09131	5.14423	5.12715
-1.7509	1.11759	5.14423	5.1255
-1.74959	1.12318	5.14423	5.12518
-1.7394	1.12843	5.14423	5.12682
-1.72758	1.13763	5.14456	5.12748
-1.72692	1.14256	5.14653	5.12649
-1.71542	1.15472	5.14653	5.12616
-1.70951	1.16819	5.14292	5.12682
-1.69472	1.1833	5.14127	5.12649
-1.68257	1.19151	5.14095	5.12682
-1.67632	1.21123	5.14127	5.12748
-1.68585	1.19776	5.14292	5.1278
-1.68059	1.19808	5.14456	5.1278
-1.67731	1.1902	5.14555	5.12682
-1.66417	1.2063	5.14686	5.12616
-1.65694	1.21681	5.14489	5.12813
-1.66022	1.23028	5.14193	5.12879
-1.66417	1.2293	5.14029	5.12846
-1.66515	1.23685	5.14259	5.12649
-1.66778	1.22272	5.14292	5.12616
-1.67534	1.2132	5.14292	5.12616
-1.68322	1.1994	5.14357	5.12616
-1.67665	1.2109	5.14456	5.12715
-1.67862	1.22042	5.14522	5.12813
-1.68027	1.21517	5.14587	5.12715
-1.67928	1.22371	5.14653	5.12682
-1.68421	1.23225	5.14456	5.12748
-1.67107	1.24375	5.1416	5.12748
-1.68158	1.22502	5.14029	5.12682
-1.69144	1.22371	5.14127	5.12748
-1.69374	1.22437	5.14193	5.12715
-1.68848	1.23094	5.14259	5.12452
-1.69604	1.22601	5.14456	5.12485
-1.69341	1.22141	5.14555	5.12583
-1.69439	1.22437	5.14456	5.12682
-1.69472	1.22042	5.14423	5.12715
-1.70458	1.22075	5.14325	5.12879
-1.70261	1.21221	5.14325	5.12945
-1.71181	1.21123	5.1439	5.12846
-1.72265	1.20071	5.1439	5.12616
-1.7187	1.20137	5.14423	5.12485
-1.71739	1.20268	5.14259	5.12518
-1.71279	1.20663	5.14062	5.1255
-1.71443	1.19808	5.13963	5.12583
-1.72068	1.19644	5.14062	5.12715
-1.71575	1.18626	5.14193	5.12649
-1.721	1.181	5.14357	5.12452
-1.71903	1.1879	5.14423	5.12419
-1.72363	1.17377	5.14292	5.12682
-1.72823	1.1695	5.14029	5.12813
-1.72462	1.16917	5.14029	5.12879
-1.72035	1.17081	5.14095	5.12813
-1.72133	1.17246	5.14193	5.12748
-1.71509	1.17279	5.14325	5.12649
-1.71148	1.16622	5.14325	5.12518
-1.69209	1.17344	5.14259	5.1255
-1.68914	1.17771	5.14062	5.12583
-1.69308	1.1695	5.14029	5.12616
-1.69176	1.16424	5.1416	5.12583
-1.68848	1.16162	5.14193	5.12419
-1.70228	1.14979	5.14226	5.12386
-1.71443	1.13599	5.14193	5.12419
-1.73217	1.12712	5.14127	5.12583
-1.7302	1.11661	5.14127	5.12649
-1.73119	1.11792	5.14193	5.12682
-1.72823	1.11496	5.14325	5.12616
-1.73546	1.10182	5.14555	5.12485
-1.74499	1.09722	5.14555	5.12452
-1.74137	1.10215	5.14292	5.12682
-1.72758	1.10872	5.13963	5.12616
-1.72725	1.11759	5.13799	5.1278
-1.74597	1.10281	5.13963	5.12945
-1.73152	1.10478	5.14127	5.1301
-1.73743	1.10938	5.14259	5.12977
-1.73875	1.11299	5.14423	5.12616
-1.74302	1.11102	5.14489	5.12485
-1.75254	1.09426	5.14489	5.12682
-1.75616	1.08309	5.14456	5.1278
-1.76437	1.08178	5.14423	5.12813
-1.76174	1.08309	5.14587	5.12715
-1.77193	1.07981	5.14587	5.12649
-1.77817	1.07357	5.1462	5.12452
-1.78178	1.07028	5.14587	5.12452
-1.78606	1.06732	5.14456	5.12649
-1.7946	1.06831	5.14226	5.1278
-1.79164	1.0693	5.14292	5.12616
-1.7946	1.06962	5.1462	5.1255
-1.80347	1.06371	5.14817	5.12419
-1.81792	1.04203	5.14752	5.12353
-1.81957	1.04761	5.14555	5.12386
-1.82022	1.04531	5.1439	5.12518
-1.82844	1.03151	5.14259	5.12715
-1.82449	1.04301	5.1416	5.12748
-1.82778	1.04728	5.1439	5.12616
-1.83271	1.0486	5.14587	5.1255
-1.83041	1.05123	5.14653	5.12485
-1.82712	1.05812	5.14555	5.1255
-1.82318	1.06437	5.14357	5.12616
-1.81825	1.06601	5.14292	5.1255
-1.80675	1.07784	5.14357	5.1255
-1.81234	1.07061	5.14555	5.1255
-1.81595	1.07422	5.14522	5.1255
-1.82154	1.05878	5.14357	5.12485
-1.80905	1.067	5.14456	5.12518
-1.81234	1.06207	5.14456	5.12419
-1.8061	1.06897	5.1439	5.12288
-1.81102	1.05615	5.14259	5.12189
-1.79985	1.0601	5.14193	5.12156
-1.79493	1.0555	5.14193	5.12222
-1.79985	1.04958	5.1416	5.12649
-1.80314	1.044	5.14062	5.12912
-1.7946	1.04334	5.13963	5.13109
-1.78277	1.05123	5.14029	5.1301
-1.78376	1.05714	5.1416	5.1278
-1.77981	1.07324	5.14325	5.12616
-1.77916	1.07587	5.14555	5.12715
-1.77291	1.08178	5.14653	5.12813
-1.76273	1.09821	5.14456	5.12715
-1.75353	1.10149	5.1439	5.12452
-1.7578	1.09098	5.14423	5.12288
-1.76273	1.08342	5.14587	5.12419
-1.75583	1.09722	5.14522	5.12452
-1.76273	1.09164	5.14292	5.12452
-1.76864	1.09262	5.1439	5.1255
-1.76404	1.08966	5.14456	5.12649
-1.7716	1.07619	5.14193	5.12616
-1.75682	1.10084	5.13996	5.12715
-1.76503	1.09591	5.14292	5.12583
-1.76864	1.08605	5.1462	5.12452
-1.76339	1.08211	5.14686	5.12485
-1.77817	1.06338	5.14226	5.12583
-1.7762	1.06042	5.13865	5.12846
-1.7785	1.05714	5.13832	5.1301
-1.78408	1.04991	5.14095	5.12945
-1.78113	1.05287	5.14325	5.12616
-1.77686	1.05878	5.1439	5.12419
-1.78638	1.06272	5.14357	5.12386
-1.7831	1.06995	5.1439	5.12419
-1.78737	1.05747	5.14292	5.12616
-1.78376	1.06108	5.14193	5.12748
-1.79525	1.0555	5.14127	5.12846
-1.80281	1.03973	5.14193	5.1278
-1.79197	1.06075	5.1439	5.12583
-1.78967	1.06601	5.14423	5.12518
-1.78638	1.0647	5.14522	5.12485
-1.78211	1.06272	5.14522	5.12353
-1.77193	1.07488	5.14456	5.12616
-1.77127	1.07849	5.14522	5.12846
-1.77751	1.07127	5.14357	5.12715
-1.77127	1.0647	5.14127	5.12485
-1.77784	1.05878	5.14029	5.12419
-1.78737	1.0601	5.14029	5.12518
-1.79131	1.05517	5.14193	5.12616
-1.78474	1.05878	5.14423	5.12583
-1.77193	1.05615	5.14817	5.12485
-1.76831	1.05911	5.14883	5.12616
-1.76733	1.05353	5.14522	5.12682
-1.76799	1.06338	5.14259	5.12813
-1.7624	1.06831	5.14292	5.12813
-1.75287	1.07751	5.14357	5.12748
-1.74302	1.09591	5.1439	5.12649
-1.744	1.09098	5.14095	5.12649
-1.73053	1.09886	5.13996	5.12682
-1.72725	1.11562	5.14292	5.12649
-1.71476	1.1281	5.14522	5.12649
-1.71049	1.1327	5.14423	5.12715
-1.71673	1.13106	5.14062	5.1278
-1.71673	1.13402	5.1393	5.12583
-1.71805	1.13402	5.14062	5.1232
-1.71312	1.14486	5.14226	5.12189
-1.70721	1.14617	5.1416	5.12288
-1.71378	1.14519	5.1393	5.12485
-1.70688	1.1396	5.13832	5.12748
-1.71706	1.13632	5.13832	5.13043
-1.71049	1.13205	5.1393	5.12977
-1.70162	1.13665	5.14029	5.12583
-1.68092	1.1442	5.14259	5.1255
-1.67435	1.13402	5.14357	5.12583
-1.67567	1.12712	5.1439	5.12485
-1.67205	1.1396	5.14489	5.12419
-1.66351	1.14387	5.14522	5.12353
-1.67895	1.12876	5.14555	5.12485
-1.68257	1.11759	5.14686	5.12485
-1.67994	1.13008	5.14489	5.12353
-1.67764	1.135	5.14357	5.1232
-1.68355	1.12449	5.14226	5.12518
-1.67369	1.14782	5.14292	5.12715
-1.65924	1.15472	5.14226	5.12649
-1.67041	1.1396	5.14259	5.12518
-1.67205	1.12383	5.1439	5.12419
-1.67731	1.12285	5.14423	5.12452
-1.68684	1.11365	5.1416	5.12682
-1.69242	1.11266	5.13963	5.12748
-1.71016	1.09558	5.14127	5.1278
-1.72396	1.08309	5.14259	5.12715
-1.73316	1.08868	5.14423	5.12518
-1.74532	1.07718	5.14325	5.1232
-1.74499	1.09525	5.14127	5.12386
-1.74499	1.10543	5.13996	5.12583
-1.75879	1.08375	5.1393	5.12616
-1.75977	1.07357	5.13963	5.12518
-1.77456	1.07554	5.14127	5.12485
-1.77916	1.08112	5.14325	5.12583
-1.77751	1.08309	5.14555	5.1278
-1.78638	1.08244	5.1439	5.12616
-1.78507	1.07061	5.14226	5.1255
-1.78277	1.07389	5.14292	5.12715
-1.7831	1.07554	5.14357	5.12715
-1.7739	1.08047	5.14423	5.12616
-1.7808	1.06174	5.14292	5.12386
-1.78441	1.05517	5.14292	5.1232
-1.78638	1.03414	5.14259	5.12386
-1.7831	1.02921	5.14259	5.12419
-1.77718	1.02626	5.14489	5.12485
-1.77193	1.03743	5.14423	5.12518
-1.7716	1.04235	5.14555	5.12452
-1.78836	1.02724	5.14555	5.12419
-1.77686	1.03578	5.14325	5.12452
-1.77948	1.0371	5.14259	5.12452
-1.78474	1.03743	5.14193	5.12419
-1.79	1.03086	5.14127	5.1255
-1.8015	1.01443	5.14226	5.12813
-1.79493	1.01574	5.14456	5.12813
-1.79985	1.00589	5.14522	5.12682
-1.7946	1.01377	5.14357	5.12419
-1.78836	1.03874	5.14226	5.12452
-1.78474	1.04137	5.14325	5.12616
-1.77948	1.04728	5.14423	5.12813
-1.77784	1.04761	5.14357	5.12846
-1.77357	1.04893	5.14357	5.1278
-1.78573	1.02987	5.14325	5.12616
-1.78704	1.03447	5.14259	5.12452
-1.78507	1.01837	5.14292	5.12419
-1.7831	1.01476	5.14259	5.12419
-1.77489	1.03184	5.14292	5.12682
-1.78671	1.01903	5.14653	5.12715
-1.78967	1.02626	5.14719	5.12682
-1.77916	1.04203	5.14719	5.12616
-1.78573	1.02691	5.14522	5.12583
-1.79591	1.01476	5.14325	5.12616
-1.79295	1.0164	5.14127	5.12682
-1.79066	1.01049	5.14127	5.12912
-1.79427	1.00424	5.14357	5.12879
-1.79361	1.01049	5.14587	5.12715
-1.80577	1.01114	5.14423	5.12649
-1.81037	1.0072	5.14226	5.12616
-1.80314	1.01903	5.14095	5.1255
-1.80774	1.01049	5.14029	5.1255
-1.81004	1.01114	5.13996	5.12485
-1.81497	1.00424	5.14029	5.12485
-1.81924	1.01804	5.14423	5.12386
-1.82778	1.01147	5.14686	5.12386
-1.83238	0.988803	5.14489	5.12485
-1.83205	1.00589	5.14226	5.12616
-1.83829	1.0003	5.14193	5.12649
-1.83961	0.985517	5.14423	5.1255
-1.83172	0.998002	5.14555	5.12583
-1.84125	0.988803	5.14587	5.1255
-1.84749	0.979603	5.14423	5.12583
-1.84289	0.965148	5.14259	5.12518
-1.85571	0.950035	5.14127	5.12616
-1.85833	0.949049	5.14095	5.12813
-1.85538	0.965148	5.14259	5.12715
-1.85833	0.955948	5.1439	5.12616
-1.86359	0.970733	5.14357	5.12583
-1.86063	0.959891	5.14325	5.12616
-1.85833	0.949706	5.14259	5.12518
-1.86425	0.951349	5.1416	5.1255
-1.85669	0.942807	5.14193	5.12715
-1.85538	0.941493	5.14357	5.12879
-1.85571	0.939193	5.14423	5.1278
-1.84421	0.94872	5.14522	5.12649
-1.84059	0.948392	5.14555	5.12419
-1.83369	0.96909	5.14357	5.12485
-1.83731	0.963176	5.14292	5.12616
-1.83304	0.961205	5.14127	5.12846
-1.82154	0.967447	5.14259	5.12715
-1.81332	0.975661	5.14587	5.12583
-1.80938	0.980589	5.14587	5.12485
-1.8015	0.992745	5.1439	5.12419
-1.78606	1.0049	5.14357	5.12419
-1.77653	1.01706	5.14292	5.12583
-1.77259	1.04268	5.14325	5.12649
-1.76371	1.03841	5.14357	5.12715
-1.75912	1.04597	5.14357	5.12649
-1.76273	1.05845	5.14522	5.12518
-1.74696	1.067	5.14522	5.12485
-1.74466	1.07324	5.14325	5.12616
-1.75386	1.07455	5.14357	5.1255
-1.74696	1.07521	5.14423	5.1255
-1.74959	1.07882	5.14653	5.1255
-1.73743	1.08737	5.14587	5.12616
-1.73152	1.09525	5.14325	5.12682
-1.73185	1.08704	5.14292	5.12715
-1.72265	1.10642	5.14357	5.12616
-1.71443	1.11891	5.14456	5.12485
-1.70326	1.13697	5.14456	5.12485
-1.69866	1.14125	5.14522	5.12616
-1.69669	1.1442	5.14489	5.12583
-1.69242	1.15734	5.14357	5.12419
-1.68749	1.17081	5.14226	5.12518
-1.69571	1.16227	5.14259	5.12715
-1.69111	1.17016	5.14259	5.1278
-1.68684	1.1649	5.14259	5.12649
-1.68289	1.17377	5.14357	5.12419
-1.68257	1.16523	5.1439	5.12419
-1.69439	1.15242	5.14292	5.12386
-1.68749	1.15045	5.14226	5.12353
-1.67501	1.16753	5.14259	5.12452
-1.67862	1.16917	5.14357	5.1255
-1.67369	1.18231	5.14292	5.12748
-1.66745	1.18757	5.1416	5.12748
-1.67402	1.1856	5.1416	5.12518
-1.66975	1.19283	5.14062	5.12452
-1.66417	1.19283	5.14062	5.12583
-1.67928	1.17607	5.14029	5.12846
-1.67961	1.17607	5.14226	5.12945
-1.67862	1.16753	5.1439	5.1278
-1.67829	1.158	5.14522	5.1255
-1.69604	1.13862	5.14587	5.1255
-1.70063	1.14585	5.14423	5.12583
-1.69702	1.15012	5.14325	5.12452
-1.69571	1.1465	5.14292	5.1255
-1.69242	1.13927	5.14292	5.12715
-1.69538	1.14749	5.14522	5.12583
-1.69768	1.15307	5.14653	5.1232
-1.70096	1.15274	5.14489	5.12386
-1.69439	1.1557	5.14325	5.12518
-1.69308	1.15636	5.14357	5.1255
-1.68815	1.16983	5.1439	5.12616
-1.69406	1.16096	5.14423	5.12682
-1.69242	1.15964	5.1439	5.12616
-1.68946	1.15406	5.14325	5.12452
-1.68651	1.1626	5.14226	5.12485
-1.67928	1.1718	5.14127	5.12583
-1.67764	1.17607	5.14127	5.1255
-1.68979	1.1741	5.14127	5.12419
-1.68946	1.16293	5.14127	5.12222
-1.69341	1.1672	5.14259	5.12189
-1.69834	1.15406	5.14292	5.12353
-1.69801	1.14387	5.14193	5.12518
-1.68979	1.14223	5.13996	5.12419
-1.68848	1.13566	5.13897	5.12485
-1.69768	1.13632	5.1393	5.12649
-1.70425	1.12416	5.14193	5.12583
-1.70096	1.13073	5.14292	5.12452
-1.67797	1.14256	5.14456	5.12419
-1.67698	1.15307	5.14423	5.1255
-1.66088	1.1649	5.14456	5.12682
-1.66877	1.158	5.14325	5.12748
-1.67271	1.14617	5.14292	5.12912
-1.66712	1.15636	5.14292	5.12977
-1.67402	1.16326	5.14325	5.12977
-1.68289	1.15603	5.14292	5.12912
-1.67764	1.15932	5.14357	5.12846
-1.68257	1.1695	5.14423	5.12813
-1.69045	1.16424	5.14325	5.12748
-1.67665	1.17509	5.14193	5.12748
-1.67698	1.18264	5.14127	5.12682
-1.67501	1.17739	5.14259	5.12616
-1.67764	1.16359	5.14653	5.12715
-1.68257	1.15603	5.14522	5.12715
-1.68914	1.1626	5.14456	5.1255
-1.70063	1.15274	5.1439	5.12518
-1.69998	1.14782	5.14226	5.12518
-1.69604	1.15176	5.14193	5.1255
-1.70293	1.15077	5.1439	5.1255
-1.69735	1.15669	5.14555	5.12583
-1.68848	1.16786	5.14522	5.12616
-1.69045	1.15537	5.14456	5.12682
-1.68388	1.1534	5.14423	5.12748
-1.69144	1.14125	5.14325	5.12649
-1.69735	1.14716	5.14325	5.12485
-1.69374	1.15012	5.14522	5.12419
-1.69899	1.15603	5.14686	5.12452
-1.71115	1.14716	5.14555	5.12485
-1.71739	1.14847	5.14489	5.12518
-1.70918	1.15964	5.1439	5.12518
-1.71673	1.15767	5.14423	5.1255
-1.71181	1.15406	5.1439	5.12485
-1.70326	1.1603	5.14325	5.12518
-1.69768	1.16424	5.1416	5.12452
-1.69144	1.16687	5.1416	5.12353
-1.69801	1.15767	5.14226	5.12485
-1.68684	1.16589	5.14193	5.1255
-1.67567	1.17377	5.14292	5.1255
-1.67632	1.16819	5.14357	5.12485
-1.67008	1.17246	5.14259	5.12682
-1.67665	1.17509	5.14325	5.12846
-1.67238	1.1764	5.14325	5.12879
-1.67501	1.18067	5.14292	5.12846
-1.68191	1.1764	5.14292	5.12518
-1.67369	1.18954	5.14292	5.12419
-1.67139	1.18396	5.1439	5.12386
-1.67369	1.17213	5.14357	5.12386
-1.65595	1.20235	5.14226	5.12616
-1.653	1.20498	5.14127	5.12715
-1.64675	1.21517	5.1416	5.12715
-1.65332	1.21418	5.14193	5.1278
-1.66712	1.19086	5.14423	5.12813
-1.67632	1.18396	5.14686	5.12912
-1.67041	1.19053	5.14522	5.12945
-1.68486	1.17443	5.14226	5.1301
-1.68191	1.18166	5.14193	5.12945
-1.68027	1.17279	5.14325	5.12977
-1.68388	1.17607	5.14423	5.12715
-1.70491	1.16227	5.14489	5.12518
-1.71049	1.15767	5.14423	5.12518
-1.70556	1.16556	5.14357	5.12485
-1.70096	1.16523	5.14423	5.12583
-1.70326	1.1695	5.14555	5.12715
-1.69669	1.1741	5.14653	5.12748
-1.69998	1.17016	5.1462	5.12616
-1.70491	1.1718	5.14522	5.12485
-1.71476	1.17279	5.14325	5.12353
-1.71148	1.17903	5.14226	5.12353
-1.71673	1.17049	5.14029	5.12649
-1.72265	1.16884	5.13996	5.1278
-1.71279	1.17673	5.14193	5.12813
-1.71443	1.17903	5.14357	5.1278
-1.7187	1.17443	5.14522	5.12452
-1.7187	1.18297	5.14555	5.12288
-1.72528	1.1764	5.14423	5.1232
-1.71148	1.18494	5.14226	5.12452
-1.71936	1.18034	5.14259	5.12386
-1.71903	1.17279	5.14292	5.12386
-1.72035	1.17311	5.14325	5.12288
-1.72002	1.1787	5.14555	5.12386
-1.72659	1.1741	5.14587	5.12583
-1.72133	1.17804	5.1439	5.12649
-1.72363	1.1856	5.14193	5.12616
-1.7233	1.18396	5.14062	5.12682
-1.72166	1.18954	5.14095	5.12748
-1.72133	1.19151	5.14193	5.12715
-1.72265	1.18593	5.14423	5.12649
-1.72528	1.18363	5.1439	5.12452
-1.73185	1.17607	5.14325	5.12386
-1.72429	1.17804	5.14062	5.1255
-1.7348	1.16063	5.13897	5.12583
-1.73645	1.15669	5.14095	5.12616
-1.73809	1.14355	5.14259	5.12485
-1.7279	1.14092	5.14423	5.12288
-1.7394	1.14585	5.14522	5.12288
-1.73283	1.14092	5.14522	5.12518
-1.73217	1.14453	5.14423	5.1255
-1.72692	1.14355	5.14259	5.12485
-1.7302	1.14322	5.14226	5.1232
-1.71542	1.15274	5.14193	5.12353
-1.7187	1.15274	5.1416	5.1232
-1.72659	1.1557	5.1393	5.12255
-1.72659	1.1511	5.13799	5.12288
-1.72002	1.15373	5.13996	5.12452
-1.71016	1.17311	5.14292	5.1255
-1.71246	1.17706	5.14423	5.1232
-1.70786	1.17016	5.14489	5.1232
-1.70162	1.17936	5.14423	5.12518
-1.70753	1.17541	5.14259	5.12616
-1.69406	1.17903	5.14193	5.12485
-1.68979	1.17509	5.14226	5.12386
-1.67107	1.19513	5.14357	5.12288
-1.67074	1.20071	5.14489	5.12353
-1.65464	1.21254	5.14587	5.12386
-1.64807	1.204	5.1462	5.12419
-1.6392	1.19381	5.14522	5.12353
-1.62343	1.2109	5.14259	5.12419
-1.62934	1.22272	5.1416	5.12485
-1.62671	1.23718	5.14325	5.12715
-1.61949	1.23817	5.14686	5.12649
-1.60733	1.23192	5.14817	5.1255
-1.60667	1.22897	5.14489	5.12518
-1.61061	1.23061	5.14259	5.12518
-1.61719	1.24769	5.14062	5.12616
-1.6208	1.25689	5.14127	5.12748
-1.61883	1.24342	5.1439	5.12649
-1.62441	1.23389	5.14719	5.12485
-1.62573	1.22141	5.14719	5.12419
-1.62638	1.22371	5.14522	5.12419
-1.61259	1.22864	5.14423	5.1255
-1.61291	1.23225	5.14325	5.12616
-1.62014	1.22765	5.14357	5.12748
-1.62868	1.2293	5.14555	5.12813
-1.64117	1.21385	5.1462	5.12813
-1.64347	1.21615	5.14686	5.12616
-1.65464	1.21123	5.14555	5.1255
-1.64938	1.22864	5.14423	5.12649
-1.64938	1.2247	5.14226	5.12583
-1.64117	1.23127	5.14193	5.12715
-1.64183	1.22897	5.14193	5.12912
-1.63887	1.2247	5.14325	5.12649
-1.63756	1.22075	5.14522	5.12419
-1.64248	1.22502	5.14555	5.12386
-1.6507	1.22174	5.1439	5.12386
-1.67632	1.1971	5.14127	5.12583
-1.68027	1.20005	5.14095	5.12813
-1.67402	1.20203	5.14456	5.12649
-1.67994	1.204	5.14752	5.12288
-1.68125	1.19677	5.14785	5.12156
-1.69538	1.19283	5.1462	5.12255
-1.69308	1.19283	5.14555	5.12682
-1.70228	1.17673	5.14423	5.12846
-1.69998	1.16884	5.14325	5.12682
-1.70589	1.1626	5.14226	5.12616
-1.69998	1.16096	5.14259	5.12583
-1.69636	1.14683	5.14226	5.12386
-1.69834	1.13566	5.14193	5.12386
-1.70622	1.13566	5.1439	5.12616
-1.71345	1.1304	5.14522	5.12715
-1.72626	1.12909	5.14752	5.12715
-1.73513	1.12482	5.14817	5.12682
-1.73546	1.13139	5.14719	5.1255
-1.74137	1.12679	5.1462	5.12452
-1.74762	1.12022	5.14456	5.12518
-1.74466	1.1281	5.14456	5.12485
-1.74269	1.13468	5.14522	5.1255
-1.7325	1.14683	5.14653	5.12583
-1.73513	1.14223	5.14785	5.12452
-1.74433	1.13303	5.14752	5.12485
-1.74367	1.13303	5.14653	5.1255
-1.74105	1.13402	5.1462	5.12419
-1.74269	1.13632	5.14489	5.12583
-1.74433	1.13008	5.14357	5.12649
-1.73579	1.13697	5.14259	5.12748
-1.74499	1.13632	5.14325	5.12616
-1.7371	1.13697	5.1439	5.12583
-1.7371	1.1258	5.14423	5.12583
-1.73283	1.13106	5.14587	5.12583
-1.74072	1.13238	5.14489	5.12485
-1.73743	1.13533	5.14292	5.12485
-1.74466	1.13073	5.14423	5.12485
-1.74893	1.12778	5.14555	5.12452
-1.75747	1.11102	5.14719	5.12518
-1.76141	1.11102	5.14555	5.12682
-1.76437	1.11201	5.14259	5.12748
-1.77094	1.10773	5.14095	5.1278
-1.77193	1.11628	5.14127	5.12583
-1.7785	1.10839	5.14456	5.1255
-1.77324	1.10938	5.14456	5.12386
-1.78178	1.09755	5.14423	5.12386
-1.78178	1.09361	5.1439	5.12452
-1.77981	1.10314	5.14325	5.12583
-1.78836	1.09624	5.14325	5.12682
-1.79493	1.09098	5.14357	5.12682
-1.79821	1.08342	5.14259	5.12649
-1.80314	1.07685	5.14193	5.12616
-1.81595	1.0716	5.14226	5.12485
-1.82154	1.06404	5.14127	5.12485
-1.82187	1.06141	5.13963	5.12649
-1.83041	1.06404	5.13996	5.12912
-1.82252	1.06075	5.14193	5.13109
-1.8199	1.06141	5.14292	5.1301
-1.81464	1.06634	5.14259	5.12682
-1.80215	1.07455	5.14193	5.12616
-1.80478	1.08408	5.1439	5.1255
-1.8038	1.08737	5.14489	5.12386
-1.79821	1.09821	5.14555	5.12288
-1.79854	1.10149	5.14653	5.12255
-1.79328	1.11463	5.14653	5.12419
-1.79624	1.10511	5.14522	5.12715
-1.7992	1.08966	5.14325	5.12912
-1.79525	1.09328	5.14226	5.1301
-1.78507	1.10412	5.14127	5.1301
-1.7762	1.11529	5.14095	5.12945
-1.77094	1.11628	5.14226	5.12879
-1.76864	1.12285	5.14292	5.12649
-1.75912	1.12252	5.14292	5.12616
-1.75747	1.11201	5.14127	5.12682
-1.74137	1.12088	5.14095	5.12748
-1.74926	1.12088	5.14292	5.12715
-1.74729	1.1465	5.14292	5.1278
-1.75057	1.15209	5.14325	5.1278
-1.74302	1.1649	5.14325	5.12616
-1.74137	1.15702	5.14259	5.1255
-1.74006	1.15537	5.14325	5.12518
-1.7233	1.16851	5.14325	5.12353
-1.72002	1.17344	5.14292	5.12419
-1.72232	1.17541	5.14423	5.12452
-1.71608	1.16687	5.14456	5.12452
-1.71575	1.16523	5.14292	5.12419
-1.71476	1.16851	5.14127	5.1232
-1.71608	1.1672	5.14095	5.12222
-1.70753	1.17574	5.14127	5.1232
-1.70326	1.18034	5.13963	5.12485
-1.71903	1.17246	5.13865	5.12649
-1.71838	1.18527	5.13996	5.12879
-1.72298	1.19381	5.14226	5.12649
-1.71936	1.18199	5.14259	5.12452
-1.72002	1.17541	5.14062	5.1255
-1.71115	1.18724	5.1393	5.12583
-1.71181	1.18264	5.14127	5.12682
-1.71115	1.18527	5.14456	5.12748
-1.71443	1.19053	5.14686	5.12813
-1.71378	1.18231	5.14719	5.12748
-1.71115	1.19184	5.1462	5.12682
-1.70556	1.18954	5.14423	5.12649
-1.71411	1.17804	5.14193	5.12649
-1.71706	1.17541	5.14357	5.12649
-1.73086	1.16194	5.14587	5.12353
-1.73415	1.16786	5.14785	5.12288
-1.72823	1.17574	5.14817	5.12386
-1.72889	1.17509	5.14522	5.12452
-1.74499	1.15669	5.14292	5.1255
-1.74039	1.1672	5.14259	5.12419
-1.74794	1.1672	5.14292	5.12353
-1.7486	1.16523	5.14259	5.12419
-1.75813	1.1488	5.14325	5.12682
-1.75912	1.15045	5.14522	5.1278
-1.75254	1.15833	5.14686	5.12748
-1.74663	1.15997	5.14686	5.12649
-1.74696	1.15734	5.14423	5.12583
-1.74794	1.15373	5.14357	5.12616
-1.73645	1.15866	5.14193	5.12485
-1.74335	1.15012	5.14226	5.12353
-1.74203	1.14617	5.14325	5.1232
-1.74269	1.14585	5.1439	5.12386
-1.75123	1.14125	5.14226	5.12649
-1.74827	1.13369	5.13996	5.12813
-1.75484	1.13139	5.14029	5.12682
-1.76536	1.12548	5.1416	5.12452
-1.7647	1.12679	5.14095	5.1232
-1.76897	1.11628	5.14062	5.12353
-1.76996	1.11069	5.14226	5.12518
-1.78014	1.09098	5.14226	5.1255
-1.78211	1.09361	5.14193	5.12419
-1.7923	1.09591	5.14292	5.12288
-1.7877	1.09722	5.1439	5.12255
-1.78178	1.09426	5.14653	5.1232
-1.77981	1.09788	5.14653	5.1255
-1.78211	1.09295	5.14522	5.1278
-1.78277	1.08178	5.14456	5.12846
-1.78868	1.07127	5.14292	5.12715
-1.79197	1.06897	5.14292	5.12682
-1.78868	1.08211	5.14555	5.12419
-1.79624	1.07521	5.14719	5.12386
-1.78606	1.08572	5.14752	5.12485
-1.79197	1.08211	5.14522	5.1255
-1.7854	1.08868	5.14259	5.12715
-1.78408	1.07817	5.14292	5.12813
-1.79197	1.07488	5.14587	5.12715
-1.79821	1.06995	5.14719	5.1278
-1.7969	1.07028	5.14587	5.12748
-1.79295	1.06371	5.14325	5.1278
-1.79723	1.05977	5.14193	5.12715
-1.80183	1.06075	5.14127	5.12419
-1.79098	1.06864	5.14357	5.12386
-1.79	1.08047	5.14587	5.12452
-1.7785	1.08178	5.14522	5.12452
-1.78376	1.08638	5.14456	5.12452
-1.78573	1.08835	5.14259	5.1255
-1.7923	1.09262	5.14193	5.12715
-1.78408	1.09755	5.14259	5.12813
-1.78868	1.08802	5.1439	5.12846
-1.78573	1.09394	5.14555	5.12583
-1.7831	1.09328	5.14587	5.12452
-1.7785	1.09492	5.14292	5.12583
-1.77883	1.08835	5.14062	5.12813
-1.78277	1.08966	5.14127	5.1301
-1.79	1.08671	5.14259	5.1301
-1.78836	1.09656	5.1439	5.1301
-1.7739	1.10938	5.14587	5.12846
-1.76766	1.10543	5.14587	5.12715
-1.75714	1.11168	5.14357	5.12452
-1.75649	1.11792	5.14127	5.12222
-1.76207	1.11529	5.14062	5.12353
-1.75813	1.12909	5.14226	5.12452
-1.75484	1.13927	5.14357	5.12616
-1.75057	1.14585	5.14456	5.12616
-1.74729	1.14486	5.1439	5.12518
-1.74203	1.15012	5.14127	5.1255
-1.74794	1.14552	5.14062	5.1255
-1.73809	1.15045	5.14029	5.12583
-1.7256	1.16227	5.14095	5.1255
-1.72922	1.15833	5.14226	5.12386
-1.74137	1.14552	5.1439	5.12419
-1.74269	1.14683	5.14325	5.12518
-1.74992	1.13829	5.14226	5.12649
-1.7532	1.12975	5.14193	5.12616
-1.76076	1.12515	5.14357	5.12583
-1.76536	1.10215	5.14456	5.12649
-1.78507	1.08966	5.14686	5.12682
-1.7831	1.09558	5.14587	5.12682
-1.77423	1.10248	5.1462	5.12649
-1.76601	1.10314	5.14653	5.12682
-1.76306	1.10346	5.14423	5.12682
-1.75287	1.11726	5.14325	5.12518
-1.75222	1.11463	5.14292	5.12386
-1.75189	1.10872	5.1439	5.12386
-1.75813	1.10051	5.14423	5.12485
-1.76306	1.09032	5.1439	5.12616
-1.7624	1.09394	5.1416	5.12715
-1.76076	1.09985	5.14127	5.12977
-1.76109	1.10872	5.14357	5.13076
-1.7601	1.10741	5.14489	5.12715
-1.75879	1.10971	5.14456	5.12386
-1.76371	1.11923	5.14423	5.12222
-1.75879	1.13303	5.14423	5.12452
-1.75616	1.13205	5.14292	5.12715
-1.75517	1.14256	5.14127	5.12846
-1.75649	1.13829	5.13996	5.12846
-1.73842	1.15734	5.1416	5.12748
-1.744	1.15012	5.1439	5.12583
-1.73086	1.15504	5.14555	5.12419
-1.71509	1.17213	5.14587	5.12485
-1.71115	1.1718	5.1462	5.12649
-1.7187	1.16589	5.14719	5.12715
-1.70655	1.17673	5.14752	5.12649
-1.70392	1.1787	5.14653	5.12419
-1.69866	1.17509	5.1462	5.12386
-1.69144	1.17706	5.14587	5.12386
-1.68914	1.18757	5.14587	5.12452
-1.68684	1.19086	5.14489	5.12485
-1.68224	1.18954	5.1439	5.12452
-1.68454	1.19348	5.14325	5.12353
-1.68716	1.19086	5.14292	5.12353
-1.69176	1.18494	5.14325	5.12419
-1.69768	1.17837	5.14259	5.12649
-1.69242	1.19348	5.1416	5.13043
-1.70063	1.19973	5.14029	5.12977
-1.70031	1.19414	5.14127	5.12715
-1.69636	1.19118	5.14226	5.12682
-1.68716	1.18856	5.14193	5.12518
-1.69604	1.18199	5.14259	5.12485
-1.68684	1.19217	5.14357	5.12682
-1.69735	1.18888	5.1439	5.12813
-1.69735	1.18921	5.14423	5.12715
-1.71148	1.17114	5.14226	5.12715
-1.71345	1.15997	5.14029	5.12748
-1.71575	1.16162	5.1416	5.12583
-1.721	1.15012	5.1439	5.12649
-1.70228	1.15176	5.1462	5.12583
-1.71443	1.1373	5.14653	5.12682
-1.70261	1.14913	5.14555	5.12912
-1.70162	1.14157	5.14325	5.12912
-1.71903	1.12679	5.1416	5.12846
-1.71739	1.12383	5.14259	5.12715
-1.72265	1.11069	5.14292	5.12649
-1.73513	1.09394	5.14226	5.12649
-1.72955	1.09886	5.14226	5.12715
-1.73776	1.10149	5.14292	5.12452
-1.73283	1.10215	5.14357	5.12419
-1.72495	1.10215	5.14522	5.12518
-1.72495	1.09361	5.14555	5.12583
-1.71772	1.10314	5.1462	5.12682
-1.71509	1.10971	5.14785	5.1278
-1.72462	1.10806	5.14719	5.12748
-1.73447	1.10872	5.14456	5.12912
-1.73579	1.11365	5.1439	5.12846
-1.73776	1.11431	5.14456	5.12583
-1.74039	1.11036	5.14522	5.12682
-1.74203	1.11825	5.14653	5.12748
-1.75024	1.10314	5.14653	5.12813
-1.74532	1.10478	5.14489	5.12977
-1.73415	1.11168	5.1439	5.12682
-1.73645	1.10938	5.14456	5.12255
-1.73053	1.11562	5.14653	5.12156
-1.73973	1.12219	5.14653	5.12156
-1.73086	1.1235	5.14423	5.12288
-1.7302	1.12449	5.14226	5.12386
-1.72068	1.12252	5.14127	5.12485
-1.70983	1.12022	5.13963	5.12485
-1.72002	1.10806	5.14127	5.12419
-1.72363	1.11299	5.14357	5.12288
-1.73776	1.11201	5.14423	5.12452
-1.73907	1.10379	5.14259	5.1278
-1.72823	1.10281	5.1416	5.12977
-1.72626	1.09525	5.14193	5.12846
-1.72659	1.09394	5.14357	5.12682
-1.7394	1.09098	5.14456	5.12583
-1.73677	1.09656	5.1439	5.12583
-1.7394	1.08769	5.14325	5.1278
-1.74959	1.08408	5.14423	5.12748
-1.74762	1.07061	5.14522	5.12583
-1.75287	1.06042	5.14456	5.12583
-1.75419	1.0647	5.14357	5.12715
-1.75353	1.0624	5.1439	5.12682
-1.7578	1.06568	5.14423	5.1255
-1.76207	1.05714	5.14292	5.12353
-1.75353	1.06568	5.14193	5.12288
-1.75057	1.06437	5.1416	5.12649
-1.75024	1.06667	5.14226	5.12748
-1.75649	1.05878	5.14259	5.12616
-1.76043	1.05353	5.14357	5.12386
-1.76864	1.05353	5.14489	5.1232
-1.77686	1.0509	5.14456	5.12386
-1.78244	1.05747	5.14357	5.12583
-1.78014	1.067	5.14259	5.12748
-1.77521	1.06962	5.1416	5.12846
-1.78901	1.04991	5.14193	5.12682
-1.77817	1.06995	5.14193	5.1255
-1.78146	1.06897	5.14259	5.12518
-1.78967	1.0624	5.14193	5.12353
-1.80971	1.04465	5.1416	5.12353
-1.80708	1.05747	5.14292	5.12485
-1.81332	1.04465	5.14423	5.12452
-1.82384	1.03086	5.14686	5.12386
-1.82515	1.04203	5.14555	5.12353
-1.82187	1.03578	5.14193	5.12386
-1.82877	1.03381	5.14127	5.12452
-1.83041	1.03184	5.14193	5.12649
-1.83862	1.02494	5.14292	5.1255
-1.84092	1.01213	5.14357	5.12452
-1.83665	1.01771	5.14325	5.1255
-1.83764	1.01114	5.1439	5.12485
-1.84059	1.00852	5.1439	5.12353
-1.84191	1.00654	5.14193	5.1232
-1.83205	1.02231	5.14062	5.1255
-1.84289	1.02987	5.14062	5.12583
-1.83107	1.0394	5.14127	5.1255
-1.81595	1.03447	5.14226	5.12353
-1.81398	1.03907	5.14259	5.12255
-1.81825	1.04006	5.14095	5.1232
-1.82449	1.03053	5.13963	5.12222
-1.80675	1.04794	5.14029	5.12222
-1.7992	1.06042	5.14127	5.12353
-1.79197	1.07455	5.14095	5.12518
-1.78606	1.08244	5.1393	5.12518
-1.7785	1.08934	5.1416	5.12518
-1.77127	1.10182	5.14357	5.12518
-1.74663	1.12712	5.14325	5.12748
-1.74302	1.1235	5.14127	5.12945
-1.72692	1.14026	5.14127	5.12945
-1.71443	1.15734	5.14259	5.12846
-1.71903	1.16129	5.1439	5.12813
-1.71049	1.16457	5.14357	5.12616
-1.71148	1.16457	5.14292	5.12682
-1.70753	1.17081	5.14226	5.12616
-1.71148	1.17016	5.14029	5.12386
-1.70195	1.16819	5.13897	5.12288
-1.70491	1.17837	5.1416	5.12156
-1.70261	1.17969	5.14292	5.12156
-1.68848	1.17837	5.14095	5.12222
-1.67304	1.19611	5.14127	5.12386
-1.6622	1.20465	5.14127	5.12616
-1.65825	1.2017	5.14095	5.12813
-1.65957	1.20498	5.14226	5.12813
-1.66088	1.19118	5.14193	5.12616
-1.68224	1.17804	5.14259	5.12386
-1.67468	1.1902	5.1439	5.1232
-1.67468	1.17509	5.14325	5.12288
-1.68191	1.17443	5.1416	5.1232
-1.67567	1.18888	5.14193	5.12419
-1.67829	1.19381	5.14259	5.12452
-1.67008	1.19841	5.14325	5.12682
-1.67534	1.19414	5.14357	5.12583
-1.66778	1.20268	5.14325	5.12485
-1.65694	1.21188	5.14292	5.12485
-1.65004	1.21254	5.14029	5.12616
-1.64741	1.21582	5.13897	5.12715
-1.64971	1.20334	5.13996	5.12715
-1.65037	1.2017	5.1416	5.1255
-1.65398	1.20137	5.14127	5.12583
-1.65661	1.204	5.1416	5.12616
-1.65365	1.22404	5.14127	5.1255
-1.65332	1.21747	5.14127	5.12518
-1.65267	1.22207	5.14127	5.12485
-1.66318	1.20728	5.14226	5.12353
-1.65792	1.21845	5.14325	5.1209
-1.66187	1.22371	5.14423	5.1209
-1.65037	1.23751	5.14292	5.12288
-1.65792	1.23685	5.14325	5.1255
-1.66088	1.22962	5.14193	5.12715
-1.65661	1.23357	5.14325	5.12616
-1.65497	1.22437	5.14522	5.1255
-1.64741	1.22141	5.14489	5.12583
-1.63854	1.23028	5.14325	5.12485
-1.63985	1.23587	5.14193	5.12649
-1.65201	1.22962	5.13963	5.12813
-1.65431	1.22831	5.14062	5.12748
-1.66647	1.22371	5.14193	5.12682
-1.66482	1.22502	5.1439	5.12649
-1.65858	1.23028	5.14489	5.1255
-1.6392	1.24375	5.1462	5.12682
-1.62901	1.25821	5.14587	5.1278
-1.62803	1.25196	5.14292	5.1278
-1.63164	1.25558	5.14127	5.12649
-1.63723	1.24539	5.14062	5.12518
-1.64807	1.23127	5.14062	5.12452
-1.6415	1.22371	5.14259	5.12485
-1.62803	1.23422	5.14325	5.12649
-1.607	1.25164	5.14357	5.12912
-1.61489	1.23784	5.1439	5.12945
-1.61554	1.23324	5.1439	5.1255
-1.61127	1.24507	5.14193	5.12419
-1.59517	1.25755	5.14062	5.12419
-1.59912	1.25131	5.14193	5.12288
-1.60076	1.25229	5.14259	5.1232
-1.59156	1.26511	5.14193	5.12452
-1.60076	1.26346	5.1416	5.12583
-1.60569	1.25919	5.14127	5.12649
-1.6024	1.26215	5.14029	5.12748
-1.60733	1.26281	5.14226	5.12649
-1.60733	1.27102	5.14292	5.12386
-1.60667	1.26642	5.14357	5.12419
-1.59189	1.27201	5.1416	5.12518
-1.6001	1.26773	5.14029	5.1255
-1.60207	1.26708	5.14095	5.1255
-1.60404	1.26248	5.1416	5.12518
-1.62014	1.24244	5.14095	5.1255
-1.63526	1.22995	5.13996	5.12649
-1.65595	1.2155	5.14127	5.12518
-1.66548	1.22634	5.14226	5.12649
-1.67369	1.2178	5.14193	5.12912
-1.66647	1.22075	5.1416	5.12813
-1.67567	1.20991	5.14555	5.12583
-1.67074	1.21057	5.14785	5.12353
-1.67665	1.20268	5.14653	5.12288
-1.68815	1.1948	5.14226	5.12452
-1.69669	1.19053	5.1393	5.12649
-1.70425	1.17541	5.13996	5.12682
-1.72955	1.15997	5.1416	5.12748
-1.72725	1.16293	5.14062	5.12682
-1.73612	1.14256	5.13865	5.12616
-1.74893	1.12186	5.13865	5.1255
-1.75287	1.11102	5.1393	5.12616
-1.7647	1.10839	5.14029	5.12583
-1.76371	1.10051	5.14226	5.12649
-1.76339	1.09821	5.14292	5.12682
-1.74663	1.10379	5.14325	5.12649
-1.75977	1.09755	5.14489	5.12583
-1.76437	1.09426	5.14653	5.12518
-1.76601	1.09722	5.14555	5.12583
-1.77226	1.08835	5.14489	5.12748
-1.77751	1.08309	5.14423	5.12715
-1.77061	1.08211	5.14357	5.12715
-1.78737	1.06634	5.14555	5.12583
-1.79066	1.0486	5.14719	5.1232
-1.7877	1.05845	5.14555	5.12189
-1.78178	1.0555	5.1416	5.12485
-1.78146	1.05385	5.1393	5.12813
-1.78211	1.04268	5.14062	5.1301
-1.78178	1.05221	5.14226	5.12879
-1.77456	1.06207	5.14489	5.12485
-1.77686	1.04433	5.14653	5.1232
-1.76963	1.0486	5.14522	5.12255
-1.77324	1.03578	5.14127	5.12386
-1.77489	1.01936	5.13865	5.1255
-1.7785	1.00884	5.13865	5.12616
-1.79197	0.98946	5.14193	5.12616
-1.79427	0.996688	5.14456	5.1278
-1.80708	0.983874	5.14587	5.12748
-1.82187	0.980589	5.1462	5.12748
-1.8199	0.982232	5.14456	5.1278
-1.8222	0.977304	5.1416	5.12813
-1.82351	0.972375	5.14127	5.12649
-1.83238	0.968762	5.14423	5.12748
-1.84059	0.969747	5.14587	5.12748
-1.83041	0.980918	5.14686	5.12616
-1.83468	0.986174	5.14555	5.12452
-1.83567	0.985189	5.14292	5.12485
-1.83928	0.983217	5.14095	5.12616
-1.83468	0.988145	5.14127	5.12616
-1.8222	1.00227	5.14062	5.12518
-1.82022	1.0095	5.1416	5.12485
-1.82154	1.0118	5.14325	5.12518
-1.81924	1.0141	5.14423	5.12583
-1.81004	1.02297	5.14226	5.12715
-1.80445	1.0417	5.14095	5.12715
-1.81102	1.02921	5.14325	5.12616
-1.82417	1.01969	5.14752	5.12452
-1.82482	1.02034	5.14817	5.12255
-1.82712	1.00917	5.14587	5.12288
-1.82614	1.00589	5.1439	5.12386
-1.82679	1.00556	5.14259	5.12518
-1.84059	1.0026	5.14325	5.12386
-1.82384	1.00819	5.14357	5.12189
-1.81891	1.01311	5.14259	5.12255
-1.82909	1.00983	5.14292	5.12419
-1.83369	0.994716	5.14226	5.12649
-1.83435	0.997673	5.14193	5.12682
-1.83731	0.987488	5.13996	5.12583
-1.83534	0.98026	5.14193	5.12715
-1.83107	0.982232	5.14522	5.1278
-1.84224	0.987488	5.14555	5.12583
-1.84256	0.996359	5.14325	5.12452
-1.84486	0.996359	5.1416	5.12386
-1.84651	0.982232	5.14193	5.12485
-1.85275	0.975004	5.14193	5.12583
-1.84979	0.972047	5.14226	5.12682
-1.85308	0.965805	5.1439	5.12616
-1.84454	0.982889	5.14587	5.12518
-1.85012	0.980918	5.14555	5.12485
-1.84322	0.992088	5.14456	5.12452
-1.83402	0.999316	5.14325	5.12485
-1.82614	1.0003	5.14325	5.12452
-1.813	1.00589	5.14357	5.12452
-1.8084	1.00359	5.14555	5.12616
-1.81201	1.01739	5.14653	5.12518
-1.80281	1.02199	5.14555	5.12485
-1.79887	1.03644	5.14259	5.12583
-1.7969	1.0509	5.14095	5.12715
-1.79394	1.05648	5.1416	5.12616
-1.7923	1.05714	5.14325	5.1255
-1.77193	1.08244	5.14489	5.12452
-1.76536	1.09394	5.14555	5.1255
-1.75123	1.09788	5.14587	5.12715
-1.75287	1.11102	5.14489	5.12748
-1.75057	1.11792	5.14325	5.12682
-1.74105	1.13073	5.14357	5.12813
-1.74269	1.1235	5.14259	5.12846
-1.7394	1.13303	5.1439	5.12649
-1.74335	1.13599	5.14292	5.12649
-1.73645	1.14387	5.14193	5.1255
-1.73447	1.14519	5.14325	5.12452
-1.73447	1.14092	5.14522	5.12748
-1.72232	1.1419	5.14587	5.12977
-1.72462	1.135	5.14555	5.12846
-1.72593	1.15636	5.14522	5.12912
-1.71345	1.16162	5.14587	5.12945
-1.70359	1.16819	5.14522	5.12912
-1.68782	1.19053	5.14259	5.12912
-1.68914	1.18658	5.14127	5.12715
-1.68486	1.19513	5.1416	5.1255
-1.67928	1.19151	5.1416	5.12452
-1.67271	1.1948	5.14193	5.12386
-1.66877	1.1971	5.1416	5.12485
-1.68125	1.18954	5.14193	5.1255
-1.67665	1.18954	5.14193	5.12649
-1.67107	1.19513	5.14127	5.12813
-1.69275	1.18133	5.1416	5.12715
-1.69275	1.17147	5.14226	5.12583
-1.70063	1.16129	5.14292	5.12485
-1.7233	1.13435	5.14226	5.12485
-1.73809	1.1258	5.14259	5.12616
-1.74302	1.10938	5.14292	5.12748
-1.74827	1.10511	5.14062	5.12879
-1.76109	1.08244	5.14127	5.12682
-1.76043	1.08737	5.14423	5.12616
-1.767	1.08868	5.14719	5.12616
-1.77916	1.08014	5.14653	5.12715
-1.78343	1.0624	5.14522	5.12649
-1.78573	1.05188	5.14423	5.12583
-1.79033	1.05681	5.14259	5.12386
-1.78967	1.0417	5.14193	5.12419
-1.79723	1.0348	5.14325	5.12419
-1.80478	1.0394	5.14259	5.12353
-1.81792	1.02691	5.14423	5.12485
-1.81595	1.03184	5.1439	5.12715
-1.81628	1.02823	5.14325	5.1278
-1.82712	1.00884	5.1439	5.12715
-1.85078	0.982889	5.14423	5.12583
-1.85078	0.985189	5.14292	5.12649
-1.86425	0.974018	5.1416	5.12715
-1.86063	0.988145	5.14062	5.12813
-1.86655	0.974675	5.14095	5.1278
-1.88166	0.959891	5.14226	5.12748
-1.87246	0.959891	5.14489	5.12682
-1.88068	0.943464	5.14653	5.12616
-1.8856	0.927365	5.14489	5.1255
-1.88823	0.918495	5.1439	5.12485
-1.89776	0.90831	5.14423	5.12616
-1.90039	0.903382	5.14292	5.12616
-1.90433	0.900753	5.14259	5.1255
-1.90433	0.899439	5.14259	5.12649
-1.90499	0.882355	5.14357	5.12616
-1.90072	0.889912	5.14325	5.1255
-1.90663	0.878413	5.14226	5.1255
-1.90104	0.885969	5.1416	5.12813
-1.90236	0.88564	5.1416	5.12912
-1.89973	0.903382	5.14292	5.12912
-1.89283	0.913895	5.14587	5.12846
-1.89677	0.901739	5.1462	5.12583
-1.88725	0.904039	5.1439	5.12485
-1.87969	0.913567	5.1416	5.1255
-1.88232	0.911595	5.14292	5.12583
-1.87903	0.905353	5.14522	5.12583
-1.88068	0.904039	5.1462	5.12583
-1.86688	0.913567	5.14423	5.12616
-1.86425	0.930651	5.14193	5.12583
-1.86096	0.93985	5.14062	5.12583
-1.86195	0.949706	5.14193	5.12649
-1.85866	0.950363	5.14259	5.1255
-1.86195	0.962191	5.14325	5.12485
-1.85768	0.967776	5.14522	5.1255
-1.85209	0.975004	5.14719	5.12682
-1.85341	0.976975	5.14686	5.12583
-1.84256	1.00063	5.1439	5.12583
-1.84486	0.998987	5.14292	5.12485
-1.84224	0.997673	5.14259	5.12419
-1.82515	1.0141	5.14127	5.12452
-1.83238	1.0187	5.14029	5.12715
-1.83041	1.01344	5.14193	5.12879
-1.83304	1.021	5.1439	5.12813
-1.83172	1.02888	5.1439	5.12715
-1.81267	1.05188	5.14357	5.12748
-1.80938	1.04893	5.14423	5.12715
-1.80938	1.05648	5.14325	5.12649
-1.8199	1.04531	5.1439	5.12583
-1.83304	1.03907	5.14423	5.1255
-1.83764	1.02658	5.14587	5.1255
-1.84092	1.02264	5.14653	5.12583
-1.84946	1.02461	5.14522	5.12616
-1.85078	1.01541	5.14522	5.1255
-1.85735	1.01509	5.14226	5.12649
-1.86031	1.00589	5.1416	5.12846
-1.85571	1.00852	5.14259	5.12682
-1.85932	1.00293	5.14292	5.12518
-1.86425	0.991759	5.14292	5.12583
-1.85603	1.00194	5.1439	5.12616
-1.85308	1.00359	5.14193	5.12649
-1.85899	0.987488	5.14095	5.12682
-1.86753	0.974675	5.14193	5.12682
-1.86556	0.973033	5.14259	5.12452
-1.86261	0.976647	5.14226	5.12189
-1.86162	0.979603	5.14259	5.12222
-1.87213	0.97139	5.14259	5.12419
-1.87148	0.960219	5.14292	5.12682
-1.87542	0.95792	5.14522	5.12879
-1.88002	0.945764	5.14653	5.12649
-1.87213	0.95562	5.14752	5.12485
-1.87115	0.970076	5.14686	5.12452
-1.86852	0.977304	5.14456	5.12452
-1.86918	0.971718	5.1416	5.12583
-1.87805	0.958577	5.14029	5.12583
-1.87706	0.95792	5.13963	5.12583
-1.87279	0.964819	5.13865	5.12649
-1.86819	0.967776	5.13963	5.12518
-1.87443	0.954963	5.13996	5.12386
-1.88002	0.950363	5.1416	5.12518
-1.87739	0.961534	5.14259	5.12682
-1.86326	0.973033	5.14423	5.12616
-1.85571	0.974018	5.14555	5.1255
-1.85998	0.978618	5.14719	5.12386
-1.85768	0.985517	5.14785	5.12288
-1.85078	0.98486	5.14522	5.12288
-1.84289	0.997673	5.14259	5.12386
-1.84749	0.998987	5.14127	5.12518
-1.83567	1.01476	5.14292	5.12583
-1.83797	1.01344	5.14423	5.12616
-1.82614	1.02888	5.1439	5.12616
-1.82252	1.03447	5.14226	5.12616
-1.82515	1.0279	5.14226	5.12616
-1.82548	1.03316	5.14259	5.1255
-1.82121	1.0348	5.14292	5.12616
-1.82417	1.01837	5.14357	5.12485
-1.82581	1.02461	5.14357	5.12518
-1.81727	1.03086	5.1439	5.12452
-1.8084	1.03611	5.14357	5.12419
-1.80281	1.03118	5.14555	5.12452
-1.8084	1.03217	5.14587	5.12682
-1.80478	1.03381	5.14653	5.12813
-1.80183	1.03644	5.14719	5.12748
-1.78606	1.04235	5.14817	5.1255
-1.79295	1.044	5.14686	5.12419
-1.78737	1.0394	5.14423	5.12386
-1.79164	1.02823	5.14062	5.12419
-1.79131	1.03447	5.13766	5.12485
-1.77751	1.05188	5.13799	5.1255
-1.77193	1.05287	5.13897	5.1255
-1.7785	1.05681	5.1416	5.1255
-1.77686	1.05254	5.14259	5.12583
-1.7762	1.05484	5.14127	5.12879
-1.78704	1.04531	5.1393	5.13043
-1.80478	1.0394	5.1393	5.12846
-1.8084	1.04006	5.13963	5.12649
-1.80905	1.04235	5.14062	5.12452
-1.81464	1.03644	5.14423	5.12485
-1.813	1.02987	5.14653	5.12649
-1.82022	1.04433	5.14522	5.12649
-1.81727	1.03513	5.14127	5.1255
-1.81267	1.04137	5.13996	5.12485
-1.80445	1.05714	5.14226	5.12419
-1.8015	1.05911	5.14555	5.12255
-1.79953	1.07094	5.14653	5.12156
-1.7946	1.08211	5.14489	5.12222
-1.79591	1.07751	5.14456	5.12616
-1.80577	1.06502	5.14423	5.12813
-1.79788	1.08112	5.14357	5.12846
-1.79328	1.10051	5.14423	5.12879
-1.7946	1.08539	5.14489	5.12748
-1.78047	1.10872	5.14555	5.12419
-1.78211	1.10576	5.14456	5.12189
-1.77883	1.10116	5.14292	5.12123
-1.77817	1.09492	5.14062	5.12189
-1.77357	1.10215	5.1393	5.12386
-1.77587	1.10116	5.14259	5.12518
-1.767	1.11825	5.1439	5.12386
-1.76437	1.12942	5.14456	5.12288
-1.76503	1.13205	5.14423	5.12156
-1.74696	1.14979	5.14226	5.1232
-1.74597	1.14815	5.1416	5.12583
-1.74269	1.14552	5.14062	5.12682
-1.73382	1.14617	5.14095	5.1255
-1.73513	1.14979	5.14127	5.12419
-1.73579	1.15077	5.14226	5.12583
-1.73415	1.15012	5.14325	5.12682
-1.7394	1.13073	5.14259	5.12682
-1.7302	1.13927	5.14292	5.12682
-1.73152	1.13238	5.14259	5.12813
-1.74729	1.11003	5.14357	5.12715
-1.7394	1.11201	5.14456	5.12485
-1.73973	1.10741	5.14357	5.12353
-1.74564	1.10084	5.14423	5.12222
-1.75024	1.09952	5.14357	5.12288
-1.75189	1.08178	5.14325	5.12419
-1.76207	1.07488	5.1416	5.12452
-1.75912	1.08277	5.1416	5.12386
-1.76963	1.0624	5.14095	5.1255
-1.76437	1.06338	5.14259	5.1255
-1.76437	1.06798	5.14259	5.12682
-1.76306	1.06272	5.14193	5.1278
-1.76864	1.05024	5.13996	5.12748
-1.76996	1.04794	5.14193	5.12616
-1.7716	1.04268	5.14456	5.12616
-1.77686	1.02856	5.14456	5.12682
-1.77751	1.02429	5.14456	5.12649
-1.7601	1.04531	5.14423	5.12485
-1.77193	1.03447	5.14489	5.12255
-1.76371	1.04071	5.14522	5.12156
-1.76503	1.05747	5.14423	5.1232
-1.76569	1.06502	5.1439	5.12616
-1.77094	1.05944	5.14325	5.12846
-1.78244	1.05845	5.14357	5.12846
-1.7854	1.0486	5.14127	5.12649
-1.78868	1.02987	5.13897	5.12583
-1.79624	1.03053	5.13963	5.12583
-1.80478	1.02034	5.14127	5.12583
-1.8176	0.999973	5.14292	5.12518
-1.83501	1.0026	5.14259	5.12485
-1.83501	1.0141	5.14226	5.12452
-1.83402	1.00852	5.14226	5.12353
-1.83172	1.0072	5.14423	5.12419
-1.83632	0.998002	5.14259	5.1255
-1.84256	0.995373	5.14226	5.12682
-1.83961	1.00392	5.14193	5.1278
-1.84979	1.00293	5.14127	5.12649
-1.84224	1.01739	5.13963	5.1255
-1.84158	1.02199	5.13865	5.12583
-1.84322	1.00622	5.1393	5.12682
-1.85176	0.995702	5.14193	5.12715
-1.85176	1.00622	5.14423	5.12715
-1.84815	1.01213	5.14587	5.1255
-1.85045	1.021	5.14587	5.12353
-1.84618	1.01673	5.14423	5.12222
-1.83895	1.02823	5.14259	5.12288
-1.83599	1.03053	5.14325	5.12485
-1.82877	1.03644	5.14357	5.12583
-1.82187	1.04137	5.14292	5.12616
-1.81267	1.05714	5.1439	5.12715
-1.80117	1.0693	5.14423	5.12682
-1.7946	1.07652	5.14193	5.1255
-1.79427	1.07817	5.1416	5.12649
-1.79295	1.08079	5.14127	5.12616
-1.77489	1.10018	5.1416	5.12485
-1.77127	1.09755	5.1439	5.12616
-1.75747	1.11891	5.14653	5.12616
-1.74794	1.12613	5.14653	5.12386
-1.7371	1.13205	5.14357	5.12353
-1.73579	1.135	5.14127	5.12386
-1.71838	1.15077	5.14095	5.12419
-1.71673	1.15176	5.14259	5.12518
-1.71115	1.17147	5.14423	5.12518
-1.69505	1.18297	5.14522	5.12386
-1.69176	1.19184	5.14423	5.12386
-1.67895	1.1971	5.14259	5.12419
-1.67665	1.19611	5.1416	5.12518
-1.67862	1.20235	5.14029	5.12649
-1.68289	1.2132	5.1416	5.12715
-1.67731	1.22437	5.1439	5.12452
-1.68158	1.2178	5.14423	5.1232
-1.68454	1.21385	5.14127	5.12255
-1.68848	1.21418	5.14226	5.12452
-1.69045	1.20991	5.14423	5.12583
-1.69308	1.22174	5.14522	5.12616
-1.70261	1.22338	5.14555	5.12518
-1.71443	1.22141	5.14423	5.12386
-1.71115	1.22995	5.14423	5.12288
-1.72495	1.21714	5.14292	5.12222
-1.71936	1.2178	5.14292	5.12485
-1.73809	1.20367	5.14357	5.12748
-1.74203	1.20005	5.1439	5.12813
-1.75846	1.17804	5.14489	5.12682
-1.75616	1.18067	5.14489	5.1255
-1.76569	1.16457	5.14522	5.1255
-1.76503	1.1557	5.14226	5.12485
-1.77587	1.15307	5.13996	5.12386
-1.76996	1.14749	5.1393	5.12353
-1.76864	1.14585	5.13996	5.12419
-1.76371	1.14913	5.14193	5.12452
-1.76109	1.15603	5.14489	5.12485
-1.76109	1.15669	5.14522	5.12485
-1.76766	1.15439	5.14292	5.12386
-1.7647	1.16359	5.14193	5.12452
-1.77587	1.15669	5.14325	5.12452
-1.77357	1.16523	5.1439	5.1255
-1.76799	1.16457	5.14423	5.12583
-1.76076	1.17771	5.14522	5.12583
-1.74663	1.1902	5.14555	5.1255
-1.74335	1.19151	5.14489	5.12485
-1.74597	1.19118	5.14292	5.12419
-1.73447	1.20235	5.14226	5.12353
-1.72462	1.20893	5.14423	5.12452
-1.70458	1.22732	5.14456	5.12452
-1.70655	1.2224	5.14357	5.12386
-1.71082	1.22404	5.1416	5.1232
-1.70425	1.23324	5.13963	5.12386
-1.69636	1.24375	5.14029	5.1255
-1.69144	1.23981	5.14029	5.12682
-1.68716	1.23061	5.1416	5.12682
-1.67534	1.23554	5.14325	5.12715
-1.66712	1.23619	5.14587	5.12583
-1.65004	1.24769	5.14653	5.12255
-1.6484	1.25065	5.14522	5.12222
-1.6323	1.26379	5.14357	5.12485
-1.62934	1.25459	5.14325	5.12616
-1.63033	1.24736	5.14226	5.12485
-1.62179	1.25919	5.14259	5.12386
-1.62047	1.26116	5.14193	5.12288
-1.61817	1.27365	5.14095	5.1232
-1.6323	1.25985	5.14029	5.12452
-1.63263	1.25788	5.14127	5.12616
-1.64281	1.25131	5.14029	5.12813
-1.65201	1.23094	5.14029	5.12879
-1.65037	1.23291	5.14357	5.12748
-1.66088	1.2293	5.14653	5.12583
-1.66778	1.23948	5.14653	5.1255
-1.66187	1.24736	5.1462	5.12583
-1.67205	1.2247	5.14555	5.12583
-1.68059	1.21615	5.14522	5.1232
-1.69538	1.20367	5.14522	5.12255
-1.70655	1.20728	5.14456	5.12452
-1.72166	1.19644	5.14292	5.1278
-1.71411	1.20104	5.1416	5.12813
-1.72758	1.1971	5.1393	5.12813
-1.73546	1.18527	5.13865	5.12682
-1.7394	1.17903	5.13996	5.12682
-1.74466	1.18067	5.14259	5.12715
-1.75846	1.17804	5.14587	5.12682
-1.77094	1.17049	5.14653	5.12583
-1.78343	1.15176	5.14456	5.12649
-1.78146	1.1603	5.14193	5.12715
-1.78211	1.15964	5.14127	5.12813
-1.78441	1.15997	5.14259	5.12813
-1.77554	1.17377	5.14489	5.12649
-1.77423	1.181	5.14686	5.1255
-1.77423	1.18494	5.14686	5.12649
-1.78441	1.17443	5.14522	5.12616
-1.7854	1.17147	5.14325	5.12518
-1.78606	1.16851	5.1439	5.12419
-1.78803	1.16622	5.14325	5.12419
-1.78211	1.17049	5.14555	5.12386
-1.78408	1.16753	5.14653	5.1255
-1.7808	1.16786	5.14587	5.1255
-1.77784	1.16096	5.14259	5.12583
-1.77489	1.15734	5.14127	5.12813
-1.75846	1.17147	5.14325	5.12945
-1.75024	1.17936	5.14587	5.12912
-1.744	1.18823	5.1485	5.12682
-1.7256	1.19808	5.14719	5.12485
-1.72692	1.19217	5.1462	5.12419
-1.72068	1.19053	5.14489	5.12353
-1.70622	1.20433	5.14357	5.1232
-1.68388	1.2201	5.14259	5.12485
-1.66482	1.23521	5.14456	5.12518
-1.65168	1.23751	5.14456	5.12386
-1.653	1.24638	5.1439	5.12255
-1.64774	1.25426	5.14325	5.12386
-1.64051	1.25722	5.14259	5.12616
-1.62441	1.27792	5.14259	5.12879
-1.61521	1.28088	5.1439	5.12912
-1.60831	1.27628	5.14686	5.12649
-1.60996	1.28416	5.14653	5.12419
-1.6024	1.28548	5.14522	5.12353
-1.60569	1.28416	5.14325	5.12518
-1.59254	1.28548	5.14259	5.12748
-1.59616	1.28942	5.14292	5.12846
-1.61029	1.28186	5.14489	5.12616
-1.60996	1.2881	5.14653	5.12419
-1.60273	1.28778	5.1462	5.12222
-1.61357	1.28318	5.14423	5.12353
-1.61719	1.27562	5.14193	5.12649
-1.60799	1.28449	5.14127	5.12649
-1.61686	1.28548	5.14029	5.12715
-1.61127	1.2927	5.14292	5.12813
-1.61719	1.29467	5.14587	5.12879
-1.61883	1.28942	5.14653	5.12748
-1.62244	1.28219	5.14653	5.12682
-1.62704	1.27562	5.14587	5.12748
-1.64807	1.27069	5.14357	5.12682
-1.64445	1.27825	5.14292	5.12616
-1.64675	1.28909	5.1439	5.12715
-1.6507	1.28449	5.14423	5.12748
-1.66417	1.27036	5.14259	5.12715
-1.67238	1.25788	5.14029	5.12583
-1.68552	1.23488	5.14127	5.1255
-1.69242	1.23159	5.14292	5.12682
-1.69045	1.23225	5.14456	5.12715
-1.70392	1.22272	5.14456	5.12649
-1.71016	1.22437	5.14587	5.12616
-1.70983	1.22338	5.14719	5.1255
-1.72232	1.21254	5.14719	5.12452
-1.7302	1.21188	5.14587	5.12419
-1.73316	1.21484	5.1439	5.12518
-1.71936	1.22601	5.14095	5.12649
-1.71411	1.22667	5.14127	5.12583
-1.71312	1.22108	5.14292	5.12353
-1.70918	1.2155	5.14456	5.1232
-1.70162	1.2201	5.14555	5.12452
-1.70491	1.22502	5.14555	5.12583
-1.70261	1.22568	5.1439	5.1278
-1.69012	1.23882	5.14062	5.12879
-1.68585	1.24342	5.13996	5.12879
-1.67534	1.24769	5.14325	5.1278
-1.66877	1.24342	5.14423	5.12715
-1.66384	1.25196	5.14127	5.12715
-1.67665	1.23652	5.14226	5.12715
-1.67172	1.23324	5.1439	5.12649
-1.65661	1.24934	5.14423	5.12583
-1.66844	1.23817	5.1439	5.12583
-1.66614	1.24014	5.14325	5.12583
-1.65957	1.23192	5.14193	5.12682
-1.64248	1.24901	5.14062	5.12813
-1.63985	1.25164	5.14062	5.12912
-1.63591	1.25656	5.14127	5.12649
-1.63427	1.26248	5.14292	5.12485
-1.63066	1.25262	5.14226	5.12452
-1.63197	1.25065	5.1416	5.12452
-1.63066	1.25624	5.13996	5.12682
-1.62704	1.26084	5.1393	5.12715
-1.62244	1.26182	5.13996	5.12583
-1.62113	1.26576	5.14259	5.12518
-1.62376	1.27726	5.14423	5.12485
-1.62638	1.28055	5.1439	5.12485
-1.62868	1.27266	5.1439	5.12386
-1.62606	1.27431	5.14226	5.12189
-1.62113	1.2812	5.13963	5.12485
-1.6277	1.26675	5.14029	5.12813
-1.63591	1.26773	5.14193	5.1278
-1.6346	1.28219	5.14292	5.1255
-1.63624	1.27693	5.1439	5.12452
-1.6507	1.26905	5.14259	5.12386
-1.6576	1.26708	5.14062	5.12518
-1.66121	1.26511	5.13963	5.12682
-1.67665	1.24934	5.1393	5.12583
-1.68519	1.24014	5.14193	5.1255
-1.67994	1.24835	5.14489	5.12682
-1.68552	1.25098	5.14555	5.12715
-1.68059	1.26511	5.14456	5.12518
-1.69209	1.25525	5.14325	5.12419
-1.69636	1.23981	5.14193	5.12583
-1.70425	1.2247	5.1416	5.12748
-1.70523	1.22338	5.14325	5.12715
-1.69735	1.23258	5.14653	5.12649
-1.70063	1.23192	5.1485	5.12649
-1.70819	1.22338	5.1485	5.12518
-1.71312	1.21714	5.14555	5.12583
-1.72626	1.20498	5.1416	5.12748
-1.72363	1.21582	5.13996	5.12682
-1.72495	1.21845	5.14193	5.12485
-1.73776	1.20235	5.14522	5.12419
-1.73907	1.2017	5.14456	5.12616
-1.74499	1.19316	5.14193	5.12682
-1.74466	1.18757	5.14029	5.12846
-1.74072	1.1902	5.13996	5.12748
-1.73185	1.20071	5.14292	5.12583
-1.73743	1.19414	5.14653	5.12649
-1.73612	1.19184	5.14719	5.1278
-1.74072	1.18231	5.14489	5.12945
-1.7302	1.18428	5.14226	5.12912
-1.73119	1.1902	5.14127	5.1301
-1.71673	1.20728	5.1416	5.12912
-1.72265	1.19874	5.14292	5.12912
-1.72068	1.20597	5.14456	5.12715
-1.71542	1.19743	5.1439	5.12715
-1.71509	1.19611	5.14292	5.12715
-1.71279	1.18461	5.14259	5.12649
-1.70819	1.19283	5.14259	5.12879
-1.70523	1.19316	5.14292	5.12879
-1.70096	1.18461	5.14292	5.12682
-1.69308	1.19118	5.14423	5.12452
-1.69111	1.1902	5.1439	5.12419
-1.70392	1.18133	5.14095	5.12583
-1.70063	1.18626	5.14095	5.12748
-1.68979	1.19611	5.14259	5.12748
-1.68782	1.19776	5.14423	5.12682
-1.69308	1.2017	5.1439	5.1255
-1.69899	1.19086	5.14423	5.12518
-1.70655	1.1764	5.14587	5.12452
-1.72035	1.15636	5.14423	5.12419
-1.7279	1.14847	5.1416	5.12649
-1.73053	1.13533	5.13897	5.12846
-1.7417	1.1373	5.1393	5.1278
-1.75024	1.12778	5.14062	5.12682
-1.744	1.1442	5.14193	5.1255
-1.75353	1.14355	5.14357	5.12485
-1.76569	1.1442	5.14062	5.12616
-1.77686	1.1327	5.13897	5.12813
-1.78836	1.11792	5.1393	5.12879
-1.79066	1.10708	5.1416	5.1278
-1.7946	1.10281	5.1439	5.12715
-1.80774	1.09492	5.14423	5.12616
-1.80938	1.09164	5.14226	5.1255
-1.8176	1.08178	5.14029	5.12452
-1.83238	1.06667	5.14062	5.12616
-1.84256	1.06305	5.14127	5.1278
-1.83632	1.05583	5.14357	5.12879
-1.84289	1.04663	5.14522	5.12846
-1.85111	1.04433	5.14522	5.12583
-1.85439	1.04465	5.14357	5.12485
-1.86425	1.02987	5.14325	5.12682
-1.86721	1.02363	5.14325	5.12879
-1.88396	0.997345	5.1439	5.12945
-1.87936	1.00687	5.14357	5.12813
-1.8833	0.998987	5.14423	5.12616
-1.8787	1.00622	5.14423	5.1232
-1.87476	1.01147	5.14456	5.12222
-1.8787	1.00424	5.14259	5.12583
-1.87575	1.00162	5.14127	5.12846
-1.86721	1.01344	5.14259	5.12748
-1.87542	1.00523	5.14325	5.12353
-1.87378	1.01246	5.14456	5.12255
-1.86359	1.03348	5.14456	5.12288
-1.85768	1.03874	5.14292	5.12485
-1.85406	1.02823	5.1393	5.12682
-1.85144	1.03118	5.13832	5.12715
-1.84552	1.0325	5.14029	5.12715
-1.84979	1.03283	5.14423	5.12485
-1.84749	1.02954	5.1462	5.12452
-1.84059	1.03776	5.14653	5.1255
-1.83599	1.03118	5.14587	5.1278
-1.82647	1.044	5.14456	5.12846
-1.81957	1.04531	5.1439	5.1278
-1.80807	1.05681	5.1439	5.12977
-1.79854	1.06732	5.14489	5.12977
-1.78441	1.07784	5.14555	5.12813
-1.77751	1.06864	5.14555	5.1278
-1.77259	1.07619	5.14325	5.12748
-1.7578	1.08868	5.14062	5.12715
-1.74696	1.09624	5.14095	5.12715
-1.74269	1.10314	5.14357	5.12682
-1.72889	1.11529	5.14489	5.12616
-1.7187	1.12909	5.1439	5.12583
-1.69308	1.17706	5.14193	5.12682
-1.69899	1.1741	5.14127	5.12715
-1.68257	1.18428	5.14095	5.12813
-1.66778	1.19184	5.14193	5.12912
-1.67402	1.17771	5.14226	5.1301
-1.66614	1.18856	5.14357	5.12912
-1.66384	1.18856	5.14522	5.12649
-1.68059	1.19217	5.14686	5.12583
-1.68092	1.17936	5.14817	5.12616
-1.67764	1.18231	5.14719	5.12649
-1.67139	1.1902	5.14489	5.12715
-1.67074	1.19513	5.14259	5.12682
-1.66055	1.20794	5.14259	5.12682
-1.65792	1.21024	5.14226	5.12452
-1.66285	1.20893	5.14325	5.12485
-1.66909	1.20203	5.1416	5.12518
-1.66811	1.20597	5.1416	5.12616
-1.66614	1.20334	5.14193	5.12616
-1.66088	1.20564	5.14193	5.12616
-1.66647	1.19776	5.14259	5.12682
-1.67665	1.19217	5.14325	5.1255
-1.67468	1.20695	5.14193	5.12419
-1.67797	1.19874	5.14127	5.12583
-1.68749	1.19381	5.14062	5.12813
-1.69834	1.1856	5.1416	5.12682
-1.70228	1.17804	5.14325	5.12616
-1.71312	1.17739	5.14456	5.12715
-1.71016	1.17936	5.14719	5.12682
-1.71542	1.16917	5.1462	5.12583
-1.71345	1.18199	5.14357	5.12616
-1.71936	1.17016	5.1439	5.12682
-1.71673	1.16819	5.1439	5.12583
-1.70918	1.16786	5.14325	5.12485
-1.70491	1.16687	5.14127	5.12353
-1.69965	1.16556	5.14259	5.1232
-1.69735	1.17739	5.1439	5.12419
-1.69275	1.17969	5.14292	5.12616
-1.69669	1.16654	5.14259	5.12715
-1.70885	1.14913	5.14423	5.12616
-1.70655	1.1534	5.14456	5.12353
-1.70721	1.1442	5.14489	5.12353
-1.71049	1.14847	5.14456	5.12452
-1.70786	1.15472	5.14456	5.12583
-1.70918	1.15899	5.14357	5.12748
-1.70392	1.16556	5.14127	5.1278
-1.71049	1.15734	5.14029	5.12682
-1.70655	1.15899	5.14226	5.12583
-1.70162	1.16687	5.1439	5.12452
-1.70556	1.16359	5.1439	5.12386
-1.68388	1.17969	5.1416	5.12616
-1.68158	1.1741	5.14062	5.12748
-1.67304	1.17936	5.13996	5.12813
-1.66942	1.17377	5.14226	5.12748
-1.68585	1.1511	5.14587	5.12583
-1.69439	1.158	5.14785	5.12682
-1.68979	1.14782	5.14522	5.12813
-1.68388	1.15242	5.14193	5.12715
-1.68454	1.15866	5.13897	5.12616
-1.67928	1.16392	5.14029	5.12616
-1.68224	1.15932	5.14325	5.12649
-1.68716	1.1649	5.14522	5.12649
-1.68684	1.16589	5.14522	5.12616
-1.69636	1.15209	5.14456	5.1255
-1.70326	1.15045	5.1439	5.12583
-1.71542	1.14552	5.14456	5.12715
-1.72429	1.13435	5.14456	5.12715
-1.72626	1.11759	5.14423	5.12616
-1.74105	1.11792	5.14357	5.12583
-1.74597	1.11168	5.14226	5.1255
-1.75682	1.09624	5.14062	5.12748
-1.76536	1.09196	5.14095	5.12977
-1.76996	1.08309	5.14292	5.12846
-1.77981	1.07981	5.14423	5.12715
-1.78967	1.06765	5.14456	5.12649
-1.79263	1.07324	5.14357	5.12583
-1.80413	1.06404	5.14259	5.12813
-1.8038	1.05615	5.14095	5.1301
-1.80872	1.05024	5.14029	5.1278
-1.81431	1.0394	5.14193	5.12616
-1.82252	1.03316	5.14456	5.12452
-1.82975	1.0302	5.14456	5.12419
-1.81562	1.04268	5.14325	5.12485
-1.82187	1.03184	5.14292	5.1255
-1.83074	1.02396	5.1416	5.12616
-1.82877	1.02001	5.14062	5.12879
-1.83928	1.01837	5.14193	5.12945
-1.84059	1.0187	5.14357	5.12649
-1.84059	1.01969	5.1439	5.1255
-1.84716	1.01377	5.14522	5.12583
-1.85012	1.01969	5.14489	5.12583
-1.85538	1.01114	5.14423	5.12649
-1.86786	0.992417	5.14357	5.12748
-1.85735	1.00194	5.14423	5.1278
-1.85439	1.00654	5.14555	5.12846
-1.85439	1.00457	5.1462	5.12715
-1.84289	1.01673	5.14456	5.12518
-1.84092	1.01969	5.14423	5.12452
-1.83139	1.03348	5.14423	5.1255
-1.82647	1.04137	5.14259	5.12715
-1.82318	1.04433	5.14259	5.12748
-1.81497	1.05024	5.14522	5.12649
-1.80807	1.04761	5.14817	5.12682
-1.80413	1.05714	5.14883	5.1255
-1.79033	1.07521	5.14719	5.12485
-1.78704	1.08244	5.14423	5.12288
-1.7877	1.08474	5.1416	5.1232
-1.79197	1.07521	5.14095	5.12485
-1.78704	1.08375	5.14292	5.12452
-1.78573	1.08539	5.14653	5.1232
-1.7739	1.10182	5.14686	5.12255
-1.77981	1.09196	5.14522	5.12353
-1.78047	1.07784	5.14325	5.12452
-1.78606	1.06535	5.14259	5.1255
-1.78507	1.05747	5.14259	5.12583
-1.7923	1.05385	5.14226	5.12518
-1.7969	1.03743	5.14292	5.12353
-1.78803	1.04991	5.14423	5.12419
-1.78573	1.05353	5.14357	5.12452
-1.78507	1.05681	5.14357	5.12485
-1.78343	1.06371	5.14423	5.12518
-1.78868	1.06568	5.14489	5.12583
-1.78277	1.07192	5.14489	5.12452
-1.78671	1.06962	5.14292	5.12518
-1.7785	1.08441	5.14259	5.12485
-1.78376	1.08737	5.14325	5.1255
-1.77029	1.10675	5.14456	5.12649
-1.77094	1.10609	5.14522	5.12616
-1.76766	1.11891	5.14653	5.12518
-1.7624	1.12778	5.14883	5.12452
-1.75912	1.11923	5.14949	5.12419
-1.75879	1.12383	5.14785	5.12649
-1.75222	1.1373	5.14587	5.12879
-1.72758	1.16884	5.14555	5.12945
-1.72035	1.17311	5.1462	5.12682
-1.71936	1.1741	5.14752	5.1255
-1.73447	1.15833	5.14653	5.12485
-1.73546	1.16359	5.14456	5.12649
-1.73415	1.17837	5.14292	5.12748
-1.72495	1.18954	5.13963	5.12748
-1.71772	1.20498	5.13733	5.12682
-1.71739	1.20925	5.14062	5.12748
-1.71706	1.22042	5.1439	5.12879
-1.71476	1.21615	5.14555	5.12748
-1.72659	1.20104	5.14555	5.12715
-1.72593	1.19348	5.14489	5.1255
-1.72133	1.19743	5.14292	5.12419
-1.72068	1.19447	5.14259	5.12452
-1.7256	1.18823	5.14522	5.12616
-1.7256	1.19546	5.14555	5.12813
-1.7325	1.18856	5.14292	5.12977
-1.71772	1.19513	5.14029	5.12715
-1.71411	1.2086	5.14095	5.12583
-1.70885	1.20498	5.1416	5.12649
-1.71608	1.20498	5.14127	5.1255
-1.70721	1.20893	5.1416	5.12583
-1.70031	1.21353	5.14325	5.12715
-1.69604	1.21123	5.14555	5.12649
-1.68257	1.20663	5.14522	5.12682
-1.67764	1.20564	5.1439	5.12649
-1.68651	1.19217	5.14325	5.12485
-1.68651	1.18166	5.14423	5.12419
-1.67895	1.1787	5.14357	5.12419
-1.68519	1.17213	5.14259	5.1232
-1.69045	1.18199	5.1416	5.12419
-1.69571	1.17607	5.14292	5.12452
-1.69275	1.18133	5.14357	5.12452
-1.70721	1.17936	5.14292	5.12616
-1.70951	1.16523	5.14325	5.12682
-1.69965	1.18166	5.14456	5.1255
-1.69702	1.1948	5.14456	5.12518
-1.70293	1.19907	5.14226	5.12649
-1.69341	1.20104	5.13996	5.12715
-1.69406	1.20104	5.14029	5.1255
-1.69341	1.20498	5.14127	5.12353
-1.67994	1.20301	5.14226	5.1232
-1.67599	1.2017	5.14193	5.12419
-1.67172	1.20761	5.14226	5.12583
-1.67862	1.20531	5.14489	5.12583
-1.67632	1.19973	5.14522	5.12616
-1.67994	1.2017	5.14193	5.12715
-1.67008	1.20893	5.13963	5.12715
-1.67337	1.21155	5.1416	5.12518
-1.68815	1.21517	5.14423	5.12288
-1.69604	1.204	5.14489	5.12419
-1.70293	1.19348	5.14325	5.12715
-1.70523	1.19677	5.14292	5.12813
-1.70129	1.18757	5.14292	5.12715
-1.71312	1.18363	5.14292	5.12649
-1.71936	1.17969	5.14292	5.12518
-1.71115	1.1902	5.14522	5.12353
-1.71411	1.18757	5.14489	5.12452
-1.71312	1.19874	5.14292	5.12452
-1.71805	1.19546	5.14226	5.12518
-1.71575	1.19348	5.14193	5.12715
-1.72199	1.204	5.14193	5.12748
-1.71608	1.20925	5.14489	5.12715
-1.71443	1.204	5.14325	5.12485
-1.70852	1.20663	5.14193	5.12255
-1.70359	1.21648	5.1416	5.12386
-1.70129	1.21451	5.1416	5.1255
-1.69834	1.22404	5.14127	5.12452
-1.69669	1.2109	5.14095	5.12419
-1.70721	1.20301	5.14127	5.1232
-1.69899	1.20564	5.14292	5.12222
-1.69111	1.22141	5.14193	5.12222
-1.69209	1.21944	5.1416	5.12485
-1.68257	1.22108	5.14095	5.12813
-1.68716	1.21747	5.14259	5.12977
-1.67764	1.2247	5.14489	5.13109
-1.66055	1.24079	5.14555	5.12879
-1.66778	1.24211	5.14456	5.1278
-1.67567	1.23554	5.14292	5.12715
-1.66877	1.24277	5.14062	5.12682
-1.66811	1.23685	5.14062	5.12715
-1.67829	1.21878	5.14127	5.12616
-1.68782	1.20268	5.14292	5.12616
-1.68618	1.20695	5.14489	5.12616
-1.68585	1.20071	5.14555	5.12616
-1.69636	1.19578	5.14555	5.12419
-1.70721	1.1879	5.14423	5.12518
-1.70983	1.19973	5.14325	5.12616
-1.70556	1.20268	5.14259	5.12518
-1.70162	1.20728	5.14226	5.12419
-1.70688	1.18856	5.14325	5.1232
-1.72429	1.17673	5.14456	5.12353
-1.74203	1.16326	5.14357	5.12386
-1.744	1.15406	5.14127	5.12386
-1.74466	1.14059	5.14259	5.12419
-1.744	1.13763	5.14357	5.12353
-1.73447	1.14617	5.1439	5.1232
-1.744	1.13862	5.1439	5.1255
-1.75747	1.12876	5.14423	5.12748
-1.76141	1.12613	5.14555	5.12452
-1.78244	1.11201	5.14423	5.12518
-1.7831	1.11628	5.14193	5.12682
-1.78178	1.10971	5.14127	5.1278
-1.78408	1.10642	5.14259	5.12649
-1.79591	1.09886	5.1439	5.12353
-1.79197	1.10741	5.14489	5.12255
-1.80018	1.09689	5.14489	5.12189
-1.79558	1.10412	5.14325	5.12288
-1.79723	1.09525	5.14259	5.12485
-1.80445	1.10215	5.1416	5.12715
-1.80084	1.10675	5.14226	5.12583
-1.80445	1.10051	5.14259	5.1255
-1.81661	1.08605	5.14325	5.12813
-1.81957	1.08966	5.14456	5.12912
-1.8153	1.09098	5.14555	5.12715
-1.82121	1.07685	5.14686	5.12485
-1.82548	1.07258	5.14752	5.12222
-1.82712	1.07357	5.14752	5.11959
-1.8107	1.09886	5.14555	5.12156
-1.81168	1.09624	5.1439	5.12419
-1.81267	1.09755	5.14423	5.12649
-1.813	1.08835	5.14423	5.12649
-1.81037	1.08802	5.1439	5.1255
-1.79985	1.10511	5.1439	5.12353
-1.78934	1.11989	5.1439	5.12156
-1.79361	1.12219	5.14456	5.1209
-1.78014	1.13435	5.14357	5.1209
-1.78047	1.13599	5.14325	5.12353
-1.76733	1.1465	5.14357	5.12649
-1.75846	1.15143	5.14555	5.12682
-1.75419	1.15702	5.14587	5.12616
-1.75944	1.14946	5.14719	5.12518
-1.7601	1.13763	5.14752	5.12419
-1.74762	1.14979	5.14587	5.12518
-1.75024	1.15274	5.14357	5.12616
-1.75682	1.14125	5.1416	5.1278
-1.74794	1.15045	5.14259	5.12879
-1.73119	1.16819	5.14259	5.12977
-1.7256	1.16556	5.14193	5.12846
-1.72133	1.16523	5.14259	5.12649
-1.7164	1.1672	5.14259	5.12419
-1.71443	1.17837	5.14292	5.12518
-1.71706	1.16851	5.14259	5.1255
-1.7187	1.16851	5.14357	5.12583
-1.71082	1.17771	5.14587	5.1278
-1.70655	1.1925	5.14752	5.12813
-1.70359	1.20301	5.14555	5.12748
-1.71378	1.20334	5.14292	5.12682
-1.71148	1.21418	5.14127	5.12649
-1.70096	1.21747	5.13865	5.12583
-1.70491	1.21681	5.14095	5.12583
-1.68684	1.22437	5.1439	5.12649
-1.68125	1.23849	5.14489	5.12518
-1.68421	1.24145	5.14325	5.12353
-1.68388	1.24704	5.14226	5.1255
-1.68651	1.24145	5.14193	5.12748
-1.68059	1.24934	5.14325	5.12945
-1.67337	1.24901	5.1462	5.12945
-1.67172	1.25656	5.1462	5.12715
-1.68059	1.26182	5.14456	5.12518
-1.68092	1.26281	5.14357	5.12419
-1.68684	1.25886	5.14325	5.12386
-1.68519	1.27332	5.14325	5.12583
-1.68125	1.26971	5.14357	5.1278
-1.67337	1.27431	5.14357	5.12813
-1.67369	1.27628	5.14423	5.12682
-1.66055	1.29336	5.1416	5.1255
-1.65694	1.2927	5.13996	5.12583
-1.653	1.29862	5.13963	5.12682
-1.65661	1.29106	5.14095	5.12616
-1.65234	1.29763	5.14259	5.12419
-1.64971	1.30125	5.1439	5.12386
-1.64807	1.29895	5.14522	5.12353
-1.63558	1.31077	5.14555	5.12419
-1.63493	1.3065	5.14522	5.12518
-1.61949	1.318	5.14259	5.12583
-1.61029	1.32129	5.14193	5.12813
-1.60207	1.32687	5.1439	5.12748
-1.59944	1.32326	5.14719	5.12682
-1.60109	1.31964	5.14719	5.12518
-1.60799	1.318	5.14522	5.12452
-1.6162	1.30289	5.1439	5.1255
-1.62244	1.29533	5.14325	5.12682
-1.62376	1.28712	5.14226	5.12912
-1.62573	1.28843	5.14062	5.12846
-1.61094	1.3134	5.14062	5.12682
-1.60174	1.33081	5.14193	5.12616
-1.59649	1.33016	5.14226	5.12748
-1.5886	1.32917	5.14226	5.12912
-1.57973	1.34527	5.14259	5.12945
-1.58006	1.33771	5.14292	5.12945
-1.57349	1.33706	5.14423	5.12813
-1.5679	1.34166	5.14555	5.1278
-1.55936	1.33509	5.14686	5.12583
-1.5656	1.32786	5.14423	5.12518
-1.58466	1.31702	5.14095	5.1255
-1.58006	1.32786	5.14095	5.12583
-1.58597	1.32096	5.1416	5.1278
-1.57677	1.32194	5.14259	5.12682
-1.5817	1.31669	5.14456	5.12616
-1.59813	1.30256	5.14686	5.1255
-1.60667	1.28975	5.1462	5.12748
-1.62376	1.27069	5.14259	5.12846
-1.63197	1.25656	5.14259	5.12945
-1.64643	1.24999	5.14456	5.12879
-1.6668	1.24507	5.14489	5.12715
-1.67172	1.23587	5.14423	5.12452
-1.67764	1.23521	5.14357	5.12255
-1.68421	1.23488	5.14357	5.12419
-1.68815	1.22437	5.14423	5.12583
-1.70031	1.2063	5.14555	5.12485
-1.69406	1.20925	5.14587	5.12452
-1.70786	1.19743	5.14555	5.1255
-1.70031	1.20564	5.14489	5.12682
-1.69439	1.21155	5.14357	5.1278
-1.71016	1.20038	5.14193	5.12846
-1.71016	1.18593	5.14127	5.12748
-1.71542	1.18593	5.14029	5.12616
-1.71969	1.1833	5.1416	5.12715
-1.7279	1.17509	5.14292	5.12616
-1.73086	1.16884	5.14423	5.12386
-1.7325	1.16687	5.14555	5.12288
-1.74236	1.16129	5.14423	5.12288
-1.74959	1.15504	5.14325	5.12419
-1.75189	1.15866	5.1439	5.12748
-1.74597	1.14946	5.1439	5.12879
-1.75156	1.14749	5.14423	5.12748
-1.7578	1.14059	5.14357	5.12386
-1.75024	1.15242	5.14423	5.12288
-1.74236	1.15045	5.14489	5.12518
-1.73776	1.16457	5.14522	5.1278
-1.74006	1.16556	5.14587	5.12682
-1.73612	1.16589	5.14489	5.12518
-1.73316	1.17771	5.14522	5.12288
-1.73053	1.17377	5.14555	5.12353
-1.72133	1.18626	5.1462	5.12518
-1.71805	1.18199	5.1439	5.12649
-1.7164	1.17673	5.1416	5.12748
-1.72002	1.17279	5.14193	5.12813
-1.70983	1.17903	5.14456	5.12748
-1.71608	1.17509	5.1462	5.12616
-1.71805	1.17016	5.14522	5.12583
-1.7256	1.15767	5.14522	5.12649
-1.71772	1.1695	5.14325	5.12649
-1.70951	1.1672	5.14226	5.12649
-1.71345	1.16523	5.14193	5.12682
-1.70885	1.15866	5.14292	5.12616
-1.71115	1.15866	5.14456	5.12583
-1.70031	1.17246	5.14719	5.12452
-1.69768	1.1695	5.14785	5.12353
-1.71476	1.16326	5.14719	5.12518
-1.70983	1.15669	5.14423	5.1278
-1.71181	1.15373	5.14226	5.12748
-1.71805	1.16129	5.14292	5.12682
-1.71772	1.14815	5.1439	5.12649
-1.72232	1.15373	5.14325	5.12583
-1.70819	1.16424	5.14226	5.12583
-1.70491	1.16326	5.14292	5.12649
-1.71673	1.15274	5.14456	5.12616
-1.72692	1.14092	5.14522	5.12682
-1.72889	1.13665	5.14357	5.12715
-1.72856	1.13862	5.14259	5.12846
-1.72725	1.14092	5.14292	5.12977
-1.73776	1.14092	5.14259	5.12945
-1.75846	1.11726	5.14193	5.12682
-1.75846	1.11266	5.1416	5.12583
-1.75714	1.10281	5.14292	5.12419
-1.75912	1.11003	5.14456	5.12419
-1.76371	1.11792	5.14489	5.1255
-1.76273	1.10905	5.14226	5.1255
-1.75353	1.11726	5.13996	5.12649
-1.76207	1.10149	5.13996	5.1278
-1.75977	1.09985	5.1416	5.12748
-1.76109	1.09624	5.1439	5.12748
-1.74433	1.12942	5.14357	5.12682
-1.73086	1.13336	5.14325	5.12616
-1.72988	1.13665	5.14193	5.12879
-1.73809	1.12613	5.14095	5.12945
-1.73447	1.13632	5.1416	5.12813
-1.73973	1.13566	5.1439	5.12715
-1.75057	1.12843	5.14489	5.1255
-1.7371	1.14157	5.14522	5.12452
-1.73973	1.14946	5.14456	5.12583
-1.73185	1.14749	5.14259	5.12583
-1.73743	1.14486	5.14193	5.12485
-1.72528	1.15307	5.14259	5.12616
-1.7279	1.14847	5.14423	5.12616
-1.73907	1.1465	5.14587	5.1255
-1.721	1.14716	5.14587	5.1255
-1.721	1.1534	5.14653	5.12485
-1.72955	1.14387	5.14489	5.12419
-1.73316	1.14157	5.14325	5.12616
-1.73447	1.14289	5.14292	5.12682
-1.72922	1.14157	5.14357	5.12682
-1.72988	1.13599	5.14259	5.12748
-1.7256	1.14486	5.1439	5.12682
-1.72002	1.15274	5.14489	5.12419
-1.72068	1.14946	5.14489	5.12419
-1.70721	1.14683	5.14456	5.1255
-1.70688	1.14815	5.14456	5.12583
-1.70556	1.14749	5.14423	5.12616
-1.70721	1.14913	5.14423	5.12616
-1.69374	1.16194	5.14259	5.12583
-1.69538	1.15767	5.14259	5.12649
-1.69275	1.15636	5.14193	5.12452
-1.69735	1.15702	5.14062	5.12452
-1.69012	1.16424	5.1416	5.12485
-1.69275	1.1557	5.14423	5.12616
-1.69045	1.15964	5.14555	5.12813
-1.70195	1.14157	5.14522	5.12879
-1.71312	1.12909	5.14522	5.12813
-1.70885	1.13336	5.14357	5.12682
-1.71049	1.13566	5.14062	5.12748
-1.72462	1.13763	5.1393	5.1255
-1.7348	1.13632	5.1416	5.12518
-1.73382	1.13829	5.1439	5.12583
-1.74072	1.12876	5.14357	5.1255
-1.7463	1.12712	5.14292	5.12748
-1.744	1.11562	5.14292	5.12715
-1.75813	1.10149	5.14292	5.12748
-1.75747	1.11102	5.14292	5.1278
-1.76831	1.08769	5.14325	5.12813
-1.7762	1.07784	5.14259	5.12682
-1.77981	1.07948	5.1439	5.12583
-1.78178	1.07849	5.14357	5.1255
-1.78047	1.07258	5.14259	5.12583
-1.77686	1.08375	5.14127	5.12518
-1.78408	1.07652	5.1416	5.12386
-1.78408	1.07455	5.14259	5.1232
-1.77324	1.08671	5.14193	5.1255
-1.76306	1.09591	5.14193	5.1278
-1.76601	1.08507	5.14325	5.12748
-1.7624	1.10346	5.14325	5.12682
-1.75616	1.11529	5.14357	5.12682
-1.75912	1.1212	5.1439	5.12649
-1.74433	1.14092	5.14259	5.1255
-1.7417	1.14519	5.14193	5.12583
-1.7371	1.15767	5.14325	5.12748
-1.72626	1.16786	5.14555	5.12879
-1.73119	1.17081	5.14522	5.1278
-1.7187	1.18231	5.14325	5.12879
-1.71608	1.18166	5.14357	5.12879
-1.71476	1.1833	5.1439	5.12715
-1.72002	1.18461	5.14456	5.12649
-1.70753	1.19513	5.14226	5.12649
-1.69702	1.20465	5.1416	5.1278
-1.71016	1.20925	5.1416	5.12715
-1.70228	1.22732	5.14456	5.12715
-1.70786	1.2178	5.14686	5.12649
-1.70589	1.20695	5.14686	5.1255
-1.71312	1.20433	5.14456	5.1255
-1.70655	1.20038	5.14062	5.1255
-1.71575	1.18527	5.13832	5.12616
-1.71608	1.17739	5.13865	5.12649
-1.71706	1.17804	5.14127	5.12485
-1.7279	1.17837	5.14357	5.12288
-1.72396	1.1764	5.14423	5.12255
-1.7279	1.1626	5.14325	5.1232
-1.73152	1.16523	5.14292	5.12518
-1.7371	1.16326	5.14193	5.1255
-1.74006	1.16063	5.14029	5.12616
-1.74597	1.14617	5.14127	5.12583
-1.74893	1.1488	5.14325	5.1255
-1.7578	1.14486	5.14653	5.12649
-1.75649	1.13435	5.1462	5.12715
-1.75419	1.13205	5.14423	5.12649
-1.7463	1.13402	5.14325	5.12518
-1.7555	1.13369	5.14292	5.12616
-1.75912	1.12876	5.14357	5.12649
-1.76109	1.13303	5.14357	5.12518
-1.76404	1.12383	5.14456	5.12419
-1.76601	1.12285	5.1439	5.1255
-1.76831	1.11891	5.14127	5.12748
-1.77653	1.10543	5.14095	5.1255
-1.78014	1.09624	5.14127	5.1232
-1.78047	1.09459	5.1416	5.12255
-1.78507	1.09361	5.14193	5.12189
-1.79098	1.08999	5.14292	5.12288
-1.79098	1.08769	5.1439	5.12485
-1.79591	1.08671	5.14259	5.12748
-1.79493	1.08145	5.14193	5.12945
-1.80511	1.07587	5.14259	5.12813
-1.80478	1.07422	5.14456	5.12682
-1.80215	1.06634	5.14522	5.12518
-1.80511	1.06075	5.14357	5.12485
-1.80478	1.07324	5.14062	5.1255
-1.81957	1.04893	5.14095	5.12583
-1.80872	1.06207	5.14325	5.12485
-1.80413	1.07422	5.14587	5.12353
-1.79723	1.07652	5.14785	5.12419
-1.79723	1.06305	5.14587	5.12386
-1.79	1.06897	5.14423	5.12419
-1.77784	1.08638	5.14226	5.12419
-1.7601	1.09985	5.14127	5.12518
-1.75484	1.10478	5.1416	5.12518
-1.75912	1.09262	5.14259	5.12419
-1.74466	1.10445	5.14292	5.12485
-1.73152	1.1235	5.14423	5.12616
-1.72659	1.12975	5.14555	5.12485
-1.72068	1.14782	5.14456	5.12386
-1.71213	1.15307	5.14357	5.12583
-1.70786	1.16753	5.14325	5.1255
-1.70458	1.16917	5.14423	5.12485
-1.69604	1.1787	5.14752	5.12518
-1.69932	1.17607	5.14916	5.12288
-1.70392	1.16523	5.14785	5.12288
-1.69144	1.18067	5.14653	5.12288
-1.69012	1.1902	5.14456	5.1232
-1.69176	1.1948	5.14357	5.12485
-1.69505	1.19841	5.14259	5.12518
-1.68782	1.20465	5.14325	5.12386
-1.69406	1.19447	5.14325	5.12452
-1.69045	1.20564	5.14259	5.1255
-1.68388	1.21024	5.14095	5.12682
-1.68092	1.21812	5.14062	5.12715
-1.67731	1.22338	5.14423	5.12879
-1.67238	1.22864	5.14686	5.12879
-1.66515	1.23324	5.1462	5.12945
-1.6645	1.23981	5.14587	5.12879
-1.66581	1.23357	5.14423	5.12748
-1.66548	1.23488	5.14456	5.12715
-1.67337	1.22207	5.1439	5.12649
-1.68059	1.22042	5.1439	5.12485
-1.67468	1.21944	5.14325	5.12452
-1.67895	1.21451	5.1416	5.12485
-1.67599	1.21878	5.14127	5.12485
-1.67961	1.21353	5.14193	5.12616
-1.67435	1.21681	5.14062	5.12748
-1.68092	1.20564	5.13996	5.12879
-1.68454	1.20465	5.14127	5.12813
-1.69834	1.19053	5.14456	5.1255
-1.70918	1.17804	5.14555	5.12485
-1.7233	1.15964	5.14555	5.12419
-1.73053	1.14387	5.1439	5.12518
-1.74006	1.14683	5.1439	5.12518
-1.74105	1.14617	5.14489	5.12518
-1.74335	1.15636	5.14587	5.12485
-1.7578	1.15702	5.14489	5.12649
-1.75452	1.15274	5.14489	5.12879
-1.75386	1.14519	5.14292	5.12846
-1.75189	1.14026	5.14127	5.1278
-1.75484	1.13336	5.14259	5.12682
-1.75386	1.13566	5.14522	5.12583
-1.74597	1.13106	5.14653	5.12616
-1.73776	1.13369	5.14522	5.12518
-1.74105	1.13073	5.1439	5.12353
-1.74335	1.11923	5.14325	5.12518
-1.74367	1.12909	5.14193	5.12649
-1.74532	1.13566	5.14259	5.12748
-1.7417	1.13599	5.1439	5.12846
-1.73973	1.1396	5.14357	5.12977
-1.74663	1.13927	5.14292	5.12879
-1.75123	1.13303	5.14226	5.12813
-1.75484	1.12088	5.14259	5.12715
-1.76799	1.10938	5.14259	5.12748
-1.75977	1.12449	5.14226	5.12813
-1.75813	1.12712	5.14259	5.12748
-1.74105	1.1304	5.14292	5.12616
-1.74137	1.13862	5.14292	5.1255
-1.74762	1.12679	5.14357	5.1255
-1.74367	1.12679	5.1439	5.12583
-1.72955	1.13829	5.14489	5.12682
-1.72758	1.14519	5.1439	5.12649
-1.72626	1.14026	5.14292	5.12616
-1.72692	1.13665	5.14193	5.12518
-1.72659	1.13927	5.14226	5.12518
-1.73185	1.12843	5.14292	5.12616
-1.72462	1.13238	5.1416	5.12748
-1.72166	1.1304	5.13996	5.12748
-1.73283	1.12778	5.14095	5.1278
-1.73086	1.12285	5.14357	5.12748
-1.74236	1.11299	5.14522	5.12715
-1.74597	1.11299	5.14522	5.1255
-1.74992	1.10248	5.14357	5.12649
-1.75846	1.10478	5.14357	5.1278
-1.75517	1.10708	5.14259	5.12813
-1.75024	1.11891	5.14325	5.1278
-1.74959	1.11661	5.14456	5.12485
-1.75747	1.09525	5.14752	5.12353
-1.75977	1.09262	5.14653	5.1255
-1.75682	1.09558	5.14522	5.1255
-1.76536	1.08868	5.14423	5.12583
-1.7739	1.07258	5.1439	5.1278
-1.7808	1.07094	5.14522	5.12813
-1.77784	1.07422	5.14587	5.12649
-1.78047	1.06338	5.1439	5.12583
-1.78178	1.07422	5.14325	5.12649
-1.77554	1.09262	5.1416	5.12682
-1.78803	1.08112	5.14062	5.12649
-1.78967	1.08309	5.13996	5.12583
-1.77948	1.09525	5.14226	5.12583
-1.78376	1.09952	5.14423	5.12715
-1.78178	1.10116	5.14522	5.12682
-1.78343	1.10478	5.14522	5.12616
-1.78606	1.10872	5.14555	5.12748
-1.78737	1.09689	5.1439	5.1278
-1.79197	1.08704	5.1439	5.12813
-1.78638	1.10314	5.14522	5.12583
-1.77259	1.12022	5.14587	5.1255
-1.77094	1.1212	5.14522	5.12682
-1.77587	1.11595	5.14423	5.12649
-1.77226	1.12515	5.14259	5.12616
-1.77324	1.12449	5.14193	5.12616
-1.77456	1.12186	5.14325	5.1255
-1.7693	1.12285	5.14456	5.1255
-1.75977	1.12022	5.14719	5.12485
-1.75254	1.1304	5.14752	5.12386
-1.74597	1.12778	5.14522	5.12419
-1.7371	1.12383	5.14489	5.12649
-1.72988	1.12712	5.14357	5.12813
-1.73217	1.12022	5.1439	5.12945
-1.7325	1.10642	5.14456	5.1278
-1.7394	1.09525	5.1462	5.1255
-1.7325	1.09821	5.14587	5.12419
-1.73612	1.08507	5.14292	5.12616
-1.74105	1.08474	5.14029	5.12583
-1.73875	1.09032	5.13963	5.12583
-1.74893	1.07652	5.14127	5.12649
-1.75222	1.07028	5.14357	5.1255
-1.7532	1.06371	5.14555	5.12649
-1.7555	1.06601	5.14719	5.12748
-1.75977	1.06798	5.14555	5.12813
-1.76404	1.05681	5.1439	5.13109
-1.75977	1.07127	5.1416	5.13076
-1.76996	1.06667	5.14193	5.12912
-1.77423	1.0578	5.14259	5.12616
-1.7762	1.05024	5.14325	5.12419
-1.77916	1.05385	5.14226	5.12353
-1.76503	1.06732	5.14292	5.12649
-1.75977	1.07028	5.14357	5.12945
-1.74893	1.07849	5.14292	5.1301
-1.75517	1.08014	5.14357	5.12813
-1.76273	1.08079	5.1439	5.12715
-1.76043	1.09525	5.14423	5.12748
-1.76076	1.10478	5.14489	5.1278
-1.75977	1.11365	5.1439	5.12583
-1.75386	1.11858	5.14226	5.12419
-1.74696	1.12646	5.14325	5.12353
-1.7463	1.13533	5.1439	5.12288
-1.7394	1.14125	5.14193	5.12189
-1.74039	1.13927	5.14193	5.12386
-1.74729	1.12416	5.14259	5.12452
-1.75714	1.12679	5.14259	5.12452
-1.75222	1.13106	5.1416	5.12518
-1.76109	1.12613	5.1416	5.12386
-1.76404	1.11496	5.14259	5.1232
-1.76109	1.12055	5.14423	5.12255
-1.75879	1.13073	5.14489	5.1232
-1.75912	1.12383	5.14489	5.1255
-1.76996	1.11135	5.14325	5.12715
-1.7808	1.09689	5.14062	5.12583
-1.76536	1.1212	5.13799	5.1255
-1.7624	1.10773	5.13963	5.12353
-1.76339	1.11003	5.1416	5.12452
-1.74729	1.11562	5.14292	5.12616
-1.73743	1.1235	5.14193	5.1278
-1.73349	1.12876	5.1393	5.12583
-1.72955	1.13172	5.13799	5.12419
-1.721	1.1442	5.13963	5.12419
-1.72758	1.13862	5.14226	5.12485
-1.71509	1.13632	5.14193	5.12583
-1.71575	1.14026	5.14259	5.12518
-1.70786	1.15176	5.1439	5.12452
-1.70425	1.15964	5.14522	5.12583
-1.68782	1.17016	5.14423	5.12682
-1.68388	1.18199	5.14193	5.12649
-1.68388	1.16884	5.14226	5.12813
-1.67369	1.16457	5.14456	5.1278
-1.66515	1.18264	5.14522	5.12616
-1.66318	1.19184	5.1439	5.12715
-1.65398	1.2063	5.14325	5.12813
-1.64675	1.21188	5.14357	5.12682
-1.64215	1.22141	5.14522	5.12518
-1.6277	1.23159	5.14555	5.12386
-1.61653	1.23685	5.14587	5.12386
-1.61127	1.24342	5.14653	5.12518
-1.59714	1.25426	5.14489	5.12583
-1.60766	1.24966	5.1439	5.12583
-1.59254	1.26084	5.14357	5.12715
-1.58335	1.27496	5.14555	5.12715
-1.58499	1.27661	5.14653	5.12879
-1.57677	1.28515	5.14555	5.12977
-1.57973	1.28778	5.14456	5.12977
-1.584	1.27398	5.14357	5.13043
-1.58663	1.27135	5.14423	5.13043
-1.58236	1.27562	5.14423	5.12748
-1.57218	1.28679	5.14587	5.12485
-1.58203	1.28515	5.14653	5.12353
-1.5863	1.27956	5.1439	5.12386
-1.59057	1.28745	5.14095	5.12583
-1.59846	1.28745	5.14127	5.1278
-1.60207	1.27628	5.14325	5.12879
-1.60372	1.27069	5.1462	5.12813
-1.60273	1.26412	5.14752	5.12715
-1.60569	1.25952	5.14686	5.12583
-1.61193	1.25361	5.14423	5.1255
-1.62277	1.23882	5.14292	5.12748
-1.62671	1.22765	5.1439	5.12879
-1.63493	1.21353	5.14555	5.12846
-1.64905	1.2017	5.14653	5.1255
-1.66285	1.1971	5.14752	5.12419
-1.66384	1.18954	5.14653	5.12452
-1.66187	1.19611	5.14587	5.12616
-1.66252	1.19217	5.14423	5.12715
-1.67304	1.19184	5.1439	5.1278
-1.67402	1.19283	5.14325	5.12682
-1.68158	1.18626	5.14325	5.12419
-1.68782	1.16326	5.14259	5.12419
-1.69604	1.15406	5.14226	5.1255
-1.70819	1.14059	5.14193	5.12748
-1.71246	1.13336	5.14292	5.12945
-1.72528	1.1258	5.14423	5.12846
-1.72298	1.1327	5.14423	5.12715
-1.71838	1.13829	5.14555	5.1255
-1.71345	1.14519	5.14587	5.12452
-1.72265	1.12482	5.1439	5.12452
-1.71739	1.13533	5.1416	5.12419
-1.71608	1.13402	5.14062	5.12288
-1.71575	1.14157	5.14292	5.12255
-1.72199	1.13336	5.14522	5.12353
-1.7233	1.1258	5.14522	5.12222
-1.73152	1.10576	5.14587	5.1209
-1.73152	1.10084	5.14522	5.12353
-1.72528	1.11168	5.14423	5.12682
-1.7256	1.11398	5.14423	5.12879
-1.72988	1.11233	5.14456	5.12715
-1.7302	1.11923	5.14357	5.12386
-1.72659	1.12515	5.14357	5.12222
-1.7279	1.12712	5.14325	5.12386
-1.72035	1.13533	5.14357	5.1255
-1.71936	1.135	5.14489	5.12583
-1.72955	1.13796	5.14423	5.12682
-1.73809	1.12646	5.1439	5.12649
-1.7371	1.13468	5.14587	5.12386
-1.72758	1.15077	5.14719	5.12288
-1.73612	1.14946	5.14686	5.12288
-1.7486	1.13665	5.14686	5.12419
-1.74696	1.1281	5.14653	5.12419
-1.74992	1.12186	5.14357	5.12353
-1.75189	1.12482	5.14357	5.12518
-1.74729	1.12186	5.14522	5.12583
-1.75714	1.11529	5.14456	5.1255
-1.75747	1.10938	5.14423	5.12419
-1.75714	1.11759	5.1439	5.12419
-1.75912	1.11398	5.14357	5.12518
-1.76601	1.09689	5.14095	5.12682
-1.76897	1.09591	5.1393	5.12682
-1.77784	1.07784	5.13865	5.12682
-1.78408	1.06667	5.14095	5.1278
-1.77817	1.06897	5.14357	5.12846
-1.7923	1.06075	5.14357	5.12813
-1.78047	1.06535	5.14193	5.12715
-1.7877	1.05977	5.1416	5.12682
-1.7877	1.0647	5.14226	5.1255
-1.78376	1.06437	5.14456	5.1255
-1.79197	1.06075	5.14653	5.12353
-1.79164	1.06305	5.14653	5.12123
-1.80051	1.0601	5.14555	5.12156
-1.78934	1.07389	5.14423	5.12386
-1.79328	1.07554	5.14423	5.12616
-1.80117	1.06272	5.14653	5.12682
-1.79788	1.05845	5.14555	5.12485
-1.79361	1.06864	5.14357	5.12353
-1.79328	1.06437	5.14325	5.12518
-1.80018	1.0647	5.1439	5.12583
-1.79361	1.06108	5.1439	5.12518
-1.79394	1.06601	5.14555	5.12452
-1.78737	1.07192	5.14653	5.12485
-1.79033	1.07488	5.14522	5.12386
-1.79624	1.07784	5.14226	5.1255
-1.78803	1.08375	5.14127	5.12682
-1.76503	1.09492	5.14292	5.12518
-1.76437	1.08572	5.14423	5.12386
-1.75452	1.08671	5.14325	5.12386
-1.76141	1.07751	5.14226	5.12419
-1.77029	1.06732	5.14292	5.12353
-1.76766	1.07094	5.14259	5.12189
-1.77127	1.06962	5.14226	5.12288
-1.77029	1.06962	5.1439	5.1255
-1.76864	1.07324	5.14522	5.12748
-1.76437	1.07357	5.14587	5.12912
-1.76766	1.06962	5.14555	5.12682
-1.76437	1.07455	5.14423	5.12353
-1.75156	1.08112	5.1439	5.12123
-1.73579	1.10051	5.14456	5.1232
-1.74105	1.09755	5.14587	5.12452
-1.73316	1.11496	5.14686	5.12682
-1.721	1.135	5.1462	5.12715
-1.72725	1.12186	5.14653	5.1255
-1.7233	1.13238	5.14686	5.12419
-1.71443	1.14552	5.14555	5.12485
-1.70622	1.1442	5.14423	5.1255
-1.69439	1.16589	5.14325	5.12583
-1.69735	1.158	5.14325	5.12583
-1.69176	1.18133	5.14325	5.12583
-1.67468	1.17377	5.1439	5.12748
-1.67862	1.16457	5.14522	5.12649
-1.69176	1.15504	5.14522	5.12419
-1.70228	1.1511	5.14259	5.12419
-1.69932	1.14913	5.14062	5.12452
-1.70983	1.15767	5.1393	5.12583
-1.70458	1.1626	5.14193	5.12748
-1.69768	1.17574	5.1439	5.12616
-1.70753	1.17311	5.14423	5.1255
-1.70359	1.1695	5.14193	5.12452
-1.70655	1.17246	5.14062	5.12485
-1.69374	1.17607	5.14127	5.12616
-1.67928	1.18856	5.14292	5.12912
-1.67139	1.19086	5.14259	5.1301
-1.66647	1.20137	5.14193	5.12682
-1.67107	1.20137	5.14357	5.12518
-1.67369	1.19217	5.14325	5.1255
-1.68848	1.18231	5.14127	5.12879
-1.68651	1.19118	5.14127	5.12879
-1.69012	1.1902	5.14292	5.12715
-1.68782	1.18888	5.14423	5.12583
-1.67534	1.20433	5.14555	5.1255
-1.67862	1.20104	5.14522	5.1255
-1.66877	1.19578	5.1439	5.12649
-1.66515	1.20433	5.1416	5.12715
-1.67698	1.19907	5.13963	5.12682
-1.68289	1.19414	5.13963	5.12682
-1.67534	1.20663	5.14259	5.1255
-1.67435	1.21385	5.1439	5.12419
-1.66252	1.2132	5.14489	5.12583
-1.67107	1.2017	5.14423	5.12748
-1.67041	1.21155	5.14259	5.12682
-1.67041	1.20597	5.14062	5.12452
-1.66121	1.22371	5.1393	5.1232
-1.66581	1.21714	5.14095	5.12189
-1.66581	1.21517	5.14259	5.12222
-1.67895	1.20433	5.1439	5.12452
-1.67008	1.20991	5.14259	5.12518
-1.67928	1.20695	5.14095	5.12682
-1.66778	1.22272	5.14226	5.12879
-1.66088	1.22338	5.14522	5.1301
-1.66548	1.2132	5.14587	5.12977
-1.68618	1.19184	5.14423	5.12879
-1.68158	1.19414	5.14193	5.12583
-1.68914	1.19677	5.14127	5.12452
-1.69899	1.1856	5.1416	5.12452
-1.69242	1.1994	5.1439	5.12649
-1.69505	1.20038	5.14555	5.12682
-1.69176	1.20663	5.14653	5.12715
-1.71279	1.18954	5.14522	5.12748
-1.70819	1.19414	5.1416	5.12715
-1.70721	1.19677	5.1393	5.12649
-1.71443	1.18888	5.14062	5.12485
-1.72659	1.17804	5.1439	5.1255
-1.7302	1.17081	5.14587	5.12583
-1.74039	1.1672	5.14522	5.12518
-1.74466	1.16194	5.14423	5.12386
-1.75156	1.15472	5.14062	5.12419
-1.76141	1.15045	5.1416	5.12583
-1.76963	1.14059	5.14522	5.12715
-1.78671	1.11858	5.14555	5.12649
-1.80347	1.10281	5.14456	5.12616
-1.80905	1.08934	5.14489	5.12518
-1.81037	1.09065	5.14489	5.12419
-1.80478	1.09262	5.14423	5.1232
-1.81562	1.08539	5.14292	5.12485
-1.81365	1.08112	5.14357	5.12649
-1.81792	1.07718	5.14522	5.12748
-1.82252	1.06305	5.14522	5.12583
-1.82679	1.04433	5.14587	5.12288
-1.83337	1.03776	5.14555	5.12156
-1.83599	1.03151	5.14686	5.12288
-1.83567	1.03677	5.14555	5.12452
-1.83731	1.03874	5.14292	5.12616
-1.83304	1.04958	5.14127	5.12682
-1.84486	1.0348	5.14226	5.12649
-1.85275	1.03414	5.1439	5.12485
-1.84815	1.04728	5.14423	5.12485
-1.85242	1.04695	5.14325	5.12518
-1.84224	1.05451	5.14325	5.1255
-1.85603	1.02067	5.14292	5.12649
-1.85538	1.02264	5.14357	5.12715
-1.85636	1.01574	5.14357	5.12682
-1.86129	1.00819	5.14259	5.12616
-1.86983	1.00392	5.14062	5.12649
-1.86392	1.01246	5.14062	5.12879
-1.86293	1.01344	5.14127	5.12813
-1.85012	1.02264	5.14292	5.12583
-1.84848	1.01673	5.14456	5.12616
-1.85144	1.01377	5.14719	5.12616
-1.85341	1.00753	5.14719	5.12518
-1.85439	1.00917	5.14587	5.12583
-1.84848	1.00852	5.14357	5.12879
-1.83665	1.02396	5.14193	5.13109
-1.84158	1.021	5.14325	5.13142
-1.84092	1.02166	5.14292	5.1278
-1.83599	1.02429	5.14226	5.12485
-1.84388	1.01509	5.14357	5.12386
-1.83665	1.03086	5.14555	5.12419
-1.83304	1.03611	5.14489	5.12682
-1.83172	1.02757	5.1439	5.12583
-1.82811	1.02166	5.14259	5.12386
-1.81562	1.04827	5.14193	5.1232
-1.82055	1.03447	5.1439	5.12353
-1.80872	1.05024	5.14522	5.12353
-1.80807	1.05812	5.14423	5.12353
-1.80708	1.0624	5.14357	5.1232
-1.80577	1.06995	5.14456	5.12386
-1.80971	1.07849	5.14555	5.12583
-1.8038	1.06305	5.14555	5.12748
-1.80117	1.05812	5.14522	5.12748
-1.79985	1.05878	5.1439	5.12649
-1.80544	1.04367	5.14292	5.1255
-1.80675	1.0394	5.14259	5.12485
-1.80511	1.03447	5.1439	5.12518
-1.7946	1.03874	5.1439	5.12583
-1.79197	1.03513	5.14587	5.12419
-1.78047	1.05878	5.14489	5.12518
-1.7854	1.05878	5.14325	5.12452
-1.7831	1.06371	5.14226	5.12419
-1.79033	1.06995	5.14325	5.12616
-1.78014	1.07455	5.14423	5.12813
-1.78671	1.07915	5.14686	5.12813
-1.77981	1.09229	5.14785	5.12813
-1.77883	1.07915	5.14653	5.12813
-1.77981	1.07849	5.14522	5.12715
-1.78507	1.08178	5.14357	5.12649
-1.78441	1.08868	5.14489	5.12288
-1.77784	1.08277	5.14555	5.12123
-1.77291	1.08605	5.14686	5.12255
-1.77291	1.08868	5.1462	5.12353
-1.76306	1.09591	5.14587	5.12419
-1.7647	1.10018	5.14423	5.12386
-1.75353	1.11431	5.14357	5.12419
-1.7394	1.13139	5.14555	5.12583
-1.73776	1.14092	5.14555	5.12748
-1.72955	1.1557	5.14555	5.1278
-1.72758	1.16983	5.14555	5.12748
-1.73283	1.15964	5.14653	5.12813
-1.72955	1.15964	5.14587	5.12715
-1.72199	1.16556	5.14587	5.12682
-1.71148	1.16983	5.1439	5.1278
-1.70261	1.1787	5.14325	5.12649
-1.69472	1.19644	5.14357	5.12649
-1.69144	1.1948	5.14357	5.12616
-1.68946	1.19546	5.14357	5.12682
-1.68092	1.20728	5.14325	5.12682
-1.67534	1.2109	5.14292	5.12682
-1.67862	1.21057	5.14292	5.12485
-1.6622	1.22568	5.14325	5.12386
-1.65858	1.23521	5.14423	5.12419
-1.65595	1.23619	5.14587	5.12353
-1.6553	1.22502	5.14686	5.12419
-1.65135	1.23389	5.14653	5.12518
-1.653	1.23521	5.1439	5.12452
-1.65037	1.23817	5.14489	5.12386
-1.64873	1.23291	5.14653	5.12419
-1.65004	1.23422	5.14653	5.12353
-1.6438	1.24145	5.1439	5.1232
-1.64544	1.23225	5.14193	5.12353
-1.65497	1.22732	5.14292	5.1255
-1.65168	1.23324	5.1439	5.12813
-1.66252	1.2155	5.14423	5.12846
-1.66942	1.2132	5.14325	5.12649
-1.67271	1.21353	5.14456	5.12485
-1.68815	1.20761	5.14226	5.12452
-1.68585	1.20761	5.14095	5.12353
-1.67994	1.21517	5.14127	5.12419
-1.67665	1.22042	5.1439	5.1255
-1.68027	1.22141	5.14555	5.12649
-1.67337	1.22732	5.14587	5.12748
-1.66811	1.2201	5.14587	5.12616
-1.67337	1.21024	5.14587	5.12485
-1.68027	1.20465	5.14423	5.1255
-1.66942	1.21254	5.14259	5.12616
-1.67862	1.20268	5.14292	5.12682
-1.67567	1.21287	5.14325	5.12748
-1.67172	1.20827	5.14325	5.12715
-1.68059	1.2109	5.14325	5.12649
-1.68158	1.21057	5.14325	5.12583
-1.68618	1.2086	5.14325	5.1255
-1.69834	1.18954	5.1439	5.12485
-1.68979	1.20367	5.14357	5.1255
-1.69636	1.17969	5.14325	5.12485
-1.69801	1.18396	5.14292	5.12452
-1.71213	1.16326	5.14193	5.1255
-1.71509	1.15964	5.1416	5.12452
-1.73119	1.1442	5.14423	5.12386
-1.72626	1.15242	5.14555	5.12452
-1.72692	1.14289	5.14555	5.12715
-1.7279	1.13829	5.14489	5.13076
-1.73053	1.14683	5.14423	5.13109
-1.73283	1.14256	5.1439	5.13043
-1.74597	1.1304	5.14325	5.12945
-1.74992	1.12318	5.14292	5.12748
-1.75977	1.10839	5.14259	5.12583
-1.7578	1.10543	5.14456	5.12583
-1.75846	1.10511	5.14522	5.12649
-1.76667	1.10248	5.14456	5.12518
-1.76536	1.10543	5.14423	5.12452
-1.77817	1.10182	5.14292	5.1255
-1.79854	1.08178	5.14259	5.12682
-1.79723	1.07718	5.14193	5.12912
-1.80051	1.0624	5.14292	5.12977
-1.79624	1.06437	5.1439	5.12682
-1.8061	1.05287	5.14357	5.12518
-1.80281	1.0578	5.14325	5.12419
-1.81595	1.02987	5.14325	5.12485
-1.8153	1.03053	5.14259	5.12583
-1.82187	1.02264	5.14325	5.12682
-1.82121	1.02527	5.14292	5.12518
-1.82745	1.01706	5.14357	5.12353
-1.83862	1.01049	5.14456	5.1209
-1.83599	1.01311	5.14357	5.1209
-1.84454	0.995373	5.14292	5.12288
-1.84059	1.00326	5.14292	5.12452
-1.84914	0.992417	5.14489	5.1255
-1.86425	0.985846	5.14522	5.12748
-1.86162	0.994716	5.14653	5.12879
-1.87016	0.996688	5.14653	5.12879
-1.86885	0.998002	5.14522	5.12945
-1.86523	1.00753	5.14325	5.12846
-1.86589	1.0141	5.14193	5.12649
-1.86655	1.01936	5.14095	5.12616
-1.86458	1.01903	5.13996	5.12583
-1.86523	1.01213	5.14259	5.1255
-1.85373	1.02856	5.14456	5.12452
-1.85702	1.02626	5.14456	5.12419
-1.85702	1.0302	5.14292	5.12518
-1.85899	1.01509	5.14325	5.12616
-1.85702	1.00786	5.1439	5.1278
-1.86063	1.01443	5.14489	5.12879
-1.86523	1.0118	5.14522	5.12748
-1.86622	1.00983	5.1439	5.1255
-1.86162	1.01541	5.14193	5.12616
-1.86096	1.01509	5.14029	5.12715
-1.86195	1.021	5.14029	5.12616
-1.86425	1.00819	5.14259	5.12485
-1.86261	1.00523	5.14489	5.12452
-1.85571	1.00293	5.14686	5.12386
-1.86031	0.996359	5.1462	5.12419
-1.85965	1.00293	5.14587	5.12616
-1.85341	1.01673	5.14489	5.12682
-1.84716	1.0302	5.14522	5.12813
-1.85045	1.01706	5.14489	5.12813
-1.83665	1.03316	5.14357	5.12715
-1.83599	1.02363	5.14062	5.12518
-1.82088	1.0371	5.1416	5.12485
-1.81694	1.0325	5.14292	5.12485
-1.8176	1.0233	5.14325	5.12682
-1.81661	1.02166	5.14423	5.12748
-1.81234	1.02231	5.14259	5.12616
-1.81267	1.02396	5.1439	5.12682
-1.81168	1.02954	5.14489	5.12715
-1.80872	1.04268	5.14292	5.12715
-1.81037	1.03611	5.14095	5.1278
-1.81201	1.0256	5.14062	5.1278
-1.80675	1.03546	5.13996	5.12813
-1.79427	1.04958	5.14127	5.12813
-1.77423	1.05878	5.14325	5.12649
-1.7762	1.05517	5.14423	5.1255
-1.77193	1.05057	5.14325	5.1278
-1.7601	1.06962	5.14292	5.12846
-1.74696	1.07849	5.14193	5.12682
-1.74729	1.06732	5.14127	5.12649
-1.74499	1.07685	5.14259	5.12748
-1.72922	1.09689	5.14325	5.12748
-1.73743	1.10149	5.14357	5.1278
-1.74367	1.09755	5.14357	5.12616
-1.74335	1.09492	5.14423	5.12485
-1.73809	1.10445	5.14292	5.12518
-1.74532	1.11792	5.14259	5.12583
-1.74302	1.12055	5.14325	5.12715
-1.74564	1.11332	5.14423	5.12879
-1.73842	1.11365	5.14522	5.13043
-1.73907	1.12778	5.14489	5.13109
-1.72659	1.14387	5.14325	5.1301
-1.73119	1.14585	5.14292	5.12813
-1.73053	1.15176	5.14522	5.12715
-1.71608	1.16851	5.14653	5.12715
-1.71936	1.16194	5.14489	5.12649
-1.71181	1.17114	5.14489	5.12649
-1.71706	1.17081	5.1416	5.12649
-1.71312	1.16589	5.14095	5.12682
-1.71378	1.15472	5.1416	5.12748
-1.70852	1.14913	5.1439	5.12748
-1.70359	1.15307	5.14555	5.12649
-1.70392	1.14815	5.14489	5.12485
-1.70786	1.14913	5.14489	5.12288
-1.71016	1.1511	5.1439	5.12353
-1.71575	1.1465	5.14423	5.12485
-1.71575	1.13665	5.14456	5.12583
-1.72823	1.13106	5.14456	5.12419
-1.71969	1.13796	5.14522	5.12353
-1.71838	1.15045	5.14522	5.12353
-1.71969	1.14256	5.14456	5.1232
-1.71805	1.15077	5.14259	5.12518
-1.72955	1.14585	5.14259	5.12715
-1.72495	1.14387	5.14193	5.12682
-1.74203	1.1235	5.1416	5.12682
-1.73349	1.13566	5.1439	5.12485
-1.7417	1.1281	5.14555	5.12485
-1.7486	1.11693	5.14555	5.12485
-1.74794	1.11003	5.14522	5.1255
-1.76141	1.09985	5.14555	5.12583
-1.77587	1.08047	5.14555	5.12715
-1.77489	1.07817	5.14423	5.12813
-1.76569	1.07225	5.14423	5.12682
-1.75747	1.07817	5.1439	5.12518
-1.75616	1.07784	5.14292	5.12452
-1.75484	1.08145	5.14193	5.1255
-1.75583	1.06437	5.14259	5.1278
-1.75813	1.07521	5.14259	5.12846
-1.76043	1.07521	5.14226	5.12715
-1.76733	1.07258	5.14226	5.1255
-1.77456	1.044	5.1439	5.12386
-1.77291	1.04203	5.1439	5.12485
-1.77061	1.04334	5.14423	5.12649
-1.77029	1.03776	5.14555	5.12846
-1.77127	1.04367	5.14555	5.12945
-1.77653	1.03053	5.14456	5.1278
-1.79033	1.01443	5.14325	5.12485
-1.80774	0.998987	5.14357	5.12419
-1.82154	0.987817	5.1439	5.12518
-1.82679	0.987488	5.1439	5.12616
-1.83074	0.976975	5.14489	5.1255
-1.83369	0.981575	5.1462	5.12518
-1.84355	0.972047	5.14555	5.12452
-1.84848	0.97139	5.14456	5.12485
-1.85111	0.974347	5.14292	5.12748
-1.85242	0.971061	5.14127	5.12715
-1.85669	0.956605	5.14062	5.12583
-1.86228	0.950692	5.14127	5.1255
-1.86293	0.960548	5.14325	5.12419
-1.87608	0.953977	5.14522	5.12452
-1.87838	0.954963	5.1462	5.12452
-1.88626	0.93755	5.14456	5.12583
-1.88889	0.933608	5.14259	5.1278
-1.87706	0.956277	5.14095	5.12813
-1.88133	0.966462	5.14259	5.12649
-1.88922	0.949706	5.14292	5.1255
-1.8902	0.940507	5.14292	5.12419
-1.89743	0.920137	5.14193	5.12288
-1.90762	0.910938	5.14062	5.12386
-1.91123	0.908638	5.14259	5.12452
-1.9132	0.90601	5.14423	5.12518
-1.91616	0.886626	5.14555	5.1255
-1.92043	0.89024	5.14555	5.12583
-1.92634	0.887612	5.14587	5.12452
-1.91616	0.901082	5.14423	5.12485
-1.91287	0.899111	5.14292	5.12682
-1.90433	0.911595	5.14259	5.12715
-1.90959	0.906339	5.14259	5.12715
-1.90794	0.906667	5.14325	5.12715
-1.90827	0.903382	5.1439	5.12616
-1.91057	0.911595	5.14357	5.12518
-1.91649	0.902068	5.1439	5.12419
-1.91024	0.91061	5.14357	5.12518
-1.90104	0.933279	5.14456	5.12583
-1.89382	0.938864	5.14456	5.12583
-1.88725	0.950035	5.14423	5.1255
-1.88495	0.948392	5.1439	5.12518
-1.87673	0.951349	5.14325	5.1255
-1.86261	0.968104	5.14193	5.1255
-1.85965	0.96449	5.14226	5.12452
-1.85768	0.967119	5.14127	5.12386
-1.85275	0.967776	5.14292	5.12288
-1.84289	0.981903	5.14357	5.12419
-1.84026	0.977961	5.14555	5.12419
-1.83961	0.979932	5.14653	5.12353
-1.82975	1.00293	5.14686	5.12386
-1.82417	1.01607	5.14489	5.12616
-1.81661	1.02626	5.14062	5.12813
-1.8153	1.0302	5.13996	5.12715
-1.80938	1.02231	5.14259	5.12419
-1.80708	1.03611	5.1439	5.12288
-1.81332	1.03283	5.1439	5.12386
-1.80314	1.03973	5.14259	5.12485
-1.80117	1.04695	5.1416	5.12616
-1.78934	1.05517	5.14193	5.12616
-1.7877	1.05451	5.14259	5.12518
-1.79328	1.05254	5.14357	5.12485
-1.79854	1.05418	5.1439	5.12288
-1.80051	1.05287	5.14325	5.12419
-1.79033	1.06075	5.14193	5.12649
-1.78606	1.06174	5.14259	5.12616
-1.77916	1.06732	5.14522	5.12452
-1.77948	1.06568	5.14686	5.12386
-1.77127	1.07357	5.14653	5.1232
-1.77061	1.07751	5.14456	5.12386
-1.76207	1.09919	5.14357	5.12649
-1.75583	1.11003	5.14456	5.12682
-1.7532	1.10215	5.1439	5.12682
-1.74959	1.10543	5.14423	5.1255
-1.74762	1.12055	5.14587	5.12386
-1.7486	1.11529	5.14653	5.12353
-1.7509	1.12843	5.14522	5.12583
-1.73185	1.13862	5.14325	5.1278
-1.72856	1.1465	5.14259	5.12945
-1.72396	1.15012	5.14325	5.12879
-1.72298	1.15932	5.14292	5.12583
-1.72199	1.15833	5.14357	5.12353
-1.71378	1.1534	5.1462	5.12386
-1.7164	1.15472	5.14719	5.12452
-1.71805	1.15373	5.14587	5.12682
-1.71181	1.16392	5.14292	5.12649
-1.71476	1.15669	5.14127	5.12583
-1.71115	1.15997	5.1416	5.12616
-1.70129	1.1718	5.1439	5.12715
-1.69439	1.1626	5.14752	5.12485
-1.69866	1.16194	5.1462	5.12419
-1.69045	1.16654	5.14259	5.1255
-1.69176	1.16359	5.14029	5.12616
-1.69505	1.16556	5.14226	5.12682
-1.69209	1.15833	5.14456	5.12518
-1.69374	1.16326	5.1439	5.12288
-1.70523	1.16556	5.14193	5.12189
-1.68946	1.1833	5.14193	5.12255
-1.68059	1.18494	5.14193	5.12222
-1.66811	1.19151	5.1439	5.12288
-1.64413	1.21385	5.14357	5.1232
-1.63756	1.2224	5.14259	5.12583
-1.63723	1.21254	5.14325	5.1301
-1.62868	1.2247	5.14357	5.13142
-1.62836	1.22075	5.14259	5.13076
-1.6346	1.21484	5.14325	5.12912
-1.64544	1.21123	5.1439	5.12682
-1.63821	1.21747	5.14423	5.12583
-1.62934	1.21582	5.14555	5.12386
-1.63821	1.21188	5.14587	5.1232
-1.63558	1.20498	5.1439	5.1232
-1.6461	1.1925	5.14226	5.1255
-1.66647	1.17903	5.14226	5.12649
-1.66975	1.18264	5.14423	5.12682
-1.67172	1.17377	5.14489	5.12649
-1.6668	1.18264	5.14587	5.12649
-1.66942	1.17771	5.14456	5.12649
-1.67402	1.17081	5.14357	5.12616
-1.68158	1.18264	5.14226	5.12485
-1.69636	1.17213	5.14193	5.12583
-1.70655	1.17114	5.14292	5.12682
-1.71312	1.17081	5.14456	5.12813
-1.72528	1.16687	5.14456	5.12879
-1.73776	1.17016	5.1439	5.12879
-1.74367	1.16359	5.14357	5.1278
-1.74762	1.16359	5.14456	5.12813
-1.75222	1.15669	5.14555	5.12649
-1.74827	1.1626	5.14489	5.12583
-1.7578	1.1511	5.14292	5.12583
-1.76371	1.15373	5.14193	5.12452
-1.75846	1.15176	5.1416	5.12255
-1.75944	1.1465	5.14259	5.12222
-1.76799	1.1488	5.14357	5.12419
-1.76109	1.15504	5.14259	5.12583
-1.74893	1.16654	5.14095	5.12682
-1.744	1.1626	5.1416	5.12616
-1.7463	1.16424	5.14456	5.12452
-1.75649	1.14683	5.1462	5.12518
-1.75977	1.14519	5.14653	5.12583
-1.77127	1.13533	5.14456	5.1255
-1.77193	1.12318	5.14522	5.12649
-1.77127	1.12646	5.1462	5.12616
-1.76503	1.12449	5.14587	5.1255
-1.76273	1.11989	5.1462	5.12419
-1.77324	1.11463	5.14489	5.12452
-1.77061	1.11201	5.14292	5.12419
-1.7578	1.12285	5.1416	5.12518
-1.75517	1.13303	5.14193	5.12649
-1.7624	1.13172	5.14357	5.12715
-1.7601	1.13665	5.14587	5.12649
-1.76174	1.14092	5.14752	5.12583
-1.7555	1.14683	5.14653	5.12616
-1.75386	1.15406	5.14522	5.12715
-1.7532	1.14913	5.1439	5.1278
-1.7578	1.1465	5.14357	5.12813
-1.74959	1.15209	5.14292	5.12813
-1.744	1.1534	5.14489	5.12518
-1.74072	1.14847	5.1462	5.12386
-1.7394	1.14125	5.14423	5.12616
-1.74564	1.13533	5.14062	5.12715
-1.75714	1.12055	5.13832	5.12649
-1.75024	1.12449	5.1393	5.12748
-1.74072	1.13139	5.14062	5.12748
-1.73513	1.1327	5.14259	5.12879
-1.74499	1.11923	5.14292	5.12912
-1.75879	1.11365	5.14127	5.12748
-1.75747	1.11233	5.14062	5.12616
-1.76404	1.10149	5.1416	5.12485
-1.76634	1.10084	5.14193	5.1255
-1.76536	1.10149	5.14029	5.12715
-1.76733	1.11233	5.13799	5.12649
-1.7739	1.11496	5.13766	5.12649
-1.78277	1.10741	5.1393	5.12748
-1.78967	1.09525	5.14325	5.12715
-1.7877	1.09689	5.14292	5.12715
-1.7923	1.09919	5.14292	5.12748
-1.80807	1.08572	5.14292	5.1255
-1.81332	1.0716	5.14292	5.12353
-1.81037	1.07258	5.1439	5.12288
-1.81431	1.06864	5.14423	5.12353
-1.81825	1.0647	5.14423	5.1255
-1.82088	1.06535	5.1439	5.12813
-1.82154	1.06897	5.14489	5.12715
-1.82055	1.08342	5.1462	5.12452
-1.82384	1.08835	5.14785	5.1232
-1.82679	1.07849	5.14587	5.12419
-1.82285	1.07652	5.14292	5.1255
-1.83435	1.07127	5.14062	5.12452
-1.83402	1.07127	5.14029	5.12452
-1.82055	1.08572	5.14259	5.12419
-1.82351	1.08507	5.1462	5.12419
-1.81858	1.09065	5.14785	5.12156
-1.81102	1.09656	5.1462	5.1232
-1.81135	1.09624	5.14587	5.1255
-1.80971	1.09919	5.14522	5.12715
-1.80577	1.10609	5.1439	5.12813
-1.80544	1.10839	5.14292	5.12682
-1.81168	1.10149	5.14489	5.12386
-1.80577	1.10182	5.14587	5.12452
-1.81234	1.08901	5.14489	5.12485
-1.81858	1.08277	5.14325	5.12485
-1.82909	1.07685	5.14127	5.12583
-1.82942	1.06864	5.14259	5.12616
-1.81891	1.07422	5.14423	5.1255
-1.81891	1.08178	5.14423	5.12649
-1.81168	1.09196	5.14325	5.12616
-1.79723	1.10215	5.14226	5.12518
-1.79131	1.10806	5.14127	5.12452
-1.78573	1.10773	5.14193	5.1255
-1.77784	1.11135	5.14193	5.1255
-1.78014	1.10051	5.14127	5.12452
-1.77653	1.10182	5.14193	5.1255
-1.77751	1.10576	5.14193	5.12616
-1.76503	1.1281	5.14259	5.12682
-1.76339	1.1258	5.14259	5.12518
-1.7601	1.12318	5.14193	5.12353
-1.76306	1.12153	5.14259	5.12386
-1.7555	1.13205	5.14423	5.12452
-1.75123	1.13632	5.14456	5.1232
-1.74597	1.15537	5.14489	5.1232
-1.72626	1.16851	5.14489	5.12452
-1.72396	1.16622	5.14423	5.1255
-1.7302	1.1649	5.14423	5.12583
-1.7371	1.15406	5.14555	5.12353
-1.72659	1.16753	5.14653	5.12255
-1.73645	1.1649	5.14653	5.1232
-1.72889	1.16819	5.14555	5.12616
-1.72396	1.17509	5.14423	5.12715
-1.72955	1.18067	5.1416	5.12682
-1.72725	1.18691	5.1416	5.12616
-1.72626	1.18856	5.14292	5.12452
-1.72692	1.19348	5.1439	5.12485
-1.73677	1.18396	5.1439	5.12485
-1.72692	1.19841	5.14292	5.12616
-1.72232	1.20334	5.1416	5.12649
-1.72068	1.20925	5.14193	5.12649
-1.71542	1.22798	5.14357	5.12682
-1.69801	1.24244	5.14489	5.12715
-1.70622	1.23817	5.14522	5.12518
-1.69866	1.24375	5.14555	5.12583
-1.69801	1.24638	5.14587	5.1278
-1.69965	1.24079	5.14423	5.12682
-1.69866	1.23521	5.14325	5.12583
-1.71148	1.22272	5.14325	5.12583
-1.71246	1.22404	5.14357	5.12485
-1.71411	1.22338	5.14423	5.12485
-1.71706	1.21517	5.14423	5.12649
-1.72363	1.20433	5.14325	5.12583
-1.72889	1.20137	5.14095	5.1255
-1.73185	1.19184	5.14062	5.1255
-1.73546	1.181	5.14193	5.12353
-1.73447	1.17804	5.14325	5.1232
-1.73349	1.17903	5.14522	5.12452
-1.72659	1.18658	5.14489	5.1255
-1.72495	1.17771	5.14062	5.12616
-1.71706	1.1879	5.13865	5.12616
-1.72363	1.17706	5.14127	5.12518
-1.72758	1.16457	5.14423	5.1255
-1.7302	1.15702	5.14489	5.12485
-1.73349	1.15997	5.14456	5.1255
-1.73907	1.14913	5.14423	5.12419
-1.73875	1.15734	5.14259	5.12353
-1.72495	1.16983	5.14029	5.12419
-1.73415	1.16851	5.14029	5.1255
-1.72528	1.17706	5.14193	5.1255
-1.72133	1.18757	5.1439	5.12288
-1.72495	1.17476	5.14456	5.12353
-1.72133	1.17771	5.14522	5.12485
-1.71805	1.18428	5.14423	5.12419
-1.72856	1.17246	5.14456	5.12583
-1.73382	1.17443	5.14423	5.12616
-1.73612	1.17279	5.14587	5.12616
-1.73645	1.16917	5.14686	5.12748
-1.7463	1.1649	5.14522	5.12616
-1.7463	1.17377	5.14226	5.12518
-1.74663	1.1741	5.14095	5.12649
-1.7463	1.17509	5.14127	5.12748
-1.74959	1.1626	5.14193	5.12715
-1.74992	1.16326	5.14325	5.12583
-1.74532	1.1649	5.14325	5.1232
-1.75024	1.1557	5.14259	5.12222
-1.75452	1.15439	5.1416	5.12386
-1.7463	1.17509	5.14193	5.12616
-1.74137	1.17837	5.1416	5.12682
-1.73579	1.18166	5.14226	5.12879
-1.73217	1.1856	5.14292	5.1301
-1.72626	1.17903	5.14127	5.12879
-1.7233	1.18888	5.13996	5.12748
-1.73349	1.17771	5.14062	5.12682
-1.74203	1.16851	5.14127	5.12846
-1.74926	1.16622	5.14259	5.12846
-1.74959	1.16063	5.14325	5.1255
-1.75057	1.16556	5.14456	5.12419
-1.7463	1.1672	5.14489	5.12419
-1.74959	1.17311	5.1439	5.12419
-1.75813	1.16523	5.14522	5.12616
-1.75583	1.17081	5.14587	5.12879
-1.74729	1.18626	5.14587	5.12846
-1.74203	1.18363	5.14423	5.12879
-1.7555	1.17541	5.14423	5.1278
-1.75353	1.181	5.14423	5.1255
-1.76174	1.16786	5.14423	5.12583
-1.76569	1.15702	5.14259	5.12649
-1.7647	1.16063	5.1416	5.12649
-1.77456	1.15274	5.14127	5.12518
-1.77324	1.14946	5.1416	5.12419
-1.77127	1.14322	5.14292	5.12386
-1.76207	1.16162	5.14292	5.12485
-1.7693	1.15537	5.14292	5.1255
-1.76667	1.15734	5.14357	5.12353
-1.7624	1.16162	5.14259	5.12518
-1.767	1.15274	5.14226	5.12518
-1.7762	1.14355	5.14325	5.12485
-1.76799	1.15209	5.14357	5.1255
-1.76339	1.1672	5.14226	5.12649
-1.75912	1.17574	5.1416	5.12485
-1.7578	1.1764	5.14193	5.12715
-1.74564	1.1925	5.14325	5.12813
-1.744	1.18264	5.14555	5.12682
-1.73776	1.18363	5.1462	5.12583
-1.73677	1.18264	5.14555	5.12386
-1.7371	1.18428	5.14522	5.1232
-1.73579	1.19283	5.14456	5.12452
-1.72035	1.21024	5.14259	5.12518
-1.72265	1.2063	5.14127	5.12616
-1.70819	1.22042	5.14029	5.12649
-1.69768	1.22404	5.14029	5.12485
-1.69669	1.22831	5.14226	5.12288
-1.69308	1.24014	5.14292	5.12255
-1.66252	1.26773	5.14456	5.12419
-1.66548	1.26248	5.14489	5.1255
-1.66844	1.26215	5.14292	5.12715
-1.66712	1.25196	5.14292	5.12583
-1.65464	1.25624	5.14292	5.12616
-1.65858	1.24704	5.14555	5.1255
-1.65825	1.24605	5.14522	5.12386
-1.66515	1.23652	5.14259	5.1232
-1.65595	1.24934	5.14095	5.1255
-1.64905	1.24671	5.13996	5.12715
-1.64511	1.25656	5.14029	5.12748
-1.64971	1.24704	5.14357	5.12715
-1.65365	1.24638	5.1439	5.12649
-1.65103	1.24704	5.1416	5.12649
-1.65694	1.24539	5.14127	5.12715
-1.65168	1.23817	5.14095	5.12715
-1.65135	1.23751	5.14029	5.12682
-1.66055	1.24342	5.14127	5.12485
-1.66285	1.24079	5.14357	5.1232
-1.6599	1.23389	5.14522	5.12386
-1.64807	1.25098	5.14325	5.12682
-1.64643	1.25426	5.14127	5.12813
-1.64051	1.26412	5.1416	5.12649
-1.64774	1.26018	5.14423	5.12583
-1.6369	1.27693	5.14653	5.1255
-1.64675	1.26478	5.14522	5.12518
-1.65004	1.25854	5.14259	5.12353
-1.6461	1.25788	5.1393	5.12353
-1.64478	1.24769	5.13799	5.1255
-1.65201	1.23389	5.1393	5.12682
-1.66811	1.22765	5.14226	5.12748
-1.68257	1.22437	5.14555	5.1278
-1.68552	1.23028	5.14752	5.1255
-1.69308	1.22404	5.14587	5.12353
-1.69472	1.22404	5.14357	5.12189
-1.70293	1.22404	5.1416	5.12222
-1.69998	1.23357	5.14226	5.12288
-1.69374	1.23948	5.14456	5.12419
-1.69604	1.24408	5.14489	5.1255
-1.68421	1.24605	5.14292	5.12616
-1.67895	1.25065	5.14029	5.12583
-1.68125	1.24835	5.14029	5.1255
-1.67337	1.25426	5.1416	5.12616
-1.67862	1.25755	5.14357	5.1255
-1.68092	1.25656	5.1439	5.12419
-1.67665	1.25821	5.14292	5.12255
-1.67501	1.25952	5.14193	5.12419
-1.67534	1.25755	5.13996	5.12616
-1.67895	1.23587	5.14062	5.12977
-1.67764	1.24014	5.14259	5.12912
-1.67632	1.25065	5.14357	5.12649
-1.68191	1.24145	5.14325	5.12583
-1.69472	1.23817	5.14357	5.12386
-1.69932	1.21615	5.14292	5.1232
-1.71345	1.20761	5.14325	5.12485
-1.71969	1.19874	5.14127	5.12748
-1.71739	1.20104	5.1416	5.1278
-1.74433	1.1741	5.14423	5.1278
-1.7417	1.16917	5.14719	5.12715
-1.74335	1.16687	5.14719	5.12583
-1.74137	1.16194	5.14587	5.12386
-1.74532	1.16523	5.14489	5.12255
-1.74499	1.15603	5.14357	5.12386
-1.75353	1.14289	5.14259	5.12518
-1.76404	1.1304	5.1416	5.1255
-1.76963	1.13895	5.14127	5.12682
-1.76273	1.14749	5.14226	5.12748
-1.75682	1.15012	5.14325	5.12715
-1.76174	1.13829	5.1439	5.12682
-1.7578	1.13697	5.14456	5.12583
-1.75813	1.13829	5.14587	5.12485
-1.7555	1.14059	5.14653	5.12452
-1.75682	1.13993	5.14686	5.12419
-1.7578	1.1419	5.14653	5.12288
-1.74794	1.16194	5.14555	5.12353
-1.74597	1.1695	5.14292	5.12649
-1.74236	1.17607	5.14127	5.12879
-1.7417	1.19151	5.14095	5.12879
-1.73875	1.18199	5.1439	5.12649
-1.73447	1.17936	5.14423	5.12419
-1.71969	1.19151	5.14259	5.12386
-1.70786	1.19743	5.14127	5.12452
-1.69998	1.20761	5.14029	5.12419
-1.70261	1.2178	5.14127	5.12616
-1.69111	1.22075	5.14193	5.12813
-1.68979	1.22995	5.1416	5.12813
-1.68914	1.22765	5.14193	5.1278
-1.67862	1.23718	5.14127	5.12518
-1.6645	1.24868	5.13897	5.1232
-1.66351	1.24079	5.13897	5.12353
-1.65727	1.24309	5.14062	5.12452
-1.65332	1.24539	5.14095	5.12616
-1.66285	1.22995	5.14127	5.1255
-1.66285	1.2132	5.14193	5.12353
-1.66121	1.21188	5.1439	5.12288
-1.67238	1.19611	5.14325	5.12353
-1.67665	1.1948	5.14292	5.12518
-1.68158	1.19184	5.14325	5.12583
-1.68355	1.19053	5.14456	5.12616
-1.69045	1.1787	5.1462	5.12419
-1.68552	1.17969	5.14555	5.12419
-1.69012	1.1534	5.14456	5.12485
-1.68848	1.16753	5.14587	5.12715
-1.67928	1.1649	5.14489	5.12748
-1.68027	1.15209	5.14259	5.1255
-1.67632	1.15767	5.14193	5.12485
-1.68158	1.16424	5.14325	5.12518
-1.68486	1.16227	5.14489	5.12452
-1.69965	1.15504	5.14456	5.12452
-1.70721	1.15702	5.14259	5.12419
-1.71213	1.15373	5.14226	5.12649
-1.72133	1.14716	5.14095	5.12649
-1.73546	1.14223	5.13963	5.12649
-1.7348	1.13435	5.1393	5.12419
-1.74696	1.1235	5.14095	5.12156
-1.74335	1.12876	5.1416	5.1232
-1.74203	1.12022	5.14259	5.12485
-1.74367	1.11398	5.14357	5.12682
-1.76207	1.10314	5.14456	5.12715
-1.76141	1.10379	5.1439	5.12583
-1.76043	1.10773	5.14555	5.12452
-1.76404	1.10281	5.14555	5.12452
-1.76503	1.10412	5.14489	5.1255
-1.76897	1.10576	5.14357	5.12452
-1.76273	1.10971	5.14259	5.12518
-1.75616	1.12186	5.14357	5.1255
-1.75254	1.12613	5.14489	5.12616
-1.74794	1.1212	5.1462	5.12682
-1.74039	1.13238	5.1462	5.12452
-1.7348	1.1396	5.1439	5.12419
-1.74236	1.12679	5.14292	5.1255
-1.73875	1.12843	5.14325	5.1278
-1.73677	1.13303	5.14456	5.12715
-1.7325	1.1327	5.14456	5.12748
-1.73513	1.13172	5.14456	5.12682
-1.74039	1.1212	5.14325	5.12485
-1.74564	1.10741	5.14259	5.12583
-1.73875	1.09755	5.14259	5.1255
-1.74105	1.10609	5.1439	5.1255
-1.73776	1.10543	5.14456	5.12682
-1.73217	1.10675	5.14555	5.12682
-1.74335	1.10412	5.14522	5.12649
-1.7325	1.11168	5.14325	5.1255
-1.72889	1.10708	5.14292	5.12583
-1.73316	1.11398	5.14292	5.1278
-1.73316	1.11069	5.14226	5.12912
-1.72889	1.12186	5.14357	5.1278
-1.73349	1.11759	5.1439	5.1255
-1.72758	1.13172	5.14325	5.12583
-1.72528	1.14223	5.14226	5.12682
-1.71706	1.1534	5.1416	5.1278
-1.72856	1.14289	5.14325	5.12682
-1.7348	1.14716	5.14357	5.12419
-1.73645	1.14782	5.14456	5.12255
-1.73809	1.15012	5.14292	5.12353
-1.72659	1.16227	5.1439	5.12518
-1.72002	1.17377	5.14456	5.1255
-1.721	1.19086	5.14522	5.12748
-1.72068	1.19184	5.14357	5.12879
-1.71509	1.20203	5.14357	5.12748
-1.7164	1.20334	5.14522	5.12682
-1.70425	1.21977	5.14555	5.1255
-1.71016	1.20893	5.1439	5.12616
-1.70261	1.21977	5.14259	5.12715
-1.69965	1.2155	5.14292	5.12616
-1.69308	1.21977	5.1416	5.12649
-1.69768	1.22207	5.1416	5.12748
-1.69965	1.20531	5.14127	5.1278
-1.70491	1.20268	5.14325	5.12649
-1.70786	1.20334	5.14555	5.12386
-1.69472	1.21155	5.14522	5.1232
-1.68355	1.21418	5.14357	5.12386
-1.67895	1.22601	5.14292	5.1255
-1.67008	1.23159	5.1439	5.1255
-1.67534	1.22437	5.14653	5.12616
-1.6668	1.24474	5.14522	5.1255
-1.66975	1.24014	5.14357	5.12518
-1.67534	1.22404	5.14259	5.12452
-1.67862	1.22535	5.14259	5.12452
-1.67435	1.22437	5.14292	5.1255
-1.66877	1.22601	5.14423	5.12715
-1.66515	1.22272	5.14587	5.12748
-1.66417	1.2132	5.1462	5.12649
-1.66877	1.20925	5.14653	5.12518
-1.67665	1.19447	5.14456	5.1255
-1.68059	1.19283	5.14325	5.12583
-1.67205	1.1948	5.14325	5.1255
-1.67172	1.19907	5.14489	5.12583
-1.66417	1.20334	5.14522	5.12649
-1.66975	1.20071	5.14423	5.12616
-1.67435	1.1994	5.14193	5.12583
-1.66417	1.20334	5.14193	5.12419
-1.65694	1.20958	5.14193	5.1232
-1.66285	1.18823	5.14193	5.12419
-1.6507	1.19611	5.14325	5.12649
-1.65201	1.19053	5.14325	5.1278
-1.65628	1.1856	5.14226	5.12649
-1.65957	1.18428	5.1416	5.12518
-1.66318	1.17903	5.14095	5.12616
-1.65792	1.1902	5.14095	5.12879
-1.64938	1.2017	5.14062	5.12912
-1.65004	1.20301	5.14226	5.12649
-1.64774	1.20005	5.14423	5.12583
-1.63854	1.2063	5.14587	5.12419
-1.64084	1.21024	5.14653	5.12386
-1.65562	1.19907	5.14522	5.1255
-1.6622	1.20137	5.14357	5.12616
-1.65201	1.21451	5.14226	5.12748
-1.64051	1.21582	5.14292	5.12682
-1.63558	1.21254	5.14325	5.12518
-1.63033	1.21385	5.14423	5.12583
-1.63657	1.20991	5.14555	5.12616
-1.64577	1.2086	5.14653	5.12682
-1.64873	1.20991	5.14489	5.1255
-1.6599	1.21582	5.14325	5.12255
-1.66417	1.21385	5.14127	5.12156
-1.66942	1.21155	5.14193	5.12156
-1.67304	1.20761	5.14259	5.12353
-1.68027	1.1994	5.14325	5.12682
-1.69111	1.20005	5.14292	5.12748
-1.69866	1.18954	5.14292	5.12748
-1.69669	1.1925	5.14555	5.1278
-1.70491	1.19217	5.1485	5.12649
-1.71706	1.1741	5.14949	5.1255
-1.7164	1.16917	5.14587	5.12682
-1.71345	1.16194	5.14259	5.12748
-1.72166	1.15669	5.1416	5.12583
-1.72626	1.15866	5.14292	5.12583
-1.72988	1.16063	5.14555	5.12649
-1.73645	1.14847	5.14522	5.1278
-1.74433	1.13435	5.14423	5.12682
-1.74663	1.12942	5.14292	5.12419
-1.74499	1.12383	5.14325	5.12419
-1.74696	1.12219	5.1439	5.12419
-1.75714	1.10675	5.14325	5.12419
-1.77291	1.09295	5.14226	5.12452
-1.77226	1.09065	5.14259	5.12583
-1.77916	1.08835	5.14423	5.12715
-1.78704	1.08441	5.14423	5.1278
-1.79098	1.07849	5.14456	5.12748
-1.79558	1.06371	5.14555	5.12682
-1.7969	1.07192	5.1462	5.1255
-1.78376	1.08704	5.14719	5.1232
-1.78474	1.07521	5.14785	5.12123
-1.7854	1.08342	5.14555	5.12189
-1.76536	1.09886	5.14522	5.12419
-1.75912	1.09755	5.14423	5.12583
-1.74597	1.10609	5.14423	5.12583
-1.73875	1.10412	5.14456	5.12682
-1.73546	1.10281	5.14456	5.12682
-1.7279	1.11233	5.14193	5.12649
-1.73053	1.09854	5.14029	5.12583
-1.73415	1.09689	5.13897	5.12583
-1.74532	1.09098	5.1416	5.1255
-1.74729	1.08769	5.14357	5.12485
-1.74696	1.09459	5.14555	5.12485
-1.75222	1.07981	5.14522	5.12616
-1.74433	1.07915	5.14456	5.12616
-1.74762	1.08934	5.14259	5.12485
-1.74663	1.09525	5.14259	5.12518
-1.73973	1.10248	5.14292	5.1255
-1.73447	1.10938	5.14193	5.1255
-1.72988	1.10248	5.14062	5.12583
-1.7233	1.11923	5.14226	5.12583
-1.72856	1.11726	5.14522	5.12682
-1.72593	1.12876	5.14522	5.12682
-1.7325	1.11891	5.14325	5.12649
-1.73677	1.10806	5.14325	5.12682
-1.73875	1.10478	5.1439	5.12748
-1.74827	1.10084	5.1439	5.12813
-1.75156	1.10248	5.14423	5.12813
-1.76437	1.09558	5.14259	5.12879
-1.76799	1.06634	5.14127	5.1301
-1.78047	1.0532	5.1416	5.12945
-1.78737	1.04498	5.14292	5.12813
-1.78967	1.044	5.14357	5.12748
-1.80051	1.0371	5.14292	5.12682
-1.80905	1.03644	5.14259	5.12715
-1.8153	1.03808	5.14259	5.12813
-1.81365	1.04203	5.14095	5.12813
-1.81365	1.03907	5.14095	5.12748
-1.81727	1.03086	5.14062	5.12682
-1.8176	1.03513	5.14292	5.12616
-1.81858	1.03414	5.14522	5.12452
-1.82778	1.01673	5.14555	5.1232
-1.83402	1.01771	5.14587	5.1255
-1.83304	1.01771	5.14423	5.12748
-1.84946	1.00359	5.14062	5.12813
-1.84486	1.0026	5.13963	5.12748
-1.84454	1.00096	5.13996	5.12715
-1.84651	1.00424	5.13996	5.12616
-1.84421	1.00227	5.13963	5.12616
-1.84881	1.00194	5.13799	5.12583
-1.83994	1.00753	5.13799	5.12583
-1.83238	1.01673	5.14193	5.12616
-1.82482	1.021	5.14587	5.12715
-1.82417	1.01607	5.14785	5.12583
-1.8222	1.01377	5.14719	5.1255
-1.82121	1.01344	5.14587	5.1255
-1.81004	1.01213	5.14292	5.1255
-1.80445	1.02264	5.14127	5.12616
-1.80215	1.00819	5.14095	5.1278
-1.7969	1.01804	5.14193	5.12616
-1.79164	1.0279	5.14226	5.12583
-1.78014	1.04006	5.1439	5.12419
-1.76536	1.0417	5.14522	5.12255
-1.75714	1.05024	5.14456	5.12452
-1.75452	1.03381	5.14423	5.12616
-1.73875	1.04268	5.1439	5.12813
-1.72363	1.03776	5.14522	5.12977
-1.72035	1.04104	5.14785	5.12912
-1.7233	1.03381	5.1485	5.1278
-1.71082	1.04268	5.14555	5.12945
-1.71213	1.05845	5.14259	5.1301
-1.69932	1.05648	5.14095	5.1301
-1.70852	1.05188	5.14193	5.13043
-1.70162	1.07192	5.14325	5.1278
-1.69998	1.08112	5.14423	5.12616
-1.69965	1.07981	5.14292	5.12583
-1.68749	1.09656	5.14259	5.1255
-1.69045	1.10084	5.14193	5.12846
-1.68322	1.10675	5.14226	5.13142
-1.67435	1.12022	5.14259	5.1301
-1.67829	1.13336	5.14292	5.12813
-1.66581	1.13829	5.14259	5.12715
-1.66515	1.13763	5.14226	5.12682
-1.68059	1.1281	5.14193	5.12715
-1.70392	1.10806	5.14029	5.12682
-1.71443	1.09886	5.13996	5.12583
-1.71673	1.09886	5.14127	5.1255
-1.71016	1.10281	5.14423	5.12583
-1.72396	1.08704	5.1462	5.12583
-1.71903	1.09032	5.14653	5.12583
-1.72495	1.08474	5.1462	5.12682
-1.72922	1.08638	5.14522	5.12813
-1.73316	1.08835	5.14489	5.12879
-1.71969	1.11003	5.1439	5.12879
-1.73119	1.10609	5.14357	5.12715
-1.73645	1.10543	5.14259	5.12583
-1.74893	1.09065	5.1393	5.12485
-1.74499	1.08901	5.13865	5.12518
-1.72823	1.08375	5.13996	5.12649
-1.72495	1.07981	5.14226	5.12715
-1.73185	1.06864	5.14489	5.12748
-1.74006	1.07357	5.14752	5.12682
-1.7463	1.07028	5.14686	5.12649
-1.73612	1.07915	5.1462	5.12616
-1.73217	1.07948	5.14522	5.12518
-1.73053	1.0716	5.14522	5.12452
-1.72856	1.07061	5.14456	5.12386
-1.73907	1.05977	5.14456	5.12386
-1.72988	1.08835	5.14423	5.12452
-1.72429	1.08737	5.1439	5.12649
-1.73415	1.07981	5.14292	5.12846
-1.73973	1.07521	5.14259	5.1301
-1.73283	1.07915	5.14259	5.13076
-1.74072	1.06962	5.14259	5.13043
-1.74039	1.06962	5.14357	5.12748
-1.73973	1.07455	5.1439	5.12616
-1.74236	1.06667	5.14423	5.12583
-1.73152	1.07521	5.14325	5.12649
-1.72725	1.08211	5.13963	5.12518
-1.72462	1.09196	5.13733	5.12419
-1.71772	1.10248	5.137	5.12518
-1.70228	1.11463	5.14095	5.12813
-1.69078	1.12646	5.14423	5.12715
-1.68519	1.12909	5.14719	5.12518
-1.69374	1.11923	5.1462	5.12518
-1.68749	1.13665	5.14489	5.12682
-1.68684	1.12646	5.1439	5.12715
-1.69144	1.12285	5.14423	5.12715
-1.68881	1.12613	5.1439	5.12715
-1.70688	1.11858	5.14292	5.12485
-1.70852	1.10379	5.14292	5.12353
-1.70589	1.10675	5.14226	5.12419
-1.69702	1.11529	5.14062	5.12649
-1.69866	1.12186	5.14029	5.12715
-1.70063	1.11693	5.14095	5.12715
-1.70721	1.12285	5.14259	5.12715
-1.70786	1.10773	5.14292	5.12715
-1.70359	1.10806	5.14292	5.12715
-1.69834	1.10445	5.14423	5.12616
-1.70458	1.10675	5.1439	5.12452
-1.72528	1.09624	5.14357	5.12452
-1.72922	1.10116	5.14325	5.12485
-1.73316	1.09755	5.14522	5.12386
-1.74072	1.11233	5.14653	5.12419
-1.74729	1.09295	5.14522	5.1255
-1.75156	1.09032	5.14292	5.1278
-1.76339	1.07422	5.14127	5.12879
-1.77226	1.07587	5.14226	5.12813
-1.78441	1.08178	5.14456	5.12616
-1.78244	1.06667	5.14522	5.12419
-1.78737	1.06272	5.14357	5.12485
-1.78244	1.06108	5.14127	5.12649
-1.78836	1.06568	5.13996	5.12715
-1.80183	1.03874	5.14062	5.12682
-1.80084	1.05221	5.14292	5.12583
-1.80018	1.05155	5.14357	5.12452
-1.79985	1.05615	5.1439	5.12419
-1.80314	1.05977	5.14226	5.12419
-1.80675	1.05517	5.1416	5.12485
-1.80051	1.0509	5.14062	5.12649
-1.813	1.03973	5.14127	5.12649
-1.81464	1.03546	5.14259	5.12386
-1.81234	1.0371	5.14325	5.12288
-1.8061	1.0348	5.14259	5.12452
-1.80544	1.03414	5.14226	5.12715
-1.80807	1.04104	5.14193	5.12813
-1.80708	1.04597	5.14325	5.12682
-1.79821	1.04334	5.14357	5.12452
-1.79624	1.04465	5.14325	5.12485
-1.78868	1.04564	5.14292	5.12616
-1.79295	1.04597	5.1416	5.12616
-1.80051	1.04301	5.14127	5.1255
-1.79	1.05845	5.14127	5.1255
-1.7877	1.06338	5.14062	5.12715
-1.77751	1.07981	5.1416	5.12813
-1.77226	1.08112	5.14292	5.12748
-1.7739	1.08474	5.14555	5.1255
-1.77686	1.07784	5.14719	5.1255
-1.77653	1.07751	5.14686	5.12583
-1.77784	1.07587	5.14423	5.12518
-1.76799	1.07652	5.14292	5.12485
-1.76404	1.0716	5.1439	5.12485
-1.76503	1.07948	5.1439	5.12419
-1.76207	1.08342	5.14456	5.12452
-1.75583	1.07192	5.1439	5.12353
-1.76733	1.06207	5.14325	5.12288
-1.75813	1.06634	5.14127	5.12353
-1.76076	1.06174	5.13996	5.12452
-1.76437	1.06272	5.13897	5.12419
-1.76141	1.06667	5.14127	5.12452
-1.75452	1.07324	5.14357	5.12452
-1.7578	1.07094	5.14423	5.12452
-1.76273	1.06634	5.14325	5.1255
-1.76339	1.06371	5.1416	5.12682
-1.75517	1.06667	5.13996	5.12682
-1.75353	1.06437	5.14193	5.12616
-1.75452	1.07718	5.14456	5.1255
-1.75977	1.07357	5.14522	5.12452
-1.76963	1.06864	5.14292	5.12419
-1.76996	1.06338	5.13963	5.12485
-1.76109	1.07718	5.13733	5.12649
-1.75714	1.07817	5.13799	5.12715
-1.75484	1.09098	5.14029	5.12616
-1.75616	1.08802	5.14259	5.12353
-1.744	1.11628	5.14423	5.12419
-1.7394	1.12712	5.14522	5.12583
-1.7348	1.12942	5.14489	5.1278
-1.72528	1.13205	5.14357	5.12945
-1.7256	1.12975	5.14357	5.1301
-1.73513	1.12416	5.14325	5.12912
-1.72856	1.1281	5.14292	5.12452
-1.71903	1.1304	5.14292	5.12156
-1.72462	1.12285	5.14357	5.12255
-1.72528	1.13697	5.14325	5.12715
-1.72725	1.1235	5.1416	5.12846
-1.71772	1.12186	5.14095	5.12715
-1.71049	1.13303	5.13996	5.12616
-1.71181	1.135	5.14325	5.12616
-1.71049	1.14387	5.14522	5.12748
-1.71213	1.13205	5.14587	5.12813
-1.70721	1.13336	5.1439	5.12583
-1.71575	1.12318	5.1416	5.1255
-1.70392	1.12745	5.14292	5.12518
-1.71378	1.1212	5.1439	5.12518
-1.69998	1.12646	5.14522	5.12583
-1.69078	1.11201	5.14587	5.12649
-1.68914	1.10708	5.14292	5.12748
-1.71016	1.08474	5.14095	5.12748
-1.71181	1.07455	5.14095	5.12748
-1.70819	1.08507	5.1416	5.12682
-1.70786	1.08769	5.14259	5.12583
-1.70523	1.08572	5.14325	5.1255
-1.70885	1.08934	5.14456	5.1255
-1.70622	1.09624	5.14357	5.12748
-1.71049	1.09459	5.14259	5.12945
-1.71148	1.10018	5.14226	5.12977
-1.71016	1.09295	5.1416	5.12846
-1.71082	1.10051	5.14292	5.12682
-1.71181	1.09262	5.14456	5.12485
-1.71246	1.10248	5.14423	5.12682
-1.71739	1.10806	5.1416	5.1278
-1.7279	1.11102	5.1416	5.12748
-1.72002	1.10642	5.14259	5.12748
-1.72856	1.10609	5.14489	5.1255
-1.72659	1.11266	5.14587	5.12452
-1.73316	1.11365	5.14587	5.12419
-1.73546	1.11595	5.14555	5.12386
-1.72758	1.13172	5.14325	5.12386
-1.73842	1.12153	5.14259	5.1255
-1.74367	1.11858	5.14456	5.12616
-1.74039	1.11792	5.14456	5.12715
-1.73152	1.1373	5.14357	5.12813
-1.7325	1.14059	5.14423	5.12715
-1.74203	1.12712	5.14357	5.12583
-1.74893	1.1235	5.1439	5.12518
-1.75977	1.11661	5.1439	5.1255
-1.76306	1.11463	5.14456	5.12616
-1.78343	1.08342	5.14357	5.1255
-1.79263	1.06864	5.14325	5.1232
-1.78967	1.0601	5.14259	5.12288
-1.7831	1.07357	5.14259	5.12353
-1.78803	1.06897	5.14193	5.1255
-1.78573	1.07225	5.1439	5.12748
-1.78606	1.07127	5.14423	5.12682
-1.77653	1.07652	5.14522	5.1255
-1.77094	1.09032	5.14555	5.12452
-1.77291	1.08868	5.14719	5.1232
-1.77324	1.09295	5.14653	5.12255
-1.77784	1.07817	5.14522	5.12419
-1.78211	1.07422	5.1439	5.12452
-1.79263	1.07422	5.14292	5.12386
-1.79295	1.07127	5.1439	5.12386
-1.79328	1.08079	5.14423	5.12518
-1.79558	1.0716	5.14357	5.12616
-1.79263	1.07061	5.1416	5.12715
-1.79624	1.05451	5.1416	5.12813
-1.8038	1.04893	5.14095	5.12616
-1.81201	1.04728	5.14127	5.1255
-1.79723	1.05353	5.14325	5.12518
-1.80478	1.05583	5.14456	5.12583
-1.78737	1.07127	5.14259	5.12583
-1.76831	1.08277	5.14029	5.12616
-1.77127	1.07751	5.13963	5.12583
-1.76864	1.07817	5.14029	5.12616
-1.78441	1.06667	5.14193	5.1255
-1.76864	1.07587	5.14226	5.12419
-1.767	1.07389	5.14292	5.12386
-1.76799	1.06962	5.14325	5.12452
-1.77127	1.07258	5.1439	5.12682
-1.76141	1.07521	5.14357	5.12879
-1.76207	1.0647	5.14325	5.12945
-1.76569	1.07028	5.14193	5.12912
-1.76306	1.06568	5.14226	5.12748
-1.76733	1.06174	5.14456	5.12616
-1.77127	1.06338	5.14489	5.12682
-1.77291	1.06108	5.14259	5.12715
-1.7693	1.06568	5.14357	5.12649
-1.76601	1.06864	5.14357	5.1255
-1.77127	1.06404	5.14292	5.12452
-1.7831	1.06207	5.14292	5.12386
-1.78376	1.05812	5.14357	5.12452
-1.78441	1.06108	5.14325	5.12715
-1.78507	1.05944	5.14259	5.12879
-1.8038	1.03776	5.14423	5.12846
-1.8061	1.0394	5.14587	5.12748
-1.80577	1.04137	5.14686	5.12649
-1.79624	1.06272	5.14719	5.12649
-1.80544	1.05714	5.14423	5.12748
-1.81398	1.05714	5.14226	5.12715
-1.80643	1.0555	5.13865	5.1278
-1.80741	1.05911	5.13832	5.12682
-1.81037	1.05812	5.14127	5.12518
-1.8153	1.05155	5.14292	5.12419
-1.81135	1.0555	5.14325	5.12386
-1.80544	1.05845	5.14357	5.12419
-1.8084	1.04695	5.14292	5.12649
-1.81234	1.05221	5.14193	5.12616
-1.81825	1.044	5.1416	5.12649
-1.82449	1.0509	5.14226	5.12649
-1.82745	1.04663	5.14292	5.12616
-1.82417	1.04367	5.14357	5.12583
-1.81464	1.05747	5.14259	5.12386
-1.79985	1.06502	5.14193	5.12189
-1.79066	1.07455	5.14259	5.1209
-1.78803	1.08014	5.14193	5.12288
-1.7831	1.08145	5.14292	5.12189
-1.77061	1.09689	5.14522	5.12156
-1.77094	1.10149	5.14686	5.12189
-1.7716	1.10741	5.14719	5.12255
-1.7647	1.11661	5.14587	5.12419
-1.75222	1.12482	5.1439	5.1255
-1.74302	1.13862	5.14325	5.12649
-1.744	1.13205	5.14325	5.12846
-1.73513	1.14026	5.14259	5.12846
-1.72758	1.15439	5.14259	5.12748
-1.72363	1.15899	5.14226	5.12715
-1.71739	1.15767	5.14193	5.12682
-1.71115	1.1603	5.14127	5.12583
-1.71673	1.14092	5.14095	5.12682
-1.721	1.12088	5.14325	5.1255
-1.73612	1.12252	5.14357	5.12353
-1.73152	1.12679	5.14357	5.12386
-1.73185	1.13336	5.14292	5.12485
-1.7325	1.12285	5.14292	5.12649
-1.7325	1.12482	5.14456	5.12748
-1.72758	1.135	5.14587	5.12682
-1.72429	1.13435	5.14653	5.12616
-1.71936	1.13927	5.14489	5.1255
-1.73086	1.11792	5.14259	5.12485
-1.73152	1.12942	5.14226	5.12485
-1.73447	1.135	5.14357	5.12419
-1.72725	1.13008	5.14456	5.12485
-1.74072	1.11858	5.14489	5.12616
-1.74269	1.11266	5.14555	5.12715
-1.73907	1.12515	5.14555	5.12682
-1.74729	1.11463	5.14423	5.1255
-1.74992	1.11332	5.14193	5.12813
-1.75977	1.09722	5.14193	5.12945
-1.76076	1.08211	5.14357	5.12945
-1.75222	1.09788	5.14653	5.1278
-1.75156	1.09656	5.14752	5.12583
-1.75057	1.09854	5.14456	5.12386
-1.75846	1.10511	5.14062	5.12419
-1.76667	1.11102	5.13996	5.12353
-1.77423	1.10445	5.14095	5.1232
-1.78474	1.11003	5.14489	5.12222
-1.7831	1.11923	5.14686	5.12288
-1.78967	1.10149	5.1462	5.1232
-1.79033	1.10182	5.14423	5.1255
-1.79821	1.10248	5.1416	5.12748
-1.80018	1.10379	5.14062	5.12977
-1.80577	1.09591	5.14226	5.12945
-1.80675	1.09722	5.14292	5.12912
-1.80708	1.09558	5.14193	5.12715
-1.80511	1.08408	5.14292	5.1255
-1.80905	1.07587	5.14292	5.12452
-1.81628	1.06601	5.14127	5.12353
-1.8061	1.07324	5.14226	5.12353
-1.79985	1.08079	5.14259	5.12452
-1.79591	1.08441	5.14259	5.1255
-1.78507	1.09032	5.1416	5.12583
-1.79131	1.07849	5.14095	5.12649
-1.78901	1.07554	5.13996	5.12649
-1.77686	1.08934	5.14062	5.12649
-1.7762	1.09558	5.14226	5.12583
-1.77094	1.08507	5.14357	5.1255
-1.78803	1.07521	5.14456	5.12288
-1.78277	1.07094	5.14325	5.12255
-1.78967	1.05353	5.14193	5.12353
-1.80084	1.03808	5.14127	5.12353
-1.8061	1.03283	5.14193	5.12419
-1.80413	1.01706	5.14226	5.12649
-1.79591	1.02593	5.14325	5.12715
-1.79164	1.02429	5.14259	5.12813
-1.78211	1.02264	5.14357	5.12748
-1.79131	1.01771	5.14456	5.12583
-1.79953	1.02034	5.14325	5.12485
-1.80117	1.02363	5.14325	5.12518
-1.80051	1.02199	5.14259	5.12649
-1.81135	1.01147	5.14193	5.12813
-1.79821	1.02494	5.14259	5.12912
-1.79723	1.0233	5.14325	5.12682
-1.79624	1.02166	5.14259	5.12715
-1.79493	1.02888	5.1416	5.12649
-1.79755	1.01509	5.14062	5.12616
-1.8038	1.0164	5.14127	5.12715
-1.80708	1.02461	5.14259	5.12715
-1.813	1.02363	5.1439	5.1255
-1.8199	1.01673	5.14489	5.1255
-1.81102	1.02527	5.14456	5.12452
-1.81168	1.03513	5.14456	5.12419
-1.81267	1.02757	5.14423	5.12485
-1.81825	1.02658	5.14522	5.12649
-1.8222	1.03316	5.14489	5.12715
-1.82022	1.03578	5.14423	5.12649
-1.83238	1.02363	5.14325	5.12649
-1.82745	1.03578	5.14325	5.1255
-1.82647	1.03677	5.14259	5.12485
-1.83567	1.0233	5.14226	5.12583
-1.84256	1.01706	5.14226	5.12583
-1.84519	1.0141	5.14292	5.1232
-1.84585	1.01081	5.14456	5.12156
-1.84881	1.01114	5.14456	5.12255
-1.85144	1.00687	5.14292	5.12616
-1.84552	1.00917	5.14357	5.12813
-1.84519	1.00556	5.14423	5.12813
-1.85012	0.994388	5.1439	5.12813
-1.85012	0.994388	5.14489	5.1278
-1.84651	0.986503	5.14587	5.12485
-1.84552	0.979603	5.14555	5.12419
-1.84618	0.981903	5.14292	5.12518
-1.84158	0.98486	5.14127	5.12682
-1.84585	0.971061	5.14127	5.12945
-1.83599	0.976647	5.14259	5.12945
-1.84585	0.966462	5.14555	5.12649
-1.84815	0.958248	5.14817	5.12583
-1.85144	0.951677	5.14686	5.12452
-1.85373	0.949378	5.14456	5.12189
-1.84979	0.947078	5.14226	5.12058
-1.83829	0.968104	5.1416	5.12123
-1.82154	0.984532	5.14292	5.12156
-1.81562	0.985846	5.1439	5.1232
-1.81398	0.985189	5.14686	5.1255
-1.8107	0.986174	5.14817	5.12452
-1.81004	0.992088	5.14752	5.12452
-1.80183	1.00194	5.14292	5.12485
-1.80018	1.01771	5.13996	5.12485
-1.79755	1.0164	5.1393	5.12583
-1.7946	1.02396	5.1416	5.12419
-1.79263	1.03184	5.14325	5.12485
-1.77981	1.0509	5.14325	5.12583
-1.77817	1.06075	5.14127	5.1278
-1.76634	1.06962	5.1393	5.12682
-1.7555	1.07455	5.1416	5.1255
-1.76339	1.07389	5.14357	5.12386
-1.75583	1.08835	5.14357	5.12452
-1.74794	1.09196	5.14226	5.12616
-1.74367	1.09985	5.14259	5.12813
-1.75517	1.08835	5.14357	5.12879
-1.75682	1.08211	5.14259	5.12846
-1.75222	1.09788	5.14292	5.12715
-1.76076	1.09229	5.14357	5.12682
-1.7624	1.09886	5.14456	5.12682
-1.75977	1.10609	5.14489	5.12583
-1.76174	1.09098	5.14423	5.12649
-1.76503	1.08539	5.14193	5.12616
-1.76076	1.09361	5.14193	5.1255
-1.77357	1.08572	5.14292	5.1278
-1.77883	1.07882	5.14325	5.12813
-1.78146	1.06864	5.14325	5.12583
-1.77554	1.09098	5.14259	5.12485
-1.78376	1.08309	5.14325	5.12485
-1.79295	1.07784	5.14292	5.12616
-1.79591	1.08309	5.14423	5.1278
-1.80215	1.07488	5.14587	5.12748
-1.79985	1.07751	5.14686	5.12649
-1.7969	1.07817	5.14555	5.12682
-1.79098	1.07652	5.14555	5.12682
-1.7923	1.08277	5.14719	5.12616
-1.7854	1.09164	5.14817	5.12518
-1.78014	1.10084	5.14522	5.12518
-1.77784	1.09755	5.14423	5.12583
-1.78014	1.09854	5.14555	5.12616
-1.77521	1.11003	5.14653	5.12485
-1.77718	1.11825	5.14653	5.12386
-1.77094	1.12318	5.14555	5.1255
-1.77226	1.11891	5.14456	5.1278
-1.76536	1.12876	5.14423	5.12813
-1.75189	1.14289	5.14522	5.12649
-1.744	1.15636	5.14489	5.12485
-1.7463	1.15734	5.14357	5.12386
-1.73677	1.17279	5.14259	5.12518
-1.73546	1.17804	5.14193	5.12583
-1.73447	1.18363	5.14259	5.12682
-1.74072	1.18494	5.14423	5.1255
-1.7371	1.1787	5.14587	5.12353
-1.73382	1.18034	5.14785	5.12255
-1.73513	1.1741	5.14686	5.12419
-1.73283	1.16884	5.14522	5.12715
-1.7187	1.1741	5.14653	5.1278
-1.72922	1.16687	5.14587	5.12682
-1.73053	1.15932	5.14555	5.12649
-1.72429	1.16654	5.14522	5.12583
-1.71706	1.16983	5.14522	5.12583
-1.73152	1.16162	5.14456	5.12583
-1.73185	1.16556	5.14357	5.12748
-1.7302	1.15504	5.14127	5.12813
-1.73382	1.15734	5.14226	5.12912
-1.73283	1.15636	5.14423	5.1278
-1.72199	1.15702	5.14357	5.12583
-1.73152	1.14223	5.14292	5.12485
-1.72725	1.13763	5.14423	5.12353
-1.73579	1.12942	5.1439	5.12386
-1.7463	1.11726	5.14325	5.12649
-1.74663	1.1258	5.14226	5.1278
-1.74236	1.13533	5.14193	5.12715
-1.73152	1.12843	5.1416	5.12616
-1.75386	1.10741	5.14193	5.12649
-1.76766	1.10116	5.14325	5.12715
-1.76667	1.09689	5.14489	5.12813
-1.77193	1.08901	5.14292	5.12682
-1.78047	1.08704	5.14127	5.12583
-1.79098	1.07981	5.1416	5.12616
-1.79723	1.08671	5.14292	5.12682
-1.8107	1.07094	5.14587	5.12583
-1.8176	1.07225	5.14686	5.12583
-1.82351	1.06765	5.1462	5.12583
-1.8153	1.06634	5.14456	5.12485
-1.82449	1.05878	5.14292	5.12518
-1.82482	1.06634	5.14127	5.12616
-1.82909	1.07028	5.14127	5.12452
-1.82844	1.07389	5.1416	5.12386
-1.83107	1.06535	5.14325	5.12255
-1.84618	1.04564	5.14259	5.12386
-1.84946	1.03546	5.14127	5.12616
-1.84881	1.03546	5.14062	5.12846
-1.85176	1.03348	5.14095	5.12748
