-1.38556	0.963176	5.1439	5.12485
-1.37242	0.979603	5.14325	5.12682
-1.37275	0.972047	5.14292	5.12518
-1.37604	0.96449	5.14292	5.12189
-1.37768	0.970404	5.14259	5.12025
-1.37702	0.963176	5.14259	5.1209
-1.36979	0.965148	5.14193	5.12156
-1.36881	0.963833	5.14095	5.12485
-1.36059	0.970733	5.14095	5.12649
-1.35895	0.963833	5.14193	5.12813
-1.35534	0.95792	5.14456	5.12879
-1.36257	0.95562	5.14357	5.12748
-1.36914	0.95332	5.14095	5.12485
-1.37111	0.943135	5.1393	5.12452
-1.37275	0.935579	5.13963	5.12452
-1.36782	0.949378	5.14029	5.12616
-1.37209	0.942478	5.14259	5.12748
-1.37144	0.923423	5.14423	5.12649
-1.36848	0.926051	5.14489	5.12682
-1.37177	0.921123	5.14423	5.12715
-1.37045	0.923751	5.14292	5.1255
-1.37899	0.918166	5.14127	5.12485
-1.37899	0.912909	5.1416	5.12452
-1.38064	0.915866	5.1416	5.12419
-1.38984	0.916523	5.14259	5.12452
-1.39279	0.920466	5.1439	5.12715
-1.38885	0.918823	5.14357	5.12912
-1.40561	0.911267	5.14456	5.12846
-1.41283	0.916195	5.14423	5.12748
-1.41809	0.918495	5.14522	5.1278
-1.41382	0.925394	5.14489	5.12846
-1.42203	0.92178	5.14522	5.12715
-1.42433	0.916523	5.14292	5.12616
-1.43123	0.910281	5.14062	5.1255
-1.4286	0.900753	5.13865	5.1255
-1.43616	0.896154	5.1393	5.12452
-1.44996	0.885312	5.1416	5.12452
-1.46639	0.865928	5.1439	5.12583
-1.47164	0.861657	5.1439	5.12616
-1.4746	0.857714	5.14292	5.1255
-1.46671	0.851144	5.14226	5.12485
-1.46901	0.852129	5.14193	5.12616
-1.47131	0.841287	5.14325	5.12813
-1.47197	0.843587	5.1439	5.12945
-1.47493	0.82716	5.14522	5.12945
-1.47131	0.830117	5.1439	5.12945
-1.47098	0.835702	5.14423	5.12748
-1.47296	0.82946	5.14325	5.12616
-1.46934	0.831431	5.14127	5.12616
-1.4769	0.827489	5.13996	5.1255
-1.48018	0.817632	5.14226	5.12452
-1.47986	0.813033	5.1439	5.12452
-1.47854	0.820589	5.14653	5.12386
-1.48117	0.812047	5.14522	5.12485
-1.48478	0.816647	5.14259	5.12616
-1.47887	0.811062	5.14029	5.1255
-1.47953	0.805476	5.14062	5.12452
-1.47657	0.810404	5.14062	5.12485
-1.47657	0.809419	5.1416	5.12419
-1.48281	0.798906	5.1416	5.12386
-1.48248	0.810733	5.14357	5.12583
-1.48478	0.817961	5.1439	5.12879
-1.48807	0.812376	5.14357	5.12813
-1.48577	0.81369	5.14522	5.12485
-1.48807	0.818947	5.14555	5.12255
-1.48971	0.808433	5.14423	5.12222
-1.4838	0.810076	5.14292	5.12386
-1.48018	0.828146	5.14325	5.1232
-1.48051	0.826832	5.14456	5.12419
-1.4677	0.841287	5.14587	5.12518
-1.46671	0.849172	5.1462	5.12518
-1.46639	0.846544	5.14456	5.12419
-1.46507	0.846873	5.14292	5.1232
-1.46639	0.850815	5.14259	5.1232
-1.46441	0.860671	5.14226	5.12518
-1.45883	0.862971	5.14127	5.1278
-1.45423	0.871842	5.14226	5.12813
-1.44766	0.880384	5.14522	5.12813
-1.45259	0.881698	5.14686	5.12748
-1.45883	0.879727	5.14752	5.12813
-1.45521	0.884326	5.14555	5.12813
-1.44766	0.888926	5.14357	5.12748
-1.44207	0.891883	5.14062	5.12748
-1.4447	0.89484	5.14259	5.12945
-1.44404	0.891883	5.14555	5.13043
-1.44634	0.887283	5.14785	5.12813
-1.44536	0.899768	5.1485	5.12649
-1.45062	0.898782	5.14752	5.12419
-1.45259	0.884655	5.14522	5.12419
-1.4585	0.883341	5.14489	5.12583
-1.45324	0.889912	5.14423	5.1278
-1.45784	0.888597	5.1439	5.12813
-1.46901	0.883012	5.14489	5.12649
-1.47591	0.882684	5.14686	5.12485
-1.4746	0.882027	5.1462	5.12419
-1.4746	0.882684	5.14489	5.12452
-1.4792	0.870856	5.14325	5.1255
-1.47624	0.870199	5.14226	5.12452
-1.47066	0.874142	5.14325	5.12353
-1.47033	0.879398	5.14653	5.12222
-1.4608	0.876113	5.14686	5.12353
-1.4585	0.884655	5.14587	5.1255
-1.46409	0.874799	5.14489	5.12682
-1.46606	0.867571	5.14489	5.12715
-1.46179	0.872499	5.14653	5.12682
-1.46409	0.867899	5.14653	5.12583
-1.4585	0.883341	5.14686	5.12583
-1.45259	0.893854	5.14522	5.12649
-1.44864	0.897468	5.14325	5.12583
-1.44273	0.906339	5.14226	5.1255
-1.44536	0.899768	5.14226	5.1255
-1.44634	0.893197	5.14325	5.12616
-1.44339	0.888597	5.14555	5.12748
-1.44273	0.886626	5.14752	5.12715
-1.44043	0.881041	5.14752	5.12583
-1.43517	0.889254	5.14686	5.12583
-1.43452	0.894183	5.14489	5.12616
-1.43057	0.89484	5.14325	5.12682
-1.43616	0.893854	5.14325	5.1255
-1.43649	0.889254	5.1439	5.12288
-1.4355	0.878084	5.14456	5.12156
-1.43747	0.884326	5.1439	5.12419
-1.43255	0.883012	5.14489	5.12813
-1.4378	0.883012	5.1439	5.12945
-1.43386	0.884983	5.14292	5.12748
-1.4286	0.893197	5.14193	5.1255
-1.42597	0.900753	5.14292	5.12419
-1.43452	0.904696	5.14423	5.12715
-1.43747	0.895497	5.14489	5.12715
-1.44076	0.897139	5.14423	5.12485
-1.4424	0.884326	5.14325	5.12419
-1.44076	0.891226	5.14325	5.12419
-1.43879	0.885969	5.14456	5.12485
-1.44109	0.886955	5.1462	5.12485
-1.43977	0.882355	5.14686	5.1232
-1.43977	0.875784	5.1462	5.1232
-1.42893	0.888597	5.14325	5.12715
-1.42762	0.896482	5.14095	5.1301
-1.4194	0.905024	5.14062	5.13043
-1.4079	0.909953	5.14029	5.12879
-1.41185	0.915866	5.1416	5.1255
-1.41218	0.923423	5.14193	5.12353
-1.42006	0.909295	5.14226	5.12222
-1.4263	0.899111	5.14127	5.12156
-1.41842	0.911924	5.14259	5.12386
-1.4171	0.916195	5.14587	5.12583
-1.41776	0.92408	5.14752	5.12518
-1.40889	0.914552	5.1462	5.12419
-1.41053	0.922437	5.1439	5.1255
-1.41678	0.920794	5.14062	5.12649
-1.41382	0.913238	5.13996	5.12649
-1.4079	0.918823	5.1416	5.12616
-1.40725	0.915866	5.14259	5.1255
-1.40823	0.916523	5.14423	5.12485
-1.40823	0.917838	5.14489	5.1255
-1.4148	0.918823	5.14325	5.12682
-1.41579	0.92178	5.14127	5.12813
-1.41053	0.91948	5.14062	5.1278
-1.41809	0.909624	5.14095	5.12583
-1.42762	0.910281	5.14226	5.12452
-1.42893	0.91061	5.14423	5.12288
-1.42992	0.910938	5.14489	5.12222
-1.42532	0.911595	5.14456	5.12452
-1.42597	0.922437	5.14489	5.1255
-1.42762	0.923423	5.14489	5.12518
-1.42893	0.924408	5.14489	5.12518
-1.44372	0.901739	5.14423	5.12616
-1.45653	0.881369	5.14587	5.12715
-1.46803	0.869213	5.1462	5.12748
-1.46606	0.867242	5.14325	5.12715
-1.46967	0.868556	5.14193	5.1278
-1.46836	0.868228	5.14029	5.12813
-1.48216	0.852458	5.14226	5.12715
-1.47953	0.845558	5.14489	5.12583
-1.48675	0.841287	5.14423	5.12583
-1.48774	0.848844	5.14489	5.1255
-1.48183	0.850487	5.14423	5.12386
-1.48905	0.840959	5.14357	5.12353
-1.49924	0.830446	5.14292	5.12419
-1.50351	0.826832	5.14357	5.1232
-1.50844	0.822561	5.14489	5.12255
-1.51665	0.805476	5.14555	5.1232
-1.52749	0.801534	5.14522	5.12682
-1.54195	0.787407	5.14555	5.1278
-1.53078	0.796277	5.14489	5.1278
-1.52651	0.796277	5.14522	5.12715
-1.52848	0.797263	5.14456	5.12649
-1.53242	0.788064	5.14357	5.12353
-1.54261	0.774922	5.1439	5.12222
-1.54195	0.774922	5.1462	5.12353
-1.54162	0.776893	5.14489	5.12485
-1.54129	0.783464	5.14193	5.12452
-1.53899	0.782807	5.1416	5.12485
-1.53209	0.790035	5.14226	5.12353
-1.53604	0.792006	5.14292	5.12353
-1.53472	0.788721	5.14522	5.12419
-1.53801	0.781164	5.14522	5.1255
-1.54195	0.770651	5.14325	5.12748
-1.54392	0.767366	5.14193	5.1278
-1.54392	0.758166	5.1439	5.12616
-1.54918	0.754224	5.14522	5.12189
-1.54852	0.760795	5.14587	5.12058
-1.54655	0.772622	5.1462	5.12288
-1.55378	0.763423	5.14555	5.12485
-1.55575	0.758166	5.14357	5.12583
-1.55706	0.759809	5.14259	5.12583
-1.55969	0.763423	5.14292	5.12485
-1.55903	0.760466	5.14456	5.1232
-1.56002	0.756195	5.14587	5.12189
-1.55739	0.762437	5.14555	5.12353
-1.55213	0.773936	5.14226	5.12715
-1.55411	0.772622	5.14095	5.12879
-1.55181	0.778864	5.13963	5.12813
-1.54951	0.772622	5.13996	5.12715
-1.54688	0.779522	5.14062	5.12452
-1.54721	0.773608	5.14357	5.12485
-1.54425	0.775908	5.1439	5.1255
-1.53801	0.77985	5.14325	5.12616
-1.53636	0.784778	5.14226	5.12682
-1.53308	0.786749	5.13996	5.12715
-1.52552	0.789706	5.14062	5.1278
-1.52289	0.795292	5.14193	5.12879
-1.51797	0.796606	5.14357	5.12682
-1.51205	0.807119	5.14325	5.12583
-1.50351	0.824203	5.1416	5.12452
-1.49694	0.834388	5.13963	5.12419
-1.48938	0.836688	5.14226	5.12518
-1.48905	0.83176	5.14357	5.12649
-1.49168	0.828146	5.1439	5.12485
-1.48183	0.839316	5.1439	5.1232
-1.48248	0.837673	5.14292	5.12222
-1.49365	0.823546	5.14259	5.12189
-1.49431	0.826503	5.1416	5.12386
-1.4815	0.843587	5.14259	5.12583
-1.47624	0.851801	5.14456	5.12583
-1.46014	0.862314	5.14719	5.12682
-1.45949	0.857714	5.14785	5.12649
-1.4516	0.861328	5.14653	5.12583
-1.45324	0.854429	5.14555	5.12583
-1.45291	0.860343	5.14423	5.12649
-1.44339	0.87447	5.1462	5.12682
-1.44142	0.876113	5.14719	5.12616
-1.43944	0.872827	5.14423	5.12419
-1.4424	0.860343	5.14226	5.12189
-1.43452	0.87217	5.1416	5.1232
-1.4332	0.876113	5.1416	5.1255
-1.42335	0.87907	5.14193	5.12813
-1.42367	0.881369	5.14357	5.12748
-1.42893	0.889912	5.14555	5.12353
-1.42532	0.897797	5.14587	5.12156
-1.42729	0.890569	5.14555	5.12386
-1.42959	0.898782	5.1439	5.12682
-1.43287	0.889254	5.14325	5.12748
-1.42762	0.897468	5.14259	5.12649
-1.42532	0.904367	5.14259	5.12485
-1.41908	0.914881	5.14259	5.12353
-1.41875	0.91718	5.1439	5.12386
-1.42269	0.919809	5.14456	5.1255
-1.41612	0.917838	5.14259	5.12649
-1.41678	0.927694	5.14029	5.12583
-1.40955	0.93985	5.13897	5.12485
-1.40692	0.945764	5.13897	5.12485
-1.4102	0.943792	5.14029	5.12419
-1.40166	0.958248	5.1416	5.12419
-1.39673	0.954963	5.14127	5.12583
-1.40331	0.946749	5.1393	5.12748
-1.41053	0.939193	5.13897	5.12715
-1.4102	0.929994	5.14226	5.1278
-1.40331	0.936236	5.14423	5.12846
-1.40889	0.926051	5.14423	5.12912
-1.41053	0.92178	5.14357	5.12748
-1.4102	0.936236	5.14127	5.1255
-1.40232	0.946421	5.14029	5.1232
-1.41513	0.929337	5.14029	5.12452
-1.42499	0.923094	5.1393	5.12682
-1.4217	0.923423	5.13996	5.12879
-1.42335	0.926708	5.14259	5.12977
-1.42335	0.923423	5.14489	5.12879
-1.42367	0.92638	5.1439	5.12748
-1.424	0.930979	5.14193	5.12682
-1.4217	0.92408	5.13996	5.1278
-1.43057	0.918495	5.13996	5.12715
-1.42827	0.901082	5.14193	5.12616
-1.4355	0.89484	5.14423	5.12518
-1.43649	0.88794	5.14259	5.12386
-1.44897	0.888269	5.13996	5.12452
-1.44634	0.883669	5.13897	5.12616
-1.44996	0.890897	5.13963	5.12616
-1.45226	0.88564	5.14226	5.12649
-1.4608	0.875784	5.14456	5.12419
-1.4585	0.874799	5.14456	5.12288
-1.46836	0.874799	5.14259	5.12255
-1.46376	0.875127	5.14193	5.1232
-1.46573	0.880384	5.14259	5.12386
-1.46047	0.880055	5.14193	5.12682
-1.47	0.860671	5.1416	5.1278
-1.47788	0.858043	5.14193	5.12682
-1.4723	0.857057	5.14259	5.1255
-1.47657	0.854758	5.14259	5.12485
-1.48544	0.846216	5.14226	5.12419
-1.49398	0.835374	5.14226	5.12452
-1.50482	0.830774	5.14259	5.12452
-1.50877	0.823875	5.1439	5.12518
-1.50712	0.823218	5.14456	5.12419
-1.50614	0.832088	5.14489	5.1232
-1.50778	0.832417	5.14555	5.12616
-1.50745	0.837345	5.14555	5.12748
-1.50548	0.838659	5.14522	5.1278
-1.51468	0.831103	5.14456	5.1278
-1.5137	0.840302	5.14522	5.12748
-1.51698	0.84063	5.14456	5.12583
-1.51862	0.837345	5.14292	5.12485
-1.51172	0.840302	5.14226	5.12485
-1.51172	0.841616	5.14193	5.12419
-1.5137	0.835045	5.14259	5.12616
-1.51172	0.847201	5.14292	5.12813
-1.50942	0.853772	5.14325	5.12715
-1.51041	0.851801	5.14522	5.12583
-1.51304	0.850158	5.14587	5.12386
-1.52289	0.836031	5.1462	5.12288
-1.52027	0.837673	5.14587	5.1255
-1.51698	0.832417	5.14456	5.1278
-1.51172	0.846216	5.1439	5.12945
-1.51238	0.849829	5.14587	5.12813
-1.51632	0.835702	5.14653	5.12452
-1.51402	0.837345	5.14456	5.12156
-1.51501	0.840302	5.14193	5.12255
-1.51797	0.838988	5.14127	5.12386
-1.51994	0.839645	5.14226	5.12485
-1.51731	0.84063	5.14489	5.12583
-1.51862	0.836688	5.14653	5.1255
-1.52059	0.841616	5.14456	5.12485
-1.52289	0.835702	5.1416	5.12616
-1.52158	0.837345	5.1393	5.1232
-1.52355	0.838331	5.14127	5.12123
-1.52487	0.843916	5.14292	5.12288
-1.52749	0.834059	5.14357	5.12518
-1.52487	0.84063	5.14325	5.12616
-1.52519	0.842273	5.14193	5.12452
-1.52881	0.834717	5.14127	5.1232
-1.53045	0.834717	5.14259	5.12386
-1.52684	0.844901	5.14456	5.12583
-1.52585	0.843916	5.14587	5.1278
-1.52487	0.839973	5.14456	5.1278
-1.53045	0.834388	5.14357	5.12616
-1.52914	0.829788	5.14292	5.12616
-1.52848	0.828146	5.14292	5.12649
-1.52881	0.829131	5.14357	5.12682
-1.53636	0.818289	5.14259	5.12583
-1.53571	0.816647	5.14226	5.12485
-1.52717	0.826503	5.14357	5.12485
-1.52355	0.830446	5.14423	5.12583
-1.52717	0.825517	5.1439	5.12649
-1.52257	0.819932	5.1439	5.12682
-1.52125	0.821246	5.14357	5.12682
-1.52552	0.815333	5.14259	5.12682
-1.52355	0.819275	5.1439	5.12649
-1.52322	0.826832	5.14456	5.12583
-1.52519	0.830117	5.1439	5.12715
-1.52059	0.838659	5.14259	5.12715
-1.52224	0.834717	5.14127	5.12583
-1.51829	0.837345	5.14259	5.12583
-1.51895	0.834717	5.1439	5.12583
-1.51665	0.843587	5.1439	5.12419
-1.51304	0.84523	5.14325	5.12452
-1.51271	0.84753	5.14292	5.1255
-1.50778	0.847201	5.14259	5.12518
-1.50712	0.841944	5.14259	5.12682
-1.50121	0.839316	5.14292	5.12879
-1.49563	0.852786	5.14357	5.1301
-1.49563	0.856072	5.14522	5.1301
-1.49037	0.867899	5.14555	5.12649
-1.48971	0.871513	5.1439	5.12419
-1.48413	0.878741	5.14193	5.1255
-1.48248	0.886298	5.14095	5.12583
-1.48281	0.891883	5.14127	5.12485
-1.46901	0.91718	5.14423	5.12583
-1.46244	0.918823	5.14719	5.12715
-1.46244	0.914552	5.1462	5.1278
-1.4608	0.92408	5.14423	5.12715
-1.46113	0.922766	5.14226	5.12682
-1.45981	0.923094	5.14127	5.12813
-1.46671	0.915866	5.13963	5.12846
-1.46179	0.925065	5.1393	5.12682
-1.45357	0.938207	5.13963	5.12616
-1.44536	0.944778	5.14127	5.12518
-1.4332	0.952006	5.14226	5.12452
-1.42729	0.953977	5.14456	5.12583
-1.4309	0.954963	5.1439	5.12813
-1.42532	0.954963	5.14489	5.12879
-1.41776	0.967447	5.14456	5.12813
-1.41678	0.963505	5.1439	5.12518
-1.41875	0.953649	5.14456	5.12288
-1.41513	0.956934	5.14456	5.1232
-1.41316	0.956934	5.14423	5.12616
-1.41152	0.960548	5.14423	5.12846
-1.41053	0.954634	5.14456	5.12912
-1.40265	0.952006	5.14325	5.12748
-1.40101	0.948392	5.14357	5.12419
-1.40331	0.952992	5.14357	5.12386
-1.40232	0.946421	5.14259	5.12518
-1.40856	0.933279	5.14259	5.12616
-1.40889	0.941493	5.14325	5.12583
-1.40856	0.93985	5.14489	5.12583
-1.41283	0.94215	5.14456	5.12616
-1.41316	0.946421	5.14522	5.12682
-1.41053	0.948392	5.14587	5.12485
-1.40889	0.956934	5.14686	5.12255
-1.40889	0.963505	5.1462	5.1232
-1.41842	0.963176	5.14489	5.12485
-1.42236	0.962519	5.1439	5.12485
-1.41842	0.960548	5.1439	5.12452
-1.41415	0.957591	5.14522	5.12485
-1.41776	0.952663	5.14456	5.12386
-1.42105	0.948063	5.14226	5.12452
-1.42663	0.95102	5.14127	5.12518
-1.42499	0.950035	5.13996	5.12616
-1.42729	0.944778	5.14226	5.12616
-1.43353	0.933279	5.14325	5.12518
-1.43912	0.934593	5.14357	5.12452
-1.4309	0.945764	5.14292	5.12485
-1.43057	0.941164	5.14259	5.1255
-1.43255	0.935907	5.14095	5.12682
-1.43222	0.937879	5.14062	5.1278
-1.43485	0.940178	5.14193	5.12846
-1.44174	0.929665	5.14456	5.12748
-1.44799	0.925723	5.14686	5.12485
-1.447	0.92638	5.14752	5.12288
-1.45127	0.927694	5.14719	5.12288
-1.44897	0.931965	5.14653	5.1255
-1.4493	0.924737	5.14456	5.12813
-1.45259	0.923094	5.14357	5.1278
-1.4493	0.925394	5.1439	5.1278
-1.46277	0.914224	5.14456	5.12616
-1.46179	0.917838	5.14292	5.1255
-1.45817	0.920794	5.1416	5.12518
-1.45193	0.919152	5.14193	5.12452
-1.45193	0.920794	5.14456	5.12452
-1.45456	0.920466	5.14686	5.12485
-1.45226	0.915209	5.14719	5.12419
-1.45324	0.908638	5.14752	5.12419
-1.45521	0.908638	5.14587	5.12485
-1.45883	0.907653	5.1439	5.1255
-1.46047	0.904039	5.14095	5.12452
-1.4631	0.906339	5.1416	5.12419
-1.46277	0.900753	5.14325	5.12419
-1.46934	0.889912	5.14423	5.12452
-1.47197	0.884326	5.1439	5.12485
-1.47131	0.88564	5.14259	5.12419
-1.47328	0.891883	5.14193	5.12616
-1.47493	0.882684	5.1439	5.1278
-1.47328	0.886626	5.14587	5.12682
-1.48774	0.876113	5.1462	5.12649
-1.49628	0.856072	5.14587	5.12715
-1.50351	0.841944	5.14423	5.12682
-1.50515	0.850158	5.14292	5.12748
-1.50877	0.848515	5.14259	5.12748
-1.50712	0.852458	5.14259	5.12682
-1.51041	0.856072	5.14259	5.12748
-1.50581	0.858372	5.14325	5.12682
-1.50318	0.866257	5.14489	5.12616
-1.5137	0.851472	5.14489	5.12518
-1.51764	0.844901	5.14226	5.1255
-1.51895	0.836688	5.14095	5.12616
-1.51764	0.833074	5.14095	5.12682
-1.51304	0.832417	5.14226	5.1255
-1.50548	0.843259	5.1439	5.12386
-1.51435	0.839973	5.1439	5.1232
-1.51928	0.833731	5.14259	5.12452
-1.52224	0.83176	5.13996	5.12583
-1.53735	0.806791	5.13897	5.12715
-1.54294	0.803177	5.14193	5.12715
-1.55411	0.791349	5.1439	5.12748
-1.55115	0.792663	5.14555	5.12715
-1.55673	0.790363	5.1462	5.12616
-1.55509	0.788392	5.1439	5.12649
-1.56002	0.77755	5.14095	5.12649
-1.561	0.770651	5.14029	5.12616
-1.56528	0.763752	5.13996	5.12616
-1.56528	0.766051	5.14226	5.12518
-1.5725	0.752581	5.14555	5.12386
-1.57677	0.747982	5.14653	5.12353
-1.57415	0.759152	5.14522	5.12485
-1.57316	0.756524	5.14325	5.12583
-1.57283	0.752253	5.14259	5.12682
-1.56725	0.756195	5.14357	5.12616
-1.56889	0.75061	5.14489	5.12682
-1.57053	0.744039	5.14522	5.1255
-1.56955	0.746339	5.14423	5.12649
-1.561	0.747653	5.14325	5.12649
-1.55641	0.753567	5.14226	5.12715
-1.56166	0.749953	5.14062	5.12616
-1.56396	0.751924	5.1416	5.12452
-1.561	0.755867	5.14423	5.12288
-1.55838	0.764737	5.14489	5.12222
-1.56002	0.758823	5.1439	5.1232
-1.55871	0.765723	5.14325	5.12419
-1.56068	0.769337	5.1416	5.1255
-1.55871	0.767694	5.14193	5.12583
-1.55049	0.783793	5.14423	5.12518
-1.54523	0.794634	5.14653	5.1232
-1.54491	0.79332	5.14719	5.12189
-1.53735	0.807119	5.14489	5.12419
-1.53472	0.818289	5.14259	5.12682
-1.53341	0.817961	5.14193	5.12813
-1.52717	0.820918	5.14226	5.12813
-1.51731	0.830117	5.14522	5.12616
-1.51928	0.830117	5.14489	5.12386
-1.51928	0.820261	5.14489	5.1232
-1.50942	0.838659	5.14423	5.12386
-1.50285	0.837673	5.14357	5.12419
-1.49563	0.845558	5.14357	5.12518
-1.49694	0.850158	5.1439	5.12518
-1.4884	0.854101	5.14292	5.12353
-1.48413	0.8633	5.1416	5.12222
-1.48018	0.866257	5.1416	5.12156
-1.47296	0.873813	5.14226	5.12222
-1.4746	0.875784	5.14226	5.1232
-1.46803	0.887612	5.14127	5.12485
-1.46376	0.891883	5.1416	5.12518
-1.46277	0.895497	5.14292	5.12419
-1.45686	0.896482	5.14522	5.12255
-1.45784	0.904367	5.14522	5.12353
-1.45357	0.907324	5.14259	5.12583
-1.45456	0.905353	5.14095	5.12715
-1.44602	0.927037	5.14193	5.12682
-1.44602	0.936236	5.1439	5.12748
-1.44996	0.934593	5.14522	5.1278
-1.44733	0.941821	5.14423	5.12813
-1.44733	0.940507	5.1439	5.12715
-1.45259	0.938864	5.14357	5.12518
-1.4539	0.934593	5.14226	5.12452
-1.45226	0.93295	5.14193	5.12386
-1.45916	0.92638	5.14226	5.12189
-1.45719	0.92638	5.14062	5.12222
-1.4585	0.923751	5.13996	5.12419
-1.46179	0.916852	5.14127	5.12452
-1.46376	0.917509	5.14325	5.12649
-1.46047	0.911595	5.14325	5.12846
-1.46639	0.916195	5.1439	5.12977
-1.47	0.91948	5.14456	5.12945
-1.47	0.920466	5.1462	5.12649
-1.46934	0.923423	5.1462	5.12419
-1.47197	0.921452	5.1439	5.12485
-1.46507	0.929008	5.14259	5.12518
-1.4723	0.916523	5.14357	5.1255
-1.47723	0.912581	5.14456	5.1255
-1.48183	0.907653	5.14489	5.12518
-1.47854	0.912909	5.14292	5.12485
-1.47624	0.917509	5.14226	5.12583
-1.46967	0.920466	5.1416	5.12583
-1.46671	0.917838	5.1416	5.12452
-1.46441	0.921452	5.14193	5.12386
-1.46277	0.925723	5.1416	5.12288
-1.45981	0.936564	5.14226	5.1232
-1.45784	0.932622	5.14226	5.12518
-1.45784	0.933279	5.14226	5.12583
-1.4585	0.936564	5.14062	5.12715
-1.44864	0.949049	5.13897	5.12682
-1.44503	0.956277	5.13897	5.12748
-1.43386	0.972704	5.14095	5.12977
-1.43517	0.961534	5.14259	5.13142
-1.42466	0.977304	5.1439	5.13043
-1.41973	0.983874	5.14423	5.1301
-1.42039	0.981246	5.14357	5.1301
-1.4217	0.979603	5.14226	5.12977
-1.42203	0.980918	5.14259	5.12879
-1.41678	0.98256	5.14259	5.12583
-1.41678	0.979932	5.14357	5.1255
-1.42105	0.974347	5.14719	5.12715
-1.42926	0.964162	5.14719	5.12945
-1.42926	0.951677	5.14522	5.12977
-1.42992	0.950035	5.14325	5.12912
-1.43682	0.940507	5.14292	5.12813
-1.44076	0.940835	5.14555	5.12649
-1.44832	0.936236	5.14653	5.12682
-1.45521	0.929337	5.14587	5.12616
-1.46474	0.911595	5.14456	5.1255
-1.45719	0.912909	5.14423	5.12616
-1.45423	0.914881	5.14587	5.12748
-1.45554	0.918823	5.14752	5.12682
-1.45521	0.918823	5.14719	5.12583
-1.45193	0.920466	5.1462	5.12452
-1.45554	0.914552	5.14555	5.1255
-1.45521	0.91718	5.14259	5.12616
-1.45751	0.924408	5.14095	5.12682
-1.46409	0.92178	5.1416	5.12682
-1.47657	0.905682	5.14423	5.12682
-1.48675	0.898782	5.14456	5.12649
-1.49004	0.893197	5.14456	5.12616
-1.49858	0.888597	5.1439	5.12846
-1.50088	0.882355	5.14423	5.12879
-1.493	0.892868	5.14193	5.12813
-1.49365	0.894511	5.14259	5.12879
-1.5045	0.887612	5.1439	5.12912
-1.5045	0.889254	5.14489	5.12813
-1.5114	0.873484	5.1439	5.12748
-1.50942	0.877098	5.14423	5.12583
-1.51008	0.879398	5.14357	5.12518
-1.51829	0.861986	5.14127	5.12616
-1.52092	0.850487	5.14095	5.12682
-1.52224	0.838331	5.1416	5.12879
-1.52092	0.831103	5.14292	5.12977
-1.52618	0.817304	5.14456	5.12682
-1.53144	0.811719	5.14522	5.12518
-1.53998	0.800548	5.14325	5.12518
-1.54523	0.79792	5.1439	5.12583
-1.53768	0.814347	5.14357	5.12616
-1.53078	0.821575	5.1439	5.1255
-1.52815	0.825517	5.14226	5.12288
-1.52191	0.829131	5.14095	5.12255
-1.52487	0.828146	5.14127	5.12419
-1.51961	0.824203	5.14259	5.12485
-1.52454	0.807776	5.14357	5.12616
-1.52848	0.807448	5.14456	5.12452
-1.52191	0.802191	5.14423	5.1232
-1.52059	0.797263	5.14259	5.12518
-1.52454	0.794634	5.14292	5.12682
-1.52388	0.787078	5.14292	5.12682
-1.52519	0.791678	5.14292	5.12748
-1.53439	0.771965	5.14226	5.12813
-1.53965	0.765394	5.14259	5.12813
-1.53965	0.771965	5.14456	5.12682
-1.53669	0.772951	5.1462	5.12616
-1.52684	0.780179	5.14456	5.12583
-1.52585	0.774265	5.14127	5.12682
-1.53406	0.771637	5.1393	5.12452
-1.53439	0.768351	5.14062	5.12419
-1.53341	0.769008	5.14226	5.12419
-1.53176	0.770322	5.14456	5.1232
-1.52585	0.771965	5.14555	5.1232
-1.52519	0.784778	5.14522	5.12386
-1.51994	0.792006	5.14555	5.12386
-1.51961	0.789378	5.14456	5.12518
-1.52224	0.788064	5.14423	5.12682
-1.52848	0.78215	5.14587	5.12682
-1.53111	0.780836	5.14785	5.12583
-1.52585	0.785764	5.14686	5.12452
-1.52815	0.782807	5.14489	5.12452
-1.53012	0.783464	5.14423	5.1255
-1.52881	0.790035	5.1439	5.12616
-1.52585	0.791349	5.14226	5.12518
-1.53636	0.786749	5.14226	5.1232
-1.53242	0.786749	5.1416	5.12123
-1.53341	0.787735	5.14127	5.12222
-1.52651	0.803505	5.14062	5.12452
-1.51797	0.806791	5.13963	5.1255
-1.51698	0.81369	5.1416	5.12485
-1.50975	0.825517	5.14489	5.12419
-1.50187	0.838002	5.14653	5.12353
-1.49891	0.836359	5.14653	5.12222
-1.5022	0.843916	5.14555	5.1232
-1.49793	0.853772	5.14357	5.12583
-1.49957	0.845558	5.14193	5.12583
-1.49793	0.852786	5.14325	5.12649
-1.50318	0.851144	5.1439	5.12715
-1.50154	0.855415	5.14423	5.12715
-1.49595	0.871513	5.14456	5.12682
-1.49234	0.873484	5.14423	5.12583
-1.48971	0.884655	5.14226	5.12518
-1.4861	0.891554	5.14127	5.12649
-1.48708	0.894183	5.14095	5.12616
-1.4838	0.896154	5.14127	5.1255
-1.47	0.902068	5.14325	5.12616
-1.46047	0.912581	5.14456	5.12616
-1.44437	0.930322	5.14357	5.1255
-1.43944	0.932293	5.14325	5.12583
-1.43419	0.932293	5.14193	5.12616
-1.42696	0.929337	5.14127	5.12583
-1.42532	0.926051	5.14127	5.12649
-1.42367	0.92408	5.14259	5.12518
-1.41875	0.931636	5.1439	5.12485
-1.41973	0.933936	5.14357	5.1255
-1.42072	0.929665	5.14325	5.12485
-1.4194	0.931636	5.14522	5.1255
-1.41612	0.93755	5.14653	5.12748
-1.4079	0.938536	5.14719	5.12748
-1.39706	0.946421	5.14522	5.12715
-1.39903	0.940835	5.14555	5.12682
-1.38458	0.948392	5.14489	5.12583
-1.37669	0.951349	5.14357	5.12485
-1.37308	0.963176	5.14259	5.12419
-1.37341	0.957263	5.14127	5.12485
-1.37439	0.955948	5.14226	5.12583
-1.37177	0.962191	5.1439	5.12649
-1.37604	0.963505	5.14456	5.12452
-1.38162	0.963505	5.14423	5.12452
-1.37669	0.962848	5.14325	5.12518
-1.37932	0.959562	5.1416	5.1255
-1.38359	0.964819	5.1416	5.12485
-1.38491	0.973033	5.14292	5.12452
-1.38852	0.970733	5.14423	5.12353
-1.39378	0.973361	5.14423	5.12518
-1.40002	0.958905	5.14325	5.12583
-1.40823	0.951677	5.14226	5.12419
-1.41513	0.935579	5.14193	5.1255
-1.42532	0.92638	5.14456	5.12485
-1.42367	0.934265	5.14522	5.1232
-1.42827	0.934922	5.14259	5.1232
-1.4355	0.931636	5.1416	5.12485
-1.43846	0.931965	5.14127	5.12682
-1.43616	0.945435	5.14127	5.12813
-1.4332	0.949378	5.14259	5.12748
-1.45193	0.930651	5.14325	5.12682
-1.46606	0.910938	5.14456	5.12715
-1.46474	0.910281	5.14522	5.1278
-1.4769	0.898125	5.14325	5.12813
-1.47854	0.901739	5.14292	5.12682
-1.4838	0.884983	5.14292	5.12748
-1.4838	0.875784	5.14259	5.1278
-1.48183	0.87447	5.14259	5.12748
-1.48774	0.868556	5.1439	5.1255
-1.48544	0.881041	5.1439	5.12616
-1.493	0.875456	5.14456	5.12682
-1.493	0.87447	5.14456	5.12518
-1.49661	0.877427	5.14357	5.12452
-1.49004	0.887283	5.1439	5.12419
-1.4884	0.887283	5.1439	5.12616
-1.49201	0.883998	5.14259	5.12682
-1.4884	0.879727	5.14325	5.12813
-1.4907	0.878084	5.14357	5.12748
-1.49267	0.871842	5.14325	5.12518
-1.48873	0.870199	5.14127	5.12452
-1.48971	0.867571	5.14062	5.12485
-1.48741	0.863628	5.14259	5.12485
-1.48347	0.867242	5.14456	5.12485
-1.48314	0.862643	5.14325	5.12518
-1.48281	0.864614	5.14062	5.12649
-1.48708	0.861328	5.13996	5.12748
-1.47526	0.881369	5.14062	5.12748
-1.47657	0.877427	5.14292	5.12649
-1.46704	0.886626	5.14325	5.12616
-1.4654	0.895168	5.14292	5.12649
-1.46441	0.897139	5.14062	5.12616
-1.45916	0.902068	5.1393	5.12616
-1.4516	0.909953	5.1416	5.12649
-1.43813	0.931308	5.14587	5.12748
-1.4355	0.932622	5.14686	5.12682
-1.42762	0.946421	5.14719	5.12682
-1.42893	0.948063	5.14489	5.12813
-1.42827	0.940178	5.1439	5.12748
-1.4286	0.947406	5.1416	5.12813
-1.43025	0.943792	5.14062	5.12879
-1.42827	0.952992	5.14226	5.12715
-1.43025	0.957591	5.14522	5.12419
-1.43222	0.950363	5.14587	5.12288
-1.43123	0.951677	5.14456	5.12288
-1.43485	0.952006	5.14489	5.12518
-1.43353	0.950692	5.14555	5.12715
-1.43846	0.952334	5.14357	5.12583
-1.4424	0.951349	5.14292	5.12452
-1.44273	0.956934	5.14325	5.1232
-1.44897	0.949706	5.14292	5.12288
-1.447	0.95332	5.14325	5.12386
-1.44634	0.958905	5.14292	5.12649
-1.44602	0.95332	5.1416	5.12813
-1.4516	0.950035	5.14095	5.12879
-1.44404	0.960877	5.14226	5.12748
-1.4401	0.96679	5.14292	5.12485
-1.44996	0.954306	5.14489	5.12222
-1.45193	0.955948	5.14357	5.12255
-1.45259	0.956605	5.14259	5.12452
-1.45686	0.961534	5.14292	5.12682
-1.46211	0.95792	5.14325	5.12748
-1.4677	0.95332	5.14423	5.12616
-1.4723	0.950035	5.14423	5.12649
-1.4654	0.95562	5.1439	5.12518
-1.47	0.944121	5.14423	5.12222
-1.47131	0.937222	5.14292	5.12288
-1.46868	0.943464	5.14095	5.1255
-1.4562	0.957591	5.14325	5.12649
-1.44864	0.961205	5.14653	5.12715
-1.44897	0.955291	5.1485	5.1255
-1.44996	0.954306	5.1485	5.12485
-1.45193	0.952334	5.14555	5.12518
-1.44996	0.946749	5.14423	5.12583
-1.45456	0.944121	5.14193	5.12518
-1.45817	0.945435	5.14127	5.1255
-1.45653	0.942478	5.14259	5.12616
-1.46047	0.934593	5.14423	5.12452
-1.45324	0.938207	5.14555	5.12419
-1.45423	0.930651	5.14587	5.12485
-1.45456	0.928351	5.14522	5.12682
-1.45423	0.923094	5.1439	5.12846
-1.44963	0.934922	5.14456	5.12682
-1.46211	0.925394	5.14522	5.12452
-1.45751	0.927037	5.14489	5.12386
-1.45521	0.935907	5.14456	5.12452
-1.4608	0.930322	5.14423	5.12452
-1.46146	0.932293	5.1439	5.12452
-1.44766	0.950363	5.14456	5.12518
-1.4493	0.941821	5.14423	5.1255
-1.44766	0.949706	5.14259	5.12583
-1.44766	0.947735	5.14193	5.12583
-1.44174	0.956934	5.14226	5.12583
-1.44832	0.95102	5.14423	5.12682
-1.45193	0.950035	5.14555	5.12649
-1.45127	0.95102	5.14587	5.12485
-1.44536	0.956277	5.14456	5.12386
-1.44832	0.948392	5.14325	5.12255
-1.45357	0.94215	5.1439	5.1232
-1.45094	0.945764	5.14522	5.12353
-1.46277	0.939193	5.1439	5.1232
-1.45423	0.943135	5.14095	5.12419
-1.45357	0.945107	5.14062	5.12518
-1.45127	0.950035	5.14292	5.1255
-1.44996	0.950363	5.14325	5.12682
-1.45423	0.950692	5.14423	5.12649
-1.45784	0.948063	5.14423	5.12583
-1.45784	0.943135	5.1439	5.1255
-1.45094	0.950363	5.14292	5.12715
-1.45226	0.945435	5.14226	5.12715
-1.45324	0.948392	5.14193	5.12583
-1.4516	0.949049	5.14325	5.12518
-1.4516	0.954634	5.14292	5.12485
-1.44996	0.960877	5.14193	5.12583
-1.44963	0.95792	5.14062	5.12649
-1.44437	0.952334	5.14062	5.12682
-1.44799	0.951349	5.14259	5.12649
-1.44667	0.948392	5.14522	5.12649
-1.45784	0.942807	5.14719	5.12649
-1.4562	0.945764	5.14423	5.12518
-1.45357	0.951677	5.14193	5.12353
-1.45259	0.956277	5.14226	5.12255
-1.46146	0.943464	5.1439	5.1255
-1.46014	0.946421	5.14423	5.12846
-1.45817	0.948063	5.14259	5.12879
-1.46113	0.940507	5.14423	5.12715
-1.45686	0.941493	5.14522	5.12583
-1.46211	0.928351	5.14423	5.12682
-1.46343	0.92408	5.14325	5.12945
-1.45817	0.927365	5.14292	5.12977
-1.46047	0.93755	5.14456	5.12846
-1.4562	0.936893	5.14587	5.1278
-1.45062	0.943135	5.14752	5.12715
-1.44733	0.941493	5.14587	5.12813
-1.44273	0.943464	5.14357	5.12912
-1.45259	0.944449	5.1416	5.12813
-1.4516	0.94872	5.14127	5.12813
-1.44174	0.956934	5.14259	5.12649
-1.45029	0.947078	5.14456	5.12485
-1.44503	0.945764	5.14423	5.12419
-1.43255	0.956934	5.14357	5.12419
-1.42236	0.971061	5.14226	5.12485
-1.4125	0.976318	5.14226	5.12682
-1.40692	0.973033	5.14325	5.12682
-1.40298	0.982889	5.14489	5.1255
-1.40331	0.991431	5.14522	5.12485
-1.40002	0.995373	5.14489	5.12386
-1.40561	0.986503	5.14423	5.12222
-1.40298	0.990117	5.14193	5.12419
-1.39739	0.983546	5.13996	5.12485
-1.39871	0.977961	5.14325	5.12715
-1.40199	0.977961	5.14587	5.12715
-1.40298	0.981903	5.14686	5.12715
-1.40232	0.985517	5.14456	5.12748
-1.4125	0.981903	5.14127	5.12583
-1.41382	0.985517	5.13996	5.12583
-1.41086	0.98256	5.14127	5.12649
-1.40396	0.985189	5.14456	5.12649
-1.4148	0.976318	5.14456	5.12649
-1.42367	0.963176	5.14292	5.12649
-1.42663	0.95792	5.14292	5.12715
-1.43386	0.952006	5.14259	5.12748
-1.44043	0.951677	5.14259	5.12616
-1.44766	0.944449	5.14357	5.12583
-1.43813	0.951349	5.14456	5.12682
-1.43419	0.962519	5.1462	5.12616
-1.43944	0.965148	5.14555	5.12583
-1.44207	0.958248	5.14456	5.12583
-1.43912	0.958905	5.14325	5.12485
-1.44667	0.950035	5.14193	5.12452
-1.44437	0.952006	5.14062	5.12682
-1.45949	0.933279	5.13963	5.12813
-1.46409	0.923751	5.1393	5.12748
-1.47131	0.919152	5.14127	5.12452
-1.47854	0.915209	5.14456	5.12288
-1.48248	0.913895	5.1462	5.12485
-1.48413	0.909295	5.14456	5.12616
-1.49103	0.899768	5.14226	5.12649
-1.48413	0.904696	5.14259	5.12813
-1.47788	0.908967	5.14489	5.12649
-1.49201	0.895168	5.14587	5.1255
-1.49398	0.898782	5.14456	5.12485
-1.5045	0.886298	5.14127	5.12649
-1.5022	0.881698	5.14062	5.1301
-1.51107	0.875127	5.14226	5.13043
-1.51041	0.869542	5.1439	5.12649
-1.50811	0.876113	5.1439	5.12452
-1.50647	0.878084	5.14357	5.12419
-1.50745	0.878741	5.14456	5.12452
-1.50548	0.878741	5.1462	5.12813
-1.51567	0.855415	5.14752	5.1324
-1.51961	0.850158	5.14719	5.13175
-1.52322	0.839973	5.14587	5.12912
-1.52158	0.837345	5.14522	5.12616
-1.53111	0.826832	5.14357	5.12452
-1.53242	0.827817	5.1416	5.1255
-1.53242	0.820918	5.13963	5.12748
-1.52979	0.816647	5.137	5.12813
-1.52257	0.831103	5.13865	5.12748
-1.51731	0.82716	5.1416	5.12649
-1.52224	0.817304	5.14357	5.12649
-1.51731	0.818618	5.14423	5.12682
-1.5137	0.828474	5.14357	5.12616
-1.50581	0.826832	5.1416	5.12518
-1.50844	0.817632	5.14062	5.12452
-1.51008	0.812376	5.14193	5.12485
-1.51205	0.819932	5.14226	5.12452
-1.51468	0.814347	5.14127	5.1255
-1.51468	0.811719	5.14095	5.12748
-1.51994	0.807448	5.14029	5.12748
-1.51928	0.809419	5.14193	5.12649
-1.50745	0.815004	5.14193	5.12485
-1.49595	0.831431	5.1393	5.12616
-1.49365	0.834388	5.13865	5.12649
-1.49201	0.837345	5.13897	5.12616
-1.48741	0.845887	5.1416	5.1255
-1.4792	0.852129	5.14292	5.12485
-1.48873	0.84753	5.14226	5.12419
-1.4861	0.8587	5.14127	5.12452
-1.48511	0.869213	5.14095	5.12452
-1.47394	0.873484	5.14095	5.12288
-1.47131	0.879398	5.14193	5.12288
-1.46211	0.89024	5.14193	5.12386
-1.45981	0.902068	5.14193	5.12353
-1.45521	0.903053	5.14325	5.12452
-1.44963	0.90831	5.14456	5.12583
-1.4516	0.901082	5.14522	5.1255
-1.44766	0.903382	5.14456	5.1255
-1.4401	0.90831	5.14325	5.12518
-1.43386	0.914224	5.14292	5.1255
-1.4355	0.908638	5.14226	5.12813
-1.43649	0.906996	5.14127	5.12977
-1.43057	0.910281	5.14423	5.12879
-1.41743	0.918823	5.1462	5.12813
-1.41546	0.92178	5.1439	5.12649
-1.40988	0.931636	5.1416	5.12452
-1.41645	0.921452	5.14127	5.12583
-1.41743	0.92178	5.14127	5.12715
-1.41382	0.925065	5.14095	5.12682
-1.40922	0.925065	5.14127	5.12682
-1.39838	0.931636	5.1439	5.12386
-1.39509	0.941493	5.14522	5.12156
-1.40232	0.940178	5.14587	5.1232
-1.40101	0.944121	5.14555	5.12616
-1.39411	0.948392	5.14325	5.12748
-1.39706	0.933279	5.14226	5.12748
-1.39378	0.936236	5.14456	5.12682
-1.39706	0.925065	5.14587	5.1255
-1.39312	0.927694	5.14719	5.12452
-1.38622	0.940835	5.1462	5.12353
-1.38129	0.94215	5.14522	5.12583
-1.37801	0.944778	5.1439	5.12813
-1.37505	0.952992	5.14456	5.12945
-1.38458	0.952006	5.1439	5.1278
-1.38524	0.957263	5.14357	5.12583
-1.38852	0.953649	5.14325	5.12452
-1.38918	0.948392	5.14357	5.12353
-1.38984	0.944121	5.14325	5.12452
-1.39115	0.938536	5.14226	5.12748
-1.38885	0.947078	5.14259	5.13043
-1.39246	0.943135	5.14357	5.13142
-1.39509	0.930651	5.14587	5.13109
-1.40593	0.925065	5.14817	5.12912
-1.40199	0.923751	5.14686	5.12649
-1.40331	0.938864	5.14489	5.1255
-1.41349	0.935907	5.14259	5.12583
-1.41908	0.928022	5.14226	5.12748
-1.42565	0.916195	5.14357	5.12682
-1.42663	0.907653	5.14719	5.12715
-1.42893	0.910281	5.14982	5.12583
-1.42696	0.901739	5.1485	5.1255
-1.42367	0.906667	5.14686	5.12518
-1.41612	0.904696	5.14653	5.12485
-1.42992	0.894511	5.14719	5.12583
-1.43649	0.89024	5.14752	5.12583
-1.44142	0.892868	5.14489	5.12518
-1.44076	0.892211	5.14193	5.12583
-1.44142	0.886298	5.14127	5.12649
-1.447	0.878741	5.14259	5.12682
-1.45094	0.874142	5.14259	5.12649
-1.45719	0.867571	5.14062	5.12748
-1.46047	0.8633	5.14127	5.12813
-1.45817	0.857386	5.14226	5.12682
-1.4585	0.855415	5.14292	5.12715
-1.46014	0.856072	5.14292	5.12649
-1.4677	0.853443	5.14292	5.12682
-1.47953	0.838659	5.14423	5.12682
-1.47558	0.846216	5.14555	5.12616
-1.4746	0.845887	5.14817	5.1255
-1.46836	0.860343	5.14916	5.12583
-1.47821	0.853115	5.14653	5.12583
-1.4838	0.844901	5.14325	5.12748
-1.4861	0.84753	5.14062	5.12945
-1.48314	0.851472	5.14193	5.12977
-1.48577	0.835374	5.14456	5.12682
-1.4861	0.830774	5.14489	5.12288
-1.493	0.826503	5.14423	5.12156
-1.49727	0.822232	5.1439	5.12386
-1.49891	0.820589	5.14423	5.1255
-1.50548	0.80909	5.14489	5.12419
-1.50417	0.804162	5.14522	5.12353
-1.50811	0.804819	5.14653	5.12518
-1.52257	0.785107	5.14817	5.12583
-1.53045	0.782478	5.14719	5.1255
-1.52749	0.787407	5.14357	5.12419
-1.52059	0.790035	5.14062	5.12485
-1.51862	0.78445	5.14193	5.12649
-1.51665	0.792663	5.1462	5.12748
-1.52552	0.792335	5.1485	5.12748
-1.53538	0.779193	5.14653	5.12715
-1.53571	0.771637	5.14357	5.1278
-1.53866	0.775908	5.14062	5.1278
-1.52947	0.786749	5.14062	5.12945
-1.52618	0.784778	5.14095	5.13109
-1.52421	0.787407	5.14226	5.12945
-1.52815	0.782478	5.14456	5.12682
-1.53604	0.766708	5.14423	5.12518
-1.53374	0.773936	5.1439	5.12518
-1.52848	0.770651	5.14325	5.12748
-1.52355	0.784121	5.14292	5.1301
-1.52519	0.779193	5.1416	5.12879
-1.52782	0.774593	5.14325	5.12715
-1.52552	0.783793	5.1439	5.1255
-1.53045	0.780836	5.14357	5.12353
-1.52749	0.785435	5.14259	5.12419
-1.52651	0.786421	5.14292	5.12616
-1.51862	0.800877	5.1416	5.12616
-1.51567	0.795292	5.14127	5.12649
-1.51501	0.802191	5.14259	5.12485
-1.5114	0.809747	5.14325	5.12386
-1.50844	0.820261	5.14292	5.12518
-1.50318	0.832417	5.14292	5.12616
-1.49201	0.840959	5.14456	5.12748
-1.48938	0.848515	5.14357	5.12649
-1.49168	0.848187	5.14259	5.12452
-1.49333	0.840302	5.14193	5.1232
-1.48741	0.843259	5.14292	5.12419
-1.48216	0.845887	5.14292	5.1278
-1.47558	0.859686	5.14259	5.12879
-1.46901	0.861328	5.14292	5.12715
-1.4608	0.87447	5.14193	5.1255
-1.45423	0.87907	5.14292	5.12649
-1.46277	0.870528	5.14226	5.12616
-1.4608	0.864285	5.14292	5.12452
-1.46113	0.874142	5.1439	5.12386
-1.4631	0.877098	5.14325	5.12583
-1.46573	0.872499	5.14259	5.12715
-1.46113	0.885312	5.14259	5.12682
-1.46277	0.878741	5.14357	5.1255
-1.47	0.881369	5.14456	5.12353
-1.47066	0.879398	5.14522	5.12353
-1.47164	0.880384	5.14423	5.1255
-1.47263	0.881041	5.1439	5.12583
-1.4792	0.870199	5.14456	5.12715
-1.48478	0.861328	5.14489	5.12616
-1.48511	0.863628	5.14489	5.12485
-1.48938	0.860343	5.14653	5.12419
-1.4884	0.858372	5.1462	5.12386
-1.4861	0.860343	5.14423	5.12485
-1.48675	0.863957	5.14357	5.12616
-1.48774	0.859686	5.14357	5.12649
-1.49201	0.853115	5.1439	5.12386
-1.50088	0.839316	5.14522	5.12222
-1.50285	0.831103	5.14489	5.1232
-1.50055	0.830446	5.14259	5.12386
-1.49103	0.836031	5.13963	5.1255
-1.48741	0.833731	5.13963	5.12583
-1.47493	0.836031	5.14095	5.12616
-1.47394	0.848844	5.14226	5.12715
-1.47624	0.841616	5.14325	5.12583
-1.48216	0.835374	5.1439	5.12386
-1.48938	0.829131	5.14423	5.1232
-1.47526	0.843259	5.14325	5.12583
-1.47197	0.845558	5.14259	5.12846
-1.47361	0.847858	5.14292	5.12846
-1.46967	0.852458	5.14292	5.12583
-1.47098	0.850815	5.14193	5.12222
-1.46901	0.846216	5.14062	5.12222
-1.46671	0.844244	5.14029	5.12288
-1.46146	0.845558	5.14357	5.12452
-1.44733	0.84523	5.14325	5.12485
-1.45324	0.841944	5.14456	5.12452
-1.44667	0.849829	5.14489	5.12518
-1.43813	0.858043	5.14423	5.12616
-1.42565	0.879727	5.14555	5.12649
-1.41218	0.890897	5.14719	5.12748
-1.39279	0.906339	5.14653	5.12748
-1.39049	0.911595	5.14259	5.12748
-1.38491	0.913238	5.14226	5.12813
-1.38359	0.910938	5.1462	5.12616
-1.37965	0.913567	5.1485	5.12485
-1.36848	0.914881	5.14785	5.12583
-1.36684	0.908967	5.14489	5.12813
-1.35567	0.915209	5.14357	5.1278
-1.36289	0.91061	5.14456	5.12879
-1.35862	0.923094	5.1462	5.12846
-1.35468	0.929994	5.14785	5.1278
-1.3468	0.928679	5.14686	5.12616
-1.34581	0.931636	5.14522	5.1255
-1.33924	0.937879	5.14456	5.12485
-1.34088	0.938536	5.14489	5.12452
-1.35567	0.931308	5.14555	5.1255
-1.36257	0.930651	5.14423	5.12682
-1.36191	0.940178	5.14259	5.1278
-1.35665	0.949049	5.14292	5.12583
-1.35698	0.949706	5.14555	5.12419
-1.35928	0.945764	5.14423	5.12649
-1.35567	0.954963	5.14193	5.12748
-1.37078	0.940835	5.14193	5.12715
-1.37177	0.950035	5.14292	5.1278
-1.36881	0.958577	5.14357	5.12715
-1.37111	0.960877	5.14357	5.1255
-1.37604	0.961534	5.14555	5.1255
-1.37604	0.962191	5.14653	5.12616
-1.36914	0.96909	5.14653	5.12518
-1.37144	0.967119	5.14653	5.12616
-1.38096	0.966462	5.1462	5.12518
-1.38852	0.959891	5.14522	5.1232
-1.39575	0.96449	5.14423	5.12419
-1.39049	0.961862	5.14259	5.12419
-1.39115	0.962848	5.14029	5.12518
-1.40692	0.95792	5.13897	5.12715
-1.41316	0.945764	5.14095	5.12813
-1.41809	0.938864	5.14423	5.12748
-1.42597	0.917509	5.14423	5.12583
-1.43255	0.912252	5.14292	5.12518
-1.44503	0.901082	5.1416	5.12649
-1.45324	0.883012	5.14259	5.12748
-1.46211	0.873156	5.14095	5.12682
-1.4677	0.867899	5.1416	5.12583
-1.47164	0.870856	5.14325	5.12518
-1.4654	0.859686	5.14555	5.12485
-1.47033	0.857714	5.14555	5.12583
-1.47756	0.852458	5.14456	5.12616
-1.47427	0.848515	5.14423	5.12518
-1.48413	0.835045	5.14489	5.12485
-1.4907	0.835374	5.1462	5.12452
-1.4907	0.832417	5.14719	5.12419
-1.48018	0.848187	5.14653	5.12518
-1.48117	0.838331	5.14555	5.12485
-1.48643	0.828474	5.14555	5.12583
-1.48183	0.824203	5.14456	5.12813
-1.48084	0.816647	5.14489	5.12945
-1.49135	0.807776	5.14522	5.12846
-1.49431	0.791349	5.1439	5.12452
-1.49333	0.786421	5.14193	5.1232
-1.49365	0.799234	5.14193	5.12452
-1.50318	0.797263	5.14292	5.12616
-1.50187	0.805476	5.14292	5.12649
-1.50252	0.80022	5.14259	5.12583
-1.49628	0.803834	5.14259	5.12616
-1.49234	0.807119	5.14292	5.12616
-1.49628	0.81139	5.14456	5.12583
-1.49793	0.819604	5.14653	5.1255
-1.50154	0.826503	5.14522	5.12616
-1.50384	0.820918	5.14357	5.12748
-1.50022	0.818289	5.14325	5.12846
-1.49957	0.811062	5.14522	5.1278
-1.49957	0.804491	5.14587	5.12616
-1.50088	0.801862	5.14785	5.12485
-1.50384	0.799563	5.14653	5.12419
-1.50417	0.801862	5.14325	5.12353
-1.50318	0.801534	5.14226	5.12518
-1.50811	0.792006	5.14259	5.1255
-1.49957	0.792992	5.14423	5.12452
-1.49464	0.793649	5.14522	5.12452
-1.50285	0.786421	5.14423	5.12485
-1.50482	0.789378	5.14325	5.12583
-1.49957	0.797591	5.14127	5.12649
-1.50318	0.793977	5.14127	5.12419
-1.50417	0.794963	5.14226	5.12485
-1.5114	0.799234	5.14456	5.1255
-1.51008	0.798248	5.1462	5.12649
-1.51928	0.801862	5.14555	5.12616
-1.51994	0.81369	5.14423	5.12353
-1.51895	0.818289	5.14259	5.12386
-1.52322	0.799234	5.14226	5.12452
-1.52158	0.796277	5.1416	5.12419
-1.52092	0.808105	5.14259	5.12353
-1.52947	0.801862	5.14325	5.12452
-1.53012	0.811062	5.14423	5.12616
-1.52289	0.814347	5.14292	5.12748
-1.51797	0.825846	5.14127	5.12813
-1.52059	0.820261	5.14292	5.12715
-1.52191	0.816647	5.14423	5.1255
-1.51402	0.829788	5.1462	5.12583
-1.51238	0.835374	5.14555	5.12715
-1.50745	0.841944	5.14456	5.12846
-1.5137	0.84523	5.14522	5.12682
-1.51534	0.84293	5.14522	5.1255
-1.51271	0.845558	5.14555	5.12452
-1.51304	0.839645	5.1439	5.12583
-1.50975	0.844901	5.1416	5.12583
-1.5137	0.825517	5.1439	5.12649
-1.51797	0.812704	5.1462	5.12715
-1.5137	0.819604	5.14522	5.12748
-1.51041	0.821575	5.14259	5.12715
-1.50942	0.811062	5.14226	5.12715
-1.50778	0.808105	5.1439	5.1255
-1.4999	0.817961	5.14555	5.12386
-1.50154	0.818618	5.14752	5.12518
-1.50022	0.816975	5.14686	5.12649
-1.49727	0.827489	5.14587	5.12682
-1.48971	0.846873	5.14555	5.12649
-1.48905	0.853443	5.14653	5.1255
-1.48314	0.866585	5.14653	5.1232
-1.47558	0.864614	5.14555	5.1209
-1.47887	0.862971	5.14456	5.11992
-1.48117	0.851801	5.14325	5.12156
-1.47328	0.853443	5.1439	5.12616
-1.47361	0.843587	5.14357	5.12616
-1.46573	0.857714	5.14423	5.12583
-1.4608	0.862971	5.14489	5.12518
-1.45489	0.87447	5.14555	5.1255
-1.45751	0.871513	5.1462	5.12616
-1.45751	0.877098	5.14555	5.12682
-1.45817	0.87677	5.14292	5.12616
-1.44799	0.882355	5.1416	5.12419
-1.44667	0.880384	5.14259	5.12452
-1.44306	0.885969	5.14555	5.12386
-1.44536	0.889912	5.14686	5.12353
-1.44569	0.889583	5.14522	5.12518
-1.43879	0.892211	5.14325	5.12518
-1.43912	0.889583	5.1416	5.1255
-1.44404	0.891554	5.14062	5.12715
-1.44536	0.889912	5.14292	5.12715
-1.44667	0.889912	5.14587	5.12649
-1.44503	0.893197	5.1462	5.12583
-1.45554	0.893525	5.14456	5.12616
-1.45916	0.89024	5.14292	5.12616
-1.46047	0.888597	5.1439	5.12748
-1.4608	0.893525	5.14587	5.12715
-1.47066	0.891226	5.14653	5.12649
-1.4769	0.884983	5.14555	5.12485
-1.47723	0.881698	5.14423	5.12386
-1.4792	0.87677	5.14259	5.12452
-1.47361	0.88794	5.14127	5.12485
-1.47854	0.882684	5.14029	5.12583
-1.48051	0.880055	5.14193	5.12649
-1.48117	0.873156	5.14357	5.12616
-1.4907	0.869542	5.14522	5.12616
-1.49234	0.867899	5.14522	5.12452
-1.49891	0.8564	5.14292	5.12255
-1.5045	0.843916	5.14062	5.12419
-1.51008	0.836688	5.14029	5.12649
-1.50121	0.846216	5.14193	5.12616
-1.5022	0.837345	5.14325	5.12485
-1.50384	0.836688	5.14292	5.12386
-1.5068	0.834059	5.14357	5.12419
-1.50712	0.830117	5.1439	5.12485
-1.51008	0.82716	5.14357	5.12452
-1.51994	0.819604	5.14127	5.12419
-1.51468	0.828474	5.14095	5.12419
-1.51238	0.829788	5.1439	5.12353
-1.51501	0.814018	5.1462	5.12386
-1.51862	0.814676	5.14587	5.1255
-1.51534	0.818947	5.14325	5.12715
-1.51468	0.808433	5.14193	5.1278
-1.52125	0.804819	5.1416	5.12748
-1.52257	0.803505	5.14259	5.12748
-1.52388	0.801205	5.14325	5.12616
-1.52322	0.801534	5.14357	5.12518
-1.52027	0.803505	5.14193	5.12419
-1.51599	0.809747	5.14029	5.12419
-1.51271	0.819275	5.14062	5.12452
-1.51468	0.814676	5.14292	5.12518
-1.51337	0.81139	5.14587	5.1255
-1.50384	0.819275	5.14686	5.12583
-1.5045	0.81369	5.14817	5.1255
-1.50975	0.804819	5.14817	5.12616
-1.50515	0.814676	5.14587	5.12616
-1.50154	0.823875	5.14522	5.12649
-1.49957	0.827489	5.14456	5.12386
-1.49464	0.840302	5.14423	5.12189
-1.49661	0.834059	5.14423	5.12156
-1.4999	0.82946	5.14456	5.1232
-1.49793	0.829131	5.1439	5.12616
-1.5022	0.823218	5.14292	5.12715
-1.4976	0.825846	5.14193	5.12813
-1.49727	0.826832	5.14226	5.12846
-1.49135	0.832745	5.14292	5.1278
-1.4884	0.830117	5.14423	5.12649
-1.493	0.827489	5.14456	5.12649
-1.49957	0.818618	5.14325	5.12616
-1.50417	0.806791	5.14357	5.12583
-1.49924	0.812704	5.14357	5.1255
-1.50088	0.808105	5.14423	5.1255
-1.50351	0.811062	5.14522	5.12583
-1.51041	0.803505	5.1439	5.12616
-1.51304	0.788064	5.14423	5.1255
-1.52749	0.774265	5.1439	5.12616
-1.53012	0.772951	5.14423	5.12813
-1.53012	0.774922	5.14522	5.13109
-1.53275	0.766051	5.14555	5.13142
-1.53308	0.763752	5.1439	5.12977
-1.53636	0.766708	5.14226	5.12748
-1.54622	0.753238	5.14127	5.12715
-1.54655	0.744696	5.14062	5.12649
-1.54589	0.746996	5.13963	5.1255
-1.54852	0.742725	5.13865	5.12452
-1.55608	0.745682	5.14062	5.12485
-1.55082	0.756852	5.14259	5.12189
-1.55673	0.753895	5.14259	5.12255
-1.56002	0.752581	5.14259	5.1232
-1.55969	0.764409	5.14325	5.12452
-1.55936	0.756195	5.14456	5.12649
-1.55476	0.767037	5.14325	5.1278
-1.55476	0.770979	5.14259	5.12748
-1.55772	0.768351	5.14259	5.12649
-1.55542	0.771637	5.14423	5.12616
-1.55542	0.770322	5.14325	5.12616
-1.55082	0.770322	5.1416	5.12715
-1.55312	0.770979	5.13963	5.12616
-1.54589	0.777879	5.13996	5.12353
-1.54326	0.77755	5.14193	5.12353
-1.53669	0.780836	5.14259	5.1255
-1.53636	0.779193	5.1416	5.12649
-1.53834	0.772294	5.14127	5.12518
-1.52717	0.784778	5.14259	5.12485
-1.51961	0.797263	5.14226	5.1255
-1.51665	0.788392	5.14127	5.12616
-1.51041	0.789049	5.13996	5.12583
-1.50417	0.798248	5.13996	5.12353
-1.49628	0.811719	5.13996	5.12353
-1.49234	0.817304	5.14029	5.12452
-1.4861	0.823546	5.14226	5.12682
-1.48741	0.825517	5.14259	5.12682
-1.47821	0.82716	5.14357	5.12452
-1.47296	0.826503	5.14095	5.12288
-1.4654	0.839973	5.1416	5.12419
-1.45489	0.857057	5.1439	5.12452
-1.4516	0.857386	5.14456	5.12518
-1.44996	0.853115	5.14555	5.12452
-1.43977	0.859029	5.14456	5.12255
-1.43649	0.863957	5.14357	5.1232
-1.43386	0.863628	5.14193	5.12386
-1.43813	0.851801	5.14259	5.12419
-1.44273	0.855086	5.14292	5.12485
-1.44634	0.852129	5.14325	5.12485
-1.45193	0.846216	5.14292	5.12485
-1.44109	0.856729	5.14226	5.1255
-1.44273	0.861	5.14325	5.1255
-1.44043	0.882027	5.14357	5.12583
-1.43485	0.894183	5.14325	5.12682
-1.44404	0.889254	5.14193	5.12813
-1.43846	0.902396	5.14062	5.12813
-1.43583	0.907653	5.14127	5.12846
-1.44864	0.897139	5.14259	5.12682
-1.44437	0.900096	5.14423	5.12616
-1.43583	0.91948	5.14587	5.12583
-1.43583	0.927694	5.14555	5.12518
-1.43715	0.92638	5.14489	5.12485
-1.44273	0.925723	5.14357	5.12518
-1.44076	0.922109	5.14259	5.12682
-1.44503	0.915209	5.1416	5.1278
-1.4516	0.906996	5.14259	5.12649
-1.45423	0.909624	5.1439	5.12583
-1.46047	0.900425	5.1439	5.1255
-1.4654	0.900096	5.14292	5.12715
-1.47131	0.894183	5.14226	5.1278
-1.47131	0.89024	5.14325	5.12715
-1.46901	0.895825	5.14555	5.1255
-1.47361	0.893854	5.1462	5.12222
-1.47098	0.888597	5.1462	5.12189
-1.48577	0.868228	5.14522	5.12386
-1.48675	0.862643	5.14357	5.1255
-1.48971	0.862971	5.14259	5.12616
-1.48873	0.866257	5.14357	5.12715
-1.48938	0.856072	5.14686	5.12715
-1.49365	0.848844	5.14817	5.12616
-1.4884	0.854758	5.14555	5.1255
-1.48216	0.857386	5.14456	5.12616
-1.48774	0.856072	5.1439	5.12682
-1.48905	0.851801	5.14423	5.12912
-1.48774	0.849501	5.14357	5.13109
-1.48314	0.850815	5.14226	5.12977
-1.47887	0.846544	5.14292	5.12682
-1.47427	0.852458	5.14259	5.12452
-1.47723	0.843259	5.14095	5.12682
-1.4792	0.837345	5.13996	5.12813
-1.47854	0.830774	5.1393	5.12748
-1.47986	0.830774	5.14029	5.12846
-1.48117	0.830117	5.14062	5.12912
-1.48051	0.83176	5.14226	5.12813
-1.48741	0.836359	5.14292	5.12649
-1.48971	0.834388	5.14259	5.12682
-1.48708	0.838659	5.14127	5.12748
-1.48281	0.846544	5.14259	5.12846
-1.48445	0.845887	5.14357	5.12715
-1.49004	0.843259	5.14325	5.12616
-1.48511	0.848187	5.14292	5.12485
-1.48577	0.849501	5.14325	5.12419
-1.48051	0.858043	5.14357	5.12485
-1.47887	0.8587	5.14259	5.12715
-1.4769	0.859029	5.14062	5.12813
-1.4723	0.860343	5.13897	5.12616
-1.48478	0.849172	5.1393	5.1255
-1.48971	0.851801	5.1416	5.12419
-1.48544	0.862643	5.14292	5.12386
-1.48281	0.852786	5.14292	5.1255
-1.48281	0.853115	5.1416	5.12419
-1.48774	0.855743	5.14062	5.12288
-1.48708	0.861	5.14029	5.1232
-1.49563	0.849172	5.14259	5.12288
-1.50121	0.845887	5.14423	5.1232
-1.49727	0.859357	5.14522	5.12353
-1.50384	0.851801	5.14357	5.12452
-1.4976	0.860671	5.14226	5.12715
-1.49694	0.863628	5.14127	5.12813
-1.50187	0.853443	5.1416	5.12682
-1.5137	0.835374	5.14193	5.12485
-1.5114	0.840959	5.14259	5.1255
-1.51665	0.82946	5.14292	5.1255
-1.52421	0.824532	5.14325	5.12616
-1.52749	0.819275	5.14292	5.12715
-1.52651	0.813361	5.14357	5.12682
-1.53012	0.813361	5.14489	5.12649
-1.53045	0.822561	5.1462	5.12518
-1.52552	0.819932	5.14555	5.12419
-1.53374	0.809747	5.1439	5.12386
-1.53538	0.805148	5.14423	5.12485
-1.53604	0.808433	5.14456	5.1255
-1.53308	0.805476	5.14423	5.12616
-1.53702	0.803505	5.14259	5.12485
-1.53899	0.796606	5.14325	5.12386
-1.53242	0.801534	5.1439	5.12419
-1.53406	0.803505	5.14292	5.12452
-1.53604	0.804491	5.1439	5.12518
-1.53275	0.803834	5.14456	5.1255
-1.53472	0.801205	5.14522	5.12419
-1.53932	0.801534	5.1462	5.12288
-1.53768	0.809747	5.14456	5.12386
-1.53472	0.815333	5.14127	5.12452
-1.53242	0.817304	5.13963	5.12386
-1.52585	0.828474	5.13897	5.12452
-1.52552	0.823875	5.14127	5.12452
-1.52585	0.830774	5.14522	5.1255
-1.52388	0.834717	5.14587	5.12649
-1.52454	0.82946	5.14587	5.12649
-1.52979	0.821903	5.14555	5.1255
-1.52717	0.83176	5.14456	5.12583
-1.52158	0.843916	5.14226	5.12583
-1.51468	0.858372	5.14193	5.12518
-1.51041	0.856729	5.14292	5.12485
-1.5091	0.862971	5.14555	5.12649
-1.5022	0.866914	5.14719	5.12583
-1.50384	0.857714	5.14555	5.12452
-1.50384	0.867899	5.14193	5.12518
-1.50187	0.863957	5.13865	5.12452
-1.50548	0.854758	5.13963	5.12419
-1.49891	0.865271	5.14292	5.12386
-1.50811	0.844901	5.14587	5.12222
-1.5137	0.835045	5.14752	5.12255
-1.50844	0.844901	5.14555	5.12386
-1.50745	0.84523	5.14489	5.12616
-1.50647	0.850815	5.14489	5.12682
-1.51304	0.847201	5.14325	5.12682
-1.51041	0.846873	5.14226	5.12649
-1.51797	0.846873	5.14127	5.1278
-1.51304	0.852458	5.14226	5.1278
-1.51238	0.852786	5.14325	5.12748
-1.51698	0.854429	5.14456	5.12748
-1.51698	0.848844	5.14587	5.12977
-1.51797	0.857386	5.14522	5.12879
-1.51862	0.852786	5.14653	5.12813
-1.51599	0.857386	5.14653	5.12386
-1.51895	0.853115	5.14456	5.12288
-1.51961	0.842602	5.14193	5.12419
-1.51797	0.852786	5.13963	5.1255
-1.51928	0.858372	5.1393	5.12649
-1.52125	0.859357	5.14127	5.12616
-1.51895	0.859357	5.1439	5.12452
-1.51961	0.861986	5.14522	5.12386
-1.51797	0.867899	5.14423	5.12583
-1.5045	0.883998	5.14095	5.1278
-1.5068	0.873484	5.1416	5.12945
-1.50121	0.883012	5.1439	5.12813
-1.49267	0.889254	5.14653	5.12583
-1.49168	0.898454	5.14719	5.12452
-1.4976	0.88794	5.14752	5.12518
-1.49727	0.882684	5.14555	5.12583
-1.49168	0.885312	5.14292	5.12715
-1.48774	0.891226	5.14226	5.12846
-1.48281	0.896811	5.14325	5.12715
-1.48084	0.899439	5.14423	5.12583
-1.47854	0.904696	5.1462	5.12583
-1.4838	0.902068	5.14489	5.12616
-1.47624	0.905682	5.14259	5.12715
-1.48445	0.896482	5.14193	5.12682
-1.47493	0.905682	5.14325	5.12682
-1.46507	0.921123	5.14522	5.12682
-1.4631	0.918166	5.14423	5.12813
-1.45127	0.933279	5.14259	5.13043
-1.45357	0.932622	5.14193	5.12977
-1.45489	0.932293	5.1416	5.1278
-1.43977	0.954306	5.14292	5.12616
-1.43682	0.950692	5.14489	5.12518
-1.42827	0.954634	5.14587	5.12353
-1.41448	0.97369	5.14456	5.12452
-1.40133	0.989131	5.14325	5.12682
-1.39641	0.990445	5.14357	5.12583
-1.39181	0.997016	5.14456	5.12485
-1.39148	1.00293	5.14522	5.1255
-1.39049	1.0072	5.14522	5.12715
-1.38951	1.00654	5.1439	5.1278
-1.38754	1.01213	5.14489	5.12846
-1.39213	1.01476	5.14686	5.12879
-1.38984	1.0118	5.14587	5.1278
-1.38754	1.0118	5.14357	5.12748
-1.38852	1.0095	5.14259	5.12715
-1.39608	1.00589	5.14325	5.12518
-1.39673	0.998987	5.14489	5.12353
-1.39148	0.997673	5.14555	5.12189
-1.39509	1.00227	5.1462	5.12189
-1.39871	0.995373	5.14456	5.12452
-1.40002	0.997016	5.14325	5.12583
-1.39345	1.0072	5.14423	5.12616
-1.39509	1.00654	5.1462	5.12419
-1.39509	1.00786	5.14653	5.12288
-1.39049	1.0026	5.14489	5.12353
-1.39148	0.997673	5.14456	5.12518
-1.39378	0.992745	5.14456	5.1255
-1.39279	0.987817	5.14226	5.12715
-1.40101	0.986503	5.1416	5.12879
-1.40396	0.979275	5.1416	5.12879
-1.39936	0.972047	5.14259	5.12715
-1.40331	0.966462	5.14423	5.1255
-1.41875	0.95562	5.14555	5.12419
-1.42827	0.944778	5.14456	5.12353
-1.43156	0.945435	5.14325	5.12386
-1.43879	0.931965	5.14292	5.12485
-1.44536	0.929994	5.14292	5.12682
-1.45916	0.920466	5.14522	5.12616
-1.46014	0.920137	5.14653	5.12649
-1.45784	0.920137	5.14522	5.12518
-1.4631	0.901739	5.14193	5.12518
-1.47	0.89254	5.14029	5.12616
-1.47788	0.883012	5.14193	5.12583
-1.4861	0.876113	5.14259	5.12353
-1.49464	0.864614	5.14325	5.12222
-1.49398	0.862971	5.14357	5.12255
-1.4999	0.856072	5.14423	5.12452
-1.50055	0.858372	5.14522	5.12748
-1.50088	0.843916	5.14522	5.12846
-1.50318	0.838331	5.14456	5.1278
-1.50154	0.838331	5.14423	5.12583
-1.50614	0.837673	5.14325	5.12452
-1.51107	0.830446	5.14423	5.12255
-1.51107	0.827489	5.14489	5.12288
-1.51041	0.832088	5.14357	5.12386
-1.52289	0.814347	5.1416	5.12485
-1.52388	0.811719	5.14259	5.1255
-1.52322	0.802519	5.14226	5.1255
-1.52651	0.79562	5.14357	5.12452
-1.52618	0.802519	5.14456	5.12419
-1.53242	0.800548	5.14325	5.12485
-1.53176	0.803505	5.14127	5.12386
-1.53012	0.81369	5.13963	5.12616
-1.53374	0.804491	5.13996	5.12583
-1.53406	0.800877	5.14095	5.12452
-1.53505	0.79332	5.1416	5.12386
-1.52848	0.801862	5.14095	5.1255
-1.52585	0.80909	5.14226	5.12419
-1.52454	0.809747	5.14292	5.12452
-1.52454	0.81599	5.14456	5.1255
-1.52848	0.801862	5.14489	5.12485
-1.52749	0.805805	5.14357	5.12485
-1.53176	0.801534	5.1439	5.12583
-1.53505	0.803505	5.14555	5.12649
-1.53308	0.813361	5.14555	5.12748
-1.52717	0.823875	5.14489	5.12879
-1.53111	0.818618	5.14423	5.12912
-1.52487	0.826832	5.14489	5.12879
-1.52519	0.829788	5.14587	5.12682
-1.51797	0.837016	5.14653	5.12452
-1.50942	0.838331	5.14456	5.12452
-1.49891	0.849172	5.14292	5.12583
-1.49628	0.850487	5.14325	5.12715
-1.4953	0.850815	5.1439	5.12748
-1.4953	0.846873	5.14489	5.12649
-1.49924	0.848187	5.1439	5.12452
-1.48643	0.848515	5.14489	5.12518
-1.48314	0.861328	5.14587	5.12616
-1.49201	0.858372	5.14817	5.12813
-1.493	0.862971	5.14719	5.12846
-1.49398	0.868556	5.14653	5.12649
-1.4907	0.871842	5.1439	5.12518
-1.48774	0.876113	5.14226	5.12419
-1.4884	0.873813	5.14325	5.12452
-1.4907	0.87677	5.14489	5.12452
-1.49168	0.879398	5.14752	5.12518
-1.49694	0.882027	5.14653	5.12485
-1.49103	0.882355	5.14522	5.1255
-1.48544	0.87907	5.14489	5.12682
-1.48577	0.875456	5.14456	5.12616
-1.48117	0.874799	5.14423	5.12583
-1.48248	0.872499	5.14259	5.12715
-1.47328	0.881369	5.14259	5.12748
-1.48445	0.880384	5.14226	5.12715
-1.47821	0.878741	5.14325	5.12616
-1.47558	0.884983	5.14325	5.1255
-1.46934	0.889912	5.14226	5.12518
-1.46179	0.88794	5.1393	5.1255
-1.46409	0.889912	5.13963	5.12682
-1.45949	0.898125	5.14062	5.12748
-1.45587	0.897139	5.14259	5.12813
-1.45817	0.901739	5.14456	5.12715
-1.45784	0.902068	5.14456	5.12616
-1.45686	0.899768	5.14292	5.1255
-1.4516	0.900753	5.14029	5.12583
-1.45423	0.904367	5.14062	5.1255
-1.45029	0.900096	5.14292	5.12616
-1.4447	0.904039	5.14653	5.12748
-1.43879	0.908638	5.14752	5.12879
-1.44437	0.908967	5.14653	5.12813
-1.44634	0.904696	5.1439	5.12813
-1.43944	0.907324	5.14292	5.12682
-1.44142	0.907981	5.14226	5.12649
-1.44536	0.90371	5.1416	5.12583
-1.44766	0.902725	5.14259	5.12583
-1.44043	0.912252	5.14325	5.12649
-1.43123	0.916852	5.14226	5.12649
-1.42893	0.920794	5.14193	5.1255
-1.42729	0.918495	5.14193	5.12518
-1.43386	0.914224	5.14325	5.12649
-1.4355	0.924737	5.14292	5.12518
-1.43452	0.928679	5.14193	5.12353
-1.42959	0.934593	5.14357	5.12452
-1.4378	0.926708	5.14522	5.1255
-1.44207	0.921452	5.14325	5.12682
-1.43912	0.927365	5.14127	5.12813
-1.44174	0.930322	5.14029	5.12879
-1.43944	0.936564	5.14127	5.12715
-1.44404	0.933279	5.14292	5.12649
-1.45127	0.933608	5.14423	5.12616
-1.44864	0.931308	5.14522	5.12649
-1.44733	0.933936	5.1462	5.12616
-1.4539	0.921452	5.14719	5.12682
-1.45916	0.92638	5.14555	5.12715
-1.45554	0.922766	5.14423	5.12813
-1.45259	0.924737	5.1416	5.12846
-1.4516	0.922437	5.13996	5.12682
-1.45259	0.93295	5.14062	5.12682
-1.4447	0.938207	5.14259	5.1255
-1.44043	0.945435	5.14292	5.12616
-1.43846	0.942807	5.14259	5.12682
-1.4447	0.930651	5.14259	5.12583
-1.44733	0.923094	5.14357	5.12715
-1.44503	0.920466	5.14423	5.12748
-1.44766	0.928022	5.14259	5.12616
-1.44897	0.933936	5.14193	5.12616
-1.44536	0.930651	5.14193	5.1278
-1.45916	0.915538	5.14193	5.12879
-1.4539	0.921452	5.14357	5.12583
-1.45949	0.918166	5.14456	5.12452
-1.45883	0.915866	5.14555	5.12386
-1.47394	0.904039	5.14423	5.1255
-1.47558	0.905682	5.14259	5.12649
-1.47328	0.907324	5.14095	5.12682
-1.47328	0.897139	5.14062	5.12715
-1.47591	0.895825	5.14226	5.12682
-1.4861	0.878741	5.14357	5.12485
-1.49135	0.873813	5.14456	5.12485
-1.49267	0.873156	5.14555	5.12452
-1.49267	0.883669	5.14522	5.12485
-1.49201	0.880055	5.14259	5.12485
-1.50187	0.865928	5.14193	5.12485
-1.5045	0.862971	5.14226	5.12518
-1.50285	0.866585	5.14423	5.1232
-1.49563	0.874799	5.14522	5.12156
-1.48938	0.883998	5.14456	5.12156
-1.49365	0.877098	5.1439	5.12452
-1.47723	0.891226	5.1439	5.1278
-1.4861	0.882684	5.14423	5.12846
-1.48708	0.886955	5.14456	5.12583
-1.49004	0.879398	5.14555	5.12386
-1.49004	0.880712	5.14489	5.12419
-1.48511	0.880384	5.14292	5.1255
-1.48314	0.886626	5.1416	5.12748
-1.48675	0.883341	5.14193	5.12682
-1.48971	0.888926	5.14325	5.1255
-1.49365	0.883998	5.14456	5.12452
-1.49333	0.880384	5.14423	5.12353
-1.48675	0.888269	5.14292	5.12583
-1.4884	0.884983	5.14259	5.12715
-1.49365	0.880712	5.1439	5.12682
-1.49661	0.879398	5.14423	5.12616
-1.49103	0.884655	5.14522	5.12485
-1.48938	0.881698	5.14653	5.12386
-1.48347	0.895825	5.14653	5.1232
-1.47788	0.900096	5.14423	5.12419
-1.4769	0.907653	5.14325	5.12715
-1.47591	0.904039	5.14292	5.12912
-1.47723	0.898782	5.14292	5.12682
-1.47394	0.90831	5.14292	5.1255
-1.46639	0.917509	5.14423	5.12846
-1.46639	0.916195	5.14555	5.12846
-1.47887	0.901739	5.14456	5.1278
-1.47394	0.914224	5.14226	5.12912
-1.46409	0.926051	5.14193	5.12945
-1.46244	0.931308	5.14193	5.12616
-1.45817	0.934265	5.14423	5.12255
-1.45751	0.937879	5.14456	5.12222
-1.45916	0.941164	5.14292	5.12518
-1.45981	0.935907	5.1416	5.12813
-1.46113	0.944778	5.14062	5.12945
-1.45916	0.949378	5.14062	5.12977
-1.45587	0.950035	5.14193	5.12945
-1.45094	0.949378	5.14226	5.12715
-1.45916	0.946092	5.14193	5.12452
-1.46934	0.931636	5.14062	5.12386
-1.47131	0.931636	5.13963	5.12353
-1.47723	0.922437	5.14127	5.1255
-1.48051	0.912581	5.14456	5.12879
-1.49267	0.903053	5.14555	5.12748
-1.48708	0.90601	5.14489	5.12583
-1.49234	0.897797	5.1439	5.12419
-1.4976	0.895497	5.14259	5.12485
-1.49135	0.899439	5.1416	5.12682
-1.48905	0.901082	5.14127	5.1278
-1.48675	0.899111	5.13963	5.1278
-1.49201	0.890897	5.14029	5.12715
-1.49891	0.878084	5.14325	5.12583
-1.49924	0.878413	5.14785	5.12288
-1.49628	0.888926	5.14719	5.12353
-1.5045	0.884326	5.14456	5.12649
-1.50154	0.88794	5.14226	5.12715
-1.50614	0.879398	5.14292	5.12649
-1.5045	0.882027	5.14357	5.12518
-1.50351	0.883669	5.1439	5.12583
-1.50252	0.887283	5.14423	5.12518
-1.493	0.891554	5.1439	5.12353
-1.49201	0.895825	5.14357	5.12386
-1.4907	0.896154	5.14292	5.12616
-1.493	0.895497	5.14325	5.12879
-1.493	0.892211	5.1439	5.12813
-1.4861	0.900096	5.14489	5.12583
-1.48347	0.901739	5.1462	5.12419
-1.47328	0.906339	5.14555	5.12518
-1.47328	0.903382	5.1439	5.12912
-1.46573	0.909624	5.1439	5.12977
-1.46441	0.914881	5.14259	5.12912
-1.45817	0.921123	5.1416	5.12715
-1.45357	0.92408	5.14292	5.12485
-1.44897	0.938536	5.14489	5.1232
-1.45554	0.930651	5.14555	5.12419
-1.45653	0.932622	5.14522	5.12583
-1.45456	0.93295	5.14292	5.12649
-1.45226	0.934922	5.14357	5.12583
-1.4424	0.949049	5.14587	5.12353
-1.43517	0.957591	5.14653	5.12255
-1.43944	0.957591	5.14456	5.12485
-1.43287	0.960548	5.14259	5.12715
-1.43583	0.958905	5.14062	5.12616
-1.43912	0.948063	5.14127	5.1255
-1.4332	0.947735	5.14193	5.12452
-1.4309	0.947406	5.14193	5.12485
-1.42696	0.957263	5.14292	5.12715
-1.43747	0.937222	5.14292	5.12616
-1.4401	0.935907	5.14357	5.12583
-1.4447	0.924737	5.14325	5.12616
-1.44536	0.916852	5.14292	5.12715
-1.44569	0.917838	5.14357	5.12748
-1.44864	0.916523	5.14456	5.12748
-1.4447	0.916195	5.14555	5.12682
-1.44799	0.914224	5.14555	5.12682
-1.447	0.919152	5.14752	5.12715
-1.45029	0.922109	5.14719	5.12715
-1.4539	0.929008	5.14587	5.12748
-1.44864	0.936236	5.14653	5.12748
-1.4516	0.940507	5.14752	5.12649
-1.45423	0.934265	5.14522	5.12616
-1.4493	0.933936	5.14325	5.12649
-1.45817	0.920137	5.14292	5.12649
-1.45357	0.923094	5.14456	5.12649
-1.45357	0.915538	5.14456	5.12616
-1.4539	0.913238	5.14456	5.12649
-1.44864	0.917838	5.1439	5.12649
-1.45981	0.907981	5.14456	5.12682
-1.45916	0.906339	5.14423	5.12682
-1.45423	0.915866	5.14259	5.12879
-1.45489	0.912252	5.14292	5.12846
-1.45916	0.907653	5.14226	5.12813
-1.45226	0.912252	5.1416	5.12748
-1.45226	0.910281	5.14127	5.12616
-1.46277	0.902068	5.14127	5.12518
-1.45554	0.908967	5.14325	5.12616
-1.45029	0.920137	5.14292	5.12682
-1.45489	0.916523	5.14193	5.12616
-1.45653	0.920794	5.14292	5.1255
-1.45127	0.925394	5.1439	5.1255
-1.44569	0.932622	5.14522	5.1255
-1.4493	0.935579	5.14423	5.12583
-1.44602	0.935579	5.1416	5.12682
-1.44503	0.936564	5.14062	5.12583
-1.44503	0.932293	5.14193	5.12485
-1.447	0.921452	5.14259	5.12649
-1.44569	0.923751	5.14456	5.1278
-1.44667	0.929337	5.14555	5.12616
-1.44306	0.931308	5.14489	5.12452
-1.43485	0.923094	5.14292	5.12386
-1.43846	0.913895	5.1416	5.12649
-1.4378	0.912909	5.14127	5.12912
-1.4401	0.916195	5.1416	5.13076
-1.43222	0.92408	5.14226	5.12977
-1.42795	0.923094	5.14423	5.12846
-1.43485	0.928022	5.14653	5.12649
-1.44404	0.919809	5.14587	5.12583
-1.4447	0.92178	5.14357	5.12386
-1.44667	0.923751	5.1416	5.12353
-1.447	0.928022	5.14456	5.12419
-1.45226	0.918823	5.14752	5.12583
-1.45653	0.912252	5.14719	5.12748
-1.46376	0.905682	5.1439	5.12813
-1.4608	0.902725	5.14292	5.12945
-1.46179	0.893525	5.14226	5.13175
-1.45916	0.89024	5.1416	5.13142
-1.47427	0.878741	5.14259	5.12813
-1.4723	0.885969	5.14259	5.12682
-1.47723	0.881369	5.14259	5.12616
-1.47558	0.880055	5.14259	5.12682
-1.47526	0.874142	5.14325	5.12945
-1.47723	0.881041	5.14357	5.12912
-1.49398	0.872827	5.14357	5.12912
-1.49497	0.864285	5.1439	5.12846
-1.49727	0.861	5.14325	5.12748
-1.49727	0.857057	5.14292	5.12715
-1.49103	0.865271	5.14292	5.12715
-1.4953	0.865271	5.1439	5.12846
-1.4999	0.857714	5.14259	5.13043
-1.50351	0.853443	5.14062	5.12977
-1.50712	0.845558	5.14127	5.12715
-1.51337	0.833074	5.14292	5.12288
-1.52092	0.827817	5.14555	5.12386
-1.52257	0.82716	5.14423	5.1278
-1.52651	0.830446	5.14259	5.12977
-1.52125	0.834388	5.14325	5.13076
-1.52191	0.823546	5.14456	5.12813
-1.52355	0.821246	5.14555	5.12748
-1.52782	0.804819	5.14522	5.12715
-1.53341	0.799891	5.14259	5.12616
-1.53505	0.807119	5.14095	5.12649
-1.53111	0.81139	5.14127	5.12649
-1.53012	0.810076	5.14226	5.12682
-1.52158	0.831103	5.1439	5.12715
-1.52289	0.837345	5.14489	5.12649
-1.52224	0.834388	5.14423	5.12583
-1.52289	0.827817	5.1439	5.12649
-1.53012	0.820261	5.14259	5.12813
-1.52092	0.830446	5.1416	5.1301
-1.52257	0.835374	5.14095	5.12945
-1.52224	0.836031	5.14226	5.12813
-1.52289	0.829788	5.14423	5.12715
-1.51994	0.835045	5.1439	5.12715
-1.51698	0.834059	5.14127	5.12616
-1.51238	0.838002	5.13963	5.12649
-1.50778	0.835045	5.14029	5.12748
-1.5022	0.848515	5.14095	5.12846
-1.4999	0.854758	5.14259	5.12748
-1.48807	0.870199	5.14423	5.1255
-1.49037	0.865271	5.14423	5.12616
-1.48281	0.876113	5.14226	5.12748
-1.47493	0.889254	5.14062	5.12912
-1.46244	0.896811	5.14095	5.1301
-1.45489	0.899439	5.14193	5.12945
-1.46573	0.888597	5.14357	5.12945
-1.47033	0.877427	5.14587	5.12813
-1.4677	0.882027	5.14653	5.12649
-1.46244	0.875784	5.14325	5.1255
-1.4746	0.868885	5.14226	5.12649
-1.4746	0.864285	5.14292	5.12879
-1.47591	0.863628	5.14325	5.12945
-1.46146	0.887612	5.1439	5.1278
-1.46606	0.893854	5.1439	5.12748
-1.4608	0.898125	5.1439	5.12748
-1.45554	0.898125	5.14423	5.12846
-1.45423	0.906667	5.14325	5.13076
-1.45554	0.89254	5.14325	5.13142
-1.46047	0.88794	5.1439	5.12879
-1.46277	0.889912	5.14357	5.12682
-1.45981	0.887283	5.14292	5.12715
-1.45029	0.886298	5.14259	5.12616
-1.45784	0.884983	5.14193	5.12583
-1.45029	0.893854	5.14259	5.12682
-1.4585	0.877098	5.14423	5.12715
-1.45686	0.878413	5.14325	5.12616
-1.4585	0.883012	5.14292	5.12715
-1.46573	0.877098	5.14423	5.12813
-1.47591	0.868885	5.14456	5.12912
-1.47887	0.872827	5.1439	5.13043
-1.47263	0.88564	5.14456	5.12945
-1.48216	0.884983	5.14489	5.1278
-1.48445	0.889254	5.14555	5.12682
-1.4861	0.884326	5.14555	5.12649
-1.48741	0.883998	5.14522	5.12452
-1.48741	0.884326	5.1439	5.12386
-1.49103	0.878084	5.14292	5.12518
-1.48807	0.882684	5.1439	5.12879
-1.48183	0.883998	5.1439	5.13043
-1.4815	0.878741	5.14325	5.12846
-1.48478	0.87447	5.14226	5.1278
-1.48018	0.877755	5.14095	5.12649
-1.46671	0.881369	5.14127	5.12485
-1.46409	0.884326	5.1416	5.12518
-1.44996	0.890897	5.14226	5.1255
-1.44076	0.899111	5.1439	5.12682
-1.44339	0.903053	5.14555	5.12682
-1.44437	0.902396	5.14423	5.12616
-1.4401	0.915209	5.1439	5.12649
-1.43846	0.914881	5.1439	5.12912
-1.43977	0.916195	5.14292	5.12977
-1.44043	0.907981	5.14226	5.12977
-1.4355	0.901082	5.14259	5.12879
-1.43485	0.904696	5.14423	5.12748
-1.43255	0.906667	5.14456	5.12715
-1.42827	0.913238	5.14423	5.12748
-1.42663	0.913567	5.14193	5.12748
-1.42762	0.906996	5.14127	5.12748
-1.42663	0.90141	5.14292	5.12616
-1.4286	0.91061	5.14423	5.12452
-1.4263	0.907324	5.14456	5.12353
-1.43353	0.913895	5.14423	5.12452
-1.43057	0.915209	5.14423	5.12649
-1.4309	0.932622	5.14456	5.12879
-1.42926	0.936893	5.1439	5.12879
-1.43287	0.923751	5.14292	5.12452
-1.44043	0.913238	5.14259	5.12419
-1.43649	0.911595	5.14259	5.12419
-1.4332	0.913567	5.1416	5.12419
-1.43123	0.917838	5.14127	5.12682
-1.43583	0.90371	5.14062	5.12846
-1.43517	0.894511	5.14127	5.1278
-1.43649	0.890569	5.14062	5.12616
-1.44372	0.882027	5.14259	5.1255
-1.44372	0.886626	5.1439	5.12583
-1.44306	0.890897	5.14325	5.12485
-1.45291	0.893525	5.14127	5.12583
-1.45357	0.889254	5.1416	5.12649
-1.45883	0.88564	5.14292	5.12945
-1.46211	0.883012	5.14587	5.12748
-1.46211	0.880712	5.14653	5.1255
-1.4631	0.87907	5.14456	5.1255
-1.46507	0.874799	5.14325	5.12583
-1.46474	0.882684	5.1439	5.12715
-1.4654	0.886626	5.14653	5.12977
-1.47361	0.880384	5.14555	5.12846
-1.47328	0.880384	5.14456	5.1255
-1.46868	0.889254	5.1439	5.12419
-1.46244	0.897797	5.14226	5.12419
-1.46047	0.894511	5.14127	5.12485
-1.46868	0.893525	5.14062	5.12616
-1.47263	0.885312	5.14095	5.12485
-1.48117	0.885969	5.14193	5.12386
-1.48478	0.880055	5.14357	5.12386
-1.48807	0.871842	5.14555	5.1232
-1.4861	0.871842	5.14719	5.12353
-1.48741	0.865599	5.14587	5.12419
-1.48248	0.869213	5.14423	5.1255
-1.48413	0.866257	5.14226	5.12813
-1.49793	0.852129	5.1416	5.1301
-1.49628	0.858043	5.14292	5.12846
-1.49957	0.861657	5.14226	5.12518
-1.49694	0.863628	5.14127	5.12419
-1.50614	0.853115	5.13963	5.1232
-1.49628	0.860014	5.13996	5.12485
-1.49333	0.864942	5.1416	5.12583
-1.49398	0.858043	5.14292	5.1255
-1.48643	0.859686	5.14292	5.1255
-1.48938	0.857057	5.14456	5.12452
-1.49333	0.840302	5.14587	5.12485
-1.49398	0.835045	5.1462	5.12748
-1.49891	0.833731	5.14456	5.1278
-1.49793	0.839973	5.1416	5.12616
-1.48445	0.849172	5.14193	5.1255
-1.48084	0.845887	5.14095	5.1255
-1.46901	0.859029	5.14193	5.12616
-1.47328	0.849172	5.14127	5.12748
-1.48183	0.839316	5.14127	5.12715
-1.4723	0.848187	5.13963	5.12649
-1.47821	0.848187	5.13996	5.12715
-1.47493	0.847858	5.14226	5.1255
-1.46376	0.849172	5.14423	5.1255
-1.46671	0.849172	5.14423	5.12649
-1.46868	0.851801	5.14292	5.1278
-1.46014	0.864614	5.1416	5.12879
-1.45916	0.863957	5.14259	5.12879
-1.46047	0.861657	5.14423	5.12649
-1.46113	0.860671	5.14522	5.1255
-1.45554	0.867899	5.14489	5.12419
-1.45291	0.866914	5.1439	5.12452
-1.45686	0.860014	5.14555	5.12715
-1.4562	0.860014	5.14259	5.12879
-1.4516	0.863628	5.14193	5.12945
-1.45521	0.850815	5.14292	5.12813
-1.46113	0.853443	5.14522	5.12748
-1.46343	0.845887	5.14522	5.12682
-1.46704	0.843259	5.1439	5.12748
-1.46868	0.840959	5.14292	5.12748
-1.46803	0.846873	5.14226	5.12682
-1.47066	0.84063	5.14357	5.12518
-1.46343	0.841616	5.14423	5.12485
-1.46606	0.841616	5.14423	5.12419
-1.46606	0.851801	5.14522	5.12583
-1.46803	0.84753	5.14653	5.12649
-1.47131	0.843259	5.1462	5.12649
-1.47723	0.844901	5.14456	5.12748
-1.47953	0.840302	5.14423	5.12879
-1.48051	0.84063	5.14456	5.1301
-1.48445	0.841287	5.14456	5.1301
-1.48675	0.836359	5.1439	5.12945
-1.4884	0.842273	5.14357	5.12813
-1.48971	0.834059	5.14226	5.12748
-1.48117	0.846544	5.14259	5.12715
-1.47788	0.848187	5.14325	5.12616
-1.46639	0.861986	5.14555	5.1232
-1.46441	0.857714	5.14719	5.12189
-1.46573	0.84523	5.14489	5.12222
-1.45784	0.855743	5.14292	5.12419
-1.4562	0.861986	5.14226	5.12616
-1.45324	0.875127	5.14292	5.12748
-1.44437	0.874799	5.1439	5.12682
-1.43879	0.884655	5.1462	5.12616
-1.43386	0.881041	5.14719	5.12649
-1.424	0.888269	5.14489	5.12649
-1.41349	0.894183	5.14357	5.12485
-1.4079	0.897468	5.14259	5.12452
-1.4194	0.893197	5.14226	5.12386
-1.41908	0.898125	5.14325	5.12583
-1.42203	0.891226	5.14456	5.1255
-1.42072	0.885969	5.14522	5.12583
-1.41645	0.881369	5.14522	5.12452
-1.4194	0.882684	5.14456	5.12583
-1.42105	0.880055	5.14489	5.12813
-1.42532	0.880055	5.14423	5.12945
-1.424	0.892211	5.14423	5.12649
-1.41809	0.903382	5.1439	5.1255
-1.40429	0.906339	5.14423	5.12485
-1.39378	0.904696	5.14357	5.12616
-1.39115	0.896811	5.14292	5.12748
-1.39345	0.890569	5.14292	5.12846
-1.40528	0.889254	5.14226	5.12977
-1.40265	0.902068	5.14325	5.12912
-1.40232	0.901739	5.14423	5.12583
-1.40528	0.896482	5.14423	5.12353
-1.40692	0.897797	5.14292	5.12353
-1.41218	0.882684	5.14325	5.12419
-1.41152	0.873156	5.14357	5.12583
-1.40659	0.874799	5.14325	5.12583
-1.40758	0.8633	5.14193	5.1255
-1.41086	0.866914	5.14226	5.1255
-1.42006	0.8633	5.14325	5.12616
-1.42269	0.859686	5.14325	5.12518
-1.42335	0.8633	5.14357	5.1255
-1.42302	0.853443	5.14456	5.1255
-1.43287	0.848844	5.14489	5.12518
-1.44174	0.842602	5.14489	5.12452
-1.44963	0.832088	5.14423	5.12452
-1.45686	0.834059	5.14357	5.12386
-1.46047	0.834059	5.14259	5.12485
-1.46014	0.833074	5.13996	5.12846
-1.45029	0.833074	5.13897	5.12945
-1.45686	0.831103	5.1393	5.12977
-1.45226	0.828146	5.14193	5.12813
-1.45653	0.822561	5.14259	5.1255
-1.44897	0.819604	5.14193	5.12386
-1.45324	0.80909	5.1416	5.12452
-1.45949	0.800877	5.14259	5.12649
-1.4631	0.800877	5.1439	5.12748
-1.46803	0.803834	5.14555	5.12682
-1.47066	0.79332	5.14653	5.1255
-1.46836	0.789378	5.14686	5.12518
-1.47263	0.783464	5.14489	5.12518
-1.47723	0.776236	5.14522	5.1255
-1.4861	0.774265	5.14423	5.1255
-1.47854	0.78445	5.14226	5.12518
-1.4769	0.794963	5.14127	5.12452
-1.4769	0.809419	5.14259	5.12419
-1.47361	0.807776	5.14587	5.12386
-1.47296	0.818947	5.14653	5.12419
-1.46047	0.829788	5.14489	5.12485
-1.45817	0.834059	5.14292	5.12616
-1.44864	0.835374	5.14456	5.12682
-1.44733	0.840302	5.1462	5.12715
-1.44733	0.835702	5.14423	5.12583
-1.44602	0.833731	5.1439	5.12452
-1.44306	0.836031	5.14489	5.12452
-1.44142	0.848844	5.14555	5.12485
-1.43583	0.855415	5.14423	5.12583
-1.43747	0.855086	5.14259	5.12649
-1.43977	0.84293	5.14259	5.12715
-1.4447	0.845887	5.14489	5.12649
-1.43123	0.850158	5.14587	5.12649
-1.43912	0.848844	5.14357	5.12682
-1.43944	0.84753	5.14127	5.12748
-1.42959	0.852786	5.13897	5.12748
-1.42565	0.8587	5.14029	5.12682
-1.43025	0.856072	5.14357	5.12649
-1.4171	0.862643	5.14555	5.12649
-1.42367	0.856729	5.14653	5.12485
-1.43123	0.8564	5.14489	5.1232
-1.43977	0.850815	5.14423	5.12255
-1.44207	0.854101	5.14325	5.12255
-1.44174	0.853443	5.14259	5.1255
-1.43747	0.860014	5.14325	5.12649
-1.44536	0.859029	5.14423	5.12485
-1.45489	0.847201	5.14423	5.1255
-1.45949	0.839316	5.14325	5.12452
-1.46474	0.843916	5.14259	5.12616
-1.47066	0.847201	5.1416	5.12813
-1.4723	0.842602	5.14193	5.12945
-1.46573	0.843916	5.1416	5.12813
-1.46737	0.842273	5.13996	5.12813
-1.47394	0.833731	5.13897	5.12583
-1.47723	0.82946	5.13832	5.12616
-1.46737	0.828474	5.13963	5.12813
-1.47263	0.814018	5.1416	5.12977
-1.47427	0.821575	5.14325	5.12846
-1.47821	0.825189	5.14423	5.12616
-1.48314	0.832745	5.14456	5.12419
-1.48741	0.819932	5.14325	5.1255
-1.4976	0.811719	5.14325	5.12846
-1.49727	0.812704	5.14357	5.12879
-1.50055	0.811719	5.14522	5.12748
-1.50318	0.809419	5.14587	5.1255
-1.4953	0.813033	5.1462	5.12485
-1.49957	0.809747	5.14522	5.12518
-1.50482	0.790692	5.14325	5.1255
-1.50581	0.784121	5.14259	5.12518
-1.50745	0.779193	5.14127	5.12518
-1.50745	0.781821	5.13897	5.12583
-1.50285	0.787407	5.13996	5.12682
-1.49497	0.782478	5.14226	5.12518
-1.49595	0.782807	5.14522	5.12288
-1.49004	0.786092	5.1439	5.12255
-1.48807	0.791678	5.14292	5.1255
-1.47821	0.80022	5.14292	5.12616
-1.46146	0.808105	5.14292	5.12485
-1.4677	0.820918	5.14259	5.1255
-1.47131	0.81599	5.14292	5.12485
-1.47066	0.818947	5.14292	5.12288
-1.47066	0.831103	5.14226	5.12353
-1.47493	0.840302	5.14095	5.12485
-1.46967	0.841944	5.14226	5.1255
-1.46179	0.838659	5.14325	5.12682
-1.46244	0.827489	5.14292	5.12748
-1.45357	0.831103	5.14062	5.12748
-1.44897	0.84523	5.13996	5.12649
-1.44634	0.847858	5.13996	5.1255
-1.45259	0.838002	5.1416	5.1255
-1.4539	0.84753	5.14489	5.12649
-1.45916	0.8564	5.14587	5.12616
-1.45916	0.859029	5.14587	5.12649
-1.44996	0.864285	5.14456	5.12682
-1.4539	0.860343	5.14456	5.12616
-1.44766	0.867571	5.14489	5.12583
-1.45456	0.860343	5.14357	5.12748
-1.44963	0.875127	5.1439	5.1278
-1.45193	0.889254	5.14522	5.12682
-1.44996	0.894183	5.14653	5.12715
-1.45719	0.893854	5.14653	5.12682
-1.45489	0.900753	5.14522	5.12813
-1.44339	0.911267	5.14325	5.12977
-1.45193	0.909624	5.14193	5.12912
-1.45554	0.910938	5.14095	5.12748
-1.447	0.917838	5.14095	5.1278
-1.4493	0.917509	5.14193	5.1278
-1.43813	0.924408	5.14127	5.12715
-1.4401	0.914552	5.14029	5.12518
-1.44076	0.906996	5.14127	5.12583
-1.44043	0.911924	5.14193	5.12715
-1.43879	0.920137	5.14193	5.12748
-1.4378	0.914881	5.14325	5.12518
-1.44569	0.903382	5.14522	5.1255
-1.44766	0.90371	5.14522	5.12583
-1.44503	0.894183	5.14653	5.12682
-1.4539	0.894183	5.14785	5.12682
-1.45719	0.886955	5.14587	5.12649
-1.45521	0.888926	5.14423	5.12518
-1.45719	0.887612	5.14357	5.12386
-1.46573	0.87217	5.14193	5.12288
-1.46639	0.870528	5.13996	5.12353
-1.46343	0.876113	5.13996	5.12616
-1.46047	0.885312	5.13996	5.1278
-1.45883	0.890897	5.13963	5.1278
-1.45949	0.887612	5.14062	5.12518
-1.4585	0.883669	5.14325	5.12353
-1.45817	0.89024	5.14489	5.12419
-1.45949	0.89024	5.14522	5.12682
-1.45784	0.895168	5.14325	5.1255
-1.46606	0.886626	5.1439	5.12419
-1.4585	0.891883	5.1462	5.12583
-1.46507	0.876113	5.14719	5.12715
-1.46934	0.877755	5.1462	5.12419
-1.46507	0.868556	5.14522	5.12419
-1.46047	0.878084	5.14357	5.12518
-1.45226	0.876441	5.14193	5.12682
-1.44963	0.872827	5.14226	5.12649
-1.44996	0.877755	5.14325	5.12583
-1.45193	0.873813	5.14423	5.12452
-1.44733	0.862971	5.14292	5.12288
-1.44306	0.862971	5.14259	5.12419
-1.44864	0.854101	5.14226	5.12452
-1.4539	0.850815	5.14226	5.12616
-1.44536	0.850158	5.14226	5.12748
-1.45291	0.853443	5.1439	5.12715
-1.45357	0.86987	5.14423	5.12616
-1.45686	0.862971	5.14423	5.12518
-1.4585	0.875127	5.14456	5.12583
-1.46967	0.864614	5.14489	5.12748
-1.47657	0.858372	5.14489	5.1278
-1.4792	0.841616	5.14456	5.12715
-1.47788	0.841287	5.14489	5.12583
-1.49234	0.838659	5.14555	5.12485
-1.48314	0.850815	5.14456	5.1232
-1.49103	0.842273	5.14489	5.12419
-1.49135	0.848187	5.14423	5.12485
-1.49661	0.836031	5.14357	5.12583
-1.493	0.848515	5.14357	5.12649
-1.49037	0.848844	5.14423	5.1255
-1.48905	0.838002	5.14325	5.12419
-1.4953	0.833731	5.14226	5.12288
-1.49727	0.825846	5.14325	5.12189
-1.49628	0.826174	5.14325	5.12255
-1.50745	0.807776	5.14325	5.12452
-1.5137	0.794634	5.14226	5.12649
-1.51731	0.798248	5.14357	5.12583
-1.50942	0.80022	5.14423	5.1232
-1.51008	0.807119	5.1439	5.12288
-1.51402	0.813361	5.14292	5.12485
-1.52224	0.808105	5.14325	5.12649
-1.51665	0.807119	5.14193	5.12748
-1.51928	0.804819	5.14259	5.12715
-1.52257	0.801862	5.1439	5.1255
-1.51994	0.809419	5.14423	5.1232
-1.5137	0.81139	5.1439	5.12386
-1.51074	0.80909	5.1416	5.12485
-1.51074	0.808433	5.14029	5.12485
-1.51205	0.809747	5.14226	5.12583
-1.51468	0.814347	5.14456	5.12583
-1.51107	0.817632	5.14555	5.12583
-1.50811	0.817961	5.1462	5.12518
-1.50581	0.818947	5.14719	5.12288
-1.50712	0.825189	5.14686	5.12353
-1.51041	0.819932	5.14555	5.12616
-1.50778	0.810404	5.14423	5.12715
-1.50581	0.823546	5.14522	5.12583
-1.50614	0.839645	5.14522	5.12419
-1.493	0.848844	5.14555	5.12419
-1.47953	0.861328	5.14423	5.12616
-1.4861	0.8633	5.1416	5.12813
-1.48018	0.869542	5.14062	5.1278
-1.48216	0.868228	5.14193	5.12649
-1.48938	0.868228	5.14489	5.12649
-1.49333	0.861328	5.14653	5.12649
-1.48905	0.864285	5.1462	5.12682
-1.48347	0.868885	5.14325	5.12616
-1.4907	0.854429	5.14062	5.1278
-1.48971	0.855415	5.14127	5.12715
-1.48807	0.856072	5.14357	5.12485
-1.49333	0.857057	5.14489	5.12255
-1.48873	0.856072	5.14587	5.12255
-1.49793	0.849501	5.14587	5.12353
-1.49661	0.855415	5.14357	5.12452
-1.48971	0.860343	5.14029	5.12649
-1.49398	0.861	5.13897	5.12748
-1.48938	0.8633	5.14062	5.12748
-1.48905	0.865271	5.14292	5.12813
-1.4907	0.864285	5.1439	5.12715
-1.493	0.857057	5.14423	5.12485
-1.48873	0.857386	5.1416	5.12485
-1.49234	0.857714	5.14029	5.12616
-1.49398	0.860014	5.14062	5.12682
-1.49793	0.856072	5.14292	5.12485
-1.49825	0.862971	5.14456	5.12353
-1.49891	0.859357	5.14456	5.1232
-1.50581	0.860343	5.14522	5.12386
-1.50548	0.861328	5.14653	5.1255
-1.50778	0.853772	5.14555	5.12682
-1.50581	0.851144	5.14456	5.12649
-1.50581	0.848515	5.14587	5.1255
-1.49365	0.862971	5.14752	5.12452
-1.49825	0.858043	5.14719	5.12288
-1.49858	0.852458	5.14456	5.12222
-1.49135	0.869213	5.14325	5.1255
-1.48413	0.881369	5.14193	5.12945
-1.48413	0.877098	5.14193	5.1301
-1.48675	0.876113	5.14325	5.12748
-1.4746	0.892868	5.14489	5.12649
-1.46606	0.903382	5.14555	5.12419
-1.46211	0.901082	5.14555	5.1232
-1.46146	0.90831	5.14522	5.12682
-1.46606	0.90601	5.14423	5.1301
-1.4677	0.902725	5.14292	5.13076
-1.46441	0.90371	5.14357	5.12879
-1.47394	0.894183	5.14653	5.12616
-1.47526	0.899768	5.14817	5.12419
-1.47427	0.893197	5.14653	5.1232
-1.47821	0.890897	5.14456	5.12452
-1.46441	0.906996	5.14325	5.12616
-1.46343	0.907324	5.14456	5.12715
-1.47361	0.898125	5.14653	5.12616
-1.47197	0.90601	5.14785	5.12452
-1.47427	0.901082	5.14653	5.12419
-1.47164	0.905024	5.14489	5.12518
-1.46868	0.910938	5.14357	5.12715
-1.46836	0.91061	5.14522	5.12682
-1.46244	0.911267	5.14456	5.12616
-1.46146	0.902725	5.14357	5.12485
-1.45686	0.909624	5.14555	5.12419
-1.4608	0.909295	5.14587	5.1255
-1.46146	0.898454	5.14587	5.12616
-1.45751	0.905353	5.14423	5.1255
-1.4562	0.903053	5.1439	5.1255
-1.45324	0.90601	5.14653	5.12419
-1.4585	0.898125	5.14686	5.12386
-1.45587	0.90141	5.14587	5.12386
-1.45357	0.907324	5.14522	5.12419
-1.45489	0.901739	5.1439	5.12353
-1.45949	0.893525	5.1416	5.12255
-1.45949	0.903382	5.14029	5.12255
-1.4654	0.899111	5.14193	5.1232
-1.46901	0.900425	5.14423	5.12485
-1.46704	0.911267	5.14522	5.12518
-1.47066	0.898125	5.14423	5.12485
-1.47164	0.893854	5.1416	5.1255
-1.47526	0.891883	5.13996	5.12715
-1.47723	0.883669	5.14062	5.1278
-1.47098	0.897139	5.14357	5.12649
-1.47624	0.885969	5.14587	5.12485
-1.47854	0.878741	5.1462	5.1232
-1.48281	0.883012	5.14489	5.12452
-1.48347	0.882684	5.14193	5.12649
-1.47821	0.896482	5.14062	5.12748
-1.48347	0.891883	5.14292	5.12682
-1.48314	0.89024	5.14522	5.12452
-1.49004	0.880055	5.14587	5.12353
-1.49103	0.87677	5.14555	5.12518
-1.49464	0.868228	5.14456	5.12682
-1.49497	0.872827	5.14193	5.12682
-1.49727	0.865928	5.14226	5.12813
-1.49628	0.864942	5.14456	5.12879
-1.50417	0.851144	5.14555	5.12715
-1.50712	0.843916	5.1439	5.12518
-1.4999	0.843587	5.14259	5.12452
-1.4861	0.862314	5.14127	5.12518
-1.48643	0.857386	5.14127	5.1255
-1.48314	0.856729	5.14095	5.1255
-1.47854	0.873484	5.14062	5.12419
-1.47263	0.871842	5.13963	5.12386
-1.46639	0.884983	5.14226	5.12353
-1.47131	0.884983	5.14456	5.12353
-1.46606	0.892211	5.14587	5.12518
-1.46343	0.898125	5.14325	5.12616
-1.4562	0.915209	5.14292	5.12715
-1.45554	0.915538	5.14423	5.12682
-1.45653	0.909624	5.14587	5.1255
-1.45784	0.912909	5.14719	5.12583
-1.47197	0.898125	5.14752	5.12452
-1.47493	0.906996	5.14555	5.12452
-1.47427	0.912581	5.14357	5.12485
-1.47	0.909624	5.14357	5.12682
-1.46113	0.915538	5.14423	5.1255
-1.46606	0.907981	5.14423	5.12353
-1.45981	0.911267	5.14522	5.1232
-1.46573	0.898782	5.1439	5.12353
-1.46901	0.904367	5.1416	5.12353
-1.46901	0.902396	5.14226	5.12485
-1.4815	0.89484	5.14357	5.12518
-1.47887	0.894183	5.14653	5.12419
-1.47263	0.895825	5.14916	5.12353
-1.47624	0.896154	5.14785	5.12353
-1.47756	0.888269	5.14456	5.12419
-1.47854	0.889912	5.14062	5.12682
-1.47986	0.89254	5.1393	5.12748
-1.48544	0.893854	5.14127	5.1278
-1.47953	0.898454	5.14423	5.12715
-1.48544	0.886955	5.14456	5.12715
-1.48051	0.900425	5.14325	5.12715
-1.48741	0.891883	5.14095	5.12715
-1.49858	0.885312	5.13963	5.12715
-1.50187	0.870199	5.14029	5.12649
-1.50384	0.859029	5.14127	5.12616
-1.50778	0.857057	5.14423	5.12649
-1.50614	0.860671	5.1439	5.12748
-1.50942	0.855415	5.14292	5.12682
-1.50647	0.867242	5.1416	5.12616
-1.50778	0.87217	5.14127	5.12748
-1.51008	0.868556	5.14127	5.12879
-1.5137	0.867899	5.1416	5.12977
-1.5091	0.87907	5.14259	5.12977
-1.50975	0.879727	5.14357	5.12846
-1.50778	0.881369	5.14357	5.12616
-1.50581	0.888269	5.1416	5.12583
-1.50745	0.889583	5.14095	5.12583
-1.50482	0.891554	5.14226	5.12616
-1.50647	0.885312	5.14325	5.12682
-1.5068	0.890897	5.14325	5.12813
-1.50548	0.898454	5.14325	5.1278
-1.50154	0.898454	5.14292	5.12748
-1.4953	0.907324	5.14193	5.12748
-1.4884	0.918495	5.1416	5.12649
-1.48873	0.918823	5.14193	5.12682
-1.49103	0.913567	5.14226	5.12518
-1.49103	0.910281	5.1439	5.1255
-1.48445	0.908967	5.1439	5.1255
-1.48018	0.911595	5.14325	5.1255
-1.4769	0.912581	5.14259	5.12583
-1.48084	0.90831	5.14292	5.12682
-1.47821	0.909624	5.14357	5.12616
-1.47591	0.907324	5.14489	5.12452
-1.47394	0.905024	5.14456	5.12386
-1.47164	0.912581	5.1439	5.1232
-1.46901	0.915209	5.14226	5.12419
-1.47296	0.903053	5.1416	5.12616
-1.47164	0.902396	5.14259	5.1278
-1.47591	0.904696	5.14555	5.12748
-1.47066	0.90831	5.14587	5.1255
-1.46737	0.913895	5.14456	5.12452
-1.4677	0.916852	5.14325	5.12518
-1.47131	0.908967	5.14292	5.12583
-1.47394	0.900753	5.14357	5.12649
-1.47394	0.90141	5.14555	5.12846
-1.4769	0.898782	5.1462	5.12846
-1.48183	0.896482	5.14555	5.12583
-1.47953	0.90141	5.14555	5.12485
-1.48183	0.896811	5.14456	5.12518
-1.49267	0.888926	5.14456	5.12485
-1.50187	0.874799	5.14423	5.12715
-1.50515	0.879727	5.14522	5.1278
-1.51008	0.875456	5.14489	5.12616
-1.51304	0.871842	5.14423	5.1255
-1.51895	0.870199	5.14325	5.12518
-1.52224	0.861986	5.14259	5.12419
-1.51961	0.865599	5.14127	5.12616
-1.51895	0.864942	5.14029	5.12682
-1.5137	0.872827	5.14193	5.12649
-1.5091	0.883012	5.1439	5.12682
-1.51074	0.881698	5.14489	5.12485
-1.51468	0.878084	5.14259	5.12353
-1.51435	0.877427	5.14226	5.12353
-1.51698	0.871842	5.14292	5.12452
-1.51435	0.87907	5.1439	5.12583
-1.51468	0.871513	5.14489	5.12649
-1.51468	0.874799	5.14686	5.12616
-1.51107	0.881369	5.14817	5.12485
-1.51337	0.877427	5.14752	5.12485
-1.50778	0.888597	5.14456	5.12485
-1.4999	0.90371	5.14292	5.12485
-1.49563	0.906339	5.14226	5.12485
-1.49333	0.911267	5.14226	5.12452
-1.48314	0.924408	5.14357	5.12583
-1.48117	0.925394	5.14423	5.12518
-1.4815	0.920466	5.14357	5.12452
-1.48084	0.920137	5.14259	5.12452
-1.4769	0.922109	5.1416	5.12682
-1.47131	0.922766	5.13963	5.12748
-1.47558	0.915209	5.14095	5.12616
-1.47953	0.909295	5.14325	5.12583
-1.47591	0.914881	5.14423	5.12222
-1.47164	0.926051	5.14456	5.12255
-1.46868	0.928351	5.14259	5.12452
-1.46441	0.932622	5.14029	5.12518
-1.46113	0.939193	5.13897	5.12616
-1.44864	0.947735	5.14029	5.12616
-1.44996	0.950363	5.14325	5.12649
-1.45554	0.942807	5.14456	5.12583
-1.45226	0.93755	5.14456	5.12649
-1.43583	0.950363	5.14259	5.1278
-1.43485	0.950692	5.14062	5.12945
-1.4401	0.948392	5.14127	5.12748
-1.4355	0.95332	5.14292	5.12583
-1.4286	0.96679	5.14423	5.12583
-1.42499	0.970733	5.14325	5.12583
-1.42762	0.962191	5.14226	5.12452
-1.4286	0.960877	5.14193	5.1255
-1.42959	0.957591	5.14127	5.12649
-1.4355	0.949049	5.13996	5.12715
-1.4447	0.936236	5.14062	5.12748
-1.45029	0.934265	5.14325	5.12485
-1.45489	0.935907	5.14357	5.1232
-1.45587	0.940507	5.14226	5.1255
-1.46409	0.922766	5.14095	5.12616
-1.47066	0.923094	5.13996	5.12649
-1.48018	0.912909	5.14062	5.12813
-1.48544	0.909295	5.1439	5.12846
-1.49234	0.899439	5.14587	5.12715
-1.50581	0.882027	5.14653	5.12583
-1.5022	0.89024	5.14325	5.12616
-1.50482	0.884655	5.14127	5.12748
-1.50384	0.894511	5.14226	5.12912
-1.50252	0.891554	5.1439	5.12879
-1.50745	0.888269	5.14653	5.12715
-1.51041	0.889912	5.14653	5.1255
-1.50844	0.889254	5.14489	5.12419
-1.51074	0.883341	5.14292	5.1255
-1.51107	0.88794	5.14095	5.12715
-1.51205	0.885312	5.14226	5.1278
-1.51304	0.880712	5.14456	5.12715
-1.51797	0.873813	5.14489	5.12649
-1.51994	0.864614	5.14357	5.12419
-1.51895	0.865599	5.1416	5.1232
-1.51632	0.868556	5.14325	5.12419
-1.5114	0.875127	5.14456	5.12419
-1.51468	0.871185	5.14489	5.12616
-1.51008	0.874142	5.14587	5.12518
-1.50844	0.875456	5.14719	5.12386
-1.50581	0.880712	5.1462	5.12518
-1.4976	0.888269	5.14423	5.12715
-1.5022	0.875456	5.14357	5.12813
-1.49858	0.877427	5.14456	5.12715
-1.48741	0.890569	5.14423	5.12813
-1.48281	0.90371	5.1439	5.12748
-1.47887	0.906339	5.14489	5.12748
-1.47526	0.912909	5.14456	5.12649
-1.47296	0.916523	5.14456	5.12715
-1.46737	0.917838	5.14423	5.12846
-1.45981	0.925723	5.14456	5.12813
-1.45719	0.912581	5.14522	5.12649
-1.45521	0.922437	5.14456	5.12715
-1.4516	0.926051	5.14587	5.12912
-1.44043	0.93755	5.14555	5.12945
-1.43912	0.941164	5.14423	5.12846
-1.43879	0.939521	5.1416	5.12846
-1.43583	0.935907	5.14193	5.1278
-1.4355	0.933608	5.14226	5.12649
-1.42466	0.943464	5.14226	5.12419
-1.43025	0.93985	5.14127	5.12288
-1.43682	0.93525	5.14029	5.12222
-1.43846	0.923423	5.14259	5.12288
-1.44306	0.919152	5.14357	5.12485
-1.44733	0.920137	5.14456	5.12616
-1.44733	0.917838	5.14555	5.1255
-1.45554	0.907324	5.14555	5.12485
-1.45653	0.907324	5.14587	5.12485
-1.45916	0.902396	5.14259	5.12616
-1.47098	0.881041	5.13963	5.12682
-1.47296	0.883998	5.13865	5.12452
-1.47361	0.886626	5.14029	5.12288
-1.48018	0.879727	5.14226	5.12386
-1.47657	0.883998	5.1416	5.12616
-1.49103	0.866585	5.14095	5.12748
-1.49464	0.860014	5.14127	5.12879
-1.49891	0.860671	5.14095	5.12813
-1.50187	0.867242	5.14259	5.12616
-1.50778	0.864285	5.14489	5.12353
-1.50515	0.859686	5.14555	5.1232
-1.5045	0.863628	5.14587	5.12255
-1.51337	0.846544	5.14456	5.12353
-1.51599	0.853772	5.14456	5.1255
-1.52027	0.849172	5.14522	5.12649
-1.51468	0.857057	5.14587	5.12616
-1.51205	0.855086	5.14653	5.12715
-1.50778	0.860343	5.1462	5.12616
-1.50154	0.868556	5.14555	5.12452
-1.49858	0.870856	5.14259	5.12518
-1.4907	0.881369	5.14062	5.12616
-1.48741	0.889254	5.14193	5.12715
-1.48774	0.898125	5.14325	5.12748
-1.48281	0.897468	5.14357	5.12583
-1.48544	0.894183	5.14226	5.12649
-1.48445	0.895168	5.14292	5.12583
-1.47986	0.895168	5.1439	5.12583
-1.4838	0.887283	5.14456	5.12682
-1.48018	0.882684	5.14522	5.12879
-1.46836	0.891883	5.14522	5.12879
-1.47263	0.902725	5.14522	5.12748
-1.46507	0.904039	5.14555	5.12485
-1.45554	0.903382	5.14587	5.12353
-1.45456	0.903053	5.14522	5.12485
-1.44864	0.904039	5.14292	5.12616
-1.44142	0.907981	5.14193	5.12649
-1.4401	0.903053	5.1416	5.12649
-1.43649	0.899111	5.14292	5.12583
-1.4217	0.90371	5.1439	5.1255
-1.41316	0.914224	5.14489	5.12616
-1.4125	0.914881	5.14456	5.12879
-1.41513	0.906667	5.14357	5.12912
-1.41612	0.900753	5.1439	5.12879
-1.41086	0.913895	5.14456	5.12682
-1.40659	0.921452	5.1439	5.12485
-1.40035	0.93525	5.1439	5.12583
-1.40199	0.924408	5.14423	5.12715
-1.40166	0.925394	5.14325	5.12715
-1.39542	0.927037	5.1439	5.1278
-1.38918	0.941164	5.1439	5.1278
-1.39213	0.938536	5.1439	5.12649
-1.38885	0.932622	5.14325	5.12452
-1.38885	0.925065	5.14292	5.12353
-1.38918	0.928679	5.14357	5.1232
-1.38918	0.938536	5.14259	5.12452
-1.38754	0.934922	5.14193	5.12485
-1.38885	0.947735	5.14292	5.1278
-1.39246	0.95332	5.14423	5.12715
-1.40495	0.945764	5.1439	5.12485
-1.40626	0.938207	5.14226	5.12419
-1.40955	0.949378	5.14259	5.12518
-1.41218	0.952663	5.14325	5.12715
-1.41349	0.953649	5.14292	5.12748
-1.40856	0.973033	5.14226	5.12616
-1.4102	0.971718	5.14423	5.1255
-1.42499	0.966462	5.14522	5.12649
-1.42729	0.965476	5.14489	5.1255
-1.42466	0.968762	5.14357	5.1255
-1.43944	0.956605	5.14325	5.1278
-1.43222	0.96449	5.14456	5.12748
-1.44076	0.960219	5.14423	5.12715
-1.45554	0.950692	5.14357	5.12682
-1.45423	0.953977	5.14587	5.1255
-1.4562	0.948392	5.14883	5.12583
-1.4539	0.943135	5.1462	5.12715
-1.45653	0.941821	5.14357	5.12846
-1.45784	0.945435	5.1416	5.12879
-1.4585	0.938864	5.14095	5.12813
-1.45554	0.936893	5.14127	5.12518
-1.44963	0.943464	5.14292	5.12255
-1.4493	0.939193	5.14292	5.1232
-1.44864	0.931965	5.14226	5.12452
-1.45291	0.929994	5.14259	5.12485
-1.44306	0.942807	5.14259	5.1255
-1.44273	0.943792	5.14226	5.12353
-1.44076	0.933279	5.14456	5.1232
-1.43747	0.930979	5.14522	5.12353
-1.4355	0.938864	5.14489	5.12419
-1.44766	0.927694	5.14522	5.12682
-1.44733	0.92178	5.14522	5.12912
-1.44437	0.921123	5.14587	5.12813
-1.44109	0.922109	5.14423	5.12583
-1.4355	0.920137	5.14357	5.1255
-1.43616	0.913567	5.14555	5.12386
-1.42499	0.92638	5.14785	5.1232
-1.42335	0.931308	5.14719	5.12485
-1.42269	0.934593	5.14555	5.1255
-1.42729	0.928351	5.14522	5.12518
-1.43419	0.918166	5.14522	5.12485
-1.43025	0.917838	5.14456	5.12255
-1.4378	0.900425	5.1439	5.12255
-1.44569	0.889912	5.14292	5.12419
-1.45062	0.88794	5.14259	5.12485
-1.45521	0.882684	5.14325	5.12616
-1.45324	0.877427	5.14325	5.12616
-1.45686	0.873813	5.14555	5.12616
-1.46113	0.872499	5.14555	5.12682
-1.45949	0.879398	5.14555	5.1255
-1.4677	0.877098	5.14587	5.12485
-1.4631	0.888926	5.14456	5.12748
-1.46573	0.891226	5.14325	5.12945
-1.46343	0.90141	5.14357	5.12813
-1.4723	0.894183	5.14325	5.12419
-1.47788	0.887283	5.14193	5.12288
-1.49103	0.861657	5.14259	5.12386
-1.49628	0.848844	5.14292	5.12616
-1.50055	0.843259	5.14193	5.12583
-1.49858	0.84293	5.1416	5.12485
-1.49793	0.846544	5.14193	5.12649
-1.50022	0.84293	5.14226	5.12616
-1.50154	0.835374	5.14226	5.12485
-1.50187	0.843259	5.14127	5.12583
-1.50318	0.836688	5.14062	5.1255
-1.5068	0.835045	5.14062	5.1255
-1.51041	0.836359	5.14127	5.12583
-1.51764	0.82716	5.14357	5.12583
-1.51337	0.836031	5.14325	5.12649
-1.52027	0.837673	5.14193	5.12715
-1.51895	0.838659	5.1416	5.12748
-1.51928	0.835374	5.14095	5.12616
-1.52487	0.82946	5.14029	5.1255
-1.52519	0.829131	5.14127	5.12485
-1.52322	0.825846	5.14292	5.12485
-1.52684	0.820589	5.14325	5.12255
-1.53045	0.819604	5.14259	5.12123
-1.53045	0.826174	5.14292	5.12189
-1.52421	0.832088	5.14259	5.12353
-1.51041	0.840959	5.14193	5.12452
-1.50318	0.848515	5.14259	5.12649
-1.49694	0.857714	5.14325	5.12748
-1.4861	0.866585	5.1439	5.12649
-1.48216	0.865928	5.14489	5.12616
-1.48051	0.867242	5.14489	5.12583
-1.47197	0.868885	5.14489	5.1255
-1.46704	0.864614	5.1439	5.12715
-1.46244	0.871842	5.14292	5.1278
-1.44602	0.895497	5.1439	5.12616
-1.44437	0.889912	5.14587	5.12485
-1.44503	0.887283	5.14587	5.12419
-1.44142	0.883341	5.14259	5.12419
-1.44076	0.882355	5.14127	5.12518
-1.43287	0.889254	5.14193	5.12616
-1.42959	0.890569	5.14357	5.12485
-1.42203	0.903053	5.14357	5.12419
-1.41152	0.915866	5.14259	5.12386
-1.41053	0.907981	5.14325	5.12419
-1.40692	0.907981	5.14423	5.12518
-1.40298	0.906996	5.14292	5.1255
-1.40133	0.902396	5.14127	5.12583
-1.40035	0.91061	5.14226	5.12649
-1.39739	0.911267	5.14127	5.1255
-1.40955	0.912581	5.14095	5.12452
-1.4102	0.919809	5.1416	5.12616
-1.40265	0.933608	5.14226	5.12583
-1.40002	0.940835	5.14423	5.12485
-1.40068	0.941821	5.14522	5.12452
-1.39739	0.95332	5.14489	5.12485
-1.40265	0.954634	5.14555	5.12386
-1.39772	0.964819	5.14653	5.12222
-1.39903	0.973033	5.14555	5.12255
-1.40101	0.966462	5.14292	5.1255
-1.40955	0.961862	5.14193	5.12649
-1.4148	0.957591	5.14259	5.12616
-1.4171	0.961534	5.14259	5.12419
-1.41283	0.970076	5.14325	5.1232
-1.41283	0.972047	5.14423	5.1232
-1.42532	0.958248	5.14456	5.12518
-1.42138	0.964819	5.14325	5.12583
-1.42335	0.959891	5.14325	5.12616
-1.4263	0.956605	5.14456	5.12715
-1.43583	0.950363	5.14259	5.12583
-1.44273	0.954306	5.14127	5.12353
-1.44503	0.952334	5.14095	5.12452
-1.44503	0.95792	5.14095	5.12616
-1.4424	0.953649	5.1416	5.1278
-1.44207	0.952006	5.14193	5.12879
-1.44404	0.952006	5.1439	5.12715
-1.43912	0.959562	5.14489	5.12616
-1.43616	0.963833	5.14489	5.12682
-1.43912	0.958248	5.14357	5.12616
-1.44076	0.948392	5.1416	5.12419
-1.43287	0.963176	5.14095	5.12485
-1.43517	0.961205	5.14095	5.12353
-1.44142	0.950692	5.14325	5.12353
-1.44076	0.957591	5.14325	5.12419
-1.42992	0.96909	5.14193	5.1255
-1.43287	0.954634	5.14029	5.12616
-1.4286	0.961205	5.13996	5.1255
-1.42367	0.969747	5.14095	5.12583
-1.41513	0.974347	5.1416	5.12452
-1.41743	0.96909	5.14193	5.12353
-1.41152	0.971718	5.14357	5.12189
-1.40659	0.976975	5.14325	5.12156
-1.39871	0.969419	5.14095	5.12288
-1.40166	0.958248	5.14029	5.12386
-1.40166	0.963176	5.14127	5.12518
-1.39608	0.967776	5.14292	5.12649
-1.38819	0.98026	5.14456	5.12583
-1.38064	0.991431	5.14489	5.12452
-1.37341	1.0072	5.14357	5.12255
-1.37144	1.00556	5.14292	5.12189
-1.37472	0.992745	5.14193	5.12189
-1.36914	0.999973	5.14226	5.12452
-1.37341	0.995045	5.1439	5.12518
-1.36355	1.00917	5.14489	5.12485
-1.36848	1.01246	5.14489	5.1255
-1.36585	1.00556	5.14489	5.12583
-1.36618	0.997016	5.14357	5.12813
-1.36059	1.0026	5.14226	5.13043
-1.36487	0.999644	5.14226	5.12813
-1.35567	1.01016	5.14325	5.12682
-1.36355	1.01246	5.14522	5.12649
-1.36552	1.02034	5.14456	5.12583
-1.37275	1.0118	5.14292	5.1255
-1.38458	1.00457	5.14127	5.12485
-1.39378	1.00162	5.14029	5.12649
-1.39575	0.990445	5.1416	5.12715
-1.40396	0.984203	5.14357	5.12682
-1.40396	0.984532	5.14587	5.12518
-1.41152	0.979603	5.14555	5.12485
-1.41218	0.97139	5.1439	5.12583
-1.42302	0.96679	5.14259	5.12649
-1.4217	0.976318	5.14127	5.12616
-1.4171	0.979932	5.14062	5.12682
-1.41908	0.979275	5.14193	5.12715
-1.42236	0.970404	5.14259	5.12813
-1.424	0.971061	5.14357	5.12518
-1.42992	0.96449	5.14292	5.12452
-1.43912	0.964162	5.14127	5.12649
-1.43386	0.96909	5.14029	5.12748
-1.43682	0.964819	5.14127	5.12715
-1.44273	0.965148	5.14259	5.12649
-1.4401	0.969747	5.14259	5.1255
-1.43616	0.973361	5.14325	5.12452
-1.43517	0.970733	5.14423	5.12485
-1.43057	0.979603	5.1439	5.12583
-1.43057	0.979932	5.14259	5.12715
-1.42269	0.990445	5.14522	5.12945
-1.43057	0.981246	5.14686	5.12977
-1.43419	0.970404	5.1462	5.12879
-1.43386	0.97369	5.14489	5.1255
-1.43912	0.977632	5.1439	5.12386
-1.43452	0.977632	5.14423	5.1255
-1.4309	0.972375	5.1462	5.12649
-1.42565	0.975004	5.14587	5.12715
-1.41776	0.979603	5.14522	5.12682
-1.42138	0.980589	5.14423	5.12583
-1.42072	0.972375	5.14325	5.12452
-1.42269	0.972047	5.1416	5.1255
-1.42138	0.979932	5.14226	5.12748
-1.41973	0.977304	5.14357	5.1278
-1.41678	0.976647	5.14325	5.12813
-1.4148	0.977961	5.14259	5.12583
-1.41448	0.976318	5.14226	5.12386
-1.41513	0.976975	5.14259	5.12518
-1.41973	0.963505	5.14062	5.12682
-1.4194	0.963833	5.13996	5.12616
-1.42433	0.961534	5.14095	5.1255
-1.43485	0.950035	5.14259	5.1255
-1.43156	0.958577	5.14555	5.1255
-1.43583	0.946421	5.14555	5.12682
-1.4378	0.933279	5.1439	5.1255
-1.45686	0.91061	5.14325	5.12485
-1.46211	0.901082	5.14357	5.12715
-1.45456	0.906996	5.14325	5.12813
-1.46014	0.905682	5.14456	5.1278
-1.4746	0.894511	5.14817	5.12813
-1.47131	0.905024	5.1485	5.1278
-1.47	0.904696	5.14555	5.12682
-1.47	0.911924	5.14423	5.12583
-1.46737	0.913895	5.1439	5.1255
-1.46704	0.919152	5.14456	5.12518
-1.4631	0.92638	5.14587	5.12518
-1.46639	0.929337	5.14752	5.1232
-1.47131	0.928351	5.14719	5.12288
-1.4746	0.927365	5.14587	5.12616
-1.48018	0.915538	5.14423	5.1278
-1.4838	0.91061	5.14357	5.12977
-1.48577	0.91061	5.14489	5.13043
-1.49267	0.897468	5.14522	5.1278
-1.50154	0.882355	5.14423	5.12616
-1.49563	0.89024	5.1439	5.12616
-1.4953	0.893197	5.14259	5.1255
-1.50088	0.89254	5.14357	5.12682
-1.50581	0.882027	5.14292	5.1278
-1.51698	0.862643	5.14325	5.12715
-1.50778	0.859357	5.14423	5.12485
-1.50187	0.868885	5.14522	5.12583
-1.5045	0.861657	5.14555	5.12748
-1.50581	0.854101	5.14456	5.12846
-1.49464	0.864942	5.14456	5.12879
-1.48938	0.870528	5.14522	5.12748
-1.48248	0.87677	5.14325	5.12682
-1.4746	0.875456	5.14226	5.1255
-1.47066	0.883012	5.1416	5.12518
-1.46639	0.878741	5.14325	5.12485
-1.46179	0.877098	5.14292	5.12386
-1.46474	0.868556	5.14357	5.12419
-1.46179	0.870199	5.14325	5.12518
-1.45357	0.889912	5.14456	5.1255
-1.4493	0.892211	5.14587	5.12386
-1.45587	0.887283	5.14456	5.12353
-1.4516	0.891226	5.1439	5.12518
-1.44207	0.901082	5.14423	5.12715
-1.43485	0.903053	5.14522	5.12813
-1.43255	0.912581	5.14752	5.12682
-1.42992	0.904696	5.14785	5.12616
-1.43747	0.896811	5.14752	5.12518
-1.43682	0.896482	5.14555	5.1255
-1.43222	0.905024	5.14423	5.12583
-1.43025	0.90601	5.14522	5.12616
-1.42466	0.905682	5.14522	5.1255
-1.41546	0.909624	5.14587	5.12518
-1.40988	0.914552	5.14555	5.12682
-1.39575	0.923094	5.14489	5.1278
-1.39772	0.91948	5.14357	5.12682
-1.39411	0.919809	5.14292	5.1255
-1.39476	0.930979	5.14193	5.1255
-1.39181	0.932622	5.14193	5.12846
-1.39608	0.938864	5.14226	5.12912
-1.40002	0.947078	5.14193	5.12682
-1.40823	0.940178	5.14062	5.1255
-1.4125	0.946749	5.14127	5.1255
-1.40889	0.942807	5.14423	5.12583
-1.41218	0.940178	5.14456	5.1255
-1.40331	0.952334	5.1439	5.12518
-1.39871	0.959562	5.1439	5.12419
-1.39608	0.959891	5.14292	5.12386
-1.40232	0.962848	5.1416	5.12419
-1.41185	0.952663	5.14193	5.12255
-1.40429	0.955948	5.14226	5.12222
-1.4102	0.952006	5.14259	5.12353
-1.40889	0.956277	5.14062	5.12518
-1.41316	0.951677	5.14226	5.12452
-1.41283	0.948063	5.14423	5.12485
-1.42367	0.939193	5.1462	5.12518
-1.43747	0.934922	5.14686	5.12583
-1.43517	0.941164	5.14325	5.12715
-1.43156	0.943464	5.14226	5.1278
-1.4332	0.941493	5.1439	5.1278
-1.43715	0.937879	5.14522	5.12518
-1.43879	0.936893	5.14522	5.12386
-1.43813	0.933279	5.1439	5.12419
-1.43912	0.933608	5.14259	5.12518
-1.43287	0.938864	5.1439	5.12649
-1.42565	0.947078	5.14489	5.12419
-1.42532	0.944121	5.14817	5.1209
-1.43222	0.940178	5.1485	5.1209
-1.4401	0.928022	5.1462	5.12255
-1.4378	0.926708	5.1439	5.12452
-1.43977	0.922766	5.14292	5.1232
-1.43912	0.928022	5.14193	5.1232
-1.4355	0.929008	5.14292	5.12419
-1.4493	0.915209	5.14292	5.12583
-1.447	0.906667	5.14325	5.12748
-1.45686	0.894511	5.1439	5.12616
-1.46704	0.883012	5.14259	5.12485
-1.47361	0.87447	5.14127	5.1255
-1.47657	0.866585	5.14127	5.12649
-1.46868	0.873156	5.1416	5.12748
-1.47164	0.865599	5.14193	5.1278
-1.4723	0.860014	5.1416	5.1278
-1.46244	0.868885	5.14193	5.12682
-1.45686	0.871185	5.14292	5.12583
-1.45883	0.867899	5.14292	5.12616
-1.4562	0.873813	5.14357	5.12583
-1.46343	0.871842	5.14259	5.12616
-1.46573	0.86987	5.14193	5.12682
-1.47887	0.847201	5.14292	5.12583
-1.48347	0.832088	5.14587	5.12518
-1.48084	0.836031	5.14522	5.12288
-1.4792	0.837016	5.14095	5.12386
-1.47953	0.839316	5.13897	5.12452
-1.47887	0.836031	5.1416	5.1232
-1.48018	0.841287	5.14522	5.1255
-1.47986	0.837345	5.14752	5.12715
-1.48544	0.832745	5.14555	5.12682
-1.48445	0.830774	5.14259	5.12616
-1.48544	0.828803	5.14062	5.12649
-1.4907	0.826174	5.14127	5.12715
-1.4884	0.828474	5.14292	5.12682
-1.49234	0.825189	5.14325	5.12583
-1.50187	0.822889	5.14522	5.12353
-1.50121	0.828474	5.14587	5.1232
-1.49464	0.839316	5.14456	5.12288
-1.50712	0.832417	5.14489	5.1255
-1.50778	0.848515	5.14522	5.12616
-1.50581	0.848515	5.14653	5.1255
-1.50285	0.850815	5.14686	5.12288
-1.5114	0.839645	5.14653	5.12156
-1.5137	0.838988	5.14489	5.12255
-1.51862	0.836031	5.14423	5.12616
-1.52487	0.834388	5.14456	5.12945
-1.52947	0.826174	5.1439	5.1301
-1.53406	0.817304	5.14456	5.12715
-1.53045	0.826832	5.14423	5.12419
-1.53439	0.822561	5.14357	5.1232
-1.53209	0.819604	5.14226	5.12485
-1.53242	0.820589	5.1416	5.12649
-1.53406	0.816975	5.14193	5.12616
-1.53899	0.815661	5.14226	5.12485
-1.53604	0.817961	5.14325	5.12386
-1.53144	0.814347	5.14456	5.12288
-1.52257	0.830446	5.14423	5.12255
-1.51961	0.837673	5.14095	5.1255
-1.51567	0.844573	5.13963	5.12748
-1.5091	0.859357	5.14062	5.12813
-1.50022	0.867571	5.14325	5.12748
-1.493	0.878741	5.14522	5.12649
-1.48774	0.884983	5.14456	5.1255
-1.49135	0.875456	5.1439	5.12386
-1.48478	0.882355	5.14259	5.12288
-1.47131	0.89254	5.14259	5.12485
-1.46803	0.899768	5.14226	5.12583
-1.46441	0.905682	5.14127	5.1255
-1.46113	0.904696	5.14062	5.1255
-1.45883	0.898125	5.14226	5.12616
-1.4608	0.899768	5.14325	5.1255
-1.45587	0.897797	5.14423	5.12583
-1.4539	0.90601	5.14325	5.12682
-1.45883	0.90371	5.1439	5.12518
-1.45653	0.904696	5.14489	5.1232
-1.45094	0.912581	5.14522	5.1232
-1.44404	0.908638	5.14489	5.1255
-1.44602	0.90831	5.14522	5.12748
-1.4378	0.918495	5.14522	5.12649
-1.42926	0.926708	5.14357	5.1255
-1.4148	0.931636	5.14292	5.12616
-1.41579	0.935579	5.14357	5.12583
-1.40856	0.941164	5.14522	5.1255
-1.40692	0.949378	5.14555	5.12616
-1.41086	0.951349	5.14325	5.12616
-1.40955	0.950035	5.14226	5.12452
-1.40495	0.950035	5.14259	5.12583
-1.41776	0.944778	5.14292	5.12715
-1.424	0.93985	5.14226	5.12649
-1.41743	0.944778	5.1416	5.12715
-1.41218	0.954306	5.14226	5.12682
-1.41875	0.947406	5.1439	5.12682
-1.42893	0.936236	5.14423	5.12715
-1.43386	0.93755	5.14456	5.12682
-1.43649	0.93525	5.1439	5.12846
-1.4332	0.944121	5.14555	5.12945
-1.43057	0.946749	5.14686	5.12879
-1.4263	0.954634	5.14752	5.12748
-1.43189	0.94872	5.14555	5.12715
-1.43222	0.954634	5.1439	5.12616
-1.44602	0.944121	5.14325	5.12715
-1.44372	0.949378	5.14357	5.12748
-1.44142	0.951349	5.14292	5.12616
-1.44339	0.959562	5.14193	5.1255
-1.44372	0.955948	5.14193	5.12583
-1.44799	0.955291	5.14325	5.12452
-1.4539	0.952334	5.14423	5.12616
-1.44634	0.957263	5.14555	5.12649
-1.44142	0.967447	5.1462	5.12452
-1.44109	0.97139	5.14489	5.12649
-1.44306	0.967447	5.14292	5.12715
-1.43912	0.967119	5.1416	5.12649
-1.4355	0.96449	5.14127	5.12682
-1.42597	0.975332	5.14029	5.12748
-1.4332	0.971718	5.14095	5.12682
-1.42663	0.974675	5.14193	5.12715
-1.43452	0.95792	5.14259	5.12682
-1.43057	0.961205	5.14226	5.12649
-1.42959	0.966462	5.14127	5.12715
-1.4309	0.964162	5.14029	5.1278
-1.424	0.977632	5.13963	5.12748
-1.4286	0.970076	5.14193	5.12715
-1.43189	0.961534	5.14357	5.12485
-1.41875	0.970404	5.14292	5.1255
-1.41349	0.978618	5.14062	5.12583
-1.41316	0.967776	5.13799	5.12649
-1.41546	0.966462	5.13766	5.12649
-1.41645	0.96449	5.14095	5.12682
-1.41546	0.956934	5.14653	5.12682
-1.41678	0.948392	5.14752	5.12583
-1.42433	0.942807	5.14719	5.12452
-1.41776	0.947406	5.1439	5.1232
-1.4194	0.947735	5.14259	5.12222
-1.4194	0.940507	5.13963	5.12222
-1.42203	0.93985	5.13865	5.12156
-1.42433	0.929008	5.13996	5.12288
-1.42893	0.914224	5.14226	5.12386
-1.42959	0.913238	5.14292	5.12452
-1.42532	0.916852	5.14127	5.12485
-1.42499	0.916195	5.14127	5.12583
-1.43025	0.911595	5.14292	5.12715
-1.43879	0.900096	5.1439	5.12846
-1.44404	0.897797	5.14555	5.1278
-1.43583	0.910281	5.14686	5.12419
-1.4355	0.915866	5.14653	5.12353
-1.42762	0.920137	5.14587	5.12518
-1.42367	0.924408	5.14522	5.1255
-1.43156	0.930322	5.14456	5.12616
-1.43452	0.935907	5.14522	5.12715
-1.42729	0.944778	5.14555	5.12452
-1.42696	0.943135	5.14456	5.1255
-1.43123	0.940507	5.14226	5.12616
-1.42827	0.934593	5.14325	5.12649
-1.42499	0.941164	5.14522	5.12682
-1.42893	0.935907	5.1439	5.12452
-1.43057	0.927694	5.14325	5.12353
-1.43485	0.933936	5.14292	5.12156
-1.43123	0.943135	5.14325	5.12058
-1.4355	0.946421	5.1439	5.11926
-1.43616	0.945764	5.14259	5.12255
-1.43353	0.945107	5.1416	5.12485
-1.43255	0.947078	5.14062	5.1255
-1.42696	0.951349	5.14259	5.12518
-1.4263	0.94872	5.14423	5.12419
-1.42236	0.95102	5.14423	5.12485
-1.4309	0.941164	5.14587	5.12518
-1.43846	0.929008	5.14522	5.12452
-1.4378	0.924737	5.14259	5.12288
-1.43715	0.915538	5.13996	5.12353
-1.43583	0.912252	5.14062	5.12255
-1.42893	0.918166	5.14226	5.12386
-1.43025	0.915209	5.14292	5.12682
-1.4286	0.916523	5.14489	5.1278
-1.4355	0.904367	5.14292	5.1278
-1.43386	0.90141	5.14127	5.1278
-1.43517	0.893854	5.14259	5.12846
-1.42992	0.902068	5.14522	5.1278
-1.42597	0.912252	5.14719	5.12616
-1.42433	0.910938	5.14653	5.12485
-1.41842	0.914224	5.14456	5.12715
-1.41842	0.91061	5.14259	5.12879
-1.41218	0.912909	5.14127	5.12846
-1.41053	0.916195	5.14259	5.12748
-1.42269	0.906339	5.14489	5.12682
-1.42532	0.909624	5.14489	5.12353
-1.4263	0.909624	5.14489	5.12222
-1.43156	0.911595	5.14587	5.12255
-1.43485	0.907981	5.14292	5.12353
-1.44602	0.895825	5.14259	5.12583
-1.44207	0.896811	5.14259	5.12813
-1.4401	0.90831	5.14259	5.12583
-1.44273	0.909624	5.14456	5.12452
-1.44897	0.902396	5.1439	5.12485
-1.44306	0.907324	5.14325	5.12813
-1.44437	0.909295	5.14325	5.12912
-1.4516	0.907324	5.1439	5.12813
-1.4493	0.912252	5.14423	5.12748
-1.45521	0.912909	5.14325	5.12682
-1.45587	0.908967	5.14325	5.1255
-1.46211	0.905024	5.14357	5.12386
-1.4631	0.894511	5.14193	5.12583
-1.4723	0.885969	5.14193	5.12748
-1.4723	0.896154	5.14292	5.12715
-1.48873	0.884326	5.14292	5.12616
-1.49103	0.869213	5.14259	5.1255
-1.49957	0.857714	5.14226	5.1255
-1.49727	0.866585	5.14193	5.12518
-1.49694	0.859357	5.14357	5.12616
-1.49037	0.870199	5.14489	5.12649
-1.48807	0.864614	5.14522	5.12682
-1.48708	0.863628	5.14522	5.12682
-1.47427	0.875456	5.14522	5.12583
-1.48478	0.865599	5.14489	5.12518
-1.48183	0.859357	5.1439	5.1232
-1.47723	0.867571	5.14292	5.12255
-1.47033	0.886626	5.14193	5.1232
-1.47033	0.881041	5.14193	5.1232
-1.47558	0.884655	5.14292	5.12222
-1.47887	0.88794	5.14292	5.1232
-1.48117	0.88564	5.1439	5.12419
-1.47756	0.89254	5.14489	5.12682
-1.47394	0.900425	5.14325	5.12715
-1.46737	0.911595	5.1416	5.12682
-1.46704	0.90141	5.14259	5.12616
-1.47263	0.888269	5.14423	5.12583
-1.46737	0.890897	5.1462	5.12419
-1.46606	0.890897	5.14423	5.12583
-1.4562	0.902725	5.14193	5.12682
-1.46343	0.896154	5.14193	5.12715
-1.45357	0.904696	5.1416	5.12682
-1.4562	0.894511	5.1439	5.12682
-1.46047	0.895825	5.14587	5.12748
-1.46606	0.895497	5.14653	5.12682
-1.45357	0.906339	5.1439	5.12715
-1.4585	0.90601	5.14226	5.12649
-1.46113	0.902396	5.14127	5.12682
-1.45916	0.899439	5.14127	5.12616
-1.46244	0.906667	5.14259	5.1255
-1.4562	0.911267	5.14357	5.12583
-1.45916	0.903382	5.14325	5.12353
-1.45456	0.903382	5.14226	5.12222
-1.44207	0.903382	5.14259	5.12386
-1.4424	0.901082	5.14226	5.12485
-1.43025	0.907981	5.14193	5.12518
-1.42762	0.902725	5.14193	5.12649
-1.43156	0.909624	5.14259	5.1255
-1.43222	0.911595	5.14325	5.12452
-1.42893	0.920794	5.14423	5.1255
-1.43419	0.912909	5.14489	5.12583
-1.43682	0.910281	5.14357	5.12518
-1.42926	0.923423	5.14357	5.1255
-1.42696	0.922109	5.14587	5.12649
-1.42762	0.921452	5.14686	5.12682
-1.42762	0.917509	5.14555	5.12682
-1.42565	0.90371	5.14522	5.12583
-1.42302	0.909624	5.14653	5.12583
-1.424	0.914224	5.14752	5.12616
-1.42926	0.921452	5.14719	5.1278
-1.43057	0.924737	5.14653	5.1278
-1.4309	0.928022	5.14522	5.12715
-1.43123	0.933936	5.1439	5.1255
-1.42466	0.92638	5.1439	5.12583
-1.41448	0.934265	5.14325	5.1278
-1.42105	0.92638	5.14193	5.12583
-1.42105	0.930651	5.14062	5.12616
-1.4148	0.943464	5.14259	5.12682
-1.40561	0.957591	5.14489	5.12649
-1.40363	0.962848	5.1462	5.12452
-1.40265	0.966133	5.14555	5.1232
-1.39903	0.959562	5.14653	5.12419
-1.40298	0.942478	5.14653	5.12649
-1.40429	0.947735	5.1462	5.12715
-1.40101	0.947078	5.14653	5.12682
-1.40462	0.945764	5.14489	5.1255
-1.40035	0.957591	5.14226	5.12518
-1.39871	0.963505	5.14193	5.12616
-1.39936	0.950363	5.1439	5.1278
-1.39969	0.948063	5.14489	5.12846
-1.40528	0.941821	5.14522	5.12879
-1.40922	0.94215	5.1439	5.1278
-1.40823	0.945764	5.14423	5.12616
-1.4102	0.939193	5.14357	5.12583
-1.41316	0.938207	5.14357	5.12748
-1.40429	0.943792	5.1439	5.12912
-1.40593	0.949378	5.1439	5.12813
-1.4079	0.947406	5.14357	5.12715
-1.40659	0.943464	5.14193	5.12583
-1.41513	0.932293	5.14193	5.12452
-1.42072	0.938536	5.14226	5.12715
-1.41218	0.942478	5.14423	5.12879
-1.40593	0.945435	5.14456	5.1278
-1.39805	0.943464	5.14357	5.12616
-1.40199	0.938207	5.14522	5.12583
-1.41612	0.929665	5.14522	5.12518
-1.42663	0.923094	5.1439	5.12616
-1.41513	0.928022	5.1439	5.12748
-1.41776	0.928022	5.14292	5.12715
-1.41316	0.933608	5.14292	5.12682
-1.42006	0.932293	5.14292	5.12583
-1.42532	0.929337	5.14325	5.12452
-1.42597	0.933936	5.14423	5.12386
-1.42663	0.928351	5.14522	5.12353
-1.43025	0.930979	5.1439	5.12485
-1.43682	0.930322	5.14325	5.12748
-1.4355	0.931636	5.14325	5.12748
-1.43189	0.939193	5.14522	5.12649
-1.42729	0.940178	5.14522	5.12485
-1.43485	0.942478	5.14489	5.1232
-1.43944	0.931636	5.14423	5.12419
-1.44602	0.92178	5.14357	5.12748
-1.45062	0.912252	5.14423	5.12846
-1.45456	0.912252	5.14292	5.12748
-1.45751	0.905024	5.14127	5.12518
-1.45423	0.908638	5.14127	5.12189
-1.46014	0.900425	5.14325	5.12123
-1.46179	0.896154	5.14522	5.12353
-1.46179	0.902725	5.14686	5.12485
-1.4608	0.907981	5.14555	5.12649
-1.45587	0.912909	5.14357	5.12649
-1.45259	0.926708	5.14423	5.12682
-1.45357	0.927694	5.14719	5.12485
-1.44897	0.922109	5.14686	5.12288
-1.44667	0.926708	5.14456	5.12386
-1.44667	0.930651	5.14259	5.12616
-1.44733	0.92638	5.14062	5.12748
-1.447	0.937222	5.14193	5.12715
-1.44174	0.940507	5.1439	5.12518
-1.43813	0.941164	5.14587	5.12386
-1.44076	0.943135	5.14522	5.12222
-1.43846	0.951677	5.1439	5.12222
-1.43485	0.955948	5.1439	5.12353
-1.43485	0.957263	5.14522	5.12386
-1.43386	0.961205	5.14653	5.12485
-1.4217	0.975989	5.14522	5.12452
-1.42269	0.977632	5.1439	5.1255
-1.42466	0.969419	5.14325	5.12813
-1.42696	0.974018	5.14292	5.12846
-1.42926	0.967447	5.14357	5.12748
-1.43123	0.968104	5.14456	5.12715
-1.42827	0.970733	5.14522	5.12649
-1.42795	0.969419	5.1462	5.12452
-1.43189	0.967119	5.1439	5.12386
-1.42597	0.972704	5.14193	5.12353
-1.42827	0.968104	5.14259	5.1255
-1.43156	0.963176	5.14357	5.1255
-1.41908	0.964162	5.14423	5.12583
-1.42302	0.962848	5.14489	5.12715
-1.42959	0.965148	5.14522	5.12715
-1.41678	0.972047	5.14423	5.12715
-1.41973	0.96909	5.1439	5.12682
-1.41185	0.976318	5.14259	5.12682
-1.40429	0.986174	5.14226	5.12452
-1.41119	0.988145	5.14226	5.12189
-1.40659	0.990117	5.14226	5.12156
-1.41086	0.987817	5.1416	5.12189
-1.40429	0.995045	5.1416	5.1232
-1.40133	1.00819	5.14456	5.12419
-1.40626	0.996359	5.14456	5.12452
-1.4148	0.990774	5.14423	5.12419
-1.40988	0.99603	5.14292	5.12452
-1.41875	0.985846	5.1416	5.1255
-1.42565	0.981903	5.14259	5.12518
-1.43222	0.976975	5.14357	5.12518
-1.42663	0.978618	5.1439	5.12649
-1.43123	0.975989	5.1439	5.12945
-1.43846	0.967776	5.14357	5.12846
-1.4401	0.963833	5.14127	5.12682
-1.4355	0.959234	5.14062	5.12715
-1.43222	0.963833	5.14193	5.12748
-1.43057	0.96449	5.14325	5.12649
-1.43057	0.968104	5.14292	5.1255
-1.42335	0.971061	5.14292	5.12616
-1.42105	0.970733	5.1439	5.12649
-1.41645	0.974347	5.14456	5.12583
-1.40758	0.981575	5.1462	5.12485
-1.40133	0.985517	5.14817	5.12485
-1.41086	0.975661	5.14653	5.12715
-1.41645	0.972375	5.1439	5.12977
-1.4125	0.970733	5.14357	5.13109
-1.41448	0.97369	5.14095	5.1301
-1.41612	0.962519	5.14029	5.1278
-1.40561	0.970733	5.14127	5.12485
-1.40396	0.972704	5.14292	5.12419
-1.39509	0.972047	5.14357	5.1255
-1.39476	0.975661	5.14357	5.12583
-1.39641	0.974018	5.1439	5.12682
-1.39378	0.978289	5.14357	5.1278
-1.38359	0.984203	5.14423	5.12879
-1.38754	0.980918	5.14686	5.12715
-1.38195	0.985517	5.14686	5.12452
-1.38096	0.978618	5.14456	5.12353
-1.37669	0.985517	5.14325	5.1255
-1.37045	0.985846	5.14357	5.1278
-1.37374	0.975661	5.14423	5.12912
-1.38064	0.969747	5.14423	5.12682
-1.37801	0.978946	5.14259	5.12452
-1.38392	0.970733	5.14292	5.12485
-1.38129	0.976975	5.14259	5.12715
-1.38096	0.987817	5.14193	5.12846
-1.37702	0.997673	5.14062	5.12813
-1.37374	1.00622	5.13996	5.12616
-1.37965	0.999316	5.14095	5.12452
-1.37538	1.00359	5.14325	5.12485
-1.37538	1.0049	5.14456	5.12682
-1.37768	0.995702	5.14456	5.12748
-1.38031	0.98946	5.14522	5.12846
-1.37866	0.994059	5.14489	5.12748
-1.38589	0.991102	5.14555	5.12682
-1.39673	0.980918	5.14587	5.1255
-1.40133	0.974347	5.14555	5.12452
-1.40528	0.975004	5.14423	5.1255
-1.40889	0.968762	5.14423	5.12583
-1.40758	0.968762	5.14423	5.12649
-1.41382	0.965805	5.14423	5.1255
-1.4171	0.962519	5.14357	5.12682
-1.42302	0.95102	5.14325	5.12715
-1.42795	0.949706	5.14259	5.12616
-1.43123	0.952006	5.14259	5.12419
-1.43025	0.95562	5.14226	5.12353
-1.42992	0.947078	5.1439	5.12452
-1.43025	0.949706	5.14357	5.1255
-1.44174	0.938864	5.14325	5.12616
-1.4516	0.929994	5.14292	5.12485
-1.44634	0.938207	5.14357	5.12386
-1.4447	0.947735	5.14193	5.12518
-1.45062	0.941821	5.14029	5.12682
-1.46441	0.929337	5.14029	5.12748
-1.45784	0.933936	5.14062	5.12649
-1.44667	0.947406	5.14095	5.1255
-1.44569	0.943135	5.14259	5.12353
-1.44832	0.938536	5.14489	5.12353
-1.45193	0.94215	5.14587	5.12485
-1.4493	0.946749	5.14325	5.12616
-1.44864	0.944778	5.14127	5.1255
-1.44273	0.952663	5.14029	5.1255
-1.43879	0.951677	5.1416	5.1255
-1.44503	0.94215	5.14127	5.1255
-1.4401	0.949049	5.14325	5.1255
-1.4378	0.944449	5.14489	5.12452
-1.4309	0.95102	5.14555	5.12485
-1.43025	0.956934	5.14555	5.12518
-1.43025	0.961534	5.14325	5.12485
-1.43419	0.957263	5.14357	5.12419
-1.4332	0.964819	5.14357	5.1255
-1.42499	0.975332	5.14587	5.12616
-1.41349	0.976647	5.14587	5.1255
-1.41218	0.985189	5.14325	5.1255
-1.41086	0.984532	5.14127	5.12616
-1.4148	0.979603	5.14193	5.12748
-1.41973	0.973033	5.14259	5.12748
-1.42236	0.96449	5.14292	5.12616
-1.41645	0.962191	5.14325	5.1255
-1.41678	0.962519	5.14325	5.1255
-1.41316	0.965805	5.14226	5.12616
-1.42203	0.956277	5.14259	5.12649
-1.42138	0.95562	5.14226	5.12715
-1.42039	0.955291	5.1416	5.12583
-1.41678	0.965805	5.14193	5.12255
-1.40922	0.975332	5.14127	5.12189
-1.41908	0.966462	5.14127	5.12386
-1.41382	0.96909	5.14259	5.12616
-1.41513	0.968433	5.14292	5.12682
-1.41908	0.967447	5.14226	5.12419
-1.41842	0.968104	5.14226	5.12386
-1.42138	0.962191	5.14292	5.12485
-1.41645	0.969419	5.14456	5.1255
-1.42236	0.959891	5.14357	5.12452
-1.42138	0.963505	5.14259	5.12485
-1.42039	0.970404	5.14325	5.12616
-1.42203	0.966133	5.1439	5.12715
-1.43255	0.963176	5.14489	5.12945
-1.44733	0.948392	5.14587	5.12912
-1.4585	0.929994	5.14522	5.12846
-1.46376	0.92408	5.1439	5.12813
-1.46146	0.929337	5.14423	5.1278
-1.45784	0.931308	5.14456	5.12912
-1.46737	0.925723	5.14456	5.12813
-1.46179	0.933279	5.1439	5.12485
-1.46014	0.941164	5.14357	5.12353
-1.47098	0.928351	5.14325	5.12386
-1.47197	0.922437	5.14226	5.12616
-1.46606	0.930651	5.14292	5.1278
-1.47033	0.922766	5.14423	5.12715
-1.46934	0.91718	5.14587	5.12583
-1.47066	0.912909	5.14752	5.1255
-1.46376	0.916523	5.14522	5.12518
-1.46146	0.922766	5.14522	5.12616
-1.45094	0.936236	5.14423	5.12682
-1.44832	0.944449	5.1439	5.12518
-1.44043	0.945435	5.14357	5.12353
-1.43846	0.949378	5.14522	5.12485
-1.43222	0.954963	5.14522	5.12616
-1.42072	0.960219	5.14292	5.12682
-1.41185	0.96679	5.14062	5.12682
-1.40528	0.973033	5.1416	5.12518
-1.38951	0.978289	5.14423	5.12518
-1.37538	0.993731	5.14522	5.1255
-1.36585	0.999316	5.14719	5.1232
-1.36684	0.997673	5.1485	5.12386
-1.36848	0.985517	5.14719	5.12419
-1.37538	0.982232	5.1439	5.12386
-1.37341	0.992745	5.14062	5.12419
-1.36979	0.998002	5.14095	5.12583
-1.36487	1.01443	5.14423	5.1278
-1.35764	1.01771	5.14686	5.12649
-1.35698	1.01311	5.14719	5.1232
-1.35008	1.021	5.14653	5.12255
-1.36158	1.00852	5.14555	5.12452
-1.37045	0.993731	5.1439	5.12682
-1.37571	0.98946	5.14292	5.12715
-1.37636	0.986831	5.14423	5.12518
-1.37604	0.977961	5.14489	5.12288
-1.38294	0.967776	5.14193	5.12156
-1.38294	0.967447	5.14095	5.12288
-1.38918	0.971061	5.14062	5.12583
-1.38359	0.974675	5.13996	5.12682
-1.38425	0.97369	5.13996	5.12682
-1.38458	0.974018	5.1416	5.12813
-1.39082	0.984203	5.14357	5.12715
-1.39903	0.973033	5.1439	5.12485
-1.39181	0.977961	5.14226	5.1232
-1.39673	0.970733	5.1393	5.12386
-1.39838	0.975661	5.13963	5.12748
-1.40462	0.967119	5.14193	5.12748
-1.40725	0.966133	5.14357	5.12452
-1.41513	0.962848	5.14259	5.12255
-1.41842	0.957263	5.14127	5.12288
-1.42466	0.957263	5.14095	5.12386
-1.42992	0.955291	5.14193	5.12649
-1.42499	0.954963	5.14357	5.12715
-1.41842	0.966133	5.14489	5.1255
-1.42302	0.971718	5.14489	5.12485
-1.42433	0.964819	5.14489	5.12452
-1.424	0.964819	5.14325	5.12353
-1.41809	0.97139	5.1439	5.12353
-1.41316	0.978946	5.14357	5.12419
-1.40331	0.981575	5.14325	5.12518
-1.39903	0.983546	5.14259	5.1255
-1.39838	0.988803	5.14193	5.12386
-1.39871	0.991102	5.1416	5.12222
-1.39378	0.992417	5.14259	5.12452
-1.38589	0.993731	5.14193	5.12583
-1.38359	0.990445	5.14127	5.1255
-1.38589	0.992417	5.14095	5.12715
-1.38129	0.99603	5.14062	5.12616
-1.38031	0.997345	5.14193	5.12616
-1.38392	0.999973	5.1439	5.12616
-1.37571	0.999316	5.1439	5.12452
-1.36848	1.0026	5.1439	5.1255
-1.36059	0.998659	5.14456	5.12616
-1.35928	1.00096	5.14522	5.1255
-1.36651	0.998659	5.14522	5.12518
-1.36914	0.994716	5.14555	5.12583
-1.35304	0.997673	5.1439	5.12616
-1.34121	1.00753	5.14292	5.1255
-1.3422	0.995702	5.14357	5.12583
-1.3468	0.98716	5.14292	5.12649
-1.33891	0.989131	5.14226	5.1278
-1.33267	0.987817	5.14127	5.12945
-1.33135	0.989788	5.14357	5.12846
-1.33037	0.990445	5.14555	5.12748
-1.32643	0.982889	5.1462	5.12649
-1.31624	0.98946	5.1462	5.12583
-1.32018	0.990117	5.14653	5.12682
-1.32413	0.986503	5.14686	5.1278
-1.3261	0.986503	5.14686	5.12715
-1.33037	0.989131	5.1462	5.12715
-1.33825	0.983546	5.14325	5.12616
-1.35435	0.98486	5.1416	5.1255
-1.35238	0.977632	5.14127	5.12682
-1.35764	0.972704	5.1416	5.12715
-1.37275	0.959234	5.14325	5.1278
-1.38064	0.956605	5.14489	5.12715
-1.37735	0.965805	5.1439	5.12748
-1.38162	0.959891	5.1416	5.12912
-1.38425	0.954963	5.13897	5.12879
-1.38228	0.955291	5.13733	5.12649
-1.39148	0.951677	5.13897	5.12583
-1.39936	0.949706	5.14226	5.12682
-1.39181	0.954306	5.14456	5.12715
-1.39049	0.96449	5.14555	5.12452
-1.38556	0.963505	5.14555	5.12485
-1.38951	0.96449	5.14292	5.12485
-1.39148	0.948063	5.13996	5.12386
-1.39312	0.943464	5.14029	5.12353
-1.40199	0.93755	5.14325	5.12386
-1.40659	0.928022	5.14423	5.12222
-1.41152	0.936236	5.14357	5.12353
-1.41513	0.927037	5.1416	5.12518
-1.41645	0.928679	5.13897	5.12616
-1.42565	0.919809	5.1393	5.12583
-1.42039	0.921123	5.1416	5.12386
-1.43025	0.902068	5.14357	5.12419
-1.43353	0.901082	5.14423	5.12419
-1.44273	0.902725	5.14325	5.12353
-1.44339	0.897468	5.14193	5.12386
-1.44634	0.892868	5.14292	5.12485
-1.45226	0.891883	5.14325	5.12616
-1.44897	0.883341	5.14292	5.12616
-1.44602	0.881698	5.14226	5.12518
-1.44963	0.872827	5.14226	5.12485
-1.45324	0.866914	5.1439	5.12649
-1.45817	0.864942	5.14489	5.12879
-1.46343	0.865599	5.14423	5.12879
-1.46343	0.858372	5.1439	5.12945
-1.45653	0.859357	5.14522	5.12945
-1.45291	0.857057	5.14587	5.12649
-1.45094	0.847201	5.14522	5.12518
-1.44667	0.841287	5.14226	5.1255
-1.44503	0.848515	5.14029	5.12518
-1.45357	0.843259	5.1416	5.12518
-1.45029	0.84293	5.14522	5.12649
-1.44273	0.858372	5.14653	5.1255
-1.44569	0.864285	5.14587	5.12419
-1.44864	0.857386	5.14587	5.12485
-1.43747	0.8587	5.14357	5.12518
-1.44273	0.860014	5.14095	5.12616
-1.43944	0.867242	5.13897	5.12583
-1.44174	0.868556	5.14095	5.12649
-1.44832	0.874142	5.14423	5.12748
-1.45686	0.857057	5.14325	5.12748
-1.46179	0.860343	5.14226	5.12616
-1.4585	0.873156	5.14127	5.12583
-1.44963	0.884983	5.14062	5.12616
-1.45127	0.884983	5.14127	5.12616
-1.44766	0.881698	5.14325	5.12682
-1.45554	0.865928	5.14456	5.12583
-1.46244	0.863957	5.14325	5.1255
-1.46901	0.859029	5.14062	5.12583
-1.46934	0.856072	5.13996	5.12682
-1.47427	0.837345	5.13996	5.12715
-1.47821	0.833731	5.14127	5.12682
-1.4815	0.843587	5.1439	5.12846
-1.48577	0.839316	5.14522	5.1255
-1.48643	0.840302	5.14555	5.12485
-1.49234	0.84293	5.14357	5.12583
-1.50022	0.834717	5.14259	5.12682
-1.50252	0.826832	5.14259	5.12649
-1.50154	0.822561	5.14357	5.12616
-1.50384	0.82716	5.14489	5.12649
-1.50252	0.822561	5.14522	5.12715
-1.51205	0.817961	5.1439	5.12616
-1.51402	0.819932	5.14193	5.1255
-1.51271	0.817632	5.14259	5.12583
-1.5045	0.816975	5.14325	5.12649
-1.49431	0.825189	5.14325	5.12682
-1.49168	0.829788	5.14456	5.12682
-1.48314	0.839973	5.14522	5.12485
-1.47361	0.844573	5.14357	5.12452
-1.46047	0.855743	5.14127	5.12518
-1.45489	0.861657	5.14029	5.12813
-1.45193	0.86987	5.14127	5.12846
-1.447	0.876113	5.14259	5.12518
-1.43813	0.882684	5.14226	5.12189
-1.42532	0.887612	5.14259	5.12189
-1.41842	0.895825	5.14193	5.12222
-1.42597	0.905024	5.14292	5.12189
-1.43025	0.909624	5.14456	5.1232
-1.43452	0.914552	5.14489	5.1232
-1.43156	0.926051	5.14456	5.1232
-1.42269	0.939193	5.14456	5.12452
-1.41349	0.938864	5.14587	5.12583
-1.4102	0.932622	5.1462	5.1255
-1.40561	0.928022	5.14587	5.12386
-1.40593	0.929665	5.14489	5.12386
-1.40725	0.91948	5.14522	5.12583
-1.40265	0.925723	5.1439	5.12682
-1.39641	0.927365	5.1439	5.1255
-1.38786	0.918823	5.14292	5.12518
-1.37374	0.920137	5.14259	5.12452
-1.36947	0.922766	5.14292	5.12419
-1.35731	0.934922	5.14226	5.12386
-1.36651	0.912581	5.14226	5.12452
-1.35337	0.931965	5.14226	5.12649
-1.35961	0.911924	5.1439	5.12682
-1.35994	0.922109	5.14489	5.12715
-1.35698	0.929665	5.1439	5.1278
-1.36027	0.934922	5.14357	5.12879
-1.35567	0.932293	5.14423	5.12879
-1.36519	0.923751	5.14489	5.12846
-1.37242	0.916195	5.14456	5.12748
-1.37932	0.925723	5.14522	5.12649
-1.39312	0.923423	5.1462	5.1255
-1.39772	0.92178	5.14522	5.12419
-1.39838	0.919152	5.14357	5.12518
-1.4125	0.911267	5.1439	5.12649
-1.41776	0.902068	5.14555	5.1278
-1.41973	0.91061	5.14752	5.12945
-1.42367	0.918166	5.14752	5.12879
-1.42335	0.928679	5.1462	5.12846
-1.42466	0.930322	5.14555	5.12813
-1.42532	0.921123	5.1462	5.12715
-1.4286	0.922766	5.14653	5.12616
-1.42926	0.940178	5.1462	5.1255
-1.43846	0.935907	5.14653	5.12419
-1.44273	0.938536	5.14719	5.12649
-1.43977	0.938536	5.14587	5.1278
-1.45324	0.922437	5.1439	5.12583
-1.45554	0.922437	5.14259	5.12386
-1.45456	0.920466	5.14193	5.12419
-1.44536	0.916523	5.1439	5.12616
-1.44503	0.921452	5.14522	5.1278
-1.44503	0.920794	5.14456	5.1255
-1.4378	0.915866	5.14259	5.1232
-1.43583	0.914881	5.1416	5.12419
-1.43517	0.914224	5.14095	5.12616
-1.4286	0.915538	5.14127	5.12715
-1.4309	0.916195	5.14292	5.12715
-1.42959	0.914881	5.14555	5.12485
-1.43715	0.905353	5.14522	5.12452
-1.43386	0.90601	5.14456	5.1255
-1.43485	0.896482	5.14489	5.12583
-1.43386	0.894511	5.14489	5.12649
-1.42959	0.893197	5.14423	5.12485
-1.42433	0.889254	5.14489	5.12255
-1.42236	0.885312	5.14423	5.12156
-1.41908	0.893525	5.14226	5.12288
-1.42532	0.889583	5.14127	5.12485
-1.42039	0.896482	5.1416	5.12715
-1.4194	0.898782	5.14193	5.1278
-1.42138	0.89254	5.14127	5.12715
-1.42926	0.893197	5.14226	5.12616
-1.42105	0.896154	5.14357	5.1255
-1.41875	0.897139	5.14423	5.12353
-1.41645	0.890569	5.14325	5.12288
-1.41316	0.893525	5.1439	5.12616
-1.42597	0.896482	5.14423	5.12682
-1.42302	0.902725	5.1439	5.12715
-1.43025	0.894511	5.14357	5.12583
-1.42827	0.890897	5.14325	5.12485
-1.42729	0.895825	5.14522	5.12518
-1.43123	0.907324	5.1462	5.1255
-1.4286	0.912252	5.14423	5.12452
-1.42926	0.90601	5.14193	5.12419
-1.42302	0.917509	5.14193	5.12452
-1.40856	0.923751	5.14423	5.12485
-1.40692	0.932622	5.14555	5.12485
-1.40889	0.936564	5.14522	5.12485
-1.41185	0.944121	5.14456	5.12583
-1.40758	0.953977	5.14292	5.1255
-1.41316	0.954306	5.14062	5.12485
-1.4125	0.959562	5.13766	5.12452
-1.41612	0.957263	5.13832	5.12616
-1.42302	0.943464	5.14095	5.12682
-1.42597	0.94215	5.14193	5.12649
-1.43057	0.934922	5.14259	5.12879
-1.43287	0.934265	5.14325	5.12813
-1.43287	0.932622	5.14325	5.12715
-1.42105	0.949706	5.14456	5.12583
-1.41579	0.950692	5.14423	5.12682
-1.40823	0.95792	5.14292	5.12715
-1.41053	0.954306	5.14357	5.12748
-1.41645	0.94872	5.14423	5.12748
-1.424	0.944778	5.14456	5.12813
-1.43156	0.946092	5.14423	5.1278
-1.42795	0.944449	5.14423	5.12485
-1.42827	0.952334	5.14522	5.12353
-1.43057	0.958577	5.14489	5.12419
-1.43156	0.950363	5.14325	5.12485
-1.43156	0.95102	5.14193	5.12813
-1.43287	0.940835	5.14259	5.12748
-1.42696	0.950363	5.14423	5.1255
-1.42959	0.93985	5.14423	5.1255
-1.4263	0.948063	5.1439	5.12583
-1.4148	0.961534	5.14259	5.12485
-1.40659	0.969747	5.14226	5.12386
-1.40626	0.961205	5.14423	5.12288
-1.40692	0.959234	5.14555	5.12189
-1.40298	0.959234	5.14653	5.12452
-1.39509	0.962519	5.14587	5.12583
-1.39575	0.964819	5.14423	5.12682
-1.39641	0.965148	5.14292	5.12748
-1.39082	0.968104	5.14292	5.12813
-1.38589	0.968762	5.14489	5.12813
-1.39936	0.961862	5.14653	5.12879
-1.38918	0.974347	5.14587	5.12879
-1.39082	0.977304	5.14489	5.12715
-1.39213	0.975989	5.14489	5.12518
-1.39706	0.97139	5.14456	5.12583
-1.39476	0.969419	5.14456	5.12715
-1.39115	0.975989	5.1439	5.12977
-1.38326	0.980589	5.14292	5.12846
-1.37669	0.996359	5.14456	5.12846
-1.36651	0.998987	5.14456	5.12682
-1.35665	1.02067	5.1439	5.12485
-1.36027	1.01147	5.14259	5.12485
-1.36355	1.00917	5.14423	5.12518
-1.36322	1.00326	5.14292	5.12583
-1.36881	0.995702	5.14127	5.12452
-1.36027	0.99833	5.14193	5.12485
-1.35961	0.997345	5.14292	5.12452
-1.36388	0.994716	5.14423	5.12485
-1.37308	0.988145	5.14357	5.12616
-1.37209	0.987488	5.14292	5.12748
-1.37899	0.987488	5.14456	5.12879
-1.37144	0.989131	5.14522	5.12813
-1.37604	0.993731	5.14653	5.12649
-1.37702	0.995373	5.14653	5.12715
-1.37998	1.00293	5.14456	5.12813
-1.37209	1.01541	5.14292	5.12715
-1.37735	1.00884	5.14029	5.12485
-1.38885	0.999644	5.1393	5.12583
-1.38688	1.0003	5.14127	5.1255
-1.38951	0.991431	5.14292	5.12583
-1.39246	0.991102	5.14357	5.12616
-1.39082	0.993074	5.1439	5.12649
-1.39411	0.986174	5.1439	5.12485
-1.39903	0.986174	5.1416	5.12649
-1.39246	0.989788	5.14095	5.12616
-1.40035	0.975004	5.14226	5.12583
-1.40758	0.961205	5.1439	5.12682
-1.41152	0.961862	5.14653	5.12583
-1.40396	0.970733	5.14686	5.12616
-1.41218	0.967119	5.14555	5.12748
-1.4102	0.970733	5.14522	5.12649
-1.41743	0.965476	5.1462	5.12583
-1.41645	0.966133	5.14522	5.12583
-1.42105	0.968762	5.14357	5.12419
-1.42729	0.954634	5.14259	5.12518
-1.43616	0.948063	5.1416	5.12616
-1.43813	0.943464	5.14127	5.12682
-1.44076	0.952006	5.14095	5.12813
-1.43353	0.950363	5.14095	5.1278
-1.43386	0.941821	5.14259	5.12649
-1.43025	0.940178	5.14325	5.1255
-1.42762	0.93985	5.14226	5.1255
-1.41645	0.947735	5.14062	5.1255
-1.42597	0.93525	5.14029	5.12583
-1.43255	0.927694	5.14095	5.12649
-1.42762	0.930651	5.14357	5.12452
-1.43682	0.93525	5.14555	5.12288
-1.44043	0.928351	5.14522	5.12156
-1.43222	0.926051	5.14325	5.1209
-1.4378	0.920466	5.14259	5.12353
-1.4355	0.922766	5.14193	5.1255
-1.43944	0.915538	5.1416	5.12616
-1.4355	0.911924	5.14226	5.12682
-1.4309	0.906667	5.14226	5.12583
-1.43583	0.903053	5.14062	5.12485
-1.4355	0.908967	5.14062	5.12649
-1.43747	0.902068	5.14226	5.12616
-1.43813	0.896154	5.14423	5.12583
-1.44142	0.898782	5.1439	5.12616
-1.44109	0.899111	5.14423	5.12616
-1.44109	0.90141	5.14292	5.12485
-1.45226	0.894511	5.14259	5.12419
-1.45817	0.893854	5.14193	5.12485
-1.45226	0.900753	5.14029	5.12649
-1.44733	0.908967	5.13897	5.12748
-1.44142	0.918823	5.1416	5.12813
-1.44404	0.924737	5.14456	5.12813
-1.44503	0.928022	5.14785	5.12748
-1.44503	0.935907	5.14653	5.12485
-1.45423	0.924737	5.14357	5.12485
-1.45193	0.927694	5.14357	5.1255
-1.45521	0.921452	5.14292	5.12583
-1.44832	0.927365	5.14292	5.1255
-1.44832	0.930979	5.14325	5.12583
-1.45226	0.922109	5.14259	5.12518
-1.44963	0.929337	5.14259	5.12452
-1.44897	0.925394	5.14127	5.12485
-1.45784	0.90831	5.14193	5.12518
-1.45719	0.911267	5.14325	5.12715
-1.46343	0.913238	5.14357	5.1278
-1.47296	0.891883	5.1439	5.1255
-1.47788	0.890897	5.14522	5.1255
-1.48281	0.884655	5.14456	5.1255
-1.48018	0.886298	5.14193	5.12715
-1.48708	0.879727	5.1416	5.12912
-1.48183	0.871513	5.14325	5.12846
-1.48347	0.870856	5.14489	5.12748
-1.48445	0.853772	5.1462	5.12616
-1.48314	0.843587	5.14456	5.12419
-1.48281	0.838002	5.14193	5.12452
-1.48183	0.841944	5.14127	5.12748
-1.48413	0.842273	5.14259	5.12879
-1.48905	0.829788	5.14522	5.1301
-1.49431	0.82716	5.14785	5.1301
-1.49891	0.823546	5.14916	5.12912
-1.50285	0.810076	5.14916	5.1278
-1.49957	0.806462	5.14522	5.12879
-1.50252	0.805476	5.14193	5.12813
-1.50844	0.807119	5.14062	5.12846
-1.51172	0.805476	5.1416	5.12813
-1.51205	0.788721	5.14292	5.12879
-1.51698	0.789378	5.1439	5.12682
-1.51501	0.794306	5.14292	5.12583
-1.51895	0.800548	5.1416	5.12452
-1.51764	0.80022	5.14095	5.12452
-1.52421	0.790363	5.14193	5.12485
-1.52191	0.805805	5.14423	5.1255
-1.51961	0.816318	5.14456	5.12485
-1.51632	0.811719	5.14259	5.12485
-1.51337	0.812704	5.14259	5.12452
-1.51435	0.815661	5.14127	5.12616
-1.50975	0.819932	5.13996	5.1255
-1.51567	0.80909	5.1393	5.12518
-1.51501	0.807448	5.14127	5.12485
-1.51862	0.813033	5.14456	5.12288
-1.52749	0.806462	5.14817	5.12255
-1.52585	0.810404	5.14916	5.12452
-1.51205	0.822232	5.1462	5.1255
-1.51271	0.820261	5.14325	5.1255
-1.51205	0.822889	5.14193	5.12485
-1.51468	0.815333	5.14357	5.12583
-1.51567	0.816318	5.14456	5.12649
-1.51665	0.815661	5.14357	5.12616
-1.51567	0.816318	5.14226	5.12485
-1.5114	0.825846	5.1416	5.12616
-1.5114	0.816647	5.14127	5.1278
-1.50614	0.815333	5.14029	5.1278
-1.50745	0.807119	5.14095	5.12748
-1.51041	0.801862	5.1416	5.12649
-1.50647	0.802191	5.14226	5.1255
-1.50581	0.805805	5.1439	5.12583
-1.51041	0.805148	5.14456	5.12715
-1.51304	0.801205	5.1439	5.12912
-1.51238	0.813033	5.14489	5.13043
-1.51304	0.808433	5.14489	5.12977
-1.50844	0.801862	5.14456	5.12715
-1.4976	0.811062	5.14357	5.12682
-1.49793	0.809747	5.1416	5.12649
-1.48938	0.807119	5.1393	5.12682
-1.4861	0.806462	5.14062	5.1278
-1.49004	0.799234	5.1416	5.12846
-1.48413	0.806462	5.14489	5.12715
-1.49135	0.801534	5.14686	5.12485
-1.49103	0.807119	5.14555	5.12288
-1.47098	0.830774	5.14423	5.12353
-1.46277	0.844573	5.14325	5.12715
-1.46343	0.852129	5.14325	5.12879
-1.46441	0.846544	5.14357	5.12748
-1.46343	0.846544	5.14587	5.12616
-1.45489	0.8587	5.14489	5.12518
-1.46113	0.854758	5.1439	5.12419
-1.45883	0.865271	5.1439	5.12583
-1.45719	0.873484	5.14325	5.12748
-1.46474	0.869213	5.14193	5.12715
-1.46573	0.875784	5.13996	5.12748
-1.46507	0.876113	5.13865	5.1255
-1.46474	0.875784	5.14095	5.12452
-1.4539	0.892868	5.14325	5.12682
-1.45259	0.886298	5.14357	5.12912
-1.45719	0.888269	5.14292	5.12846
-1.4562	0.891226	5.14193	5.12518
-1.44832	0.896154	5.14292	5.1232
-1.45127	0.884326	5.14325	5.1232
-1.45127	0.880055	5.14357	5.12288
-1.44766	0.885312	5.14423	5.12452
-1.45521	0.87907	5.14292	5.12616
-1.45751	0.876113	5.14226	5.12616
-1.46146	0.873484	5.1439	5.12353
-1.45916	0.891226	5.1462	5.12189
-1.4585	0.886626	5.14719	5.12386
-1.4631	0.884326	5.14555	5.12748
-1.47033	0.877427	5.14259	5.1301
-1.47558	0.872827	5.14095	5.13076
-1.47526	0.878741	5.14127	5.12977
-1.48511	0.877098	5.14325	5.12682
-1.48708	0.878084	5.14522	5.12452
-1.49201	0.86987	5.14489	5.12419
-1.48807	0.876113	5.14489	5.12452
-1.48084	0.878741	5.14423	5.12583
-1.47821	0.883998	5.1439	5.12616
-1.47756	0.88794	5.14357	5.12649
-1.47526	0.88794	5.1439	5.12682
-1.47394	0.894183	5.14423	5.12682
-1.47723	0.891226	5.14522	5.12682
-1.47953	0.893525	5.14522	5.12583
-1.48774	0.885969	5.14226	5.1255
-1.4815	0.895825	5.13996	5.12649
-1.4838	0.89024	5.14029	5.12715
-1.48741	0.885969	5.14259	5.12518
-1.48018	0.884655	5.14555	5.12156
-1.46737	0.893197	5.14719	5.12058
-1.47197	0.882684	5.14653	5.1209
-1.46146	0.89254	5.1439	5.1232
-1.45324	0.895168	5.14292	5.12583
-1.4585	0.893525	5.14292	5.12682
-1.46277	0.89254	5.14259	5.12583
-1.47	0.889912	5.14357	5.12485
-1.47263	0.877755	5.14292	5.1255
-1.47131	0.891883	5.14095	5.12518
-1.46211	0.899768	5.13996	5.12485
-1.46737	0.89024	5.14226	5.12353
-1.46573	0.890897	5.14456	5.12386
-1.4608	0.893197	5.14555	5.12518
-1.46113	0.89254	5.14357	5.12518
-1.47	0.877098	5.14325	5.12452
-1.47558	0.868885	5.1439	5.12452
-1.48084	0.861986	5.14456	5.12583
-1.48478	0.855743	5.14456	5.12616
-1.49168	0.843587	5.14522	5.12485
-1.49201	0.84293	5.14292	5.12485
-1.49563	0.832088	5.14226	5.12583
-1.4953	0.834717	5.14325	5.1278
-1.49793	0.835045	5.14489	5.12977
-1.49694	0.839973	5.14423	5.13043
-1.49628	0.839973	5.14259	5.12912
-1.49957	0.834388	5.14193	5.12748
-1.50548	0.829788	5.14357	5.12583
-1.51107	0.819932	5.14489	5.12353
-1.51304	0.827817	5.14292	5.12583
-1.51041	0.832417	5.14127	5.1278
-1.50515	0.829788	5.14127	5.12748
-1.50515	0.825189	5.14259	5.12518
-1.51632	0.816975	5.14456	5.12386
-1.51797	0.810404	5.14587	5.1232
-1.51599	0.80909	5.1462	5.12518
-1.51961	0.809419	5.14555	5.12715
-1.52519	0.806791	5.1416	5.12682
-1.52881	0.801534	5.14029	5.12649
-1.52125	0.807776	5.1416	5.12682
-1.52125	0.810404	5.14292	5.12583
-1.51862	0.81599	5.14292	5.12452
-1.51567	0.808105	5.14193	5.12649
-1.5068	0.830117	5.14029	5.12649
-1.51435	0.825517	5.14062	5.12682
-1.5091	0.822889	5.14193	5.12813
-1.49825	0.827489	5.1439	5.12748
-1.4976	0.823875	5.14489	5.12715
-1.49694	0.828474	5.14489	5.12583
-1.49858	0.832088	5.14489	5.12518
-1.50121	0.826174	5.14292	5.12649
-1.49727	0.838002	5.14226	5.12682
-1.49497	0.843916	5.14325	5.12715
-1.48413	0.856072	5.14423	5.12682
-1.48807	0.854758	5.1439	5.12616
-1.48741	0.852786	5.14522	5.1255
-1.48084	0.8564	5.14522	5.1278
-1.47098	0.865928	5.14423	5.12813
-1.47394	0.863628	5.14423	5.12813
-1.47427	0.8633	5.14587	5.12715
-1.46606	0.867571	5.14423	5.12518
-1.46507	0.864285	5.14357	5.12419
-1.46934	0.855415	5.14259	5.12485
-1.46376	0.869213	5.14095	5.1255
-1.45916	0.876441	5.14029	5.12748
-1.45817	0.870856	5.14029	5.1278
-1.45094	0.870199	5.14259	5.12682
-1.45193	0.870856	5.1439	5.12452
-1.4447	0.886298	5.14423	5.1255
-1.44372	0.892211	5.14357	5.12583
-1.44667	0.889254	5.14226	5.12419
-1.46014	0.891226	5.14095	5.12485
-1.4608	0.904367	5.14193	5.12485
-1.45357	0.91061	5.14259	5.12518
-1.46244	0.903382	5.14226	5.12518
-1.46836	0.90371	5.14357	5.12485
-1.47296	0.900753	5.1439	5.12485
-1.47131	0.905024	5.14456	5.12518
-1.46901	0.910281	5.14423	5.12419
-1.46737	0.909624	5.14259	5.12419
-1.4608	0.913895	5.14423	5.12616
-1.4562	0.914881	5.14423	5.12813
-1.45916	0.913567	5.14423	5.1278
-1.46409	0.904039	5.1439	5.12748
-1.46113	0.914881	5.14292	5.1278
-1.46047	0.923423	5.14292	5.12715
-1.46047	0.919152	5.14193	5.12748
-1.46146	0.917509	5.1439	5.12813
-1.45883	0.917509	5.14587	5.12846
-1.45554	0.92638	5.14587	5.12748
-1.45357	0.922437	5.14423	5.12518
-1.45751	0.927037	5.14127	5.12353
-1.45686	0.926708	5.13996	5.12452
-1.45521	0.93525	5.14029	5.12583
-1.46047	0.935907	5.14226	5.12616
-1.46113	0.933936	5.14357	5.12419
-1.45719	0.942807	5.1439	5.12353
-1.45784	0.948063	5.14292	5.12583
-1.46343	0.94872	5.14062	5.12879
-1.46047	0.95792	5.14193	5.1278
-1.45751	0.949049	5.14522	5.12583
-1.45751	0.941821	5.1485	5.12748
-1.44864	0.948392	5.15014	5.12748
-1.44043	0.954634	5.14752	5.12682
-1.4355	0.95562	5.14259	5.12649
-1.4378	0.950692	5.13963	5.12715
-1.4263	0.961534	5.14226	5.12912
-1.42302	0.967447	5.14456	5.12912
-1.42532	0.964819	5.14456	5.12583
-1.42367	0.962191	5.1439	5.1232
-1.42499	0.962191	5.14357	5.12222
-1.42795	0.955291	5.14489	5.12353
-1.4194	0.95562	5.14325	5.12682
-1.41086	0.959562	5.14259	5.12682
-1.40133	0.958905	5.1439	5.12715
-1.39476	0.956277	5.14587	5.12813
-1.38425	0.965805	5.14719	5.12846
-1.39279	0.958577	5.14719	5.12977
-1.39345	0.956934	5.14555	5.13076
-1.38491	0.964162	5.1439	5.13076
-1.37538	0.96679	5.14259	5.12813
-1.38228	0.963176	5.14226	5.12616
-1.38491	0.96679	5.14489	5.12485
-1.38688	0.976318	5.14587	5.12419
-1.38556	0.986174	5.14522	5.12419
-1.38885	0.982889	5.1416	5.12452
-1.39509	0.967447	5.13799	5.12616
-1.40166	0.973361	5.13799	5.1278
-1.40298	0.972375	5.14127	5.12616
-1.40889	0.970076	5.14325	5.12485
-1.4102	0.977304	5.14292	5.12288
-1.41119	0.97139	5.14259	5.12222
-1.41875	0.960219	5.14095	5.12353
-1.42367	0.954634	5.1416	5.12715
-1.42466	0.954634	5.14193	5.12912
-1.42926	0.954306	5.14193	5.12945
-1.43715	0.952663	5.1416	5.12977
-1.44799	0.943792	5.14292	5.12715
-1.45193	0.940178	5.14259	5.1255
-1.45587	0.939193	5.14357	5.12452
-1.4516	0.941164	5.14325	5.12583
-1.45719	0.924408	5.14292	5.12682
-1.46868	0.916852	5.14357	5.12485
-1.47098	0.913567	5.14522	5.12419
-1.46901	0.917509	5.14686	5.12485
-1.4608	0.932622	5.14587	5.12715
-1.47131	0.92638	5.14325	5.12813
-1.47263	0.926708	5.1416	5.12748
-1.4723	0.927694	5.14193	5.1278
-1.4723	0.933936	5.14226	5.12452
-1.46836	0.925065	5.14292	5.12419
-1.46474	0.926051	5.14226	5.1255
-1.46836	0.917509	5.1416	5.12682
-1.46803	0.912252	5.1416	5.12682
-1.46901	0.918495	5.1416	5.12682
-1.47164	0.917509	5.1416	5.12583
-1.46901	0.921452	5.14226	5.12485
-1.46441	0.930651	5.1439	5.12386
-1.45456	0.936893	5.14259	5.12419
-1.4493	0.945435	5.13996	5.12518
-1.44799	0.945107	5.13897	5.12485
-1.44109	0.947078	5.1416	5.12452
-1.44437	0.940178	5.14423	5.12649
-1.44897	0.93755	5.14423	5.12583
-1.44733	0.931965	5.14357	5.1255
-1.44109	0.933608	5.1439	5.12518
-1.42795	0.939193	5.14292	5.1255
-1.42795	0.937879	5.14062	5.12879
-1.42269	0.937222	5.14062	5.1301
-1.42663	0.939521	5.14259	5.12748
-1.4263	0.942478	5.14423	5.12682
-1.41678	0.943135	5.1439	5.12682
-1.41809	0.943135	5.14357	5.1255
-1.40265	0.95332	5.14357	5.12715
-1.40856	0.952006	5.14226	5.1255
-1.4125	0.952006	5.14226	5.12386
-1.40922	0.94215	5.14029	5.12353
-1.40889	0.943135	5.13865	5.12485
-1.40298	0.940178	5.14127	5.12583
-1.39871	0.947406	5.1439	5.1255
-1.38885	0.962191	5.14423	5.12583
-1.38392	0.96449	5.14456	5.12748
-1.39443	0.960219	5.1439	5.12912
-1.39509	0.955291	5.14456	5.12879
-1.39936	0.955291	5.14555	5.12649
-1.40199	0.950035	5.14423	5.12748
-1.40889	0.943792	5.14226	5.12879
-1.41842	0.939193	5.13996	5.1278
-1.43189	0.915866	5.13865	5.12715
-1.42466	0.92638	5.14029	5.12583
-1.43715	0.914881	5.14193	5.1255
-1.44174	0.90831	5.14357	5.1255
-1.46047	0.905024	5.14292	5.12583
-1.46441	0.900753	5.1416	5.1255
-1.47131	0.891883	5.14292	5.12649
-1.48018	0.881041	5.14522	5.12715
-1.48117	0.884983	5.14555	5.1278
-1.4884	0.882027	5.14357	5.12715
-1.48511	0.880384	5.14292	5.1255
-1.48938	0.873156	5.14259	5.12452
-1.49727	0.859357	5.14259	5.12583
-1.50581	0.852786	5.14226	5.1255
-1.50712	0.847201	5.14226	5.12682
-1.51337	0.846873	5.14456	5.12748
-1.52322	0.834059	5.14555	5.12616
-1.52421	0.835374	5.1462	5.12518
-1.52257	0.834388	5.1462	5.12682
-1.51501	0.848187	5.1439	5.12748
-1.51632	0.856072	5.14062	5.12912
-1.51961	0.851144	5.14029	5.12879
-1.51468	0.859029	5.14127	5.12715
-1.5137	0.849172	5.14095	5.1255
-1.50942	0.854758	5.14029	5.1255
-1.50055	0.857714	5.14193	5.12419
-1.493	0.871185	5.1439	5.12386
-1.48281	0.881369	5.14325	5.12452
-1.48281	0.881698	5.14292	5.12518
-1.48675	0.871513	5.14325	5.12419
-1.48248	0.870528	5.14489	5.12386
-1.47821	0.877755	5.14522	5.12288
-1.47394	0.883669	5.1439	5.12353
-1.47493	0.87677	5.1416	5.12583
-1.46934	0.873156	5.14062	5.12748
-1.46441	0.873813	5.14456	5.12813
-1.46047	0.876441	5.14653	5.12748
-1.45456	0.877755	5.14456	5.12715
-1.45226	0.882355	5.14292	5.12813
-1.45291	0.877755	5.14292	5.1278
-1.45883	0.883998	5.14423	5.12682
-1.45883	0.89024	5.14456	5.12682
-1.45554	0.890897	5.1462	5.12813
-1.45291	0.899439	5.14587	5.12748
-1.4539	0.889254	5.14587	5.12715
-1.45554	0.891226	5.14719	5.12386
-1.45193	0.906339	5.14719	5.12288
-1.44306	0.905353	5.14587	5.12518
-1.44306	0.911267	5.14325	5.12715
-1.44043	0.918823	5.14259	5.12715
-1.44569	0.909295	5.14259	5.12682
-1.44766	0.908638	5.14127	5.12583
-1.4493	0.910938	5.14127	5.12419
-1.44799	0.920794	5.14029	5.1255
-1.43912	0.926051	5.13865	5.12715
-1.44437	0.929008	5.13963	5.12813
-1.44437	0.936564	5.14292	5.12682
-1.43944	0.934593	5.14522	5.12583
-1.44207	0.928022	5.14489	5.12518
-1.4378	0.938207	5.14357	5.12583
-1.4401	0.945435	5.14292	5.12682
-1.44569	0.945107	5.14325	5.12846
-1.44799	0.943464	5.14292	5.12846
-1.45357	0.936564	5.14325	5.12649
-1.44864	0.938536	5.14226	5.12353
-1.45127	0.942807	5.14226	5.12222
-1.44733	0.945435	5.14259	5.12353
-1.447	0.941164	5.14292	5.12715
-1.43944	0.945764	5.14292	5.1278
-1.43977	0.950692	5.14357	5.12583
-1.4286	0.965476	5.1439	5.12452
-1.43813	0.954634	5.14555	5.12485
-1.43386	0.954306	5.14686	5.1255
-1.44536	0.949378	5.14522	5.12649
-1.44207	0.950035	5.14193	5.12846
-1.44437	0.95332	5.14127	5.1278
-1.44372	0.962848	5.14292	5.12748
-1.44503	0.959234	5.14357	5.12715
-1.44273	0.959562	5.14357	5.1255
-1.44766	0.952006	5.14325	5.12583
-1.44996	0.946749	5.1439	5.1255
-1.44076	0.955948	5.14423	5.12649
-1.44634	0.956277	5.14489	5.1278
-1.44569	0.94215	5.1462	5.12748
-1.44602	0.941821	5.14555	5.12616
-1.43682	0.954963	5.14357	5.12682
-1.43517	0.955948	5.14259	5.12682
-1.42827	0.959234	5.14193	5.12715
-1.42138	0.96449	5.1416	5.12977
-1.42006	0.961862	5.14325	5.12879
-1.41185	0.972047	5.14522	5.12912
-1.40331	0.970076	5.14489	5.12879
-1.39838	0.97139	5.14423	5.12682
-1.39148	0.984203	5.1416	5.12583
-1.38852	0.992745	5.14029	5.12583
-1.38031	0.999316	5.1416	5.12518
-1.37965	0.995702	5.14325	5.12682
-1.38294	1.00129	5.14259	5.1278
-1.38294	1.00392	5.14062	5.12813
-1.38786	0.996688	5.14029	5.12879
-1.38524	1.00293	5.14127	5.12879
-1.37899	1.01081	5.14193	5.12715
-1.38326	1.0072	5.14062	5.12583
-1.38622	0.996359	5.14292	5.12616
-1.39772	0.980918	5.14522	5.1255
-1.40659	0.977961	5.14522	5.12583
-1.41152	0.963833	5.14292	5.12682
-1.41908	0.954306	5.14226	5.12813
-1.42039	0.956605	5.1416	5.12912
-1.42959	0.93755	5.14193	5.12977
-1.42795	0.93985	5.14325	5.12682
-1.42663	0.937879	5.14555	5.12452
-1.42893	0.940507	5.14489	5.1232
-1.44372	0.92638	5.1439	5.12189
-1.45554	0.923751	5.14259	5.1232
-1.45981	0.912909	5.14226	5.12419
-1.45981	0.911924	5.14325	5.12616
-1.46211	0.913567	5.14489	5.12715
-1.4562	0.922109	5.1462	5.12682
-1.45324	0.934593	5.14653	5.12616
-1.46277	0.927365	5.14555	5.12583
-1.46934	0.919152	5.1439	5.12682
-1.4792	0.913567	5.14292	5.1278
-1.49037	0.90141	5.14325	5.1278
-1.49891	0.897797	5.14423	5.12682
-1.49957	0.899111	5.14522	5.12649
-1.49825	0.894511	5.14653	5.12583
-1.50384	0.881369	5.14686	5.1255
-1.50187	0.885312	5.14522	5.12452
-1.5045	0.884655	5.14423	5.12485
-1.50187	0.886298	5.14456	5.1255
-1.49957	0.888597	5.1462	5.12715
-1.5045	0.87907	5.1462	5.12649
-1.50778	0.878413	5.14522	5.12452
-1.50647	0.883669	5.14325	5.12452
-1.50482	0.885969	5.1416	5.12682
-1.50318	0.884326	5.14357	5.12912
-1.50975	0.879727	5.14522	5.12945
-1.51107	0.878741	5.14555	5.12715
-1.51895	0.865271	5.14325	5.12485
-1.5137	0.862971	5.14292	5.12452
-1.5114	0.863957	5.14226	5.12518
-1.51074	0.865928	5.14259	5.12813
-1.50745	0.862314	5.14259	5.13043
-1.50778	0.854758	5.1439	5.12912
-1.5045	0.860671	5.14259	5.12715
-1.50975	0.860343	5.14292	5.12583
-1.5022	0.86987	5.14489	5.12748
-1.49201	0.883669	5.1462	5.1278
-1.48511	0.888926	5.1439	5.12879
-1.47657	0.894511	5.14062	5.12879
-1.46967	0.901739	5.14029	5.12748
-1.47394	0.893854	5.14259	5.12583
-1.47788	0.879727	5.14423	5.12452
-1.47591	0.880712	5.14423	5.12452
-1.47263	0.885969	5.1439	5.12715
-1.47427	0.889912	5.14325	5.12879
-1.47756	0.888597	5.14325	5.12682
-1.4769	0.883341	5.14456	5.1255
-1.47756	0.887283	5.14555	5.12715
-1.4769	0.88564	5.14456	5.12616
-1.47164	0.887283	5.1439	5.12518
-1.47131	0.883998	5.14193	5.12649
-1.47197	0.883012	5.14029	5.12748
-1.46803	0.88564	5.13996	5.12813
-1.47033	0.889254	5.1439	5.12846
-1.47328	0.877098	5.14587	5.12846
-1.48018	0.865599	5.14489	5.12682
-1.48544	0.87217	5.14259	5.1255
-1.48774	0.871513	5.14193	5.12616
-1.48741	0.875456	5.14226	5.12846
-1.49201	0.872827	5.14292	5.13076
-1.48741	0.883669	5.14423	5.12912
-1.48314	0.879727	5.14423	5.12682
-1.48281	0.873813	5.14423	5.1255
-1.48248	0.875456	5.14456	5.12649
-1.49234	0.866257	5.14489	5.12813
-1.49037	0.865599	5.14423	5.12813
-1.49464	0.865928	5.1439	5.12682
-1.50318	0.861328	5.14423	5.12649
-1.50712	0.852786	5.14357	5.12583
-1.50515	0.856072	5.14292	5.12682
-1.50548	0.858043	5.14127	5.12813
-1.50285	0.862643	5.1393	5.12912
-1.50942	0.859029	5.14095	5.12813
-1.50351	0.865928	5.14489	5.12682
-1.50285	0.86987	5.14653	5.1255
-1.50022	0.867242	5.14587	5.12649
-1.50022	0.861986	5.14456	5.12715
-1.50252	0.86987	5.14193	5.12748
-1.50285	0.8633	5.14062	5.12616
-1.49891	0.860014	5.1416	5.12485
-1.5045	0.853772	5.14423	5.12452
-1.50417	0.854758	5.14587	5.12682
-1.49464	0.861328	5.14456	5.12682
-1.49103	0.859686	5.14226	5.1255
-1.4953	0.857057	5.14062	5.12682
-1.49037	0.867899	5.13996	5.12813
-1.49168	0.86987	5.14095	5.12715
-1.49037	0.876113	5.14127	5.12518
-1.49135	0.877427	5.14193	5.12386
-1.4976	0.868556	5.14193	5.12353
-1.49563	0.86987	5.1416	5.12386
-1.4907	0.874142	5.14325	5.12452
-1.48741	0.870528	5.14325	5.12583
-1.48544	0.866585	5.14259	5.12682
-1.48248	0.868885	5.14226	5.12518
-1.47197	0.874799	5.14292	5.12353
-1.47296	0.873484	5.14226	5.12452
-1.47	0.884983	5.14226	5.1255
-1.47	0.886626	5.14489	5.12748
-1.46277	0.895497	5.14456	5.12846
-1.4585	0.902068	5.1439	5.1278
-1.46277	0.900425	5.14357	5.12813
-1.46211	0.888269	5.14325	5.12583
-1.45719	0.889254	5.14226	5.12386
-1.46014	0.874799	5.14357	5.1232
-1.46244	0.86987	5.14423	5.1255
-1.45817	0.873484	5.14325	5.12682
-1.4608	0.878084	5.14292	5.1255
-1.46343	0.874799	5.1439	5.12485
-1.46704	0.877427	5.14587	5.1255
-1.46507	0.87907	5.14653	5.1278
-1.47	0.873156	5.14423	5.12977
-1.46737	0.876113	5.1439	5.12846
-1.47657	0.866257	5.14423	5.12912
-1.47558	0.863628	5.1439	5.12846
-1.48577	0.8587	5.1416	5.12583
-1.48708	0.858372	5.14193	5.12485
-1.49201	0.855086	5.14489	5.1255
-1.4976	0.861986	5.1462	5.1255
-1.49793	0.867242	5.14555	5.1255
-1.49267	0.872499	5.14259	5.1255
-1.50187	0.862643	5.14062	5.12419
-1.50811	0.860014	5.14357	5.12452
-1.50844	0.866257	5.14653	5.1255
-1.51567	0.847858	5.14785	5.12846
-1.52125	0.839316	5.14489	5.12912
-1.51435	0.84753	5.14193	5.12846
-1.50877	0.858372	5.14259	5.1278
-1.50351	0.863628	5.14456	5.12682
-1.50022	0.868885	5.14456	5.1255
-1.50712	0.866257	5.1439	5.12386
-1.50285	0.867899	5.14456	5.12485
-1.50877	0.857057	5.14325	5.12616
-1.50252	0.857714	5.14127	5.12813
-1.50252	0.852129	5.14029	5.12912
-1.50187	0.850158	5.14193	5.12583
-1.49661	0.853115	5.14423	5.12452
-1.49431	0.853443	5.1439	5.12616
-1.49464	0.859029	5.14357	5.12813
-1.48938	0.866257	5.14193	5.1278
-1.48445	0.873484	5.14259	5.12616
-1.47558	0.887283	5.1462	5.1232
-1.46606	0.894511	5.1485	5.12025
-1.45949	0.898125	5.14817	5.12156
-1.45719	0.902068	5.14489	5.12386
-1.45587	0.907653	5.14259	5.12583
-1.45357	0.903382	5.14259	5.12715
-1.45193	0.897797	5.14325	5.12682
-1.44404	0.897797	5.14423	5.12715
-1.44503	0.888597	5.14522	5.12715
-1.44043	0.902725	5.14587	5.12419
-1.43846	0.904367	5.1439	5.12419
-1.43879	0.914552	5.14193	5.1255
-1.43452	0.916195	5.14029	5.12715
-1.43747	0.90141	5.14062	5.12813
-1.43222	0.904039	5.14095	5.12748
-1.42827	0.898125	5.14325	5.12518
-1.4286	0.89484	5.14357	5.12386
-1.43287	0.895168	5.14259	5.1255
-1.42663	0.904367	5.14193	5.1278
-1.43419	0.907981	5.1416	5.12945
-1.43879	0.891554	5.14226	5.1278
-1.4447	0.89254	5.14423	5.12452
-1.45324	0.878741	5.1439	5.12288
-1.45357	0.882355	5.14226	5.12386
-1.44897	0.894511	5.14062	5.12485
-1.45291	0.904696	5.14095	5.12485
-1.44766	0.91061	5.14357	5.12583
-1.44602	0.903053	5.14719	5.12649
-1.4447	0.90831	5.14982	5.12649
-1.45357	0.90831	5.14817	5.12518
-1.44799	0.910281	5.14522	5.1255
-1.4539	0.907324	5.14325	5.12518
-1.46047	0.914552	5.14259	5.12485
-1.46376	0.912252	5.1439	5.12485
-1.47164	0.904039	5.14522	5.12616
-1.47591	0.895497	5.14522	5.12748
-1.47131	0.90371	5.14456	5.1278
-1.46934	0.90831	5.1439	5.12616
-1.4746	0.900425	5.14325	5.12419
-1.48347	0.888269	5.14259	5.12518
-1.47821	0.896154	5.14226	5.12715
-1.48741	0.887283	5.14423	5.1278
-1.49168	0.882027	5.14456	5.12813
-1.50022	0.871185	5.14555	5.12715
-1.50712	0.861	5.14522	5.12452
-1.50745	0.858372	5.1439	5.12353
-1.5068	0.866585	5.14259	5.12452
-1.5091	0.857386	5.14259	5.12518
-1.50942	0.856729	5.14325	5.12518
-1.51172	0.855743	5.14522	5.12386
-1.50055	0.856072	5.14522	5.12288
-1.50154	0.858372	5.1439	5.12222
-1.50285	0.854758	5.14259	5.12386
-1.50877	0.853115	5.14193	5.12386
-1.50121	0.852786	5.14292	5.12485
-1.49858	0.855086	5.14522	5.12386
-1.49858	0.855743	5.14555	5.12189
-1.48216	0.872827	5.14456	5.12156
-1.47986	0.87447	5.14423	5.1232
-1.47033	0.888269	5.1439	5.12518
-1.46014	0.90371	5.14522	5.12748
-1.46277	0.902725	5.14522	5.12748
-1.44963	0.906996	5.14522	5.12682
-1.44996	0.916195	5.14456	5.12616
-1.4424	0.932622	5.14555	5.12682
-1.44174	0.921123	5.14456	5.12748
-1.43485	0.927694	5.14357	5.12813
-1.43189	0.929008	5.14292	5.12649
-1.42532	0.926708	5.14423	5.12518
-1.424	0.93525	5.14522	5.12518
-1.41875	0.944778	5.14325	5.1232
-1.41908	0.943464	5.1416	5.1209
-1.4194	0.944449	5.14127	5.12255
-1.41283	0.955948	5.1439	5.12485
-1.4171	0.962848	5.14653	5.12715
-1.40725	0.969419	5.14555	5.12748
-1.40068	0.973033	5.14423	5.12616
-1.39345	0.983546	5.14226	5.1255
-1.38918	0.976647	5.14127	5.12715
-1.39641	0.972375	5.14193	5.12846
-1.39608	0.96909	5.14423	5.12879
-1.40363	0.962519	5.14555	5.12682
-1.40593	0.967447	5.14587	5.12353
-1.40922	0.96909	5.14456	5.12288
-1.40856	0.967776	5.14226	5.12616
-1.4079	0.976647	5.14226	5.12748
-1.40561	0.977961	5.14095	5.12846
-1.39936	0.98256	5.14292	5.12945
-1.40626	0.977304	5.14489	5.12813
-1.41053	0.97369	5.1439	5.12616
-1.41908	0.965476	5.1439	5.12616
-1.41218	0.971718	5.14555	5.1255
-1.41809	0.963833	5.14555	5.12649
-1.42039	0.96449	5.14522	5.12748
-1.42597	0.955948	5.14292	5.12846
-1.42696	0.960219	5.14259	5.12879
-1.43452	0.953977	5.14357	5.12813
-1.43583	0.954634	5.14325	5.12682
-1.43287	0.960877	5.14029	5.12682
-1.43057	0.970733	5.13996	5.12682
-1.4309	0.973033	5.14127	5.1278
-1.4309	0.970733	5.14357	5.1255
-1.44043	0.964819	5.14423	5.12485
-1.4378	0.97369	5.14555	5.12386
-1.43879	0.968762	5.14489	5.12419
-1.43682	0.96909	5.14555	5.12649
-1.4355	0.96449	5.14456	5.12813
-1.42992	0.972704	5.14325	5.1278
-1.42072	0.986831	5.14325	5.12649
-1.41579	0.986831	5.14522	5.12616
-1.41842	0.983546	5.14653	5.12485
-1.41875	0.982889	5.14489	5.12452
-1.41776	0.985189	5.14062	5.12452
-1.41513	0.986174	5.14062	5.1255
-1.41743	0.98716	5.1416	5.12649
-1.41382	0.98716	5.1439	5.1255
-1.40561	0.993402	5.14719	5.12616
-1.40166	0.995373	5.14752	5.12682
-1.40265	1.0049	5.14817	5.12616
-1.39509	1.0049	5.14555	5.1278
-1.39181	1.0141	5.14357	5.12879
-1.39903	1.00687	5.14292	5.12912
-1.39148	1.01541	5.14259	5.1278
-1.39509	1.0141	5.14292	5.1255
-1.39345	1.01213	5.14259	5.12419
-1.38819	1.01936	5.14325	5.1232
-1.39115	1.01213	5.14226	5.1232
-1.39608	1.0049	5.14259	5.12518
-1.40593	0.994388	5.14226	5.12748
-1.39871	0.997016	5.14325	5.12912
-1.39181	1.00523	5.14259	5.1278
-1.39279	0.995702	5.14226	5.12485
-1.38852	0.992745	5.14226	5.12353
-1.39608	0.978289	5.1416	5.12419
-1.39476	0.978618	5.14095	5.12616
-1.39641	0.973361	5.14029	5.12616
-1.39411	0.96909	5.14127	5.12485
-1.39903	0.975332	5.14259	5.12419
-1.39805	0.972704	5.14292	5.12419
-1.40462	0.972704	5.14292	5.1255
-1.40725	0.967776	5.14193	5.12682
-1.40528	0.969419	5.14062	5.12682
-1.41185	0.968762	5.14226	5.12649
-1.41645	0.971718	5.14522	5.1255
-1.42696	0.974347	5.14719	5.12353
-1.42138	0.98486	5.14686	5.12255
-1.42762	0.980918	5.14325	5.12485
-1.43649	0.971061	5.14193	5.1278
-1.43977	0.967776	5.14127	5.1301
-1.44273	0.965476	5.1416	5.12977
-1.44076	0.97369	5.14259	5.12682
-1.43813	0.970404	5.1439	5.12583
-1.447	0.960877	5.14292	5.12485
-1.44174	0.967447	5.14259	5.12485
-1.45259	0.96679	5.14357	5.12715
-1.45357	0.968104	5.14587	5.12682
-1.46113	0.962848	5.14489	5.12353
-1.4631	0.960877	5.14423	5.12255
-1.47	0.95562	5.14423	5.12353
-1.46409	0.963505	5.14522	5.1255
-1.46967	0.954963	5.14587	5.12715
-1.47361	0.949706	5.14522	5.12748
-1.47821	0.944121	5.14325	5.12682
-1.48018	0.932622	5.1439	5.12583
-1.4838	0.927037	5.1462	5.12748
-1.48051	0.932293	5.14686	5.12649
-1.48051	0.932293	5.14653	5.12649
-1.4769	0.927694	5.14522	5.12682
-1.47394	0.92638	5.1439	5.12846
-1.47394	0.922766	5.14456	5.12846
-1.47197	0.931965	5.14489	5.12879
-1.47164	0.920466	5.14522	5.1278
-1.46277	0.925394	5.14423	5.12616
-1.4585	0.922109	5.14259	5.12518
-1.45653	0.926051	5.14259	5.1255
-1.45489	0.917509	5.14193	5.12419
-1.44306	0.927037	5.14062	5.12255
-1.43977	0.927037	5.14062	5.12255
-1.44306	0.913567	5.1416	5.12353
-1.4355	0.920137	5.14357	5.12419
-1.42597	0.930322	5.14423	5.12583
-1.43616	0.918166	5.14555	5.12583
-1.42795	0.920466	5.14522	5.1255
-1.41448	0.934922	5.14325	5.12583
-1.4102	0.933279	5.14423	5.12682
-1.40396	0.940178	5.14423	5.12748
-1.40626	0.931965	5.14325	5.1278
-1.40363	0.933608	5.14127	5.12649
-1.39279	0.939193	5.14259	5.12616
-1.39279	0.946421	5.14357	5.12649
-1.38622	0.950035	5.14555	5.12583
-1.37735	0.955948	5.14522	5.12485
-1.37669	0.960219	5.14522	5.1255
-1.37275	0.970076	5.14555	5.12649
-1.36947	0.98716	5.14522	5.12616
-1.37045	0.993731	5.1439	5.12649
-1.36979	1.0003	5.14325	5.12452
-1.36224	1.01476	5.14423	5.1232
-1.35994	1.01311	5.14423	5.1232
-1.3583	1.01739	5.14423	5.12518
-1.35501	1.03053	5.14357	5.12616
-1.36158	1.02658	5.14292	5.1255
-1.35304	1.02823	5.14259	5.12452
-1.35107	1.02527	5.14226	5.12583
-1.35731	1.01936	5.1416	5.12583
-1.34647	1.03776	5.14193	5.12419
-1.33825	1.04301	5.14259	5.12156
-1.34417	1.03513	5.14357	5.12123
-1.34647	1.0279	5.1439	5.12288
-1.3422	1.03348	5.14456	5.12616
-1.35008	1.0302	5.1439	5.1278
-1.35041	1.02823	5.14489	5.12649
-1.35698	1.02856	5.1462	5.12518
-1.36158	1.02921	5.1462	5.12452
-1.36618	1.01969	5.14522	5.12518
-1.37604	1.01213	5.14357	5.12485
-1.37801	1.00293	5.14193	5.12452
-1.39181	0.986831	5.14193	5.12386
-1.39772	0.981903	5.14357	5.12353
-1.39476	0.987817	5.14522	5.12485
-1.40561	0.975661	5.14456	5.12485
-1.40495	0.984532	5.1439	5.12485
-1.39805	0.981246	5.14555	5.1255
-1.39378	0.984203	5.14489	5.12616
-1.39673	0.98256	5.1439	5.12715
-1.38918	0.995373	5.14292	5.12649
-1.38326	0.994388	5.14193	5.12485
-1.37768	1.00326	5.14095	5.1232
-1.36519	1.0187	5.14029	5.1232
-1.35205	1.03151	5.14062	5.12485
-1.3491	1.03053	5.14226	5.12715
-1.3537	1.02429	5.14423	5.12715
-1.3583	1.0187	5.14522	5.12616
-1.34614	1.0256	5.14456	5.12715
-1.3468	1.01509	5.14423	5.1278
-1.34055	1.02001	5.14226	5.1278
-1.33957	1.02001	5.13963	5.12682
-1.33891	1.01771	5.1393	5.12616
-1.3399	1.02658	5.14127	5.12715
-1.35271	1.01706	5.14292	5.1278
-1.35895	1.01509	5.1439	5.12715
-1.36191	1.02067	5.14325	5.12616
-1.356	1.02429	5.14292	5.12748
-1.3583	1.01476	5.14325	5.12616
-1.35731	1.01509	5.14226	5.12386
-1.36059	1.00786	5.14259	5.12419
-1.3583	1.00819	5.14456	5.12518
-1.36059	1.00457	5.14522	5.12583
-1.36487	0.995702	5.14456	5.1255
-1.36749	0.993731	5.14292	5.1255
-1.36979	0.993731	5.14226	5.12386
-1.36881	0.988803	5.1439	5.12386
-1.37242	0.997345	5.14555	5.1255
-1.37111	0.994388	5.14653	5.12715
-1.39049	0.975332	5.1669	5.09823
-1.39082	0.964162	5.18891	5.06374
-1.40002	0.955948	5.17807	5.07458
-1.40133	0.958248	5.1554	5.10678
-1.40462	0.949378	5.14292	5.12616
-1.41382	0.935579	5.14095	5.13109
-1.42236	0.935579	5.14226	5.12748
-1.43189	0.929665	5.14555	5.1232
-1.43419	0.929994	5.1462	5.12222
-1.43386	0.928351	5.14522	5.1232
-1.43846	0.929337	5.1439	5.12419
-1.44897	0.92408	5.14423	5.12518
-1.45817	0.913238	5.14489	5.12616
-1.45817	0.911595	5.14587	5.12682
-1.46376	0.906667	5.14653	5.12682
-1.46803	0.897139	5.14456	5.1255
-1.46507	0.903053	5.14292	5.12583
-1.47263	0.889583	5.14292	5.1278
-1.47131	0.887612	5.14259	5.12879
-1.46671	0.896482	5.14292	5.12583
-1.46967	0.888269	5.14127	5.12353
-1.47493	0.88794	5.14029	5.12353
-1.47361	0.886955	5.1416	5.12616
-1.47756	0.877755	5.14292	5.12977
-1.48183	0.873813	5.14259	5.13109
-1.48051	0.87677	5.14292	5.12977
-1.48445	0.87217	5.14357	5.12813
-1.48018	0.872827	5.14423	5.12452
-1.48183	0.864285	5.14325	5.12452
-1.4838	0.862643	5.14292	5.12649
-1.48675	0.860671	5.14127	5.12846
-1.48478	0.855086	5.14226	5.12846
-1.48216	0.8587	5.14357	5.12649
-1.48248	0.861328	5.14357	5.12353
-1.48248	0.859357	5.14292	5.12255
-1.47427	0.861328	5.14226	5.12583
-1.48216	0.846873	5.14226	5.12813
-1.47164	0.862971	5.14325	5.12945
-1.45916	0.866585	5.14357	5.12945
-1.45719	0.87447	5.14522	5.12945
-1.45291	0.889583	5.14522	5.12912
-1.45291	0.896154	5.14423	5.12813
-1.4516	0.885969	5.14325	5.12715
-1.44766	0.884983	5.14259	5.12682
-1.44602	0.877427	5.14259	5.12715
-1.447	0.880712	5.1439	5.12616
-1.43747	0.896482	5.1439	5.1255
-1.43682	0.90831	5.14292	5.12682
-1.43846	0.900753	5.14292	5.12715
-1.44174	0.897139	5.14226	5.12912
-1.43813	0.893854	5.14127	5.13076
-1.4355	0.889912	5.14259	5.13043
-1.44109	0.896482	5.14357	5.1278
-1.4401	0.89484	5.14555	5.12616
-1.44536	0.898782	5.14555	5.12485
-1.44437	0.906667	5.14423	5.12452
-1.43715	0.899111	5.14325	5.12485
-1.43583	0.902725	5.14259	5.12518
-1.4378	0.905024	5.14292	5.12715
-1.4424	0.907653	5.14456	5.12616
-1.4424	0.898782	5.14686	5.12485
-1.44372	0.903382	5.14719	5.12452
-1.43846	0.911267	5.14522	5.1255
-1.43222	0.920466	5.14325	5.12715
-1.42959	0.926051	5.14193	5.1278
-1.43123	0.924408	5.14292	5.1278
-1.4217	0.941164	5.14522	5.12682
-1.43156	0.933608	5.14686	5.12583
-1.4355	0.927365	5.14719	5.1255
-1.4401	0.919809	5.14522	5.12518
-1.44437	0.906339	5.1416	5.1255
-1.44273	0.918166	5.14029	5.12616
-1.44536	0.910281	5.14193	5.12616
-1.45193	0.905682	5.14522	5.1255
-1.4424	0.912909	5.14456	5.12485
-1.43912	0.916195	5.14325	5.12386
-1.4401	0.925723	5.14193	5.1255
-1.447	0.914224	5.14127	5.12748
-1.4516	0.90831	5.14062	5.1278
-1.44864	0.912252	5.14193	5.12649
-1.45324	0.900425	5.14423	5.1255
-1.45226	0.902068	5.14587	5.12518
-1.45062	0.902068	5.14423	5.12649
-1.44273	0.90601	5.14029	5.12715
-1.43682	0.901739	5.13733	5.12682
-1.4378	0.902396	5.13766	5.12649
-1.44864	0.883669	5.14062	5.12616
-1.44372	0.890569	5.14292	5.12419
-1.44076	0.889583	5.14456	5.1232
-1.43747	0.881369	5.1439	5.12222
-1.43222	0.886955	5.14226	5.12353
-1.41875	0.900753	5.14357	5.12649
-1.40725	0.905353	5.14423	5.12879
-1.40166	0.908967	5.14489	5.1301
-1.40166	0.915209	5.14653	5.12879
-1.39805	0.923094	5.14555	5.12715
-1.39312	0.927037	5.14423	5.12649
-1.39345	0.927037	5.14357	5.12715
-1.39509	0.929994	5.1439	5.1255
-1.40068	0.934265	5.1439	5.12485
-1.40035	0.938536	5.14456	5.1255
-1.40758	0.936564	5.14522	5.1255
-1.40988	0.934922	5.14423	5.12715
-1.41448	0.933279	5.14292	5.12748
-1.41218	0.925065	5.14193	5.1255
-1.39871	0.927694	5.14292	5.12649
-1.40495	0.922109	5.11795	5.14817
-1.40101	0.928022	5.06899	5.16953
-1.39641	0.928679	5.07589	5.16033
-1.40396	0.919152	5.11466	5.13897
-1.40561	0.923094	5.14029	5.12649
-1.39838	0.932293	5.1485	5.12518
-1.39016	0.934265	5.14686	5.12616
-1.39049	0.946092	5.1439	5.12682
-1.39772	0.943135	5.14292	5.1255
-1.39411	0.943792	5.14456	5.12583
-1.39608	0.943464	5.14522	5.12616
-1.39706	0.952334	5.1439	5.12518
-1.39936	0.961534	5.14095	5.12583
-1.40692	0.959562	5.13963	5.12485
-1.41218	0.959891	5.1416	5.1255
-1.41678	0.950363	5.14489	5.12485
-1.42302	0.947078	5.14752	5.1232
-1.42696	0.944778	5.14883	5.12156
-1.42893	0.949049	5.14555	5.12222
-1.42367	0.961862	5.14226	5.1255
-1.42138	0.957591	5.14127	5.12945
-1.42926	0.936564	5.14292	5.12879
-1.43287	0.936236	5.14456	5.12649
-1.43123	0.943464	5.1462	5.12649
-1.43386	0.945435	5.14686	5.12649
-1.43189	0.93755	5.14653	5.1278
-1.4263	0.93985	5.14653	5.12813
-1.4263	0.937879	5.14522	5.12616
-1.44404	0.924408	5.14489	5.12255
-1.44766	0.921452	5.14489	5.1232
-1.4424	0.925394	5.14423	5.12419
-1.43682	0.927037	5.14522	5.1255
-1.43156	0.929994	5.14423	5.1255
-1.43222	0.935907	5.14292	5.12386
-1.42992	0.938864	5.14357	5.12616
-1.41743	0.945107	5.14522	5.12616
-1.4148	0.941493	5.14719	5.1255
-1.4148	0.942478	5.14752	5.12485
-1.4148	0.957591	5.14522	5.12583
-1.40429	0.953649	5.14193	5.12682
-1.39575	0.961205	5.14226	5.12846
-1.38261	0.972704	5.14456	5.12879
-1.37374	0.978289	5.14587	5.12682
-1.37407	0.973361	5.14555	5.12682
-1.37177	0.977304	5.14522	5.12583
-1.37308	0.977632	5.14292	5.12616
-1.36125	0.979603	5.14193	5.12715
-1.35205	0.978618	5.14259	5.12715
-1.35567	0.977961	5.14423	5.12616
-1.34483	0.981903	5.14522	5.1255
-1.34285	0.977961	5.14423	5.12583
-1.34088	0.98716	5.14292	5.1255
-1.34023	1.0049	5.14292	5.12583
-1.34023	1.0003	5.14456	5.1255
-1.35172	0.992417	5.14522	5.12485
-1.35435	0.989131	5.1462	5.12485
-1.35665	0.987488	5.14719	5.12386
-1.35895	0.981246	5.14587	5.12419
-1.36289	0.978946	5.14357	5.12452
-1.36092	0.990117	5.14259	5.12583
-1.35862	0.99603	5.14226	5.12649
-1.3583	0.997673	5.14193	5.1278
-1.356	1.00424	5.14325	5.12682
-1.37144	0.991431	5.14423	5.12518
-1.38228	0.989788	5.1439	5.12452
-1.37702	0.98716	5.14357	5.12419
-1.36684	1.00819	5.1439	5.12419
-1.36914	1.00162	5.14522	5.12583
-1.37702	0.998659	5.14489	5.12583
-1.37768	0.99603	5.14522	5.12518
-1.38064	0.997345	5.14653	5.12452
-1.38819	0.995702	5.14653	5.12518
-1.39673	0.992088	5.14489	5.12649
-1.39542	1.00162	5.14226	5.12715
-1.39378	0.997016	5.1439	5.12682
-1.39542	0.992088	5.14423	5.12616
-1.41152	0.971718	5.1462	5.12518
-1.40396	0.976318	5.14719	5.12353
-1.40955	0.97139	5.14686	5.1232
-1.41875	0.964162	5.1439	5.12485
-1.43057	0.965805	5.14193	5.12583
-1.43682	0.960877	5.14226	5.1255
-1.44174	0.95332	5.14226	5.12386
-1.4493	0.952992	5.14259	5.12288
-1.4562	0.945107	5.14226	5.12255
-1.4631	0.939193	5.14226	5.12288
-1.45817	0.94872	5.1416	5.12452
-1.4631	0.94215	5.14193	5.12748
-1.4677	0.940178	5.14259	5.12879
-1.47361	0.934265	5.14357	5.12748
-1.47164	0.928679	5.14357	5.12583
-1.45817	0.929337	5.14357	5.12518
-1.45686	0.929008	5.14423	5.12649
-1.45554	0.929008	5.14423	5.12748
-1.46113	0.914224	5.14325	5.12682
-1.46113	0.917838	5.1439	5.12419
-1.46639	0.907981	5.14522	5.12189
-1.46474	0.90141	5.14587	5.12123
-1.46179	0.900425	5.14489	5.12353
-1.45062	0.898454	5.14259	5.12485
-1.45357	0.904696	5.14127	5.12485
-1.44306	0.907653	5.14259	5.1232
-1.44109	0.900753	5.14456	5.12419
-1.43879	0.899111	5.14522	5.12518
-1.43386	0.900425	5.1462	5.1255
-1.43189	0.895497	5.14555	5.12583
-1.43255	0.901739	5.14226	5.12485
-1.42367	0.904039	5.14095	5.12386
-1.41743	0.916852	5.14259	5.1232
-1.41316	0.915538	5.14226	5.1232
-1.41415	0.922109	5.1439	5.12485
-1.41086	0.920137	5.14423	5.12583
-1.41316	0.929994	5.14357	5.12682
-1.39706	0.936236	5.14226	5.12715
-1.39148	0.937222	5.1416	5.1278
-1.37702	0.961862	5.14193	5.12682
-1.37472	0.965805	5.14423	5.12813
-1.37439	0.97139	5.14653	5.1278
-1.37177	0.977632	5.1462	5.12748
-1.37111	0.982232	5.14423	5.12748
-1.36191	0.985846	5.14226	5.12715
-1.35205	1.00983	5.14095	5.1255
-1.35304	1.00589	5.14193	5.1255
-1.34745	1.02001	5.1439	5.12583
-1.35895	1.02166	5.14522	5.12452
-1.35402	1.02954	5.14456	5.1255
-1.35271	1.02888	5.14357	5.12583
-1.34417	1.03973	5.14325	5.12518
-1.34417	1.04465	5.14357	5.12419
-1.35107	1.03578	5.1439	5.12485
-1.35468	1.03841	5.1439	5.12583
-1.36322	1.03053	5.14423	5.12649
-1.36552	1.02921	5.14522	5.1255
-1.35994	1.03217	5.14456	5.12583
-1.35567	1.03677	5.14292	5.12649
-1.36289	1.03316	5.14259	5.12715
-1.37144	1.03118	5.14357	5.12616
-1.37177	1.02034	5.14423	5.12386
-1.38064	1.02396	5.14522	5.12353
-1.37998	1.02888	5.14522	5.12419
-1.37866	1.02527	5.14456	5.12452
-1.37341	1.0233	5.14226	5.12485
-1.37177	1.02297	5.14062	5.12649
-1.36947	1.02691	5.14127	5.12748
-1.37012	1.02888	5.14423	5.12616
-1.36848	1.02724	5.14555	5.12485
-1.36914	1.02757	5.14292	5.12452
-1.37932	1.01081	5.13897	5.1232
-1.37702	1.01574	5.13865	5.12419
-1.37834	1.01344	5.13996	5.12616
-1.38524	1.00687	5.14095	5.12649
-1.38885	1.0095	5.14226	5.12583
-1.38951	0.998987	5.14423	5.12518
-1.40396	0.986503	5.14555	5.12485
-1.39969	0.987488	5.14587	5.12616
-1.40101	0.982889	5.14587	5.12813
-1.40889	0.981575	5.14423	5.12945
-1.41612	0.978289	5.14259	5.12813
-1.42105	0.966133	5.14292	5.12682
-1.41678	0.961862	5.14357	5.12386
-1.41842	0.952006	5.14226	5.12419
-1.41908	0.951677	5.1416	5.1255
-1.42433	0.945435	5.14226	5.12682
-1.40955	0.956934	5.14259	5.12912
-1.39641	0.960548	5.1439	5.13109
-1.38951	0.964162	5.1439	5.12879
-1.39838	0.961534	5.14325	5.12452
-1.41316	0.950692	5.14423	5.12485
-1.42138	0.946421	5.14357	5.12748
-1.41382	0.951677	5.14095	5.12879
-1.40429	0.953977	5.14062	5.12682
-1.41185	0.952006	5.14062	5.12419
-1.40988	0.950035	5.14259	5.12386
-1.40955	0.949049	5.14522	5.12419
-1.41086	0.952006	5.14587	5.12518
-1.40429	0.950363	5.1439	5.12682
-1.40758	0.947735	5.1416	5.1278
-1.41053	0.94872	5.14127	5.12682
-1.4217	0.941164	5.14423	5.12649
-1.43222	0.934265	5.1462	5.12616
-1.43386	0.936564	5.14587	5.1255
-1.43682	0.933608	5.14357	5.1255
-1.42762	0.933608	5.14292	5.1255
-1.42302	0.929994	5.14292	5.12649
-1.43123	0.933608	5.14292	5.12748
-1.43715	0.922109	5.1439	5.12682
-1.43616	0.923094	5.1439	5.12583
-1.4355	0.925394	5.14456	5.12682
-1.44142	0.927037	5.14292	5.12682
-1.43879	0.931308	5.1416	5.12649
-1.44174	0.933279	5.14259	5.12682
-1.42827	0.948063	5.14292	5.1255
-1.42893	0.938536	5.14325	5.12353
-1.4332	0.945435	5.14357	5.12419
-1.42893	0.947406	5.14489	5.1255
-1.42992	0.944449	5.14522	5.12912
-1.43025	0.943792	5.14357	5.1301
-1.43057	0.940835	5.14193	5.12813
-1.42959	0.946092	5.14193	5.12419
-1.41842	0.952006	5.14522	5.12123
-1.42663	0.950035	5.1462	5.12123
-1.42729	0.948392	5.14587	5.1255
-1.42893	0.945764	5.14357	5.1278
-1.43353	0.934593	5.14226	5.12813
-1.43156	0.935579	5.14292	5.12846
-1.42959	0.940507	5.14489	5.12813
-1.42466	0.951349	5.14456	5.12813
-1.42367	0.950363	5.14423	5.12682
-1.4263	0.956277	5.14259	5.12452
-1.4217	0.961205	5.14292	5.12518
-1.41678	0.962191	5.14357	5.12583
-1.42367	0.948063	5.14357	5.12518
-1.42236	0.943464	5.14423	5.12485
-1.4217	0.934922	5.14522	5.12452
-1.42039	0.940178	5.14489	5.12452
-1.42105	0.928351	5.14325	5.12583
-1.4102	0.941493	5.1416	5.12715
-1.41513	0.937879	5.14193	5.1278
-1.41776	0.941493	5.14423	5.12748
-1.41546	0.945764	5.14587	5.12748
-1.42433	0.941164	5.14653	5.12682
-1.42006	0.95102	5.14587	5.12715
-1.40626	0.962191	5.14259	5.12748
-1.40561	0.964819	5.14292	5.12813
-1.40528	0.959234	5.14423	5.12649
-1.39838	0.961534	5.14522	5.12583
-1.41283	0.947735	5.14653	5.1255
-1.42006	0.942807	5.14555	5.12518
-1.40823	0.951677	5.1439	5.12485
-1.40626	0.954306	5.14325	5.12452
-1.4102	0.950363	5.14259	5.12518
-1.4125	0.943792	5.1416	5.12682
-1.40988	0.942478	5.14062	5.12682
-1.41053	0.936564	5.1416	5.12649
-1.41119	0.940507	5.14226	5.12616
-1.40363	0.960548	5.14292	5.12518
-1.39969	0.960877	5.14423	5.1255
-1.40166	0.967447	5.14522	5.12583
-1.39542	0.981575	5.14489	5.12748
-1.39838	0.96909	5.14555	5.12879
-1.40331	0.963176	5.1462	5.1278
-1.40758	0.966133	5.14587	5.12518
-1.40692	0.973033	5.14522	5.12452
-1.40988	0.970733	5.14456	5.12452
-1.41546	0.971718	5.1439	5.1255
-1.40922	0.983546	5.14226	5.1255
-1.4125	0.984532	5.14292	5.1255
-1.40856	0.988803	5.14423	5.1255
-1.4102	0.988145	5.14423	5.12485
-1.40889	0.98716	5.14357	5.12485
-1.40856	0.984203	5.14259	5.12485
-1.41316	0.974347	5.14226	5.12715
-1.40955	0.983874	5.14193	5.12649
-1.40692	0.989131	5.1416	5.12583
-1.40462	0.987817	5.14259	5.12518
-1.39673	0.997345	5.14325	5.12583
-1.40166	0.991759	5.14259	5.12715
-1.40495	0.985189	5.14127	5.12879
-1.41316	0.974018	5.14259	5.12879
-1.41678	0.961205	5.14357	5.1278
-1.42532	0.945107	5.14522	5.12583
-1.4286	0.938536	5.14522	5.12419
-1.42663	0.945764	5.14489	5.1255
-1.42893	0.946092	5.14489	5.1255
-1.42795	0.941493	5.14292	5.1255
-1.43583	0.934593	5.14193	5.12715
-1.43287	0.930979	5.14226	5.12813
-1.44306	0.918166	5.1439	5.12715
-1.44733	0.908638	5.1439	5.12715
-1.45062	0.907981	5.14357	5.12748
-1.45521	0.894511	5.14357	5.12649
-1.45554	0.899111	5.14489	5.1255
-1.47033	0.889254	5.14883	5.12353
-1.46277	0.886298	5.14817	5.1232
-1.4654	0.878741	5.14456	5.12353
-1.46737	0.877427	5.14259	5.12485
-1.47	0.873484	5.14325	5.1255
-1.47558	0.870856	5.1439	5.12715
-1.47953	0.869213	5.14423	5.12846
-1.49333	0.852458	5.14357	5.12846
-1.48511	0.854758	5.14193	5.12616
-1.49103	0.853443	5.14127	5.12583
-1.48807	0.862314	5.14357	5.12485
-1.48544	0.87217	5.14456	5.1255
-1.49333	0.867242	5.14226	5.1255
-1.49135	0.875456	5.1416	5.12649
-1.48807	0.878084	5.14292	5.12583
-1.49037	0.878413	5.14423	5.12485
-1.49497	0.871185	5.14587	5.12156
-1.49037	0.87677	5.14423	5.1232
-1.49628	0.860343	5.1416	5.12682
-1.49694	0.867571	5.1393	5.13043
-1.49333	0.874142	5.13963	5.13339
-1.4976	0.868556	5.14259	5.12977
-1.49891	0.865928	5.14456	5.12419
-1.4953	0.860671	5.14522	5.12288
-1.49793	0.856729	5.1439	5.12353
-1.493	0.855743	5.14095	5.12583
-1.493	0.848187	5.13996	5.12813
-1.49201	0.851801	5.1416	5.12879
-1.49135	0.851144	5.14456	5.12748
-1.48938	0.862643	5.14752	5.12715
-1.48445	0.862314	5.14686	5.12748
-1.48544	0.853115	5.14522	5.12748
-1.4838	0.847201	5.1439	5.12748
-1.48314	0.854101	5.14292	5.12583
-1.48018	0.848515	5.14292	5.12715
-1.48281	0.850815	5.1439	5.12748
-1.48281	0.84523	5.14456	5.12649
-1.48905	0.852129	5.14522	5.12715
-1.49004	0.851801	5.1439	5.1278
-1.4884	0.852129	5.1416	5.1278
-1.49201	0.842273	5.14193	5.12879
-1.49267	0.850487	5.14325	5.12945
-1.49431	0.853115	5.14522	5.12846
-1.49103	0.850815	5.14555	5.12583
-1.4907	0.854429	5.14522	5.12386
-1.48643	0.863957	5.14522	5.1232
-1.49135	0.862314	5.1439	5.12485
-1.48938	0.868556	5.14259	5.12452
-1.49201	0.853115	5.14259	5.1232
-1.50384	0.835702	5.14292	5.12353
-1.49497	0.835702	5.14226	5.12386
-1.49891	0.832417	5.14357	5.12518
-1.49168	0.839973	5.14325	5.12616
-1.49135	0.837673	5.14292	5.1255
-1.49201	0.850487	5.14259	5.1255
-1.48643	0.858043	5.14259	5.12682
-1.47887	0.864285	5.14489	5.12715
-1.48117	0.864942	5.1439	5.1255
-1.4815	0.861328	5.1439	5.1255
-1.49037	0.84293	5.14489	5.12616
-1.49628	0.845887	5.14423	5.12649
-1.49365	0.841944	5.14325	5.12682
-1.50055	0.829788	5.14259	5.12616
-1.49825	0.824532	5.1439	5.12518
-1.50022	0.832745	5.14357	5.12518
-1.4976	0.831103	5.14259	5.12583
-1.49957	0.828146	5.1416	5.12616
-1.48807	0.839645	5.14193	5.12583
-1.48675	0.845887	5.14423	5.12583
-1.48741	0.844244	5.14522	5.12649
-1.49135	0.837016	5.14555	5.12748
-1.48971	0.841287	5.14555	5.12846
-1.48938	0.824203	5.14489	5.1278
-1.48807	0.813361	5.14357	5.12682
-1.48445	0.821903	5.14259	5.12616
-1.48051	0.823218	5.1439	5.1255
-1.47263	0.817632	5.14719	5.1255
-1.46868	0.817632	5.14752	5.12419
-1.46573	0.822889	5.14522	5.12386
-1.46277	0.823546	5.14357	5.12452
-1.46474	0.814676	5.14193	5.12583
-1.45291	0.82946	5.14127	5.12616
-1.44569	0.838331	5.14259	5.1255
-1.45259	0.831431	5.14325	5.12485
-1.447	0.822889	5.14423	5.12419
-1.45817	0.814018	5.14357	5.1232
-1.4562	0.819604	5.14226	5.12485
-1.45817	0.822232	5.14127	5.12583
-1.46704	0.818947	5.14062	5.12682
-1.47263	0.81369	5.14062	5.12649
-1.46967	0.820261	5.14029	5.12682
-1.46113	0.827489	5.14193	5.12715
-1.45521	0.831103	5.1439	5.12682
-1.45259	0.837345	5.14325	5.1255
-1.45291	0.851144	5.14292	5.12485
-1.45653	0.84293	5.14259	5.12452
-1.46803	0.844573	5.14259	5.12518
-1.46934	0.841944	5.14357	5.1255
-1.47197	0.836031	5.14489	5.1232
-1.47197	0.846544	5.14325	5.12189
-1.47887	0.848844	5.14062	5.12189
-1.4815	0.853772	5.13897	5.12419
-1.48413	0.855086	5.1393	5.1255
-1.4792	0.867242	5.14193	5.1255
-1.48577	0.854101	5.14357	5.1232
-1.4884	0.855743	5.14555	5.12222
-1.48774	0.853115	5.1439	5.12222
-1.48511	0.853115	5.14127	5.12485
-1.48511	0.856072	5.13996	5.12649
-1.47854	0.857386	5.14095	5.1255
-1.48873	0.84063	5.14193	5.12485
-1.4861	0.840959	5.1439	5.12583
-1.48905	0.835702	5.14489	5.12649
-1.49201	0.841287	5.1439	5.12616
-1.49168	0.834717	5.14193	5.12583
-1.4884	0.825517	5.14095	5.12452
-1.4884	0.821575	5.14226	5.12518
-1.49497	0.823218	5.14456	5.12452
-1.49103	0.803834	5.14752	5.12255
-1.49595	0.808433	5.14817	5.12156
-1.49957	0.816975	5.14686	5.12386
-1.50252	0.814018	5.14522	5.12616
-1.493	0.825846	5.14653	5.12649
-1.49135	0.828803	5.14817	5.12649
-1.49464	0.821903	5.14785	5.12583
-1.48708	0.824532	5.14555	5.12485
-1.48873	0.827489	5.14357	5.12419
-1.48741	0.826174	5.14423	5.12518
-1.48445	0.834388	5.14423	5.12583
-1.48741	0.825189	5.14259	5.12649
-1.4884	0.832417	5.14193	5.12518
-1.48413	0.840302	5.14292	5.1232
-1.48216	0.841616	5.14325	5.12485
-1.48675	0.828146	5.14259	5.12485
-1.48183	0.828474	5.1439	5.12485
-1.47756	0.830117	5.14226	5.12452
-1.47098	0.837673	5.14062	5.12419
-1.46737	0.843259	5.14127	5.12386
-1.47328	0.839645	5.14357	5.12452
-1.47	0.843916	5.14555	5.12452
-1.46573	0.853772	5.14489	5.1255
-1.46376	0.861328	5.14456	5.1255
-1.47066	0.862643	5.1439	5.12649
-1.47066	0.863957	5.14292	5.12846
-1.46409	0.86987	5.14357	5.12813
-1.46244	0.866585	5.14456	5.12485
-1.46639	0.8633	5.14587	5.12353
-1.46179	0.866914	5.14489	5.12419
-1.46376	0.870528	5.1439	5.12583
-1.46868	0.864942	5.14357	5.12518
-1.46277	0.871185	5.14357	5.12288
-1.45817	0.87217	5.14456	5.12123
-1.46146	0.875456	5.14325	5.12222
-1.46441	0.870199	5.14226	5.12452
-1.46671	0.866257	5.14193	5.12649
-1.46146	0.871842	5.14259	5.12682
-1.46179	0.872827	5.14423	5.12616
-1.46606	0.866257	5.14423	5.12419
-1.47197	0.861986	5.14489	5.12255
-1.48445	0.854758	5.1462	5.12583
-1.4815	0.848187	5.14555	5.1278
-1.48018	0.846544	5.14423	5.12879
-1.48741	0.845887	5.14259	5.12879
-1.48248	0.852458	5.14325	5.1278
-1.47887	0.855415	5.14686	5.12813
-1.47821	0.860343	5.14883	5.12813
-1.48084	0.856072	5.14686	5.12616
-1.47953	0.862643	5.14357	5.12419
-1.47591	0.852129	5.14127	5.12452
-1.47821	0.846216	5.14062	5.1278
-1.47296	0.849501	5.13996	5.12846
-1.47493	0.852786	5.14127	5.12616
-1.48117	0.846216	5.14226	5.12518
-1.48314	0.836688	5.14259	5.12649
-1.48741	0.823218	5.1416	5.12715
-1.4861	0.834717	5.14095	5.12616
-1.4907	0.837673	5.14193	5.12485
-1.47854	0.845887	5.14292	5.12386
-1.48511	0.846216	5.1439	5.12222
-1.48445	0.853115	5.14456	5.1232
-1.48478	0.854101	5.14226	5.12485
-1.48544	0.848187	5.13963	5.1278
-1.48938	0.841944	5.1393	5.12813
-1.49694	0.843587	5.13996	5.1278
-1.49858	0.844573	5.14357	5.12616
-1.49168	0.857057	5.14555	5.12419
-1.48938	0.861328	5.14522	5.12353
-1.47427	0.870199	5.1439	5.12485
-1.4723	0.868228	5.14292	5.12583
-1.47164	0.868885	5.14226	5.12682
-1.46901	0.862314	5.14193	5.1278
-1.47624	0.861	5.14325	5.12682
-1.47098	0.872827	5.14555	5.12616
-1.46277	0.868556	5.1462	5.1255
-1.46146	0.876113	5.14456	5.12518
-1.46014	0.874799	5.14259	5.12682
-1.45949	0.880055	5.14062	5.12945
-1.4539	0.877427	5.14127	5.12912
-1.44503	0.88564	5.14226	5.12583
-1.44437	0.891554	5.14357	5.12419
-1.44996	0.892868	5.14357	5.12419
-1.44174	0.898125	5.14325	5.12485
-1.44503	0.891226	5.14292	5.12649
-1.44372	0.900753	5.14193	5.12649
-1.45226	0.896811	5.14095	5.12748
-1.45259	0.898454	5.14259	5.12682
-1.45784	0.895168	5.14357	5.12583
-1.45423	0.898454	5.14259	5.12715
-1.45587	0.897468	5.14226	5.12649
-1.4608	0.891226	5.14226	5.12419
-1.47131	0.877098	5.1439	5.12288
-1.46967	0.882684	5.14489	5.1232
-1.47756	0.878084	5.14489	5.12452
-1.48643	0.876441	5.1462	5.12616
-1.48544	0.87217	5.14555	5.12649
-1.48741	0.873156	5.14456	5.12485
-1.49004	0.874142	5.14522	5.12419
-1.48807	0.874799	5.14489	5.12518
-1.48807	0.871513	5.14555	5.12649
-1.49398	0.860014	5.14522	5.12748
-1.49333	0.854429	5.14357	5.12715
-1.49858	0.850158	5.14193	5.1255
-1.50252	0.843916	5.14095	5.1255
-1.50614	0.842273	5.14193	5.12583
-1.51337	0.832417	5.14259	5.1255
-1.52257	0.823218	5.14226	5.12649
-1.52224	0.822561	5.1416	5.12715
-1.52585	0.82486	5.14127	5.1255
-1.52848	0.821575	5.14193	5.1255
-1.53078	0.815661	5.1439	5.12518
-1.53702	0.809747	5.14555	5.12616
-1.53275	0.809747	5.14489	5.1255
-1.53374	0.80909	5.14357	5.12288
-1.53406	0.807776	5.1439	5.12222
-1.53768	0.802191	5.14259	5.12353
-1.52815	0.810733	5.1416	5.12583
-1.52257	0.818289	5.14029	5.12682
-1.52487	0.813033	5.14095	5.12748
-1.52651	0.813033	5.14292	5.12649
-1.52519	0.813361	5.14292	5.12518
-1.51632	0.823218	5.14259	5.12452
-1.51665	0.827817	5.14357	5.12649
-1.51928	0.828803	5.14325	5.1278
-1.52059	0.813033	5.14357	5.12813
-1.51534	0.824532	5.14226	5.12912
-1.51041	0.822889	5.14259	5.12846
-1.50548	0.822561	5.14325	5.1278
-1.50022	0.828146	5.14423	5.12518
-1.49694	0.836688	5.1439	5.12386
-1.49365	0.843259	5.14423	5.12518
-1.48577	0.850487	5.14522	5.12485
-1.47788	0.855743	5.14555	5.12583
-1.47788	0.853772	5.14555	5.12748
-1.47164	0.852129	5.1439	5.12846
-1.47164	0.846216	5.14259	5.12846
-1.4723	0.847201	5.14127	5.12879
-1.46671	0.852129	5.14127	5.12846
-1.46967	0.841944	5.14095	5.1278
-1.46737	0.849172	5.14062	5.12649
-1.4608	0.849829	5.14193	5.12452
-1.46113	0.861657	5.14423	5.12518
-1.46868	0.852458	5.14555	5.12649
-1.46836	0.852129	5.14357	5.12616
-1.4677	0.848515	5.1416	5.12748
-1.45981	0.847201	5.14062	5.12649
-1.45817	0.853772	5.14193	5.12649
-1.45226	0.867242	5.14423	5.12682
-1.45259	0.871185	5.14522	5.12715
-1.45291	0.873813	5.14489	5.12649
-1.46146	0.868556	5.14357	5.12616
-1.46146	0.867571	5.14226	5.12583
-1.45489	0.869542	5.14193	5.12616
-1.45981	0.86987	5.14456	5.12649
-1.46441	0.866257	5.14686	5.12682
-1.47	0.848187	5.14719	5.12583
-1.47427	0.848187	5.14456	5.12518
-1.47821	0.854429	5.14095	5.12682
-1.48708	0.843259	5.1393	5.1278
-1.4907	0.846216	5.14095	5.12945
-1.4884	0.855086	5.14259	5.12846
-1.48971	0.846216	5.14193	5.12715
-1.49103	0.838988	5.14292	5.12616
-1.48807	0.841944	5.14489	5.12583
-1.49234	0.823546	5.14587	5.12682
-1.49168	0.825189	5.14456	5.12715
-1.49398	0.82946	5.14423	5.12682
-1.49201	0.826832	5.14423	5.12649
-1.49267	0.837016	5.14522	5.12485
-1.49694	0.829131	5.14489	5.1232
-1.49628	0.831431	5.14456	5.1232
-1.48938	0.841287	5.14522	5.12649
-1.48643	0.835702	5.14456	5.12879
-1.49135	0.830117	5.14423	5.12945
-1.48314	0.832088	5.14325	5.12977
-1.47986	0.835045	5.14325	5.12715
-1.4769	0.834059	5.14292	5.12419
-1.48643	0.838002	5.14292	5.12386
-1.49103	0.821246	5.14127	5.12419
-1.49004	0.810404	5.14127	5.1255
-1.49135	0.807119	5.1439	5.12682
-1.48478	0.810076	5.14423	5.1255
-1.49201	0.800548	5.1439	5.1255
-1.49924	0.803177	5.14325	5.12452
-1.49694	0.802519	5.14259	5.12452
-1.49793	0.798248	5.14259	5.12682
-1.50745	0.788064	5.14357	5.12912
-1.5091	0.787078	5.14325	5.1301
-1.51402	0.791021	5.14259	5.1301
-1.51107	0.784778	5.14259	5.12879
-1.51271	0.776893	5.1416	5.12748
-1.51041	0.781493	5.14193	5.12616
-1.51041	0.787735	5.14259	5.12649
-1.51665	0.783464	5.1416	5.12616
-1.51797	0.785764	5.14357	5.12748
-1.53111	0.768023	5.14587	5.12715
-1.53275	0.765723	5.14555	5.12583
-1.53374	0.759152	5.14522	5.12616
-1.53735	0.762437	5.14489	5.1255
-1.52979	0.768023	5.14357	5.12649
-1.53209	0.771637	5.14456	5.12912
-1.53834	0.763094	5.14587	5.12977
-1.52979	0.768023	5.14522	5.12879
-1.53209	0.780507	5.14423	5.12846
-1.53538	0.790363	5.1416	5.12748
-1.53636	0.783793	5.1416	5.1278
-1.53998	0.783464	5.14193	5.12682
-1.53801	0.775251	5.14226	5.12518
-1.53636	0.770651	5.14193	5.12616
-1.53998	0.772294	5.1416	5.12682
-1.53801	0.767694	5.14226	5.12649
-1.53636	0.766708	5.14292	5.1278
-1.54392	0.767366	5.14127	5.12813
-1.54326	0.768351	5.14095	5.12649
-1.54556	0.770322	5.14226	5.12452
-1.55279	0.759809	5.14325	5.12353
-1.55936	0.754881	5.1439	5.12386
-1.55641	0.757838	5.14456	5.12288
-1.55772	0.760795	5.14357	5.12386
-1.55542	0.75521	5.14127	5.12419
-1.56199	0.747653	5.14226	5.12715
-1.55936	0.755867	5.14522	5.12945
-1.55706	0.757509	5.14555	5.12846
-1.56298	0.749296	5.14456	5.1278
-1.561	0.758166	5.1439	5.12616
-1.55838	0.763094	5.14259	5.12419
-1.55509	0.769665	5.14062	5.12353
-1.55641	0.767037	5.14193	5.12386
-1.55476	0.773279	5.14456	5.12518
-1.55903	0.770322	5.14522	5.12649
-1.55279	0.779522	5.14325	5.12518
-1.55082	0.772951	5.14259	5.12485
-1.54688	0.773279	5.14325	5.1255
-1.54064	0.779522	5.14489	5.12616
-1.54918	0.76868	5.14555	5.12649
-1.54688	0.765066	5.14489	5.12649
-1.54589	0.761452	5.14325	5.12682
-1.54359	0.754224	5.14292	5.12616
-1.54523	0.75521	5.14456	5.12616
-1.53998	0.747653	5.14587	5.1278
-1.52848	0.759481	5.14555	5.12945
-1.52717	0.771308	5.14587	5.1301
-1.52059	0.791021	5.14719	5.12813
-1.50614	0.797263	5.14719	5.12386
-1.51205	0.792006	5.14686	5.12156
-1.51501	0.79792	5.14456	5.12255
-1.51435	0.806133	5.14325	5.12485
-1.50844	0.828803	5.14259	5.12682
-1.52224	0.817632	5.14325	5.12715
-1.51238	0.820918	5.1439	5.12649
-1.50745	0.820918	5.14456	5.12485
-1.51041	0.816318	5.14522	5.1232
-1.51599	0.801862	5.14423	5.12419
-1.50647	0.81139	5.14325	5.12583
-1.5068	0.809419	5.14127	5.12715
-1.50745	0.801862	5.14029	5.12813
-1.51271	0.805805	5.14193	5.12945
-1.51731	0.80909	5.14325	5.12846
-1.51501	0.810404	5.14555	5.12682
-1.51961	0.808762	5.14522	5.12649
-1.52552	0.792992	5.14292	5.1278
-1.53439	0.785764	5.14062	5.12912
-1.53209	0.786092	5.14127	5.12879
-1.53866	0.78445	5.14226	5.12682
-1.54425	0.782807	5.14325	5.12583
-1.54359	0.783793	5.14522	5.12485
-1.53866	0.782807	5.14555	5.12682
-1.54655	0.778207	5.14456	5.12879
-1.54326	0.786092	5.14226	5.12846
-1.53834	0.801862	5.14095	5.12649
-1.52749	0.802848	5.14062	5.12583
-1.52421	0.803834	5.14259	5.12452
-1.52125	0.813361	5.14292	5.12288
-1.51829	0.812704	5.1439	5.12452
-1.52059	0.807119	5.14357	5.12879
-1.51534	0.815004	5.14259	5.13109
-1.51567	0.809747	5.14456	5.13076
-1.51599	0.814347	5.14522	5.1278
-1.52322	0.806133	5.14555	5.12682
-1.53374	0.794306	5.14752	5.12583
-1.53439	0.798248	5.14785	5.12649
-1.53242	0.796606	5.14653	5.1278
-1.52684	0.805476	5.14456	5.12813
-1.52487	0.810733	5.14325	5.12649
-1.52289	0.813361	5.14127	5.1255
-1.51862	0.799563	5.1416	5.12485
-1.52421	0.791349	5.14226	5.12452
-1.52388	0.798248	5.14292	5.12419
-1.52289	0.803505	5.14226	5.12518
-1.52059	0.799234	5.14062	5.12583
-1.51994	0.789049	5.1416	5.12682
-1.51501	0.791678	5.14357	5.12813
-1.50942	0.808105	5.14456	5.1278
-1.51172	0.818618	5.14522	5.12583
-1.50482	0.822889	5.14522	5.12452
-1.49957	0.83176	5.1439	5.12419
-1.4976	0.834388	5.14292	5.12353
-1.4953	0.832417	5.14325	5.12419
-1.48018	0.852458	5.14325	5.12419
-1.48117	0.84753	5.14226	5.12452
-1.47788	0.850815	5.14127	5.12616
-1.48018	0.857386	5.14259	5.1255
-1.47624	0.862971	5.14226	5.12583
-1.47493	0.864942	5.14357	5.12485
-1.46507	0.867571	5.14489	5.12386
-1.46606	0.870199	5.14522	5.1232
-1.46606	0.866585	5.14522	5.12419
-1.46146	0.884983	5.14522	5.12518
-1.46146	0.886955	5.14325	5.12583
-1.45521	0.89254	5.14226	5.12583
-1.45686	0.886955	5.14357	5.12452
-1.45686	0.886955	5.14555	5.1255
-1.44996	0.905353	5.14555	5.1255
-1.44437	0.906667	5.14489	5.1255
-1.43879	0.911924	5.1439	5.12649
-1.44503	0.910938	5.14325	5.12583
-1.43912	0.916852	5.14127	5.12452
-1.43715	0.921452	5.1416	5.12419
-1.43517	0.929337	5.14357	5.12386
-1.43485	0.931308	5.14522	5.12452
-1.43353	0.930651	5.1439	5.12583
-1.43813	0.926051	5.14357	5.12583
-1.43452	0.929337	5.14489	5.12386
-1.43189	0.929994	5.14522	5.12353
-1.42597	0.933608	5.14522	5.12583
-1.4332	0.93295	5.14555	5.12452
-1.42138	0.958248	5.14292	5.12485
-1.4171	0.967447	5.14029	5.12353
-1.41908	0.968433	5.13996	5.1232
-1.41776	0.965805	5.14127	5.12452
-1.41316	0.970404	5.14193	5.12583
-1.40396	0.976647	5.1416	5.12386
-1.40298	0.980918	5.14259	5.12222
-1.41086	0.984532	5.14489	5.12255
-1.4125	0.977961	5.1462	5.12353
-1.4148	0.968104	5.14522	5.12518
-1.4148	0.969419	5.14325	5.12715
-1.41743	0.963176	5.1416	5.1278
-1.4217	0.95562	5.14193	5.12715
-1.42499	0.956605	5.14357	5.12616
-1.42795	0.954963	5.14325	5.12682
-1.43386	0.947735	5.14259	5.12813
-1.43255	0.941821	5.1439	5.12715
-1.43057	0.943135	5.14456	5.12583
-1.43156	0.952334	5.14456	5.12485
-1.43386	0.941821	5.14555	5.12353
-1.43452	0.941493	5.14587	5.12386
-1.43682	0.931965	5.14489	5.12518
-1.43583	0.928679	5.14259	5.12583
-1.43846	0.928022	5.14062	5.12616
-1.44667	0.915538	5.14062	5.12518
-1.43977	0.908638	5.14226	5.12452
-1.4493	0.900753	5.14292	5.12386
-1.45751	0.900425	5.1416	5.12419
-1.46244	0.891554	5.13963	5.12583
-1.46409	0.888597	5.13733	5.12715
-1.46474	0.884983	5.13832	5.12616
-1.47887	0.869213	5.14095	5.12616
-1.48183	0.87677	5.14555	5.12583
-1.48807	0.873156	5.14719	5.12485
-1.49563	0.857386	5.14653	5.12386
-1.50121	0.851801	5.14555	5.12485
-1.50614	0.834717	5.14357	5.12616
-1.5068	0.835702	5.1416	5.12616
-1.51205	0.837345	5.14127	5.12682
-1.52289	0.816975	5.14292	5.12583
-1.52914	0.796606	5.14489	5.12485
-1.52782	0.79332	5.14522	5.12419
-1.52848	0.801205	5.14259	5.12353
-1.53012	0.797263	5.1416	5.12419
-1.53505	0.792663	5.14193	5.12649
-1.53604	0.793977	5.14325	5.12649
-1.53538	0.793649	5.14489	5.1255
-1.54523	0.785107	5.14686	5.1255
-1.54918	0.787407	5.14719	5.12649
-1.55181	0.775579	5.1462	5.12879
-1.55115	0.776236	5.14325	5.12912
-1.55542	0.76868	5.14325	5.12813
-1.55871	0.768351	5.14357	5.12715
-1.56232	0.763752	5.1439	5.12813
-1.55805	0.767037	5.14325	5.1278
-1.55903	0.767366	5.14193	5.12485
-1.55969	0.768023	5.14095	5.12518
-1.55673	0.774922	5.14095	5.12616
-1.55838	0.76178	5.14226	5.1255
-1.56626	0.745025	5.14423	5.12353
-1.56363	0.738782	5.14522	5.12386
-1.55871	0.744368	5.14489	5.1255
-1.55936	0.74831	5.14456	5.12748
-1.56593	0.733526	5.1439	5.1278
-1.56823	0.739111	5.14292	5.12879
-1.56823	0.741411	5.14259	5.12846
-1.56988	0.733854	5.14357	5.12386
-1.5656	0.740754	5.14587	5.12189
-1.56199	0.743382	5.14456	5.12288
-1.55608	0.759152	5.14259	5.12255
-1.54951	0.758166	5.1393	5.12419
-1.54885	0.756852	5.1393	5.12419
-1.54458	0.767366	5.1393	5.1255
-1.54951	0.762437	5.14062	5.12649
-1.54688	0.764737	5.14062	5.12682
-1.54425	0.76868	5.14062	5.12748
-1.53669	0.77755	5.14095	5.12813
-1.53505	0.778207	5.14226	5.12682
-1.52552	0.790363	5.1416	5.1255
-1.52092	0.794306	5.14259	5.12649
-1.51534	0.800548	5.14456	5.12419
-1.51304	0.804819	5.14587	5.1232
-1.50252	0.820261	5.14555	5.12386
-1.50515	0.814018	5.14456	5.12485
-1.50088	0.814018	5.14522	5.1255
-1.50482	0.821246	5.1462	5.12715
-1.49957	0.838659	5.14522	5.12715
-1.49694	0.837016	5.1439	5.1255
-1.49497	0.836688	5.1439	5.12353
-1.48905	0.842602	5.14259	5.12353
-1.48873	0.851144	5.14193	5.12452
-1.4884	0.862643	5.1416	5.12583
-1.48643	0.868885	5.14456	5.12616
-1.48708	0.863628	5.14489	5.12715
-1.49103	0.870199	5.14325	5.12813
-1.49563	0.862971	5.14127	5.12583
-1.49694	0.857057	5.14226	5.12583
-1.4999	0.860014	5.14325	5.12715
-1.4999	0.864285	5.14259	5.12846
-1.49661	0.867242	5.14193	5.12879
-1.48971	0.864942	5.14357	5.1301
-1.48051	0.871842	5.14423	5.12748
-1.4746	0.885312	5.14325	5.1255
-1.4746	0.882355	5.1416	5.12452
-1.47328	0.880712	5.14062	5.12386
-1.47788	0.886626	5.1416	5.12485
-1.46934	0.894511	5.1416	5.12518
-1.47263	0.89024	5.14259	5.12386
-1.4746	0.891883	5.14259	5.12419
-1.47131	0.90601	5.14325	5.12419
-1.47328	0.907324	5.1439	5.12452
-1.47263	0.905682	5.14292	5.12715
-1.46901	0.903053	5.14226	5.12945
-1.46409	0.891226	5.14259	5.12813
-1.46277	0.886626	5.14292	5.12715
-1.47427	0.870856	5.14325	5.12649
-1.47263	0.876441	5.14226	5.12649
-1.46474	0.882355	5.14226	5.12682
-1.46343	0.87907	5.14489	5.12748
-1.45981	0.877098	5.1439	5.12715
-1.46277	0.873484	5.14127	5.12715
-1.46441	0.87447	5.14029	5.12682
-1.46573	0.875456	5.14095	5.12649
-1.46836	0.871513	5.14292	5.12583
-1.46671	0.870199	5.14357	5.12518
-1.46474	0.869213	5.14259	5.12452
-1.46146	0.867899	5.1416	5.12452
-1.46441	0.864942	5.1416	5.12419
-1.46113	0.861986	5.14292	5.1255
-1.4631	0.866914	5.14522	5.12485
-1.45521	0.881698	5.14719	5.1232
-1.46244	0.866585	5.14587	5.12518
-1.47361	0.866257	5.14456	5.12748
-1.4815	0.861	5.14522	5.12616
-1.49004	0.849501	5.14423	5.12485
-1.50482	0.836031	5.14423	5.1255
-1.50614	0.828803	5.14357	5.12583
-1.51304	0.820918	5.14259	5.12715
-1.51632	0.811719	5.14127	5.12846
-1.52224	0.805148	5.14127	5.12813
-1.52421	0.793649	5.14259	5.12583
-1.53209	0.783464	5.1439	5.12518
-1.53636	0.769008	5.14456	5.12583
-1.53538	0.780179	5.14489	5.12616
-1.53735	0.77985	5.14292	5.12715
-1.53899	0.766708	5.14193	5.12748
-1.53176	0.774593	5.1416	5.12715
-1.52914	0.779193	5.14357	5.12748
-1.53505	0.768023	5.14489	5.12715
-1.53078	0.765066	5.14555	5.12682
-1.52914	0.762766	5.14555	5.12813
-1.52749	0.769337	5.14325	5.12715
-1.53078	0.770979	5.1393	5.12715
-1.52782	0.783464	5.1393	5.12649
-1.53144	0.79562	5.14095	5.12518
-1.52749	0.79562	5.14259	5.12649
-1.52618	0.797591	5.14357	5.12813
-1.52979	0.796934	5.14357	5.1278
-1.52454	0.807448	5.14357	5.12682
-1.51665	0.818289	5.14357	5.12682
-1.51829	0.81369	5.14259	5.12715
-1.51731	0.813033	5.14357	5.12682
-1.52059	0.805148	5.14456	5.12813
-1.51862	0.807448	5.14719	5.12748
-1.52059	0.81599	5.14686	5.1278
-1.51238	0.835045	5.14423	5.12748
-1.51764	0.829788	5.14095	5.12846
-1.50975	0.838988	5.14095	5.12846
-1.50745	0.842273	5.14259	5.12912
-1.5091	0.843916	5.1439	5.12715
-1.50417	0.843587	5.14325	5.12518
-1.49957	0.850815	5.14127	5.1232
-1.49727	0.859029	5.14095	5.12386
-1.50088	0.857057	5.14062	5.12518
-1.50088	0.8633	5.14292	5.12518
-1.50252	0.857386	5.14423	5.12386
-1.50121	0.863957	5.14357	5.1232
-1.49563	0.862643	5.14259	5.1232
-1.48577	0.870199	5.1416	5.12485
-1.48347	0.865928	5.14357	5.12649
-1.49563	0.852129	5.14423	5.12649
-1.4953	0.850815	5.14357	5.12649
-1.493	0.856072	5.1439	5.1255
-1.49431	0.857714	5.14489	5.12649
-1.49004	0.867242	5.14357	5.12682
-1.49628	0.864942	5.14062	5.12583
-1.4953	0.869213	5.13897	5.12485
-1.48774	0.869213	5.14062	5.1255
-1.48413	0.87907	5.14522	5.12649
-1.47788	0.89024	5.14883	5.1255
-1.47756	0.891226	5.14916	5.12616
-1.48643	0.881041	5.14785	5.12813
-1.4815	0.88794	5.14489	5.12813
-1.48643	0.887283	5.14062	5.12813
-1.4861	0.87907	5.14029	5.12846
-1.48577	0.881041	5.1416	5.12649
-1.47788	0.897797	5.14226	5.12419
-1.47854	0.896482	5.14226	5.1232
-1.47197	0.903053	5.1416	5.12518
-1.46573	0.915538	5.14259	5.12682
-1.46901	0.915209	5.14095	5.12879
-1.47066	0.904367	5.14127	5.12748
-1.4723	0.906339	5.14292	5.12748
-1.47394	0.90831	5.14489	5.12748
-1.47033	0.912252	5.1462	5.12452
-1.46441	0.918166	5.1462	5.12386
-1.46671	0.916852	5.14555	5.12353
-1.47263	0.904367	5.14522	5.12485
-1.47493	0.906667	5.14357	5.12649
-1.48248	0.89484	5.14357	5.12583
-1.48873	0.891883	5.14555	5.12485
-1.4861	0.888597	5.14555	5.12485
-1.48413	0.889583	5.14522	5.12583
-1.48051	0.890897	5.14357	5.12583
-1.48051	0.895497	5.1439	5.12583
-1.48413	0.895168	5.14456	5.12616
-1.493	0.88564	5.14325	5.12616
-1.4976	0.887283	5.14259	5.12715
-1.49201	0.885969	5.14357	5.12912
-1.48511	0.880055	5.1439	5.12879
-1.4861	0.878413	5.14357	5.12748
-1.4861	0.875127	5.1439	5.12813
-1.48478	0.867899	5.14423	5.12813
-1.47953	0.865928	5.14555	5.12748
-1.47558	0.862314	5.14686	5.12682
-1.47624	0.847858	5.1462	5.12682
-1.47953	0.848515	5.14522	5.12649
-1.47624	0.850487	5.14357	5.12715
-1.47394	0.853443	5.14489	5.1278
-1.47723	0.856729	5.14653	5.12583
-1.47263	0.859686	5.14686	5.12156
-1.47361	0.861	5.14653	5.12222
-1.47296	0.866585	5.14423	5.12452
-1.46704	0.872827	5.1416	5.1255
-1.46277	0.871185	5.14062	5.12682
-1.46211	0.870856	5.14062	5.12583
-1.46901	0.869213	5.13996	5.12452
-1.46901	0.868556	5.14095	5.12485
-1.4723	0.862971	5.14423	5.1255
-1.47394	0.861986	5.14587	5.12485
-1.47098	0.860671	5.14686	5.1255
-1.46606	0.858372	5.14522	5.1255
-1.46277	0.860014	5.14292	5.1255
-1.46671	0.866585	5.14193	5.12649
-1.46343	0.8564	5.14193	5.12583
-1.46211	0.8587	5.14095	5.12452
-1.46836	0.849172	5.13897	5.12485
-1.47296	0.838659	5.13996	5.1255
-1.47427	0.834059	5.14029	5.12518
-1.48741	0.828474	5.21848	5.20928
-1.48905	0.832417	5.30456	5.29865
-1.48741	0.831103	5.26875	5.26185
-1.48971	0.831103	5.18859	5.17807
-1.48873	0.833074	5.13996	5.12748
-1.49595	0.82486	5.13076	5.1163
-1.49858	0.822889	5.13766	5.12189
-1.50417	0.820261	5.14292	5.12616
-1.49891	0.821575	5.14489	5.12879
-1.50088	0.822561	5.14423	5.12715
-1.50942	0.816975	5.14259	5.1255
-1.50417	0.822889	5.14029	5.12485
-1.50778	0.824203	5.13996	5.12583
-1.50482	0.82716	5.14029	5.12649
-1.51665	0.817304	5.14127	5.12616
-1.52355	0.796934	5.14226	5.12649
-1.52125	0.805805	5.1416	5.12649
-1.53012	0.797591	5.14062	5.12813
-1.53078	0.804819	5.14062	5.12846
-1.53636	0.799891	5.1416	5.12748
-1.53078	0.813033	5.1416	5.12583
-1.52289	0.82946	5.14259	5.12682
-1.52027	0.839316	5.14325	5.12748
-1.51599	0.850815	5.1439	5.12879
-1.51337	0.850815	5.14292	5.12879
-1.50975	0.853443	5.1416	5.12682
-1.50844	0.848187	5.1416	5.12682
-1.50417	0.854101	5.14357	5.12649
-1.49957	0.863628	5.14292	5.12616
-1.50187	0.855415	5.14292	5.12485
-1.49793	0.858043	5.14357	5.12386
-1.49103	0.859686	5.14522	5.12518
-1.49694	0.853443	5.14522	5.12748
-1.4953	0.854101	5.14489	5.12813
-1.4907	0.865928	5.14226	5.12715
-1.49365	0.868885	5.14127	5.12485
-1.49595	0.871185	5.14095	5.12353
-1.49135	0.869213	5.14259	5.12452
-1.48643	0.870199	5.1439	5.1255
-1.47986	0.878741	5.14325	5.12518
-1.48051	0.875784	5.14226	5.12485
-1.48051	0.870199	5.14292	5.12419
-1.47624	0.871185	5.14259	5.1232
-1.4861	0.859686	5.14193	5.12419
-1.48544	0.865599	5.14127	5.12616
-1.48117	0.87447	5.1393	5.12748
-1.4884	0.863628	5.13996	5.12977
-1.48938	0.862314	5.13996	5.12945
-1.48413	0.865599	5.14127	5.12748
-1.49333	0.856729	5.14062	5.1255
-1.4976	0.853772	5.13963	5.12485
-1.50318	0.844901	5.13865	5.12518
-1.51468	0.837673	5.13799	5.12616
-1.52881	0.818289	5.13897	5.1278
-1.53275	0.807776	5.14029	5.12715
-1.54129	0.796277	5.1416	5.12419
-1.53932	0.795292	5.14259	5.12222
-1.54983	0.781821	5.14292	5.12419
-1.56462	0.774265	5.14259	5.12616
-1.55903	0.780507	5.14095	5.12649
-1.55838	0.776893	5.14062	5.12616
-1.56298	0.758495	5.14127	5.12682
-1.57415	0.736483	5.1439	5.1255
-1.58236	0.711842	5.14489	5.12419
-1.59057	0.691801	5.14292	5.12485
-1.59254	0.685559	5.14062	5.1255
-1.59484	0.690487	5.14029	5.12649
-1.60273	0.680959	5.14193	5.12583
-1.60864	0.673403	5.14357	5.12452
-1.6139	0.665189	5.14456	5.12353
-1.61686	0.661247	5.14522	5.12386
-1.61587	0.663218	5.14325	5.12386
-1.61521	0.659275	5.14062	5.12419
-1.61719	0.659275	5.13996	5.1255
-1.61949	0.65599	5.14226	5.12616
-1.61751	0.645805	5.14423	5.1255
-1.6185	0.651062	5.14489	5.1255
-1.61521	0.652376	5.14456	5.1255
-1.61357	0.655333	5.14587	5.12682
-1.61521	0.655333	5.14653	5.12813
-1.61193	0.660918	5.1462	5.12813
-1.6093	0.657633	5.1439	5.1278
-1.60634	0.665846	5.1416	5.12748
-1.6047	0.667817	5.14095	5.12452
-1.60207	0.682602	5.14226	5.12386
-1.6024	0.68523	5.14259	5.12518
-1.59484	0.694101	5.14259	5.12616
-1.59386	0.690815	5.1439	5.12583
-1.58499	0.709214	5.14489	5.12583
-1.58959	0.711842	5.14653	5.12616
-1.5817	0.71907	5.1462	5.12715
-1.57612	0.725641	5.14522	5.12682
-1.57283	0.726298	5.14357	5.12485
-1.5702	0.727283	5.14062	5.12353
-1.561	0.741739	5.14062	5.12353
-1.55509	0.753238	5.14193	5.1232
-1.55509	0.749953	5.14357	5.1232
-1.55082	0.751596	5.14423	5.12288
-1.54556	0.76408	5.14226	5.12353
-1.54326	0.767037	5.14226	5.12419
-1.53472	0.778864	5.14029	5.12649
-1.52289	0.794963	5.14062	5.12748
-1.51764	0.801534	5.14193	5.12682
-1.51402	0.79562	5.1439	5.12583
-1.51271	0.802848	5.14456	5.12419
-1.50055	0.813361	5.14226	5.12353
-1.49037	0.82486	5.14062	5.12288
-1.49333	0.816975	5.13996	5.12353
-1.49727	0.821246	5.14193	5.1255
-1.48774	0.822889	5.1439	5.12616
-1.48478	0.828146	5.14456	5.12583
-1.49267	0.821246	5.1439	5.12616
-1.48938	0.833731	5.14325	5.12485
-1.48741	0.83176	5.1416	5.12386
-1.48478	0.830774	5.14226	5.12518
-1.48413	0.834059	5.14325	5.12616
-1.48183	0.847858	5.14456	5.1255
-1.47756	0.857386	5.14456	5.1232
-1.47723	0.861657	5.14325	5.12255
-1.4746	0.867571	5.14259	5.12386
-1.47296	0.87447	5.1416	5.1255
-1.46868	0.882355	5.1416	5.12813
-1.4654	0.883341	5.14193	5.12846
-1.46639	0.87447	5.14357	5.12682
-1.46474	0.875784	5.14226	5.12518
-1.45981	0.888597	5.14127	5.12353
-1.46507	0.880055	5.14292	5.1232
-1.47493	0.875784	5.14357	5.12419
-1.48018	0.867899	5.14226	5.1255
-1.47788	0.875127	5.14292	5.12682
-1.47723	0.87907	5.14423	5.1255
-1.47526	0.883012	5.1439	5.12255
-1.47328	0.886298	5.14357	5.11959
-1.46967	0.875127	5.14259	5.12058
-1.4654	0.868228	5.14226	5.12353
-1.46277	0.866585	5.14226	5.12485
-1.4585	0.868556	5.14127	5.12518
-1.45127	0.882684	5.14193	5.12452
-1.45127	0.875127	5.14292	5.12353
-1.44306	0.888597	5.14259	5.12255
-1.44076	0.881369	5.1416	5.1255
-1.44437	0.865271	5.14127	5.12649
-1.44404	0.874799	5.14127	5.12649
-1.43353	0.884655	5.1416	5.1255
-1.43419	0.893197	5.14489	5.12583
-1.43189	0.900096	5.1462	5.12419
-1.42565	0.903053	5.14456	5.12518
-1.4263	0.881369	5.14226	5.12616
-1.42893	0.872827	5.1393	5.12649
-1.424	0.873484	5.14193	5.12846
-1.42992	0.865599	5.14357	5.12879
-1.43386	0.861328	5.14423	5.12649
-1.4424	0.849172	5.14587	5.12518
-1.44273	0.854429	5.1462	5.12485
-1.43846	0.848515	5.1462	5.12616
-1.44273	0.848844	5.14423	5.12649
-1.44339	0.84293	5.1439	5.12616
-1.44109	0.841944	5.14357	5.12682
-1.44569	0.843587	5.14587	5.12682
-1.45193	0.848844	5.14653	5.12748
-1.44667	0.862971	5.14423	5.12748
-1.45062	0.865271	5.14193	5.12748
-1.45029	0.873156	5.1416	5.12715
-1.45324	0.871185	5.14062	5.12616
-1.46179	0.862643	5.1416	5.12452
-1.46704	0.853772	5.14259	5.12386
-1.4746	0.851144	5.14325	5.12485
-1.47723	0.842602	5.14193	5.1255
-1.48051	0.837345	5.14062	5.12682
-1.48971	0.825846	5.14095	5.12649
-1.49694	0.815333	5.14357	5.1255
-1.49858	0.818947	5.14587	5.12419
-1.50647	0.810076	5.14555	5.12255
-1.5045	0.810733	5.14292	5.1232
-1.50121	0.815333	5.14193	5.1255
-1.50647	0.803834	5.14127	5.12846
-1.51205	0.800877	5.1416	5.13109
-1.52454	0.792006	5.14259	5.12846
-1.52421	0.790692	5.1439	5.12583
-1.53406	0.78215	5.14292	5.12452
-1.53932	0.771965	5.14029	5.12583
-1.54721	0.759809	5.13963	5.12715
-1.55115	0.762437	5.14029	5.12682
-1.56232	0.746667	5.14226	5.12452
-1.56725	0.744039	5.14292	5.12485
-1.56593	0.739768	5.14456	5.12452
-1.56528	0.73944	5.14555	5.12386
-1.561	0.742725	5.14555	5.12583
-1.56528	0.731226	5.14456	5.12452
-1.56593	0.730897	5.14555	5.12255
-1.56363	0.73714	5.14587	5.1232
-1.561	0.747325	5.14325	5.12583
-1.56725	0.741411	5.1439	5.12649
-1.56626	0.741411	5.1439	5.12518
-1.56495	0.744368	5.1439	5.12419
-1.56593	0.75061	5.14259	5.12386
-1.56528	0.757181	5.14325	5.12485
-1.56199	0.762437	5.14522	5.1255
-1.55378	0.762766	5.14555	5.12518
-1.54819	0.769008	5.14357	5.12419
-1.54753	0.769337	5.14062	5.12452
-1.54195	0.778207	5.14127	5.12518
-1.54326	0.775579	5.14193	5.1255
-1.54589	0.778536	5.14193	5.12452
-1.54655	0.78215	5.14226	5.12649
-1.54261	0.790692	5.14095	5.12813
-1.54326	0.786749	5.14193	5.12879
-1.54162	0.790035	5.14292	5.1278
-1.54294	0.783793	5.14259	5.12682
-1.54523	0.780179	5.14127	5.12583
-1.54261	0.773936	5.14095	5.12485
-1.54523	0.761452	5.14226	5.12353
-1.54688	0.761452	5.1439	5.12288
-1.54951	0.760795	5.14587	5.12485
-1.54786	0.76178	5.1462	5.12649
-1.54885	0.760466	5.14555	5.12649
-1.54162	0.766708	5.14522	5.1255
-1.54031	0.758495	5.14719	5.12452
-1.53932	0.760466	5.14916	5.12452
-1.54129	0.757181	5.14949	5.12485
-1.53932	0.765394	5.14785	5.12518
-1.54655	0.754552	5.14653	5.12518
-1.54852	0.748967	5.14522	5.12616
-1.54228	0.762766	5.14423	5.12485
-1.54326	0.759809	5.14292	5.12485
-1.54228	0.765066	5.14357	5.12485
-1.54064	0.767037	5.14522	5.12255
-1.54228	0.770651	5.14653	5.12255
-1.53998	0.774593	5.1462	5.12288
-1.53801	0.778864	5.14357	5.12485
-1.54064	0.78445	5.14259	5.12452
-1.53768	0.785764	5.14292	5.1255
-1.53998	0.790363	5.1439	5.12452
-1.53538	0.796277	5.1439	5.12419
-1.52815	0.804491	5.1439	5.1255
-1.53406	0.814018	5.1439	5.12682
-1.53045	0.825189	5.14423	5.12715
-1.52947	0.830446	5.14423	5.12649
-1.52914	0.832745	5.14423	5.12583
-1.53308	0.831103	5.14555	5.12419
-1.53571	0.833402	5.14719	5.12386
-1.53341	0.828146	5.14752	5.12386
-1.52947	0.832745	5.14423	5.12419
-1.52651	0.829131	5.14095	5.1278
-1.52355	0.836359	5.14127	5.12945
-1.52454	0.834717	5.14325	5.12945
-1.52125	0.842273	5.1439	5.12649
-1.51534	0.841616	5.14423	5.1232
-1.50712	0.857057	5.14193	5.12222
-1.51008	0.855415	5.14062	5.12288
-1.50285	0.851472	5.14029	5.1232
-1.4976	0.856729	5.14226	5.12485
-1.49037	0.8633	5.14522	5.12616
-1.48084	0.871842	5.14653	5.12485
-1.47066	0.880384	5.14522	5.12583
-1.47131	0.882355	5.14489	5.12682
-1.47098	0.87907	5.1439	5.12715
-1.47263	0.870856	5.1439	5.12846
-1.46507	0.876441	5.14423	5.12879
-1.47296	0.870199	5.14357	5.12748
-1.47098	0.866585	5.14226	5.12518
-1.47493	0.870199	5.14325	5.12255
-1.46606	0.873813	5.14259	5.12353
-1.45324	0.89484	5.14193	5.12386
-1.4539	0.883341	5.14292	5.12485
-1.44634	0.880712	5.14357	5.12518
-1.44306	0.893525	5.14226	5.12583
-1.44174	0.89484	5.14292	5.12616
-1.44503	0.89484	5.14226	5.12715
-1.44667	0.90371	5.14259	5.1278
-1.44766	0.907653	5.14456	5.12616
-1.447	0.906667	5.14522	5.12583
-1.44634	0.903382	5.14325	5.1255
-1.44109	0.900096	5.14259	5.12518
-1.44536	0.894183	5.1439	5.12452
-1.44602	0.897797	5.14226	5.12583
-1.447	0.90141	5.14062	5.1255
-1.44897	0.904696	5.13963	5.1255
-1.45456	0.888597	5.13897	5.12485
-1.45489	0.889254	5.14062	5.12419
-1.45784	0.892211	5.14127	5.1232
-1.46376	0.901739	5.14325	5.12353
-1.4608	0.906339	5.14325	5.12353
-1.45916	0.916852	5.14259	5.12419
-1.45981	0.918166	5.14226	5.12715
-1.45653	0.917838	5.14292	5.1278
-1.45916	0.917509	5.14259	5.12583
-1.45587	0.917509	5.14259	5.12485
-1.46474	0.907981	5.14456	5.12485
-1.46474	0.901739	5.14587	5.12616
-1.46343	0.906996	5.14555	5.12682
-1.46047	0.907653	5.14357	5.12715
-1.45981	0.917509	5.14259	5.12748
-1.46244	0.918166	5.14325	5.12846
-1.45981	0.922109	5.14357	5.12715
-1.4654	0.915538	5.14423	5.12583
-1.46836	0.912252	5.1439	5.12715
-1.46934	0.914552	5.14423	5.12748
-1.46967	0.90831	5.14357	5.12649
-1.46868	0.907981	5.14292	5.12616
-1.46868	0.912252	5.1439	5.1255
-1.46639	0.91061	5.14489	5.12583
-1.46376	0.915866	5.14522	5.1255
-1.46014	0.916523	5.14587	5.12649
-1.45094	0.929008	5.14456	5.12813
-1.45062	0.922766	5.1416	5.12879
-1.44733	0.922766	5.14259	5.12649
-1.44799	0.914881	5.14489	5.12288
-1.45324	0.914224	5.14555	5.12156
-1.4516	0.911595	5.14489	5.12123
-1.4585	0.90141	5.14292	5.12222
-1.46047	0.89484	5.13897	5.1232
-1.46836	0.886626	5.13503	5.12452
-1.46343	0.877755	5.137	5.12518
-1.46211	0.879398	5.14226	5.12583
-1.46704	0.878084	5.14587	5.12485
-1.45719	0.880712	5.14587	5.12386
-1.44832	0.885969	5.1439	5.12485
-1.44306	0.886955	5.14456	5.12583
-1.44372	0.886298	5.14489	5.12748
-1.43682	0.894183	5.1439	5.12748
-1.4401	0.887612	5.14292	5.12583
-1.44207	0.884655	5.14193	5.12649
-1.44799	0.872499	5.14062	5.12682
-1.44437	0.870856	5.14292	5.12649
-1.44799	0.87217	5.14423	5.12583
-1.45357	0.864942	5.14292	5.12518
-1.45883	0.862971	5.14193	5.12452
-1.46573	0.873813	5.14193	5.1232
-1.4746	0.865271	5.14259	5.12288
-1.47066	0.860343	5.14226	5.12386
-1.46934	0.852786	5.14127	5.12452
-1.46934	0.855743	5.14062	5.12452
-1.47296	0.861328	5.1416	5.12419
-1.47427	0.862314	5.14325	5.12485
-1.47723	0.865271	5.14292	5.12353
-1.47887	0.865599	5.14325	5.12123
-1.47854	0.866257	5.14292	5.12255
-1.48708	0.867242	5.14325	5.12288
-1.47986	0.876441	5.14456	5.12255
-1.48478	0.873813	5.14555	5.12386
-1.48675	0.865271	5.14357	5.12419
-1.48938	0.861657	5.14259	5.12485
-1.4907	0.856729	5.14226	5.12682
-1.49957	0.852458	5.14292	5.12715
-1.50548	0.840959	5.14357	5.1278
-1.5114	0.835374	5.14292	5.12616
-1.5045	0.846873	5.14193	5.12485
-1.50318	0.854101	5.14062	5.12452
-1.50088	0.850815	5.14193	5.12518
-1.51501	0.838659	5.1439	5.1255
-1.5091	0.846873	5.14325	5.12583
-1.50811	0.84523	5.14423	5.12616
-1.51501	0.833402	5.14357	5.12682
-1.51271	0.837673	5.1439	5.12748
-1.50942	0.847858	5.1439	5.1255
-1.5045	0.851801	5.1439	5.12288
-1.4999	0.861	5.14325	5.1232
-1.49825	0.864614	5.14226	5.12419
-1.49595	0.865928	5.14127	5.12583
-1.49957	0.859029	5.14193	5.1255
-1.49234	0.869542	5.14423	5.1232
-1.50417	0.859686	5.14423	5.12189
-1.50285	0.865928	5.14259	5.12255
-1.50055	0.867571	5.13996	5.12452
-1.50154	0.863628	5.14029	5.12649
-1.50285	0.857057	5.14259	5.1278
-1.49398	0.865599	5.14357	5.12682
-1.49727	0.858372	5.14456	5.12386
-1.49398	0.864285	5.1439	5.12255
-1.49201	0.864942	5.14522	5.12386
-1.49037	0.875456	5.14325	5.1255
-1.48084	0.872499	5.14127	5.12813
-1.47657	0.877098	5.1416	5.12682
-1.47328	0.87907	5.14292	5.12649
-1.47164	0.877755	5.1439	5.12813
-1.4654	0.87677	5.14193	5.12583
-1.46113	0.873484	5.1416	5.12452
-1.45291	0.880055	5.1416	5.12518
-1.44174	0.87907	5.14127	5.12616
-1.45029	0.871513	5.1416	5.12616
-1.44273	0.875127	5.1439	5.12518
-1.43944	0.871513	5.14456	5.12288
-1.43682	0.879398	5.14423	5.12189
-1.4401	0.875456	5.14292	5.12255
-1.44207	0.878741	5.14193	5.12419
-1.45062	0.878741	5.14193	5.12682
-1.45423	0.882027	5.14029	5.1278
-1.44437	0.878741	5.14226	5.12715
-1.45062	0.873156	5.14423	5.1255
-1.44174	0.882355	5.14456	5.12518
-1.44372	0.882355	5.14193	5.12485
-1.44569	0.888926	5.14127	5.12518
-1.4493	0.889912	5.14226	5.12452
-1.44766	0.893854	5.14325	5.12353
-1.44634	0.901082	5.14456	5.12353
-1.45259	0.897468	5.14653	5.12386
-1.45029	0.895825	5.14785	5.12485
-1.45029	0.895825	5.1462	5.1255
-1.44339	0.909953	5.14357	5.1255
-1.44799	0.91718	5.1416	5.12452
-1.44667	0.925065	5.14127	5.12452
-1.44174	0.930651	5.14127	5.12386
-1.44207	0.943792	5.1416	5.12518
-1.4355	0.950692	5.14095	5.1255
-1.42696	0.962191	5.1416	5.12583
-1.42959	0.962191	5.14127	5.12518
-1.43715	0.960877	5.14259	5.12583
-1.43057	0.96909	5.14423	5.12649
-1.44043	0.967776	5.14555	5.12682
-1.43682	0.976647	5.14423	5.12748
-1.42992	0.980589	5.14456	5.1278
-1.42367	0.981246	5.14193	5.12977
-1.40758	0.998987	5.14062	5.12945
-1.40922	0.993074	5.14193	5.12583
-1.39443	1.00622	5.1439	5.12452
-1.39016	1.01147	5.14423	5.12616
-1.38688	1.01476	5.14325	5.1278
-1.37045	1.02527	5.14292	5.12912
-1.37472	1.01607	5.14357	5.12715
-1.37045	1.01837	5.14193	5.12419
-1.36454	1.01804	5.14127	5.12419
-1.35928	1.02691	5.14292	5.12419
-1.35107	1.02626	5.1439	5.12419
-1.35008	1.03283	5.14555	5.12386
-1.3491	1.03743	5.14489	5.12353
-1.34088	1.04268	5.14489	5.12518
-1.33825	1.04827	5.14325	5.12715
-1.33234	1.04104	5.14226	5.12715
-1.32446	1.04498	5.14292	5.12353
-1.31854	1.04695	5.1439	5.12123
-1.31394	1.05057	5.14522	5.1209
-1.31558	1.04006	5.14587	5.12353
-1.32544	1.03184	5.14587	5.1255
-1.32478	1.02593	5.14357	5.12616
-1.32347	1.02921	5.14357	5.12452
-1.32676	1.02396	5.14423	5.1232
-1.32446	1.02264	5.14489	5.12288
-1.32938	1.01311	5.14325	5.12518
-1.33168	1.00096	5.14127	5.12682
-1.32446	1.0141	5.14127	5.12649
-1.3169	1.01739	5.14095	5.12583
-1.31164	1.02231	5.13996	5.12715
-1.30409	1.03151	5.13996	5.1255
-1.31526	1.03283	5.13996	5.12288
-1.3261	1.02954	5.1416	5.12189
-1.34121	1.02429	5.1439	5.12222
-1.3445	1.0164	5.14456	5.12386
-1.3468	1.01443	5.1439	5.1255
-1.36421	1.00194	5.14456	5.12649
-1.37439	0.990117	5.14653	5.12682
-1.38294	0.983217	5.14719	5.12452
-1.40133	0.970733	5.14522	5.12452
-1.40626	0.966462	5.14456	5.12419
-1.41119	0.958905	5.14325	5.12485
-1.42269	0.952006	5.14325	5.12616
-1.43715	0.945107	5.14423	5.12616
-1.45062	0.93525	5.14489	5.12419
-1.45062	0.936236	5.14357	5.12288
-1.45719	0.92638	5.14259	5.12485
-1.45259	0.916523	5.14259	5.12748
-1.45916	0.905353	5.14325	5.12879
-1.46836	0.893525	5.14259	5.12912
-1.4815	0.88564	5.14095	5.1278
-1.48511	0.877755	5.14226	5.12419
-1.49563	0.867571	5.14226	5.12189
-1.49168	0.855743	5.14292	5.12288
-1.49957	0.850487	5.1439	5.12452
-1.4976	0.851801	5.14423	5.12583
-1.49431	0.850158	5.14456	5.12748
-1.4953	0.843916	5.14489	5.12485
-1.49563	0.837345	5.14555	5.1209
-1.49825	0.833074	5.14653	5.1209
-1.49825	0.841944	5.14489	5.12353
-1.50417	0.828474	5.14193	5.12715
-1.49858	0.831431	5.14127	5.1301
-1.49267	0.837673	5.14325	5.12879
-1.49464	0.833074	5.14587	5.12813
-1.50055	0.836031	5.1462	5.12616
-1.49333	0.841944	5.14489	5.12485
-1.48774	0.841287	5.14456	5.1255
-1.4861	0.839316	5.14423	5.12682
-1.4792	0.853443	5.14292	5.12879
-1.47854	0.835702	5.14193	5.12879
-1.47394	0.839645	5.14325	5.12813
-1.46671	0.852458	5.14423	5.12583
-1.47098	0.853443	5.1416	5.12518
-1.47066	0.851801	5.13996	5.12616
-1.47723	0.851472	5.14193	5.12682
-1.47624	0.858372	5.14423	5.12649
-1.46901	0.864942	5.14653	5.12616
-1.46047	0.87907	5.14719	5.12353
-1.4516	0.888926	5.14752	5.12189
-1.45291	0.898454	5.14752	5.12255
-1.45226	0.907324	5.14555	5.12419
-1.45456	0.896811	5.1439	5.1255
-1.45094	0.898782	5.1416	5.12616
-1.45456	0.893854	5.14127	5.12649
-1.45291	0.891226	5.14292	5.12583
-1.45456	0.882355	5.14522	5.12452
-1.4493	0.882684	5.14423	5.12485
-1.4401	0.891554	5.14226	5.12583
-1.44142	0.89254	5.14193	5.12583
-1.44174	0.886626	5.14325	5.12682
-1.44076	0.891883	5.14587	5.12682
-1.44142	0.900425	5.14686	5.12715
-1.44174	0.900096	5.14653	5.12616
-1.44174	0.907324	5.14357	5.12616
-1.4332	0.915866	5.14029	5.1255
-1.43222	0.920137	5.14029	5.12386
-1.42663	0.922109	5.14095	5.12452
-1.42499	0.923094	5.14456	5.1232
-1.43025	0.929994	5.14587	5.12288
-1.43123	0.947078	5.1462	5.12353
-1.43123	0.944449	5.14555	5.1255
-1.42663	0.951677	5.1462	5.12682
-1.41349	0.960877	5.14489	5.12649
-1.41612	0.962519	5.14325	5.12353
-1.4148	0.970076	5.14259	5.12386
-1.41382	0.986831	5.14357	5.12616
-1.41743	0.983217	5.14522	5.12846
-1.39772	1.0003	5.1439	5.12879
-1.39148	1.00983	5.14226	5.12846
-1.38622	1.01969	5.1416	5.12748
-1.38425	1.01903	5.14226	5.12879
-1.37998	1.01673	5.14325	5.12748
-1.37866	1.01771	5.14357	5.1255
-1.37341	1.01969	5.14193	5.12518
-1.36717	1.02166	5.14127	5.1255
-1.36191	1.02823	5.1416	5.12485
-1.36388	1.03217	5.14292	5.12682
-1.36487	1.03053	5.14456	5.12715
-1.35402	1.03611	5.14555	5.12649
-1.35008	1.04104	5.14357	5.12583
-1.35337	1.03874	5.1393	5.12452
-1.35468	1.03808	5.13865	5.12419
-1.35041	1.03414	5.14259	5.12583
-1.34811	1.03086	5.14555	5.12649
-1.35008	1.03184	5.14555	5.12649
-1.35698	1.03217	5.14522	5.1255
-1.3491	1.02001	5.14522	5.12485
-1.35665	1.00687	5.1439	5.12649
-1.36092	1.00884	5.14226	5.12682
-1.356	1.00753	5.14127	5.12616
-1.35468	1.00424	5.14292	5.12649
-1.35172	1.01344	5.14456	5.12748
-1.36059	0.998002	5.14522	5.12748
-1.36059	0.99603	5.14653	5.12715
-1.36454	0.992417	5.1462	5.12846
-1.36158	0.984532	5.1439	5.12813
-1.36355	0.980589	5.14456	5.1278
-1.36717	0.974018	5.14357	5.12912
-1.36027	0.982232	5.14292	5.12682
-1.35107	0.986174	5.14292	5.12452
-1.36749	0.975004	5.14292	5.12353
-1.37801	0.974347	5.14095	5.12419
-1.38885	0.966462	5.13963	5.12682
-1.39542	0.970404	5.13996	5.1278
-1.39838	0.968433	5.14292	5.12616
-1.40528	0.959891	5.14686	5.12419
-1.41053	0.954963	5.14817	5.1232
-1.41152	0.952663	5.14752	5.12288
-1.41415	0.955291	5.14489	5.12485
-1.41513	0.954306	5.14357	5.12518
-1.42367	0.947406	5.14522	5.12583
-1.42302	0.95332	5.14719	5.12715
-1.43419	0.943792	5.14785	5.12419
-1.43057	0.949049	5.14555	5.12353
-1.43386	0.941493	5.14193	5.12386
-1.43485	0.942478	5.14029	5.12452
-1.42893	0.942478	5.13996	5.12353
-1.43616	0.944121	5.14062	5.12288
-1.44437	0.934593	5.1416	5.1232
-1.447	0.934593	5.14127	5.12288
-1.44536	0.934593	5.14127	5.12353
-1.4447	0.933936	5.14029	5.12353
-1.44832	0.931965	5.1416	5.1232
-1.45094	0.929337	5.14193	5.12419
-1.44733	0.930322	5.14127	5.12386
-1.44142	0.931636	5.1416	5.12583
-1.44273	0.933936	5.14259	5.12649
-1.44536	0.92638	5.14456	5.12583
-1.45324	0.925065	5.1462	5.12452
-1.44667	0.91718	5.14555	5.12485
-1.44273	0.92408	5.14357	5.1255
-1.43452	0.925394	5.14292	5.12813
-1.43025	0.919152	5.14489	5.12813
-1.4217	0.917509	5.14555	5.12682
-1.41579	0.921123	5.14423	5.1255
-1.41382	0.926051	5.14127	5.12518
-1.41612	0.920794	5.14029	5.12583
-1.4148	0.914881	5.14127	5.12748
-1.40856	0.919809	5.14325	5.1278
-1.40232	0.91948	5.14522	5.12583
-1.40462	0.914224	5.1439	5.12419
-1.41119	0.911924	5.1439	5.12419
-1.41513	0.904367	5.14423	5.1255
-1.42466	0.89484	5.14259	5.12879
-1.43025	0.900425	5.14259	5.1301
-1.43057	0.896811	5.14226	5.1278
-1.4217	0.910938	5.14193	5.12649
-1.4194	0.915538	5.14193	5.1255
-1.42565	0.913567	5.14325	5.1255
-1.42696	0.91061	5.1439	5.12682
-1.41809	0.923094	5.14357	5.1278
-1.42236	0.917838	5.14226	5.12813
-1.42499	0.919152	5.14325	5.12715
-1.43255	0.915209	5.14292	5.12518
-1.43123	0.912581	5.14292	5.12452
-1.43353	0.910281	5.14226	5.12649
-1.43255	0.913567	5.1416	5.12748
-1.43485	0.907981	5.14259	5.12715
-1.43485	0.917838	5.14259	5.12616
-1.43616	0.923751	5.1439	5.12353
-1.43517	0.913895	5.14456	5.12189
-1.43485	0.915538	5.14522	5.12255
-1.43485	0.910281	5.14456	5.12518
-1.44306	0.900096	5.14292	5.12583
-1.44273	0.897797	5.14193	5.12682
-1.44273	0.90141	5.14193	5.12452
-1.447	0.914224	5.14325	5.12222
-1.45127	0.911267	5.14555	5.12222
-1.44996	0.918166	5.14522	5.12419
-1.44996	0.923423	5.14259	5.12649
-1.45423	0.923751	5.14062	5.12748
-1.45817	0.91948	5.14029	5.12682
-1.45751	0.923751	5.14193	5.12649
-1.45784	0.925723	5.14259	5.1255
-1.46441	0.916195	5.14423	5.12616
-1.47131	0.90831	5.14555	5.12583
-1.47098	0.905682	5.14522	5.1255
-1.46343	0.908638	5.1439	5.12485
-1.47131	0.894183	5.14489	5.12419
-1.47361	0.889912	5.14555	5.1255
-1.47558	0.876441	5.14325	5.12452
-1.47657	0.880384	5.14325	5.12419
-1.47296	0.889254	5.1439	5.12419
-1.48117	0.886955	5.14226	5.12452
-1.48183	0.895168	5.14127	5.12682
-1.47953	0.893854	5.1416	5.12616
-1.47066	0.897797	5.14029	5.1255
-1.46507	0.895825	5.13865	5.12386
-1.46573	0.889583	5.13865	5.1232
-1.46606	0.88794	5.13865	5.1232
-1.46836	0.877427	5.1393	5.12419
-1.47493	0.876113	5.14062	5.1255
-1.47263	0.873484	5.14357	5.12419
-1.46737	0.878413	5.1462	5.12452
-1.4631	0.884983	5.14653	5.12583
-1.46639	0.873813	5.14423	5.1255
-1.4746	0.868885	5.14325	5.1255
-1.47788	0.871842	5.14259	5.12649
-1.47723	0.873813	5.14522	5.12715
-1.47164	0.883998	5.14522	5.1255
-1.46967	0.887612	5.14489	5.12452
-1.46901	0.87907	5.1439	5.12419
-1.46343	0.886298	5.14127	5.12518
-1.46474	0.887283	5.13963	5.12386
-1.45981	0.888597	5.13799	5.12419
-1.46277	0.878084	5.13865	5.1255
-1.46211	0.881041	5.13963	5.1255
-1.46146	0.882027	5.1416	5.12485
-1.46277	0.875456	5.14292	5.1255
-1.4654	0.875127	5.14259	5.12715
-1.46277	0.883341	5.13996	5.12748
-1.45653	0.880384	5.13996	5.12748
-1.46343	0.875127	5.14193	5.12518
-1.4608	0.881041	5.14259	5.12419
-1.4562	0.884983	5.14259	5.12386
-1.44832	0.899111	5.14292	5.1255
-1.45489	0.894511	5.14292	5.12649
-1.45554	0.90601	5.14193	5.12583
-1.44503	0.917509	5.14029	5.12419
-1.44569	0.921123	5.13963	5.12452
-1.44306	0.929008	5.14095	5.12682
-1.44339	0.929337	5.1439	5.12912
-1.45226	0.911924	5.14357	5.1301
-1.44799	0.905024	5.14259	5.12879
-1.4516	0.896811	5.14226	5.12813
-1.44799	0.906339	5.14325	5.12649
-1.44733	0.914881	5.14357	5.12583
-1.45291	0.911924	5.14423	5.12419
-1.45883	0.907653	5.14489	5.12485
-1.44733	0.910938	5.14423	5.12649
-1.45226	0.900425	5.14259	5.12846
-1.44634	0.911924	5.1416	5.12616
-1.44602	0.908967	5.14226	5.12386
-1.45029	0.912252	5.14423	5.12353
-1.45587	0.914224	5.14587	5.12386
-1.45751	0.914881	5.14489	5.12419
-1.46113	0.911267	5.14292	5.12419
-1.46376	0.905353	5.14127	5.12485
-1.45423	0.911267	5.14193	5.12748
-1.45489	0.913567	5.14259	5.1278
-1.44306	0.929994	5.14193	5.12649
-1.4355	0.931636	5.14259	5.12419
-1.42827	0.933608	5.1439	5.12518
-1.41875	0.918823	5.14292	5.12715
-1.40955	0.926051	5.14193	5.12813
-1.40692	0.924408	5.14127	5.12649
-1.40955	0.919809	5.14127	5.12583
-1.39706	0.935579	5.14193	5.12419
-1.39838	0.935907	5.14292	5.12353
-1.4125	0.929665	5.1439	5.12386
-1.42532	0.915209	5.14423	5.12419
-1.42926	0.916852	5.1439	5.12682
-1.43386	0.899439	5.14259	5.12616
-1.42269	0.899439	5.14193	5.12485
-1.4148	0.887283	5.14127	5.12518
-1.41382	0.883012	5.14259	5.12452
-1.41645	0.881698	5.14259	5.12386
-1.42466	0.888926	5.14226	5.12419
-1.43419	0.886626	5.14292	5.12616
-1.4401	0.872499	5.14226	5.12715
-1.45094	0.865271	5.14292	5.12649
-1.46244	0.857057	5.1439	5.12386
-1.45981	0.864285	5.14325	5.12419
-1.46901	0.855415	5.14127	5.1255
-1.47164	0.852129	5.13996	5.1278
-1.48018	0.838002	5.14095	5.12813
-1.47821	0.84063	5.14226	5.12748
-1.47	0.846216	5.14522	5.12518
-1.46507	0.857386	5.14719	5.1232
-1.47164	0.863628	5.14817	5.12222
-1.48938	0.851144	5.14555	5.12419
-1.48774	0.851144	5.14226	5.1255
-1.49135	0.849501	5.14127	5.12682
-1.49727	0.846216	5.14259	5.12879
-1.50121	0.848844	5.14325	5.12748
-1.50548	0.850815	5.14226	5.12682
-1.50548	0.851144	5.14357	5.1255
-1.51895	0.839316	5.14423	5.12288
-1.52092	0.837345	5.14357	5.1232
-1.52224	0.840302	5.1416	5.12485
-1.52717	0.835374	5.14259	5.12682
-1.53209	0.838988	5.14259	5.12649
-1.53144	0.839973	5.1439	5.12485
-1.52947	0.840959	5.14522	5.12222
-1.53899	0.823875	5.14587	5.12222
-1.54195	0.82946	5.14555	5.12419
-1.53899	0.824532	5.14423	5.12616
-1.54359	0.820589	5.14456	5.12879
-1.54458	0.822889	5.14522	5.12813
-1.54162	0.828146	5.14555	5.12682
-1.54786	0.81369	5.14522	5.12682
-1.54852	0.815333	5.14357	5.12583
-1.54819	0.808433	5.14357	5.1255
-1.54294	0.814676	5.14357	5.12682
-1.53866	0.817632	5.14325	5.12583
-1.54491	0.814676	5.14226	5.1255
-1.54261	0.817304	5.1416	5.12485
-1.53834	0.823875	5.1416	5.12386
-1.53242	0.828146	5.14193	5.12386
-1.53571	0.820918	5.1439	5.12518
-1.53439	0.821575	5.14423	5.12649
-1.52947	0.82946	5.14423	5.12715
-1.52322	0.841287	5.14489	5.1278
-1.52257	0.832417	5.14555	5.12649
-1.51337	0.837673	5.14489	5.12452
-1.50581	0.853772	5.1439	5.1255
-1.50581	0.848844	5.14259	5.12715
-1.5022	0.853115	5.14259	5.12682
-1.50285	0.843916	5.14292	5.1255
-1.49694	0.8564	5.14522	5.12518
-1.49037	0.866914	5.14653	5.12518
-1.47427	0.879398	5.14522	5.12715
-1.46803	0.879398	5.14555	5.12715
-1.45916	0.877427	5.14489	5.12846
-1.45423	0.885969	5.14423	5.12748
-1.44733	0.883998	5.14522	5.12485
-1.44602	0.874799	5.14489	5.12288
-1.43386	0.893197	5.14292	5.12288
-1.43977	0.897139	5.14325	5.1232
-1.42893	0.912252	5.14325	5.12485
-1.43057	0.922109	5.14423	5.12485
-1.43057	0.929994	5.14522	5.12353
-1.43485	0.931965	5.14555	5.12419
-1.42959	0.942807	5.14522	5.12386
-1.42105	0.952334	5.14456	5.12288
-1.42367	0.952006	5.14357	5.12288
-1.42138	0.954306	5.14259	5.12222
-1.4194	0.963176	5.14325	5.12485
-1.41612	0.973033	5.14325	5.12682
-1.41612	0.975661	5.14325	5.12649
-1.41546	0.978618	5.14259	5.12452
-1.41809	0.97369	5.14325	5.12353
-1.41612	0.97139	5.14226	5.12353
-1.41086	0.985517	5.14127	5.12255
-1.41349	0.983874	5.14259	5.1255
-1.40988	0.986174	5.14325	5.12748
-1.4125	0.981246	5.14193	5.12682
-1.41283	0.986503	5.14127	5.12583
-1.41776	0.978289	5.14193	5.12419
-1.42039	0.980918	5.14357	5.12452
-1.4171	0.980918	5.14292	5.12682
-1.42203	0.976647	5.14095	5.1255
-1.42335	0.974018	5.14062	5.12518
-1.42039	0.974347	5.14259	5.12288
-1.41776	0.978618	5.14456	5.12222
-1.4171	0.980918	5.14456	5.12386
-1.42138	0.975989	5.14325	5.12353
-1.424	0.97139	5.1416	5.12353
-1.41875	0.973033	5.14193	5.12452
-1.41908	0.975661	5.14489	5.12452
-1.41349	0.986831	5.14489	5.12353
-1.42105	0.976318	5.14423	5.1255
-1.4286	0.95792	5.14292	5.12715
-1.41678	0.965476	5.14292	5.12748
-1.41086	0.96679	5.14325	5.1278
-1.40495	0.968433	5.14489	5.12649
-1.39936	0.968762	5.14555	5.12616
-1.39969	0.97139	5.14522	5.12616
-1.39706	0.97369	5.14423	5.12485
-1.39608	0.977632	5.14292	5.12518
-1.40002	0.977304	5.14226	5.12616
-1.39246	0.983546	5.14095	5.12485
-1.38458	0.998002	5.1416	5.12353
-1.39016	0.990774	5.14095	5.12255
-1.39673	0.979932	5.14226	5.12123
-1.39936	0.978618	5.14325	5.12288
-1.38984	0.98256	5.14357	5.12583
-1.38754	0.981903	5.14292	5.12748
-1.38096	0.981903	5.14127	5.12748
-1.37834	0.987817	5.13996	5.12616
-1.38162	0.98256	5.14292	5.12386
-1.37998	0.98946	5.14555	5.12386
-1.38359	0.978946	5.14752	5.12518
-1.38326	0.980589	5.1462	5.12583
-1.39082	0.976975	5.14357	5.12616
-1.39575	0.975661	5.14325	5.1278
-1.39673	0.970404	5.14456	5.12748
-1.39608	0.970733	5.14489	5.12846
-1.39936	0.968762	5.14456	5.12748
-1.41743	0.954306	5.14555	5.12616
-1.42663	0.949378	5.14686	5.12518
-1.42236	0.947406	5.14653	5.12583
-1.43222	0.934265	5.14555	5.12485
-1.42565	0.940835	5.14423	5.12353
-1.43189	0.93755	5.1439	5.12189
-1.43419	0.934922	5.14325	5.1209
-1.44339	0.931965	5.14522	5.12222
-1.45521	0.929994	5.14555	5.12452
-1.45916	0.930651	5.1439	5.12452
-1.45719	0.933936	5.14325	5.12682
-1.45817	0.933936	5.14325	5.12945
-1.46376	0.91948	5.14456	5.12616
-1.46211	0.923423	5.14456	5.12353
-1.46277	0.90601	5.14456	5.12353
-1.46113	0.906996	5.14292	5.12518
-1.4677	0.901739	5.1439	5.1255
-1.46343	0.906339	5.14357	5.1255
-1.46704	0.904696	5.14325	5.12452
-1.46507	0.915866	5.1462	5.12255
-1.46376	0.918495	5.14719	5.12255
-1.46113	0.920794	5.1462	5.12419
-1.46409	0.92178	5.1439	5.12682
-1.46704	0.913238	5.1439	5.12649
-1.4608	0.918823	5.1439	5.12485
-1.45291	0.92638	5.14325	5.12419
-1.44503	0.931965	5.14292	5.12353
-1.43977	0.932293	5.14292	5.12419
-1.43189	0.940178	5.14423	5.12583
-1.42926	0.941821	5.14325	5.12715
-1.42795	0.934922	5.14259	5.12682
-1.4286	0.944121	5.14357	5.12649
-1.44339	0.935579	5.1462	5.12616
-1.4447	0.925723	5.14719	5.12353
-1.44372	0.924737	5.14653	5.12288
-1.45653	0.907981	5.14522	5.12353
-1.44306	0.906667	5.14489	5.12518
-1.43912	0.916195	5.14522	5.12518
-1.43156	0.913567	5.14489	5.12518
-1.42696	0.906996	5.14423	5.12485
-1.42367	0.901739	5.14325	5.12353
-1.42335	0.894183	5.14193	5.12288
-1.41908	0.886955	5.14095	5.12452
-1.43616	0.872827	5.14193	5.12583
-1.43682	0.872499	5.14357	5.12518
-1.43353	0.866914	5.14555	5.1255
-1.43222	0.8633	5.14522	5.12616
-1.42827	0.864614	5.14423	5.1255
-1.43025	0.859357	5.1439	5.12682
-1.4309	0.855743	5.14423	5.12912
-1.4378	0.846216	5.14587	5.12879
-1.44372	0.838988	5.14522	5.12748
-1.45193	0.831431	5.14489	5.12616
-1.45817	0.828474	5.14423	5.12715
-1.4677	0.812704	5.14193	5.12682
-1.47033	0.80909	5.14062	5.12682
-1.47854	0.811062	5.14095	5.12682
-1.47756	0.802519	5.14193	5.12846
-1.4792	0.804162	5.14193	5.12846
-1.48643	0.81139	5.14193	5.12846
-1.4838	0.816647	5.14193	5.12879
-1.49365	0.816647	5.14259	5.12846
-1.48478	0.816975	5.14193	5.12846
-1.49103	0.819932	5.14259	5.1301
-1.49694	0.823875	5.14292	5.12846
-1.49694	0.817632	5.14423	5.12649
-1.50187	0.803505	5.14292	5.1255
-1.5114	0.805805	5.14259	5.12419
-1.51337	0.804819	5.14325	5.1232
-1.51008	0.800548	5.14292	5.1232
-1.50877	0.807448	5.14259	5.1209
-1.5045	0.806462	5.1416	5.1209
-1.50482	0.817632	5.14259	5.1232
-1.50811	0.808762	5.14226	5.1232
-1.50384	0.816318	5.14226	5.12189
-1.50318	0.812376	5.14193	5.1232
-1.5022	0.812704	5.14095	5.1255
-1.50351	0.814018	5.14127	5.12649
-1.50252	0.815004	5.14259	5.12846
-1.50844	0.806462	5.14423	5.12912
-1.50088	0.818618	5.14686	5.12748
-1.50121	0.822561	5.14719	5.12583
-1.5022	0.822889	5.14587	5.12419
-1.4976	0.817632	5.14522	5.1255
-1.49168	0.813361	5.14489	5.12583
-1.48675	0.824203	5.14489	5.12682
-1.49267	0.830446	5.14522	5.1278
-1.48084	0.833731	5.14653	5.12715
-1.47493	0.835045	5.14587	5.1255
-1.47066	0.843259	5.1439	5.1255
-1.4585	0.856729	5.14292	5.1255
-1.46047	0.851801	5.1416	5.12649
-1.44963	0.863628	5.14127	5.12748
-1.44667	0.861328	5.14226	5.12616
-1.44602	0.869542	5.14259	5.12353
-1.42827	0.878084	5.1416	5.12386
-1.43189	0.875456	5.14062	5.12583
-1.42367	0.875456	5.14095	5.12616
-1.41119	0.880055	5.14062	5.12583
-1.40725	0.872499	5.14226	5.12386
-1.40528	0.883341	5.14292	5.12156
-1.40889	0.889912	5.14489	5.1209
-1.40626	0.891554	5.14325	5.12255
-1.39936	0.891226	5.14259	5.12386
-1.40166	0.897797	5.14325	5.12616
-1.39805	0.898454	5.14423	5.12682
-1.39673	0.913567	5.14456	5.12682
-1.39575	0.913238	5.14522	5.12616
-1.40593	0.906996	5.14489	5.12616
-1.41678	0.898125	5.14357	5.12616
-1.40955	0.905682	5.14127	5.12616
-1.4194	0.899768	5.14127	5.1255
-1.41973	0.903382	5.14325	5.12518
-1.4286	0.897139	5.1439	5.12682
-1.4263	0.900096	5.1439	5.1278
-1.43057	0.898125	5.14325	5.12583
-1.42597	0.904367	5.14226	5.12485
-1.43715	0.901739	5.1416	5.1255
-1.4447	0.890569	5.14226	5.12583
-1.44766	0.894511	5.14325	5.1255
-1.44667	0.893525	5.1439	5.12485
-1.45029	0.890569	5.14325	5.12452
-1.44404	0.895825	5.14259	5.12452
-1.43944	0.898125	5.1416	5.12518
-1.44569	0.897797	5.14029	5.12649
-1.44142	0.896811	5.14226	5.12813
-1.44339	0.906996	5.14489	5.12649
-1.44832	0.902725	5.14587	5.12452
-1.44667	0.907653	5.14555	5.12386
-1.44404	0.911924	5.14522	5.12419
-1.45817	0.90141	5.14489	5.12518
-1.46967	0.888597	5.14357	5.1255
-1.47066	0.883341	5.14357	5.1255
-1.47394	0.880384	5.14489	5.12485
-1.4792	0.883341	5.14456	5.12353
-1.4838	0.876441	5.14423	5.12386
-1.49398	0.863957	5.14259	5.12485
-1.48577	0.870528	5.14029	5.12616
-1.48807	0.865599	5.13799	5.12715
-1.49135	0.850487	5.13963	5.12715
-1.49168	0.851472	5.1439	5.1255
-1.49431	0.854758	5.14752	5.1232
-1.49628	0.841616	5.14817	5.12386
-1.49431	0.843587	5.14555	5.12649
-1.49103	0.8564	5.14292	5.12846
-1.48971	0.841616	5.14127	5.12879
-1.48873	0.845558	5.14259	5.12748
-1.49431	0.845558	5.14226	5.12583
-1.48905	0.843587	5.14226	5.12485
-1.49004	0.842602	5.1416	5.12353
-1.49431	0.835702	5.1416	5.12419
-1.48807	0.841616	5.14095	5.12682
-1.48511	0.838659	5.14127	5.12748
-1.4769	0.842273	5.1439	5.12649
-1.46441	0.855415	5.14555	5.1255
-1.45949	0.852458	5.14587	5.12353
-1.45062	0.865928	5.14522	5.12353
-1.45193	0.859357	5.14456	5.12386
-1.45193	0.864614	5.1439	5.12583
-1.45653	0.868885	5.14292	5.12616
-1.4562	0.872499	5.14259	5.12682
-1.46474	0.852129	5.1416	5.12518
-1.46868	0.848844	5.14127	5.1232
-1.47263	0.854429	5.1416	5.12386
-1.47296	0.860014	5.14226	5.12518
-1.47328	0.855743	5.14292	5.12518
-1.47624	0.865928	5.14357	5.12583
-1.47986	0.861986	5.14456	5.12485
-1.48577	0.854429	5.14456	5.12452
-1.49365	0.838002	5.14423	5.12583
-1.49333	0.838659	5.1439	5.12583
-1.48905	0.849501	5.14259	5.12682
-1.48511	0.867242	5.1416	5.12616
-1.47558	0.881041	5.14127	5.12616
-1.4746	0.883012	5.1416	5.12649
-1.48347	0.879727	5.14522	5.12452
-1.48971	0.873484	5.1462	5.12255
-1.4907	0.878084	5.14423	5.12222
-1.49201	0.875456	5.14226	5.12353
-1.49135	0.871513	5.14095	5.12452
-1.4999	0.857057	5.14193	5.12583
-1.49628	0.864285	5.1439	5.12649
-1.50318	0.856729	5.1439	5.12485
-1.5137	0.846544	5.14325	5.12255
-1.51895	0.845558	5.14357	5.12189
-1.52289	0.836359	5.14292	5.12386
-1.5137	0.848187	5.14292	5.12485
-1.50942	0.852458	5.14292	5.12386
-1.51041	0.854101	5.14325	5.12189
-1.51567	0.841287	5.14325	5.12123
-1.51534	0.841944	5.14226	5.12189
-1.51435	0.842273	5.1416	5.12255
-1.51468	0.841616	5.14095	5.12419
-1.51271	0.848187	5.14029	5.12419
-1.50844	0.851144	5.14029	5.1232
-1.51074	0.843259	5.14259	5.12189
-1.51402	0.84293	5.14489	5.12156
-1.5137	0.842602	5.1462	5.1209
-1.51862	0.833731	5.14456	5.12255
-1.51501	0.843259	5.14325	5.12419
-1.51008	0.849501	5.14226	5.1255
-1.50285	0.853115	5.14357	5.12715
-1.5045	0.857057	5.14423	5.12616
-1.50515	0.850487	5.1439	5.12649
-1.50581	0.847201	5.1439	5.12649
-1.50417	0.838659	5.14325	5.12485
-1.50154	0.832745	5.14259	5.12419
-1.50154	0.825517	5.1416	5.12485
-1.49924	0.832088	5.14127	5.1255
-1.49563	0.828146	5.14127	5.12485
-1.49628	0.814347	5.14357	5.12485
-1.49365	0.816975	5.14456	5.12353
-1.48117	0.820261	5.14522	5.12485
-1.48741	0.809747	5.14357	5.12616
-1.48413	0.80909	5.14357	5.12879
-1.47953	0.817961	5.14325	5.12813
-1.48183	0.818947	5.14357	5.1255
-1.48413	0.815661	5.14423	5.12255
-1.48248	0.821246	5.14357	5.12222
-1.4838	0.820261	5.14357	5.12452
-1.49135	0.818289	5.14325	5.12616
-1.48643	0.82946	5.14259	5.12682
-1.49431	0.830117	5.14193	5.12682
-1.49957	0.830774	5.14259	5.12715
-1.49924	0.834059	5.14325	5.12682
-1.49793	0.834717	5.14489	5.12583
-1.50647	0.821246	5.14423	5.12583
-1.51238	0.817961	5.14259	5.12748
-1.51731	0.811719	5.14325	5.12715
-1.51599	0.812376	5.14555	5.12518
-1.51567	0.814676	5.14719	5.12616
-1.52092	0.806133	5.14785	5.12616
-1.52749	0.809419	5.1462	5.12485
-1.52552	0.818947	5.14292	5.12386
-1.52618	0.815661	5.14127	5.12353
-1.52059	0.828803	5.13996	5.12518
-1.52684	0.819275	5.14193	5.12583
-1.51928	0.827489	5.14423	5.12649
-1.52027	0.829788	5.14423	5.12616
-1.52224	0.829131	5.1439	5.12649
-1.51797	0.828146	5.14456	5.1255
-1.51698	0.829788	5.1439	5.12386
-1.51238	0.839316	5.14259	5.1232
-1.51107	0.841944	5.14325	5.12156
-1.51041	0.846544	5.14456	5.12222
-1.51107	0.845887	5.14357	5.1232
-1.50548	0.84293	5.14259	5.12452
-1.49891	0.843916	5.14062	5.12583
-1.49793	0.847858	5.14127	5.12616
-1.49661	0.8587	5.1439	5.12518
-1.49858	0.862314	5.1462	5.12419
-1.49891	0.860671	5.14653	5.12386
-1.49563	0.874142	5.1439	5.12353
-1.49628	0.875784	5.14193	5.12255
-1.4907	0.875784	5.14193	5.12255
-1.48938	0.875456	5.14292	5.12222
-1.49201	0.869213	5.14357	5.12386
-1.49267	0.871513	5.14259	5.12485
-1.48478	0.876113	5.14226	5.12485
-1.48347	0.883998	5.14292	5.12715
-1.48544	0.884326	5.14292	5.12977
-1.48577	0.885969	5.14193	5.12945
-1.4792	0.893854	5.14259	5.12846
-1.4815	0.892211	5.14489	5.12649
-1.48675	0.890569	5.14522	5.12353
-1.48675	0.880712	5.14357	5.1255
-1.48643	0.876113	5.14193	5.12649
-1.48413	0.887612	5.14029	5.12518
-1.48183	0.892868	5.14226	5.12386
-1.48216	0.893197	5.14522	5.1232
-1.47821	0.889912	5.14653	5.1232
-1.48084	0.887283	5.14522	5.12353
-1.47591	0.886626	5.14292	5.1255
-1.47657	0.883998	5.14325	5.12846
-1.47887	0.885312	5.14292	5.13109
-1.47328	0.890569	5.14259	5.13043
-1.47066	0.891226	5.14193	5.12846
-1.46737	0.898454	5.14357	5.12485
-1.46179	0.908638	5.14555	5.12255
-1.46047	0.911267	5.14555	5.1232
-1.46277	0.906339	5.14423	5.12682
-1.46671	0.900753	5.14325	5.12912
-1.47	0.906996	5.1439	5.12879
-1.46639	0.910281	5.1439	5.12715
-1.46113	0.916195	5.14587	5.12682
-1.46441	0.916195	5.14522	5.12485
-1.46376	0.922437	5.1439	5.12452
-1.46409	0.927037	5.14062	5.1255
-1.47131	0.915538	5.14062	5.12649
-1.47164	0.906667	5.14226	5.12583
-1.47427	0.895497	5.14423	5.12485
-1.47131	0.89024	5.14522	5.1255
-1.47263	0.887612	5.14555	5.12518
-1.46606	0.888597	5.14456	5.12583
-1.46868	0.886955	5.14357	5.12616
-1.46803	0.886298	5.14292	5.12682
-1.47657	0.877427	5.14325	5.12715
-1.4861	0.868556	5.1439	5.12715
-1.48084	0.882684	5.1439	5.12583
-1.47756	0.883341	5.14522	5.12518
-1.47	0.889254	5.14357	5.1278
-1.47164	0.883341	5.14226	5.12846
-1.4746	0.877755	5.14095	5.12748
-1.47526	0.873484	5.14259	5.12715
-1.48051	0.86987	5.1439	5.12616
-1.48347	0.870856	5.14456	5.12682
-1.48577	0.867899	5.14292	5.1278
-1.48708	0.870199	5.14259	5.12846
-1.49661	0.861328	5.1416	5.12748
-1.49858	0.859686	5.1416	5.12649
-1.50154	0.852458	5.14127	5.12583
-1.50647	0.845887	5.14095	5.12485
-1.51205	0.837673	5.14029	5.12485
-1.51041	0.836359	5.13996	5.12583
-1.50942	0.833731	5.13996	5.12452
-1.51008	0.832417	5.14127	5.12452
-1.51008	0.835374	5.14292	5.12616
-1.51994	0.829788	5.14259	5.12682
-1.52158	0.835702	5.14292	5.12583
-1.52421	0.82716	5.14456	5.12419
-1.52322	0.826832	5.14522	5.12419
-1.52224	0.828474	5.14325	5.12682
-1.51961	0.832745	5.14095	5.12879
-1.51632	0.846216	5.14062	5.12813
-1.51797	0.838988	5.14193	5.12748
-1.51501	0.843587	5.14259	5.12649
-1.52454	0.833731	5.14226	5.1255
-1.51862	0.840959	5.14292	5.12649
-1.52092	0.84063	5.14325	5.12649
-1.51764	0.848515	5.14292	5.12518
-1.51304	0.850158	5.14226	5.12485
-1.50778	0.856072	5.14292	5.12452
-1.50778	0.8564	5.14489	5.12616
-1.51074	0.860343	5.14522	5.12649
-1.51435	0.859357	5.14423	5.12485
-1.50614	0.858043	5.14357	5.12485
-1.50154	0.864942	5.1439	5.12616
-1.49858	0.868885	5.14325	5.1255
-1.4953	0.869542	5.14325	5.12485
-1.493	0.877098	5.1416	5.12649
-1.49004	0.875784	5.14062	5.12649
-1.48445	0.880712	5.14062	5.12616
-1.48774	0.87677	5.14062	5.12649
-1.48577	0.879398	5.14029	5.12682
-1.48084	0.881041	5.14226	5.12583
-1.48281	0.875784	5.14456	5.12682
-1.48708	0.865271	5.14555	5.12748
-1.48445	0.86987	5.14325	5.12715
-1.48511	0.862643	5.14325	5.12715
-1.48675	0.861	5.14423	5.12715
-1.48643	0.861	5.14456	5.12945
-1.49497	0.871842	5.14489	5.12813
-1.49333	0.867571	5.14423	5.12452
-1.493	0.877427	5.1439	5.1232
-1.49497	0.888926	5.14226	5.12386
-1.49924	0.885312	5.14259	5.12518
-1.4953	0.887612	5.14325	5.12682
-1.49037	0.900096	5.14456	5.12682
-1.48018	0.916852	5.14587	5.12485
-1.48347	0.913895	5.14686	5.12288
-1.48511	0.898782	5.14456	5.12288
-1.48708	0.893854	5.14357	5.12419
-1.48051	0.89484	5.14226	5.12583
-1.47033	0.909624	5.14226	5.1255
-1.46901	0.905682	5.14292	5.12386
-1.47	0.908967	5.14325	5.12419
-1.46737	0.922766	5.14555	5.12583
-1.47296	0.920137	5.14719	5.12748
-1.47394	0.919809	5.14785	5.12682
-1.46868	0.93295	5.14785	5.12485
-1.47493	0.922437	5.1462	5.12452
-1.46934	0.922766	5.14489	5.12452
-1.47197	0.914224	5.14522	5.12419
-1.46868	0.91948	5.14456	5.12583
-1.46606	0.905353	5.14357	5.12616
-1.47427	0.904696	5.14292	5.12616
-1.47328	0.905353	5.14226	5.12649
-1.47591	0.906339	5.1439	5.12682
-1.47394	0.91061	5.14489	5.12485
-1.46573	0.917838	5.14587	5.12485
-1.46639	0.92408	5.14653	5.12616
-1.46277	0.92178	5.14587	5.12583
-1.4723	0.909953	5.14423	5.12682
-1.47427	0.906339	5.1416	5.12715
-1.47624	0.898125	5.1416	5.12583
-1.4792	0.893197	5.14489	5.12583
-1.48051	0.885312	5.14555	5.12616
-1.47788	0.891226	5.1462	5.12583
-1.47	0.896811	5.14423	5.12583
-1.46901	0.896154	5.14193	5.12485
-1.47361	0.895497	5.14259	5.1255
-1.47164	0.896811	5.14292	5.12616
-1.47394	0.897797	5.14423	5.12616
-1.47	0.911595	5.1439	5.12616
-1.45554	0.922766	5.14357	5.1255
-1.44897	0.936236	5.14193	5.12419
-1.45291	0.930979	5.14029	5.1255
-1.44634	0.943464	5.14029	5.1278
-1.44799	0.944449	5.1416	5.12813
-1.44372	0.946749	5.1439	5.12616
-1.44799	0.940507	5.14357	5.12518
-1.43813	0.939521	5.14259	5.12452
-1.43649	0.937879	5.14127	5.12583
-1.42959	0.950035	5.1416	5.1278
-1.42959	0.950692	5.14325	5.12813
-1.43123	0.941164	5.14456	5.12616
-1.43912	0.938207	5.14587	5.12353
-1.43747	0.942807	5.14555	5.12452
-1.42959	0.949049	5.14587	5.12616
-1.43025	0.950035	5.14357	5.12945
-1.43255	0.941164	5.14325	5.13043
-1.44207	0.940835	5.14292	5.12813
-1.43912	0.946749	5.14292	5.12419
-1.43156	0.94215	5.14357	5.12222
-1.43616	0.939521	5.14456	5.12222
-1.43353	0.935579	5.14489	5.12485
-1.43452	0.935907	5.14292	5.12649
-1.44602	0.923751	5.14226	5.12748
-1.44667	0.922109	5.14226	5.12813
-1.4493	0.922437	5.14292	5.12682
-1.45324	0.916852	5.1439	5.12583
-1.45456	0.922109	5.14489	5.12583
-1.45489	0.918823	5.14489	5.12649
-1.45653	0.915209	5.14456	5.12813
-1.4562	0.912909	5.1416	5.12748
-1.46441	0.904367	5.14226	5.12682
-1.47	0.897797	5.14555	5.12583
-1.46376	0.910938	5.14686	5.12583
-1.46639	0.911595	5.14489	5.12419
-1.4562	0.92638	5.14259	5.12419
-1.45127	0.928679	5.14193	5.12452
-1.45719	0.924408	5.14259	5.12518
-1.45324	0.923094	5.14357	5.12682
-1.4562	0.925723	5.14522	5.12682
-1.45554	0.926051	5.14423	5.12452
-1.46047	0.917509	5.14325	5.12485
-1.46507	0.914881	5.14193	5.12616
-1.46606	0.911924	5.14193	5.12682
-1.46211	0.912909	5.14127	5.12879
-1.45751	0.907324	5.14062	5.12715
-1.45751	0.902068	5.14127	5.12583
-1.45784	0.911924	5.14259	5.1255
-1.4608	0.905353	5.14226	5.12485
-1.45094	0.912252	5.14226	5.12452
-1.44437	0.920794	5.14456	5.12715
-1.43813	0.933608	5.14555	5.12715
-1.43025	0.941164	5.14489	5.12682
-1.43977	0.930979	5.14325	5.1255
-1.43616	0.933608	5.14325	5.1255
-1.43255	0.941164	5.14325	5.12485
-1.42926	0.946749	5.14259	5.12518
-1.4217	0.954306	5.14259	5.12649
-1.42367	0.952006	5.14292	5.12945
-1.41349	0.966462	5.14292	5.12846
-1.41645	0.951677	5.14423	5.12649
-1.41152	0.959562	5.14522	5.12419
-1.4148	0.954306	5.14292	5.12485
-1.41382	0.957591	5.14127	5.12616
-1.42203	0.94872	5.14062	5.12616
-1.43123	0.94215	5.14259	5.12715
-1.42532	0.944449	5.14357	5.12616
-1.41809	0.95332	5.1439	5.12452
-1.42302	0.944449	5.1439	5.12353
-1.4332	0.946749	5.1439	5.12386
-1.44207	0.93295	5.14259	5.1255
-1.44404	0.928679	5.1439	5.12649
-1.44832	0.916523	5.1462	5.12616
-1.44996	0.92638	5.14587	5.12649
-1.44667	0.933608	5.14259	5.12583
-1.45094	0.925394	5.14127	5.12419
-1.46244	0.918166	5.13996	5.12386
-1.46507	0.904696	5.14029	5.12386
-1.47098	0.898454	5.14292	5.12518
-1.47328	0.899439	5.14456	5.12748
-1.47657	0.898454	5.14489	5.12813
-1.47394	0.900425	5.14489	5.12748
-1.48544	0.892868	5.14226	5.12616
-1.48051	0.898782	5.14062	5.12616
-1.48183	0.882684	5.14062	5.12616
-1.48117	0.882684	5.14423	5.12616
-1.48445	0.885312	5.1462	5.12616
-1.4884	0.89024	5.14653	5.12649
-1.48511	0.888597	5.14555	5.12616
-1.4907	0.881698	5.14357	5.12583
-1.493	0.886955	5.14226	5.12583
-1.4884	0.885969	5.14193	5.1255
-1.48511	0.89024	5.14292	5.12419
-1.49267	0.886626	5.1439	5.12386
-1.49267	0.884655	5.1439	5.12419
-1.49365	0.895168	5.14423	5.12419
-1.49333	0.895825	5.14423	5.12518
-1.4907	0.893525	5.14423	5.12715
-1.4976	0.886626	5.14357	5.1278
-1.49563	0.886955	5.14423	5.12616
-1.49234	0.89024	5.14489	5.12386
-1.49037	0.894183	5.14555	5.12288
-1.48478	0.901082	5.14587	5.12353
-1.4838	0.897139	5.1462	5.12452
-1.48183	0.896154	5.14522	5.12583
-1.47164	0.90831	5.14456	5.12452
-1.47296	0.904367	5.1462	5.12386
-1.4769	0.900096	5.14785	5.12452
-1.48117	0.898125	5.1462	5.12485
-1.47263	0.911924	5.14555	5.12518
-1.4677	0.91948	5.1439	5.1232
-1.46277	0.925065	5.14193	5.12353
-1.46836	0.914881	5.14226	5.12485
-1.45653	0.932622	5.14357	5.12715
-1.44996	0.939521	5.14456	5.12715
-1.44832	0.930979	5.14555	5.12583
-1.43813	0.93755	5.1439	5.12583
-1.43452	0.944121	5.1416	5.12846
-1.42992	0.953977	5.14226	5.12912
-1.41382	0.976647	5.14193	5.12649
-1.41283	0.975332	5.14259	5.12518
-1.41546	0.971718	5.14489	5.12452
-1.41776	0.972047	5.14555	5.12616
-1.41415	0.970076	5.14522	5.12879
-1.41612	0.960877	5.14357	5.12912
-1.40988	0.964162	5.14193	5.12912
-1.41316	0.963176	5.1416	5.12977
-1.41842	0.96449	5.1439	5.12813
-1.41185	0.975332	5.14686	5.12616
-1.40626	0.989131	5.14719	5.12419
-1.40593	0.979275	5.14587	5.12485
-1.4148	0.977632	5.14325	5.12452
-1.40889	0.984532	5.14226	5.12583
-1.40823	0.985189	5.14325	5.12452
-1.40988	0.979275	5.14325	5.12255
-1.41152	0.983874	5.14423	5.12288
-1.40856	0.983874	5.14456	5.12452
-1.40758	0.979932	5.14325	5.12649
-1.4102	0.973361	5.14357	5.12846
-1.40823	0.983217	5.1439	5.1278
-1.41086	0.98486	5.14423	5.12616
-1.40298	0.986174	5.14555	5.12518
-1.39509	0.995373	5.14686	5.12353
-1.39706	0.998002	5.14653	5.12353
-1.39476	1.00687	5.14522	5.12518
-1.40298	1.00293	5.14325	5.12682
-1.40495	0.993731	5.1439	5.12945
-1.39871	0.99603	5.14226	5.12846
-1.40232	0.993731	5.14226	5.12616
-1.39542	1.0026	5.14423	5.12386
-1.39542	0.999316	5.14456	5.12419
-1.38491	1.0095	5.14456	5.12616
-1.37571	1.01574	5.1439	5.12879
-1.38096	1.01903	5.14423	5.1301
-1.38556	1.00819	5.14489	5.12977
-1.38688	1.0164	5.14522	5.12846
-1.38524	1.0141	5.14325	5.12682
-1.38458	1.00983	5.14193	5.12583
-1.37866	1.00523	5.14127	5.12616
-1.37341	1.00852	5.14127	5.12813
-1.37932	0.998659	5.1416	5.13142
-1.38655	0.99833	5.14259	5.13043
-1.38655	0.99833	5.14325	5.12813
-1.38786	0.986831	5.14456	5.1255
-1.38852	0.991759	5.14522	5.12583
-1.38819	0.997673	5.14357	5.12682
-1.38951	1.00293	5.14357	5.12583
-1.40035	0.983874	5.1439	5.12583
-1.40331	0.975661	5.14357	5.12583
-1.41086	0.968433	5.1439	5.12518
-1.40429	0.978289	5.14522	5.12583
-1.40232	0.98026	5.14587	5.12518
-1.40528	0.981903	5.14456	5.12649
-1.39378	0.977961	5.1416	5.12682
-1.39016	0.979932	5.14029	5.1255
-1.39936	0.975004	5.14259	5.1255
-1.40068	0.969747	5.14325	5.12452
-1.40002	0.971718	5.14357	5.12353
-1.41218	0.968762	5.14226	5.12485
-1.42696	0.942807	5.14226	5.12485
-1.42663	0.940178	5.14193	5.12616
-1.42105	0.94872	5.1439	5.1255
-1.4332	0.936564	5.1462	5.12616
-1.43649	0.926708	5.14587	5.1255
-1.43944	0.927694	5.14456	5.12583
-1.45719	0.911595	5.14325	5.12583
-1.46277	0.90831	5.14292	5.12485
-1.47164	0.905024	5.14259	5.12518
-1.47558	0.904039	5.14522	5.12616
-1.47756	0.898782	5.14587	5.12485
-1.48216	0.891883	5.14587	5.12583
-1.48708	0.885312	5.14456	5.12616
-1.49398	0.872499	5.14259	5.1255
-1.5045	0.867242	5.14095	5.12682
-1.50778	0.861986	5.14193	5.12748
-1.50417	0.861328	5.14357	5.1301
-1.50975	0.850487	5.14555	5.12977
-1.51534	0.845887	5.14686	5.12715
-1.51994	0.834717	5.14719	5.12419
-1.52782	0.820261	5.14489	5.12419
-1.53571	0.818289	5.14095	5.1255
-1.54326	0.804819	5.14127	5.1255
-1.54786	0.800548	5.14423	5.12452
-1.54721	0.801534	5.14489	5.12452
-1.54556	0.791021	5.14522	5.12518
-1.54983	0.791349	5.14587	5.12682
-1.55213	0.789706	5.14555	5.12715
-1.55181	0.782807	5.14555	5.12583
-1.55411	0.774265	5.14489	5.12485
-1.55509	0.780836	5.14489	5.12518
-1.55641	0.776893	5.14522	5.1255
-1.55805	0.780836	5.14357	5.12616
-1.55345	0.789378	5.1416	5.12616
-1.55345	0.784121	5.1416	5.12616
-1.55016	0.798906	5.14259	5.12616
-1.54819	0.800877	5.1439	5.12419
-1.54688	0.799891	5.14555	5.12288
-1.54753	0.805476	5.1462	5.1232
-1.54228	0.807119	5.14817	5.12419
-1.53538	0.817304	5.1485	5.1255
-1.53406	0.822889	5.14719	5.1255
-1.53604	0.822889	5.14522	5.12583
-1.53834	0.814676	5.14456	5.12518
-1.53932	0.808105	5.14522	5.12386
-1.53932	0.808105	5.14489	5.12419
-1.52979	0.817632	5.14456	5.12748
-1.53045	0.815333	5.14357	5.12846
-1.52125	0.830774	5.14193	5.12748
-1.51271	0.838331	5.1416	5.12879
-1.5137	0.82946	5.14325	5.12813
-1.50745	0.836031	5.14653	5.12616
-1.50647	0.84523	5.1462	5.12682
-1.50417	0.842273	5.14489	5.12846
-1.4907	0.844244	5.14357	5.12912
-1.48544	0.856729	5.14292	5.12748
-1.48643	0.855743	5.1416	5.12485
-1.48445	0.859357	5.1393	5.12353
-1.48577	0.851472	5.13897	5.1255
-1.48544	0.853115	5.14095	5.12485
-1.48051	0.851472	5.1416	5.12616
-1.4792	0.859357	5.14193	5.12813
-1.47361	0.860343	5.1416	5.12879
-1.47394	0.859357	5.14127	5.12649
-1.4838	0.854101	5.14259	5.1255
-1.48675	0.861328	5.14325	5.12419
-1.48774	0.861	5.14292	5.12353
-1.50121	0.84063	5.14325	5.12419
-1.50614	0.827489	5.14259	5.12583
-1.50614	0.833731	5.13996	5.12682
-1.51534	0.823218	5.13963	5.1301
-1.51599	0.834059	5.14226	5.12945
-1.52125	0.82946	5.1439	5.12583
-1.53111	0.816975	5.14325	5.12255
-1.53012	0.824203	5.14062	5.12156
-1.52618	0.822889	5.13865	5.1232
-1.53111	0.83176	5.1393	5.12715
-1.53308	0.82946	5.14029	5.1301
-1.53834	0.827489	5.14062	5.12912
-1.53899	0.825517	5.14095	5.12846
-1.54031	0.82946	5.14292	5.12682
-1.53308	0.835702	5.1439	5.12748
-1.53735	0.833731	5.14292	5.1278
-1.52848	0.848515	5.14127	5.12616
-1.52881	0.851472	5.14127	5.12386
-1.52388	0.854429	5.14259	5.12288
-1.53176	0.845558	5.14292	5.12288
-1.52848	0.847201	5.14193	5.12419
-1.52125	0.849829	5.14062	5.12518
-1.51698	0.857386	5.14226	5.1278
-1.52027	0.852458	5.1439	5.12879
-1.51961	0.849172	5.14456	5.12945
-1.51994	0.849829	5.14555	5.1255
-1.51304	0.866257	5.14719	5.12419
-1.51074	0.876441	5.1462	5.12452
-1.50581	0.885312	5.14357	5.1255
-1.50384	0.889583	5.1393	5.12715
-1.4884	0.907324	5.1393	5.12616
-1.4815	0.907653	5.14095	5.1255
-1.46967	0.912909	5.14357	5.1255
-1.46868	0.907653	5.1439	5.12518
-1.46146	0.911595	5.14423	5.12682
-1.45916	0.91948	5.14456	5.12846
-1.44569	0.925394	5.14357	5.12912
-1.44076	0.931636	5.14325	5.12715
-1.44142	0.929994	5.14357	5.12419
-1.4286	0.939193	5.14555	5.12222
-1.41842	0.954963	5.14555	5.12222
-1.41316	0.954306	5.14423	5.1255
-1.40166	0.95562	5.14292	5.12715
-1.40462	0.952663	5.14423	5.12616
-1.40002	0.959234	5.14423	5.12485
-1.40166	0.972704	5.14522	5.12386
-1.39542	0.976318	5.14456	5.1232
-1.39772	0.975004	5.14423	5.12616
-1.40495	0.976975	5.14325	5.12715
-1.39805	0.982232	5.14325	5.12649
-1.39345	0.992088	5.14259	5.12616
-1.40002	0.989131	5.14193	5.12616
-1.40068	0.986503	5.14193	5.12682
-1.40725	0.980918	5.14357	5.12748
-1.40528	0.979275	5.14423	5.12682
-1.40626	0.974347	5.14357	5.12715
-1.40495	0.986503	5.14325	5.12813
-1.40889	0.992417	5.14325	5.12945
-1.40889	0.998987	5.14292	5.1301
-1.40988	0.996688	5.14423	5.12977
-1.40331	1.0049	5.14423	5.12649
-1.41283	1.00194	5.14456	5.12419
-1.40725	1.00654	5.14357	5.12616
-1.40889	1.01344	5.14226	5.12879
-1.41546	1.00819	5.14357	5.12912
-1.42367	1.00096	5.14686	5.12682
-1.42335	1.00162	5.14653	5.12288
-1.4263	1.0003	5.14522	5.12156
-1.43682	0.993402	5.14423	5.1232
-1.43977	0.986831	5.14193	5.12583
-1.43944	0.98256	5.14062	5.12813
-1.44372	0.977632	5.14193	5.1278
-1.44437	0.974018	5.14193	5.12452
-1.447	0.973033	5.14193	5.12288
-1.45324	0.962848	5.13996	5.12353
-1.44963	0.959891	5.1416	5.1255
-1.45062	0.958577	5.14259	5.12846
-1.45554	0.947735	5.14259	5.12977
-1.45521	0.950035	5.14127	5.12977
-1.45193	0.950692	5.14095	5.12879
-1.44142	0.95792	5.14062	5.12649
-1.43222	0.964819	5.14127	5.12386
-1.43616	0.960877	5.1416	5.12452
-1.44076	0.946749	5.14259	5.12485
-1.4493	0.936893	5.14193	5.12386
-1.44864	0.930979	5.1416	5.12419
-1.4539	0.928351	5.14127	5.12353
-1.45489	0.924408	5.14259	5.12386
-1.45259	0.927037	5.14226	5.12386
-1.45259	0.935907	5.14029	5.12649
-1.44963	0.941493	5.14029	5.12846
-1.45587	0.935907	5.14127	5.12912
-1.45554	0.933279	5.14029	5.12616
-1.45784	0.934593	5.14029	5.12518
-1.45981	0.93755	5.14127	5.12682
-1.45587	0.941164	5.14325	5.12649
-1.45456	0.936564	5.14456	5.12583
-1.4539	0.939193	5.14522	5.12682
-1.45094	0.949049	5.14325	5.1278
-1.45489	0.950363	5.14423	5.12682
-1.4585	0.943792	5.14357	5.12419
-1.45127	0.949049	5.14456	5.12255
-1.44667	0.959234	5.14489	5.12419
-1.4493	0.952663	5.1439	5.12649
-1.44602	0.955291	5.14325	5.12846
-1.45357	0.944449	5.14325	5.12879
-1.45883	0.943464	5.14489	5.12748
-1.46573	0.933936	5.14653	5.12518
-1.46441	0.935907	5.14686	5.12485
-1.46376	0.929008	5.14489	5.12583
-1.46409	0.918166	5.14193	5.12682
-1.47131	0.917838	5.14325	5.12879
-1.47788	0.909953	5.14522	5.12583
-1.48577	0.907981	5.14686	5.12255
-1.49168	0.909624	5.14587	5.1232
-1.50121	0.90141	5.14456	5.1255
-1.50318	0.895168	5.14259	5.12715
-1.5068	0.885969	5.14127	5.12649
-1.51599	0.882027	5.1416	5.12518
-1.51665	0.87447	5.14292	5.12485
-1.52355	0.858372	5.14292	5.1255
-1.52158	0.853115	5.14259	5.1255
-1.52092	0.853443	5.14193	5.12616
-1.51928	0.861986	5.14259	5.12945
-1.52585	0.859686	5.14325	5.13043
-1.53078	0.857057	5.14489	5.1278
-1.52519	0.859686	5.14653	5.12649
-1.51797	0.870199	5.14686	5.12649
-1.51599	0.871185	5.14423	5.12715
-1.51862	0.865599	5.1416	5.12879
-1.51797	0.870528	5.14062	5.12912
-1.51041	0.871842	5.14259	5.1278
-1.51304	0.873484	5.14555	5.12813
-1.51074	0.87677	5.14653	5.12846
-1.49431	0.897797	5.14522	5.12813
-1.49333	0.902068	5.14292	5.12649
-1.48938	0.904039	5.14357	5.1255
-1.47723	0.917509	5.14456	5.12518
-1.47197	0.920466	5.14653	5.1255
-1.46868	0.925394	5.14752	5.12715
-1.46967	0.923423	5.14719	5.12879
-1.46737	0.919809	5.14587	5.12846
-1.4631	0.925723	5.14357	5.12616
-1.4585	0.92408	5.13996	5.12583
-1.44667	0.932293	5.1393	5.12682
-1.44043	0.936564	5.13897	5.12452
-1.42696	0.950363	5.13897	5.12386
-1.41973	0.958248	5.14127	5.12353
-1.40298	0.959562	5.14259	5.12616
-1.39213	0.967776	5.14357	5.12748
-1.38096	0.97139	5.14259	5.12813
-1.38064	0.971718	5.14193	5.12813
-1.38162	0.965476	5.14127	5.12846
-1.38491	0.966462	5.14062	5.12879
-1.37308	0.977304	5.1439	5.12715
-1.36191	0.985517	5.14456	5.12485
-1.35501	0.993731	5.14193	5.12386
-1.35698	1.0003	5.1393	5.12353
-1.36979	0.991102	5.13996	5.1255
-1.37045	0.993402	5.14325	5.12748
-1.36717	1.00096	5.14653	5.12682
-1.37111	0.997016	5.1462	5.12748
-1.37439	1.00162	5.14357	5.12813
-1.38392	0.993731	5.14095	5.12813
-1.38096	0.996359	5.1393	5.12748
-1.38458	0.994059	5.13996	5.12616
-1.38425	0.995045	5.14259	5.12452
-1.38754	1.00227	5.14489	5.1255
-1.39739	0.984532	5.14489	5.12583
-1.40922	0.975004	5.14423	5.12419
-1.4125	0.979932	5.14292	5.12452
-1.41776	0.96679	5.14226	5.1255
-1.41973	0.962191	5.14325	5.12485
-1.41776	0.968433	5.14456	5.12419
-1.42565	0.962519	5.14522	5.12288
-1.43189	0.945435	5.14522	5.12288
-1.43977	0.945107	5.14555	5.12386
-1.44207	0.944449	5.1462	5.1255
-1.45127	0.932293	5.14489	5.12748
-1.4516	0.939521	5.14357	5.12912
-1.45817	0.943792	5.1416	5.12748
-1.45127	0.946421	5.14259	5.1255
-1.44799	0.945764	5.14456	5.1255
-1.43583	0.962191	5.14423	5.12485
-1.44043	0.957263	5.14292	5.12485
-1.44109	0.953977	5.14193	5.12616
-1.44043	0.96449	5.14029	5.12715
-1.4355	0.967119	5.14062	5.12748
-1.42663	0.977961	5.14259	5.12748
-1.42039	0.983217	5.14522	5.12682
-1.41448	0.992088	5.14587	5.12748
-1.40758	0.985846	5.14489	5.1278
-1.40035	0.986831	5.14325	5.12682
-1.39838	0.98256	5.14325	5.12682
-1.40462	0.974347	5.14325	5.1278
-1.39411	0.985846	5.14226	5.12649
-1.39575	0.979932	5.1416	5.12616
-1.39641	0.98486	5.14095	5.12583
-1.39805	0.984203	5.14029	5.12583
-1.40232	0.977304	5.14193	5.12518
-1.39739	0.976318	5.14292	5.12419
-1.39246	0.975661	5.1439	5.12386
-1.39542	0.972704	5.14456	5.12386
-1.39706	0.973361	5.14587	5.12452
-1.39871	0.96909	5.14489	5.1232
-1.40232	0.961862	5.14259	5.12353
-1.40528	0.961205	5.14226	5.12386
-1.40495	0.964162	5.1439	5.12583
-1.41415	0.954306	5.14555	5.12649
-1.40955	0.949378	5.14489	5.1255
-1.41546	0.949706	5.14357	5.1232
-1.41809	0.941493	5.14259	5.12419
-1.41842	0.938864	5.1416	5.12616
-1.42597	0.935907	5.1416	5.1255
-1.44109	0.922766	5.14292	5.1255
-1.44339	0.924408	5.14423	5.12353
-1.44733	0.920794	5.14423	5.12222
-1.447	0.920137	5.14456	5.12189
-1.44963	0.915866	5.14489	5.12222
-1.45324	0.923751	5.14325	5.12255
-1.46047	0.907653	5.1416	5.12386
-1.46671	0.905682	5.14062	5.12419
-1.47591	0.902725	5.14226	5.12353
-1.48018	0.906667	5.14489	5.12419
-1.47788	0.913895	5.14555	5.12485
-1.47887	0.907981	5.14456	5.12649
-1.47788	0.907324	5.14456	5.12518
-1.47723	0.906339	5.14522	5.12452
-1.48675	0.902396	5.14686	5.1255
-1.49464	0.894183	5.14489	5.12682
-1.49825	0.894511	5.14456	5.12715
-1.50055	0.884983	5.1439	5.12682
-1.4999	0.890569	5.14292	5.12649
-1.50811	0.881698	5.1416	5.12583
-1.5137	0.873484	5.13963	5.12682
-1.51961	0.870199	5.1416	5.12616
-1.51435	0.872499	5.14522	5.12583
-1.51961	0.864942	5.14555	5.1255
-1.51862	0.870856	5.14423	5.12485
-1.52519	0.858043	5.14259	5.12452
-1.52125	0.869542	5.14226	5.1255
-1.51829	0.870856	5.14423	5.12583
-1.52487	0.8564	5.1462	5.12715
-1.53275	0.84063	5.14752	5.12682
-1.52979	0.845558	5.14719	5.12583
-1.53176	0.846544	5.14456	5.12419
-1.53866	0.836359	5.14259	5.12452
-1.54129	0.832745	5.1439	5.12452
-1.53834	0.833074	5.14423	5.12583
-1.53834	0.828146	5.1439	5.12682
-1.53406	0.833402	5.14423	5.12682
-1.53045	0.834388	5.14325	5.12518
-1.52651	0.835702	5.1416	5.1255
-1.52322	0.841287	5.14029	5.12682
-1.51862	0.842273	5.14095	5.12649
-1.51402	0.847858	5.1439	5.12715
-1.51337	0.848844	5.14686	5.12846
-1.51567	0.84523	5.14719	5.12748
-1.50877	0.844901	5.14587	5.12583
-1.49957	0.853443	5.14456	5.1255
-1.49793	0.853772	5.14456	5.12715
-1.4884	0.867571	5.1439	5.12748
-1.48051	0.862643	5.1439	5.12452
-1.47361	0.870199	5.14456	5.12255
-1.4677	0.878413	5.14325	5.12485
-1.46014	0.893525	5.14127	5.12682
-1.46146	0.895497	5.14292	5.12649
-1.46047	0.900753	5.14587	5.12518
-1.46244	0.899111	5.14719	5.1232
-1.47131	0.896811	5.14719	5.12419
-1.45653	0.902396	5.14686	5.12583
-1.45916	0.909953	5.14357	5.1255
-1.45719	0.913895	5.14062	5.12616
-1.45456	0.923094	5.14062	5.12682
-1.45226	0.922437	5.14292	5.12583
-1.45029	0.928022	5.14325	5.12616
-1.44733	0.930979	5.14325	5.12616
-1.44996	0.926708	5.14292	5.12649
-1.44799	0.929994	5.14127	5.1278
-1.44569	0.936236	5.14062	5.12748
-1.44174	0.944449	5.14127	5.12583
-1.45456	0.943792	5.14259	5.12649
-1.45324	0.943464	5.14325	5.1255
-1.45686	0.946092	5.14292	5.12419
-1.44799	0.956277	5.14259	5.12353
-1.44667	0.959562	5.1416	5.12386
-1.43649	0.970076	5.14226	5.12353
-1.43517	0.971718	5.14193	5.12353
-1.43649	0.973033	5.14029	5.12386
-1.43616	0.973033	5.1393	5.12386
-1.42138	0.987488	5.14193	5.12518
-1.41349	0.985189	5.14325	5.12419
-1.4171	0.983546	5.14292	5.12288
-1.41678	0.979603	5.1439	5.12485
-1.41185	0.976975	5.14489	5.12682
-1.4148	0.981903	5.14522	5.12846
-1.42006	0.980918	5.14456	5.1301
-1.42663	0.976318	5.14292	5.1301
-1.42138	0.98026	5.14357	5.12846
-1.4171	0.983546	5.14259	5.12813
-1.41119	0.999644	5.14127	5.12715
-1.39903	1.00589	5.14127	5.12583
-1.39049	1.01213	5.14226	5.12485
-1.39213	1.01771	5.14423	5.1255
-1.38195	1.03053	5.14456	5.12518
-1.37012	1.03546	5.1439	5.12583
-1.35961	1.04367	5.1416	5.12583
-1.34942	1.04958	5.14029	5.12616
-1.34088	1.04334	5.13996	5.12682
-1.32906	1.05845	5.14062	5.12583
-1.32873	1.05911	5.14259	5.12419
-1.32544	1.05812	5.14456	5.12485
-1.32873	1.06042	5.14686	5.1232
-1.32281	1.06535	5.14489	5.12485
-1.32873	1.06272	5.14357	5.12748
-1.32741	1.05353	5.14259	5.12977
-1.32577	1.05385	5.14357	5.13076
-1.33201	1.04794	5.14522	5.12977
-1.32676	1.05287	5.14489	5.12715
-1.32906	1.04893	5.14325	5.12452
-1.33004	1.04367	5.14226	5.12485
-1.33037	1.04268	5.1416	5.12583
-1.32971	1.04794	5.14226	5.12715
-1.32873	1.04695	5.14292	5.12682
-1.32708	1.04564	5.14456	5.12419
-1.32314	1.04695	5.14522	5.12353
-1.32544	1.04564	5.1439	5.12452
-1.32873	1.03743	5.1416	5.12616
-1.32774	1.03316	5.14062	5.12616
-1.3261	1.04301	5.13897	5.1255
-1.32084	1.0555	5.13963	5.12452
-1.33464	1.04794	5.1416	5.12485
-1.34811	1.04104	5.14259	5.12419
-1.35107	1.03578	5.14292	5.1232
-1.35337	1.02954	5.14226	5.12386
-1.35304	1.0256	5.14259	5.12485
-1.36257	1.0187	5.14423	5.12649
-1.36717	1.01246	5.1462	5.12715
-1.37439	1.01279	5.14555	5.12649
-1.37144	1.02724	5.14555	5.12485
-1.37932	1.02166	5.14686	5.12518
-1.38556	1.01443	5.14555	5.12583
-1.38885	1.0141	5.14292	5.12813
-1.39936	1.00983	5.14292	5.12879
-1.39673	1.01344	5.1439	5.12682
-1.40166	1.00753	5.14522	5.12616
-1.40692	1.0026	5.14555	5.12748
-1.41448	0.992417	5.14653	5.12682
-1.42729	0.980918	5.14653	5.12616
-1.43583	0.967447	5.14522	5.1255
-1.44109	0.969419	5.14456	5.12485
-1.4424	0.972375	5.14522	5.1232
-1.44339	0.973033	5.1462	5.12386
-1.44634	0.968762	5.14653	5.12485
-1.44437	0.966462	5.14456	5.12485
-1.44733	0.960548	5.14325	5.12518
-1.43977	0.962191	5.14325	5.12452
-1.43616	0.959562	5.14357	5.12288
-1.44667	0.946421	5.14357	5.1232
-1.45029	0.948392	5.14522	5.12386
-1.46146	0.93295	5.14686	5.12452
-1.46868	0.928351	5.14555	5.1255
-1.47164	0.92408	5.1439	5.1255
-1.47887	0.90831	5.14292	5.12616
-1.48314	0.909624	5.14357	5.12616
-1.47723	0.908967	5.14423	5.12583
-1.4723	0.91718	5.14423	5.12583
-1.46737	0.91061	5.14193	5.12583
-1.47131	0.904367	5.14193	5.12452
-1.46836	0.901082	5.14292	5.1232
-1.46146	0.901739	5.14489	5.12419
-1.45554	0.904367	5.14587	5.1255
-1.45489	0.905024	5.14719	5.12518
-1.45554	0.893854	5.1462	5.12485
-1.45226	0.907324	5.14456	5.12485
-1.44273	0.924408	5.14292	5.12616
-1.4539	0.911267	5.14259	5.12715
-1.45226	0.914881	5.14357	5.12616
-1.45259	0.914224	5.14325	5.12616
-1.45029	0.918495	5.14259	5.1255
-1.45817	0.914552	5.14325	5.12583
-1.45916	0.914224	5.14325	5.12748
-1.45751	0.917509	5.14292	5.12945
-1.4631	0.913567	5.14226	5.12846
-1.46474	0.923751	5.1439	5.12649
-1.45489	0.936564	5.14653	5.12583
-1.46146	0.931308	5.14785	5.12452
-1.46507	0.930322	5.14686	5.12353
-1.46244	0.931308	5.14325	5.12419
-1.45686	0.940507	5.1416	5.12649
-1.45193	0.950692	5.14259	5.12715
-1.45423	0.949378	5.14226	5.12682
-1.45324	0.955291	5.1439	5.12583
-1.45489	0.954634	5.14522	5.12583
-1.4585	0.95332	5.14357	5.12616
-1.45686	0.952663	5.13963	5.12649
-1.45784	0.950692	5.13963	5.12452
-1.46179	0.95102	5.14292	5.12222
-1.4608	0.953649	5.1462	5.12386
-1.46441	0.946749	5.14719	5.12649
-1.47	0.940835	5.14522	5.12649
-1.47263	0.933608	5.14259	5.12649
-1.47394	0.935907	5.13996	5.12879
-1.48051	0.92408	5.14062	5.1301
-1.47986	0.922766	5.1416	5.12846
-1.4792	0.920466	5.14259	5.1255
-1.4723	0.931965	5.14292	5.12353
-1.47821	0.928022	5.1439	5.12386
-1.48807	0.909295	5.14423	5.1255
-1.49793	0.898782	5.14423	5.12748
-1.48905	0.90601	5.14292	5.12715
-1.48018	0.908638	5.14259	5.12583
-1.47624	0.910281	5.14489	5.12386
-1.46934	0.915866	5.14653	5.12386
-1.47263	0.912252	5.1462	5.12419
-1.46573	0.912909	5.1439	5.12419
-1.46244	0.922766	5.14259	5.12386
-1.45916	0.929665	5.14292	5.12353
-1.44897	0.938536	5.14423	5.12419
-1.43649	0.949706	5.14423	5.1255
-1.43649	0.955291	5.14456	5.12616
-1.43517	0.957591	5.14489	5.12419
-1.42597	0.973033	5.14522	5.12386
-1.43583	0.960219	5.14489	5.1232
-1.42597	0.965148	5.14357	5.1232
-1.42367	0.960877	5.1439	5.12419
-1.41546	0.962191	5.14587	5.12386
-1.40823	0.971718	5.14916	5.12485
-1.39706	0.986831	5.14752	5.12682
-1.38918	0.99603	5.14489	5.12452
-1.39805	0.998987	5.14193	5.12386
-1.40035	1.00162	5.14193	5.12518
-1.39608	1.00589	5.1439	5.12616
-1.39312	1.0049	5.14456	5.12616
-1.39049	1.01081	5.14325	5.12583
-1.38721	1.00589	5.14127	5.12616
-1.38392	1.00884	5.14062	5.12649
-1.37834	1.02034	5.14357	5.12682
-1.37702	1.03217	5.14587	5.12649
-1.37078	1.03578	5.14949	5.12583
-1.36815	1.0394	5.1508	5.1255
-1.36947	1.0325	5.14949	5.12485
-1.36421	1.03118	5.14587	5.12419
-1.35961	1.02823	5.14259	5.12715
-1.35994	1.02297	5.14062	5.12813
-1.36519	1.02001	5.14029	5.12616
-1.36158	1.0187	5.1416	5.12452
-1.37144	1.01147	5.14325	5.12485
-1.36979	1.02166	5.14489	5.1278
-1.36749	1.01673	5.14653	5.12945
-1.37177	1.01509	5.14423	5.12879
-1.36421	1.02297	5.1416	5.12748
-1.37604	1.01114	5.14127	5.12682
-1.38064	1.00424	5.14226	5.12386
-1.38852	0.998987	5.14325	5.12189
-1.39673	0.993731	5.14193	5.12255
-1.40462	0.986174	5.14193	5.12353
-1.40725	0.979603	5.14292	5.12649
-1.41316	0.974347	5.14357	5.12682
-1.41316	0.969419	5.14259	5.12518
-1.41579	0.970404	5.14489	5.12518
-1.41316	0.979603	5.14522	5.12485
-1.40692	0.983217	5.1439	5.12386
-1.40988	0.988145	5.1439	5.12386
-1.40298	0.997345	5.1439	5.12518
-1.40166	0.998659	5.14325	5.12518
-1.40331	0.990774	5.14292	5.12583
-1.39246	1.00589	5.14357	5.12419
-1.38228	1.0187	5.14423	5.12386
-1.37702	1.02494	5.14423	5.12485
-1.37407	1.01969	5.14357	5.12419
-1.37045	1.01673	5.14259	5.12419
-1.36979	1.01213	5.14193	5.12583
-1.37407	1.01246	5.14357	5.12452
-1.38655	0.995373	5.14357	5.12222
-1.39871	0.986831	5.14423	5.12123
-1.39608	0.98486	5.1439	5.12255
-1.39279	0.979603	5.14259	5.12649
-1.40035	0.969747	5.14259	5.12846
-1.40922	0.961862	5.1439	5.12846
-1.41152	0.95102	5.14489	5.12583
-1.41283	0.956277	5.14489	5.12288
-1.42499	0.942807	5.14259	5.12255
-1.43386	0.932293	5.14127	5.12452
-1.4355	0.930322	5.14127	5.12715
-1.44174	0.920137	5.14029	5.12682
-1.44043	0.916523	5.1416	5.12616
-1.44109	0.913895	5.14292	5.12419
-1.4355	0.916523	5.14259	5.12255
-1.43912	0.913567	5.14193	5.12353
-1.43649	0.915538	5.1416	5.12649
-1.44076	0.918823	5.14259	5.12912
-1.44306	0.912252	5.14226	5.12813
-1.44437	0.906996	5.14292	5.12682
-1.45127	0.895825	5.14489	5.12485
-1.45094	0.897139	5.14489	5.12419
-1.4539	0.898125	5.14423	5.12386
-1.46047	0.891883	5.14292	5.12518
-1.46639	0.887612	5.14259	5.1278
-1.46868	0.891883	5.14325	5.12813
-1.46803	0.891554	5.14522	5.12846
-1.47164	0.884983	5.14555	5.12682
-1.47657	0.887612	5.14522	5.12419
-1.47591	0.898454	5.1439	5.12485
-1.47591	0.895497	5.14292	5.1278
-1.47756	0.893197	5.14127	5.1278
-1.48741	0.886955	5.14259	5.1255
-1.48314	0.897139	5.1439	5.12419
-1.48873	0.899768	5.14555	5.12255
-1.48807	0.899111	5.14653	5.12255
-1.48873	0.899768	5.14423	5.12518
-1.48774	0.900753	5.14226	5.1278
-1.4907	0.909295	5.14095	5.12813
-1.48774	0.915538	5.14259	5.12715
-1.49464	0.908638	5.14555	5.1255
-1.49201	0.909624	5.14719	5.12518
-1.4838	0.923423	5.14555	5.12616
-1.47953	0.929337	5.14489	5.12485
-1.48117	0.931308	5.1462	5.12353
-1.48741	0.921123	5.1462	5.1232
-1.49825	0.910281	5.14587	5.1255
-1.48873	0.914881	5.14587	5.12583
-1.49267	0.909295	5.14456	5.12419
-1.4976	0.904696	5.1439	5.12288
-1.49924	0.905682	5.14226	5.12419
-1.49727	0.901739	5.14062	5.12649
-1.49957	0.886298	5.14062	5.12715
-1.50055	0.887283	5.14193	5.1278
-1.49858	0.890897	5.14357	5.1255
-1.49135	0.898782	5.14259	5.12353
-1.49333	0.896811	5.14325	5.12353
-1.49201	0.895497	5.14489	5.12485
-1.49267	0.902068	5.14686	5.12616
-1.49234	0.902725	5.1462	5.12846
-1.4884	0.912252	5.14423	5.12977
-1.48117	0.922437	5.1439	5.12945
-1.47263	0.928679	5.1439	5.12583
-1.46179	0.940507	5.14292	5.12255
-1.46277	0.946092	5.14193	5.12255
-1.46014	0.950035	5.14095	5.12386
-1.46211	0.942478	5.14193	5.12518
-1.46474	0.940178	5.14325	5.12518
-1.45981	0.93755	5.14423	5.12518
-1.4562	0.939193	5.14489	5.1255
-1.44404	0.947078	5.14456	5.12682
-1.44174	0.960877	5.14357	5.12748
-1.43977	0.959562	5.1439	5.12846
-1.43879	0.964819	5.14489	5.12616
-1.44372	0.96449	5.1439	5.1255
-1.44339	0.965805	5.14226	5.1255
-1.43912	0.971718	5.14193	5.1255
-1.43189	0.976647	5.14292	5.12649
-1.42827	0.978289	5.14357	5.12616
-1.42236	0.986831	5.14292	5.12649
-1.41776	0.987817	5.1416	5.1255
-1.40626	0.991102	5.14193	5.12485
-1.39969	1.00063	5.14259	5.12616
-1.39148	1.00589	5.14292	5.12485
-1.38984	1.00753	5.14357	5.12419
-1.38294	1.01049	5.14489	5.12419
-1.38655	1.00424	5.14522	5.12485
-1.39082	0.996359	5.14456	5.12452
-1.38984	1.0003	5.14357	5.12485
-1.38655	0.993731	5.14456	5.12452
-1.38458	0.999973	5.14292	5.12255
-1.37866	1.00753	5.14062	5.1232
-1.38228	0.998987	5.14029	5.12583
-1.37374	1.00983	5.14127	5.12518
-1.37308	1.01377	5.14522	5.12485
-1.37636	1.00819	5.14653	5.12649
-1.37407	1.0049	5.14423	5.12715
-1.38064	0.997345	5.14325	5.1255
-1.39082	0.991759	5.14127	5.12583
-1.39575	0.981903	5.13996	5.12715
-1.40232	0.983546	5.14127	5.12682
-1.41053	0.977632	5.14259	5.1255
-1.40856	0.980589	5.14456	5.12583
-1.40955	0.979603	5.14489	5.12616
-1.41119	0.975989	5.14193	5.12518
-1.41185	0.974018	5.13963	5.1255
-1.40495	0.975661	5.13865	5.12616
-1.4125	0.975989	5.14029	5.12518
-1.40692	0.97369	5.14193	5.12583
-1.40725	0.973361	5.14357	5.12813
-1.40955	0.972704	5.1439	5.12912
-1.40232	0.977961	5.14423	5.12748
-1.40133	0.976318	5.14259	5.12452
-1.39443	0.979932	5.14325	5.12485
-1.39641	0.981903	5.1462	5.1255
-1.39246	0.99603	5.14719	5.1255
-1.39871	0.993074	5.14555	5.12485
-1.40166	0.989131	5.1439	5.12518
-1.39903	0.984532	5.14193	5.12715
-1.40199	0.985846	5.14325	5.1278
-1.40265	0.988803	5.1439	5.12682
-1.40265	0.991759	5.14423	5.12583
-1.39542	1.0003	5.14555	5.12583
-1.38326	1.00884	5.14752	5.12682
-1.38096	1.0164	5.14752	5.12748
-1.38589	1.01673	5.14653	5.12748
-1.38096	1.02658	5.14456	5.12846
-1.39378	1.01837	5.14423	5.12977
-1.38326	1.021	5.14292	5.13043
-1.39016	1.01804	5.14292	5.12945
-1.37965	1.02593	5.14259	5.1278
-1.37505	1.02166	5.14292	5.1255
-1.37374	1.01969	5.14292	5.12485
-1.37078	1.02757	5.14259	5.1255
-1.37374	1.02001	5.14292	5.1255
-1.37374	1.02527	5.14325	5.12583
-1.37308	1.02034	5.14423	5.12715
-1.36749	1.0095	5.14522	5.12583
-1.34745	1.02429	5.14292	5.12419
-1.3491	1.02724	5.14292	5.12386
-1.35567	1.0233	5.14226	5.12452
-1.35402	1.02527	5.1416	5.12583
-1.36059	1.01739	5.14193	5.1255
-1.36059	1.01607	5.14259	5.1232
-1.36684	1.01114	5.1439	5.12386
-1.36815	1.0072	5.14456	5.1255
-1.37144	1.00622	5.14357	5.12682
-1.37834	1.00162	5.1439	5.12715
-1.36782	1.02034	5.14456	5.12649
-1.36979	1.01607	5.1439	5.12583
-1.37242	1.01903	5.1439	5.12616
-1.37965	1.01081	5.14259	5.12649
-1.37965	1.01213	5.1416	5.12715
-1.38622	1.01049	5.14095	5.12879
-1.39903	0.995045	5.14193	5.12813
-1.40035	0.98716	5.14226	5.12583
-1.40561	0.977961	5.14292	5.12682
-1.4079	0.969419	5.14325	5.12748
-1.41349	0.972704	5.1439	5.1278
-1.41809	0.96449	5.14226	5.12977
-1.43025	0.949049	5.14095	5.12846
-1.424	0.956934	5.14029	5.12682
-1.42565	0.959234	5.14325	5.12518
-1.42663	0.968762	5.14555	5.12386
-1.4309	0.959891	5.14522	5.12518
-1.43912	0.951349	5.14357	5.12813
-1.43747	0.946092	5.14062	5.12945
-1.43353	0.947078	5.14095	5.12846
-1.43517	0.949049	5.14259	5.12977
-1.43977	0.939193	5.14357	5.12846
-1.43616	0.944121	5.1439	5.12748
-1.44733	0.931965	5.14325	5.1278
-1.44437	0.934593	5.14423	5.1278
-1.45357	0.927694	5.14423	5.12715
-1.4493	0.920466	5.14456	5.12649
-1.45489	0.909295	5.14686	5.12616
-1.46409	0.911595	5.14817	5.12583
-1.46704	0.902068	5.14752	5.1255
-1.4654	0.899439	5.14555	5.1255
-1.46047	0.900425	5.14423	5.12715
-1.45949	0.904367	5.14292	5.12748
-1.46211	0.898125	5.14357	5.12748
-1.45981	0.903382	5.14555	5.12682
-1.46113	0.892211	5.1462	5.12748
-1.46376	0.891226	5.14587	5.12583
-1.46343	0.886298	5.14587	5.12485
-1.46244	0.884326	5.14489	5.12518
-1.46244	0.885312	5.14325	5.12649
-1.46639	0.878741	5.14226	5.1278
-1.46573	0.883341	5.14292	5.12748
-1.4585	0.894183	5.1439	5.12715
-1.46573	0.883998	5.14423	5.1278
-1.46573	0.883669	5.14423	5.12748
-1.46244	0.878741	5.14325	5.12616
-1.4585	0.871842	5.14259	5.12616
-1.46179	0.87447	5.14292	5.12386
-1.46244	0.872827	5.14325	5.12419
-1.45751	0.884655	5.14456	5.12452
-1.45489	0.884326	5.14292	5.12485
-1.4562	0.877427	5.14062	5.12419
-1.4516	0.873156	5.13996	5.12353
-1.44766	0.867899	5.1416	5.12518
-1.45587	0.868885	5.14423	5.12649
-1.4539	0.879398	5.1462	5.12715
-1.45719	0.878741	5.14752	5.12452
-1.47033	0.868885	5.14686	5.12288
-1.4746	0.854758	5.14292	5.12452
-1.47624	0.856729	5.1416	5.12583
-1.4746	0.855743	5.14062	5.12616
-1.48216	0.861328	5.14095	5.12616
-1.48675	0.859357	5.14127	5.1255
-1.49628	0.846873	5.1416	5.12419
-1.49924	0.844901	5.14062	5.12485
-1.50055	0.852129	5.14062	5.12583
-1.50055	0.841616	5.14193	5.12682
-1.48774	0.84753	5.14423	5.12715
-1.48577	0.84753	5.14653	5.12649
-1.47788	0.855086	5.14653	5.12452
-1.4769	0.847858	5.14456	5.12353
-1.48314	0.845558	5.1439	5.1232
-1.48708	0.839645	5.14489	5.12353
-1.4815	0.845558	5.14555	5.12649
-1.48281	0.84293	5.14226	5.12813
-1.48807	0.821575	5.14127	5.12748
-1.49464	0.821575	5.14259	5.12452
-1.49004	0.820918	5.14259	5.12288
-1.49497	0.820589	5.14325	5.12386
-1.49661	0.816318	5.14456	5.12748
-1.50022	0.813033	5.14555	5.12879
-1.50351	0.820589	5.14357	5.12912
-1.49891	0.84293	5.1416	5.1278
-1.50154	0.837016	5.14193	5.12715
-1.49924	0.841944	5.14325	5.12649
-1.49957	0.841287	5.14259	5.12485
-1.4953	0.847201	5.14357	5.12518
-1.493	0.843259	5.14259	5.12682
-1.4953	0.840302	5.1416	5.1278
-1.4907	0.848187	5.14292	5.12616
-1.48445	0.857057	5.14423	5.12452
-1.47788	0.862643	5.14456	5.12353
-1.47098	0.866914	5.14423	5.12518
-1.45949	0.882355	5.14357	5.12682
-1.45949	0.87907	5.14357	5.12682
-1.45456	0.888926	5.14292	5.12518
-1.4401	0.896811	5.14095	5.1232
-1.43353	0.906996	5.14029	5.12288
-1.42597	0.922109	5.14292	5.12386
-1.42072	0.925723	5.14423	5.12452
-1.42433	0.922766	5.14423	5.1255
-1.4217	0.910281	5.14357	5.12616
-1.41743	0.90831	5.14292	5.12715
-1.41448	0.912909	5.14325	5.1255
-1.41382	0.908638	5.14259	5.12485
-1.41579	0.914552	5.14226	5.12452
-1.4263	0.908638	5.14292	5.12419
-1.42893	0.899111	5.14259	5.12452
-1.42926	0.904696	5.14292	5.12485
-1.43123	0.903382	5.14325	5.12518
-1.43025	0.90601	5.14325	5.12419
-1.43189	0.900425	5.14357	5.12452
-1.43057	0.898782	5.14127	5.12649
-1.42827	0.909624	5.14029	5.12748
-1.42827	0.906996	5.13963	5.12715
-1.43123	0.909624	5.14127	5.12715
-1.43025	0.909624	5.14325	5.12616
-1.4309	0.909295	5.14423	5.12353
-1.41776	0.929337	5.14259	5.1232
-1.41743	0.934265	5.14127	5.12616
-1.4148	0.931636	5.14193	5.12813
-1.42532	0.91718	5.1416	5.12715
-1.43485	0.913238	5.14259	5.12649
-1.44273	0.91061	5.14325	5.12583
-1.447	0.902396	5.14522	5.12452
-1.4539	0.900096	5.14357	5.1255
-1.46376	0.881369	5.14259	5.12649
-1.46934	0.880055	5.1416	5.12682
-1.47066	0.882684	5.1416	5.12682
-1.47953	0.874142	5.1416	5.12583
-1.48708	0.867242	5.14226	5.12419
-1.49431	0.859029	5.14357	5.12353
-1.49924	0.862971	5.1439	5.12386
-1.50877	0.859029	5.14292	5.12419
-1.51567	0.854758	5.14226	5.12748
-1.51534	0.854429	5.14127	5.1301
-1.51829	0.850815	5.14325	5.13043
-1.51665	0.850815	5.14489	5.12912
-1.52519	0.838988	5.14489	5.12682
-1.52749	0.833074	5.14292	5.12583
-1.52585	0.836688	5.14127	5.12649
-1.53111	0.820918	5.14062	5.12813
-1.52815	0.81599	5.14193	5.12813
-1.52059	0.82486	5.14325	5.1255
-1.52158	0.823875	5.14423	5.12386
-1.52191	0.821903	5.1439	5.12386
-1.52289	0.819932	5.1439	5.12649
-1.52881	0.815661	5.14325	5.12879
-1.53538	0.803505	5.14357	5.12912
-1.53702	0.794963	5.14489	5.1278
-1.53144	0.799234	5.14587	5.12583
-1.52914	0.798577	5.14686	5.12419
-1.52848	0.799234	5.14719	5.12419
-1.53702	0.794306	5.14785	5.12386
-1.53735	0.796934	5.14522	5.12583
-1.53242	0.799563	5.14325	5.12616
-1.53899	0.791349	5.14325	5.12682
-1.53636	0.785435	5.14357	5.12682
-1.53505	0.789049	5.14423	5.12485
-1.53571	0.786092	5.14423	5.12386
-1.53604	0.779522	5.14062	5.12649
-1.53604	0.777879	5.13799	5.12748
-1.53439	0.778864	5.1393	5.12649
-1.53012	0.767694	5.1439	5.12583
-1.53111	0.755867	5.14555	5.1255
-1.53538	0.753567	5.14489	5.12419
-1.53045	0.757509	5.14259	5.1255
-1.52947	0.758823	5.14095	5.12682
-1.53406	0.751596	5.14062	5.12813
-1.53374	0.76638	5.14029	5.12682
-1.53604	0.774265	5.14193	5.12485
-1.54294	0.762437	5.1439	5.12419
-1.54228	0.758495	5.14357	5.12452
-1.53932	0.772951	5.14193	5.12485
-1.53899	0.775251	5.14259	5.12485
-1.54129	0.781164	5.14325	5.12649
-1.53604	0.787078	5.14325	5.12649
-1.53374	0.794963	5.14456	5.12649
-1.52552	0.811062	5.14587	5.12813
-1.52684	0.801534	5.14555	5.12846
-1.53209	0.801205	5.14423	5.12715
-1.52914	0.802191	5.14357	5.1278
-1.53406	0.801205	5.14325	5.12649
-1.52618	0.80909	5.1416	5.12682
-1.52388	0.813033	5.14325	5.12682
-1.51797	0.806791	5.14325	5.12682
-1.51632	0.815333	5.14259	5.12649
-1.51435	0.823546	5.14357	5.12649
-1.51337	0.826174	5.14292	5.12715
-1.50844	0.836688	5.14325	5.1278
-1.50318	0.84523	5.1439	5.12813
-1.49957	0.846544	5.1439	5.1278
-1.49825	0.854101	5.1439	5.12715
-1.49004	0.863628	5.14522	5.12649
-1.48873	0.866585	5.14423	5.12748
-1.48577	0.871513	5.14259	5.12912
-1.49135	0.860671	5.14193	5.12879
-1.49135	0.866257	5.14193	5.12649
-1.48084	0.867571	5.14357	5.1255
-1.47788	0.868556	5.14489	5.12419
-1.46868	0.874799	5.14325	5.12485
-1.46376	0.879727	5.13996	5.12682
-1.46146	0.877427	5.13996	5.12715
-1.45062	0.89024	5.14127	5.1278
-1.44142	0.895497	5.1416	5.12616
-1.43287	0.896811	5.1416	5.12518
-1.4309	0.912252	5.14292	5.12583
-1.42893	0.91718	5.1439	5.12583
-1.43255	0.915209	5.14423	5.12649
-1.42696	0.914552	5.14357	5.12715
-1.42269	0.92408	5.14456	5.1278
-1.42236	0.922109	5.14555	5.12715
-1.42597	0.91948	5.14522	5.12583
-1.41908	0.928022	5.14357	5.12748
-1.40758	0.934922	5.14325	5.12879
-1.40232	0.944778	5.14259	5.12977
-1.39903	0.942478	5.14226	5.13043
-1.40758	0.936893	5.14193	5.12813
-1.40363	0.943135	5.14325	5.12715
-1.39805	0.945764	5.14522	5.12583
-1.40232	0.943464	5.14587	5.12616
-1.40363	0.93985	5.14357	5.12682
-1.40429	0.947078	5.14226	5.12715
-1.40889	0.933279	5.14095	5.12715
-1.40988	0.931965	5.14029	5.12715
-1.40265	0.93755	5.14127	5.1255
-1.40035	0.931636	5.14193	5.1232
-1.39838	0.94872	5.14226	5.12353
-1.39608	0.940835	5.14325	5.12518
-1.40331	0.935579	5.14423	5.12583
-1.40692	0.940178	5.14325	5.1255
-1.40922	0.945107	5.14193	5.12682
-1.42072	0.941821	5.14325	5.12715
-1.42663	0.927037	5.14522	5.12715
-1.42729	0.936236	5.14456	5.12616
-1.43025	0.940178	5.14193	5.12583
-1.43353	0.934922	5.14193	5.12518
-1.43517	0.938864	5.14259	5.12583
-1.43287	0.934593	5.14357	5.12715
-1.424	0.936564	5.14489	5.12912
-1.42795	0.938207	5.1439	5.12879
-1.42992	0.940835	5.14325	5.12748
-1.43682	0.938864	5.14226	5.12748
-1.43682	0.933936	5.14127	5.1278
-1.43846	0.933279	5.14259	5.12715
-1.43255	0.939193	5.14456	5.12682
-1.42367	0.939193	5.14555	5.12682
-1.42335	0.942478	5.14653	5.12616
-1.42565	0.942478	5.14456	5.12485
-1.42039	0.946749	5.14292	5.12386
-1.41875	0.94215	5.14226	5.1232
-1.41546	0.936564	5.14357	5.1255
-1.42236	0.930651	5.14489	5.12583
-1.42236	0.925723	5.14357	5.12649
-1.42138	0.92408	5.1416	5.12485
-1.42433	0.922437	5.1416	5.1232
-1.42433	0.915538	5.14292	5.12386
-1.424	0.919809	5.14456	5.12649
-1.42959	0.915209	5.14555	5.12649
-1.43616	0.918823	5.14522	5.12353
-1.44372	0.916523	5.14555	5.1209
-1.44339	0.913895	5.14489	5.12222
-1.43419	0.91718	5.14357	5.12386
-1.43715	0.904696	5.14292	5.12518
-1.4286	0.914224	5.14259	5.12583
-1.43025	0.917509	5.14292	5.12583
-1.42893	0.92178	5.14226	5.12452
-1.42138	0.931965	5.13963	5.1232
-1.4217	0.934922	5.14029	5.12386
-1.42433	0.931308	5.14193	5.12583
-1.42367	0.931636	5.14127	5.12616
-1.42039	0.928351	5.14259	5.12715
-1.41776	0.937879	5.14357	5.1278
-1.42367	0.93525	5.14423	5.12649
-1.42105	0.932622	5.14357	5.12616
-1.41908	0.931308	5.14226	5.12813
-1.41645	0.933936	5.14259	5.12945
-1.41579	0.929665	5.14292	5.12715
-1.41119	0.935907	5.14193	5.12452
-1.41645	0.922109	5.14259	5.12222
-1.41218	0.934593	5.14259	5.12386
-1.42335	0.916523	5.14357	5.12386
-1.42532	0.922437	5.1439	5.12288
-1.42992	0.917509	5.14292	5.12353
-1.4355	0.904039	5.14127	5.12386
-1.45521	0.883669	5.14259	5.1255
-1.46277	0.878741	5.14292	5.12583
-1.47033	0.867571	5.14259	5.12518
-1.47263	0.87447	5.14127	5.12485
-1.4861	0.861328	5.14193	5.12616
-1.48971	0.858372	5.14259	5.12748
-1.50252	0.849501	5.14325	5.12682
-1.5114	0.835702	5.1439	5.12748
-1.52125	0.820589	5.14423	5.12682
-1.52454	0.818618	5.1439	5.12583
-1.53209	0.810733	5.14193	5.12682
-1.54359	0.791678	5.1393	5.12846
-1.54162	0.795292	5.13799	5.12813
-1.54162	0.787735	5.13799	5.12748
-1.54359	0.787078	5.13897	5.12715
-1.54951	0.785435	5.14029	5.12616
-1.54786	0.790692	5.14423	5.1255
-1.55181	0.793649	5.14555	5.1232
-1.55936	0.789706	5.14423	5.12419
-1.55673	0.799563	5.14095	5.12419
-1.55378	0.797263	5.14062	5.12452
-1.55575	0.797263	5.14127	5.12452
-1.55312	0.790692	5.14259	5.12386
-1.55673	0.77985	5.14325	5.12222
-1.56363	0.776236	5.14522	5.12288
-1.56068	0.770979	5.14555	5.12452
-1.55772	0.778207	5.14489	5.12616
-1.55181	0.786421	5.14423	5.12649
-1.54753	0.79332	5.14292	5.12715
-1.55279	0.788721	5.14259	5.1255
-1.54655	0.792006	5.14226	5.12485
-1.53899	0.793649	5.1416	5.12583
-1.54162	0.788064	5.1416	5.12616
-1.53932	0.785435	5.14193	5.12583
-1.54064	0.777222	5.14325	5.12518
-1.54129	0.782478	5.14555	5.12452
-1.53505	0.798906	5.1485	5.12419
-1.53636	0.798906	5.14686	5.12518
-1.52257	0.806462	5.14423	5.12649
-1.51567	0.811062	5.14456	5.12813
-1.50877	0.815004	5.14489	5.12912
-1.51107	0.808762	5.14489	5.12748
-1.49793	0.828146	5.14555	5.12518
-1.49267	0.837345	5.14587	5.12419
-1.49727	0.827489	5.14587	5.12353
-1.48708	0.828803	5.14423	5.12452
-1.48905	0.832417	5.14292	5.12682
-1.4838	0.834717	5.1416	5.12682
-1.48248	0.84063	5.14292	5.12616
-1.47657	0.849172	5.14357	5.12452
-1.47066	0.862314	5.14226	5.12386
-1.46211	0.876113	5.14226	5.12518
-1.45817	0.877755	5.14095	5.12682
-1.44799	0.885312	5.14062	5.12879
-1.43682	0.894511	5.14127	5.12912
-1.4286	0.909624	5.1416	5.12813
-1.42006	0.90831	5.14259	5.12649
-1.41415	0.917838	5.14423	5.12452
-1.4102	0.934922	5.14325	5.12386
-1.41119	0.939193	5.14127	5.12419
-1.40659	0.94872	5.14095	5.12518
-1.40725	0.944121	5.1416	5.1255
-1.4148	0.955291	5.1439	5.12518
-1.41579	0.959891	5.14357	5.12518
-1.4079	0.963505	5.14357	5.12452
-1.40363	0.98026	5.14357	5.12419
-1.40298	0.977632	5.14456	5.1232
-1.40528	0.975989	5.14325	5.12222
-1.40101	0.977961	5.14193	5.1232
-1.39641	0.981903	5.1439	5.12616
-1.39049	0.981246	5.14686	5.12583
-1.39213	0.98716	5.14883	5.1255
-1.38688	0.993731	5.14916	5.12649
-1.38655	1.00063	5.1462	5.12715
-1.38162	1.01279	5.14226	5.12649
-1.36848	1.02166	5.14062	5.1255
-1.35665	1.03151	5.14259	5.12616
-1.35698	1.03644	5.14357	5.12649
-1.34844	1.04433	5.14325	5.1255
-1.35205	1.04301	5.14292	5.12485
-1.34877	1.04728	5.14357	5.12518
-1.34088	1.05583	5.14226	5.12616
-1.33563	1.06305	5.14095	5.12715
-1.34351	1.05385	5.14193	5.12846
-1.34712	1.0532	5.14456	5.12715
-1.34055	1.04958	5.14653	5.12715
-1.34318	1.04663	5.14653	5.1278
-1.3307	1.05911	5.14357	5.12846
-1.32774	1.0601	5.14259	5.12846
-1.32051	1.06897	5.14325	5.12846
-1.32018	1.06962	5.14423	5.12616
-1.31723	1.07028	5.14489	5.12452
-1.31821	1.07028	5.14357	5.12419
-1.32051	1.0693	5.14226	5.12353
-1.32084	1.07258	5.14226	5.12485
-1.32051	1.06864	5.14193	5.12419
-1.31657	1.06634	5.14193	5.12419
-1.31953	1.06305	5.14489	5.12353
-1.32511	1.06765	5.14522	5.12452
-1.33201	1.0647	5.1439	5.12452
-1.31624	1.06765	5.14456	5.12485
-1.32511	1.06174	5.14423	5.1255
-1.33168	1.04925	5.1439	5.1255
-1.32643	1.04925	5.1439	5.12452
-1.31361	1.06765	5.1439	5.1255
-1.31164	1.07291	5.14226	5.12682
-1.31788	1.06535	5.14127	5.12945
-1.32446	1.0624	5.1416	5.13043
-1.32216	1.06568	5.14325	5.12879
-1.3261	1.05944	5.14325	5.12813
-1.33004	1.05517	5.14259	5.12616
-1.33595	1.04531	5.14226	5.12419
-1.3422	1.04006	5.14193	5.12452
-1.34778	1.0371	5.14029	5.12682
-1.3514	1.02856	5.1393	5.12879
-1.3583	1.0256	5.13996	5.12912
-1.35895	1.02363	5.14095	5.1278
-1.36191	1.02527	5.1416	5.12583
-1.37604	1.01377	5.14226	5.12386
-1.37866	1.01147	5.1439	5.12419
-1.38951	1.00424	5.1439	5.1232
-1.40495	0.991759	5.14325	5.12386
-1.41218	0.990774	5.14522	5.1232
-1.42072	0.979275	5.14555	5.12353
-1.4309	0.972375	5.1439	5.12386
-1.44634	0.953977	5.1439	5.1255
-1.44174	0.956277	5.14292	5.12682
-1.44996	0.943464	5.14325	5.12715
-1.45456	0.936564	5.14292	5.12748
-1.46671	0.930322	5.14226	5.12715
-1.47033	0.927365	5.14193	5.12682
-1.4769	0.907653	5.14259	5.1278
-1.48347	0.898125	5.14292	5.12748
-1.4907	0.896482	5.14226	5.12583
-1.4815	0.906996	5.14127	5.1255
-1.48413	0.902725	5.14325	5.12649
-1.48051	0.902725	5.14292	5.12813
-1.4792	0.904696	5.14259	5.12682
-1.47953	0.898454	5.14456	5.12452
-1.48314	0.901082	5.14423	5.12419
-1.48774	0.89484	5.14226	5.1255
-1.48544	0.891554	5.13963	5.12813
-1.49037	0.884655	5.1393	5.12879
-1.48873	0.88564	5.14062	5.12616
-1.49825	0.873156	5.14226	5.1232
-1.50055	0.877427	5.14259	5.1232
-1.50548	0.881698	5.14292	5.12485
-1.50975	0.877098	5.14555	5.12583
-1.50647	0.869542	5.14522	5.12518
-1.5068	0.862314	5.14456	5.12583
-1.49563	0.877755	5.1439	5.12649
-1.48708	0.884983	5.14456	5.12813
-1.48018	0.888926	5.14357	5.12912
-1.47887	0.886626	5.14259	5.12977
-1.46836	0.891883	5.14292	5.12682
-1.46901	0.88794	5.14259	5.12353
-1.46409	0.891883	5.14357	5.12386
-1.46277	0.891554	5.14653	5.1255
-1.45784	0.895497	5.14785	5.1232
-1.46507	0.901082	5.14752	5.12189
-1.4608	0.907324	5.14752	5.12288
-1.45193	0.91061	5.14752	5.12485
-1.44569	0.917509	5.14719	5.12649
-1.43944	0.915209	5.1462	5.12715
-1.4309	0.913895	5.14522	5.12616
-1.43682	0.913895	5.14423	5.12518
-1.43485	0.916852	5.14193	5.12419
-1.42203	0.939193	5.13963	5.12518
-1.424	0.938207	5.1393	5.12616
-1.42663	0.933279	5.14029	5.12616
-1.41316	0.945107	5.14029	5.12583
-1.41382	0.935907	5.14095	5.12715
-1.41218	0.934265	5.14226	5.12682
-1.42302	0.917838	5.14325	5.1278
-1.42926	0.919809	5.14292	5.12945
-1.42893	0.926708	5.14292	5.13076
-1.42959	0.930322	5.14325	5.13076
-1.43057	0.932293	5.14259	5.13076
-1.43189	0.945107	5.14127	5.12846
-1.43583	0.944121	5.14193	5.12715
-1.43846	0.941493	5.14325	5.12912
-1.4401	0.947735	5.14522	5.12945
-1.4447	0.95332	5.14522	5.12879
-1.4378	0.954634	5.14325	5.12846
-1.43025	0.963833	5.14259	5.12715
-1.42138	0.975989	5.14456	5.12452
-1.41645	0.981575	5.14587	5.12452
-1.41743	0.974675	5.14653	5.12583
-1.41776	0.973361	5.1439	5.12616
-1.42072	0.96449	5.14259	5.12715
-1.42433	0.961862	5.14259	5.12846
-1.41842	0.975989	5.14423	5.12748
-1.41842	0.980918	5.14587	5.1278
-1.41382	0.988145	5.1462	5.1278
-1.41908	0.985517	5.14555	5.12846
-1.42762	0.978618	5.14357	5.12846
-1.43616	0.979603	5.14193	5.1278
-1.42696	0.989131	5.13963	5.12583
-1.42367	0.997345	5.14095	5.12518
-1.42565	0.991759	5.1439	5.12386
-1.4217	0.99603	5.14522	5.12386
-1.41776	0.987817	5.14456	5.12485
-1.41218	0.990117	5.14325	5.12715
-1.40298	0.991431	5.14292	5.1278
-1.40593	0.992088	5.1416	5.12616
-1.40495	0.993731	5.14095	5.12255
-1.39411	1.00326	5.14193	5.12222
-1.38786	1.01016	5.14456	5.12386
-1.38622	1.00392	5.14489	5.12583
-1.38195	1.00917	5.14325	5.12748
-1.38294	1.0072	5.14226	5.12945
-1.37472	1.0164	5.14325	5.12945
-1.36651	1.02297	5.14555	5.12682
-1.35632	1.03841	5.14587	5.12583
-1.35632	1.04104	5.14456	5.12616
-1.3491	1.04465	5.14292	5.12583
-1.34877	1.03414	5.14259	5.1255
-1.33037	1.04827	5.14259	5.12616
-1.31624	1.06305	5.14292	5.12813
-1.31131	1.06371	5.14423	5.12649
-1.30704	1.07389	5.14456	5.12518
-1.30934	1.06864	5.1439	5.12419
-1.31657	1.06667	5.14193	5.12649
-1.31394	1.06798	5.1416	5.1278
-1.31394	1.07488	5.14193	5.12748
-1.32248	1.06798	5.14127	5.12649
-1.3169	1.07521	5.14127	5.1278
-1.3192	1.07488	5.14292	5.12649
-1.32314	1.06962	5.14325	5.12518
-1.32511	1.06568	5.14292	5.12518
-1.32906	1.067	5.14259	5.12813
-1.32774	1.07028	5.14292	5.12748
-1.33464	1.0647	5.14259	5.12583
-1.33234	1.067	5.14423	5.12583
-1.3399	1.06305	5.14587	5.12649
-1.34811	1.0624	5.14423	5.12649
-1.34877	1.06502	5.14193	5.12846
-1.3468	1.06305	5.14193	5.12879
-1.34877	1.0601	5.14292	5.12715
-1.35567	1.05287	5.14456	5.12649
-1.35928	1.04728	5.14423	5.12518
-1.36388	1.04235	5.14325	5.12452
-1.36092	1.04827	5.14292	5.12616
-1.36782	1.04531	5.14292	5.12616
-1.36782	1.04498	5.1439	5.12616
-1.36257	1.04663	5.14292	5.12616
-1.36322	1.0509	5.14259	5.12452
-1.37144	1.04006	5.14292	5.12386
-1.38064	1.03578	5.14325	5.12353
-1.37571	1.04235	5.14456	5.12288
-1.38064	1.03513	5.14423	5.12485
-1.38294	1.02429	5.14423	5.12616
-1.39411	1.00654	5.14456	5.12485
-1.38655	1.01476	5.14653	5.1255
-1.39509	1.00753	5.1462	5.12715
-1.40331	0.999316	5.14555	5.12879
-1.41152	0.998659	5.14292	5.13043
-1.40725	1.0049	5.14127	5.1301
-1.40889	0.997673	5.14226	5.12945
-1.41645	0.975989	5.14489	5.12649
-1.4148	0.960877	5.14587	5.12353
-1.40889	0.974018	5.14587	5.12255
-1.41809	0.973033	5.14522	5.12288
-1.42236	0.967776	5.14325	5.12452
-1.41875	0.967119	5.14193	5.12748
-1.4263	0.965805	5.14292	5.12879
-1.43452	0.957263	5.14456	5.12748
-1.43452	0.952334	5.14555	5.12715
-1.43485	0.957263	5.14423	5.12748
-1.43287	0.950035	5.14292	5.12748
-1.42762	0.954963	5.14259	5.12616
-1.43123	0.954634	5.1439	5.12616
-1.42597	0.962519	5.14325	5.12583
-1.4309	0.948392	5.1439	5.1255
-1.42072	0.959234	5.14456	5.12518
-1.42302	0.95562	5.14423	5.12518
-1.42105	0.959234	5.14555	5.12616
-1.42565	0.955948	5.14489	5.1255
-1.42433	0.962191	5.14325	5.12485
-1.43287	0.950363	5.14489	5.12518
-1.43485	0.941821	5.14686	5.12682
-1.42597	0.959562	5.14587	5.12649
-1.41875	0.959234	5.14489	5.12715
-1.41152	0.967776	5.14259	5.12748
-1.41349	0.967119	5.1416	5.12715
-1.42926	0.950035	5.14259	5.12813
-1.43123	0.951349	5.14456	5.12879
-1.42893	0.954306	5.14489	5.12649
-1.43189	0.955948	5.14357	5.12419
-1.4332	0.960877	5.14226	5.12189
-1.43616	0.95792	5.14259	5.1209
-1.44963	0.950692	5.1439	5.12222
-1.44864	0.951677	5.14489	5.12353
-1.45029	0.944121	5.14456	5.12419
-1.45521	0.934593	5.14423	5.12452
-1.4631	0.927365	5.14423	5.12452
-1.46901	0.923094	5.14259	5.12452
-1.47296	0.91948	5.14226	5.12649
-1.47821	0.909295	5.13996	5.12715
-1.4838	0.904367	5.13865	5.12813
-1.48216	0.910938	5.14062	5.12715
-1.48248	0.910281	5.14259	5.12616
-1.48347	0.910938	5.14456	5.1255
-1.48347	0.913567	5.1439	5.12616
-1.48708	0.913567	5.14259	5.12682
-1.48183	0.920466	5.14127	5.12616
-1.4838	0.923751	5.14193	5.12518
-1.47821	0.92638	5.14226	5.12518
-1.47887	0.928022	5.14226	5.12255
-1.47953	0.923423	5.14325	5.12123
-1.47328	0.925723	5.14325	5.12189
-1.4769	0.92408	5.14292	5.12485
-1.48117	0.91948	5.14423	5.12583
-1.4815	0.913895	5.14489	5.12452
-1.47723	0.91948	5.1439	5.12353
-1.48018	0.912581	5.1439	5.12288
-1.4769	0.909953	5.14423	5.12386
-1.4723	0.91061	5.14522	5.12485
-1.4654	0.913238	5.14423	5.12649
-1.46441	0.90831	5.14259	5.12813
-1.44569	0.916195	5.14292	5.12813
-1.44897	0.916523	5.14456	5.12649
-1.44043	0.925723	5.1439	5.12518
-1.44273	0.915209	5.14325	5.12386
-1.4401	0.920466	5.14325	5.12485
-1.43813	0.926051	5.14259	5.1255
-1.42762	0.931965	5.14325	5.12682
-1.4286	0.933279	5.14357	5.1278
-1.42039	0.936564	5.14325	5.12715
-1.41908	0.938207	5.14522	5.12649
-1.40889	0.95332	5.14522	5.12715
-1.40232	0.956605	5.14423	5.12715
-1.40133	0.967776	5.14259	5.12682
-1.39509	0.983874	5.14127	5.12748
-1.39706	0.98486	5.1416	5.12715
-1.38359	1.00063	5.14423	5.12715
-1.38754	0.996359	5.14489	5.12682
-1.37439	1.00293	5.14489	5.12583
-1.37177	1.00424	5.1439	5.12715
-1.37078	1.00523	5.1439	5.12846
-1.36881	1.01246	5.14357	5.1301
-1.37341	1.01246	5.14456	5.1301
-1.37834	1.00852	5.14522	5.12846
-1.38064	0.999644	5.14423	5.12813
-1.38064	1.0003	5.1439	5.12813
-1.39411	0.986174	5.14193	5.12813
-1.39148	0.988474	5.14259	5.12945
-1.38754	0.987488	5.14489	5.12912
-1.38754	0.991102	5.14489	5.12977
-1.39673	0.976647	5.1439	5.12879
-1.40988	0.963833	5.14325	5.12682
-1.41283	0.968104	5.14325	5.12616
-1.41579	0.967776	5.14325	5.12583
-1.41283	0.976647	5.14259	5.12649
-1.41218	0.983874	5.1416	5.12715
-1.42006	0.978618	5.14292	5.12813
-1.42499	0.974018	5.14423	5.1278
-1.42762	0.975004	5.14555	5.12715
-1.42729	0.977961	5.14653	5.12649
-1.42992	0.977304	5.14456	5.12616
-1.43419	0.981575	5.14226	5.12485
-1.43123	0.981246	5.14325	5.12452
-1.42795	0.976647	5.14522	5.12518
-1.43944	0.965148	5.14489	5.12452
-1.44503	0.957263	5.14423	5.12452
-1.44536	0.952663	5.14357	5.12452
-1.44832	0.944121	5.14357	5.12419
-1.45324	0.945435	5.1439	5.12452
-1.45127	0.945764	5.14522	5.12682
-1.45423	0.94215	5.14686	5.12715
-1.45719	0.929337	5.1462	5.12616
-1.45456	0.92638	5.14423	5.12485
-1.45916	0.919152	5.14226	5.12485
-1.45817	0.930979	5.14127	5.12748
-1.46606	0.929994	5.14193	5.1278
-1.46244	0.93295	5.1439	5.12616
-1.46606	0.929008	5.14456	5.12419
-1.46606	0.924408	5.1439	5.12353
-1.4631	0.912252	5.1439	5.12386
-1.46343	0.908638	5.14357	5.1278
-1.46376	0.893854	5.14522	5.12912
-1.46277	0.89024	5.14456	5.12879
-1.46737	0.899439	5.14325	5.12748
-1.46179	0.902725	5.14259	5.12583
-1.45324	0.911595	5.1416	5.12649
-1.44766	0.915538	5.1416	5.1278
-1.44963	0.920466	5.14127	5.12813
-1.44437	0.915866	5.14127	5.12715
-1.447	0.915538	5.14357	5.12649
-1.43123	0.925723	5.14686	5.12518
-1.41645	0.928351	5.1485	5.1255
-1.41119	0.940507	5.14916	5.12616
-1.40922	0.936236	5.1462	5.1255
-1.40462	0.93755	5.1439	5.12748
-1.41053	0.932622	5.14456	5.12813
-1.4102	0.930322	5.14653	5.12649
-1.40988	0.918166	5.14719	5.12452
-1.40101	0.926708	5.14555	5.12353
-1.4079	0.929337	5.1439	5.12386
-1.39936	0.938536	5.14325	5.12583
-1.39706	0.927694	5.14127	5.12879
-1.39279	0.933608	5.14062	5.12912
-1.39542	0.933279	5.14292	5.12715
-1.40462	0.934265	5.14357	5.12583
-1.41086	0.931308	5.14423	5.12386
-1.4217	0.929665	5.1439	5.12419
-1.42795	0.930651	5.14325	5.12616
-1.43715	0.924737	5.14259	5.1278
-1.43944	0.929665	5.14357	5.12583
-1.44404	0.908967	5.14456	5.12485
-1.44832	0.892211	5.14522	5.1255
-1.45521	0.884655	5.1439	5.12715
-1.46244	0.881369	5.14259	5.12748
-1.47296	0.86987	5.1416	5.12748
-1.47624	0.861328	5.14193	5.1278
-1.47328	0.863957	5.14325	5.12912
-1.47131	0.858043	5.14226	5.12715
-1.48544	0.861657	5.14127	5.12649
-1.49267	0.856729	5.14226	5.12616
-1.49858	0.859357	5.14259	5.12583
-1.50647	0.848187	5.14423	5.12583
-1.50712	0.848187	5.14522	5.1255
-1.5114	0.841944	5.14587	5.12485
-1.51567	0.837016	5.1462	5.12452
-1.51829	0.831103	5.14653	5.1232
-1.52421	0.828146	5.14423	5.12485
-1.52289	0.833402	5.14193	5.12813
-1.52881	0.829131	5.14029	5.12813
-1.52914	0.818289	5.14062	5.12813
-1.53275	0.81599	5.14325	5.12977
-1.53242	0.819604	5.14522	5.12813
-1.53702	0.814018	5.1462	5.1255
-1.52717	0.828803	5.14357	5.12518
-1.52782	0.818618	5.14127	5.1255
-1.52552	0.82716	5.14127	5.1255
-1.5091	0.836031	5.14456	5.12649
-1.50515	0.844573	5.14653	5.12649
-1.50844	0.841287	5.14719	5.12682
-1.51172	0.831431	5.1462	5.12682
-1.50384	0.821903	5.14522	5.12715
-1.50811	0.812376	5.1439	5.12616
-1.50614	0.806133	5.14259	5.12616
-1.49924	0.812376	5.14127	5.12386
-1.4976	0.814018	5.13996	5.1232
-1.49727	0.819604	5.1416	5.12419
-1.49661	0.81599	5.14325	5.12452
-1.49793	0.816975	5.1462	5.12485
-1.48314	0.822561	5.14653	5.1255
-1.47986	0.82716	5.14555	5.12715
-1.48117	0.822561	5.14456	5.12748
-1.4792	0.820918	5.14292	5.12715
-1.48643	0.808762	5.14226	5.12452
-1.48905	0.814676	5.14193	5.12583
-1.4884	0.819275	5.1416	5.1278
-1.49497	0.807776	5.1416	5.12715
-1.49595	0.793649	5.14127	5.12649
-1.4999	0.790363	5.14259	5.12682
-1.50647	0.784778	5.14193	5.12846
-1.50614	0.788721	5.14226	5.12748
-1.50022	0.790035	5.14292	5.12715
-1.50975	0.786749	5.14226	5.12813
-1.50647	0.792663	5.1416	5.12846
-1.50877	0.80022	5.14325	5.12682
-1.51632	0.79792	5.14456	5.1255
-1.51862	0.808433	5.14292	5.12419
-1.52322	0.80022	5.14127	5.12353
-1.52684	0.796606	5.14127	5.12452
-1.53374	0.789378	5.14193	5.12583
-1.53636	0.789378	5.1416	5.12616
-1.54228	0.797263	5.13963	5.12386
-1.53604	0.803177	5.13963	5.12386
-1.54129	0.803177	5.14193	5.12649
-1.54359	0.805805	5.14292	5.12813
-1.54064	0.806462	5.14127	5.12945
-1.54523	0.80022	5.14193	5.1278
-1.53899	0.816647	5.14325	5.1278
-1.53209	0.83176	5.14423	5.1278
-1.53538	0.830117	5.14292	5.12649
-1.53998	0.819604	5.14259	5.1255
-1.53965	0.816975	5.14193	5.12419
-1.53176	0.82486	5.14292	5.12255
-1.52979	0.830774	5.14325	5.12419
-1.52289	0.845887	5.14325	5.1255
-1.51534	0.854758	5.14292	5.12518
-1.51205	0.862971	5.14292	5.12485
-1.50318	0.872827	5.1439	5.12419
-1.50154	0.873484	5.14456	5.12583
-1.4907	0.882684	5.1439	5.12682
-1.4861	0.88564	5.14325	5.12813
-1.48216	0.877427	5.14325	5.12583
-1.47986	0.87677	5.14555	5.1232
-1.47854	0.87677	5.14686	5.12189
-1.47	0.869213	5.14587	5.12189
-1.46573	0.867571	5.14259	5.1255
-1.4585	0.872827	5.14095	5.1278
-1.45489	0.878084	5.14127	5.12813
-1.44733	0.883012	5.14423	5.12813
-1.44602	0.889254	5.14587	5.12879
-1.43846	0.886298	5.14587	5.12682
-1.43222	0.894183	5.1462	5.12616
-1.4355	0.893525	5.14456	5.12682
-1.4263	0.883669	5.14325	5.12846
-1.41743	0.89024	5.14325	5.12977
-1.41546	0.89254	5.14259	5.13043
-1.40955	0.905353	5.14292	5.12813
-1.41086	0.90601	5.14423	5.12682
-1.40823	0.915209	5.14555	5.1255
-1.40166	0.917509	5.14292	5.1255
-1.40133	0.912252	5.14095	5.1255
-1.40988	0.911924	5.14193	5.1255
-1.40856	0.919152	5.14357	5.1255
-1.41086	0.92408	5.14456	5.12518
-1.41316	0.923094	5.14555	5.12419
-1.41152	0.925394	5.14555	5.12353
-1.41908	0.920794	5.14423	5.12419
-1.43057	0.911924	5.14357	5.1232
-1.43123	0.915538	5.14423	5.12452
-1.4424	0.921123	5.14456	5.1278
-1.45456	0.915209	5.1439	5.12748
-1.45719	0.915538	5.1439	5.12452
-1.45883	0.905353	5.14456	5.1232
-1.4585	0.906339	5.14456	5.12353
-1.4608	0.911267	5.14423	5.1255
-1.45751	0.918495	5.14292	5.12846
-1.46211	0.908967	5.14226	5.12748
-1.46343	0.915209	5.14325	5.12715
-1.4815	0.899768	5.14522	5.12682
-1.48216	0.907324	5.14653	5.1255
-1.4861	0.898782	5.1462	5.12485
-1.48971	0.890569	5.1439	5.12616
-1.493	0.885312	5.14095	5.12748
-1.50187	0.874799	5.1416	5.12879
-1.50647	0.87447	5.14292	5.1278
-1.51501	0.861986	5.14489	5.12649
-1.52618	0.850815	5.14456	5.12616
-1.53998	0.833402	5.14259	5.12715
-1.55082	0.810733	5.13996	5.1255
-1.55509	0.804162	5.14095	5.12419
-1.56068	0.793977	5.14357	5.12156
-1.5656	0.783793	5.14456	5.12353
-1.56889	0.773608	5.14325	5.1255
-1.56363	0.773936	5.1416	5.1255
-1.55575	0.783464	5.14193	5.12485
-1.55345	0.786092	5.14489	5.1255
-1.55115	0.785107	5.14587	5.12616
-1.55345	0.782807	5.14522	5.12518
-1.54983	0.780507	5.14489	5.12485
-1.55706	0.774922	5.14522	5.12353
-1.55772	0.785107	5.14357	5.12419
-1.55509	0.780179	5.14193	5.1278
-1.54753	0.792335	5.14127	5.12879
-1.54951	0.79792	5.1416	5.12846
-1.54261	0.807119	5.1439	5.12748
-1.53669	0.814018	5.14785	5.12485
-1.52585	0.821246	5.1485	5.12485
-1.52552	0.823875	5.1462	5.1255
-1.52059	0.833731	5.1439	5.12518
-1.51304	0.839973	5.14127	5.12616
-1.50187	0.850158	5.14193	5.12485
-1.4999	0.851801	5.14259	5.12189
-1.49365	0.8564	5.14292	5.1209
-1.48938	0.869542	5.14259	5.12353
-1.48905	0.866914	5.14292	5.12452
-1.48248	0.880712	5.14325	5.12485
-1.48577	0.884983	5.14292	5.12583
-1.47821	0.893525	5.14325	5.12583
-1.48183	0.886298	5.14292	5.12682
-1.48117	0.893854	5.14259	5.12649
-1.48216	0.893854	5.1416	5.12485
-1.47657	0.904367	5.14127	5.12583
-1.46901	0.90371	5.1416	5.12649
-1.46606	0.909295	5.1416	5.12649
-1.4654	0.911924	5.14226	5.12715
-1.46507	0.91948	5.14357	5.12452
-1.4608	0.928351	5.14489	5.1232
-1.45916	0.920466	5.14489	5.12518
-1.45489	0.927694	5.14357	5.12682
-1.45949	0.924408	5.14292	5.12616
-1.45949	0.91718	5.14226	5.12616
-1.46409	0.916195	5.14259	5.12616
-1.45751	0.920137	5.1439	5.12616
-1.45686	0.925065	5.14456	5.12616
-1.46047	0.929337	5.14226	5.12583
-1.46376	0.924737	5.14127	5.12452
-1.4631	0.918823	5.14259	5.12485
-1.46639	0.923094	5.14423	5.12616
-1.46901	0.924737	5.14456	5.12485
-1.46737	0.92638	5.14489	5.12419
-1.46901	0.914552	5.14489	5.12518
-1.4677	0.912581	5.14325	5.12682
-1.47296	0.908967	5.1416	5.12748
-1.46671	0.91718	5.13832	5.12813
-1.46639	0.919152	5.13733	5.1278
-1.4654	0.917838	5.1393	5.12748
-1.46277	0.931965	5.14226	5.12649
-1.4723	0.921452	5.14522	5.12485
-1.47361	0.912909	5.14653	5.12485
-1.47821	0.909295	5.14522	5.12419
-1.47624	0.915209	5.14357	5.12485
-1.47821	0.919809	5.1439	5.12715
-1.47756	0.920466	5.1439	5.12813
-1.46803	0.927037	5.14456	5.12682
-1.46179	0.935907	5.14522	5.12715
-1.45653	0.954963	5.1439	5.12748
-1.43846	0.968762	5.14226	5.12945
-1.43222	0.972704	5.1416	5.13043
-1.42795	0.973361	5.1439	5.12879
-1.42893	0.96449	5.14489	5.12518
-1.4263	0.967447	5.14357	5.12255
-1.42335	0.961534	5.14029	5.12156
-1.42499	0.949378	5.13832	5.12353
-1.42565	0.945435	5.14062	5.12518
-1.42795	0.936893	5.14325	5.12616
-1.4286	0.942478	5.14456	5.12649
-1.43123	0.935579	5.14357	5.12485
-1.43419	0.933936	5.14357	5.12255
-1.43222	0.927694	5.14259	5.12255
-1.42138	0.928679	5.1416	5.12353
-1.41875	0.929994	5.14226	5.12485
-1.42105	0.933936	5.1439	5.12616
-1.42039	0.93525	5.1462	5.12649
-1.4171	0.93755	5.14686	5.12715
-1.41185	0.93755	5.14653	5.12748
-1.40758	0.943464	5.14522	5.12649
-1.40101	0.950363	5.14325	5.12452
-1.39871	0.944778	5.14292	5.1255
-1.38392	0.953649	5.1462	5.12813
-1.37801	0.954963	5.14817	5.12846
-1.38622	0.958248	5.14752	5.1278
-1.38754	0.970404	5.1439	5.1255
-1.38228	0.979275	5.14259	5.1255
-1.38392	0.976647	5.14193	5.12715
-1.38031	0.979603	5.14357	5.12748
-1.38458	0.979603	5.14325	5.12715
-1.36979	0.988474	5.14259	5.12748
-1.37768	0.985846	5.14325	5.12879
-1.37636	0.988803	5.1439	5.12813
-1.38129	0.982232	5.14292	5.12846
-1.38031	0.986831	5.1416	5.12715
-1.38064	0.975989	5.1416	5.12682
-1.38359	0.973361	5.1439	5.12583
-1.39312	0.975661	5.14587	5.12452
-1.38885	0.983546	5.14555	5.12485
-1.38984	0.983217	5.14489	5.12616
-1.37801	1.00227	5.14357	5.12715
-1.38294	1.00162	5.14325	5.12715
-1.38754	0.993731	5.14325	5.1255
-1.39509	0.980589	5.14226	5.1232
-1.40823	0.963505	5.14259	5.12452
-1.4079	0.958577	5.14325	5.1255
-1.41086	0.948392	5.1439	5.1255
-1.40823	0.944121	5.1439	5.12583
-1.40823	0.933608	5.14357	5.12649
-1.40561	0.93755	5.14456	5.12518
-1.40528	0.946749	5.14489	5.1255
-1.4079	0.940835	5.14456	5.1255
-1.40626	0.941164	5.14489	5.12616
-1.40626	0.935579	5.14489	5.12485
-1.41448	0.930979	5.1439	5.12452
-1.40856	0.933936	5.14292	5.12649
-1.40101	0.944121	5.14259	5.12748
-1.40166	0.94872	5.14325	5.1278
-1.40002	0.945435	5.14357	5.12386
-1.39148	0.946749	5.1439	5.12288
-1.39115	0.949706	5.14259	5.12386
-1.38031	0.962848	5.1439	5.12649
-1.37801	0.955948	5.14456	5.1278
-1.38096	0.958248	5.1439	5.12715
-1.37965	0.963176	5.14456	5.12419
-1.37899	0.96449	5.14555	5.12386
-1.37998	0.968433	5.14489	5.12485
-1.37472	0.974675	5.14259	5.12616
-1.37866	0.970076	5.14029	5.12649
-1.37538	0.968762	5.14095	5.12583
-1.37669	0.970733	5.14522	5.12386
-1.37604	0.976647	5.14785	5.12288
-1.37801	0.97369	5.14785	5.12222
-1.38228	0.961205	5.1462	5.12386
-1.39279	0.953649	5.14456	5.12583
-1.39443	0.958248	5.14259	5.12748
-1.39443	0.958577	5.14292	5.12879
-1.39871	0.954306	5.1439	5.1301
-1.40889	0.949378	5.14653	5.12813
-1.39772	0.958905	5.14817	5.12649
-1.40298	0.954306	5.14587	5.12485
-1.41316	0.943135	5.14325	5.12518
-1.424	0.937879	5.1439	5.12616
-1.42893	0.930979	5.14292	5.12616
-1.43879	0.921123	5.1416	5.12583
-1.4401	0.909624	5.14062	5.12583
-1.45029	0.904696	5.1416	5.12616
-1.45456	0.889912	5.14259	5.12452
-1.46244	0.881698	5.14259	5.1255
-1.47591	0.855086	5.14325	5.12616
-1.48314	0.852129	5.14357	5.12518
-1.48248	0.850158	5.14292	5.12386
-1.4861	0.849172	5.14259	5.12353
-1.48741	0.851472	5.14522	5.12583
-1.49398	0.838002	5.14719	5.12813
-1.50942	0.827489	5.14653	5.12945
-1.51534	0.820918	5.14522	5.12813
-1.51599	0.82486	5.1439	5.12682
-1.52224	0.813033	5.14325	5.12616
-1.52388	0.812704	5.14292	5.12583
-1.53275	0.804819	5.14325	5.12583
-1.52848	0.795949	5.14226	5.12583
-1.53899	0.786092	5.14357	5.12715
-1.54031	0.787078	5.14423	5.1278
-1.54556	0.788392	5.14325	5.12813
-1.55115	0.778864	5.14292	5.12846
-1.55049	0.773608	5.14193	5.13043
-1.54951	0.771308	5.14095	5.12879
-1.55608	0.761452	5.14062	5.12682
-1.56626	0.75291	5.13996	5.12813
-1.56988	0.747325	5.13996	5.12813
-1.56955	0.75061	5.14127	5.1278
-1.57053	0.744696	5.14193	5.1278
-1.5725	0.733526	5.14193	5.1255
-1.57743	0.724327	5.14095	5.12452
-1.5794	0.725641	5.14029	5.12419
-1.58203	0.713813	5.14259	5.12419
-1.5794	0.715785	5.14587	5.1232
-1.58335	0.716113	5.1485	5.1232
-1.58203	0.723998	5.14653	5.12452
-1.57907	0.713813	5.1439	5.12616
-1.57283	0.725969	5.14325	5.12748
-1.57776	0.720713	5.1439	5.12879
-1.57645	0.718413	5.14423	5.12912
-1.57776	0.711185	5.14522	5.12616
-1.57349	0.720384	5.14456	5.12255
-1.57086	0.724327	5.14357	5.12123
-1.57053	0.726626	5.14259	5.12255
-1.56495	0.732869	5.14292	5.12386
-1.561	0.738125	5.14226	5.1255
-1.55411	0.747325	5.14062	5.12616
-1.54852	0.762766	5.14127	5.12583
-1.52815	0.774265	5.14357	5.1255
-1.53045	0.775251	5.14456	5.12452
-1.51829	0.792992	5.1439	5.12419
-1.51271	0.79332	5.14423	5.12353
-1.50712	0.800548	5.14522	5.1255
-1.49891	0.81369	5.14456	5.12879
-1.48873	0.829131	5.1439	5.12879
-1.47788	0.841287	5.14423	5.12813
-1.47296	0.842602	5.1439	5.12748
-1.47591	0.845887	5.14357	5.12715
-1.46146	0.857057	5.14587	5.12583
-1.45489	0.877098	5.14522	5.12748
-1.44832	0.881369	5.14522	5.12912
-1.45062	0.887283	5.1462	5.12748
-1.44404	0.904367	5.14719	5.12419
-1.43156	0.918495	5.1462	5.12419
-1.43255	0.926708	5.14522	5.12452
-1.42663	0.929337	5.14456	5.12616
-1.424	0.93755	5.14423	5.1278
-1.424	0.937879	5.1439	5.12682
-1.42532	0.941821	5.1439	5.12419
-1.41053	0.956605	5.14423	5.1232
-1.40889	0.970733	5.14423	5.12353
-1.40823	0.972375	5.14357	5.1232
-1.39969	0.977304	5.14325	5.12353
-1.40166	0.976647	5.14259	5.12452
-1.39641	0.976647	5.14259	5.12518
-1.39641	0.981575	5.14489	5.1255
-1.39542	0.988803	5.14719	5.12452
-1.39542	0.989788	5.14653	5.1255
-1.40298	0.986831	5.14292	5.12715
-1.39542	0.989131	5.14062	5.1278
-1.40725	0.975332	5.14029	5.12813
-1.41316	0.971718	5.14193	5.12748
-1.41152	0.975989	5.14292	5.12682
-1.41908	0.968433	5.14423	5.12518
-1.42138	0.965476	5.14292	5.12452
-1.42039	0.958905	5.1416	5.12452
-1.42827	0.946421	5.14062	5.12583
-1.43123	0.946092	5.14062	5.1255
-1.42926	0.949049	5.1416	5.12419
-1.43583	0.938864	5.14259	5.12353
-1.43485	0.942807	5.14357	5.12485
-1.42926	0.944778	5.14226	5.12682
-1.43747	0.938207	5.14095	5.12813
-1.43747	0.929665	5.14127	5.1278
-1.43189	0.934593	5.14095	5.12682
-1.43189	0.931965	5.13996	5.12813
-1.43222	0.930979	5.1416	5.12879
-1.43353	0.936236	5.14292	5.12715
-1.43912	0.923094	5.14456	5.12583
-1.44602	0.920137	5.14292	5.12583
-1.44306	0.923423	5.14127	5.12616
-1.44667	0.916523	5.14193	5.12583
-1.44634	0.909953	5.14423	5.12518
-1.45193	0.903053	5.14653	5.12288
-1.45981	0.890897	5.14752	5.12255
-1.46474	0.892211	5.14719	5.12255
-1.46704	0.884655	5.14522	5.12583
-1.47131	0.889912	5.14456	5.12715
-1.47821	0.888269	5.14456	5.12616
-1.47756	0.877755	5.14423	5.1255
-1.48183	0.873484	5.14555	5.12485
-1.48511	0.871513	5.14653	5.12386
-1.48675	0.866914	5.14653	5.12353
-1.50252	0.847858	5.14522	5.12485
-1.50482	0.843259	5.1439	5.12518
-1.50942	0.839316	5.14325	5.1255
-1.51534	0.828803	5.1439	5.12518
-1.52125	0.82716	5.14357	5.12255
-1.52848	0.831103	5.14292	5.1232
-1.53242	0.815661	5.14259	5.12419
-1.53111	0.820918	5.14226	5.12583
-1.52782	0.817632	5.1416	5.12846
-1.52454	0.827489	5.14423	5.12715
-1.52092	0.832745	5.14587	5.12156
-1.52355	0.824532	5.14653	5.11926
-1.52059	0.82486	5.14489	5.12222
-1.51829	0.831431	5.14423	5.12452
-1.51599	0.829788	5.14555	5.12616
-1.52651	0.820918	5.14423	5.12616
-1.52815	0.821575	5.14325	5.12583
-1.54129	0.813361	5.14357	5.12748
-1.53571	0.819604	5.1439	5.12846
-1.55115	0.801205	5.14456	5.12813
-1.54885	0.803505	5.14193	5.12715
-1.55378	0.790363	5.14095	5.12715
-1.55706	0.783464	5.14259	5.12715
-1.55213	0.787078	5.14423	5.12616
-1.55411	0.783136	5.14522	5.12485
-1.561	0.776565	5.14456	5.12616
-1.56528	0.771965	5.14423	5.12813
-1.57316	0.756852	5.14193	5.12879
-1.57283	0.75061	5.14127	5.12846
-1.57349	0.746667	5.14193	5.12715
-1.57776	0.738454	5.14423	5.1255
-1.58269	0.727941	5.14555	5.12485
-1.57907	0.725969	5.14522	5.12682
-1.58203	0.724984	5.14292	5.12715
-1.58696	0.711842	5.14259	5.12649
-1.59484	0.7033	5.1439	5.12649
-1.59583	0.700343	5.14587	5.12518
-1.59846	0.69213	5.14555	5.12518
-1.60076	0.686216	5.14522	5.12682
-1.59583	0.685559	5.14522	5.12846
-1.59649	0.677674	5.14357	5.12879
-1.58926	0.687858	5.14226	5.12846
-1.58203	0.690487	5.14357	5.12583
-1.58367	0.689501	5.14489	5.1255
-1.57579	0.698372	5.14456	5.12583
-1.584	0.69213	5.14357	5.12715
-1.58499	0.687858	5.14259	5.12616
-1.58105	0.687201	5.14127	5.12649
-1.5794	0.684902	5.14029	5.12748
-1.57316	0.691801	5.14062	5.1278
-1.56856	0.69213	5.14127	5.12649
-1.56889	0.704286	5.14357	5.12616
-1.5679	0.705928	5.14489	5.12583
-1.56298	0.712171	5.14423	5.12518
-1.56002	0.72367	5.1416	5.12452
-1.56298	0.722684	5.13865	5.12616
-1.56298	0.729583	5.13897	5.1278
-1.56199	0.745353	5.14259	5.12715
-1.56396	0.747325	5.14489	5.12616
-1.56199	0.746667	5.14423	5.12649
-1.56593	0.738454	5.14095	5.12682
-1.55148	0.752581	5.13832	5.12813
-1.55148	0.757509	5.13865	5.12715
-1.54228	0.760138	5.14062	5.1255
-1.53899	0.765066	5.14325	5.12419
-1.53406	0.768023	5.14555	5.12452
-1.53998	0.764737	5.14489	5.1232
-1.54064	0.759481	5.14423	5.12419
-1.53965	0.762109	5.14555	5.12682
-1.53866	0.775579	5.1462	5.12682
-1.53932	0.776236	5.14719	5.12649
-1.53308	0.790363	5.14522	5.12715
-1.53538	0.798577	5.14489	5.1278
-1.53538	0.803177	5.14522	5.12846
-1.53702	0.792663	5.14259	5.12912
-1.53505	0.801534	5.14226	5.1301
-1.53374	0.803505	5.14193	5.13043
-1.53702	0.805805	5.14127	5.1278
-1.53012	0.813033	5.14193	5.12485
-1.53505	0.80022	5.14325	5.12419
-1.53144	0.804491	5.1439	5.12452
-1.53472	0.796606	5.14423	5.12485
-1.52979	0.801205	5.14259	5.12583
-1.53341	0.79562	5.14193	5.12649
-1.52322	0.808105	5.14226	5.1255
-1.52651	0.813033	5.1439	5.12485
-1.52618	0.816318	5.14555	5.12452
-1.52454	0.822889	5.14522	5.12452
-1.53176	0.806133	5.1439	5.12682
-1.52881	0.808105	5.14193	5.1278
-1.52027	0.827817	5.1416	5.12748
-1.51567	0.828803	5.14325	5.12485
-1.5137	0.821246	5.14522	5.12189
-1.50975	0.814018	5.14423	5.12189
-1.51172	0.81369	5.14226	5.1232
-1.50318	0.82716	5.13996	5.12288
-1.50778	0.820261	5.13963	5.12288
-1.50482	0.828474	5.14259	5.1232
-1.50614	0.840959	5.14292	5.12518
-1.50581	0.846544	5.14325	5.12715
-1.50482	0.838331	5.14226	5.12583
-1.49793	0.847858	5.1416	5.12452
-1.49464	0.848187	5.14259	5.12518
-1.48807	0.855743	5.14259	5.12583
-1.48051	0.860014	5.14292	5.12518
-1.47591	0.859686	5.14423	5.12485
-1.47361	0.874142	5.14226	5.12386
-1.47066	0.878084	5.14259	5.12353
-1.46277	0.882027	5.14292	5.12386
-1.45587	0.893197	5.14292	5.12452
-1.45423	0.888926	5.14292	5.12485
-1.44766	0.90371	5.1439	5.12518
-1.43287	0.919152	5.14587	5.1232
-1.4194	0.929337	5.14555	5.12123
-1.41119	0.943792	5.14423	5.12353
-1.40396	0.944778	5.14423	5.12518
-1.38819	0.950692	5.1439	5.12518
-1.38031	0.959234	5.14423	5.12452
-1.38031	0.972047	5.14522	5.12452
-1.37669	0.97139	5.14555	5.1232
-1.38359	0.967447	5.14456	5.12386
-1.39443	0.951349	5.14423	5.12518
-1.39148	0.952663	5.14325	5.12583
-1.38754	0.963176	5.14292	5.12912
-1.39936	0.954963	5.14325	5.12879
-1.40396	0.944121	5.14456	5.12945
-1.41185	0.941493	5.14522	5.12977
-1.40331	0.948392	5.14357	5.12977
-1.40495	0.94872	5.14193	5.12912
-1.39509	0.965476	5.14193	5.12912
-1.39772	0.959562	5.1416	5.12715
-1.39903	0.95562	5.14193	5.12452
-1.40429	0.954306	5.14325	5.1232
-1.40396	0.956934	5.14259	5.12288
-1.40988	0.954634	5.14127	5.12353
-1.42597	0.937222	5.14029	5.12386
-1.4263	0.930979	5.1416	5.1255
-1.4332	0.928022	5.14292	5.12682
-1.42959	0.937222	5.1439	5.12616
-1.43123	0.941493	5.14357	5.12419
-1.43517	0.93755	5.14259	5.12386
-1.43386	0.942807	5.14193	5.12353
-1.43912	0.939193	5.14127	5.12485
-1.44339	0.935907	5.14226	5.12649
-1.45062	0.929337	5.14259	5.12649
-1.45751	0.931636	5.14292	5.12616
-1.46474	0.921452	5.14259	5.12715
-1.46836	0.915209	5.14423	5.1278
-1.47558	0.909624	5.1439	5.12813
-1.48807	0.894511	5.14292	5.12748
-1.48873	0.895497	5.14259	5.1278
-1.48577	0.896154	5.14226	5.12682
-1.48544	0.900425	5.14259	5.12583
-1.493	0.884983	5.1439	5.12485
-1.49825	0.87677	5.1439	5.12288
-1.49891	0.874142	5.14259	5.12452
-1.49957	0.874799	5.1416	5.12649
-1.50154	0.867571	5.14259	5.12748
-1.50417	0.859686	5.14456	5.12682
-1.5114	0.842273	5.14423	5.1255
-1.51797	0.817961	5.14325	5.12288
-1.51829	0.816975	5.14259	5.12222
-1.52059	0.812704	5.14193	5.12419
-1.52224	0.814676	5.14259	5.1255
-1.52322	0.813033	5.14325	5.12616
-1.53078	0.807776	5.14325	5.12616
-1.53439	0.800877	5.14259	5.1255
-1.52717	0.797263	5.14489	5.12485
-1.52552	0.800548	5.14423	5.12386
-1.52059	0.792335	5.14292	5.12452
-1.51534	0.796277	5.14062	5.12748
-1.51468	0.805805	5.14127	5.12912
-1.51337	0.806791	5.14456	5.12682
-1.51041	0.813361	5.1462	5.12419
-1.51501	0.806791	5.14587	5.12288
-1.51501	0.805476	5.14423	5.12583
-1.51698	0.799234	5.14193	5.12945
-1.51337	0.80909	5.14029	5.12879
-1.51304	0.808105	5.14062	5.12748
-1.51501	0.810404	5.14292	5.12518
-1.50581	0.820589	5.14587	5.12353
-1.50614	0.826503	5.14752	5.12419
-1.5137	0.813361	5.14522	5.12518
-1.51107	0.815333	5.14127	5.12616
-1.51632	0.807776	5.14062	5.12748
-1.51731	0.800548	5.14259	5.12682
-1.5137	0.797263	5.14292	5.12518
-1.50975	0.809419	5.14489	5.12419
-1.51205	0.810733	5.14522	5.12452
-1.51172	0.805476	5.14423	5.12485
-1.51599	0.80022	5.14226	5.12452
-1.51961	0.802848	5.1416	5.12419
-1.52552	0.80022	5.1439	5.12255
-1.52881	0.803834	5.14522	5.12222
-1.52552	0.804819	5.14587	5.12156
-1.52158	0.80909	5.14522	5.12123
-1.52059	0.81139	5.1439	5.12353
-1.51172	0.822232	5.14259	5.12583
-1.51238	0.817304	5.14292	5.12616
-1.50975	0.825846	5.14357	5.12616
-1.51172	0.829131	5.14292	5.12583
-1.51205	0.824532	5.14292	5.12616
-1.50877	0.828146	5.14226	5.12945
-1.49858	0.835702	5.14095	5.13043
-1.49793	0.838659	5.14029	5.13109
-1.49957	0.835045	5.14226	5.13142
-1.50745	0.829131	5.14423	5.13076
-1.51468	0.821903	5.14456	5.12912
-1.51172	0.824532	5.14489	5.12715
-1.51041	0.828474	5.1439	5.12485
-1.51107	0.837345	5.14292	5.12419
-1.5091	0.835702	5.1416	5.12386
-1.52158	0.824203	5.1416	5.12419
-1.5137	0.835374	5.14259	5.12485
-1.5068	0.84293	5.1439	5.12485
-1.50318	0.848187	5.14489	5.1255
-1.50778	0.843916	5.14489	5.12682
-1.50154	0.854758	5.14292	5.1278
-1.49793	0.857714	5.14259	5.12518
-1.49037	0.865271	5.14325	5.12452
-1.48445	0.875456	5.1439	5.1255
-1.47657	0.888269	5.14587	5.12518
-1.47887	0.887283	5.14785	5.12649
-1.4792	0.886626	5.14522	5.12682
-1.47328	0.885969	5.14193	5.12616
-1.47	0.884326	5.14127	5.12518
-1.46146	0.894183	5.14193	5.12583
-1.45259	0.900753	5.14292	5.12485
-1.46047	0.895168	5.1439	5.12419
-1.45686	0.897468	5.14489	5.1255
-1.45291	0.894511	5.14489	5.12583
-1.44634	0.897797	5.1416	5.12616
-1.44273	0.909295	5.14062	5.12649
-1.43977	0.913895	5.14029	5.1255
-1.43715	0.906339	5.14029	5.12386
-1.43386	0.913567	5.14226	5.12419
-1.44634	0.910281	5.14423	5.12386
-1.45554	0.905682	5.14292	5.12353
-1.45062	0.914224	5.14062	5.12255
-1.45062	0.916523	5.14029	5.12386
-1.44503	0.918166	5.14193	5.12649
-1.44503	0.914881	5.14522	5.12649
-1.45029	0.909295	5.14686	5.12485
-1.44109	0.920794	5.14587	5.12288
-1.4401	0.914552	5.14357	5.1232
-1.43386	0.921452	5.14292	5.1232
-1.43255	0.926708	5.14325	5.12353
-1.42597	0.93755	5.14587	5.12386
-1.43747	0.934922	5.1485	5.1255
-1.43057	0.943135	5.14916	5.12682
-1.43123	0.933608	5.14653	5.12616
-1.43123	0.933936	5.14522	5.1278
-1.43287	0.932293	5.1439	5.12945
-1.43517	0.926051	5.14423	5.1278
-1.42893	0.931965	5.14325	5.12682
-1.42532	0.937879	5.14325	5.12386
-1.42795	0.938207	5.14423	5.12222
-1.42827	0.955291	5.14325	5.12452
-1.43025	0.957591	5.14193	5.12846
-1.4332	0.95332	5.14062	5.13076
-1.44733	0.930979	5.14259	5.1301
-1.45751	0.929994	5.14522	5.12682
-1.45784	0.92408	5.14686	5.12419
-1.46146	0.927365	5.14686	5.1232
-1.46967	0.916523	5.14555	5.12518
-1.46967	0.921452	5.14357	5.12813
-1.47033	0.91948	5.14259	5.12912
-1.4769	0.905682	5.14292	5.12813
-1.48051	0.896811	5.1439	5.12748
-1.4792	0.896154	5.14587	5.12748
-1.48084	0.897468	5.14719	5.1278
-1.48938	0.882684	5.1462	5.12682
-1.49201	0.873813	5.14456	5.12649
-1.49398	0.865271	5.14456	5.12649
-1.49727	0.8587	5.14522	5.12518
-1.50055	0.854758	5.14522	5.12485
-1.50187	0.851801	5.14489	5.12583
-1.49628	0.859029	5.1439	5.1255
-1.49595	0.862643	5.1416	5.12518
-1.49793	0.855743	5.14095	5.12353
-1.49858	0.844573	5.14292	5.12386
-1.51074	0.839973	5.14555	5.12419
-1.50351	0.846873	5.14719	5.12288
-1.50318	0.843916	5.14653	5.1209
-1.50384	0.850815	5.14489	5.12288
-1.50581	0.856729	5.14423	5.12616
-1.50351	0.8633	5.14259	5.1278
-1.50745	0.858043	5.14095	5.12748
-1.50647	0.861657	5.1416	5.12616
-1.51337	0.850487	5.14193	5.12485
-1.50515	0.853772	5.14423	5.12452
-1.49694	0.859357	5.14456	5.12485
-1.49497	0.857714	5.14489	5.12386
-1.493	0.860343	5.14423	5.12485
-1.49957	0.849501	5.14423	5.1232
-1.50482	0.840959	5.1439	5.1232
-1.50351	0.843259	5.14357	5.12419
-1.50384	0.84293	5.14587	5.1255
-1.49793	0.859029	5.1462	5.12649
-1.49891	0.865599	5.1439	5.12715
-1.49464	0.871842	5.14325	5.12649
-1.49727	0.862971	5.14357	5.12682
-1.49661	0.862314	5.14522	5.12583
-1.49825	0.859686	5.14653	5.1255
-1.50844	0.849172	5.1462	5.1255
-1.51238	0.846544	5.14423	5.12649
-1.51271	0.849501	5.14357	5.12748
-1.51567	0.841287	5.14456	5.12649
-1.5137	0.841287	5.1462	5.12386
-1.51402	0.838659	5.14719	5.12353
-1.50975	0.850815	5.14817	5.12419
-1.5114	0.846216	5.14785	5.12485
-1.51107	0.847201	5.14456	5.12419
-1.50942	0.851472	5.14357	5.12518
-1.51271	0.844244	5.14259	5.12715
-1.50844	0.853115	5.14259	5.12912
-1.50647	0.857714	5.14357	5.12912
-1.50022	0.857386	5.14489	5.12813
-1.50088	0.855743	5.14489	5.12682
-1.51074	0.841944	5.14226	5.12649
-1.5068	0.847201	5.14127	5.12912
-1.50647	0.857057	5.1416	5.1301
-1.50515	0.8633	5.14226	5.12912
-1.49825	0.876441	5.14357	5.12748
-1.50088	0.873813	5.14357	5.1255
-1.49628	0.868556	5.1439	5.12649
-1.50252	0.864614	5.14325	5.12682
-1.50187	0.8633	5.14292	5.12715
-1.49891	0.871842	5.1439	5.12846
-1.4953	0.872827	5.14423	5.12616
-1.49661	0.873813	5.14423	5.12485
-1.50055	0.875784	5.14259	5.12616
-1.49037	0.889254	5.14062	5.1278
-1.4907	0.888926	5.1416	5.1278
-1.48708	0.889254	5.14292	5.12715
-1.48314	0.896811	5.14325	5.12715
-1.48413	0.904367	5.14325	5.12715
-1.48413	0.894511	5.14456	5.12715
-1.49201	0.886626	5.14456	5.12616
-1.49168	0.885969	5.14292	5.12485
-1.49168	0.89024	5.14259	5.12616
-1.48544	0.886626	5.14226	5.12715
-1.48511	0.892211	5.14292	5.12912
-1.48314	0.893197	5.14357	5.12846
-1.48281	0.895497	5.1439	5.1278
-1.48084	0.896154	5.14325	5.12748
-1.47427	0.892868	5.14127	5.12682
-1.47131	0.906996	5.14127	5.1278
-1.45817	0.917509	5.14226	5.12879
-1.44799	0.924408	5.14357	5.12813
-1.44733	0.936236	5.14357	5.12682
-1.44404	0.941493	5.14423	5.12616
-1.44733	0.931965	5.14489	5.1255
-1.44602	0.938864	5.14325	5.12419
-1.43944	0.946092	5.14226	5.12452
-1.42992	0.960548	5.14193	5.12518
-1.42696	0.961534	5.14423	5.12485
-1.42499	0.967447	5.14522	5.12616
-1.4217	0.968433	5.1439	5.12583
-1.41973	0.968433	5.14127	5.12583
-1.42006	0.964819	5.13865	5.1278
-1.41776	0.96909	5.1393	5.1278
-1.41513	0.974675	5.14095	5.12616
-1.41743	0.96679	5.14259	5.12386
-1.41218	0.967119	5.14456	5.12255
-1.40659	0.972047	5.14653	5.12255
-1.39641	0.976647	5.14555	5.12485
-1.39049	0.975989	5.14193	5.12715
-1.39411	0.978289	5.13996	5.12715
-1.39509	0.979275	5.14029	5.12518
-1.40035	0.968433	5.14292	5.12255
-1.40528	0.96679	5.14653	5.12189
-1.40298	0.967447	5.14587	5.12518
-1.40528	0.954634	5.14555	5.12748
-1.41448	0.947078	5.14489	5.1278
-1.42105	0.938536	5.14489	5.12813
-1.42302	0.945107	5.14423	5.1278
-1.41743	0.948392	5.14357	5.12649
-1.41185	0.953977	5.14193	5.1255
-1.42006	0.934922	5.1416	5.12583
-1.4286	0.925723	5.14226	5.12583
-1.43452	0.925065	5.14193	5.12682
-1.44142	0.921452	5.14259	5.12682
-1.43386	0.925723	5.14325	5.1255
-1.4355	0.926051	5.14489	5.12682
-1.43649	0.92638	5.14686	5.12649
-1.43846	0.925723	5.14686	5.12616
-1.43386	0.934265	5.14489	5.1255
-1.43123	0.938864	5.14226	5.1255
-1.42302	0.943792	5.14259	5.12485
-1.42499	0.930651	5.1439	5.1255
-1.43255	0.927694	5.14489	5.12353
-1.44339	0.918823	5.14456	5.12222
-1.45127	0.912252	5.14522	5.12386
-1.45949	0.898125	5.14555	5.12682
-1.45686	0.910281	5.1439	5.12879
-1.46803	0.898125	5.1439	5.12879
-1.46573	0.893854	5.14456	5.12748
-1.46573	0.897139	5.14587	5.12715
-1.47723	0.890897	5.14653	5.1278
-1.47953	0.89024	5.14555	5.12715
-1.4769	0.889912	5.14587	5.12682
-1.48281	0.878413	5.14587	5.12649
-1.48281	0.877755	5.14522	5.1278
-1.49398	0.865599	5.14456	5.12813
-1.49793	0.861657	5.1462	5.12715
-1.49825	0.862314	5.14686	5.12682
-1.49464	0.860343	5.14522	5.12748
-1.50285	0.853443	5.14456	5.12649
-1.5068	0.848844	5.14357	5.12583
-1.50548	0.852786	5.14259	5.12715
-1.50844	0.852786	5.14456	5.1255
-1.51271	0.84753	5.14555	5.12419
-1.51172	0.851472	5.14489	5.12419
-1.51304	0.842602	5.14226	5.12518
-1.51107	0.848515	5.13996	5.12616
-1.50942	0.851472	5.13963	5.1255
-1.51435	0.846544	5.14095	5.12616
-1.52585	0.828474	5.14357	5.12813
-1.52454	0.835702	5.14489	5.12879
-1.52355	0.841287	5.14653	5.12682
-1.52487	0.831103	5.14555	5.12518
-1.52125	0.826832	5.14456	5.1255
-1.52158	0.826174	5.14456	5.12485
-1.52092	0.817304	5.14555	5.12485
-1.52487	0.818289	5.14489	5.12583
-1.51961	0.820918	5.1439	5.12616
-1.51599	0.835045	5.14292	5.12682
-1.52487	0.825189	5.14259	5.12879
-1.53078	0.808433	5.14292	5.1278
-1.52651	0.803505	5.1462	5.12879
-1.52519	0.805476	5.14555	5.12912
-1.52782	0.798248	5.14292	5.12682
-1.52618	0.802191	5.14127	5.12518
-1.52454	0.800877	5.14259	5.12452
-1.52618	0.800548	5.14226	5.12452
-1.53209	0.794963	5.14325	5.12649
-1.52717	0.801205	5.1439	5.1255
-1.51994	0.808105	5.14489	5.12255
-1.51764	0.810733	5.14292	5.12123
-1.52257	0.803177	5.14127	5.12222
-1.53078	0.800548	5.1393	5.1232
-1.53209	0.796277	5.13865	5.12452
-1.52979	0.797591	5.14062	5.1255
-1.53209	0.789378	5.14456	5.12452
-1.53406	0.79562	5.14522	5.12485
-1.52717	0.801862	5.14489	5.12616
-1.52519	0.803834	5.14456	5.12813
-1.52257	0.810733	5.14357	5.13043
-1.52224	0.815004	5.14489	5.12879
-1.51632	0.831103	5.14522	5.12616
-1.52059	0.822889	5.14653	5.12518
-1.52027	0.826832	5.14653	5.12518
-1.52388	0.819932	5.14522	5.12583
-1.52092	0.821575	5.14587	5.12748
-1.51994	0.820918	5.14653	5.12846
-1.51764	0.810733	5.14522	5.12813
-1.51567	0.814347	5.14292	5.12616
-1.51567	0.813361	5.14292	5.12288
-1.51468	0.814347	5.14325	5.12189
-1.50745	0.818289	5.14423	5.1232
-1.50811	0.815661	5.14423	5.12353
-1.50351	0.830774	5.14456	5.12485
-1.50384	0.841944	5.14489	5.12649
-1.50055	0.837673	5.14489	5.12649
-1.50351	0.837345	5.14719	5.1278
-1.50811	0.836688	5.14686	5.12682
-1.50975	0.852458	5.14522	5.1278
-1.5068	0.854101	5.14489	5.12846
-1.50548	0.846873	5.14489	5.1301
-1.50548	0.846544	5.14555	5.12813
-1.50055	0.847858	5.14653	5.1255
-1.4999	0.848515	5.14587	5.12485
-1.493	0.862971	5.14325	5.12485
-1.48675	0.864285	5.14226	5.1255
-1.48511	0.866257	5.14259	5.12583
-1.48873	0.866914	5.14325	5.12715
-1.4861	0.864285	5.14325	5.12879
-1.48774	0.872827	5.14456	5.12945
-1.48807	0.87677	5.14653	5.12649
-1.48577	0.878084	5.14785	5.12353
-1.47394	0.888269	5.14555	5.12222
-1.46606	0.899111	5.14325	5.12222
-1.46507	0.89484	5.14095	5.12288
-1.45784	0.907324	5.14095	5.12419
-1.45062	0.905353	5.14127	5.12485
-1.45062	0.904367	5.14259	5.12518
-1.44602	0.908638	5.14423	5.12583
-1.44043	0.904367	5.14292	5.12649
-1.43682	0.90601	5.1416	5.12715
-1.42926	0.903053	5.14062	5.12813
-1.42565	0.894183	5.14127	5.12682
-1.42565	0.878741	5.14325	5.12649
-1.42433	0.876441	5.14423	5.1255
-1.41743	0.882027	5.14587	5.12583
-1.41513	0.874799	5.14456	5.1255
-1.41415	0.870856	5.1416	5.12649
-1.41908	0.862643	5.1416	5.12813
-1.42269	0.863628	5.14127	5.12977
-1.4309	0.861328	5.14226	5.12715
-1.43813	0.853772	5.14259	5.12419
-1.43879	0.857057	5.14226	5.12386
-1.44207	0.842273	5.14226	5.12452
-1.4447	0.84523	5.14127	5.12485
-1.45686	0.844901	5.14062	5.12649
-1.45653	0.855086	5.14029	5.12583
-1.46014	0.866585	5.14292	5.12485
-1.45949	0.863957	5.14489	5.12452
-1.46836	0.856729	5.14522	5.12485
-1.46671	0.857386	5.14325	5.1255
-1.46573	0.848187	5.14029	5.12518
-1.46967	0.852786	5.13897	5.12452
-1.47591	0.850815	5.1393	5.12452
-1.47788	0.853772	5.14127	5.12583
-1.4792	0.855743	5.14555	5.12485
-1.48281	0.845558	5.14686	5.12386
-1.47887	0.853772	5.14587	5.12386
-1.47723	0.846873	5.1439	5.12419
-1.48183	0.848515	5.14292	5.12583
-1.49135	0.84063	5.14357	5.12583
-1.48117	0.857057	5.14522	5.12419
-1.48478	0.851472	5.14423	5.1232
-1.49135	0.846544	5.14325	5.12288
-1.48511	0.853443	5.14325	5.1232
-1.48873	0.851144	5.1439	5.12419
-1.48347	0.850158	5.14456	5.12583
-1.48511	0.84293	5.14522	5.12649
-1.48511	0.847858	5.14587	5.12583
-1.47394	0.855743	5.14555	5.12518
-1.47591	0.851472	5.14292	5.12518
-1.46868	0.854429	5.14127	5.12583
-1.46967	0.845558	5.14259	5.12485
-1.47657	0.824532	5.1439	5.12518
-1.48018	0.826174	5.14489	5.12649
-1.47098	0.825846	5.14522	5.12616
-1.47066	0.827489	5.14752	5.1255
-1.47624	0.823875	5.14719	5.12813
-1.47033	0.816647	5.14555	5.12748
-1.46244	0.821903	5.14423	5.12649
-1.46606	0.821246	5.14423	5.12649
-1.47197	0.812376	5.14555	5.12583
-1.47	0.816318	5.14653	5.12353
-1.46277	0.826503	5.14522	5.12419
-1.45981	0.829131	5.14456	5.12485
-1.45981	0.828146	5.14226	5.12682
-1.45291	0.823546	5.14029	5.12583
-1.45423	0.82486	5.14029	5.12649
-1.45784	0.83176	5.14292	5.12616
-1.46343	0.826503	5.14653	5.12485
-1.45981	0.836031	5.14686	5.12386
-1.46704	0.834717	5.14555	5.12452
-1.47	0.833402	5.14259	5.12485
-1.47197	0.832417	5.14127	5.12518
-1.4723	0.830774	5.14127	5.12616
-1.47821	0.82946	5.14325	5.12583
-1.48807	0.817304	5.14489	5.12485
-1.48675	0.817961	5.14587	5.12649
-1.49365	0.815004	5.14587	5.12748
-1.5045	0.813033	5.14522	5.12715
-1.50482	0.803834	5.14325	5.1278
-1.50252	0.801205	5.14489	5.12879
-1.50614	0.798906	5.14522	5.12649
-1.52027	0.79562	5.14423	5.1255
-1.51567	0.809419	5.14357	5.12419
-1.51632	0.803177	5.14292	5.1232
-1.52257	0.791021	5.14226	5.12222
-1.52717	0.789049	5.14226	5.12222
-1.52749	0.786749	5.14325	5.1232
-1.53472	0.780179	5.14423	5.12616
-1.53834	0.780836	5.14456	5.12682
-1.53702	0.783464	5.14456	5.12485
-1.53702	0.781164	5.1439	5.12452
-1.53768	0.773279	5.14193	5.12518
-1.53505	0.779193	5.1416	5.12485
-1.53604	0.767694	5.14095	5.12419
-1.54688	0.757181	5.14292	5.12485
-1.55016	0.741082	5.14292	5.12649
-1.55443	0.73944	5.1416	5.12715
-1.55312	0.739768	5.14062	5.12518
-1.55181	0.734183	5.14226	5.12353
-1.55641	0.728269	5.14325	5.12386
-1.55148	0.738454	5.14456	5.12353
-1.55706	0.735826	5.14489	5.1255
-1.55706	0.742068	5.14489	5.12748
-1.55542	0.73484	5.14522	5.12682
-1.55312	0.729255	5.14357	5.12616
-1.54688	0.741411	5.14226	5.12748
-1.54129	0.741739	5.14259	5.12485
-1.54359	0.747982	5.14423	5.12288
-1.53571	0.761452	5.14522	5.12288
-1.52979	0.774265	5.14653	5.12222
-1.53078	0.774922	5.14686	5.12452
-1.52684	0.786421	5.14456	5.12518
-1.52881	0.791021	5.14193	5.12715
-1.51928	0.806133	5.14127	5.12879
-1.51632	0.817304	5.14226	5.12912
-1.51205	0.826174	5.14357	5.12813
-1.5114	0.832088	5.1439	5.12583
-1.50121	0.844573	5.14292	5.12485
-1.49595	0.8587	5.1439	5.12386
-1.48741	0.868885	5.14456	5.12583
-1.48084	0.8633	5.14587	5.12715
-1.48708	0.847201	5.14587	5.12649
-1.48708	0.860671	5.1439	5.12616
-1.48314	0.866257	5.14259	5.1255
-1.47591	0.864942	5.14127	5.1255
-1.46901	0.880712	5.14193	5.12518
-1.47066	0.875456	5.14226	5.1255
-1.47197	0.881369	5.1416	5.12616
-1.47164	0.882684	5.14522	5.12649
-1.47657	0.888269	5.1462	5.12682
-1.47558	0.888926	5.14489	5.12649
-1.46639	0.899768	5.14193	5.12846
-1.46639	0.900425	5.14095	5.12977
-1.4562	0.906667	5.1439	5.12813
-1.45981	0.900753	5.14653	5.1255
-1.44864	0.902068	5.14686	5.12452
-1.44832	0.896482	5.14555	5.12386
-1.45981	0.894183	5.14357	5.1255
-1.45521	0.896482	5.14292	5.12748
-1.4585	0.905682	5.14292	5.12945
-1.45193	0.907981	5.14357	5.12912
-1.45094	0.911267	5.14357	5.12715
-1.44832	0.910281	5.14423	5.12485
-1.45029	0.911267	5.14522	5.12518
-1.45127	0.914552	5.14325	5.1255
-1.44897	0.917838	5.13963	5.12649
-1.45094	0.916195	5.13897	5.12813
-1.4516	0.914881	5.14029	5.12846
-1.44372	0.929337	5.14193	5.12813
-1.44339	0.92638	5.1439	5.12583
-1.44897	0.926051	5.14292	5.12419
-1.44503	0.92638	5.14292	5.12518
-1.43123	0.933936	5.14226	5.12616
-1.42762	0.930651	5.14423	5.12846
-1.43255	0.929337	5.1439	5.12813
-1.43452	0.933936	5.14357	5.1255
-1.43485	0.935907	5.14292	5.12419
-1.4309	0.93525	5.14259	5.12485
-1.42827	0.933279	5.14325	5.12846
-1.43747	0.930322	5.14259	5.12977
-1.4263	0.946421	5.14259	5.1278
-1.42335	0.960219	5.14292	5.12715
-1.42499	0.963833	5.14325	5.12649
-1.41349	0.968104	5.14193	5.12616
-1.41448	0.962519	5.14029	5.12452
-1.41678	0.961205	5.14062	5.12419
-1.41119	0.954963	5.13996	5.12518
-1.41053	0.950692	5.13996	5.12485
-1.40856	0.955948	5.14292	5.12386
-1.40068	0.975661	5.14325	5.12452
-1.39641	0.981575	5.14292	5.12452
-1.40396	0.975332	5.14259	5.12616
-1.40101	0.969747	5.14325	5.12682
-1.40166	0.966133	5.1439	5.12583
-1.40396	0.952334	5.1439	5.12485
-1.40561	0.946749	5.14522	5.12419
-1.40889	0.945435	5.14522	5.12649
-1.39772	0.954963	5.14357	5.12715
-1.40232	0.952334	5.14062	5.12748
-1.40133	0.959562	5.14127	5.12715
-1.40166	0.944121	5.14423	5.12748
-1.39706	0.949378	5.1462	5.1278
-1.39706	0.936564	5.14489	5.1255
-1.39805	0.938536	5.14325	5.12452
-1.39378	0.930979	5.14325	5.12485
-1.39575	0.928022	5.1439	5.12682
-1.38984	0.929994	5.14522	5.12813
-1.39673	0.936236	5.14456	5.12879
-1.39838	0.942478	5.1439	5.12649
-1.41283	0.922766	5.14193	5.1232
-1.42269	0.920794	5.14095	5.12386
-1.44273	0.906996	5.14062	5.12452
-1.45094	0.898454	5.14127	5.12452
-1.46343	0.891883	5.14259	5.12485
-1.46047	0.897468	5.1439	5.12353
-1.46343	0.890569	5.14226	5.12288
-1.4677	0.882027	5.1416	5.12452
-1.46868	0.888597	5.14127	5.12518
-1.4792	0.887612	5.14193	5.12649
-1.47986	0.883669	5.14062	5.12748
-1.48084	0.874142	5.13963	5.12682
-1.49168	0.867571	5.14029	5.1255
-1.493	0.871513	5.1416	5.12353
-1.50351	0.855086	5.14292	5.1232
-1.50614	0.853772	5.1439	5.12353
-1.50942	0.8587	5.14292	5.12288
-1.5045	0.868228	5.14292	5.12288
-1.49891	0.873156	5.14259	5.12353
-1.49694	0.886955	5.14259	5.12518
-1.49431	0.879398	5.14325	5.12583
-1.49661	0.87447	5.14423	5.12452
-1.50351	0.869542	5.14325	5.1255
-1.50975	0.859357	5.14423	5.12616
-1.51205	0.868228	5.14193	5.12715
-1.51402	0.869542	5.1416	5.12682
-1.5137	0.862643	5.14325	5.1255
-1.51501	0.865928	5.14587	5.1255
-1.51041	0.861657	5.14653	5.1255
-1.50844	0.861657	5.14587	5.12452
-1.50252	0.871513	5.14456	5.12452
-1.50384	0.870199	5.14193	5.1255
-1.49957	0.878413	5.14226	5.1255
-1.49957	0.880712	5.14522	5.1255
-1.50252	0.871185	5.14653	5.12386
-1.5022	0.873813	5.14522	5.12353
-1.51041	0.867242	5.14325	5.12518
-1.5091	0.865271	5.1416	5.12649
-1.50745	0.867242	5.14062	5.12748
-1.50515	0.861	5.14127	5.12879
-1.49891	0.861	5.14292	5.12813
-1.50088	0.857386	5.14259	5.12813
-1.49628	0.8633	5.14127	5.12649
-1.49563	0.863957	5.14095	5.1255
-1.49201	0.865599	5.14325	5.12452
-1.49661	0.857057	5.14587	5.12485
-1.49957	0.846216	5.14785	5.12518
-1.49431	0.84753	5.14752	5.1255
-1.49464	0.846216	5.14555	5.12649
-1.48905	0.852129	5.1439	5.12616
-1.48774	0.859686	5.1439	5.12583
-1.49595	0.854758	5.1439	5.12485
-1.49464	0.859686	5.14292	5.12485
-1.49924	0.853443	5.1439	5.12583
-1.49858	0.846873	5.1462	5.12616
-1.4999	0.849501	5.14587	5.12419
-1.49595	0.856072	5.14456	5.12288
-1.49333	0.8587	5.14489	5.12419
-1.4976	0.853115	5.1439	5.1255
-1.49793	0.849829	5.1439	5.12616
-1.50417	0.845887	5.14292	5.12583
-1.50844	0.846873	5.14357	5.1255
-1.5045	0.845558	5.14423	5.12485
-1.50022	0.853115	5.14292	5.12353
-1.49661	0.860014	5.14127	5.12452
-1.49365	0.862971	5.13996	5.12649
-1.49891	0.856072	5.14325	5.12682
-1.50384	0.850815	5.14489	5.12485
-1.51829	0.833402	5.14522	5.12386
-1.51008	0.838331	5.1439	5.1232
-1.51337	0.833731	5.1416	5.12485
-1.51599	0.825517	5.14095	5.12583
-1.51797	0.823546	5.14029	5.12485
-1.51599	0.828146	5.13996	5.12386
-1.51994	0.817961	5.14226	5.12583
-1.51731	0.826174	5.14357	5.12682
-1.52487	0.820261	5.1439	5.12846
-1.51994	0.821575	5.14292	5.1301
-1.52289	0.820918	5.14029	5.12977
-1.52355	0.823875	5.14127	5.12846
-1.51698	0.835702	5.14456	5.12682
-1.52552	0.837673	5.14555	5.12649
-1.52585	0.835374	5.14489	5.12682
-1.51764	0.831431	5.14357	5.12715
-1.5091	0.847201	5.1416	5.12616
-1.50417	0.856072	5.1416	5.12649
-1.49267	0.872499	5.14292	5.12649
-1.48643	0.875456	5.14357	5.12518
-1.48708	0.866914	5.1439	5.12518
-1.4769	0.870528	5.1439	5.1255
-1.47887	0.866257	5.14292	5.12485
-1.47328	0.86987	5.14259	5.12649
-1.47493	0.866914	5.13963	5.12813
-1.46704	0.875784	5.13832	5.12649
-1.47	0.878741	5.13897	5.12485
-1.4608	0.899439	5.14127	5.12288
-1.45489	0.904696	5.14259	5.12189
-1.44602	0.917509	5.14292	5.12419
-1.44076	0.923751	5.14259	5.12485
-1.43485	0.925065	5.14226	5.12386
-1.42959	0.929008	5.14127	5.12419
-1.42269	0.93295	5.1416	5.12419
-1.42663	0.925723	5.14193	5.12353
-1.42335	0.928679	5.14456	5.12386
-1.41546	0.935907	5.1462	5.12255
-1.40758	0.946092	5.14456	5.12255
-1.41086	0.943464	5.14292	5.12518
-1.40495	0.949706	5.14292	5.12715
-1.40889	0.943792	5.14456	5.12715
-1.41645	0.93525	5.1462	5.1278
-1.41382	0.939193	5.14653	5.12616
-1.41678	0.940178	5.14489	5.12485
-1.41119	0.945764	5.14226	5.12682
-1.41612	0.945107	5.14226	5.12748
-1.4263	0.940178	5.14226	5.12616
-1.42466	0.938536	5.14325	5.12419
-1.42433	0.93755	5.14325	5.12288
-1.43123	0.927694	5.14325	5.12419
-1.4309	0.925065	5.14522	5.12452
-1.42466	0.928022	5.14456	5.12353
-1.43025	0.926051	5.14489	5.12353
-1.43189	0.919152	5.14522	5.12222
-1.4309	0.923423	5.14587	5.12123
-1.43485	0.921123	5.14522	5.1209
-1.43747	0.91948	5.1439	5.12222
-1.44076	0.918495	5.1439	5.12419
-1.42926	0.932622	5.1439	5.12485
-1.43583	0.92178	5.14226	5.12649
-1.43944	0.929008	5.14259	5.12715
-1.43715	0.929665	5.14325	5.12682
-1.43222	0.935579	5.14292	5.12682
-1.42367	0.944778	5.14259	5.12682
-1.4263	0.951349	5.14292	5.12616
-1.43123	0.946421	5.14292	5.12452
-1.42466	0.951349	5.14357	5.12353
-1.42565	0.952334	5.14587	5.12682
-1.41809	0.967447	5.14522	5.12649
-1.40988	0.976975	5.14555	5.12452
-1.41382	0.975661	5.14555	5.12419
-1.40922	0.981575	5.14555	5.1255
-1.40528	0.991759	5.14489	5.12583
-1.40561	0.993074	5.14423	5.12485
-1.41349	0.982889	5.14489	5.12485
-1.41579	0.98256	5.14785	5.12353
-1.41973	0.981903	5.14752	5.12419
-1.41743	0.98026	5.14456	5.12485
-1.41743	0.975332	5.14259	5.12583
-1.41973	0.977304	5.14325	5.12583
-1.42269	0.97139	5.14456	5.12485
-1.42302	0.970076	5.14719	5.12353
-1.42269	0.972704	5.14719	5.12485
-1.43452	0.960219	5.14423	5.1255
-1.43419	0.95562	5.14292	5.12616
-1.44372	0.942807	5.14193	5.12682
-1.4424	0.944449	5.14127	5.12583
-1.44634	0.942807	5.14095	5.12452
-1.45226	0.927037	5.14259	5.12353
-1.4424	0.931308	5.14325	5.12353
-1.4447	0.920794	5.14456	5.1232
-1.44306	0.912581	5.14423	5.12583
-1.44503	0.91718	5.14325	5.12682
-1.45554	0.899439	5.14127	5.12518
-1.45686	0.894183	5.13996	5.12452
-1.46113	0.890897	5.14292	5.12419
-1.46441	0.883012	5.14357	5.1255
-1.4562	0.88794	5.1416	5.12518
-1.45423	0.897468	5.14029	5.12419
-1.44766	0.911267	5.1416	5.12583
-1.45062	0.912909	5.1439	5.12748
-1.4585	0.903382	5.14423	5.12649
-1.45817	0.91061	5.14522	5.12518
-1.45094	0.917509	5.14587	5.12518
-1.46179	0.911267	5.1439	5.12518
-1.46014	0.915209	5.14062	5.1255
-1.46639	0.909953	5.13963	5.12616
-1.47756	0.909624	5.14127	5.12485
-1.48051	0.914224	5.14095	5.1255
-1.4815	0.923094	5.14193	5.12748
-1.48347	0.918823	5.14193	5.1278
-1.49333	0.913895	5.14325	5.12748
-1.49398	0.909953	5.14325	5.12682
-1.49431	0.906667	5.1439	5.12485
-1.49563	0.904696	5.14357	5.12288
-1.4976	0.902725	5.14587	5.12222
-1.49727	0.905682	5.14752	5.12156
-1.49563	0.907324	5.14785	5.12255
-1.50154	0.901082	5.14587	5.12353
-1.50515	0.896811	5.14456	5.12616
-1.50384	0.890897	5.14423	5.12846
-1.50417	0.881041	5.14423	5.12715
-1.50975	0.884326	5.14423	5.1255
-1.50712	0.881041	5.14259	5.1255
-1.50811	0.877427	5.14226	5.1255
-1.50942	0.875784	5.1416	5.12682
-1.50515	0.881041	5.14292	5.12813
-1.50647	0.881041	5.14489	5.12977
-1.50022	0.88794	5.14653	5.12748
-1.49365	0.896482	5.14587	5.12649
-1.49563	0.886626	5.14259	5.12353
-1.49333	0.891883	5.13963	5.12288
-1.49431	0.888597	5.13733	5.12452
-1.49464	0.883669	5.13602	5.1255
-1.49858	0.884983	5.13799	5.1255
-1.49793	0.886626	5.14029	5.12616
-1.49891	0.882684	5.14259	5.12419
-1.4976	0.879398	5.14226	5.12222
-1.49201	0.883012	5.14226	5.12156
-1.48314	0.884655	5.14259	5.12386
-1.4792	0.889912	5.14292	5.12912
-1.4677	0.90141	5.14259	5.13043
-1.46211	0.915866	5.14259	5.12813
-1.4562	0.921452	5.14193	5.12386
-1.4424	0.938864	5.1416	5.12255
-1.42663	0.95562	5.14193	5.12222
-1.41875	0.967447	5.14259	5.12353
-1.40856	0.978618	5.14226	5.12518
-1.40889	0.974018	5.14029	5.1278
-1.40331	0.984532	5.14095	5.12715
-1.40331	0.985189	5.14292	5.12452
-1.40462	0.985846	5.1439	5.12353
-1.40922	0.978946	5.1416	5.12583
-1.39641	0.990117	5.1416	5.12649
-1.39903	0.991759	5.14226	5.1255
-1.40133	1.00162	5.14423	5.12518
-1.40561	0.998002	5.14456	5.12419
-1.39969	1.00917	5.14423	5.12156
-1.39903	1.00556	5.14357	5.12353
-1.40035	1.00326	5.14226	5.12616
-1.38688	1.00983	5.14029	5.12616
-1.39575	0.994059	5.14095	5.1255
-1.39542	0.997016	5.14357	5.12485
-1.39542	0.98946	5.14555	5.12452
-1.39772	0.984532	5.14555	5.12485
-1.40692	0.984203	5.1439	5.12485
-1.41119	0.980918	5.14357	5.12518
-1.41875	0.979275	5.14357	5.1255
-1.41678	0.98486	5.1439	5.12583
-1.40955	0.987817	5.1439	5.12485
-1.41316	0.974347	5.14325	5.12452
-1.41382	0.975989	5.14062	5.12288
-1.40659	0.974675	5.14095	5.12288
-1.42236	0.972704	5.13996	5.12353
-1.42138	0.966133	5.1393	5.12518
-1.41579	0.970404	5.14029	5.12649
-1.41513	0.975989	5.14357	5.12583
-1.42367	0.969419	5.1462	5.12583
-1.42072	0.964819	5.14456	5.12682
-1.42367	0.952334	5.14259	5.12616
-1.42926	0.943464	5.14029	5.12649
-1.43583	0.940835	5.14226	5.12518
-1.44503	0.93525	5.14489	5.12452
-1.44076	0.93985	5.14817	5.1232
-1.43419	0.949049	5.14752	5.1232
-1.4378	0.941493	5.1462	5.12386
-1.43419	0.954306	5.1462	5.12616
-1.43912	0.956934	5.14489	5.12748
-1.43419	0.958248	5.1439	5.1278
-1.43353	0.961205	5.14489	5.1278
-1.43222	0.97139	5.14587	5.12353
-1.42433	0.979932	5.14587	5.12386
-1.41513	0.981246	5.14259	5.12386
-1.40692	0.992088	5.14062	5.12386
-1.40626	0.996359	5.14062	5.12419
-1.39739	1.0141	5.14226	5.12419
-1.39246	1.01344	5.14522	5.12452
-1.39476	1.0095	5.14423	5.12452
-1.38031	1.01377	5.1439	5.12353
-1.37012	1.01837	5.14325	5.12288
-1.36749	1.01903	5.14292	5.1232
-1.35895	1.01574	5.14259	5.12715
-1.35895	1.01804	5.14095	5.12846
-1.35435	1.01443	5.14127	5.12616
-1.35468	1.00983	5.14259	5.1232
-1.36125	1.00523	5.1439	5.12485
-1.35632	1.00424	5.14226	5.12682
-1.35402	1.00589	5.14127	5.12748
-1.35698	1.00884	5.14127	5.12879
-1.35567	1.01476	5.14226	5.12748
-1.35337	1.01739	5.14226	5.12715
-1.36092	1.00917	5.14259	5.1255
-1.36552	0.997345	5.1439	5.1232
-1.37111	0.991102	5.1439	5.12583
-1.38064	0.984532	5.14226	5.12879
-1.38162	0.984532	5.13963	5.12813
-1.39049	0.975661	5.1393	5.12682
-1.39016	0.960219	5.14127	5.12649
-1.39739	0.952334	5.14456	5.12518
-1.40889	0.946749	5.14555	5.1232
-1.4125	0.947735	5.14259	5.1232
-1.42203	0.934593	5.13963	5.12419
-1.42532	0.940178	5.13897	5.12715
-1.42597	0.940835	5.14193	5.12748
-1.43222	0.941493	5.1439	5.12649
-1.43485	0.933279	5.14259	5.12583
-1.43682	0.925394	5.14193	5.12419
-1.44963	0.916195	5.14226	5.1232
-1.46047	0.90601	5.1439	5.12353
-1.46934	0.895825	5.14325	5.1232
-1.47131	0.895168	5.14029	5.12419
-1.46671	0.907324	5.13897	5.1255
-1.47394	0.898125	5.14029	5.12452
-1.4861	0.889583	5.14095	5.12485
-1.49694	0.88564	5.14259	5.12616
-1.49694	0.880712	5.14456	5.12583
-1.4976	0.882355	5.1439	5.12452
-1.49628	0.880055	5.14226	5.12518
-1.49365	0.87907	5.14062	5.12649
-1.48971	0.893854	5.1416	5.12485
-1.49234	0.888269	5.14127	5.1232
-1.49135	0.880384	5.14095	5.1255
-1.49431	0.878741	5.14095	5.12715
-1.49924	0.869213	5.1416	5.12748
-1.50121	0.864942	5.14193	5.12715
-1.49924	0.856072	5.14423	5.12616
-1.49727	0.857714	5.1439	5.12649
-1.50055	0.856072	5.14292	5.12715
-1.50088	0.854101	5.14029	5.12682
-1.50778	0.838331	5.13996	5.12583
-1.51468	0.829131	5.1416	5.12518
-1.51501	0.825189	5.14423	5.12583
-1.51764	0.819275	5.14587	5.12715
-1.51567	0.82486	5.1439	5.12649
-1.52125	0.805476	5.14062	5.12518
-1.51599	0.806133	5.14029	5.12518
-1.52059	0.798906	5.14292	5.1255
-1.52618	0.791349	5.14522	5.1255
-1.52388	0.787407	5.14423	5.12518
-1.51764	0.793977	5.14193	5.12386
-1.51698	0.796934	5.14193	5.1255
-1.5137	0.800877	5.14127	5.12682
-1.50975	0.809747	5.13897	5.12682
-1.5091	0.80909	5.13996	5.1255
-1.51402	0.798248	5.14325	5.12518
-1.51632	0.791021	5.14522	5.12255
-1.51271	0.796277	5.14456	5.12189
-1.5114	0.802191	5.14259	5.12452
-1.50745	0.801205	5.14095	5.12748
-1.50384	0.804819	5.13865	5.12879
-1.50614	0.811719	5.13865	5.12879
-1.50351	0.81599	5.14062	5.12583
-1.50844	0.820589	5.14292	5.12255
-1.51337	0.819275	5.1439	5.1209
-1.51534	0.82716	5.14357	5.12222
-1.51304	0.836359	5.14292	5.12452
-1.50844	0.838988	5.14292	5.12616
-1.50252	0.848844	5.14325	5.12452
-1.50318	0.838659	5.14522	5.12386
-1.50088	0.849172	5.14489	5.12353
-1.5022	0.858043	5.1439	5.12255
-1.49628	0.868885	5.14292	5.12419
-1.49595	0.877427	5.14259	5.12583
-1.49891	0.862971	5.14226	5.12748
-1.493	0.875127	5.14259	5.12846
-1.48577	0.887283	5.14292	5.12715
-1.48281	0.894511	5.14259	5.1255
-1.47591	0.889912	5.14193	5.12518
-1.47066	0.90371	5.14127	5.12616
-1.46244	0.910281	5.1393	5.1278
-1.46441	0.915866	5.13897	5.12813
-1.46014	0.922109	5.14062	5.12748
-1.45751	0.918495	5.14357	5.12583
-1.45423	0.924408	5.1439	5.1255
-1.45719	0.919809	5.14127	5.12518
-1.45817	0.920137	5.14127	5.12649
-1.45029	0.928351	5.14062	5.12813
-1.447	0.931636	5.1393	5.12748
-1.44404	0.929994	5.13865	5.12616
-1.44536	0.932622	5.13996	5.12353
-1.43879	0.933279	5.14259	5.12255
-1.43682	0.93985	5.14456	5.12255
-1.42565	0.95102	5.14522	5.12419
-1.41908	0.961534	5.1439	5.12452
-1.41809	0.963505	5.14226	5.12616
-1.4194	0.965476	5.13963	5.1278
-1.42269	0.963833	5.14029	5.12649
-1.42663	0.960877	5.14357	5.12682
-1.42893	0.952992	5.14456	5.12715
-1.41973	0.958577	5.1439	5.12682
-1.41612	0.962519	5.14193	5.12748
-1.42203	0.969419	5.14193	5.12748
-1.42236	0.97139	5.14325	5.12518
-1.41612	0.971718	5.14456	5.12485
-1.40889	0.97139	5.1439	5.12682
-1.40692	0.970076	5.14193	5.12813
-1.40232	0.969747	5.13865	5.12912
-1.39706	0.98026	5.13832	5.12748
-1.39706	0.972704	5.14029	5.1255
-1.39871	0.98256	5.14357	5.12452
-1.40495	0.976647	5.14522	5.12288
-1.40429	0.982232	5.14325	5.1232
-1.40889	0.975004	5.14259	5.12616
-1.41448	0.976975	5.1416	5.12813
-1.4148	0.975332	5.14127	5.12879
-1.41809	0.974347	5.14292	5.12912
-1.41152	0.975661	5.14325	5.12616
-1.41086	0.970076	5.14325	5.12288
-1.4102	0.970404	5.1439	5.1232
-1.41185	0.969419	5.14357	5.12583
-1.4125	0.971061	5.14357	5.12715
-1.42138	0.962848	5.14259	5.12748
-1.42006	0.970733	5.14193	5.12583
-1.42532	0.959562	5.1416	5.1255
-1.424	0.965476	5.14226	5.12485
-1.43583	0.95102	5.14357	5.12419
-1.44437	0.935907	5.14325	5.12518
-1.44174	0.941164	5.14226	5.12682
-1.45062	0.931965	5.14292	5.12748
-1.44404	0.93985	5.14423	5.12682
-1.44503	0.941493	5.14259	5.12649
-1.45226	0.936236	5.14095	5.12419
-1.4585	0.929665	5.14325	5.12288
-1.4585	0.931308	5.14456	5.12386
-1.45817	0.933279	5.14423	5.12583
-1.46376	0.930979	5.14357	5.12649
-1.46934	0.927694	5.14423	5.12616
-1.46868	0.932293	5.14357	5.12452
-1.47361	0.929665	5.14226	5.12353
-1.47986	0.913238	5.14193	5.1255
-1.4769	0.911924	5.14259	5.12616
-1.47624	0.915209	5.1416	5.12912
-1.47361	0.914224	5.14226	5.12912
-1.47723	0.90831	5.14292	5.12649
-1.47197	0.906996	5.14325	5.12288
-1.47493	0.91718	5.14259	5.12189
-1.46967	0.92638	5.14325	5.12189
-1.47296	0.925065	5.14423	5.12419
-1.47131	0.918823	5.14522	5.12616
-1.47558	0.915866	5.14292	5.12583
-1.47164	0.914224	5.1416	5.12419
-1.47526	0.902396	5.14193	5.1232
-1.47558	0.90141	5.14423	5.12419
-1.47887	0.88564	5.14522	5.12583
-1.47493	0.888926	5.14127	5.12616
-1.47624	0.882684	5.14029	5.12452
-1.47591	0.882355	5.14325	5.12419
-1.47197	0.879727	5.14555	5.1255
-1.47066	0.880712	5.1462	5.1255
-1.47263	0.884655	5.14522	5.12649
-1.46179	0.897797	5.1439	5.12649
-1.46606	0.901082	5.14193	5.12583
-1.45949	0.907981	5.1416	5.12518
-1.45751	0.907324	5.14357	5.12518
-1.46376	0.901082	5.14522	5.1255
-1.45062	0.898454	5.14587	5.12518
-1.45127	0.897139	5.14555	5.12518
-1.45817	0.895825	5.14325	5.12583
-1.45981	0.893525	5.14193	5.12353
-1.45916	0.892868	5.14325	5.12123
-1.46639	0.888597	5.1439	5.12255
-1.4608	0.888597	5.1439	5.12583
-1.46014	0.897139	5.1416	5.1255
-1.45521	0.889912	5.1416	5.12518
-1.46211	0.881698	5.14325	5.12452
-1.46507	0.882684	5.14423	5.12485
-1.47526	0.878741	5.14522	5.12518
-1.47591	0.889912	5.14555	5.12583
-1.4838	0.886626	5.14292	5.12583
-1.48544	0.893197	5.14029	5.12616
-1.48314	0.896811	5.13897	5.12616
-1.47887	0.895168	5.1393	5.12485
-1.47887	0.896811	5.14193	5.12583
-1.48018	0.900753	5.1439	5.1278
-1.48708	0.896811	5.14522	5.12715
-1.47821	0.903382	5.14489	5.12518
-1.47986	0.904367	5.14522	5.12452
-1.47427	0.91718	5.14522	5.12452
-1.46737	0.92408	5.14456	5.12583
-1.4654	0.928022	5.14325	5.1255
-1.46474	0.93525	5.14489	5.12518
-1.46441	0.935907	5.14653	5.12518
-1.45916	0.942807	5.14719	5.12583
-1.46211	0.934265	5.14686	5.12649
-1.4585	0.934593	5.14522	5.12813
-1.44963	0.940507	5.14259	5.12879
-1.44372	0.949049	5.14259	5.12682
-1.4424	0.951677	5.14259	5.12616
-1.44536	0.939521	5.1439	5.12616
-1.4493	0.934265	5.14325	5.12583
-1.4332	0.949706	5.14095	5.12518
-1.42762	0.956277	5.13963	5.12616
-1.42926	0.956277	5.14029	5.12715
-1.44142	0.946749	5.14095	5.12583
-1.44372	0.939521	5.14193	5.12419
-1.44273	0.936893	5.14423	5.1232
-1.43583	0.943464	5.14456	5.12419
-1.43452	0.946092	5.1439	5.12288
-1.43419	0.949378	5.14325	5.12419
-1.42795	0.951677	5.1439	5.12616
-1.43123	0.959562	5.14489	5.1255
-1.42663	0.960219	5.14653	5.1255
-1.42335	0.956277	5.14719	5.1255
-1.42926	0.950692	5.14982	5.12616
-1.42696	0.95332	5.14949	5.12485
-1.41908	0.965805	5.14686	5.12419
-1.41546	0.960548	5.14489	5.12518
-1.41415	0.960548	5.14489	5.1255
-1.40593	0.965148	5.14555	5.12616
-1.40265	0.959234	5.14423	5.12485
-1.39903	0.956934	5.14357	5.12518
-1.40396	0.962519	5.14259	5.12518
-1.40856	0.966133	5.14095	5.12353
-1.4148	0.962191	5.14095	5.1232
-1.41218	0.963833	5.14456	5.12386
-1.42597	0.952663	5.14785	5.12518
-1.42959	0.952992	5.14817	5.12616
-1.43255	0.956605	5.14555	5.12583
-1.44634	0.947078	5.14226	5.12419
-1.44404	0.941493	5.13963	5.12419
-1.44372	0.947735	5.13996	5.1255
-1.44437	0.954634	5.14062	5.12682
-1.44339	0.958905	5.1416	5.12748
-1.44832	0.95102	5.14292	5.12715
-1.44897	0.948392	5.1439	5.12485
-1.45817	0.947406	5.14357	5.12485
-1.45981	0.945764	5.14423	5.12583
-1.45357	0.950692	5.14555	5.12452
-1.45062	0.959562	5.14555	5.12419
-1.45981	0.949049	5.14555	5.12386
-1.45357	0.953977	5.14456	5.12419
-1.45521	0.950363	5.14259	5.1255
-1.45193	0.961205	5.14029	5.12682
-1.44667	0.965805	5.13963	5.12616
-1.44076	0.975004	5.1416	5.12583
-1.44142	0.96909	5.14423	5.12485
-1.43912	0.975332	5.14423	5.12386
-1.44109	0.970733	5.14423	5.1232
-1.44602	0.962848	5.14259	5.12419
-1.43846	0.976975	5.1416	5.12682
-1.43485	0.974675	5.14292	5.12813
-1.43353	0.974347	5.14489	5.12748
-1.42663	0.976975	5.1462	5.12583
-1.41842	0.991431	5.14489	5.12715
-1.4263	0.988145	5.14555	5.12879
-1.43682	0.980589	5.14555	5.12846
-1.42762	0.986503	5.14423	5.12682
-1.43485	0.984532	5.14095	5.12583
-1.42959	0.990774	5.14095	5.1255
-1.43616	0.985846	5.14423	5.1255
-1.42795	0.989788	5.1439	5.1255
-1.4217	0.990774	5.14259	5.12682
-1.41448	0.998987	5.14095	5.1278
-1.41086	1.0095	5.14062	5.12682
-1.41513	1.0072	5.14193	5.12649
-1.41283	1.0118	5.14292	5.12682
-1.41842	1.00326	5.1439	5.12682
-1.41448	1.00359	5.14423	5.12682
-1.42203	0.993731	5.14292	5.12715
-1.41546	0.993731	5.14226	5.12945
-1.42138	0.990445	5.14193	5.1301
-1.42072	0.997673	5.14292	5.12846
-1.42105	0.996688	5.14357	5.12386
-1.42696	0.981903	5.14423	5.12255
-1.43255	0.977632	5.1439	5.1232
-1.43255	0.975661	5.14456	5.12419
-1.44043	0.963505	5.14423	5.1255
-1.43682	0.967119	5.14423	5.12649
-1.43419	0.973361	5.14522	5.12616
-1.43386	0.976975	5.14456	5.12616
-1.43419	0.970404	5.14357	5.12485
-1.44207	0.96449	5.14325	5.12353
-1.44602	0.960548	5.1416	5.12386
-1.44372	0.952334	5.14127	5.12616
-1.447	0.947078	5.14095	5.1278
-1.46047	0.920794	5.1416	5.12682
-1.46737	0.906996	5.14357	5.1232
-1.47624	0.892868	5.14423	5.12058
-1.48216	0.883341	5.14259	5.11992
-1.48248	0.879398	5.14095	5.12156
-1.48708	0.876441	5.14029	5.12255
-1.49004	0.87217	5.14095	5.12452
-1.49431	0.869542	5.14193	5.12452
-1.50548	0.857386	5.14522	5.12419
-1.50745	0.853115	5.14752	5.12419
-1.51764	0.847201	5.1462	5.12386
-1.51862	0.850815	5.1439	5.12485
-1.51402	0.848515	5.1439	5.12715
-1.51928	0.834059	5.14555	5.1278
-1.52125	0.827817	5.14522	5.12715
-1.53209	0.818618	5.14292	5.12616
-1.52848	0.819275	5.14193	5.12452
-1.52717	0.827489	5.14226	5.1232
-1.53571	0.821575	5.1439	5.12452
-1.54031	0.812376	5.14357	5.12518
-1.53636	0.820261	5.14193	5.12682
-1.53604	0.820918	5.14325	5.12682
-1.52618	0.834388	5.14522	5.1255
-1.52059	0.84523	5.14522	5.12452
-1.52289	0.836688	5.14357	5.12419
-1.51862	0.845887	5.14127	5.12485
-1.52158	0.839316	5.14095	5.12682
-1.52355	0.837673	5.1416	5.12813
-1.52782	0.830774	5.14292	5.12682
-1.53012	0.82486	5.14193	5.12583
-1.52848	0.829131	5.14127	5.12485
-1.52454	0.832088	5.1416	5.12419
-1.51435	0.84063	5.14357	5.12485
-1.51764	0.84523	5.14325	5.12419
-1.50877	0.848515	5.14127	5.12485
-1.50581	0.847858	5.1416	5.12649
-1.50548	0.838659	5.14456	5.12715
-1.50252	0.847201	5.14555	5.12649
-1.50055	0.841944	5.14357	5.12682
-1.493	0.843916	5.1416	5.12748
-1.49168	0.855086	5.14029	5.1278
-1.49103	0.857386	5.14127	5.12682
-1.49135	0.860343	5.14193	5.12583
-1.49365	0.855415	5.14325	5.12518
-1.49694	0.860671	5.14259	5.1255
-1.49825	0.862971	5.14193	5.12583
-1.50877	0.855086	5.14325	5.12583
-1.50844	0.8564	5.14325	5.12583
-1.50515	0.851801	5.14357	5.12452
-1.51074	0.84063	5.14259	5.12288
-1.51632	0.828146	5.14325	5.1232
-1.51501	0.838331	5.14357	5.12353
-1.51797	0.830117	5.14292	5.12386
-1.52355	0.82716	5.14029	5.12485
-1.52257	0.834388	5.13897	5.12452
-1.51928	0.849172	5.13832	5.12419
-1.51008	0.862643	5.14062	5.12616
-1.50088	0.870856	5.14193	5.1255
-1.50417	0.870528	5.14127	5.1255
-1.49858	0.882355	5.14062	5.1255
-1.49464	0.877427	5.14259	5.12452
-1.4861	0.884326	5.1439	5.12419
-1.48347	0.885969	5.1439	5.12485
-1.48708	0.889583	5.14357	5.12485
-1.48873	0.894183	5.1439	5.12518
-1.47953	0.896482	5.14193	5.12518
-1.47526	0.908967	5.14062	5.12485
-1.48117	0.905353	5.14127	5.12452
-1.47821	0.908967	5.14456	5.12419
-1.47296	0.914881	5.14719	5.12616
-1.46606	0.925394	5.14522	5.12649
-1.45719	0.939193	5.14292	5.12649
-1.45062	0.952006	5.14259	5.12616
-1.43944	0.963176	5.14259	5.12616
-1.44306	0.949378	5.14357	5.12583
-1.44109	0.955291	5.14423	5.12583
-1.42729	0.962191	5.14587	5.12583
-1.4217	0.96449	5.14587	5.12353
-1.41645	0.970076	5.1439	5.12189
-1.40692	0.971061	5.14325	5.12353
-1.40725	0.956277	5.14423	5.12419
-1.40068	0.954306	5.14456	5.1255
-1.39378	0.962519	5.14522	5.12649
-1.38688	0.967119	5.1439	5.12583
-1.38031	0.979275	5.14325	5.12419
-1.37177	0.984532	5.1439	5.12518
-1.36585	0.978289	5.14325	5.1255
-1.35994	0.979932	5.14226	5.12518
-1.34647	0.976647	5.14325	5.12485
-1.33694	0.991431	5.14653	5.12485
-1.33267	0.985846	5.14686	5.12419
-1.33694	0.984203	5.14587	5.12485
-1.33365	0.998002	5.14456	5.12419
-1.34154	0.996688	5.14423	5.12353
-1.3238	1.00983	5.14555	5.12485
-1.32314	1.01213	5.14719	5.12583
-1.32248	1.01936	5.14719	5.1278
-1.31756	1.01147	5.14489	5.12977
-1.32643	1.01081	5.14226	5.12945
-1.32347	1.0095	5.1439	5.12945
-1.3284	1.0003	5.14423	5.12715
-1.33135	0.992745	5.1439	5.12485
-1.32971	0.996359	5.1439	5.12518
-1.33103	0.997673	5.14587	5.1255
-1.33727	0.992088	5.14489	5.1255
-1.32873	0.997016	5.14423	5.1255
-1.33398	1.00457	5.14522	5.12682
-1.34253	0.999973	5.14423	5.12715
-1.34614	1.0003	5.14325	5.12748
-1.35731	1.0003	5.14489	5.12715
-1.36552	1.00359	5.14653	5.12649
-1.36947	1.0049	5.14555	5.12583
-1.37275	1.00096	5.14357	5.12452
-1.37834	0.992417	5.14095	5.12518
-1.39049	0.977304	5.14127	5.12649
-1.38754	0.979275	5.14357	5.12813
-1.39772	0.974018	5.14653	5.12813
-1.40758	0.96449	5.14883	5.12813
-1.40199	0.975004	5.14785	5.12682
-1.39871	0.96909	5.14555	5.12583
-1.41053	0.962191	5.14226	5.12485
-1.41579	0.958905	5.14226	5.12518
-1.42335	0.935907	5.14226	5.12583
-1.42926	0.93295	5.14292	5.12583
-1.43616	0.922437	5.14522	5.12583
-1.44536	0.911924	5.14653	5.12682
-1.45291	0.898454	5.14456	5.12748
-1.45784	0.891883	5.14226	5.12682
-1.45686	0.884326	5.14193	5.12649
-1.45587	0.882355	5.14292	5.12715
-1.45521	0.872499	5.14489	5.12682
-1.46047	0.867571	5.14555	5.12748
-1.45784	0.873484	5.14456	5.12682
-1.4608	0.868556	5.14325	5.12583
-1.46868	0.854429	5.1416	5.12616
-1.47263	0.857386	5.1416	5.12879
-1.4631	0.864614	5.14062	5.12912
-1.46277	0.868228	5.14062	5.12715
-1.46277	0.855743	5.14029	5.12386
-1.47164	0.856072	5.14029	5.12353
-1.46901	0.857057	5.14029	5.12485
-1.46146	0.863957	5.14292	5.12583
-1.45226	0.868556	5.14357	5.12583
-1.44766	0.867242	5.14325	5.12583
-1.44733	0.853443	5.14423	5.12386
-1.44306	0.860343	5.14456	5.12255
-1.44207	0.855415	5.14292	5.12518
-1.43912	0.855743	5.14259	5.12682
-1.44306	0.849829	5.1439	5.12616
-1.43517	0.848187	5.14587	5.12583
-1.44109	0.846216	5.1462	5.12518
-1.4424	0.851801	5.1439	5.1255
-1.44142	0.859357	5.13996	5.12748
-1.43879	0.861657	5.13996	5.12813
-1.44043	0.861	5.14127	5.12715
-1.447	0.860014	5.14226	5.12583
-1.45259	0.864285	5.14193	5.12518
-1.44864	0.866914	5.14226	5.1255
-1.4608	0.855743	5.14325	5.12682
-1.46967	0.853443	5.14423	5.12715
-1.47296	0.848187	5.14259	5.12682
-1.47427	0.851144	5.14029	5.1278
-1.48018	0.839316	5.14127	5.12616
-1.48216	0.84063	5.14292	5.12583
-1.4861	0.836031	5.14522	5.12583
-1.48675	0.835045	5.14522	5.1255
-1.48774	0.844573	5.14095	5.12583
-1.48873	0.851144	5.14029	5.12616
-1.48577	0.852458	5.14062	5.12583
-1.48413	0.861328	5.14127	5.12649
-1.4861	0.859686	5.14226	5.12682
-1.48577	0.855415	5.1439	5.12616
-1.48281	0.864285	5.14587	5.12616
-1.48281	0.858372	5.14489	5.12616
-1.48051	0.857386	5.14292	5.1255
-1.49431	0.848187	5.14259	5.12649
-1.49891	0.836359	5.14226	5.1278
-1.49628	0.834717	5.14325	5.12682
-1.49628	0.841944	5.14226	5.1255
-1.49497	0.857057	5.1416	5.12485
-1.4999	0.8564	5.13996	5.12518
-1.49825	0.856072	5.13996	5.12583
-1.50811	0.847201	5.14127	5.12616
-1.50614	0.851144	5.1416	5.12485
-1.50417	0.851801	5.14292	5.12386
-1.49825	0.8587	5.1439	5.12485
-1.4999	0.852786	5.14555	5.12518
-1.49694	0.840959	5.14522	5.12583
-1.49267	0.837345	5.14193	5.12682
-1.48905	0.84523	5.14062	5.12649
-1.48413	0.849829	5.14193	5.12616
-1.47558	0.861	5.14489	5.12715
-1.47098	0.863628	5.14719	5.12682
-1.46376	0.861328	5.14653	5.1278
-1.45883	0.8587	5.14456	5.12912
-1.4378	0.881041	5.14127	5.1278
-1.43025	0.888926	5.14127	5.1255
-1.42039	0.897797	5.14325	5.12518
-1.40659	0.913895	5.14555	5.1255
-1.40692	0.915866	5.14555	5.12518
-1.40101	0.925065	5.14357	5.12353
-1.38984	0.936564	5.14193	5.12288
-1.38096	0.941164	5.1416	5.12386
-1.37374	0.949378	5.14226	5.12353
-1.36092	0.959891	5.14259	5.12353
-1.356	0.975004	5.14193	5.12386
-1.35107	0.98946	5.14062	5.12353
-1.33595	0.996688	5.14127	5.12386
-1.33201	0.997673	5.14226	5.12419
-1.32577	1.01147	5.14489	5.12518
-1.30671	1.01377	5.14653	5.12386
-1.30376	1.00786	5.14653	5.12452
-1.30277	1.00293	5.14489	5.12353
-1.30113	1.00753	5.14489	5.12222
-1.29324	1.01476	5.14653	5.12255
-1.29719	1.0072	5.14686	5.12189
-1.29784	1.01147	5.14653	5.12485
-1.30606	1.01344	5.14522	5.12649
-1.30967	1.00359	5.14292	5.12649
-1.30934	0.997673	5.14226	5.12583
-1.31131	0.999644	5.14423	5.12616
-1.30639	1.00457	5.14489	5.12419
-1.31066	1.01081	5.1462	5.12222
-1.31723	1.00983	5.14653	5.12222
-1.3215	1.00884	5.14587	5.12419
-1.33333	1.0026	5.14489	5.12649
-1.33891	1.00227	5.14456	5.1255
-1.34318	1.00523	5.14325	5.12485
-1.34778	0.996359	5.14259	5.12583
-1.35501	0.993074	5.1416	5.12616
-1.36191	0.98486	5.14127	5.12616
-1.36815	0.995045	5.14259	5.12682
-1.37834	0.986174	5.14456	5.12583
-1.37834	0.988474	5.14522	5.12419
-1.37144	1.00424	5.14292	5.12288
-1.37834	1.0003	5.14127	5.12419
-1.37932	1.00654	5.14062	5.12682
-1.37899	1.00424	5.14193	5.12846
-1.38064	0.998987	5.1416	5.12879
-1.37834	1.00687	5.14259	5.12879
-1.38425	0.995373	5.1439	5.12813
-1.37604	0.998659	5.14423	5.12715
-1.37242	0.996359	5.14292	5.12583
-1.37801	0.991759	5.14325	5.12583
-1.37045	1.00129	5.14357	5.12649
-1.37177	1.00326	5.1439	5.12682
-1.37275	1.00622	5.14357	5.12485
-1.37538	0.992088	5.14292	5.12386
-1.36191	0.995373	5.14325	5.12386
-1.35205	0.991759	5.14292	5.12616
-1.34121	0.989131	5.14127	5.1278
-1.34055	0.991431	5.14029	5.1278
-1.34055	1.0003	5.14127	5.12682
-1.33793	1.00687	5.14259	5.12485
-1.34548	0.997016	5.14325	5.12386
-1.333	0.999644	5.14127	5.12485
-1.31986	1.00392	5.14029	5.12813
-1.32314	1.0072	5.13996	5.12879
-1.31887	1.00556	5.14029	5.12715
-1.32577	0.998002	5.14062	5.12452
-1.33431	0.994059	5.14226	5.12386
-1.3307	0.991431	5.1439	5.12485
-1.3284	0.993731	5.14456	5.12485
-1.33563	0.994059	5.14357	5.12583
-1.3399	0.995045	5.1416	5.12715
-1.34285	0.986831	5.14127	5.12813
-1.3422	0.98026	5.14259	5.12846
-1.35961	0.959234	5.14423	5.12748
-1.35172	0.958905	5.14489	5.12452
-1.35107	0.961534	5.14555	5.12452
-1.35764	0.951677	5.14456	5.12616
-1.35895	0.964819	5.14423	5.12518
-1.36454	0.960877	5.14522	5.12419
-1.37439	0.944778	5.14587	5.12353
-1.38918	0.941493	5.1462	5.12386
-1.38688	0.942478	5.14456	5.12485
-1.40331	0.934265	5.14259	5.12682
-1.40988	0.928351	5.1416	5.12682
-1.41349	0.91718	5.1393	5.12748
-1.42236	0.915538	5.1393	5.12682
-1.43255	0.899439	5.14193	5.12616
-1.43386	0.898782	5.1439	5.1255
-1.43452	0.904039	5.14423	5.12682
-1.4447	0.906667	5.14325	5.12945
-1.4585	0.899439	5.14292	5.1301
-1.46376	0.896811	5.1439	5.12649
-1.4723	0.886298	5.14456	5.12288
-1.47887	0.878084	5.14357	5.12288
-1.48445	0.875456	5.1416	5.12419
-1.49365	0.869213	5.1416	5.12452
-1.50088	0.866585	5.14292	5.12518
-1.49694	0.867242	5.1439	5.12485
-1.50088	0.86987	5.14357	5.12419
-1.50252	0.866585	5.1439	5.12485
-1.49891	0.864942	5.14423	5.1255
-1.49825	0.862971	5.14292	5.12616
-1.50384	0.849172	5.1416	5.1255
-1.5022	0.852786	5.14292	5.1255
-1.49431	0.860343	5.1439	5.12616
-1.49431	0.861657	5.14423	5.12748
-1.48971	0.871513	5.14357	5.12813
-1.49135	0.867242	5.1439	5.12616
-1.49135	0.856072	5.14423	5.12452
-1.4838	0.853115	5.14292	5.1255
-1.48971	0.849829	5.14095	5.12748
-1.49004	0.853772	5.13963	5.12813
-1.48708	0.8633	5.14127	5.12682
-1.47788	0.86987	5.14325	5.1255
-1.47854	0.861986	5.14456	5.12419
-1.46737	0.865928	5.14587	5.12353
-1.46343	0.867571	5.14423	5.12649
-1.46639	0.867899	5.14357	5.12813
-1.45521	0.880055	5.1439	5.12813
-1.45324	0.878741	5.14489	5.12649
-1.45062	0.884983	5.14653	5.12715
-1.4424	0.895825	5.14456	5.12748
-1.44076	0.90371	5.14423	5.12583
-1.43189	0.896154	5.14423	5.12583
-1.43879	0.888597	5.14423	5.12518
-1.4424	0.888926	5.14423	5.12452
-1.43944	0.892211	5.1462	5.12419
-1.43649	0.906339	5.14817	5.12386
-1.43747	0.909953	5.14916	5.12452
-1.4447	0.905024	5.14686	5.12583
-1.44864	0.894511	5.14357	5.12682
-1.44634	0.903053	5.14259	5.12748
-1.43977	0.909953	5.14292	5.12715
-1.43747	0.915209	5.14456	5.12682
-1.44076	0.917509	5.14423	5.12583
-1.44207	0.914552	5.14423	5.12452
-1.45883	0.902396	5.14456	5.1255
-1.45521	0.909953	5.14292	5.12682
-1.45423	0.911595	5.1416	5.12748
-1.4608	0.917838	5.14095	5.12715
-1.45751	0.925723	5.14193	5.1255
-1.46014	0.919809	5.14325	5.12419
-1.45949	0.919152	5.1439	5.12452
-1.45686	0.921123	5.1416	5.12682
-1.45653	0.926708	5.13963	5.12649
-1.45226	0.936893	5.1416	5.12649
-1.44996	0.94215	5.14423	5.12649
-1.45784	0.933936	5.14357	5.12649
-1.4493	0.93985	5.14193	5.12485
-1.45423	0.930651	5.14193	5.12386
-1.44733	0.934265	5.14259	5.1255
-1.44437	0.932293	5.14095	5.12649
-1.43977	0.937879	5.14226	5.1255
-1.43912	0.938864	5.14357	5.12288
-1.44372	0.934922	5.14456	5.12222
-1.4424	0.934265	5.1439	5.12485
-1.4424	0.931636	5.14292	5.12748
-1.43912	0.93525	5.1439	5.12879
-1.42795	0.944778	5.14325	5.12748
-1.42433	0.949378	5.14127	5.12419
-1.41743	0.951677	5.14127	5.12518
-1.41908	0.954634	5.14423	5.12485
-1.42203	0.953977	5.14456	5.12222
-1.41579	0.962519	5.14259	5.12222
-1.41218	0.965148	5.13996	5.12386
-1.40429	0.963505	5.14095	5.12452
-1.39279	0.967776	5.14127	5.12452
-1.38819	0.96909	5.14259	5.12452
-1.37866	0.968433	5.14292	5.12386
-1.38261	0.972047	5.14259	5.12485
-1.37899	0.976647	5.14259	5.12485
-1.37472	0.978289	5.14127	5.12485
-1.37308	0.979275	5.14062	5.12616
-1.35468	0.986831	5.1416	5.12616
-1.35107	0.988474	5.14325	5.1255
-1.35041	0.989131	5.14325	5.12452
-1.34548	0.989788	5.14259	5.12255
-1.33431	0.994716	5.14193	5.12255
-1.32774	1.00457	5.14226	5.12419
-1.3192	1.01541	5.1416	5.12649
-1.32051	1.01574	5.14062	5.12715
-1.32248	1.0049	5.14029	5.12616
-1.32511	1.00162	5.14127	5.12583
-1.32347	1.00063	5.14127	5.12452
-1.31723	1.00819	5.14062	5.12649
-1.32084	1.00852	5.1416	5.12616
-1.32281	1.00556	5.1416	5.12649
-1.33004	0.999973	5.14522	5.1255
-1.33168	1.00359	5.14719	5.12353
-1.3353	1.00589	5.1462	5.12222
-1.35435	0.995702	5.14325	5.12288
-1.36749	0.990774	5.14127	5.12452
-1.37012	0.988803	5.13996	5.12616
-1.37045	0.995373	5.14029	5.12748
-1.37275	0.990117	5.14095	5.12682
-1.37341	0.998659	5.14193	5.1278
-1.37111	0.999644	5.14357	5.12945
-1.37472	1.00194	5.14357	5.12813
-1.38688	0.997016	5.1416	5.12682
-1.38524	0.995702	5.14095	5.12386
-1.38852	0.994716	5.14193	5.1232
-1.39443	0.992745	5.14423	5.12288
-1.39805	0.992745	5.14555	5.12419
-1.40265	0.981575	5.1462	5.12485
-1.40429	0.982232	5.1439	5.12452
-1.40856	0.981246	5.14193	5.12386
-1.41776	0.974018	5.1416	5.12353
-1.41908	0.977961	5.14357	5.12288
-1.41382	0.982232	5.14555	5.12288
-1.41612	0.982889	5.14522	5.12419
-1.40988	0.992745	5.14357	5.12748
-1.41316	0.991759	5.14325	5.12715
-1.41382	0.988803	5.14325	5.12649
-1.4125	0.996688	5.14325	5.12682
-1.40495	1.00162	5.14325	5.12715
-1.40396	0.999973	5.14357	5.12649
-1.40528	1.0003	5.14292	5.12682
-1.40626	1.00227	5.14325	5.12649
-1.40495	0.997673	5.14325	5.12485
-1.40922	0.992745	5.14357	5.12419
-1.39969	0.986503	5.1439	5.12485
-1.39739	0.983546	5.14193	5.1255
-1.40002	0.983217	5.14259	5.12583
-1.39049	0.985846	5.14292	5.12583
-1.38721	0.985517	5.14095	5.12485
-1.38688	0.987817	5.1393	5.12419
-1.38129	0.998659	5.14062	5.12288
-1.37604	1.00326	5.14193	5.12452
-1.37932	1.00326	5.14357	5.12682
-1.36782	1.01344	5.14325	5.12616
-1.36322	1.00917	5.14325	5.12452
-1.35435	1.00654	5.14226	5.12518
-1.36421	0.997016	5.14226	5.12518
-1.36388	0.984532	5.14226	5.12583
-1.36191	0.981575	5.14292	5.12715
-1.36388	0.983217	5.1439	5.1255
-1.36947	0.977632	5.14489	5.12386
-1.37341	0.952992	5.14325	5.12288
-1.38064	0.949706	5.14127	5.12288
-1.37899	0.950692	5.14193	5.12353
-1.38359	0.946421	5.14325	5.12518
-1.38261	0.943135	5.14357	5.12583
-1.37965	0.949706	5.14259	5.12419
-1.39345	0.941493	5.1416	5.12353
-1.39936	0.944778	5.14259	5.12255
-1.40725	0.943135	5.14292	5.12288
-1.41086	0.944449	5.14423	5.12485
-1.41218	0.95102	5.1439	5.12846
-1.41185	0.955291	5.14292	5.13109
-1.41809	0.964819	5.14259	5.12879
-1.4194	0.959562	5.14357	5.1255
-1.42466	0.961862	5.14423	5.12419
-1.43649	0.945435	5.14193	5.1232
-1.44207	0.944121	5.14127	5.1232
-1.4585	0.934593	5.14127	5.12616
-1.46441	0.928351	5.14193	5.12813
-1.46803	0.918823	5.14292	5.12813
-1.47591	0.920794	5.1439	5.12813
-1.47624	0.913238	5.1439	5.12616
-1.48018	0.906339	5.14325	5.12452
-1.48478	0.904039	5.14193	5.12583
-1.49201	0.89024	5.14127	5.12715
-1.48774	0.897468	5.14325	5.12715
-1.4838	0.90141	5.14456	5.12583
-1.48248	0.902725	5.14456	5.12419
-1.47723	0.908638	5.1439	5.1232
-1.46934	0.910938	5.14522	5.1255
-1.46967	0.909953	5.14489	5.12748
-1.46639	0.906996	5.14357	5.12682
-1.46606	0.903382	5.14259	5.12583
-1.4608	0.893854	5.1416	5.12452
-1.45916	0.896811	5.14226	5.12353
-1.45949	0.904039	5.14193	5.1232
-1.4608	0.905024	5.13996	5.12419
-1.45719	0.914881	5.14029	5.12485
-1.4493	0.924408	5.1439	5.12616
-1.45029	0.917838	5.14653	5.12518
-1.4493	0.917838	5.14719	5.12222
-1.43715	0.922437	5.14587	5.12156
-1.43123	0.925723	5.14456	5.12386
-1.42795	0.922109	5.14456	5.12649
-1.42992	0.923423	5.14555	5.12649
-1.42532	0.92178	5.14555	5.12419
-1.41875	0.92638	5.14587	5.12288
-1.41349	0.926708	5.14555	5.12386
-1.40955	0.940507	5.14686	5.12616
-1.41053	0.938536	5.1462	5.12846
-1.4079	0.941164	5.1439	5.12715
-1.42433	0.925394	5.14193	5.12715
-1.4171	0.92638	5.14259	5.12879
-1.41513	0.929665	5.14456	5.12715
-1.41513	0.930651	5.14555	5.12452
-1.41415	0.933936	5.14522	5.1232
-1.41415	0.931636	5.14357	5.12353
-1.41579	0.924737	5.14357	5.1255
-1.41415	0.932622	5.14325	5.12715
-1.41053	0.944121	5.1416	5.12583
-1.41218	0.945435	5.14095	5.12288
-1.41185	0.950692	5.14095	5.12255
-1.40396	0.963505	5.14095	5.1255
-1.39772	0.959562	5.14062	5.12682
-1.39772	0.955291	5.14062	5.12748
-1.40298	0.95562	5.1416	5.12682
-1.40856	0.95792	5.14456	5.12518
-1.40002	0.963833	5.14587	5.12649
-1.39903	0.968104	5.14719	5.1255
-1.40133	0.970404	5.14555	5.12419
-1.38951	0.984532	5.14292	5.12288
-1.38524	0.983874	5.13996	5.12123
-1.39378	0.98486	5.14193	5.12189
-1.39049	0.983217	5.14423	5.12288
-1.39443	0.983874	5.14522	5.1232
-1.39082	0.988145	5.14456	5.12419
-1.39706	0.983217	5.14292	5.12452
-1.40495	0.978946	5.14062	5.12452
-1.40462	0.977632	5.14029	5.12485
-1.40725	0.97369	5.1416	5.12616
-1.40396	0.980589	5.14127	5.12583
-1.4079	0.977304	5.14226	5.12583
-1.40462	0.978618	5.14423	5.12583
-1.40692	0.970076	5.14325	5.1255
-1.4125	0.957591	5.14259	5.1255
-1.41152	0.963833	5.1439	5.12682
-1.40823	0.964162	5.1462	5.1278
-1.41415	0.966133	5.1462	5.12715
-1.4171	0.964162	5.14522	5.12485
-1.41546	0.965148	5.1439	5.12452
-1.41316	0.97139	5.14357	5.12518
-1.41513	0.954963	5.14292	5.12715
-1.41908	0.952663	5.14259	5.12715
-1.41776	0.943792	5.14357	5.12452
-1.41645	0.934265	5.14292	5.12255
-1.42433	0.929008	5.14357	5.12189
-1.43485	0.918166	5.14325	5.12452
-1.44339	0.908967	5.14226	5.12583
-1.43715	0.914881	5.14029	5.12616
-1.44339	0.910281	5.14127	5.1255
-1.4424	0.906667	5.14292	5.1255
-1.44437	0.909953	5.14357	5.12583
-1.44174	0.904696	5.14325	5.12583
-1.4516	0.898125	5.14292	5.1255
-1.44766	0.90831	5.14127	5.12715
-1.45916	0.898782	5.14062	5.12912
-1.46277	0.889583	5.14062	5.12912
-1.4723	0.883998	5.14029	5.12813
-1.47131	0.880712	5.14259	5.12715
-1.47394	0.880055	5.14522	5.12485
-1.47788	0.873156	5.14522	5.12222
-1.48413	0.861986	5.14357	5.12288
-1.4907	0.853443	5.14029	5.12222
-1.48741	0.854101	5.13963	5.12255
-1.48248	0.859686	5.14325	5.1232
-1.48774	0.853772	5.14686	5.12353
-1.49661	0.851801	5.14653	5.12616
-1.50154	0.852458	5.14357	5.12616
-1.50548	0.852458	5.14325	5.12616
-1.5045	0.854758	5.14226	5.12649
-1.50647	0.851144	5.14259	5.12715
-1.50745	0.844573	5.14325	5.12616
-1.50811	0.84063	5.14226	5.1232
-1.5114	0.843259	5.1416	5.12255
-1.51895	0.839316	5.1416	5.12419
-1.51567	0.844573	5.14325	5.12616
-1.51501	0.849501	5.14456	5.1255
-1.51895	0.850487	5.14555	5.12419
-1.52027	0.853772	5.14555	5.12419
-1.51895	0.853443	5.14423	5.12452
-1.51107	0.864942	5.1439	5.12485
-1.51205	0.861	5.14357	5.12485
-1.50614	0.859357	5.14259	5.12485
-1.50877	0.861657	5.14357	5.1255
-1.5091	0.862971	5.14325	5.12748
-1.50811	0.86987	5.14456	5.12748
-1.50581	0.883012	5.14555	5.1255
-1.50844	0.873484	5.1462	5.12649
-1.50581	0.875456	5.14522	5.1255
-1.50877	0.881041	5.14423	5.12452
-1.51238	0.867242	5.14522	5.1255
-1.51304	0.868228	5.14653	5.12583
-1.5091	0.876441	5.14785	5.12518
-1.5114	0.871513	5.14489	5.12485
-1.51402	0.870199	5.14325	5.1232
-1.51205	0.862314	5.14357	5.12222
-1.51008	0.865928	5.14555	5.12353
-1.50351	0.86987	5.14653	5.12452
-1.50482	0.873484	5.14587	5.12518
-1.50121	0.879398	5.14357	5.12649
-1.49924	0.878413	5.14193	5.12813
-1.49727	0.882684	5.14193	5.12649
-1.49135	0.893197	5.14127	5.12649
-1.48478	0.890897	5.14259	5.12682
-1.47427	0.902068	5.14423	5.12813
-1.46901	0.90831	5.1439	5.12846
-1.46868	0.907653	5.14292	5.1278
-1.46343	0.914881	5.14127	5.12813
-1.46343	0.912581	5.14193	5.12846
-1.46803	0.911924	5.14193	5.1278
-1.46507	0.913567	5.14226	5.12616
-1.46146	0.913567	5.14587	5.12485
-1.46047	0.91718	5.1485	5.12419
-1.46343	0.910281	5.14752	5.1255
-1.46376	0.898454	5.14555	5.1278
-1.47328	0.883012	5.14423	5.1278
-1.47788	0.875127	5.14325	5.12649
-1.47756	0.871842	5.14062	5.12452
-1.4746	0.882355	5.14062	5.12156
-1.47986	0.871842	5.14259	5.12156
-1.48511	0.870528	5.14357	5.12156
-1.48577	0.87217	5.1439	5.12058
-1.48478	0.881041	5.14259	5.12123
-1.48413	0.885969	5.14193	5.12353
-1.48183	0.885312	5.14292	5.12386
-1.47493	0.894511	5.1439	5.12386
-1.47033	0.896154	5.14522	5.12485
-1.47197	0.900096	5.14555	5.12616
-1.47657	0.901739	5.1439	5.12682
-1.47887	0.904696	5.1416	5.12682
-1.48051	0.898454	5.14292	5.12715
-1.49004	0.891883	5.14489	5.12748
-1.49398	0.89024	5.14489	5.1255
-1.49333	0.889583	5.14456	5.1255
-1.5022	0.884326	5.14357	5.12583
-1.50318	0.879727	5.14259	5.12518
-1.50022	0.882027	5.1416	5.12419
-1.50614	0.879398	5.14325	5.12353
-1.50647	0.878413	5.14587	5.12452
-1.50187	0.883998	5.1462	5.12485
-1.5068	0.883012	5.14489	5.12616
-1.5091	0.879398	5.1439	5.12485
-1.50515	0.888926	5.1416	5.12485
-1.50252	0.882355	5.14127	5.12583
-1.50055	0.882355	5.14259	5.12452
-1.49793	0.887612	5.14357	5.12485
-1.49103	0.897139	5.14357	5.12452
-1.49168	0.893854	5.14423	5.12419
-1.49234	0.889583	5.14292	5.12485
-1.48248	0.904039	5.13897	5.12616
-1.48216	0.899111	5.13635	5.1255
-1.47854	0.905024	5.13865	5.12485
-1.47296	0.908967	5.14259	5.12419
-1.46704	0.910938	5.14555	5.12419
-1.45916	0.916852	5.1462	5.1255
-1.45587	0.920794	5.14489	5.12748
-1.45489	0.922766	5.14325	5.12879
-1.45554	0.923751	5.14423	5.1278
-1.4585	0.920137	5.14325	5.1278
-1.45193	0.929008	5.14292	5.12583
-1.44864	0.931636	5.14456	5.1255
-1.44634	0.933936	5.14522	5.12583
-1.44897	0.930322	5.1439	5.12485
-1.45127	0.926708	5.14292	5.12616
-1.45489	0.916523	5.14292	5.12912
-1.4424	0.928679	5.1439	5.12813
-1.44569	0.918823	5.14423	5.12518
-1.45521	0.910281	5.14555	5.12419
-1.45719	0.906996	5.14423	5.12353
-1.45817	0.912909	5.14292	5.12386
-1.45324	0.921123	5.14226	5.12518
-1.45357	0.926708	5.14357	5.12682
-1.45916	0.925394	5.1439	5.12813
-1.45784	0.929994	5.1439	5.12583
-1.45916	0.927694	5.14489	5.12255
-1.44766	0.928351	5.14489	5.1232
-1.43649	0.938536	5.14325	5.12583
-1.43747	0.938536	5.14193	5.12682
-1.4332	0.933608	5.14259	5.12813
-1.42959	0.940507	5.14456	5.12682
-1.43517	0.931636	5.14456	5.12518
-1.43715	0.914881	5.14259	5.12518
-1.43747	0.911267	5.14062	5.12583
-1.44503	0.904696	5.1416	5.12583
-1.447	0.905353	5.1439	5.12682
-1.44536	0.91061	5.14423	5.12715
-1.44832	0.915209	5.14522	5.12682
-1.44634	0.91948	5.1462	5.12649
-1.4516	0.918166	5.14555	5.12485
-1.46179	0.908638	5.14325	5.1255
-1.4608	0.902396	5.14259	5.12616
-1.46704	0.900753	5.14357	5.12518
-1.46901	0.907324	5.14456	5.12485
-1.47328	0.900753	5.14555	5.12419
-1.46573	0.911267	5.14522	5.12616
-1.46671	0.911267	5.14357	5.12682
-1.45949	0.918166	5.14357	5.1278
-1.47	0.913895	5.14357	5.12813
-1.46934	0.917509	5.14325	5.12649
-1.46376	0.931308	5.14456	5.12715
-1.46047	0.934922	5.14686	5.1255
-1.45324	0.93755	5.1485	5.12452
-1.45062	0.923751	5.14587	5.1255
-1.4516	0.922109	5.14292	5.12485
-1.44306	0.925723	5.14193	5.12583
-1.45029	0.916195	5.14127	5.12682
-1.4516	0.906996	5.14292	5.1255
-1.44897	0.909953	5.14555	5.1255
-1.45653	0.896482	5.14522	5.1255
-1.45751	0.889583	5.14357	5.12616
-1.46441	0.883341	5.1416	5.12748
-1.47263	0.87677	5.14029	5.12813
-1.47657	0.859686	5.13963	5.12715
-1.47756	0.850487	5.1416	5.12485
-1.47066	0.864942	5.14456	5.12123
-1.47854	0.867242	5.14686	5.12025
-1.48216	0.856072	5.14653	5.12386
-1.48807	0.848187	5.14423	5.12649
-1.49168	0.843587	5.14259	5.1255
-1.50154	0.84523	5.14193	5.12452
-1.50548	0.849172	5.14456	5.12255
-1.51172	0.835374	5.1462	5.12255
-1.52059	0.826832	5.1462	5.12419
-1.52125	0.834717	5.14423	5.12682
-1.52585	0.832745	5.14259	5.12715
-1.52355	0.834388	5.14095	5.12682
-1.51665	0.836688	5.14127	5.12616
-1.51534	0.834388	5.1416	5.12682
-1.51337	0.836359	5.14259	5.12912
-1.5137	0.82486	5.14325	5.13043
-1.51468	0.816647	5.14325	5.13109
-1.52224	0.804162	5.14522	5.12879
-1.52224	0.805805	5.14587	5.12715
-1.52092	0.806133	5.1462	5.1278
-1.52125	0.797591	5.14686	5.12846
-1.52947	0.791349	5.14752	5.1278
-1.52519	0.785107	5.14587	5.12616
-1.52585	0.790363	5.14325	5.1255
-1.52519	0.792663	5.14226	5.12518
-1.53111	0.781493	5.14259	5.12485
-1.53012	0.785435	5.14522	5.12518
-1.53341	0.787078	5.14653	5.12485
-1.53735	0.79332	5.14587	5.12748
-1.53866	0.787078	5.14456	5.12879
-1.53735	0.781821	5.14226	5.1278
-1.53768	0.785764	5.1416	5.12682
-1.53242	0.786749	5.14193	5.12649
-1.53899	0.782807	5.14259	5.12583
-1.53866	0.793649	5.14522	5.12583
-1.53965	0.798248	5.14489	5.12682
-1.53998	0.794306	5.14357	5.12748
-1.54195	0.799234	5.14062	5.12649
-1.54064	0.801862	5.13963	5.12518
-1.53669	0.807119	5.14127	5.1255
-1.53834	0.81139	5.14423	5.12682
-1.53176	0.819932	5.14555	5.12715
-1.52881	0.826503	5.1439	5.12616
-1.52914	0.826503	5.14193	5.12649
-1.52191	0.828474	5.14226	5.12649
-1.51402	0.841616	5.14292	5.12682
-1.5068	0.848187	5.14522	5.12715
-1.49694	0.853772	5.14719	5.12682
-1.48248	0.866257	5.14785	5.12583
-1.47788	0.872827	5.14686	5.12616
-1.47854	0.879398	5.14489	5.12649
-1.46836	0.896154	5.14522	5.12715
-1.46376	0.910938	5.14456	5.12748
-1.45587	0.911595	5.14489	5.1278
-1.4493	0.91948	5.14587	5.1278
-1.44339	0.923094	5.14719	5.12813
-1.44832	0.919809	5.14555	5.12682
-1.44832	0.912909	5.14325	5.12485
-1.44897	0.905682	5.14259	5.12583
-1.4401	0.912909	5.14292	5.12748
-1.4424	0.909953	5.14259	5.12649
-1.44536	0.91948	5.14226	5.12485
-1.44076	0.920794	5.14325	5.12386
-1.43353	0.927037	5.14259	5.12255
-1.4263	0.94215	5.14095	5.12452
-1.41579	0.943135	5.13963	5.12649
-1.42072	0.930651	5.14095	5.1278
-1.42565	0.933936	5.14193	5.1278
-1.42269	0.939193	5.14226	5.12715
-1.41875	0.941164	5.1416	5.12616
-1.41283	0.940178	5.14095	5.12353
-1.41382	0.933936	5.14095	5.1232
-1.40988	0.931308	5.14095	5.1232
-1.40462	0.936236	5.14292	5.12452
-1.40068	0.940507	5.14489	5.1255
-1.39411	0.946421	5.14555	5.1255
-1.39739	0.945764	5.1439	5.1232
-1.39641	0.942807	5.14259	5.1209
-1.39903	0.940835	5.14292	5.12419
-1.40133	0.949049	5.1439	5.12649
-1.40002	0.962191	5.14522	5.12518
-1.40626	0.965476	5.14555	5.12452
-1.40856	0.97369	5.14653	5.12518
-1.42072	0.970733	5.1462	5.12649
-1.42762	0.977304	5.14653	5.12616
-1.42433	0.985189	5.14555	5.12682
-1.42795	0.981246	5.14522	5.12846
-1.42762	0.981903	5.14555	5.13043
-1.43025	0.980918	5.14522	5.1301
-1.43255	0.975004	5.14423	5.1278
-1.44339	0.960548	5.14226	5.12682
-1.44437	0.960548	5.14292	5.12715
-1.44372	0.961862	5.14456	5.12616
-1.43846	0.963505	5.14522	5.12485
-1.42795	0.970733	5.14555	5.12419
-1.42466	0.977961	5.1462	5.12452
-1.42565	0.972047	5.1462	5.12583
-1.43222	0.972704	5.14522	5.1255
-1.43222	0.968433	5.14423	5.12419
-1.42762	0.968433	5.14292	5.12452
-1.43222	0.955948	5.14357	5.12353
-1.43649	0.949706	5.14357	5.1232
-1.44306	0.93755	5.14423	5.12288
-1.44733	0.927037	5.14587	5.12386
-1.4516	0.923094	5.14587	5.12419
-1.45062	0.928022	5.14489	5.12682
-1.44864	0.931636	5.14259	5.12682
-1.44799	0.91948	5.14095	5.12616
-1.45062	0.926051	5.14127	5.12616
-1.45554	0.914224	5.14193	5.12518
-1.45751	0.911267	5.14292	5.12452
-1.46277	0.898782	5.1416	5.1255
-1.46409	0.893525	5.14095	5.12452
-1.4654	0.898782	5.14095	5.1255
-1.47131	0.895497	5.13963	5.12649
-1.46737	0.909953	5.13832	5.12748
-1.46836	0.905353	5.14062	5.12748
-1.46277	0.903053	5.14193	5.12682
-1.46737	0.890897	5.14029	5.12485
-1.47394	0.876113	5.1393	5.12518
-1.4585	0.891883	5.13996	5.12649
-1.46047	0.891883	5.14325	5.12583
-1.46901	0.890569	5.14555	5.12616
-1.4792	0.876113	5.14522	5.12616
-1.47558	0.87447	5.14522	5.12616
-1.47756	0.877427	5.1439	5.12583
-1.47	0.895497	5.14325	5.12386
-1.47723	0.886955	5.14292	5.1232
-1.47657	0.891226	5.14325	5.12288
-1.47953	0.888597	5.14522	5.12386
-1.47953	0.889254	5.14555	5.1255
-1.47887	0.892868	5.14423	5.12715
-1.48905	0.885969	5.14489	5.12912
-1.49694	0.878084	5.14587	5.12846
-1.49563	0.878741	5.14555	5.1278
-1.49825	0.87217	5.14587	5.12715
-1.50252	0.875456	5.14522	5.12616
-1.49825	0.884655	5.14423	5.12649
-1.50417	0.876113	5.1439	5.12583
-1.5137	0.859029	5.14292	5.12485
-1.50942	0.861	5.14325	5.12649
-1.50745	0.855086	5.14456	5.12616
-1.5114	0.857057	5.14489	5.12452
-1.51337	0.845887	5.14292	5.12419
-1.50975	0.846544	5.1416	5.12452
-1.50581	0.859686	5.14226	5.12616
-1.50384	0.865599	5.1416	5.12748
-1.50252	0.869542	5.14062	5.1278
-1.49595	0.871513	5.13897	5.12813
-1.49135	0.868885	5.14226	5.12813
-1.49004	0.878741	5.14719	5.12682
-1.48971	0.881041	5.1485	5.1255
-1.48183	0.891554	5.14653	5.12485
-1.4861	0.89254	5.14522	5.12419
-1.48643	0.893525	5.14357	5.12682
-1.48544	0.891554	5.14489	5.12748
-1.48971	0.891554	5.14522	5.1255
-1.48938	0.89254	5.14423	5.12452
-1.4838	0.897468	5.14292	5.12518
-1.4884	0.892868	5.14062	5.12616
-1.48216	0.895168	5.14095	5.12485
-1.48314	0.893197	5.14292	5.12353
-1.48018	0.891883	5.14555	5.12485
-1.48347	0.894183	5.14555	5.12682
-1.49103	0.885312	5.14489	5.1278
-1.49037	0.878084	5.14357	5.12649
-1.4953	0.876113	5.14193	5.12583
-1.49135	0.883669	5.14029	5.1255
-1.49004	0.890897	5.14062	5.1255
-1.48938	0.887283	5.14259	5.12616
-1.4861	0.884983	5.14325	5.12583
-1.48675	0.893197	5.14193	5.12386
-1.48873	0.887283	5.14029	5.12485
-1.4838	0.89484	5.14029	5.12616
-1.47821	0.902396	5.14062	5.12649
-1.47756	0.904696	5.14292	5.12616
-1.47723	0.913567	5.14522	5.1255
-1.47	0.92178	5.14489	5.12419
-1.46047	0.930651	5.14292	5.12419
-1.46277	0.929994	5.14029	5.12452
-1.46113	0.931636	5.13996	5.12715
-1.4631	0.923094	5.1416	5.12879
-1.45521	0.935579	5.14357	5.12813
-1.45719	0.934593	5.14423	5.12748
-1.45587	0.936236	5.1439	5.1278
-1.45062	0.945435	5.14423	5.12649
-1.45094	0.947735	5.14456	5.1255
-1.44996	0.950692	5.14456	5.12583
-1.45357	0.949049	5.14292	5.1255
-1.45127	0.954634	5.14456	5.12616
-1.45324	0.948063	5.14423	5.1255
-1.45193	0.957263	5.14456	5.1255
-1.44799	0.960877	5.1439	5.12419
-1.44799	0.960877	5.14259	5.12583
-1.43813	0.970733	5.14062	5.12649
-1.43879	0.966133	5.14259	5.12715
-1.42729	0.975332	5.14555	5.12945
-1.42729	0.97139	5.14686	5.12846
-1.42105	0.975004	5.14653	5.12682
-1.42138	0.973033	5.1462	5.12616
-1.42827	0.963505	5.14522	5.12682
-1.4286	0.975989	5.14423	5.12649
-1.4263	0.973361	5.14522	5.12485
-1.42565	0.976975	5.14357	5.1255
-1.41448	0.990117	5.14226	5.12715
-1.40659	0.997345	5.14095	5.1278
-1.40561	0.990774	5.13996	5.1255
-1.40068	1.00359	5.14029	5.12452
-1.39772	1.00819	5.1416	5.12649
-1.39509	1.00326	5.1439	5.12715
-1.39016	1.01114	5.1462	5.12748
-1.38688	1.01706	5.14522	5.12682
-1.38359	1.02429	5.14325	5.12616
-1.38261	1.02527	5.14325	5.12715
-1.37735	1.03217	5.14686	5.1278
-1.38031	1.02856	5.14785	5.12813
-1.38622	1.0233	5.14719	5.1278
-1.38162	1.02001	5.14653	5.12583
-1.37538	1.02396	5.14686	5.12452
-1.36651	1.03217	5.14686	5.12353
-1.36585	1.04038	5.14489	5.12419
-1.36684	1.0394	5.14423	5.12452
-1.37472	1.02724	5.14456	5.1255
-1.37144	1.0325	5.14423	5.12616
-1.37111	1.0348	5.14456	5.12649
-1.3583	1.03611	5.14522	5.12649
-1.35107	1.04203	5.1462	5.12616
-1.34351	1.05024	5.14489	5.12583
-1.33628	1.05911	5.1439	5.12715
-1.33398	1.06732	5.14357	5.1255
-1.3169	1.08539	5.14423	5.12386
-1.31066	1.08145	5.14357	5.12288
-1.31427	1.07357	5.14259	5.12353
-1.31821	1.07291	5.13963	5.12485
-1.3238	1.06404	5.13996	5.12649
-1.32018	1.06305	5.14127	5.12715
-1.32906	1.05615	5.14292	5.12682
-1.3215	1.05155	5.14555	5.12583
-1.32248	1.04958	5.14653	5.12518
-1.32084	1.05747	5.14423	5.12616
-1.33957	1.03874	5.14226	5.12682
-1.35008	1.0348	5.14029	5.12485
-1.35435	1.0348	5.14029	5.12485
-1.35271	1.04235	5.14226	5.12485
-1.36585	1.03283	5.14522	5.12583
-1.36749	1.03151	5.14752	5.12485
-1.36947	1.03217	5.1462	5.12649
-1.37768	1.01739	5.14292	5.12616
-1.39213	1.00753	5.13996	5.12649
-1.39213	1.00293	5.14029	5.12649
-1.37834	1.00359	5.14325	5.12485
-1.38129	0.995702	5.14522	5.12649
-1.38852	0.991431	5.14555	5.12846
-1.38688	0.98716	5.1439	5.1278
-1.39148	0.986174	5.14259	5.12682
-1.39969	0.983874	5.1439	5.12748
-1.40331	0.976647	5.14357	5.1255
-1.40725	0.974018	5.14325	5.12583
-1.42203	0.960877	5.14325	5.12748
-1.41448	0.965476	5.14292	5.12748
-1.41086	0.968762	5.14095	5.12748
-1.42072	0.954963	5.1393	5.12748
-1.41875	0.956934	5.14029	5.12748
-1.42072	0.963833	5.14226	5.12715
-1.42302	0.961534	5.14325	5.1255
-1.42696	0.95792	5.1462	5.12419
-1.43189	0.949049	5.14686	5.12255
-1.43682	0.937879	5.14587	5.12156
-1.44404	0.932293	5.14522	5.1232
-1.45226	0.928351	5.14292	5.12616
-1.45521	0.913895	5.14029	5.1278
-1.46277	0.90831	5.13897	5.12748
-1.48018	0.897139	5.14127	5.12485
-1.48511	0.885312	5.14489	5.12123
-1.48643	0.891883	5.14719	5.1209
-1.49201	0.882027	5.14686	5.12386
-1.49365	0.880712	5.14653	5.12518
-1.49004	0.880712	5.14522	5.12649
-1.493	0.875127	5.14456	5.12682
-1.4953	0.868228	5.1439	5.1255
-1.50515	0.864614	5.14325	5.12583
-1.49661	0.870199	5.14226	5.12846
-1.49398	0.878084	5.14062	5.12879
-1.49825	0.8633	5.14357	5.12813
-1.49464	0.861657	5.14587	5.12879
-1.49168	0.861328	5.14587	5.12879
-1.49004	0.860014	5.14587	5.1255
-1.49398	0.857057	5.14456	5.12419
-1.4976	0.8587	5.14226	5.12583
-1.49628	0.856729	5.14029	5.12748
-1.49135	0.865928	5.14095	5.12879
-1.48577	0.872827	5.1439	5.12977
-1.48774	0.868885	5.1462	5.12977
-1.49004	0.858372	5.14817	5.1255
-1.49431	0.851144	5.14719	5.12288
-1.49661	0.847858	5.14555	5.12386
-1.50121	0.836031	5.1462	5.1278
-1.50285	0.836359	5.14653	5.1301
-1.50285	0.841287	5.14555	5.1301
-1.49595	0.855086	5.14522	5.12879
-1.49825	0.861657	5.14522	5.1278
-1.49825	0.867242	5.14555	5.12748
-1.50187	0.865599	5.14423	5.12583
-1.49891	0.864614	5.14292	5.12452
-1.4999	0.861328	5.14325	5.12583
-1.49661	0.861986	5.1439	5.12518
-1.49595	0.869213	5.14489	5.12288
-1.49858	0.866257	5.14522	5.12353
-1.49858	0.861657	5.14522	5.12419
-1.50154	0.855415	5.1439	5.12616
-1.51074	0.851801	5.1416	5.12813
-1.51665	0.849501	5.1416	5.12813
-1.51928	0.84753	5.14259	5.12682
-1.51928	0.848187	5.14259	5.12485
-1.51961	0.846544	5.14292	5.12485
-1.52092	0.849829	5.14423	5.12682
-1.52027	0.851144	5.14587	5.12715
-1.51599	0.854101	5.14555	5.12682
-1.51205	0.849501	5.1439	5.12682
-1.50975	0.849172	5.14456	5.12616
-1.50581	0.854101	5.14719	5.12583
-1.50515	0.857386	5.14555	5.12649
-1.49135	0.864614	5.14226	5.12748
-1.48577	0.872827	5.14127	5.12813
-1.48413	0.87907	5.14127	5.12813
-1.47986	0.896154	5.14226	5.1278
-1.48281	0.890569	5.14357	5.12748
-1.47591	0.902396	5.14587	5.1278
-1.47887	0.898125	5.14686	5.12485
-1.4815	0.893525	5.14423	5.12353
-1.47394	0.897797	5.14226	5.12616
-1.47	0.900753	5.14095	5.12912
-1.4677	0.904367	5.14193	5.12879
-1.46014	0.917838	5.14325	5.12682
-1.45127	0.922437	5.14423	5.12485
-1.44602	0.936893	5.14062	5.12419
-1.43583	0.940507	5.13832	5.12518
-1.43123	0.943464	5.13799	5.12715
-1.42827	0.936564	5.13897	5.12879
-1.42827	0.944121	5.1416	5.12879
-1.42532	0.946749	5.14292	5.12616
-1.42827	0.943464	5.14555	5.12255
-1.424	0.951349	5.14719	5.12156
-1.42696	0.950035	5.14587	5.1232
-1.42302	0.956605	5.14357	5.12452
-1.42466	0.959562	5.14423	5.1278
-1.42827	0.956277	5.14555	5.12977
-1.4309	0.952992	5.1439	5.12846
-1.42335	0.958248	5.14357	5.1278
-1.42039	0.948063	5.1416	5.1278
-1.41053	0.957591	5.13996	5.12813
-1.40856	0.953649	5.13963	5.12912
-1.39509	0.960548	5.14226	5.12682
-1.40101	0.962519	5.14456	5.12353
-1.39575	0.964819	5.14653	5.12255
-1.39739	0.960219	5.1462	5.1232
-1.39246	0.968762	5.14489	5.1255
-1.38786	0.973361	5.14292	5.12813
-1.38819	0.96909	5.1416	5.12813
-1.38228	0.970733	5.14226	5.12616
-1.37636	0.982232	5.1439	5.12353
-1.37899	0.97139	5.14423	5.1232
-1.39443	0.958577	5.14357	5.12419
-1.40626	0.949378	5.14226	5.12583
-1.40758	0.954306	5.14357	5.1255
-1.4148	0.954306	5.14423	5.12583
-1.41875	0.962191	5.14489	5.12682
-1.43057	0.949049	5.14292	5.12649
-1.43616	0.939193	5.14193	5.12682
-1.4332	0.946092	5.14062	5.12715
-1.4378	0.933279	5.14029	5.12616
-1.43353	0.942807	5.14193	5.1255
-1.43353	0.951677	5.14456	5.12452
-1.4355	0.944449	5.14555	5.1255
-1.43813	0.942478	5.14489	5.12583
-1.43649	0.947078	5.14522	5.12353
-1.44076	0.940178	5.14522	5.12222
-1.43879	0.941821	5.14489	5.1232
-1.42827	0.959234	5.14423	5.12419
-1.4263	0.950692	5.14489	5.1255
-1.42072	0.957591	5.14555	5.12419
-1.42105	0.950035	5.14653	5.12255
-1.42039	0.959562	5.14587	5.12255
-1.41875	0.960219	5.14522	5.12288
-1.41809	0.958577	5.1439	5.12419
-1.42006	0.956934	5.1439	5.12353
-1.41185	0.955948	5.14489	5.12452
-1.41809	0.949049	5.14423	5.12616
-1.42367	0.944778	5.14226	5.12616
-1.41612	0.949049	5.14127	5.12682
-1.42236	0.948063	5.14193	5.12715
-1.42138	0.945764	5.14226	5.12715
-1.41218	0.945764	5.14292	5.12813
-1.41809	0.941493	5.14226	5.12879
-1.41678	0.939193	5.14259	5.12977
-1.4263	0.922766	5.14259	5.12846
-1.42795	0.914881	5.14423	5.12616
-1.42302	0.933279	5.14423	5.1255
-1.41316	0.939193	5.14325	5.12518
-1.41119	0.941821	5.14095	5.12288
-1.40068	0.940835	5.14029	5.12156
-1.38918	0.948063	5.14259	5.12222
-1.39246	0.942478	5.1439	5.1255
-1.38261	0.955948	5.14259	5.12846
-1.37768	0.963176	5.1393	5.12977
-1.37472	0.959562	5.13766	5.12879
-1.37768	0.955948	5.13963	5.1278
-1.38852	0.950692	5.14325	5.12682
-1.38589	0.951677	5.14522	5.12649
-1.38524	0.95102	5.14522	5.12748
-1.38556	0.954306	5.14325	5.12748
-1.39542	0.93755	5.14062	5.12616
-1.39542	0.940178	5.1393	5.1255
-1.40101	0.93295	5.14062	5.12649
-1.40429	0.938207	5.14259	5.12616
-1.40593	0.943464	5.14325	5.12616
-1.40856	0.950692	5.14193	5.12485
-1.40889	0.951349	5.14127	5.12386
-1.41973	0.95562	5.1393	5.12485
-1.42039	0.962519	5.14062	5.12485
-1.42138	0.949049	5.14259	5.12386
-1.41678	0.953649	5.14325	5.12518
-1.43287	0.933608	5.14456	5.1278
-1.43386	0.93755	5.14292	5.12748
-1.44306	0.924408	5.1416	5.12715
-1.45456	0.912909	5.14193	5.12682
-1.45489	0.91718	5.1439	5.12616
-1.46441	0.913238	5.14587	5.12485
-1.47296	0.902396	5.14555	5.12288
-1.47821	0.891883	5.1439	5.12156
-1.47493	0.884655	5.14292	5.1232
-1.47164	0.891883	5.14259	5.12452
-1.48413	0.881041	5.14226	5.12682
-1.47986	0.877427	5.14292	5.12616
-1.48511	0.861657	5.14456	5.1255
-1.48216	0.859686	5.1462	5.12583
-1.49168	0.852786	5.14587	5.12682
-1.49135	0.853115	5.14555	5.12616
-1.48413	0.859686	5.14423	5.1255
-1.48807	0.857057	5.14127	5.12419
-1.48117	0.870199	5.14127	5.12386
-1.4815	0.866914	5.14292	5.12419
-1.48445	0.868228	5.14456	5.12485
-1.48544	0.866257	5.1439	5.12386
-1.49037	0.861657	5.14259	5.12386
-1.4838	0.868885	5.13996	5.12616
-1.48347	0.864614	5.14095	5.12813
-1.48511	0.868228	5.14357	5.12846
-1.48084	0.857057	5.14587	5.12879
-1.48478	0.848187	5.14785	5.1278
-1.48511	0.843259	5.14653	5.12748
-1.48675	0.847201	5.14423	5.12715
-1.48445	0.848515	5.14423	5.12748
-1.47986	0.850487	5.1462	5.1278
-1.47328	0.852129	5.14423	5.12616
-1.47624	0.845558	5.14292	5.12255
-1.47098	0.852129	5.14127	5.12156
-1.45949	0.853115	5.14193	5.12386
-1.45981	0.849172	5.14259	5.12518
-1.46639	0.849172	5.14325	5.12616
-1.47066	0.851144	5.14357	5.12715
-1.46639	0.866257	5.14456	5.12748
-1.46376	0.870528	5.14522	5.12813
-1.46343	0.871513	5.14522	5.12748
-1.4562	0.886298	5.14423	5.12682
-1.44339	0.889583	5.14226	5.12813
-1.44207	0.891226	5.14127	5.12813
-1.44142	0.88564	5.14226	5.12616
-1.44109	0.900096	5.14259	5.12583
-1.44372	0.895825	5.14325	5.1255
-1.44733	0.888926	5.1439	5.12452
-1.45259	0.886626	5.14456	5.12485
-1.45324	0.880712	5.14062	5.12386
-1.45817	0.878741	5.13832	5.12485
-1.44667	0.889912	5.13996	5.12583
-1.4493	0.878413	5.14259	5.12682
-1.44602	0.890897	5.14423	5.12682
-1.44634	0.893197	5.14555	5.12649
-1.44109	0.888926	5.1462	5.1255
-1.44109	0.881041	5.14423	5.12583
-1.44897	0.867571	5.14095	5.12813
-1.45324	0.859029	5.13832	5.12682
-1.45324	0.866914	5.14029	5.12616
-1.44996	0.869213	5.14423	5.12452
-1.46343	0.870199	5.14423	5.12452
-1.46244	0.87447	5.14259	5.12485
-1.46639	0.868885	5.14127	5.12419
-1.4746	0.86987	5.14259	5.12419
-1.47723	0.862314	5.1439	5.12452
-1.47493	0.871842	5.14325	5.12485
-1.47558	0.882355	5.1439	5.12419
-1.46901	0.895497	5.14456	5.1255
-1.46836	0.89254	5.14522	5.12518
-1.46704	0.895168	5.14456	5.12452
-1.46376	0.894183	5.14292	5.1255
-1.46014	0.900096	5.14357	5.1255
-1.4585	0.90601	5.14522	5.12583
-1.45883	0.899439	5.14522	5.12682
-1.45719	0.891883	5.14555	5.12583
-1.45817	0.896811	5.1462	5.12386
-1.46474	0.891226	5.14555	5.12386
-1.46014	0.895168	5.1439	5.12419
-1.45883	0.890897	5.1439	5.12288
-1.46343	0.882027	5.14357	5.12123
-1.46014	0.88794	5.14259	5.12255
-1.46441	0.884983	5.14095	5.12616
-1.46277	0.885969	5.14226	5.12846
-1.46901	0.875127	5.14423	5.12649
-1.46639	0.870199	5.14489	5.12353
-1.4654	0.866257	5.14456	5.12353
-1.46409	0.861657	5.14325	5.12386
-1.46244	0.8633	5.14193	5.12419
-1.46343	0.852458	5.14062	5.12485
-1.45456	0.859686	5.13963	5.1255
-1.4539	0.856729	5.13996	5.12813
-1.46047	0.852458	5.14292	5.13109
-1.4631	0.843916	5.14587	5.1301
-1.46179	0.843587	5.14752	5.12748
-1.45916	0.852786	5.14686	5.12616
-1.4516	0.850487	5.14423	5.12616
-1.44602	0.854101	5.1416	5.12518
-1.4447	0.854758	5.14062	5.12485
-1.44864	0.864285	5.14292	5.12419
-1.44339	0.859686	5.14522	5.12485
-1.43977	0.850158	5.14522	5.12616
-1.4424	0.854429	5.14719	5.12616
-1.44043	0.864285	5.14587	5.12583
-1.44503	0.857057	5.1439	5.12518
-1.4378	0.856072	5.1416	5.1255
-1.4447	0.859357	5.14062	5.12682
-1.44996	0.864942	5.14226	5.12682
-1.44437	0.876441	5.1439	5.12583
-1.44602	0.890897	5.14259	5.12518
-1.44174	0.888926	5.14029	5.1255
-1.44634	0.892868	5.13897	5.12583
-1.45259	0.893197	5.14029	5.12682
-1.44766	0.895825	5.1416	5.12682
-1.45324	0.898454	5.14456	5.12682
-1.46047	0.893197	5.14522	5.12452
-1.46211	0.890569	5.14423	5.12353
-1.46737	0.882684	5.14456	5.1232
-1.47	0.874142	5.14489	5.12452
-1.4769	0.873813	5.14423	5.1255
-1.47953	0.870856	5.14522	5.1255
-1.47953	0.868228	5.14555	5.12485
-1.48347	0.866257	5.14423	5.12419
-1.48511	0.865599	5.1439	5.12255
-1.47953	0.866914	5.14423	5.12386
-1.48018	0.864942	5.14325	5.12386
-1.47394	0.867899	5.14193	5.12386
-1.46868	0.876113	5.14292	5.12616
-1.46014	0.868885	5.14555	5.12682
-1.44667	0.880055	5.14817	5.12649
-1.44733	0.881369	5.14686	5.1255
-1.44142	0.889583	5.14489	5.1255
-1.43977	0.890569	5.14423	5.1255
-1.4493	0.880712	5.14423	5.12616
-1.43715	0.890897	5.14325	5.12616
-1.44142	0.895168	5.14292	5.12715
-1.44076	0.896154	5.14292	5.12748
-1.44142	0.885312	5.14226	5.12616
-1.44536	0.875456	5.14423	5.12748
-1.44766	0.865928	5.14423	5.12977
-1.45062	0.851144	5.14522	5.12977
-1.45094	0.844573	5.1462	5.12813
-1.45357	0.850815	5.14555	5.12715
-1.4562	0.841616	5.1439	5.12518
-1.45423	0.847858	5.14357	5.12616
-1.46179	0.851144	5.1439	5.12846
-1.46113	0.861986	5.14357	5.12977
-1.45784	0.863628	5.14357	5.12945
-1.46376	0.865928	5.14357	5.12748
-1.46376	0.866914	5.14226	5.12583
-1.45554	0.863957	5.14193	5.1255
-1.44996	0.868228	5.14259	5.12583
-1.44306	0.869213	5.14226	5.12649
-1.4332	0.868556	5.14357	5.12682
-1.42663	0.878741	5.14357	5.12583
-1.4286	0.875456	5.14292	5.12518
-1.42696	0.882027	5.14325	5.12583
-1.42795	0.882355	5.14325	5.12386
-1.43353	0.893854	5.14325	5.12452
-1.42992	0.896154	5.1462	5.12616
-1.43057	0.901739	5.14489	5.1255
-1.4286	0.903382	5.14357	5.12518
-1.41908	0.916195	5.14292	5.12485
-1.424	0.918495	5.14423	5.1255
-1.42565	0.911924	5.1439	5.12649
-1.4286	0.911267	5.14292	5.12748
-1.43353	0.911595	5.14259	5.12715
-1.43682	0.903053	5.14423	5.12846
-1.43846	0.899439	5.14325	5.12715
-1.43386	0.903382	5.14325	5.12518
-1.43189	0.909624	5.14292	5.1232
-1.42795	0.91948	5.14325	5.12485
-1.43419	0.91948	5.1439	5.12682
-1.43846	0.91948	5.14357	5.1278
-1.43912	0.91718	5.14522	5.12682
-1.43057	0.928022	5.14522	5.1278
-1.43879	0.922766	5.14522	5.12748
-1.44306	0.912581	5.14522	5.12583
-1.44273	0.906996	5.14522	5.12386
-1.43583	0.907981	5.14489	5.1255
-1.44273	0.902396	5.14423	5.12813
-1.45062	0.897797	5.14226	5.12748
-1.44799	0.899768	5.14292	5.12616
-1.44799	0.900096	5.14292	5.12485
-1.44569	0.905682	5.14193	5.12386
-1.44207	0.903382	5.14062	5.12518
-1.45193	0.893197	5.14062	5.12682
-1.46441	0.894183	5.14062	5.12682
-1.46474	0.888926	5.14226	5.12616
-1.46376	0.892868	5.14292	5.12616
-1.46441	0.889583	5.14226	5.12616
-1.46967	0.888269	5.1416	5.12485
-1.47427	0.886955	5.14325	5.12518
-1.46967	0.888597	5.1439	5.12452
-1.45686	0.90601	5.14423	5.12518
-1.45784	0.911595	5.14292	5.12518
-1.4516	0.916852	5.1439	5.12452
-1.45751	0.906667	5.14423	5.12419
-1.45817	0.906996	5.14357	5.12419
-1.45291	0.915538	5.14095	5.12353
-1.44733	0.929337	5.14062	5.12518
-1.45127	0.929008	5.14193	5.12649
-1.44602	0.927037	5.14226	5.12583
-1.44142	0.936236	5.1439	5.12419
-1.43912	0.93755	5.14522	5.12255
-1.43944	0.934265	5.14555	5.12452
-1.44404	0.932293	5.14555	5.12748
-1.44142	0.923751	5.14555	5.12813
-1.43944	0.931636	5.14555	5.12682
-1.44372	0.930979	5.14587	5.12583
-1.44404	0.928351	5.14653	5.12485
-1.44536	0.929994	5.14555	5.12452
-1.44404	0.924408	5.14259	5.12419
-1.44306	0.925394	5.1416	5.12518
-1.44076	0.928679	5.14325	5.12682
-1.43156	0.94215	5.14522	5.12616
-1.42959	0.944778	5.14489	5.12485
-1.42729	0.939521	5.14357	5.12518
-1.42367	0.936893	5.1416	5.12616
-1.42893	0.933936	5.1416	5.1255
-1.4263	0.924408	5.14127	5.12682
-1.4263	0.929665	5.14226	5.12682
-1.42762	0.928022	5.14456	5.12616
-1.42959	0.927365	5.1462	5.1255
-1.42696	0.931308	5.14522	5.12518
-1.41908	0.934593	5.14456	5.12583
-1.42138	0.93755	5.1439	5.12583
-1.424	0.934922	5.14423	5.12583
-1.4171	0.928351	5.1439	5.12353
-1.41743	0.930651	5.14226	5.12452
-1.4148	0.930322	5.14127	5.12583
-1.41612	0.93525	5.14029	5.12518
-1.4125	0.946421	5.14029	5.12616
-1.41973	0.944121	5.1416	5.12813
-1.42236	0.949049	5.14292	5.1278
-1.42006	0.953649	5.14325	5.12748
-1.4286	0.945764	5.14456	5.12649
-1.42893	0.948063	5.14587	5.12518
-1.43025	0.941164	5.14522	5.12649
-1.42992	0.948392	5.14357	5.12879
-1.44043	0.944121	5.14292	5.13076
-1.44667	0.943792	5.14292	5.1301
-1.44207	0.950035	5.1439	5.12813
-1.44996	0.941493	5.14325	5.12682
-1.44076	0.953649	5.14292	5.12715
-1.43057	0.949378	5.14423	5.12682
-1.42532	0.949049	5.14686	5.12583
-1.42203	0.946421	5.14719	5.12715
-1.42893	0.945435	5.14456	5.12649
-1.43912	0.938864	5.14259	5.12485
-1.44569	0.930651	5.14127	5.12518
-1.44733	0.924737	5.14127	5.12649
-1.4447	0.922109	5.1416	5.1278
-1.44569	0.926051	5.14226	5.1278
-1.44306	0.923751	5.14193	5.12616
-1.44043	0.931965	5.1416	5.1255
-1.43977	0.939521	5.14325	5.12583
-1.43255	0.943135	5.14357	5.12452
-1.44043	0.936564	5.14357	5.1255
-1.44207	0.934593	5.1439	5.12682
-1.43189	0.941821	5.14357	5.12649
-1.43747	0.931636	5.14357	5.1255
-1.43846	0.925723	5.14489	5.12419
-1.44372	0.911595	5.14653	5.12452
-1.44273	0.905353	5.14587	5.12485
-1.4424	0.90831	5.14456	5.12485
-1.44897	0.90141	5.14259	5.12419
-1.45226	0.891554	5.14062	5.12419
-1.46671	0.876113	5.14062	5.1255
-1.47394	0.870199	5.14259	5.1255
-1.47887	0.864285	5.14555	5.12452
-1.48018	0.869542	5.14555	5.12452
-1.47854	0.861986	5.14522	5.12485
-1.47296	0.8633	5.1439	5.12748
-1.46836	0.867242	5.14325	5.12813
-1.47526	0.854758	5.14456	5.12649
-1.4677	0.863628	5.14423	5.12583
-1.47427	0.860343	5.14292	5.12518
-1.47033	0.868885	5.14226	5.1255
-1.46836	0.876441	5.14226	5.12682
-1.48183	0.870528	5.1416	5.12583
-1.4838	0.878084	5.14292	5.12353
-1.49037	0.873156	5.14522	5.12386
-1.49103	0.877427	5.14785	5.1255
-1.49628	0.865928	5.14883	5.12748
-1.49431	0.866914	5.14555	5.12813
-1.49201	0.880712	5.14423	5.12846
-1.4884	0.889912	5.14259	5.12846
-1.48873	0.890897	5.14259	5.12977
-1.49037	0.880712	5.14259	5.12977
-1.49103	0.876441	5.14292	5.12649
-1.50022	0.869542	5.14423	5.1232
-1.49431	0.878741	5.14456	5.12288
-1.49924	0.87217	5.14357	5.12419
-1.50121	0.873484	5.14259	5.12715
-1.49924	0.873156	5.14292	5.12715
-1.50121	0.873813	5.14456	5.12682
-1.50187	0.864285	5.14489	5.12682
-1.50712	0.8564	5.14357	5.12649
-1.51172	0.853115	5.1416	5.12485
-1.51304	0.847201	5.1393	5.12452
-1.51107	0.844901	5.13963	5.12583
-1.51074	0.842602	5.14127	5.12616
-1.50252	0.848515	5.14259	5.12649
-1.50318	0.846544	5.14522	5.1255
-1.50055	0.853115	5.14555	5.12583
-1.4953	0.857386	5.14489	5.12649
-1.48971	0.869542	5.14325	5.12748
-1.47756	0.878413	5.14325	5.1278
-1.47591	0.886955	5.1439	5.12682
-1.46211	0.90141	5.14522	5.12583
-1.45554	0.90601	5.14456	5.12583
-1.45259	0.911267	5.14423	5.12616
-1.4493	0.912581	5.14456	5.12518
-1.45062	0.905353	5.14423	5.12518
-1.44766	0.906339	5.14357	5.12452
-1.44043	0.911924	5.14357	5.12419
-1.4309	0.925394	5.14522	5.12485
-1.43025	0.933608	5.14489	5.12518
-1.42532	0.942807	5.14456	5.1255
-1.41283	0.942807	5.14259	5.1255
-1.40725	0.943792	5.14029	5.1255
-1.40528	0.954634	5.13963	5.12616
-1.40035	0.961534	5.1416	5.12518
-1.39903	0.95562	5.14325	5.12518
-1.39838	0.95562	5.14423	5.12583
-1.40593	0.958248	5.14555	5.12583
-1.41185	0.952992	5.14423	5.12353
-1.40988	0.958248	5.14325	5.1232
-1.40462	0.956605	5.14127	5.12485
-1.4079	0.947406	5.13996	5.12682
-1.40265	0.949049	5.1416	5.12912
-1.39378	0.958248	5.1439	5.12846
-1.39805	0.948063	5.14357	5.12682
-1.39608	0.947078	5.14292	5.12583
-1.39378	0.940178	5.14193	5.12846
-1.38688	0.952334	5.14259	5.12846
-1.38589	0.96449	5.14456	5.12748
-1.38918	0.958577	5.1462	5.12879
-1.39411	0.95562	5.14719	5.12813
-1.39772	0.950692	5.1462	5.12715
-1.39969	0.946421	5.14522	5.12682
-1.40298	0.936893	5.14325	5.12682
-1.40889	0.934593	5.14062	5.12748
-1.40955	0.947406	5.1393	5.12682
-1.4079	0.946749	5.1416	5.12649
-1.41119	0.949706	5.14259	5.12485
-1.41513	0.945107	5.14357	5.12452
-1.41908	0.945107	5.14423	5.12485
-1.41776	0.949706	5.14555	5.1255
-1.41645	0.947078	5.14587	5.1255
-1.42203	0.940178	5.14456	5.12748
-1.42335	0.954306	5.14456	5.12945
-1.4263	0.947078	5.14456	5.12813
-1.42466	0.947406	5.14423	5.12682
-1.41809	0.956277	5.14522	5.1278
-1.42499	0.953649	5.14423	5.12715
-1.42597	0.945764	5.14193	5.1278
-1.42893	0.944121	5.13996	5.12846
-1.43616	0.937222	5.14193	5.1278
-1.4378	0.945764	5.1439	5.12518
-1.44437	0.933936	5.14522	5.1255
-1.44174	0.934922	5.14456	5.12748
-1.4378	0.940178	5.14226	5.12748
-1.4401	0.933936	5.14062	5.12748
-1.44372	0.919809	5.14226	5.12616
-1.44142	0.914881	5.14456	5.12452
-1.4378	0.920794	5.1462	5.1232
-1.4355	0.91948	5.14522	5.12288
-1.4286	0.926051	5.14292	5.1232
-1.42433	0.92638	5.14127	5.12485
-1.42367	0.928022	5.14062	5.12715
-1.42236	0.926051	5.14193	5.12748
-1.42367	0.931965	5.14357	5.1255
-1.42236	0.924737	5.1439	5.12353
-1.41612	0.936236	5.14357	5.1232
-1.41086	0.947406	5.14357	5.1255
-1.40988	0.948392	5.14357	5.12649
-1.40232	0.959562	5.14325	5.1255
-1.40396	0.959234	5.14292	5.1255
-1.40692	0.95792	5.14226	5.12452
-1.40823	0.962848	5.1416	5.12452
-1.40133	0.975661	5.14029	5.12419
-1.39838	0.97369	5.13996	5.12518
-1.41645	0.964819	5.14226	5.12682
-1.4171	0.962848	5.1439	5.12813
-1.42203	0.958905	5.14423	5.12682
-1.4217	0.954306	5.14489	5.12649
-1.4263	0.947078	5.14423	5.12682
-1.42433	0.945764	5.14357	5.1255
-1.43747	0.943792	5.14325	5.12485
-1.42827	0.945764	5.1439	5.12616
-1.42105	0.954306	5.14522	5.12583
-1.41776	0.952992	5.14522	5.12485
-1.42269	0.954306	5.14456	5.12452
-1.4332	0.949378	5.1416	5.1255
-1.43879	0.938536	5.13996	5.12616
-1.44043	0.941493	5.14095	5.12518
-1.44043	0.934593	5.14259	5.12386
-1.44372	0.932293	5.14423	5.12222
-1.43353	0.932293	5.14719	5.12288
-1.43846	0.929337	5.14587	5.12386
-1.44503	0.930322	5.14423	5.12616
-1.43682	0.931965	5.14259	5.12715
-1.44273	0.928351	5.14193	5.12485
-1.43616	0.935907	5.14325	5.1232
-1.44404	0.921452	5.14489	5.12386
-1.44667	0.91718	5.14489	5.12452
-1.4493	0.911267	5.14357	5.12583
-1.45949	0.894511	5.14259	5.1255
-1.46277	0.904367	5.14292	5.12419
-1.46934	0.897468	5.14226	5.12583
-1.47197	0.894511	5.14193	5.12649
-1.48577	0.888926	5.14193	5.12485
-1.48413	0.889912	5.14292	5.12353
-1.48347	0.90141	5.14423	5.12386
-1.4861	0.898782	5.14357	5.12353
-1.48905	0.899111	5.14325	5.12386
-1.49168	0.905353	5.1439	5.12518
-1.48774	0.900096	5.14292	5.12748
-1.4884	0.90831	5.14357	5.12748
-1.48314	0.904696	5.14456	5.12452
-1.48314	0.913238	5.14489	5.12189
-1.48347	0.912581	5.14325	5.12353
-1.48807	0.906667	5.1416	5.1255
-1.48675	0.90831	5.14095	5.1255
-1.48544	0.904039	5.14259	5.12518
-1.48905	0.887283	5.14292	5.1255
-1.48774	0.889912	5.14357	5.12649
-1.48347	0.884983	5.1439	5.12813
-1.48314	0.88564	5.1439	5.12912
-1.48708	0.878084	5.1416	5.13043
-1.4976	0.863957	5.13963	5.13207
-1.49661	0.849829	5.14095	5.13175
-1.50384	0.850158	5.14423	5.13043
-1.50121	0.838002	5.14489	5.12715
-1.50154	0.821246	5.14226	5.12583
-1.51238	0.81139	5.1416	5.12583
-1.51107	0.814347	5.14062	5.12616
-1.52257	0.805148	5.14226	5.12518
-1.52224	0.815661	5.14489	5.12485
-1.51895	0.820918	5.14489	5.12452
-1.51829	0.820918	5.14226	5.12649
-1.51665	0.828803	5.14029	5.12846
-1.52158	0.82716	5.14095	5.12846
-1.51172	0.828803	5.14259	5.1278
-1.50844	0.835045	5.14259	5.12649
-1.49727	0.840302	5.14357	5.12452
-1.49595	0.845887	5.14587	5.1232
-1.49004	0.845887	5.14653	5.12485
-1.49793	0.839645	5.14587	5.1255
-1.49661	0.84063	5.14423	5.1255
-1.48741	0.848515	5.14357	5.1278
-1.48971	0.838988	5.14357	5.12813
-1.48807	0.840959	5.1439	5.1255
-1.4861	0.852458	5.14292	5.12616
-1.47953	0.846873	5.14193	5.12879
-1.47887	0.8564	5.14127	5.12813
-1.47394	0.856729	5.14062	5.12682
-1.47821	0.859357	5.14095	5.12583
-1.48314	0.857057	5.14292	5.12452
-1.48511	0.860343	5.14587	5.12419
-1.4815	0.859357	5.14456	5.12419
-1.48117	0.861328	5.14226	5.12485
-1.47821	0.865599	5.14292	5.12649
-1.47756	0.874142	5.14259	5.12879
-1.47788	0.874799	5.14292	5.12912
-1.46507	0.884983	5.14259	5.12715
-1.46244	0.885312	5.1439	5.12583
-1.45554	0.903053	5.1439	5.12583
-1.44536	0.912252	5.14423	5.12715
-1.43123	0.926708	5.1439	5.12649
-1.42597	0.921123	5.14489	5.12682
-1.41973	0.927694	5.14489	5.1278
-1.40955	0.934922	5.14522	5.1278
-1.40593	0.940178	5.14555	5.1255
-1.39542	0.952992	5.14456	5.12419
-1.38294	0.959891	5.14292	5.12452
-1.38294	0.958905	5.14292	5.12452
-1.37045	0.972704	5.1439	5.1255
-1.37275	0.975004	5.14259	5.12518
-1.37045	0.978946	5.14259	5.12518
-1.36914	0.986831	5.14226	5.12485
-1.35632	0.994388	5.1439	5.12419
-1.35994	0.988803	5.14325	5.12485
-1.36092	0.993074	5.14292	5.12452
-1.36191	1.00096	5.14127	5.1255
-1.36224	1.01016	5.1416	5.12518
-1.35994	1.00983	5.14423	5.1255
-1.36618	1.00227	5.14489	5.1255
-1.36257	0.999644	5.14325	5.12452
-1.36191	1.00162	5.1416	5.12485
-1.37045	1.00162	5.14127	5.12583
-1.36749	1.0003	5.1416	5.1255
-1.36782	0.984203	5.14226	5.12518
-1.37998	0.973033	5.14226	5.12485
-1.39443	0.975661	5.14226	5.12518
-1.38885	0.97139	5.1416	5.1255
-1.38852	0.976975	5.14193	5.12485
-1.39115	0.978946	5.14292	5.12452
-1.39016	0.978289	5.14423	5.12485
-1.38261	0.991759	5.14522	5.12452
-1.38951	0.993402	5.14522	5.12518
-1.39213	0.985517	5.14423	5.12452
-1.40133	0.978289	5.14423	5.12386
-1.4102	0.968104	5.14456	5.12386
-1.4102	0.961534	5.14423	5.12419
-1.41809	0.958905	5.14423	5.12583
-1.42499	0.954306	5.14587	5.12715
-1.42532	0.950692	5.14752	5.12715
-1.43025	0.945435	5.1462	5.12616
-1.4332	0.944121	5.14325	5.12682
-1.43517	0.945107	5.13963	5.12616
-1.43977	0.946421	5.14095	5.12518
-1.43682	0.947406	5.14522	5.12419
-1.43649	0.950035	5.1462	5.12222
-1.43846	0.946092	5.14653	5.1232
-1.44634	0.940835	5.1462	5.12583
-1.4493	0.934922	5.14423	5.12649
-1.44437	0.935907	5.1439	5.1255
-1.44174	0.937222	5.14357	5.12353
-1.44306	0.932622	5.14456	5.12353
-1.44799	0.923094	5.14587	5.12748
-1.447	0.932293	5.14522	5.12879
-1.45193	0.928679	5.1439	5.12748
-1.44602	0.929337	5.14095	5.12748
-1.45127	0.930322	5.14029	5.1278
-1.45489	0.924737	5.14193	5.12748
-1.4585	0.912581	5.14325	5.12649
-1.46639	0.899768	5.14555	5.12682
-1.46409	0.89254	5.14357	5.12616
-1.46967	0.891883	5.14029	5.12616
-1.47164	0.889912	5.13832	5.12452
-1.46474	0.89254	5.13996	5.12452
-1.46573	0.891883	5.14029	5.12616
-1.46014	0.894511	5.14193	5.12748
-1.46934	0.885969	5.14325	5.12813
-1.4631	0.892868	5.14456	5.12748
-1.46507	0.892211	5.14423	5.12649
-1.47624	0.884326	5.14325	5.12682
-1.47953	0.882027	5.14325	5.12813
-1.47756	0.871842	5.14357	5.12813
-1.47887	0.882684	5.1439	5.12616
-1.47756	0.889912	5.14357	5.12485
-1.48281	0.881041	5.14325	5.12353
-1.48445	0.878084	5.14325	5.12255
-1.4792	0.876113	5.14357	5.12255
-1.48216	0.865599	5.14292	5.12353
-1.47854	0.870528	5.14325	5.12452
-1.493	0.8587	5.14522	5.12419
-1.48873	0.865599	5.14719	5.12353
-1.49333	0.867242	5.14653	5.12353
-1.49365	0.872827	5.14522	5.12616
-1.50121	0.868885	5.14226	5.12846
-1.50482	0.86987	5.14095	5.1278
-1.50515	0.869542	5.1416	5.12583
-1.5114	0.860671	5.14423	5.12616
-1.51665	0.856729	5.14686	5.12583
-1.52585	0.841616	5.14785	5.1255
-1.53078	0.837016	5.14653	5.12386
-1.52914	0.837673	5.14555	5.1232
-1.53341	0.831431	5.14489	5.12419
-1.53439	0.825189	5.14555	5.12583
-1.53242	0.828474	5.14555	5.12616
-1.53636	0.824532	5.1439	5.12419
-1.53702	0.82946	5.14259	5.12255
-1.53275	0.833731	5.14095	5.12419
-1.53702	0.83176	5.14062	5.12452
-1.54425	0.826174	5.14357	5.12485
-1.53932	0.832745	5.14489	5.12518
-1.54228	0.824203	5.1439	5.12485
-1.53932	0.824203	5.14226	5.1255
-1.53801	0.822561	5.1416	5.12616
-1.53604	0.821903	5.14193	5.1255
-1.53834	0.819275	5.14259	5.12583
-1.53998	0.819932	5.14259	5.12748
-1.54096	0.817632	5.14292	5.12616
-1.54096	0.809747	5.1439	5.12419
-1.53636	0.815333	5.1439	5.12419
-1.53604	0.818618	5.14259	5.12288
-1.53374	0.816975	5.14062	5.12255
-1.53538	0.815004	5.14127	5.12518
-1.53604	0.811719	5.14193	5.12682
-1.52979	0.816975	5.1439	5.1278
-1.52125	0.833074	5.14555	5.12879
-1.51862	0.836359	5.14456	5.1255
-1.51337	0.848515	5.14062	5.12189
-1.51534	0.843916	5.13963	5.12189
-1.51435	0.848515	5.14193	5.12419
-1.50877	0.850815	5.14489	5.12616
-1.50614	0.859686	5.14522	5.12748
-1.50154	0.867242	5.1439	5.1278
-1.50088	0.858372	5.14259	5.12682
-1.50022	0.862643	5.14226	5.1255
-1.49431	0.864285	5.14357	5.1232
-1.48577	0.87217	5.14423	5.12419
-1.47657	0.873156	5.14522	5.12616
-1.47788	0.876441	5.14456	5.1255
-1.4746	0.881698	5.14423	5.12419
-1.47788	0.880055	5.14193	5.12288
-1.47033	0.885969	5.13897	5.12288
-1.47756	0.878084	5.14029	5.12583
-1.46343	0.902068	5.14325	5.12748
-1.4585	0.899768	5.14555	5.12682
-1.45554	0.907324	5.14522	5.12583
-1.4424	0.919152	5.14423	5.12419
-1.43846	0.934922	5.1439	5.12386
-1.4309	0.933936	5.14456	5.12616
-1.44142	0.928022	5.14292	5.12813
-1.43879	0.91948	5.14325	5.12813
-1.42926	0.931965	5.14522	5.12715
-1.43485	0.933279	5.14522	5.12518
-1.4378	0.930979	5.14456	5.12452
-1.43944	0.928679	5.14325	5.12452
-1.44043	0.933608	5.14095	5.12649
-1.44109	0.927694	5.14062	5.1278
-1.43944	0.941164	5.14456	5.12912
-1.44043	0.93755	5.14752	5.12879
-1.44339	0.935907	5.14653	5.1278
-1.45226	0.927037	5.14522	5.12682
-1.4493	0.928679	5.1439	5.12649
-1.447	0.933279	5.14357	5.12649
-1.44043	0.942478	5.14259	5.1278
-1.44174	0.947735	5.14095	5.12583
-1.43879	0.941493	5.14127	5.12288
-1.44043	0.931965	5.1416	5.12222
-1.44634	0.926708	5.14029	5.12583
-1.44832	0.931636	5.13963	5.1278
-1.45193	0.921452	5.13996	5.13109
-1.44602	0.931965	5.14127	5.13043
-1.4424	0.944778	5.14325	5.12813
-1.43649	0.945107	5.1439	5.12419
-1.44372	0.936236	5.14489	5.12386
-1.44273	0.941164	5.14456	5.12583
-1.44667	0.931965	5.1439	5.1278
-1.45094	0.934922	5.14325	5.12748
-1.4401	0.946421	5.14259	5.12616
-1.43189	0.953977	5.14456	5.12583
-1.42959	0.95102	5.14719	5.12518
-1.42827	0.949378	5.14719	5.12485
-1.42302	0.939193	5.14522	5.12616
-1.41908	0.944778	5.14325	5.12682
-1.41743	0.936236	5.14423	5.12945
-1.41152	0.936893	5.14555	5.12879
-1.41809	0.93295	5.14456	5.1255
-1.41546	0.93985	5.14489	5.12123
-1.40922	0.947406	5.14653	5.12025
-1.40889	0.954306	5.14752	5.12255
-1.40495	0.965476	5.14555	5.12649
-1.39312	0.977961	5.14193	5.12813
-1.38852	0.973033	5.14127	5.1278
-1.38951	0.97369	5.14259	5.12715
-1.38162	0.974018	5.14489	5.12419
-1.38162	0.968762	5.14522	5.12353
-1.38228	0.973361	5.14456	5.12715
-1.38524	0.967447	5.14325	5.12945
-1.38556	0.972047	5.14193	5.12945
-1.39739	0.968433	5.14226	5.1278
-1.39246	0.970076	5.14357	5.12682
-1.40495	0.965476	5.1439	5.12616
-1.40495	0.959891	5.14423	5.12682
-1.40856	0.954634	5.14423	5.12715
-1.41152	0.949706	5.14226	5.1278
-1.41382	0.938207	5.13963	5.1278
-1.40955	0.941493	5.1416	5.12583
-1.40068	0.946421	5.14456	5.12386
-1.39443	0.954634	5.14587	5.1255
-1.40823	0.945764	5.1462	5.12419
-1.41185	0.949378	5.14357	5.12353
-1.41513	0.939521	5.14127	5.12649
-1.42105	0.935579	5.14127	5.1278
-1.4286	0.932622	5.14292	5.12715
-1.43123	0.929994	5.14587	5.1255
-1.43715	0.927037	5.1462	5.12583
-1.43287	0.930979	5.1462	5.12649
-1.4378	0.924408	5.14357	5.1255
-1.44437	0.918495	5.14095	5.12353
-1.44339	0.926051	5.14062	5.12419
-1.45291	0.911267	5.14357	5.12616
-1.45883	0.908967	5.14752	5.12583
-1.45686	0.911595	5.1485	5.12485
-1.45719	0.915209	5.14587	5.12583
-1.45587	0.911267	5.14226	5.12583
-1.46014	0.904696	5.14095	5.12682
-1.46277	0.907324	5.14292	5.12616
-1.46014	0.913895	5.14522	5.12452
-1.45423	0.919809	5.14423	5.12288
-1.44963	0.917838	5.14292	5.12288
-1.44963	0.914552	5.14226	5.12419
-1.46244	0.901082	5.1416	5.1255
-1.45554	0.903382	5.14095	5.12452
-1.4539	0.906996	5.14127	5.12189
-1.45981	0.900753	5.14226	5.12058
-1.45981	0.902396	5.14357	5.12156
-1.45193	0.897139	5.14522	5.12189
-1.44996	0.903382	5.14587	5.12386
-1.43977	0.912581	5.14489	5.12452
-1.44109	0.90831	5.14226	5.12386
-1.45094	0.900753	5.14127	5.12419
-1.44273	0.902068	5.14259	5.12518
-1.43123	0.904696	5.14522	5.12518
-1.4263	0.91061	5.14456	5.12452
-1.42762	0.902396	5.14259	5.12485
-1.42827	0.903382	5.14259	5.12583
-1.44142	0.900096	5.1416	5.12715
-1.44372	0.893854	5.1416	5.12616
-1.44404	0.89484	5.1416	5.12616
-1.45127	0.896154	5.13963	5.12616
-1.45029	0.899111	5.13963	5.12715
-1.44602	0.896482	5.1393	5.12748
-1.44799	0.898782	5.14095	5.12715
-1.45653	0.885969	5.14292	5.12715
-1.45489	0.888269	5.14292	5.12518
-1.46441	0.885969	5.14522	5.12485
-1.45686	0.883998	5.14555	5.12649
-1.45456	0.88794	5.14325	5.1278
-1.4585	0.89024	5.14127	5.1278
-1.46343	0.884983	5.14095	5.12583
-1.46737	0.882355	5.14095	5.12518
-1.47	0.883341	5.14325	5.12419
-1.46836	0.896482	5.14522	5.12255
-1.47526	0.889583	5.14489	5.12156
-1.47788	0.894183	5.14193	5.1232
-1.47723	0.893197	5.14029	5.12452
-1.48183	0.88564	5.1416	5.12616
-1.48905	0.878741	5.14193	5.12583
-1.49563	0.875456	5.14193	5.12419
-1.49694	0.883012	5.14193	5.12452
-1.49234	0.891226	5.14259	5.12518
-1.49464	0.894183	5.14325	5.12518
-1.50318	0.886955	5.1439	5.1278
-1.50811	0.880384	5.14456	5.1278
-1.51008	0.87447	5.14587	5.12682
-1.50745	0.868556	5.1462	5.12616
-1.50942	0.865271	5.14587	5.12616
-1.50877	0.87217	5.14423	5.12682
-1.50482	0.882355	5.14292	5.12846
-1.5068	0.883998	5.14259	5.1278
-1.50252	0.881369	5.14357	5.12649
-1.48873	0.891883	5.1439	5.12485
-1.48741	0.897139	5.14456	5.12518
-1.48117	0.899768	5.14456	5.12452
-1.4769	0.906667	5.1439	5.12386
-1.47493	0.909624	5.14259	5.12386
-1.47558	0.915866	5.14193	5.12649
-1.48445	0.905682	5.14292	5.12945
-1.48643	0.90831	5.14489	5.12912
-1.4815	0.912252	5.14653	5.12386
-1.47164	0.913895	5.14489	5.1232
-1.45981	0.92638	5.14325	5.12386
-1.45357	0.926708	5.14095	5.1255
-1.44667	0.936564	5.14095	5.12682
-1.43977	0.938207	5.14226	5.12583
-1.4309	0.954306	5.14357	5.12353
-1.4286	0.960548	5.1439	5.12419
-1.42072	0.97139	5.14325	5.12485
-1.41809	0.97139	5.14292	5.12518
-1.41316	0.977632	5.1416	5.12616
-1.41152	0.976975	5.1416	5.12682
-1.40331	0.978289	5.14357	5.12649
-1.40298	0.982889	5.14653	5.12682
-1.39411	0.984203	5.1485	5.12452
-1.38754	0.991102	5.14653	5.12222
-1.39443	0.982889	5.14325	5.12189
-1.38491	0.982232	5.14259	5.12419
-1.38622	0.975989	5.14325	5.12682
-1.38096	0.973033	5.14423	5.12879
-1.38655	0.965805	5.14489	5.12748
-1.38524	0.970404	5.14522	5.12649
-1.38721	0.970404	5.14522	5.12682
-1.39016	0.964162	5.1439	5.12616
-1.40429	0.946749	5.14325	5.12715
-1.40429	0.948063	5.14292	5.1278
-1.40626	0.945435	5.1439	5.1278
-1.41086	0.958248	5.14456	5.12616
-1.4102	0.953977	5.1439	5.1255
-1.42466	0.945764	5.1416	5.12518
-1.43419	0.946092	5.14193	5.12682
-1.44306	0.936893	5.1416	5.1278
-1.44634	0.935907	5.14193	5.12813
-1.45062	0.929008	5.14292	5.12813
-1.46014	0.919152	5.14489	5.12682
-1.46409	0.918166	5.14325	5.1255
-1.47033	0.916523	5.14226	5.12715
-1.47493	0.915538	5.14193	5.12682
-1.47854	0.911267	5.14127	5.12616
-1.47788	0.920794	5.14193	5.12748
-1.4838	0.909295	5.1439	5.12616
-1.47394	0.925065	5.14555	5.12386
-1.4723	0.929994	5.14522	5.12386
-1.47558	0.919152	5.14193	5.12485
-1.47854	0.913567	5.13996	5.1255
-1.48051	0.908638	5.1393	5.12485
-1.4884	0.898125	5.1416	5.12353
-1.48807	0.896811	5.14193	5.12288
-1.49694	0.882355	5.14193	5.12419
-1.49628	0.881369	5.14226	5.12715
-1.49365	0.88564	5.14193	5.12879
-1.49135	0.890569	5.1416	5.12715
-1.49037	0.898125	5.14127	5.12616
-1.48873	0.903053	5.1416	5.1255
-1.49595	0.885969	5.14193	5.1255
-1.49793	0.88794	5.14259	5.1255
-1.4976	0.887283	5.14325	5.1255
-1.49103	0.893197	5.14259	5.12518
-1.493	0.892211	5.14127	5.12518
-1.49497	0.893854	5.1416	5.12649
-1.49563	0.891226	5.14259	5.12813
-1.49563	0.888597	5.1439	5.12682
-1.49267	0.888269	5.14423	5.12649
-1.48873	0.891226	5.14357	5.12715
-1.48938	0.891554	5.14423	5.12879
-1.4861	0.892868	5.14522	5.1301
-1.48938	0.886626	5.14587	5.12846
-1.48445	0.885969	5.14653	5.12682
-1.47657	0.89024	5.14489	5.1255
-1.4769	0.887283	5.14489	5.12419
-1.47066	0.890569	5.14325	5.12419
-1.4677	0.893525	5.1416	5.12682
-1.46211	0.898125	5.1416	5.12682
-1.46244	0.899768	5.14193	5.12353
-1.46113	0.897139	5.14423	5.1209
-1.45751	0.900096	5.14489	5.12288
-1.4585	0.893197	5.14522	5.12583
-1.45226	0.896811	5.1462	5.12715
-1.4539	0.897468	5.14489	5.12715
-1.45127	0.906339	5.14325	5.1255
-1.46474	0.894511	5.1439	5.12452
-1.47131	0.891226	5.14423	5.12288
-1.47723	0.882027	5.14292	5.12419
-1.48051	0.866914	5.1416	5.12616
-1.48216	0.867242	5.1416	5.12485
-1.48905	0.868885	5.1416	5.12353
-1.49037	0.873484	5.14095	5.12419
-1.48807	0.874142	5.1416	5.12419
-1.493	0.869542	5.14357	5.1232
-1.49168	0.876113	5.14555	5.12222
-1.48478	0.887283	5.14489	5.1209
-1.48675	0.890569	5.14325	5.12222
-1.48774	0.891226	5.14292	5.12485
-1.49234	0.88794	5.14292	5.12682
-1.4953	0.890569	5.14325	5.1278
-1.50121	0.888597	5.14423	5.12583
-1.51107	0.877755	5.14456	5.12419
-1.51304	0.883341	5.14555	5.12485
-1.51829	0.872499	5.14456	5.12616
-1.51665	0.871842	5.1439	5.12748
-1.51928	0.868885	5.14456	5.1278
-1.52257	0.863628	5.14489	5.12682
-1.52749	0.848515	5.1439	5.12386
-1.52651	0.843916	5.14423	5.1232
-1.53538	0.832088	5.1439	5.12485
-1.53801	0.830446	5.14292	5.12649
-1.53472	0.830117	5.14292	5.12715
-1.53308	0.833402	5.14292	5.12879
-1.52388	0.844573	5.14456	5.12682
-1.52322	0.847201	5.14653	5.12682
-1.51895	0.847858	5.14653	5.12715
-1.51632	0.853115	5.14686	5.12813
-1.52092	0.835702	5.14653	5.12813
-1.52125	0.827817	5.14522	5.12715
-1.50942	0.844901	5.1439	5.12616
-1.51337	0.846544	5.14423	5.12748
-1.51468	0.843587	5.14292	5.12715
-1.49924	0.864285	5.14193	5.12485
-1.49793	0.862314	5.14193	5.12452
-1.48905	0.864942	5.14292	5.12485
-1.48643	0.872499	5.1439	5.12386
-1.48347	0.871185	5.1439	5.1232
-1.47953	0.875784	5.1439	5.12419
-1.47953	0.862314	5.1439	5.12649
-1.47986	0.860014	5.14489	5.12649
-1.47723	0.859686	5.1439	5.12682
-1.47723	0.855415	5.14226	5.1255
-1.47033	0.862971	5.14357	5.12419
-1.46441	0.867242	5.14423	5.12386
-1.47427	0.864942	5.14555	5.12419
-1.46507	0.872499	5.14423	5.12288
-1.46441	0.880712	5.1416	5.12123
-1.46244	0.871185	5.13996	5.12255
-1.45981	0.87447	5.14062	5.12452
-1.46113	0.878084	5.14292	5.12518
-1.46639	0.876441	5.14357	5.12518
-1.47427	0.870528	5.14325	5.1255
-1.47	0.875456	5.14357	5.12353
-1.46606	0.884326	5.14325	5.12485
-1.46639	0.891226	5.1439	5.12682
-1.46967	0.896482	5.14292	5.12583
-1.47164	0.889912	5.14259	5.12452
-1.47986	0.885969	5.14357	5.12452
-1.47887	0.885312	5.14522	5.12353
-1.48445	0.883341	5.14555	5.12518
-1.48708	0.882684	5.1439	5.12846
-1.48971	0.883998	5.14292	5.13142
-1.48905	0.882684	5.14259	5.13109
-1.49825	0.874799	5.1439	5.12846
-1.4976	0.875456	5.14456	5.12583
-1.50712	0.864285	5.14423	5.12485
-1.51567	0.850158	5.14226	5.12419
-1.51304	0.848844	5.14062	5.12485
-1.51764	0.837345	5.14029	5.12616
-1.51337	0.841944	5.14095	5.12649
-1.50417	0.851801	5.1416	5.12485
-1.50252	0.853443	5.14456	5.12452
-1.50384	0.852458	5.14522	5.12452
-1.50712	0.847201	5.1439	5.1255
-1.50614	0.849829	5.14357	5.12813
-1.50417	0.851801	5.14259	5.1301
-1.5022	0.860671	5.14325	5.12977
-1.49858	0.864942	5.14292	5.12715
-1.48873	0.870856	5.14292	5.12616
-1.4861	0.87907	5.14325	5.12452
-1.48183	0.872827	5.14522	5.12255
-1.47197	0.888597	5.14456	5.12222
-1.46409	0.888597	5.1439	5.12419
-1.46803	0.895825	5.14456	5.12649
-1.46639	0.896482	5.14522	5.12616
-1.46409	0.897139	5.14587	5.1255
-1.45817	0.906996	5.14522	5.1255
-1.45587	0.902396	5.14456	5.1255
-1.45981	0.901739	5.14522	5.12682
-1.46146	0.907324	5.14357	5.12748
-1.45357	0.904039	5.14259	5.12748
-1.4401	0.90831	5.14193	5.1255
-1.44503	0.90601	5.14357	5.12452
-1.44897	0.907653	5.1439	5.12386
-1.43879	0.922109	5.14325	5.12583
-1.43057	0.934265	5.14423	5.12945
-1.42532	0.941164	5.14292	5.12945
-1.42302	0.941164	5.14325	5.12945
-1.42466	0.930651	5.14357	5.1278
-1.41316	0.934922	5.14522	5.12583
-1.4125	0.925065	5.14357	5.1255
-1.40758	0.920137	5.14095	5.12616
-1.40725	0.909624	5.14095	5.12682
-1.39903	0.916195	5.14325	5.12912
-1.39213	0.914881	5.14555	5.12977
-1.38918	0.921452	5.14522	5.12715
-1.39378	0.928351	5.14456	5.12649
-1.40002	0.93295	5.14423	5.12649
-1.40298	0.929337	5.14226	5.12715
-1.40725	0.91948	5.14193	5.12748
-1.41612	0.924408	5.1416	5.12846
-1.41973	0.929337	5.14095	5.12945
-1.42696	0.931308	5.14062	5.12846
-1.43353	0.925065	5.1416	5.12583
-1.4401	0.924737	5.14489	5.12353
-1.44569	0.920794	5.14555	5.12518
-1.44897	0.915866	5.14555	5.12616
-1.44864	0.927037	5.14555	5.12682
-1.45587	0.928679	5.14555	5.12813
-1.4608	0.926708	5.14522	5.1278
-1.46507	0.927365	5.14522	5.12518
-1.46868	0.930651	5.1439	5.12452
-1.46836	0.921123	5.14193	5.12649
-1.4677	0.928022	5.14127	5.12813
-1.47788	0.915866	5.14259	5.12715
-1.48905	0.91061	5.14423	5.12715
-1.48938	0.907324	5.14686	5.1255
-1.49103	0.902725	5.14817	5.12485
-1.49431	0.888597	5.14752	5.12419
-1.49431	0.883341	5.14522	5.12452
-1.5045	0.872499	5.14456	5.1255
-1.50877	0.868885	5.14456	5.12682
-1.50877	0.877755	5.14522	5.12616
-1.50252	0.888926	5.14686	5.12485
-1.50121	0.88794	5.14587	5.1255
-1.50121	0.884655	5.14653	5.12715
-1.50121	0.883341	5.14555	5.12682
-1.49431	0.881041	5.1439	5.12616
-1.48873	0.879398	5.14292	5.12748
-1.48643	0.882027	5.14423	5.12715
-1.48413	0.885969	5.14653	5.1255
-1.47821	0.889254	5.1462	5.12518
-1.47263	0.892868	5.14325	5.12485
-1.47066	0.893197	5.14193	5.1255
-1.45883	0.904367	5.14193	5.12583
-1.44897	0.902396	5.14489	5.12748
-1.45226	0.889912	5.14752	5.12616
-1.4401	0.899768	5.14522	5.12288
-1.43255	0.905024	5.14259	5.12222
-1.42565	0.917838	5.14095	5.12255
-1.41448	0.929665	5.14193	5.12386
-1.40758	0.927037	5.14127	5.12485
-1.39838	0.942807	5.14193	5.12288
-1.39246	0.951677	5.14292	5.12222
-1.38425	0.950363	5.14292	5.12288
-1.38096	0.947078	5.14193	5.12419
-1.38294	0.95562	5.14193	5.12616
-1.38162	0.961534	5.14357	5.12583
-1.37439	0.961205	5.1439	5.12485
-1.37439	0.962191	5.14522	5.12419
-1.37768	0.969419	5.14587	5.12518
-1.38326	0.966462	5.14423	5.12386
-1.38425	0.960548	5.14226	5.12353
-1.38129	0.975332	5.14127	5.12452
-1.39181	0.968104	5.14226	5.12649
-1.39016	0.976647	5.14226	5.12846
-1.39246	0.967776	5.14423	5.12583
-1.39772	0.969747	5.14785	5.12419
-1.39148	0.977632	5.15014	5.12419
-1.38589	0.980918	5.14785	5.12682
-1.39673	0.980918	5.1439	5.12879
-1.40331	0.98486	5.14259	5.13142
-1.40265	0.992745	5.14357	5.13142
-1.40298	0.987488	5.14456	5.12879
-1.40725	0.989131	5.14587	5.12485
-1.39772	0.993731	5.14653	5.12255
-1.39903	0.995373	5.14587	5.12288
-1.40133	0.993731	5.14489	5.1255
-1.40429	0.992745	5.14423	5.12715
-1.4148	0.986174	5.1439	5.12846
-1.42138	0.977961	5.14292	5.12748
-1.424	0.979932	5.14226	5.1255
-1.4286	0.979603	5.14259	5.12452
-1.4332	0.970076	5.14259	5.12452
-1.43846	0.963833	5.14292	5.1232
-1.44076	0.95792	5.14226	5.12288
-1.44306	0.956605	5.14127	5.12419
-1.4401	0.958248	5.14193	5.12485
-1.44306	0.956277	5.1439	5.1255
-1.4424	0.952992	5.14357	5.12353
-1.44043	0.955948	5.14292	5.12288
-1.43419	0.965148	5.14259	5.12353
-1.424	0.977304	5.14226	5.12649
-1.42795	0.978946	5.14259	5.12518
-1.42302	0.982889	5.1439	5.12386
-1.4217	0.987488	5.14555	5.12123
-1.41546	0.991431	5.1439	5.12222
-1.40955	0.995702	5.14259	5.12452
-1.41086	0.991759	5.14226	5.12616
-1.40856	0.985846	5.14292	5.12682
-1.40232	0.996359	5.14259	5.12616
-1.39772	0.989131	5.14259	5.12682
-1.39969	0.981246	5.14226	5.12583
-1.39608	0.974347	5.14292	5.12616
-1.39181	0.985189	5.14292	5.1255
-1.38491	0.98256	5.14226	5.12649
-1.37735	0.980918	5.14226	5.12715
-1.36881	0.98716	5.14292	5.12682
-1.36914	0.985189	5.14522	5.12649
-1.37177	0.972704	5.1462	5.12715
-1.36881	0.969747	5.14522	5.12649
-1.35928	0.971718	5.14357	5.12616
-1.36158	0.972375	5.14357	5.12649
-1.36717	0.975332	5.1439	5.12616
-1.37604	0.975332	5.1439	5.12649
-1.38392	0.972704	5.1439	5.12813
-1.39279	0.971061	5.14325	5.12748
-1.39082	0.974018	5.14127	5.12715
-1.39279	0.974675	5.14095	5.12748
-1.39411	0.964819	5.14292	5.12846
-1.39016	0.967119	5.14522	5.12912
-1.38261	0.968762	5.14456	5.1278
-1.39411	0.968433	5.14259	5.12616
-1.39871	0.966133	5.14325	5.1278
-1.40331	0.959562	5.14555	5.12945
-1.40166	0.963833	5.14522	5.13043
-1.40495	0.963833	5.14522	5.12977
-1.41119	0.962191	5.14555	5.12748
-1.4102	0.963505	5.14653	5.12485
-1.41645	0.96449	5.1462	5.12419
-1.4125	0.964819	5.14587	5.12518
-1.41382	0.967447	5.14489	5.1255
-1.4171	0.966462	5.14325	5.12616
-1.4194	0.956605	5.14325	5.12682
-1.42105	0.950692	5.14357	5.12748
-1.4263	0.948063	5.14423	5.12616
-1.43747	0.94215	5.14489	5.12452
-1.44109	0.93755	5.14653	5.12419
-1.43977	0.935579	5.14653	5.12518
-1.44174	0.936893	5.14587	5.12353
-1.45094	0.933279	5.14587	5.1232
-1.44766	0.936564	5.14653	5.12485
-1.45686	0.927365	5.1462	5.12583
-1.46507	0.912581	5.14489	5.1255
-1.46934	0.907653	5.1439	5.12353
-1.47066	0.906339	5.14522	5.12419
-1.4746	0.907981	5.14653	5.12452
-1.47821	0.904367	5.14522	5.12616
-1.48051	0.90141	5.14325	5.12682
-1.48413	0.902396	5.14259	5.12518
-1.48216	0.905682	5.1416	5.12485
-1.48183	0.893854	5.1416	5.1255
-1.47756	0.888597	5.14062	5.12682
-1.47131	0.89484	5.14095	5.1278
-1.47493	0.886955	5.14226	5.12813
-1.47296	0.889254	5.14325	5.12682
-1.47033	0.887283	5.14555	5.1255
-1.47263	0.882684	5.14456	5.12518
-1.45883	0.895825	5.14259	5.12682
-1.45357	0.895497	5.14193	5.12879
-1.45259	0.897468	5.14357	5.12813
-1.45554	0.891226	5.14357	5.12715
-1.45456	0.893525	5.1439	5.12616
-1.4562	0.894511	5.14489	5.1278
-1.4631	0.895497	5.14325	5.12977
-1.45784	0.898782	5.14029	5.13175
-1.46179	0.900425	5.13865	5.1324
-1.4585	0.910281	5.13963	5.13076
-1.46507	0.904039	5.14095	5.12748
-1.46803	0.896811	5.1439	5.12452
-1.46934	0.890897	5.14522	5.12255
-1.46441	0.893197	5.14423	5.12288
-1.46967	0.890897	5.1439	5.12518
-1.4677	0.895497	5.1439	5.12715
-1.47328	0.895825	5.14357	5.12616
-1.46704	0.900753	5.14127	5.12386
-1.4746	0.896811	5.13996	5.12419
-1.4838	0.884326	5.13832	5.12518
-1.48281	0.887283	5.14029	5.1255
-1.4815	0.872827	5.1439	5.12485
-1.4815	0.87447	5.14555	5.12518
-1.48051	0.877755	5.14489	5.12583
-1.48445	0.862971	5.14456	5.12748
-1.48905	0.848515	5.14587	5.12912
-1.48708	0.864285	5.14587	5.12748
-1.48971	0.861328	5.14456	5.12583
-1.49628	0.864285	5.1439	5.12518
-1.49464	0.860343	5.14555	5.12649
-1.49727	0.8587	5.14686	5.12748
-1.49398	0.867899	5.14719	5.12616
-1.4976	0.868885	5.14555	5.12419
-1.49333	0.871842	5.14226	5.1232
-1.49168	0.877427	5.13963	5.12386
-1.4838	0.893854	5.14029	5.12452
-1.4815	0.898454	5.1416	5.12485
-1.48084	0.905682	5.14193	5.12518
-1.48511	0.906667	5.14226	5.1255
-1.48577	0.905682	5.14292	5.12649
-1.49201	0.892868	5.14193	5.1278
-1.49431	0.890897	5.14127	5.12912
-1.49333	0.884655	5.14226	5.12879
-1.49201	0.884326	5.1416	5.12879
-1.48774	0.891883	5.1416	5.12715
-1.48183	0.900753	5.14325	5.12649
-1.47821	0.893854	5.14226	5.1255
-1.48741	0.889254	5.14226	5.12452
-1.48478	0.891883	5.14127	5.1255
-1.47788	0.888597	5.14127	5.12649
-1.46868	0.901739	5.14226	5.1278
-1.45949	0.915866	5.14325	5.12846
-1.45587	0.909624	5.14456	5.12748
-1.45981	0.902725	5.14456	5.12649
-1.45291	0.911267	5.14259	5.1255
-1.44404	0.912581	5.13963	5.12616
-1.44109	0.915866	5.13897	5.12682
-1.44667	0.912581	5.13963	5.12715
-1.44372	0.907981	5.1416	5.12649
-1.43419	0.917509	5.1416	5.12715
-1.42959	0.920794	5.14226	5.1278
-1.43156	0.913895	5.14357	5.12682
-1.42992	0.918495	5.14522	5.12682
-1.42959	0.91948	5.14489	5.12616
-1.42072	0.931965	5.14522	5.12485
-1.40561	0.94215	5.14456	5.12353
-1.39345	0.94872	5.14357	5.12288
-1.37571	0.959891	5.14259	5.12288
-1.36815	0.956934	5.14127	5.12583
-1.36027	0.955948	5.14127	5.12715
-1.35698	0.965805	5.14127	5.12649
-1.35567	0.969419	5.14193	5.12583
-1.34877	0.982232	5.1439	5.12518
-1.3445	0.98946	5.14522	5.12583
-1.34154	0.994059	5.14357	5.1278
-1.33004	0.995373	5.14226	5.12748
-1.33727	1.00162	5.14127	5.12748
-1.34975	1.00063	5.14127	5.12813
-1.3583	1.00227	5.14226	5.12879
-1.36059	1.00227	5.14292	5.12748
-1.36388	1.00392	5.1439	5.12616
-1.36289	1.00556	5.14259	5.12518
-1.36092	1.00556	5.14095	5.12682
-1.36355	1.01147	5.14095	5.12879
-1.36454	1.00983	5.14193	5.12846
-1.37111	0.998659	5.14325	5.12682
-1.37078	1.00194	5.1439	5.1255
-1.37012	1.00884	5.14259	5.12419
-1.37144	1.01114	5.14095	5.12485
-1.36289	1.00819	5.14095	5.1255
-1.36191	1.01541	5.14193	5.12518
-1.356	1.01509	5.14357	5.12386
-1.35271	1.01739	5.14686	5.12386
-1.35304	1.02527	5.14817	5.12255
-1.35008	1.03151	5.14489	5.12288
-1.34581	1.04794	5.13963	5.12518
-1.34384	1.05484	5.13832	5.12682
-1.34745	1.04597	5.13996	5.12846
-1.34023	1.05123	5.14259	5.12748
-1.34515	1.04958	5.14456	5.12649
-1.3445	1.05254	5.14587	5.12616
-1.33924	1.05648	5.14555	5.12649
-1.34088	1.05714	5.14357	5.12518
-1.35074	1.03578	5.14095	5.12452
-1.35797	1.02724	5.14062	5.12583
-1.35304	1.02527	5.14226	5.12682
-1.36388	1.00687	5.14226	5.12715
-1.36355	1.0049	5.1416	5.12616
-1.37439	0.98946	5.1416	5.12419
-1.38524	0.972047	5.14127	5.1255
-1.38129	0.961862	5.14226	5.12715
-1.37407	0.963833	5.14423	5.1278
-1.37308	0.962519	5.14522	5.12715
-1.38326	0.952006	5.1462	5.12682
-1.37801	0.957263	5.1462	5.12583
-1.37801	0.958577	5.14522	5.12649
-1.38359	0.954306	5.14193	5.12682
-1.38786	0.956605	5.1393	5.1278
-1.38721	0.954634	5.14062	5.12846
-1.38294	0.953977	5.14292	5.12748
-1.37735	0.960548	5.14325	5.12682
-1.38754	0.94215	5.14292	5.1278
-1.39476	0.938207	5.14193	5.12912
-1.39476	0.935907	5.1416	5.12945
-1.39049	0.948392	5.14325	5.12977
-1.38852	0.952006	5.14489	5.12715
-1.39148	0.946421	5.14423	5.12485
-1.39805	0.944449	5.14357	5.12419
-1.40298	0.943792	5.14325	5.12485
-1.41218	0.933279	5.14357	5.12616
-1.42466	0.926708	5.14456	5.12682
-1.43156	0.925394	5.14456	5.12682
-1.42335	0.927365	5.14292	5.12748
-1.43616	0.922437	5.14357	5.12715
-1.43747	0.915866	5.14423	5.12485
-1.44437	0.908638	5.14357	5.12386
-1.45226	0.897797	5.14357	5.1255
-1.46277	0.882684	5.14325	5.12813
-1.46803	0.877098	5.14259	5.12912
-1.47131	0.883669	5.14423	5.12682
-1.4838	0.871842	5.14555	5.12222
-1.48445	0.857714	5.14489	5.12452
-1.48577	0.857714	5.1439	5.12715
-1.48905	0.851144	5.1439	5.12879
-1.49004	0.849172	5.14489	5.12945
-1.49431	0.849172	5.14653	5.12912
-1.49858	0.847858	5.14686	5.12682
-1.49727	0.862971	5.14653	5.12748
-1.49497	0.857386	5.1439	5.12649
-1.4953	0.856729	5.14193	5.12419
-1.50252	0.850487	5.14226	5.12518
-1.50384	0.846544	5.14357	5.12682
-1.51172	0.839316	5.14325	5.12616
-1.51599	0.836359	5.14259	5.12616
-1.51961	0.828474	5.14357	5.12682
-1.51172	0.838988	5.14522	5.12649
-1.51632	0.84293	5.1439	5.12616
-1.50548	0.850487	5.1416	5.12649
-1.51238	0.840302	5.14062	5.12518
-1.51731	0.831103	5.14259	5.12583
-1.51402	0.827489	5.14292	5.1255
-1.50647	0.830446	5.14292	5.12583
-1.50318	0.838988	5.14193	5.1255
-1.50351	0.838002	5.1416	5.12452
-1.49891	0.843916	5.14292	5.12386
-1.49727	0.847201	5.14357	5.12353
-1.49694	0.850487	5.14226	5.12189
-1.49497	0.84293	5.14259	5.12189
-1.49103	0.842273	5.1439	5.12156
-1.48413	0.848844	5.14456	5.12222
-1.48018	0.850158	5.14357	5.12386
-1.48018	0.845887	5.14226	5.12715
-1.4677	0.860671	5.14193	5.12616
-1.47066	0.865928	5.14259	5.12518
-1.46803	0.855086	5.14456	5.1255
-1.4608	0.862314	5.14785	5.12682
-1.46639	0.857386	5.1462	5.12879
-1.47098	0.849501	5.14357	5.13043
-1.46474	0.849501	5.14259	5.12879
-1.45949	0.846216	5.14423	5.12616
-1.4539	0.848844	5.14555	5.1255
-1.45324	0.845887	5.14686	5.12715
-1.4585	0.839973	5.1462	5.12682
-1.46803	0.843259	5.14555	5.1255
-1.46507	0.846873	5.1439	5.12649
-1.46441	0.850815	5.1416	5.12748
-1.46573	0.852129	5.14095	5.12485
-1.47296	0.858372	5.14226	5.12288
-1.47657	0.865271	5.14259	5.12353
-1.4769	0.865928	5.14357	5.12288
-1.48117	0.865928	5.14325	5.1232
-1.47131	0.881698	5.14423	5.12419
-1.47821	0.873156	5.14423	5.12518
-1.47953	0.862643	5.14292	5.12616
-1.4677	0.880712	5.14062	5.12616
-1.46343	0.889583	5.1416	5.12583
-1.47066	0.878741	5.14226	5.12583
-1.46836	0.883998	5.14226	5.12583
-1.46803	0.887612	5.14127	5.12419
-1.46573	0.891226	5.1416	5.12452
-1.46376	0.903053	5.14423	5.12452
-1.45193	0.915866	5.14423	5.12452
-1.45554	0.91061	5.14456	5.12485
-1.45456	0.914224	5.14259	5.12682
-1.45062	0.926708	5.1416	5.12813
-1.4493	0.931965	5.14095	5.12945
-1.45226	0.924408	5.14127	5.1278
-1.45456	0.931965	5.14259	5.12583
-1.44273	0.944121	5.14357	5.12485
-1.43682	0.950692	5.14259	5.12452
-1.43287	0.950035	5.1439	5.1255
-1.42827	0.956605	5.14226	5.12748
-1.42466	0.959891	5.14062	5.12879
-1.42532	0.974675	5.14095	5.12813
-1.42072	0.976975	5.14292	5.12912
-1.41743	0.976975	5.14423	5.12977
-1.40692	0.977961	5.14522	5.1278
-1.40659	0.973361	5.14325	5.12616
-1.39805	0.974018	5.14029	5.12846
-1.39772	0.959234	5.13897	5.12945
-1.39673	0.960219	5.1393	5.12846
-1.39575	0.95792	5.14226	5.1255
-1.38918	0.963505	5.14292	5.12288
-1.38589	0.960219	5.14193	5.12386
-1.38326	0.957591	5.13996	5.12649
-1.38524	0.962191	5.14062	5.1278
-1.38064	0.959891	5.14193	5.12912
-1.37702	0.969747	5.14423	5.12748
-1.37866	0.972375	5.14522	5.12583
-1.38491	0.969419	5.14456	5.12485
-1.38359	0.978289	5.14292	5.12452
-1.38031	0.978946	5.14029	5.1255
-1.38556	0.974018	5.13996	5.1278
-1.38655	0.979275	5.14127	5.12977
-1.39411	0.979603	5.14292	5.12813
-1.38951	0.975004	5.14357	5.12682
-1.39345	0.973033	5.14357	5.1255
-1.40232	0.955948	5.14325	5.12649
-1.40002	0.954306	5.14423	5.12846
-1.41349	0.954963	5.14489	5.12945
-1.4217	0.95792	5.14587	5.12912
-1.41842	0.95332	5.14555	5.12813
-1.40856	0.968433	5.1439	5.12583
-1.41645	0.96909	5.14292	5.12485
-1.41316	0.981246	5.14259	5.12518
-1.41776	0.979932	5.1416	5.1255
-1.42302	0.983874	5.1416	5.12583
-1.424	0.986503	5.14357	5.12616
-1.41645	0.997016	5.14423	5.12518
-1.40955	1.0026	5.14489	5.12419
-1.41185	0.994059	5.14522	5.12419
-1.40955	0.99833	5.14456	5.12616
-1.40199	1.00227	5.14489	5.12518
-1.40593	0.994716	5.14423	5.12583
-1.40561	0.99833	5.14423	5.1255
-1.40396	1.00457	5.14456	5.12419
-1.40331	1.01279	5.1439	5.12353
-1.40889	1.00523	5.1439	5.1232
-1.40988	1.00687	5.14325	5.12452
-1.40626	1.0141	5.14292	5.1278
-1.4079	1.00194	5.14193	5.12715
-1.41579	0.994716	5.14325	5.12748
-1.42433	0.988803	5.14456	5.12583
-1.42302	0.98946	5.14555	5.12649
-1.42499	0.98026	5.14456	5.12583
-1.42959	0.974018	5.14259	5.1255
-1.42959	0.97369	5.13996	5.12715
-1.43353	0.966462	5.13963	5.13043
-1.44043	0.949378	5.14292	5.12879
-1.43747	0.945107	5.14653	5.12616
-1.4493	0.936564	5.14817	5.12715
-1.45291	0.934265	5.14719	5.12945
-1.46113	0.923751	5.14555	5.12813
-1.46606	0.918823	5.14456	5.1278
-1.46211	0.920137	5.14423	5.1278
-1.46737	0.917509	5.14522	5.12452
-1.47427	0.908967	5.1439	5.1232
-1.47131	0.903053	5.14292	5.12485
-1.46836	0.904039	5.14193	5.12616
-1.4723	0.904039	5.14193	5.12748
-1.46836	0.909624	5.14226	5.1278
-1.46179	0.91061	5.14423	5.12682
-1.46014	0.912909	5.14456	5.1278
-1.45817	0.911267	5.1439	5.12715
-1.45094	0.922109	5.14292	5.1255
-1.45357	0.91948	5.14193	5.12518
-1.45259	0.916852	5.14062	5.12715
-1.46244	0.909953	5.13996	5.12846
-1.46901	0.909295	5.14325	5.1301
-1.47788	0.900753	5.1462	5.12977
-1.47558	0.897468	5.14686	5.12945
-1.47526	0.899768	5.14423	5.12649
-1.47657	0.889912	5.14193	5.12419
-1.48544	0.881041	5.14193	5.1255
-1.49431	0.870199	5.14423	5.12715
-1.49661	0.864614	5.14522	5.12583
-1.49234	0.868556	5.1462	5.12485
-1.48873	0.877427	5.14522	5.12353
-1.493	0.866914	5.14489	5.12419
-1.4884	0.868556	5.1439	5.12518
-1.48905	0.860671	5.14423	5.12485
-1.49135	0.857386	5.14325	5.12518
-1.49825	0.84293	5.14292	5.12649
-1.49661	0.851472	5.14325	5.12682
-1.50187	0.84753	5.1439	5.12583
-1.50351	0.847201	5.14325	5.12583
-1.49891	0.853772	5.14325	5.12583
-1.49563	0.853443	5.1439	5.12583
-1.49398	0.854101	5.14489	5.12583
-1.48905	0.856072	5.14752	5.12452
-1.48347	0.855743	5.14785	5.12419
-1.48807	0.850815	5.14587	5.12583
-1.48807	0.853772	5.14226	5.12682
-1.48938	0.846544	5.14062	5.12813
-1.48577	0.847201	5.14193	5.12813
-1.48413	0.849501	5.14357	5.12682
-1.48708	0.856072	5.14489	5.12485
-1.49135	0.856729	5.14555	5.12616
-1.48675	0.865271	5.14555	5.12682
-1.48117	0.874799	5.14325	5.12649
-1.48117	0.87447	5.14193	5.12583
-1.47131	0.87447	5.13963	5.1255
-1.46836	0.877427	5.1393	5.12485
-1.46573	0.888926	5.14029	5.12288
-1.45817	0.891883	5.14259	5.12386
-1.45587	0.907653	5.1439	5.12353
-1.45554	0.899439	5.14456	5.1255
-1.4447	0.905682	5.14292	5.12715
-1.43616	0.923094	5.1416	5.12879
-1.43189	0.928679	5.14292	5.12912
-1.43649	0.930651	5.14325	5.12846
-1.43682	0.939521	5.14193	5.12748
-1.44273	0.938864	5.14127	5.1278
-1.4378	0.93985	5.14193	5.1278
-1.42992	0.943464	5.14226	5.12715
-1.42762	0.94872	5.14423	5.12616
-1.42992	0.929665	5.14423	5.1255
-1.42565	0.929008	5.14423	5.1255
-1.42203	0.914881	5.14357	5.1255
-1.41546	0.921123	5.14423	5.12583
-1.40626	0.926051	5.14522	5.12748
-1.40101	0.932622	5.14489	5.12846
-1.40823	0.931308	5.14357	5.12583
-1.40495	0.936893	5.1439	5.12255
-1.39903	0.93985	5.14522	5.12222
-1.39509	0.93295	5.14653	5.12222
-1.38885	0.940178	5.14522	5.12189
-1.37275	0.944778	5.14292	5.12288
-1.38031	0.949049	5.14226	5.12452
-1.38491	0.955291	5.14193	5.12649
-1.39148	0.948392	5.14259	5.12715
-1.39443	0.946421	5.14423	5.12649
-1.38984	0.957263	5.1439	5.12649
-1.39016	0.961862	5.1439	5.12616
-1.37374	0.969419	5.14456	5.12583
-1.37768	0.961205	5.14259	5.12616
-1.37275	0.965805	5.14357	5.12715
-1.38129	0.954306	5.14456	5.12748
-1.38425	0.954963	5.14555	5.12879
-1.38096	0.967119	5.14587	5.12879
-1.38589	0.973361	5.14456	5.12682
-1.37965	0.974018	5.1439	5.12715
-1.37932	0.979932	5.14555	5.12715
-1.38754	0.972047	5.14653	5.12715
-1.38786	0.979275	5.14587	5.12748
-1.38885	0.98716	5.14653	5.12682
-1.39082	0.98946	5.14522	5.12616
-1.38721	0.995373	5.14522	5.1255
-1.37899	1.00293	5.14456	5.12518
-1.38162	0.997016	5.14456	5.12485
-1.37439	1.01081	5.14423	5.12649
-1.37045	1.01607	5.14489	5.12715
-1.36914	1.02724	5.14587	5.12682
-1.37604	1.01969	5.14522	5.12649
-1.38326	1.0095	5.14325	5.12616
-1.37111	1.02396	5.14259	5.12682
-1.37111	1.01476	5.14259	5.12715
-1.37899	1.00917	5.14292	5.1255
-1.36355	1.01574	5.14259	5.1255
-1.36618	1.01377	5.14325	5.12649
-1.36914	1.00556	5.14489	5.12583
-1.37571	0.994716	5.1439	5.1255
-1.38031	0.991102	5.14226	5.12682
-1.37308	0.998659	5.14193	5.12813
-1.37505	0.990117	5.14193	5.1301
-1.37604	0.986174	5.1439	5.12715
-1.37998	0.993402	5.1439	5.12353
-1.38326	0.98716	5.14489	5.12353
-1.38195	0.977632	5.14423	5.12452
-1.37998	0.976318	5.1439	5.12583
-1.38819	0.965476	5.14292	5.12649
-1.38786	0.971718	5.14456	5.12518
-1.38951	0.970733	5.14653	5.12452
-1.39082	0.967776	5.14653	5.12419
-1.39936	0.96679	5.14325	5.12518
-1.40692	0.962848	5.1416	5.12715
-1.40725	0.953977	5.14127	5.12879
-1.41579	0.943135	5.1439	5.12715
-1.41743	0.931965	5.14555	5.12386
-1.43123	0.926051	5.1462	5.1255
-1.43386	0.927037	5.14555	5.12715
-1.45489	0.909953	5.14423	5.12813
-1.45259	0.915538	5.14226	5.1278
-1.45357	0.921123	5.14325	5.12682
-1.45291	0.90601	5.1439	5.12616
-1.45489	0.904367	5.14357	5.12583
-1.45324	0.903382	5.14193	5.12419
-1.46146	0.895825	5.14127	5.12419
-1.46934	0.891226	5.14193	5.12485
-1.46507	0.893854	5.14095	5.12682
-1.4723	0.887283	5.14095	5.12649
-1.46409	0.895168	5.14062	5.1255
-1.4608	0.899111	5.14226	5.12452
-1.47033	0.891554	5.14193	5.12419
-1.47558	0.896154	5.14259	5.12485
-1.4723	0.910281	5.14357	5.12518
-1.47328	0.897797	5.14423	5.12583
-1.47591	0.895497	5.14325	5.1255
-1.47131	0.900096	5.14292	5.12222
-1.47164	0.897797	5.14423	5.12156
-1.46934	0.896482	5.14325	5.12386
-1.46671	0.901082	5.14325	5.12485
-1.46803	0.892211	5.14259	5.12583
-1.47066	0.885312	5.14325	5.12583
-1.47953	0.879398	5.14423	5.12616
-1.46901	0.883012	5.14456	5.12583
-1.47	0.880712	5.14456	5.12649
-1.47526	0.879727	5.14456	5.12419
-1.47197	0.866257	5.14357	5.12452
-1.47098	0.863957	5.1416	5.1255
-1.47066	0.859686	5.14062	5.12649
-1.46507	0.865928	5.14325	5.12715
-1.45981	0.884655	5.14555	5.12485
-1.45784	0.881369	5.14555	5.12419
-1.45653	0.881369	5.14423	5.12419
-1.45489	0.886298	5.14259	5.12419
-1.4493	0.884655	5.14226	5.12485
-1.44109	0.887283	5.14292	5.12518
-1.43025	0.893854	5.14456	5.1255
-1.43189	0.885312	5.14555	5.1255
-1.42926	0.888269	5.14555	5.12649
-1.42959	0.883669	5.14489	5.12518
-1.43156	0.884326	5.14226	5.12353
-1.43189	0.888269	5.14029	5.12353
-1.4332	0.886626	5.14127	5.12419
-1.43123	0.888926	5.14226	5.12452
-1.4263	0.892868	5.14226	5.12419
-1.42039	0.894183	5.14127	5.12386
-1.42696	0.896482	5.14062	5.12419
-1.42072	0.903382	5.14193	5.12583
-1.42236	0.909624	5.14226	5.12715
-1.42532	0.907324	5.1439	5.1255
-1.42926	0.897797	5.14357	5.1255
-1.43747	0.884326	5.14522	5.12518
-1.44076	0.875456	5.14522	5.12485
-1.44437	0.883341	5.1439	5.12649
-1.4378	0.876441	5.14423	5.12583
-1.43813	0.875784	5.14325	5.12518
-1.4332	0.893854	5.14193	5.12616
-1.43287	0.900425	5.14226	5.12682
-1.42466	0.913238	5.14193	5.12682
-1.43025	0.913895	5.14127	5.1255
-1.43517	0.907981	5.14127	5.12518
-1.4401	0.900753	5.14193	5.1278
-1.44733	0.891883	5.1416	5.12977
-1.44733	0.889912	5.14226	5.1301
-1.44503	0.890569	5.14357	5.12846
-1.44602	0.898782	5.14292	5.12715
-1.43977	0.89484	5.14292	5.1255
-1.4355	0.903382	5.1439	5.12616
-1.4401	0.905682	5.1439	5.12748
-1.4378	0.904367	5.1439	5.1278
-1.44076	0.902725	5.14456	5.12616
-1.45029	0.893854	5.14489	5.12353
-1.45062	0.895825	5.14522	5.12222
-1.45521	0.887283	5.14456	5.1232
-1.46211	0.883669	5.14456	5.12452
-1.47	0.876441	5.14357	5.12583
-1.46606	0.875784	5.1439	5.12616
-1.47263	0.873156	5.14522	5.12419
-1.46441	0.887283	5.14489	5.12419
-1.4654	0.888597	5.14226	5.12353
-1.46803	0.880712	5.14095	5.12189
-1.46836	0.878741	5.13996	5.1232
-1.46244	0.880055	5.1416	5.1255
-1.45817	0.873813	5.14357	5.12583
-1.46441	0.864285	5.14522	5.12452
-1.46639	0.860014	5.14423	5.12353
-1.4677	0.861	5.14325	5.12353
-1.47098	0.859357	5.1416	5.12616
-1.47657	0.858372	5.14095	5.12715
-1.47	0.865599	5.14062	5.12715
-1.46671	0.864942	5.14325	5.12583
-1.4585	0.867899	5.14587	5.12682
-1.45456	0.870199	5.14522	5.12649
-1.4562	0.871185	5.14193	5.12649
-1.44864	0.889254	5.14029	5.12649
-1.4516	0.880384	5.13897	5.12616
-1.44996	0.87677	5.13963	5.12452
-1.44963	0.878084	5.14226	5.12452
-1.44799	0.878741	5.14489	5.12419
-1.43715	0.888597	5.14456	5.12583
-1.44142	0.884326	5.14292	5.1278
-1.44174	0.882355	5.14095	5.1278
-1.44667	0.879398	5.13865	5.12715
-1.4493	0.871842	5.13897	5.12616
-1.45784	0.875127	5.1416	5.12386
-1.45324	0.881041	5.14292	5.12288
-1.4608	0.882355	5.14292	5.12386
-1.46934	0.871842	5.14127	5.1255
-1.47033	0.871185	5.13996	5.12682
-1.47296	0.880384	5.13963	5.12813
-1.47887	0.871513	5.14127	5.12649
-1.47328	0.874799	5.14292	5.12616
-1.47756	0.864285	5.14555	5.12518
-1.4838	0.847201	5.14653	5.12353
-1.48971	0.839316	5.14423	5.1255
-1.49595	0.84293	5.14292	5.12748
-1.49694	0.838331	5.14292	5.1278
-1.49727	0.833731	5.14325	5.12715
-1.49234	0.843587	5.14522	5.1255
-1.50351	0.829131	5.14686	5.12485
-1.49793	0.828146	5.1462	5.12518
-1.49825	0.834717	5.14423	5.12485
-1.50384	0.833074	5.14095	5.12649
-1.51337	0.834717	5.14062	5.12748
-1.51764	0.831431	5.14292	5.12846
-1.51994	0.833731	5.14489	5.12846
-1.52257	0.830117	5.14522	5.12748
-1.51665	0.841944	5.14325	5.12583
-1.51599	0.841616	5.14259	5.1255
-1.51599	0.835045	5.14423	5.12518
-1.51172	0.834717	5.14456	5.12485
-1.50877	0.84753	5.14325	5.12452
-1.51599	0.835702	5.14357	5.1255
-1.52224	0.830117	5.14522	5.12682
-1.51928	0.838659	5.14423	5.1278
-1.52224	0.841287	5.14193	5.1278
-1.51829	0.832417	5.14029	5.12748
-1.51435	0.840959	5.14193	5.12748
-1.5137	0.84293	5.14423	5.12813
-1.50647	0.847201	5.14587	5.12682
-1.51074	0.841616	5.14587	5.12518
-1.50778	0.841287	5.14555	5.12649
-1.51107	0.836688	5.14489	5.12583
-1.50581	0.843587	5.14357	5.12616
-1.493	0.852129	5.1439	5.12813
-1.4838	0.849172	5.14325	5.12748
-1.4838	0.857714	5.14226	5.12583
-1.47657	0.862314	5.14357	5.12485
-1.47591	0.862643	5.1439	5.12485
-1.47098	0.863957	5.14193	5.12518
-1.4631	0.867242	5.14029	5.12386
-1.46901	0.864614	5.14095	5.12485
-1.47558	0.861657	5.14226	5.12649
-1.47361	0.867899	5.14522	5.12813
-1.47493	0.8564	5.14587	5.1278
-1.4723	0.857057	5.1439	5.12945
-1.46934	0.859357	5.14193	5.12879
-1.45916	0.870528	5.14259	5.1278
-1.4539	0.877755	5.14522	5.12583
-1.45324	0.889254	5.14785	5.12386
-1.44733	0.892868	5.1485	5.12518
-1.45127	0.892868	5.1462	5.12682
-1.44207	0.912252	5.14456	5.12616
-1.44372	0.912252	5.14456	5.12518
-1.44536	0.920466	5.14489	5.12485
-1.44142	0.925065	5.14555	5.12452
-1.44634	0.915209	5.14587	5.12353
-1.44634	0.921123	5.14555	5.12255
-1.45193	0.920466	5.14423	5.12156
-1.45193	0.914224	5.1439	5.12156
-1.45062	0.921452	5.14456	5.12288
-1.46113	0.910281	5.14555	5.12452
-1.45719	0.921123	5.14456	5.12682
-1.45751	0.923423	5.14357	5.1278
-1.45719	0.922109	5.14325	5.12583
-1.45456	0.922109	5.14259	5.12452
-1.44864	0.931308	5.14292	5.1255
-1.44404	0.938864	5.14325	5.12616
-1.43747	0.950363	5.14292	5.12616
-1.44109	0.947406	5.14226	5.12682
-1.45259	0.939521	5.14325	5.1255
-1.45127	0.927694	5.14489	5.12748
-1.45817	0.925723	5.1462	5.12879
-1.45554	0.925723	5.14555	5.12748
-1.4562	0.921452	5.14522	5.12682
-1.45916	0.91718	5.1439	5.12682
-1.44864	0.926708	5.14325	5.12485
-1.44634	0.926051	5.14325	5.12452
-1.44076	0.928351	5.14325	5.1255
-1.44142	0.926708	5.14292	5.12682
-1.43912	0.93755	5.14259	5.12879
-1.4263	0.941821	5.14357	5.12715
-1.42893	0.938536	5.14423	5.1255
-1.43123	0.938536	5.14357	5.12583
-1.42827	0.938207	5.14325	5.1255
-1.42203	0.93525	5.14325	5.12649
-1.42302	0.935907	5.1416	5.12583
-1.42532	0.940507	5.14193	5.12485
-1.4332	0.933608	5.14226	5.12452
-1.43287	0.943792	5.14357	5.12419
-1.43912	0.928351	5.1439	5.12386
-1.42795	0.944778	5.14522	5.12353
-1.42236	0.959891	5.14423	5.12616
-1.42532	0.952334	5.14259	5.12518
-1.41809	0.956277	5.1416	5.12649
-1.41185	0.964819	5.14127	5.12682
-1.39805	0.982232	5.14259	5.12485
-1.40035	0.978618	5.14325	5.1232
-1.39673	0.976647	5.1439	5.12419
-1.39181	0.979932	5.14292	5.12452
-1.38984	0.968762	5.14226	5.12518
-1.38129	0.972704	5.14259	5.12649
-1.37998	0.972704	5.14325	5.1278
-1.38064	0.970733	5.14522	5.12715
-1.37341	0.973033	5.1462	5.12616
-1.38261	0.960219	5.14752	5.12748
-1.38425	0.962519	5.1462	5.12912
-1.38031	0.964162	5.14423	5.12977
-1.38195	0.960219	5.1439	5.1278
-1.38031	0.968433	5.14456	5.1278
-1.37899	0.965476	5.14522	5.12715
-1.38392	0.962519	5.14325	5.12518
-1.37801	0.960219	5.14292	5.12518
-1.37834	0.954634	5.14292	5.12682
-1.37998	0.952334	5.14226	5.12715
-1.38359	0.954634	5.14095	5.12715
-1.37538	0.97369	5.14226	5.12616
-1.38819	0.961534	5.14127	5.12518
-1.39016	0.962519	5.13963	5.12616
-1.39673	0.953649	5.13897	5.12649
-1.40429	0.93755	5.13897	5.12748
-1.40626	0.938536	5.1393	5.12682
-1.41448	0.934922	5.14029	5.12748
-1.41842	0.934265	5.14095	5.12748
-1.41908	0.943135	5.14259	5.12682
-1.41776	0.941164	5.14423	5.12452
-1.4263	0.93985	5.14423	5.1232
-1.42795	0.933608	5.14127	5.12386
-1.424	0.932293	5.13832	5.1255
-1.42532	0.924737	5.1393	5.12616
-1.42433	0.928679	5.13996	5.12583
-1.42302	0.935579	5.14095	5.12452
-1.42499	0.93295	5.14357	5.12452
-1.44372	0.911924	5.14522	5.12616
-1.45456	0.909624	5.1462	5.12682
-1.46244	0.912909	5.1462	5.12715
-1.46179	0.913238	5.14785	5.12748
-1.46014	0.909295	5.15014	5.12583
-1.46704	0.892211	5.14916	5.12518
-1.4608	0.902068	5.14785	5.1255
-1.47	0.901082	5.14489	5.12452
-1.46507	0.907324	5.1416	5.12518
-1.45949	0.917509	5.14029	5.12616
-1.45357	0.928679	5.14127	5.12616
-1.44634	0.943464	5.14193	5.12518
-1.44766	0.938536	5.14357	5.12485
-1.45357	0.93755	5.14456	5.12353
-1.45226	0.944778	5.14357	5.12419
-1.44832	0.944121	5.14226	5.12715
-1.45029	0.934922	5.14357	5.12616
-1.45489	0.925723	5.14325	5.12353
-1.46146	0.913567	5.14193	5.12288
-1.45554	0.914881	5.14226	5.12386
-1.4585	0.909624	5.14259	5.12583
-1.4585	0.913895	5.14292	5.12715
-1.45456	0.916523	5.14226	5.12649
-1.44634	0.919152	5.14259	5.12616
-1.44404	0.923751	5.14325	5.12583
-1.44569	0.917509	5.14522	5.12419
-1.44963	0.911267	5.14653	5.12288
-1.45226	0.902396	5.1462	5.12386
-1.45324	0.90371	5.14292	5.12288
-1.44733	0.902396	5.1393	5.12452
-1.43977	0.909953	5.13832	5.12715
-1.44602	0.905024	5.13996	5.12682
-1.44404	0.908638	5.14259	5.12518
-1.44733	0.900425	5.14423	5.12419
-1.45456	0.896154	5.1439	5.1255
-1.46704	0.887283	5.1439	5.12715
-1.46179	0.892211	5.14456	5.1278
-1.47361	0.88794	5.14456	5.12616
-1.48445	0.891554	5.14357	5.12649
-1.47788	0.896154	5.14357	5.12649
-1.48117	0.893197	5.14357	5.12813
-1.48216	0.898125	5.14193	5.12879
-1.48248	0.905024	5.14062	5.1278
-1.49103	0.889912	5.14062	5.1278
-1.48544	0.89484	5.14062	5.12715
-1.48873	0.893525	5.14226	5.12518
-1.49201	0.880712	5.14587	5.12419
-1.49004	0.883341	5.14785	5.12386
-1.49431	0.874799	5.14489	5.12386
-1.4976	0.874799	5.14357	5.12353
-1.49234	0.878413	5.14357	5.12518
-1.49825	0.868885	5.14259	5.12518
-1.49957	0.866257	5.1416	5.12583
-1.493	0.87217	5.14029	5.12452
-1.49858	0.870528	5.13832	5.12189
-1.5045	0.865928	5.13865	5.12156
-1.50712	0.857386	5.1393	5.12255
-1.51074	0.855743	5.13963	5.12419
-1.5137	0.858372	5.14095	5.12288
-1.51665	0.8587	5.14259	5.12123
-1.51928	0.848515	5.14555	5.1209
-1.51665	0.858372	5.14522	5.1232
-1.52092	0.851144	5.14522	5.1255
-1.52487	0.850158	5.14423	5.12715
-1.52684	0.854429	5.14292	5.1255
-1.52618	0.847858	5.14357	5.1232
-1.53144	0.839973	5.14357	5.12386
-1.52717	0.837673	5.14292	5.12452
-1.52355	0.842273	5.14193	5.12518
-1.51862	0.847201	5.14292	5.12419
-1.52289	0.837345	5.14325	5.12583
-1.52552	0.837345	5.14489	5.12879
-1.51895	0.836688	5.1462	5.12715
-1.5137	0.841616	5.1462	5.12518
-1.5091	0.846216	5.14456	5.1255
-1.51205	0.849501	5.14193	5.1255
-1.5068	0.869213	5.14226	5.12583
-1.49924	0.87217	5.1439	5.12583
-1.49793	0.870528	5.1439	5.12583
-1.49333	0.879727	5.14259	5.12682
-1.48478	0.89024	5.1416	5.12649
-1.47558	0.910938	5.14193	5.12616
-1.46803	0.918823	5.14292	5.12682
-1.47887	0.907653	5.14555	5.1278
-1.47986	0.905682	5.14752	5.12813
-1.46671	0.917838	5.14686	5.12715
-1.46441	0.922109	5.14555	5.12485
-1.46277	0.914224	5.14653	5.12386
-1.46211	0.916195	5.14686	5.12452
-1.46113	0.925065	5.14522	5.12518
-1.45686	0.931636	5.1439	5.1255
-1.44536	0.933936	5.14259	5.12715
-1.43682	0.95332	5.14259	5.12616
-1.42663	0.970404	5.14456	5.12649
-1.42762	0.974675	5.14555	5.12518
-1.42992	0.968762	5.14292	5.12419
-1.42466	0.978289	5.13963	5.12386
-1.42565	0.979275	5.13897	5.12419
-1.41776	0.993731	5.14193	5.12353
-1.40922	0.995702	5.14226	5.12452
-1.40133	0.994059	5.14226	5.12222
-1.40528	1.00063	5.1416	5.12222
-1.40101	1.00424	5.14259	5.12353
-1.40298	1.00227	5.14193	5.1255
-1.39148	1.0095	5.14095	5.12649
-1.38129	1.02133	5.14062	5.12715
-1.37308	1.02856	5.14259	5.1278
-1.37308	1.02658	5.14357	5.12616
-1.37275	1.02133	5.14456	5.12583
-1.37439	1.00983	5.14325	5.12715
-1.37834	1.00424	5.14325	5.12748
-1.37801	1.0003	5.14357	5.12813
-1.37636	1.00162	5.1439	5.12682
-1.36881	1.00293	5.14423	5.12518
-1.37374	1.00819	5.14456	5.12419
-1.37866	1.0026	5.14325	5.12452
-1.37801	1.00556	5.1439	5.12583
-1.37932	1.00622	5.14423	5.12813
-1.37965	1.00622	5.14325	5.12748
-1.38556	1.01246	5.1439	5.12682
-1.38392	1.01607	5.14259	5.12485
-1.38326	1.01541	5.14095	5.12386
-1.38524	1.02396	5.14095	5.1255
-1.38064	1.03217	5.14095	5.12715
-1.37834	1.03283	5.14062	5.1301
-1.37308	1.04334	5.14062	5.12912
-1.37768	1.03644	5.14095	5.1278
-1.39049	1.02921	5.14193	5.1255
-1.39115	1.02757	5.14259	5.12583
-1.39115	1.02067	5.14226	5.12616
-1.38754	1.02166	5.14193	5.1255
-1.37965	1.02658	5.14259	5.12485
-1.38096	1.02856	5.14423	5.12583
-1.39411	1.02691	5.14555	5.12616
-1.38951	1.03644	5.1462	5.12386
-1.38754	1.03447	5.14423	5.12386
-1.39871	1.01936	5.14357	5.1232
-1.40298	1.00983	5.14127	5.1255
-1.40922	1.00753	5.1416	5.1278
-1.40725	1.00359	5.14193	5.12813
-1.4171	0.990117	5.14489	5.12682
-1.42827	0.973361	5.14456	5.1255
-1.43452	0.97369	5.14357	5.1255
-1.42893	0.97369	5.1439	5.1255
-1.43583	0.962191	5.14423	5.12616
-1.43747	0.96679	5.1439	5.1255
-1.44207	0.961205	5.14259	5.12518
-1.44437	0.961862	5.1416	5.12452
-1.44799	0.947078	5.14292	5.12222
-1.45094	0.940835	5.14292	5.12189
-1.447	0.944449	5.14456	5.12419
-1.4401	0.944121	5.14555	5.12649
-1.43649	0.951349	5.14489	5.12945
-1.4378	0.944449	5.1462	5.12879
-1.43419	0.951677	5.14752	5.12682
-1.42663	0.959234	5.14752	5.12583
-1.42236	0.96679	5.14587	5.12583
-1.41612	0.966462	5.14325	5.12616
-1.40922	0.975661	5.14127	5.12715
-1.40462	0.972704	5.14193	5.12748
-1.40626	0.972704	5.14489	5.12583
-1.40166	0.977632	5.14522	5.12518
-1.39936	0.983217	5.14423	5.1255
-1.40199	0.979932	5.14292	5.12583
-1.40429	0.987488	5.14292	5.12715
-1.39739	0.997016	5.1439	5.12682
-1.40396	0.994059	5.14489	5.12518
-1.40495	0.991759	5.14587	5.1255
-1.40002	0.990445	5.14686	5.12386
-1.40133	0.992745	5.1462	5.12255
-1.39903	0.98716	5.14325	5.12353
-1.39706	0.989788	5.14095	5.1255
-1.39706	0.983217	5.1416	5.12616
-1.39871	0.98716	5.1439	5.12616
-1.39049	0.994059	5.14456	5.12518
-1.39279	0.985517	5.14555	5.12452
-1.40889	0.973033	5.1462	5.12518
-1.41283	0.975332	5.14752	5.12682
-1.42367	0.962848	5.14653	5.12813
-1.42565	0.962191	5.14489	5.12945
-1.4194	0.970076	5.1416	5.12813
-1.42762	0.965148	5.14095	5.12616
-1.4286	0.95792	5.1416	5.12715
-1.43353	0.961534	5.14259	5.12748
-1.43649	0.955948	5.14325	5.12879
-1.44043	0.95792	5.1416	5.1278
-1.43846	0.952334	5.14062	5.12682
-1.43452	0.951677	5.13996	5.12748
-1.43616	0.95332	5.14259	5.1278
-1.447	0.935579	5.14653	5.12649
-1.45226	0.929008	5.14686	5.12616
-1.4539	0.930651	5.14555	5.12682
-1.46146	0.920794	5.14259	5.12715
-1.46836	0.916195	5.14062	5.12846
-1.47164	0.914224	5.14095	5.12715
-1.4746	0.902396	5.14226	5.12518
-1.47493	0.893197	5.14325	5.12452
-1.47296	0.886955	5.1439	5.12649
-1.47723	0.882355	5.1439	5.1278
-1.47723	0.878413	5.14259	5.1278
-1.47788	0.872499	5.1439	5.1278
-1.47821	0.885312	5.1462	5.1278
-1.47066	0.88794	5.14653	5.12912
-1.48051	0.873156	5.14423	5.12748
-1.48478	0.876441	5.14292	5.12518
-1.48577	0.873484	5.14226	5.12452
-1.48708	0.871185	5.14292	5.12419
-1.48807	0.865928	5.14292	5.12452
-1.47986	0.865928	5.14259	5.12452
-1.47558	0.87217	5.14292	5.12452
-1.46737	0.882684	5.14292	5.12353
-1.46409	0.892211	5.14193	5.12353
-1.46113	0.897139	5.14127	5.12485
-1.45686	0.895168	5.14029	5.12682
-1.45489	0.895825	5.13996	5.12813
-1.45193	0.90601	5.14029	5.12649
-1.45653	0.89254	5.14193	5.12649
-1.45193	0.891554	5.14193	5.12682
-1.45127	0.897139	5.14095	5.12452
-1.45554	0.888597	5.13996	5.12386
-1.4539	0.89254	5.14062	5.12518
-1.4539	0.893197	5.14226	5.12616
-1.45751	0.888597	5.14357	5.12682
-1.45686	0.883998	5.14357	5.12715
-1.4539	0.883012	5.14325	5.12813
-1.4516	0.890569	5.14259	5.12748
-1.45062	0.89024	5.14062	5.12748
-1.44832	0.888269	5.14062	5.1278
-1.44536	0.889583	5.14062	5.12748
-1.45521	0.869213	5.14259	5.12452
-1.45193	0.875127	5.14522	5.1232
-1.45456	0.867242	5.1462	5.12485
-1.45653	0.866914	5.1439	5.12616
-1.45981	0.866914	5.14226	5.12452
-1.46639	0.847201	5.14489	5.12386
-1.46474	0.849829	5.14785	5.12485
-1.47624	0.845558	5.1485	5.12682
-1.47361	0.843916	5.14752	5.1278
-1.47361	0.843587	5.14357	5.12813
-1.47788	0.842273	5.14226	5.12748
-1.47788	0.838659	5.14292	5.12748
-1.48216	0.832417	5.14193	5.12583
-1.48873	0.829131	5.14095	5.1255
-1.48873	0.836031	5.1416	5.12518
-1.48643	0.839316	5.14325	5.1278
-1.48807	0.843916	5.1439	5.13076
-1.48971	0.843259	5.1439	5.13207
-1.48774	0.847858	5.14226	5.1301
-1.48478	0.850487	5.14193	5.12583
-1.47854	0.842273	5.1416	5.12288
-1.47887	0.84523	5.14193	5.12189
-1.48478	0.849172	5.1416	5.12189
-1.48413	0.844244	5.13996	5.12452
-1.48544	0.844901	5.13897	5.12616
-1.48248	0.84293	5.1393	5.12748
-1.48478	0.841944	5.14029	5.12616
-1.47328	0.851144	5.14095	5.12452
-1.46901	0.856729	5.14193	5.12419
-1.4746	0.855086	5.14292	5.12419
-1.4654	0.865599	5.14292	5.12518
-1.46441	0.868556	5.14423	5.1255
-1.45554	0.878741	5.1439	5.12616
-1.45521	0.88794	5.14325	5.12616
-1.4516	0.884983	5.1439	5.1255
-1.44372	0.893197	5.14423	5.1255
-1.44306	0.902068	5.14357	5.1255
-1.43879	0.896482	5.14259	5.12485
-1.4401	0.890569	5.14193	5.1255
-1.43912	0.890897	5.14127	5.12682
-1.42926	0.898454	5.14226	5.12682
-1.42827	0.900753	5.14325	5.12518
-1.41842	0.899111	5.14357	5.12419
-1.41842	0.895497	5.1439	5.1255
-1.41316	0.897139	5.14357	5.12583
-1.41875	0.891226	5.14423	5.12353
-1.41612	0.894183	5.14489	5.12288
-1.40133	0.894183	5.14555	5.12386
-1.39608	0.879398	5.14653	5.1232
-1.38589	0.880055	5.14522	5.12353
-1.38359	0.874799	5.14259	5.12255
-1.37374	0.887283	5.14226	5.12353
-1.36519	0.894511	5.14292	5.12649
-1.36191	0.896154	5.14423	5.12813
-1.36684	0.891554	5.14522	5.12682
-1.35961	0.894511	5.14522	5.12518
-1.3583	0.905024	5.14456	5.12353
-1.36717	0.896811	5.14522	5.12386
-1.36848	0.902725	5.14555	5.12616
-1.37669	0.897468	5.14555	5.1278
-1.38031	0.904696	5.14193	5.12748
-1.38425	0.922437	5.14259	5.12715
-1.38885	0.923423	5.1439	5.12616
-1.38556	0.914552	5.14456	5.12682
-1.40528	0.904696	5.14555	5.12748
-1.40758	0.904367	5.14522	5.12682
-1.4148	0.899111	5.14357	5.1255
-1.41382	0.912252	5.14226	5.12485
-1.41152	0.920794	5.14423	5.12452
-1.4263	0.912909	5.14522	5.1255
-1.43846	0.911595	5.1439	5.12649
-1.4447	0.897797	5.14127	5.12715
-1.43944	0.899768	5.14029	5.12715
-1.44372	0.889583	5.14226	5.12616
-1.4447	0.889912	5.1462	5.12518
-1.45062	0.891554	5.14916	5.12386
-1.45554	0.886955	5.14785	5.1255
-1.46244	0.880384	5.14555	5.12649
-1.47723	0.868885	5.14325	5.12748
-1.48084	0.862314	5.14193	5.12748
-1.493	0.845887	5.14325	5.1255
-1.4953	0.843916	5.14259	5.1255
-1.50022	0.848515	5.14029	5.12583
-1.50581	0.840959	5.13897	5.12616
-1.50778	0.845887	5.14062	5.12682
-1.51698	0.844573	5.14193	5.1278
-1.51994	0.832417	5.14193	5.1278
-1.51764	0.830446	5.14095	5.12879
-1.5114	0.830117	5.14292	5.12879
-1.51008	0.825189	5.14555	5.12813
-1.51698	0.81599	5.14456	5.12682
-1.51632	0.818618	5.14193	5.12649
-1.51337	0.809747	5.14325	5.12616
-1.5137	0.813033	5.14555	5.12682
-1.51337	0.81139	5.14686	5.12813
-1.50417	0.824532	5.1462	5.12682
-1.50745	0.830446	5.1462	5.12583
-1.50975	0.821246	5.14587	5.12485
-1.5068	0.821903	5.14653	5.12419
-1.50482	0.822889	5.14489	5.12452
-1.50417	0.814676	5.14259	5.12583
-1.50614	0.818618	5.14193	5.12583
-1.49957	0.826832	5.14226	5.12583
-1.49825	0.824203	5.14226	5.12616
-1.50022	0.819275	5.14357	5.12452
-1.49891	0.820918	5.14357	5.12419
-1.49201	0.819604	5.14325	5.1232
-1.49201	0.816975	5.14193	5.12222
-1.4861	0.815661	5.14193	5.12288
-1.48544	0.816975	5.14357	5.12386
-1.47887	0.816975	5.14456	5.12419
-1.47953	0.807448	5.14357	5.1255
-1.48478	0.803834	5.14226	5.1255
-1.49365	0.81139	5.14292	5.12715
-1.49957	0.814018	5.14259	5.12813
-1.51008	0.805148	5.14259	5.12682
-1.51074	0.801534	5.14357	5.12583
-1.5114	0.795292	5.14357	5.12485
-1.51008	0.807448	5.14259	5.12583
-1.51304	0.803834	5.1439	5.12682
-1.51074	0.808105	5.14555	5.12583
-1.52059	0.807776	5.14522	5.12386
-1.51698	0.819604	5.14522	5.1232
-1.51829	0.819275	5.14292	5.12485
-1.51961	0.817961	5.1416	5.12682
-1.51895	0.823875	5.14226	5.12813
-1.51172	0.830774	5.14193	5.12879
-1.50548	0.835374	5.14226	5.12846
-1.50581	0.835702	5.14292	5.12649
-1.50614	0.834388	5.14357	5.12518
-1.5068	0.838002	5.1439	5.1232
-1.5137	0.831431	5.14423	5.1232
-1.51107	0.834717	5.14325	5.12419
-1.50647	0.842273	5.1416	5.12386
-1.50055	0.848844	5.14193	5.12616
-1.49825	0.849829	5.14259	5.12715
-1.50187	0.848844	5.14489	5.12649
-1.50384	0.848187	5.14489	5.1255
-1.50614	0.848187	5.1439	5.1255
-1.50055	0.854429	5.14456	5.12616
-1.49957	0.853443	5.14226	5.12813
-1.4953	0.853115	5.14259	5.12813
-1.49793	0.851472	5.14325	5.12748
-1.49793	0.858372	5.14489	5.12715
-1.49563	0.856729	5.14456	5.12583
-1.49004	0.864285	5.1439	5.12386
-1.4838	0.869542	5.14489	5.12715
-1.48445	0.873156	5.14357	5.12912
-1.48018	0.872499	5.14357	5.1301
-1.4815	0.870199	5.14555	5.12879
-1.46343	0.891226	5.1462	5.12748
-1.45489	0.901082	5.14259	5.12813
-1.45193	0.905353	5.14193	5.12912
-1.44536	0.90831	5.14226	5.12879
-1.43682	0.924408	5.14292	5.1278
-1.42499	0.922766	5.14489	5.12813
-1.424	0.927365	5.14686	5.12715
-1.4217	0.930651	5.14719	5.12616
-1.40988	0.933279	5.1462	5.12583
-1.41086	0.935579	5.14423	5.12748
-1.40528	0.942478	5.14226	5.12977
-1.39542	0.947735	5.14226	5.1301
-1.39739	0.941821	5.14292	5.1278
-1.39181	0.944778	5.14489	5.12649
-1.39608	0.936893	5.1439	5.12649
-1.39805	0.936893	5.14259	5.12518
-1.38688	0.95102	5.14193	5.12518
-1.38392	0.949049	5.14226	5.12682
-1.37965	0.961862	5.13996	5.1278
-1.37899	0.963833	5.14029	5.12846
-1.37669	0.961534	5.14193	5.12715
-1.38195	0.950692	5.14226	5.12485
-1.38425	0.938864	5.14325	5.12419
-1.38491	0.930322	5.14193	5.12452
-1.39838	0.916852	5.13897	5.12419
-1.40068	0.92178	5.13799	5.12583
-1.40331	0.922766	5.1393	5.12616
-1.39673	0.93295	5.14193	5.12452
-1.40823	0.914881	5.14357	5.1232
-1.40133	0.92638	5.14456	5.12419
-1.41053	0.917838	5.1439	5.1255
-1.42203	0.916852	5.1439	5.12813
-1.43517	0.914224	5.1439	5.12748
-1.43255	0.922109	5.14423	5.12485
-1.43715	0.916195	5.14423	5.12452
-1.44339	0.903382	5.14357	5.12649
-1.44142	0.912581	5.14292	5.1278
-1.4493	0.905682	5.14292	5.12813
-1.45883	0.899768	5.14193	5.12912
-1.47164	0.890897	5.14259	5.12977
-1.48183	0.878084	5.14259	5.12977
-1.48183	0.877427	5.14292	5.12813
-1.48445	0.870199	5.1439	5.12419
-1.49135	0.8587	5.14357	5.12353
-1.49267	0.862643	5.1439	5.12583
-1.49858	0.854429	5.14489	5.12879
-1.49267	0.854101	5.14555	5.13043
-1.49365	0.863957	5.14423	5.12879
-1.49727	0.861657	5.14456	5.12846
-1.49727	0.859029	5.1439	5.1278
-1.49727	0.858372	5.14325	5.12682
-1.4907	0.868556	5.14226	5.1255
-1.4838	0.870199	5.14325	5.12452
-1.49004	0.8564	5.1439	5.12452
-1.48445	0.856072	5.1439	5.1255
-1.48248	0.853772	5.14423	5.12682
-1.48413	0.854758	5.14226	5.12682
-1.47427	0.864614	5.14029	5.12813
-1.46901	0.868556	5.13963	5.12879
-1.4654	0.859686	5.13963	5.12846
-1.4677	0.856729	5.14062	5.12649
-1.45916	0.862643	5.14193	5.1255
-1.45719	0.873156	5.14259	5.12255
-1.45423	0.870856	5.14325	5.12288
-1.45094	0.861986	5.14226	5.1255
-1.44667	0.861657	5.14193	5.12649
-1.44667	0.866585	5.14259	5.12748
-1.45357	0.865599	5.14456	5.12682
-1.45291	0.865928	5.14522	5.12518
-1.4516	0.860014	5.14423	5.12518
-1.45127	0.857714	5.14489	5.12452
-1.44832	0.859357	5.14423	5.12353
-1.43879	0.875784	5.14357	5.12419
-1.43649	0.89024	5.14193	5.12583
-1.4378	0.888597	5.14193	5.12715
-1.43517	0.898782	5.14325	5.12748
-1.43189	0.909295	5.14456	5.12682
-1.4263	0.920466	5.1439	5.12649
-1.42926	0.923751	5.14193	5.12649
-1.43485	0.924408	5.14062	5.12583
-1.43813	0.917838	5.14029	5.12419
-1.447	0.911924	5.14325	5.1232
-1.45291	0.906996	5.14555	5.12419
-1.4585	0.909624	5.14522	5.12386
-1.45949	0.914552	5.14456	5.12583
-1.46606	0.912909	5.1439	5.12583
-1.4654	0.913567	5.1439	5.12748
-1.46967	0.911924	5.14522	5.12846
-1.47591	0.903382	5.14522	5.12912
-1.47624	0.911267	5.14522	5.12813
-1.48216	0.904696	5.14423	5.12846
-1.48971	0.895825	5.14259	5.12715
-1.50384	0.884983	5.14095	5.1278
-1.5045	0.889254	5.14357	5.12748
-1.50154	0.88794	5.14555	5.12616
-1.50614	0.878741	5.14653	5.12386
-1.5137	0.864942	5.14292	5.12386
-1.51238	0.866585	5.14095	5.12452
-1.51271	0.863628	5.14029	5.12649
-1.51008	0.860014	5.14127	5.12682
-1.50581	0.860671	5.14325	5.12649
-1.51172	0.852786	5.14489	5.12616
-1.50811	0.847201	5.1462	5.12583
-1.51928	0.831431	5.14686	5.12386
-1.52191	0.823546	5.14686	5.12386
-1.52487	0.826503	5.14456	5.12616
-1.52421	0.822561	5.14127	5.12682
-1.52257	0.818289	5.14062	5.12715
-1.52914	0.81139	5.14292	5.12518
-1.52355	0.816647	5.14489	5.12255
-1.52125	0.821246	5.14423	5.12386
-1.51928	0.819275	5.14325	5.12386
-1.51928	0.819604	5.14226	5.12288
-1.50482	0.835045	5.14226	5.12386
-1.50548	0.826174	5.14325	5.12353
-1.5045	0.816647	5.14357	5.12419
-1.51271	0.817961	5.14325	5.12386
-1.51172	0.818618	5.14357	5.1232
-1.50844	0.828146	5.14292	5.12419
-1.50351	0.835702	5.1416	5.12682
-1.50055	0.82946	5.14095	5.12879
-1.50022	0.829131	5.14127	5.12846
-1.49168	0.832745	5.14193	5.12846
-1.48905	0.831431	5.14259	5.1278
-1.48544	0.839316	5.14325	5.12715
-1.47788	0.848515	5.14292	5.12748
-1.4677	0.862314	5.14292	5.1278
-1.46836	0.871513	5.1439	5.12649
-1.46803	0.879727	5.14489	5.12682
-1.46474	0.882027	5.14686	5.1255
-1.46376	0.890569	5.1462	5.12583
-1.46409	0.890897	5.14292	5.12583
-1.4677	0.891226	5.1393	5.12583
-1.46704	0.894183	5.13963	5.12715
-1.47197	0.897468	5.14259	5.12879
-1.47526	0.904696	5.14555	5.12879
-1.47197	0.902068	5.14653	5.1278
-1.47296	0.906339	5.14456	5.12649
-1.47624	0.912581	5.14259	5.12485
-1.47887	0.914881	5.14357	5.12715
-1.4723	0.914552	5.14587	5.12912
-1.47197	0.910281	5.14719	5.12945
-1.46901	0.91948	5.1462	5.12715
-1.47197	0.91061	5.14489	5.12485
-1.46507	0.915866	5.14587	5.12288
-1.46639	0.908638	5.14686	5.12452
-1.46507	0.898782	5.14522	5.12616
-1.47526	0.884655	5.1439	5.12715
-1.47887	0.886298	5.14357	5.12813
-1.47328	0.885312	5.14357	5.12748
-1.47953	0.87447	5.14423	5.1278
-1.4769	0.875456	5.14489	5.1278
-1.47953	0.869213	5.14325	5.12748
-1.47493	0.877098	5.14062	5.12748
-1.47756	0.881369	5.13996	5.12846
-1.4746	0.879727	5.14226	5.12748
-1.46934	0.891554	5.14555	5.1255
-1.47328	0.891883	5.14653	5.12419
-1.48051	0.891554	5.14587	5.12419
-1.4815	0.895825	5.14456	5.12386
-1.48051	0.898782	5.14423	5.12452
-1.48084	0.902725	5.1439	5.12452
-1.47756	0.908967	5.14259	5.12452
-1.48511	0.898125	5.14357	5.12452
-1.47788	0.908638	5.14522	5.12386
-1.4838	0.906996	5.14587	5.12353
-1.47723	0.899439	5.14489	5.12288
-1.47328	0.903053	5.14325	5.12419
-1.46836	0.900425	5.14325	5.12386
-1.45981	0.905682	5.14259	5.12353
-1.45094	0.911595	5.14292	5.12419
-1.44503	0.923751	5.14325	5.1255
-1.43485	0.928351	5.14423	5.12715
-1.43583	0.934265	5.14259	5.12912
-1.42597	0.938864	5.14127	5.1301
-1.4263	0.945764	5.14259	5.12945
-1.4286	0.944778	5.14292	5.12813
-1.42729	0.955948	5.1439	5.12485
-1.42006	0.955291	5.14259	5.12485
-1.4102	0.962519	5.14193	5.12583
-1.41283	0.960219	5.1416	5.12715
-1.42138	0.950363	5.14095	5.12583
-1.42335	0.943135	5.14226	5.1255
-1.42499	0.938207	5.14325	5.12485
-1.42696	0.932622	5.14456	5.12386
-1.42138	0.942807	5.14587	5.12583
-1.42499	0.944778	5.14357	5.12813
-1.42499	0.947078	5.1416	5.12945
-1.42663	0.943792	5.14127	5.12748
-1.42663	0.941493	5.14095	5.12583
-1.42203	0.93755	5.14357	5.12583
-1.424	0.936564	5.14587	5.12583
-1.42565	0.933279	5.14587	5.12583
-1.42597	0.933279	5.14423	5.12583
-1.43419	0.920794	5.14325	5.1255
-1.44799	0.913238	5.14193	5.12419
-1.44864	0.90371	5.14325	5.12452
-1.45094	0.90141	5.14456	5.12452
-1.45094	0.912581	5.14522	5.12452
-1.44897	0.922437	5.14357	5.12518
-1.45456	0.914224	5.14127	5.12715
-1.45554	0.920794	5.13996	5.12813
-1.46639	0.90141	5.14029	5.1278
-1.46474	0.905024	5.14127	5.12748
-1.46409	0.911267	5.14193	5.12682
-1.46868	0.906996	5.14357	5.12583
-1.47657	0.906667	5.1439	5.1255
-1.48281	0.90831	5.14226	5.1255
-1.48413	0.893197	5.1416	5.12682
-1.48873	0.890897	5.14325	5.12748
-1.49135	0.89024	5.14686	5.12616
-1.49464	0.885969	5.14785	5.12419
-1.50285	0.866585	5.14686	5.12255
-1.50975	0.8633	5.1462	5.12288
-1.50975	0.859029	5.14587	5.12386
-1.50811	0.864942	5.14522	5.12616
-1.51534	0.855743	5.1439	5.12813
-1.52388	0.849172	5.14226	5.12715
-1.52914	0.84753	5.14127	5.12748
-1.52782	0.843587	5.14127	5.12813
-1.53012	0.838331	5.14259	5.12879
-1.52125	0.840959	5.14226	5.12977
-1.52059	0.830774	5.1416	5.12879
-1.51961	0.830446	5.14062	5.12518
-1.52815	0.816975	5.14095	5.12288
-1.52618	0.825846	5.14226	5.1232
-1.52388	0.825189	5.14193	5.12452
-1.52815	0.817961	5.1416	5.12452
-1.52355	0.819932	5.14127	5.12715
-1.51928	0.815004	5.13996	5.13142
-1.52421	0.807119	5.13996	5.13142
-1.52421	0.804162	5.14259	5.12846
-1.51402	0.81139	5.14357	5.1255
-1.50942	0.810733	5.14456	5.12485
-1.50844	0.821903	5.14325	5.12419
-1.50745	0.82486	5.1439	5.12452
-1.5137	0.812047	5.14522	5.12682
-1.50877	0.805476	5.14456	5.12748
-1.50548	0.814347	5.14357	5.1255
-1.49825	0.828146	5.1439	5.12485
-1.4999	0.828803	5.1439	5.12485
-1.49858	0.830446	5.14357	5.12649
-1.50318	0.819275	5.14357	5.12682
-1.50515	0.823875	5.1439	5.12583
-1.5045	0.833731	5.14226	5.12386
-1.50187	0.847858	5.14127	5.12485
-1.49563	0.862314	5.13996	5.12583
-1.4815	0.882355	5.14127	5.1255
-1.46671	0.906667	5.14226	5.1278
-1.46376	0.913895	5.14325	5.1278
-1.45226	0.927694	5.14489	5.12682
-1.44864	0.936893	5.14555	5.1255
-1.43682	0.942478	5.14653	5.12386
-1.4263	0.961862	5.14522	5.12452
-1.4148	0.978618	5.14456	5.12583
-1.41809	0.985846	5.1439	5.12649
-1.41053	0.983874	5.14456	5.12649
-1.40561	0.99603	5.14555	5.1278
-1.40133	1.00687	5.14489	5.12649
-1.39805	1.00687	5.14587	5.12452
-1.39903	1.00359	5.14489	5.12386
-1.39772	1.00227	5.14325	5.12452
-1.39575	1.00819	5.1439	5.12616
-1.39805	1.00359	5.14489	5.12715
-1.39279	1.0026	5.14522	5.12616
-1.39969	0.995373	5.14456	5.12386
-1.40035	0.993731	5.14423	5.12518
-1.39542	0.998987	5.1439	5.12583
-1.40068	0.992417	5.14456	5.12583
-1.40462	0.986503	5.14259	5.12682
-1.40725	0.991759	5.14226	5.1278
-1.40922	0.987817	5.14259	5.12682
-1.4079	0.992745	5.14423	5.12616
-1.41218	0.982232	5.14555	5.1255
-1.40429	0.987817	5.14587	5.12682
-1.40692	0.98256	5.14522	5.12682
-1.40626	0.980918	5.14555	5.1255
-1.40758	0.971061	5.14522	5.12485
-1.40593	0.970076	5.1462	5.12386
-1.40396	0.970733	5.1462	5.12255
-1.4079	0.963833	5.14587	5.1232
-1.41185	0.959891	5.14325	5.12485
-1.41283	0.951677	5.14062	5.12583
-1.41908	0.943792	5.14062	5.12616
-1.42302	0.93525	5.14292	5.12649
-1.42433	0.93295	5.14423	5.12583
-1.43057	0.934593	5.14522	5.12616
-1.42532	0.935907	5.14325	5.12518
-1.43189	0.932293	5.14193	5.1255
-1.4332	0.931308	5.14095	5.12715
-1.4378	0.933279	5.14292	5.12748
-1.43616	0.936236	5.14489	5.12682
-1.43419	0.93755	5.14686	5.12583
-1.4332	0.941493	5.14686	5.12419
-1.43222	0.939521	5.14522	5.12255
-1.42696	0.938864	5.14423	5.12419
-1.42302	0.941164	5.14423	5.12649
-1.4217	0.934265	5.1439	5.12748
-1.42795	0.927694	5.14259	5.12846
-1.4286	0.914881	5.14193	5.1278
-1.43189	0.918495	5.14292	5.12649
-1.42072	0.923423	5.14127	5.1255
-1.41218	0.933608	5.13963	5.12616
-1.39871	0.950692	5.13996	5.12649
-1.40232	0.942807	5.14193	5.12715
-1.40823	0.933279	5.14325	5.12649
-1.39838	0.943464	5.14423	5.12616
-1.39082	0.953977	5.14357	5.12682
-1.39312	0.958248	5.14193	5.12715
-1.39148	0.954306	5.14193	5.1278
-1.38556	0.960219	5.14325	5.1278
-1.39772	0.954306	5.14456	5.12682
-1.39378	0.953649	5.14555	5.12715
-1.39279	0.950363	5.14587	5.12419
-1.40232	0.93985	5.14522	5.12353
-1.40298	0.941493	5.14325	5.12288
-1.41448	0.933608	5.1416	5.12255
-1.42203	0.927694	5.14226	5.1232
-1.41218	0.935579	5.14325	5.12452
-1.41875	0.929008	5.14423	5.12485
-1.41448	0.931965	5.14456	5.12419
-1.4217	0.932622	5.14292	5.12452
-1.4263	0.93985	5.14062	5.12649
-1.43912	0.92638	5.13996	5.1255
-1.43846	0.91948	5.1393	5.12452
-1.44437	0.904696	5.13996	5.12452
-1.44076	0.91061	5.14029	5.1255
-1.44963	0.895168	5.14062	5.12583
-1.45324	0.901739	5.14095	5.12452
-1.45456	0.907324	5.14062	5.12583
-1.45751	0.90831	5.14127	5.12682
-1.46343	0.911924	5.14292	5.12813
-1.46737	0.914552	5.14357	5.12813
-1.46507	0.916523	5.14325	5.12748
-1.47427	0.911267	5.14357	5.12485
-1.47493	0.917509	5.14357	5.12485
-1.47296	0.918823	5.14292	5.12715
-1.47033	0.921452	5.14127	5.1278
-1.46967	0.912252	5.1416	5.12813
-1.47131	0.906339	5.14259	5.1278
-1.47296	0.895825	5.14226	5.12518
-1.47657	0.890569	5.14259	5.12452
-1.47361	0.895497	5.14292	5.12419
-1.48643	0.888597	5.14259	5.12386
-1.48873	0.879727	5.14423	5.12518
-1.48544	0.888926	5.14587	5.12616
-1.49103	0.875127	5.14555	5.1255
-1.4907	0.869542	5.14325	5.12419
-1.493	0.873156	5.14127	5.12485
-1.49727	0.8587	5.14062	5.12353
-1.50417	0.843587	5.14127	5.12386
-1.50318	0.854429	5.14127	5.12386
-1.49628	0.854101	5.14292	5.12288
-1.49365	0.847201	5.14423	5.12419
-1.49924	0.842602	5.14357	5.12518
-1.5068	0.825517	5.14292	5.12583
-1.50844	0.822232	5.14127	5.12583
-1.51862	0.818289	5.13963	5.1255
-1.51961	0.815661	5.13865	5.12419
-1.52257	0.804162	5.14062	5.12518
-1.52289	0.814018	5.14292	5.12518
-1.52158	0.814676	5.14555	5.12485
-1.53735	0.805476	5.14456	5.1255
-1.54064	0.793649	5.1439	5.12682
-1.53866	0.799891	5.14292	5.12846
-1.53702	0.802848	5.14325	5.12813
-1.53439	0.812376	5.14226	5.12682
-1.53932	0.802191	5.1416	5.12583
-1.54195	0.796934	5.14193	5.12682
-1.53834	0.80022	5.14127	5.12682
-1.53275	0.808105	5.14193	5.12616
-1.53768	0.808433	5.14259	5.12715
-1.53111	0.808105	5.14259	5.12748
-1.53111	0.810733	5.14423	5.12715
-1.52979	0.811062	5.14489	5.12682
-1.52421	0.821246	5.14423	5.12419
-1.52815	0.811719	5.1439	5.12419
-1.53045	0.819275	5.14127	5.12583
-1.53111	0.814347	5.13865	5.12485
-1.52585	0.824532	5.13799	5.12485
-1.52585	0.826832	5.14226	5.12485
-1.53012	0.818289	5.14522	5.12288
-1.52585	0.822561	5.14456	5.12189
-1.52585	0.828146	5.14325	5.12222
-1.51731	0.839316	5.1416	5.12452
-1.51961	0.835045	5.1416	5.12616
-1.52651	0.835702	5.14226	5.12846
-1.52322	0.83176	5.14226	5.12715
-1.52191	0.826174	5.14259	5.12518
-1.51961	0.823546	5.14226	5.12353
-1.5091	0.829788	5.14357	5.12288
-1.50285	0.84753	5.14489	5.1255
-1.4999	0.850158	5.14555	5.12452
-1.50121	0.854429	5.14456	5.12353
-1.4953	0.855086	5.14325	5.12386
-1.49825	0.852458	5.14226	5.12485
-1.49595	0.855415	5.14325	5.1278
-1.48971	0.870856	5.14423	5.12813
-1.48544	0.871842	5.14489	5.12715
-1.48807	0.871513	5.14555	5.1255
-1.48347	0.866585	5.14489	5.12353
-1.48873	0.850487	5.14489	5.12189
-1.48675	0.844573	5.14456	5.12156
-1.4838	0.850487	5.1439	5.12288
-1.48413	0.852129	5.14259	5.12485
-1.48413	0.864614	5.1416	5.12682
-1.48971	0.865928	5.14193	5.1278
-1.48413	0.870528	5.14325	5.12616
-1.4907	0.866585	5.1439	5.12616
-1.48544	0.868228	5.1439	5.12583
-1.47296	0.886626	5.14259	5.1255
-1.47394	0.893197	5.14062	5.1255
-1.46639	0.902725	5.14193	5.12518
-1.4608	0.911595	5.14292	5.12452
-1.46146	0.911595	5.14456	5.12386
-1.46343	0.917509	5.14555	5.1255
-1.45949	0.922766	5.14522	5.12518
-1.46211	0.91948	5.14357	5.12583
-1.4562	0.928351	5.1439	5.12748
-1.46277	0.921452	5.14226	5.12715
-1.45719	0.918495	5.14259	5.12715
-1.45916	0.921123	5.14522	5.12715
-1.46113	0.912581	5.14555	5.12583
-1.45784	0.912252	5.14587	5.1255
-1.45226	0.912581	5.14522	5.12616
-1.44404	0.914224	5.14522	5.12682
-1.4424	0.914552	5.14325	5.12748
-1.4424	0.911595	5.14095	5.12715
-1.44536	0.900096	5.14193	5.1255
-1.43944	0.911267	5.14522	5.12518
-1.43616	0.915538	5.14653	5.12452
-1.43879	0.899768	5.14587	5.12353
-1.43025	0.909624	5.1439	5.12288
-1.42762	0.900096	5.14423	5.1232
-1.44142	0.887612	5.14423	5.12288
-1.43419	0.878413	5.14357	5.12583
-1.43517	0.873484	5.14325	5.12682
-1.43353	0.87677	5.14193	5.1255
-1.43682	0.879398	5.1416	5.12419
-1.43747	0.880384	5.13963	5.1255
-1.44043	0.871513	5.14029	5.1255
-1.43715	0.882684	5.14193	5.12649
-1.43879	0.88794	5.1439	5.12649
-1.43944	0.877098	5.14555	5.12583
-1.44207	0.873484	5.14587	5.12649
-1.45127	0.879398	5.14456	5.12583
-1.4424	0.878741	5.1416	5.12649
-1.44897	0.873156	5.14029	5.12748
-1.45029	0.87907	5.14127	5.1278
-1.4539	0.873813	5.14325	5.12649
-1.4516	0.882027	5.1439	5.12682
-1.46507	0.868885	5.1439	5.12682
-1.46507	0.878413	5.14259	5.12682
-1.45554	0.884326	5.14095	5.12748
-1.4654	0.873484	5.14095	5.12748
-1.46803	0.866914	5.14357	5.12649
-1.46868	0.857386	5.14522	5.12682
-1.47526	0.84753	5.14522	5.12649
-1.47788	0.852786	5.14325	5.12682
-1.47296	0.858372	5.14226	5.12748
-1.47361	0.864942	5.14062	5.12649
-1.47394	0.864942	5.14062	5.12485
-1.47493	0.863628	5.14062	5.1232
-1.47197	0.871842	5.1416	5.12025
-1.48084	0.854758	5.14423	5.12058
-1.49333	0.846873	5.14456	5.12419
-1.49431	0.854758	5.14325	5.12649
-1.49628	0.861	5.14259	5.12748
-1.49497	0.859029	5.14357	5.12715
-1.49234	0.8633	5.14423	5.12583
-1.50351	0.8587	5.14357	5.12452
-1.50811	0.858372	5.14226	5.12353
-1.50581	0.849172	5.13963	5.12353
-1.50844	0.848515	5.13865	5.12682
-1.5137	0.848187	5.13963	5.12813
-1.51074	0.844244	5.14062	5.12682
-1.50942	0.851472	5.14062	5.1255
-1.50285	0.857714	5.1416	5.12583
-1.49694	0.866257	5.14127	5.12583
-1.49464	0.870856	5.14226	5.12583
-1.48511	0.876441	5.14456	5.12518
-1.47558	0.883341	5.14587	5.12485
-1.46868	0.895825	5.14587	5.12518
-1.46277	0.905024	5.14456	5.12353
-1.46704	0.909624	5.14193	5.12386
-1.46671	0.909295	5.14193	5.12452
-1.45521	0.915209	5.1416	5.12518
-1.46014	0.911267	5.14226	5.12583
-1.45883	0.909295	5.14357	5.12616
-1.45127	0.908638	5.14423	5.12583
-1.44897	0.917509	5.14456	5.12518
-1.44076	0.932293	5.1439	5.12518
-1.44404	0.928679	5.14226	5.12616
-1.44076	0.929665	5.1416	5.12583
-1.4447	0.919809	5.14226	5.1255
-1.45291	0.913895	5.14259	5.12452
-1.44207	0.916195	5.14357	5.12222
-1.43747	0.923423	5.1439	5.12189
-1.43255	0.936236	5.14489	5.12353
-1.43813	0.928679	5.14259	5.12485
-1.4401	0.926051	5.13996	5.12583
-1.44076	0.929665	5.13865	5.12485
-1.44667	0.928022	5.13996	5.12386
-1.45193	0.924408	5.14325	5.12419
-1.45554	0.920137	5.14522	5.12386
-1.4539	0.922437	5.14522	5.12288
-1.45751	0.916523	5.14423	5.12419
-1.46146	0.905682	5.14325	5.12616
-1.46868	0.900096	5.14292	5.12682
-1.47756	0.88564	5.1439	5.12748
-1.47854	0.889254	5.14292	5.1278
-1.4884	0.881698	5.14325	5.12682
-1.48807	0.890897	5.14522	5.12583
-1.4884	0.892211	5.14522	5.12419
-1.48938	0.89254	5.14489	5.12255
-1.49234	0.886298	5.14357	5.12189
-1.4907	0.885969	5.14193	5.12123
-1.49431	0.891554	5.14357	5.12058
-1.49333	0.897797	5.14423	5.11959
-1.48873	0.892868	5.14259	5.12156
-1.49004	0.883669	5.1416	5.12386
-1.48741	0.879727	5.14357	5.12616
-1.48445	0.883012	5.14522	5.12748
-1.48347	0.888926	5.14587	5.12846
-1.48216	0.888597	5.14555	5.12715
-1.48577	0.883669	5.14555	5.12616
-1.4884	0.88564	5.14456	5.12616
-1.49168	0.886955	5.14226	5.1278
-1.49103	0.88564	5.14193	5.12912
-1.48675	0.883341	5.14357	5.12748
-1.4861	0.890569	5.14456	5.1232
-1.48708	0.888269	5.14555	5.12288
-1.48216	0.889912	5.14522	5.12583
-1.47756	0.889254	5.14587	5.12682
-1.47821	0.892868	5.14489	5.12616
-1.48051	0.896154	5.14357	5.12682
-1.4769	0.896482	5.14292	5.1255
-1.47493	0.902725	5.14489	5.12386
-1.46441	0.912581	5.14719	5.12419
-1.46376	0.916195	5.14686	5.12386
-1.46014	0.915866	5.14325	5.12485
-1.45324	0.914881	5.1416	5.12649
-1.44799	0.921452	5.14357	5.12518
-1.44306	0.911924	5.14653	5.12452
-1.44437	0.914881	5.14785	5.12419
-1.43057	0.926051	5.14587	5.12419
-1.42039	0.929665	5.1462	5.12485
-1.42269	0.927037	5.14522	5.12682
-1.41218	0.944121	5.14325	5.12945
-1.41612	0.941164	5.14193	5.13076
-1.4148	0.944121	5.14259	5.13109
-1.40298	0.957591	5.14456	5.1278
-1.39148	0.960877	5.14522	5.12452
-1.39148	0.962519	5.1439	5.1255
-1.38425	0.965148	5.14226	5.1255
-1.38064	0.974347	5.14325	5.12616
-1.37538	0.971061	5.14456	5.12386
-1.37801	0.979603	5.14555	5.12222
-1.37341	0.983217	5.14653	5.12452
-1.37078	0.978618	5.14522	5.12616
-1.36782	0.976975	5.14325	5.12649
-1.37012	0.976975	5.14325	5.12682
-1.36585	0.98946	5.1416	5.12682
-1.37045	0.987817	5.14193	5.12682
-1.37242	0.990445	5.14325	5.12649
-1.37965	0.982889	5.14456	5.12583
-1.38294	0.976647	5.14423	5.1232
-1.38294	0.986503	5.1439	5.12255
-1.37899	0.98486	5.14292	5.12419
-1.38294	0.981903	5.14259	5.12583
-1.38655	0.986174	5.14226	5.12452
-1.39016	0.980918	5.14423	5.12288
-1.38129	0.988145	5.14423	5.12222
-1.39016	0.977961	5.1439	5.12419
-1.39706	0.977632	5.14357	5.12616
-1.40035	0.974347	5.14325	5.1255
-1.39903	0.975989	5.1416	5.12583
-1.40331	0.981903	5.14127	5.12485
-1.40593	0.979932	5.14259	5.1255
-1.41612	0.975989	5.14555	5.12616
-1.4148	0.983217	5.14587	5.12649
-1.41546	0.980589	5.14423	5.12583
-1.42006	0.972704	5.14423	5.12518
-1.40889	0.990445	5.14489	5.12682
-1.40626	0.987488	5.14489	5.12813
-1.41086	0.987817	5.14456	5.12813
-1.41415	0.983546	5.14456	5.12748
-1.40889	0.978618	5.14259	5.12616
-1.40199	0.977632	5.14259	5.12649
-1.40199	0.974675	5.14259	5.12715
-1.40889	0.962848	5.14456	5.12715
-1.40823	0.960548	5.14686	5.1255
-1.40593	0.961862	5.14653	5.1232
-1.40199	0.970733	5.14522	5.12255
-1.40692	0.962848	5.14423	5.12386
-1.40101	0.986503	5.14456	5.12518
-1.40692	0.983217	5.14423	5.12682
-1.39805	0.98946	5.14522	5.12682
-1.39969	0.991431	5.14587	5.12485
-1.40331	0.986831	5.14653	5.1255
-1.40232	0.996688	5.14653	5.12748
-1.39772	0.997345	5.14423	5.12649
-1.39936	0.991431	5.14357	5.12846
-1.39805	0.987488	5.14357	5.1278
-1.39936	0.981903	5.14522	5.12583
-1.39838	0.981903	5.14456	5.12419
-1.40626	0.97369	5.1439	5.12255
-1.40528	0.978946	5.1439	5.12288
-1.41283	0.970733	5.14423	5.12485
-1.41678	0.960219	5.14423	5.12583
-1.40856	0.965805	5.14456	5.12649
-1.41448	0.960877	5.14357	5.12583
-1.41579	0.967119	5.14193	5.12583
-1.42006	0.967119	5.14226	5.12518
-1.42499	0.961205	5.1439	5.12649
-1.43025	0.959234	5.14423	5.1278
-1.43517	0.95792	5.1439	5.12748
-1.43123	0.955948	5.1439	5.12813
-1.43452	0.957591	5.14489	5.12748
-1.43649	0.959234	5.14719	5.12485
-1.43583	0.965476	5.14653	5.12583
-1.44634	0.95562	5.14489	5.12682
-1.45029	0.951677	5.14522	5.12715
-1.44634	0.945764	5.14522	5.12682
-1.44602	0.944449	5.14423	5.1255
-1.4493	0.930651	5.14325	5.12288
-1.44634	0.947078	5.1439	5.12419
-1.4562	0.937222	5.1439	5.12419
-1.46671	0.925723	5.14456	5.1255
-1.48018	0.906996	5.1439	5.12945
-1.48281	0.899439	5.1439	5.1301
-1.48183	0.900425	5.14292	5.12879
-1.48281	0.902068	5.14292	5.12583
-1.48445	0.906339	5.1439	5.12485
-1.48938	0.905024	5.14357	5.12485
-1.48905	0.895497	5.14325	5.12583
-1.48971	0.892868	5.1416	5.12583
-1.48347	0.898125	5.14193	5.12583
-1.49234	0.892868	5.14226	5.12485
-1.48708	0.89484	5.14325	5.1232
-1.48938	0.889583	5.14456	5.12353
-1.48873	0.900096	5.14456	5.1255
-1.48774	0.900096	5.14489	5.12813
-1.49431	0.893525	5.14489	5.12977
-1.48511	0.903053	5.14357	5.12879
-1.48544	0.896811	5.14357	5.1255
-1.48248	0.896154	5.1439	5.12386
-1.47591	0.902725	5.14489	5.12386
-1.47066	0.905024	5.14785	5.12386
-1.46474	0.920137	5.14785	5.12616
-1.47657	0.907324	5.14522	5.1278
-1.47394	0.907324	5.14325	5.12748
-1.46606	0.913895	5.14325	5.12813
-1.45784	0.916523	5.14259	5.12813
-1.45751	0.904367	5.14357	5.1278
-1.44602	0.916523	5.14423	5.12748
-1.43747	0.92638	5.1416	5.12649
-1.42269	0.935907	5.13963	5.12485
-1.41513	0.949378	5.14095	5.1255
-1.40593	0.954963	5.14423	5.12616
-1.4102	0.954634	5.14555	5.12649
-1.40725	0.962519	5.1439	5.12682
-1.40758	0.959891	5.14193	5.12419
-1.40265	0.966133	5.14292	5.12353
-1.38754	0.983217	5.14226	5.12583
-1.37866	0.992745	5.14325	5.12748
-1.38162	0.988145	5.14456	5.12879
-1.38096	0.995045	5.14423	5.12813
-1.37998	0.990774	5.14292	5.12879
-1.38064	0.988474	5.14193	5.12813
-1.38359	0.996688	5.14325	5.12813
-1.37735	0.998987	5.14423	5.12583
-1.37965	1.00162	5.14357	5.12419
-1.37702	1.00129	5.1416	5.12386
-1.39181	0.986503	5.14226	5.12288
-1.39181	0.989131	5.14357	5.1232
-1.39673	0.996688	5.14357	5.12353
-1.39509	0.995702	5.14357	5.12518
-1.40133	0.988474	5.14259	5.1255
-1.39181	0.994059	5.14325	5.12682
-1.39608	0.993731	5.14357	5.12748
-1.38984	1.00884	5.14226	5.12682
-1.39641	1.01246	5.14193	5.12682
-1.40955	1.00194	5.14226	5.12583
-1.40166	1.00293	5.14259	5.12518
-1.40133	1.00983	5.14292	5.12485
-1.40232	1.00457	5.14489	5.12419
-1.40922	0.988474	5.1439	5.12485
-1.40166	0.990445	5.14226	5.12419
-1.41185	0.983874	5.14062	5.12353
-1.4171	0.977632	5.14226	5.12452
-1.42532	0.966133	5.14423	5.12583
-1.42433	0.973361	5.14357	5.12518
-1.42565	0.966462	5.14259	5.12485
-1.43649	0.953977	5.14226	5.12386
-1.44536	0.94215	5.14193	5.1209
-1.44634	0.936564	5.14062	5.12123
-1.44503	0.935907	5.13963	5.12288
-1.43879	0.943135	5.13963	5.12353
-1.43649	0.943135	5.14062	5.12419
-1.45653	0.919809	5.14127	5.1232
-1.45587	0.907981	5.1416	5.12255
-1.45686	0.91718	5.14095	5.12386
-1.45554	0.918166	5.14062	5.12386
-1.45029	0.913238	5.14193	5.12386
-1.45456	0.921123	5.14522	5.12452
-1.45324	0.922766	5.14489	5.12419
-1.44897	0.925065	5.14522	5.12353
-1.43879	0.932622	5.14489	5.1232
-1.43583	0.935579	5.14423	5.12419
-1.42795	0.943135	5.14193	5.12649
-1.4194	0.944449	5.14062	5.12813
-1.42105	0.938207	5.14226	5.12715
-1.41086	0.938207	5.14325	5.12485
-1.41152	0.925394	5.14292	5.1255
-1.40758	0.920794	5.14259	5.12616
-1.40068	0.920137	5.14259	5.12616
-1.39082	0.923423	5.14193	5.12616
-1.39049	0.921123	5.14127	5.1255
-1.38984	0.913238	5.14325	5.12649
-1.39575	0.908967	5.14587	5.12682
-1.39838	0.918823	5.14653	5.12682
-1.40035	0.926708	5.1439	5.12518
-1.38852	0.940178	5.14226	5.12419
-1.38885	0.938536	5.14193	5.12386
-1.39049	0.934265	5.14193	5.12616
-1.39082	0.926708	5.14292	5.12485
-1.39443	0.925723	5.14259	5.12353
-1.38589	0.936236	5.14226	5.12386
-1.38556	0.949049	5.14226	5.12452
-1.37801	0.950363	5.14127	5.12583
-1.37341	0.961862	5.14193	5.12682
-1.37472	0.963176	5.14456	5.12748
-1.37636	0.960548	5.14522	5.12748
-1.38129	0.960548	5.14489	5.12682
-1.39443	0.95332	5.14423	5.12485
-1.40593	0.938536	5.14456	5.12419
-1.40593	0.930979	5.1439	5.12419
-1.41218	0.924408	5.14226	5.1255
-1.41842	0.910938	5.14029	5.12813
-1.42532	0.901082	5.1393	5.1301
-1.43057	0.898782	5.1416	5.12715
-1.44602	0.896811	5.14489	5.1255
-1.44766	0.899111	5.14555	5.12386
-1.45587	0.891883	5.14456	5.12485
-1.45062	0.896811	5.1416	5.12616
-1.4562	0.882684	5.14062	5.12846
-1.4585	0.878084	5.14095	5.12846
-1.45686	0.891226	5.14325	5.12748
-1.46146	0.887283	5.1439	5.12748
-1.46573	0.883998	5.14423	5.12748
-1.46737	0.881041	5.14456	5.12879
-1.47821	0.870856	5.14456	5.13076
-1.4815	0.862643	5.1439	5.12977
-1.47723	0.864285	5.14357	5.12616
-1.4769	0.871185	5.14489	5.1232
-1.47328	0.872499	5.14555	5.12255
-1.47033	0.877427	5.14555	5.12419
-1.45489	0.888597	5.14325	5.12583
-1.45981	0.877427	5.14029	5.12485
-1.45489	0.871185	5.14226	5.12419
-1.45587	0.863957	5.14522	5.12452
-1.44634	0.860343	5.14587	5.12419
-1.44733	0.857057	5.14489	5.12649
-1.44634	0.862643	5.1439	5.12813
-1.44142	0.862314	5.14292	5.12682
-1.44766	0.852786	5.14259	5.12616
-1.44043	0.859029	5.14292	5.12485
-1.43419	0.878741	5.14193	5.12485
-1.4309	0.873813	5.14259	5.12288
-1.42827	0.869213	5.14489	5.12123
-1.42696	0.875784	5.1462	5.12255
-1.42992	0.868228	5.14423	5.12649
-1.42335	0.867899	5.14423	5.12846
-1.41218	0.870856	5.1439	5.12846
-1.40593	0.885969	5.14357	5.12846
-1.39805	0.880055	5.14522	5.12583
-1.39279	0.885969	5.14357	5.12485
-1.40561	0.883012	5.14193	5.12518
-1.40528	0.884983	5.14193	5.12616
-1.41448	0.876113	5.14325	5.12583
-1.41053	0.887283	5.1439	5.1255
-1.41316	0.881369	5.14456	5.12386
-1.41513	0.886298	5.14292	5.12156
-1.4263	0.879398	5.14127	5.12255
-1.43386	0.870856	5.14095	5.12616
-1.42959	0.869542	5.14062	5.12846
-1.42565	0.865928	5.14095	5.12945
-1.42565	0.864614	5.14127	5.12682
-1.41842	0.866914	5.1416	5.12682
-1.43452	0.864942	5.14095	5.12649
-1.43912	0.866257	5.14193	5.12649
-1.44372	0.861328	5.14259	5.1278
-1.447	0.862314	5.1439	5.13109
-1.44996	0.861328	5.1439	5.13076
-1.45029	0.864285	5.14325	5.12945
-1.4493	0.862971	5.1439	5.1255
-1.44996	0.861328	5.14456	5.12353
-1.44602	0.851144	5.14423	5.12452
-1.45259	0.848515	5.14292	5.12748
-1.45554	0.844573	5.14292	5.12846
-1.46409	0.83176	5.14423	5.1278
-1.46836	0.822232	5.14522	5.12682
-1.46836	0.833731	5.14423	5.12649
-1.47131	0.83176	5.1416	5.12649
-1.47033	0.84523	5.14095	5.12715
-1.4654	0.84293	5.14193	5.12583
-1.46671	0.838659	5.14226	5.12649
-1.47296	0.823218	5.14193	5.12813
-1.47296	0.819275	5.14193	5.1278
-1.47394	0.816318	5.14292	5.12616
-1.48018	0.806462	5.14555	5.12386
-1.47756	0.804491	5.14686	5.1232
-1.48807	0.793649	5.14587	5.12353
-1.493	0.794963	5.14555	5.12419
-1.49333	0.793977	5.14522	5.1232
-1.48183	0.809747	5.14127	5.1232
-1.48051	0.814347	5.14062	5.12288
-1.4861	0.794634	5.14095	5.12255
-1.48511	0.803505	5.1416	5.12518
-1.47723	0.812047	5.1416	5.12682
-1.4723	0.808105	5.14193	5.12649
-1.46836	0.822889	5.14292	5.12682
-1.47	0.826174	5.14357	5.12583
-1.46737	0.82946	5.14423	5.12616
-1.46211	0.832745	5.14456	5.12485
-1.46507	0.836359	5.14357	5.12452
-1.45916	0.833074	5.14193	5.12616
-1.46901	0.833074	5.14062	5.12813
-1.46737	0.848515	5.14029	5.12813
-1.4585	0.8587	5.14127	5.12616
-1.44766	0.868228	5.14193	5.12583
-1.4332	0.872827	5.14127	5.12583
-1.43452	0.865928	5.13996	5.1278
-1.42696	0.875456	5.1393	5.12846
-1.42565	0.881698	5.14226	5.12715
-1.42466	0.900096	5.14653	5.12452
-1.41349	0.907324	5.14587	5.12386
-1.41119	0.909624	5.14423	5.12419
-1.40462	0.913895	5.14292	5.12748
-1.40298	0.91061	5.14292	5.12879
-1.40561	0.921123	5.14193	5.12846
-1.41678	0.911595	5.14095	5.12748
-1.41415	0.911267	5.14062	5.12583
-1.4079	0.911595	5.14062	5.12386
-1.41185	0.90831	5.14259	5.12452
-1.40232	0.912252	5.14489	5.12616
-1.40626	0.90831	5.14522	5.12748
-1.41086	0.905353	5.14292	5.12846
-1.40626	0.915209	5.14292	5.1278
-1.4102	0.923751	5.1462	5.12518
-1.40823	0.923751	5.14686	5.12485
-1.40922	0.917509	5.14489	5.12813
-1.41316	0.916852	5.14193	5.12879
-1.42335	0.906996	5.13963	5.12813
-1.4263	0.89484	5.1393	5.1255
-1.4309	0.90141	5.14226	5.12518
-1.43123	0.901082	5.14456	5.12353
-1.42269	0.91061	5.1462	5.12222
-1.43255	0.906996	5.14456	5.12255
-1.44043	0.900096	5.14292	5.12485
-1.4401	0.893525	5.14193	5.12715
-1.44207	0.881698	5.14292	5.12748
-1.4493	0.868556	5.14456	5.12715
-1.45686	0.861328	5.14719	5.1255
-1.46639	0.860014	5.14883	5.12583
-1.47624	0.855743	5.14686	5.12518
-1.47756	0.864614	5.14423	5.12452
-1.47723	0.859029	5.14292	5.12583
-1.48117	0.850815	5.1439	5.12616
-1.48445	0.84753	5.14555	5.12386
-1.47986	0.855086	5.1462	5.1232
-1.48478	0.8564	5.14587	5.12419
-1.48478	0.852786	5.14423	5.1255
-1.48216	0.854758	5.14193	5.12583
-1.47986	0.860343	5.14127	5.12748
-1.48281	0.846873	5.14029	5.12583
-1.48774	0.843587	5.1416	5.12386
-1.48577	0.848515	5.14325	5.12452
-1.47854	0.860343	5.14456	5.12649
-1.47164	0.8564	5.14456	5.1278
-1.47756	0.857386	5.14325	5.1278
-1.46934	0.860671	5.14029	5.1255
-1.47624	0.850815	5.14193	5.12485
-1.48248	0.842273	5.14423	5.12485
-1.48084	0.844901	5.14522	5.12682
-1.47526	0.844901	5.14522	5.12748
-1.48117	0.847201	5.14489	5.12748
-1.4769	0.855743	5.14489	5.12715
-1.48084	0.861	5.14423	5.12813
-1.47756	0.867899	5.14357	5.1278
-1.47164	0.8633	5.14357	5.12583
-1.4792	0.854429	5.14259	5.12583
-1.47558	0.849829	5.14292	5.12616
-1.47788	0.84523	5.14325	5.12715
-1.48183	0.835045	5.14456	5.12715
-1.48248	0.837673	5.14587	5.12485
-1.49037	0.835374	5.14522	5.12288
-1.48741	0.843259	5.14423	5.12288
-1.4907	0.837016	5.1439	5.12583
-1.49004	0.835702	5.14325	5.12748
-1.48478	0.843259	5.14325	5.12748
-1.48905	0.835045	5.1439	5.12748
-1.48971	0.820589	5.14456	5.12649
-1.49168	0.820918	5.14357	5.12715
-1.48314	0.824203	5.14325	5.12616
-1.47821	0.833074	5.14292	5.12485
-1.48478	0.837016	5.14325	5.1255
-1.48708	0.849501	5.14357	5.1278
-1.47526	0.8587	5.14456	5.1301
-1.48183	0.840959	5.14653	5.13076
-1.4907	0.834059	5.14686	5.12912
-1.49004	0.841944	5.14686	5.12682
-1.49563	0.837673	5.14587	5.12748
-1.50745	0.83176	5.14325	5.12977
-1.5045	0.839645	5.14226	5.12977
-1.50515	0.833402	5.14259	5.1278
-1.50515	0.828146	5.1439	5.12649
-1.50712	0.834059	5.14587	5.12583
-1.50088	0.84523	5.14423	5.12419
-1.49924	0.844573	5.1416	5.12255
-1.49924	0.842602	5.14029	5.12485
-1.49694	0.852458	5.14062	5.12813
-1.49727	0.861	5.14259	5.12879
-1.49168	0.864285	5.14522	5.1278
-1.4884	0.868885	5.14423	5.12518
-1.48971	0.870528	5.14292	5.12485
-1.49333	0.870856	5.14029	5.12583
-1.49234	0.869213	5.13865	5.12846
-1.48774	0.873484	5.13963	5.12977
-1.48708	0.860014	5.14193	5.13076
-1.4861	0.865928	5.14357	5.12912
-1.48741	0.870856	5.14489	5.12616
-1.49037	0.864285	5.14423	5.12452
-1.49333	0.862971	5.14456	5.12518
-1.48905	0.862971	5.14226	5.12616
-1.47854	0.868885	5.14325	5.12715
-1.47394	0.879398	5.14522	5.12649
-1.4769	0.877098	5.14817	5.12682
-1.46737	0.883669	5.14752	5.12715
-1.47066	0.878084	5.1439	5.12649
-1.46376	0.877098	5.14029	5.12485
-1.46146	0.884326	5.1393	5.12583
-1.45981	0.89024	5.14127	5.12715
-1.44043	0.896482	5.14226	5.12649
-1.44503	0.896811	5.14357	5.12616
-1.4424	0.894511	5.14423	5.12715
-1.43813	0.902725	5.14423	5.12748
-1.42335	0.909953	5.14259	5.12715
-1.42072	0.918495	5.14029	5.12616
-1.41743	0.920137	5.13963	5.12682
-1.42236	0.912252	5.13963	5.12912
-1.41842	0.924408	5.14095	5.12846
-1.41283	0.930322	5.14226	5.12583
-1.41546	0.928679	5.14259	5.12583
-1.40856	0.944121	5.14357	5.12715
-1.4079	0.947735	5.14522	5.12715
-1.40331	0.948392	5.14456	5.12649
-1.39673	0.950363	5.14357	5.1255
-1.40331	0.952334	5.14325	5.12386
-1.40331	0.95792	5.14259	5.12288
-1.39608	0.970076	5.14357	5.12419
-1.40265	0.974018	5.14325	5.12715
-1.40593	0.978289	5.14325	5.12682
-1.41152	0.975989	5.14193	5.12518
-1.41152	0.971061	5.14193	5.12518
-1.40298	0.977961	5.14423	5.12485
-1.40758	0.969419	5.1439	5.12419
-1.4102	0.964819	5.14325	5.12518
-1.4079	0.978289	5.14127	5.12616
-1.41513	0.975332	5.14062	5.12715
-1.4125	0.982889	5.14193	5.12682
-1.4125	0.987488	5.1439	5.12518
-1.4171	0.979603	5.14522	5.12419
-1.41382	0.985517	5.14423	5.12452
-1.42236	0.979932	5.14357	5.12485
-1.42433	0.977961	5.14292	5.12616
-1.42335	0.977304	5.14325	5.12682
-1.42433	0.970076	5.14357	5.12649
-1.42072	0.971061	5.14325	5.1255
-1.4263	0.962191	5.14226	5.12748
-1.43419	0.95562	5.14292	5.12616
-1.43419	0.956277	5.14259	5.12452
-1.42663	0.959234	5.14193	5.12616
-1.42729	0.961534	5.14029	5.12682
-1.41842	0.972375	5.14127	5.12419
-1.41415	0.976975	5.14259	5.12288
-1.40659	0.979603	5.1439	5.1232
-1.41152	0.974347	5.1439	5.12485
-1.41415	0.970404	5.14423	5.12649
-1.4079	0.966462	5.14555	5.12715
-1.41678	0.95332	5.14456	5.1255
-1.42269	0.954306	5.14456	5.12583
-1.41415	0.951677	5.1462	5.12583
-1.4079	0.961205	5.14489	5.12616
-1.39673	0.967776	5.14325	5.1278
-1.40199	0.960877	5.14325	5.12813
-1.40232	0.965476	5.14325	5.12748
-1.40988	0.957263	5.14292	5.12715
-1.40889	0.95562	5.14423	5.1255
-1.40725	0.962848	5.14686	5.12353
-1.39739	0.973033	5.14587	5.12353
-1.38951	0.976647	5.14259	5.12353
-1.39082	0.983217	5.14127	5.12386
-1.38852	0.989131	5.14226	5.12353
-1.38326	0.976975	5.14193	5.1232
-1.38458	0.972375	5.1416	5.12222
-1.38918	0.976318	5.1416	5.12419
-1.38721	0.972375	5.14029	5.12616
-1.38786	0.981246	5.1416	5.1278
-1.39608	0.971718	5.14292	5.12813
-1.39575	0.967119	5.1439	5.12649
-1.40396	0.947735	5.14456	5.1255
-1.38951	0.945435	5.14423	5.12419
-1.39509	0.940178	5.14456	5.12288
-1.40068	0.933936	5.14423	5.12353
-1.40331	0.931965	5.14292	5.12518
-1.40988	0.928679	5.1416	5.12682
-1.41119	0.924737	5.14193	5.1278
-1.41678	0.922766	5.1439	5.12715
-1.42367	0.916195	5.14423	5.12682
-1.42466	0.917509	5.1439	5.12616
-1.4263	0.911924	5.14357	5.12583
-1.44076	0.906339	5.14259	5.12583
-1.43452	0.909953	5.14095	5.12813
-1.44076	0.906667	5.14259	5.12682
-1.44372	0.895168	5.14489	5.12419
-1.44174	0.899111	5.14686	5.1232
-1.45062	0.894183	5.14653	5.1232
-1.45751	0.895497	5.14292	5.12386
-1.46277	0.886298	5.14095	5.12748
-1.46409	0.888597	5.14127	5.12912
-1.4746	0.881041	5.14259	5.12813
-1.47624	0.879727	5.14325	5.12682
-1.47526	0.879398	5.14292	5.12518
-1.48216	0.870856	5.14127	5.12353
-1.48741	0.863628	5.13996	5.12583
-1.48938	0.861	5.13996	5.12715
-1.4976	0.855415	5.13996	5.1278
-1.49234	0.853443	5.14029	5.1278
-1.48577	0.862643	5.14062	5.12715
-1.49333	0.855415	5.14259	5.12485
-1.49333	0.858043	5.14357	5.1232
-1.49595	0.852786	5.14325	5.12419
-1.50778	0.841616	5.14193	5.12616
-1.51107	0.830446	5.14062	5.12748
-1.51074	0.832088	5.14127	5.1255
-1.50187	0.837673	5.14292	5.12452
-1.50121	0.837016	5.1439	5.1255
-1.49431	0.844573	5.1439	5.12485
-1.48708	0.848844	5.14292	5.12452
-1.47723	0.852458	5.14193	5.12452
-1.46704	0.859686	5.14259	5.12485
-1.46441	0.863628	5.14522	5.12452
-1.45817	0.878084	5.14686	5.12419
-1.46179	0.859029	5.14686	5.12255
-1.46606	0.855415	5.14555	5.12222
-1.46934	0.861328	5.14325	5.12452
-1.46409	0.868228	5.14259	5.12649
-1.46639	0.863957	5.14127	5.12583
-1.46573	0.8587	5.1416	5.12353
-1.47131	0.856729	5.14292	5.12222
-1.46179	0.860343	5.14489	5.12288
-1.4585	0.877098	5.14489	5.12386
-1.45423	0.888269	5.14456	5.12518
-1.45751	0.876113	5.14357	5.12583
-1.45817	0.87447	5.14456	5.12616
-1.45521	0.868556	5.14653	5.12715
-1.45456	0.867899	5.14587	5.12715
-1.44963	0.87907	5.1439	5.1255
-1.46113	0.863628	5.14226	5.12518
-1.46014	0.875784	5.14193	5.12715
-1.45521	0.881698	5.14456	5.12879
-1.46113	0.879727	5.14423	5.1278
-1.47164	0.871842	5.14357	5.12682
-1.46244	0.879727	5.1439	5.12583
-1.45883	0.879727	5.1439	5.1255
-1.45653	0.893197	5.14292	5.12583
-1.45357	0.908638	5.14127	5.12518
-1.45554	0.909624	5.13963	5.12386
-1.45817	0.916852	5.13963	5.12419
-1.45226	0.919152	5.1416	5.12353
-1.44897	0.92408	5.14292	5.12353
-1.45193	0.924408	5.14325	5.1232
-1.4539	0.926051	5.1416	5.12386
-1.45489	0.927037	5.14029	5.1255
-1.4516	0.922437	5.14193	5.12649
-1.46146	0.917838	5.14226	5.12518
-1.45686	0.922109	5.14127	5.12353
-1.45916	0.920137	5.1416	5.12485
-1.4562	0.923751	5.14292	5.12616
-1.46277	0.915866	5.14423	5.12649
-1.46803	0.902725	5.14423	5.12649
-1.47328	0.896482	5.14357	5.12616
-1.47	0.907653	5.14226	5.12649
-1.46671	0.90601	5.1416	5.12583
-1.46901	0.907981	5.1416	5.12485
-1.4677	0.907981	5.14259	5.12649
-1.47328	0.913567	5.14357	5.12649
-1.48018	0.904367	5.14357	5.12616
-1.48051	0.901082	5.14325	5.12715
-1.47493	0.905353	5.14357	5.12748
-1.4746	0.897797	5.1439	5.12649
-1.46671	0.899111	5.14357	5.1255
-1.46901	0.893525	5.14193	5.12682
-1.45751	0.890897	5.14029	5.12682
-1.4516	0.886626	5.1393	5.12715
-1.43715	0.891883	5.14029	5.12715
-1.4332	0.899111	5.14259	5.12518
-1.43025	0.903053	5.14325	5.12485
-1.43123	0.901082	5.14522	5.12386
-1.43353	0.902725	5.14522	5.12353
-1.43287	0.905353	5.14522	5.12419
-1.4355	0.891883	5.14456	5.12419
-1.43222	0.902396	5.14357	5.12583
-1.43353	0.911595	5.14555	5.1278
-1.43057	0.923094	5.14719	5.12846
-1.43255	0.930651	5.1485	5.12912
-1.4355	0.929337	5.1462	5.12879
-1.42236	0.938207	5.14357	5.12748
-1.42006	0.949378	5.1416	5.12518
-1.41743	0.951677	5.14062	5.12485
-1.41119	0.952992	5.14062	5.12452
-1.41218	0.95102	5.1416	5.1255
-1.40988	0.957263	5.14325	5.12616
-1.41645	0.959562	5.14259	5.12649
-1.42203	0.954306	5.14259	5.12616
-1.4217	0.95332	5.14357	5.12452
-1.42729	0.956277	5.14259	5.1232
-1.42992	0.95562	5.14193	5.12485
-1.4332	0.958905	5.14292	5.12583
-1.42959	0.962519	5.14357	5.12583
-1.42532	0.958248	5.14357	5.1255
-1.42236	0.961534	5.14292	5.12682
-1.41973	0.969747	5.14062	5.12715
-1.41973	0.974018	5.14062	5.12616
-1.42565	0.96449	5.1416	5.1255
-1.43485	0.94872	5.14292	5.12518
-1.4378	0.945435	5.14226	5.12649
-1.44372	0.934922	5.14193	5.12945
-1.44339	0.93525	5.1416	5.12879
-1.44634	0.941164	5.1416	5.1278
-1.447	0.934593	5.1416	5.12682
-1.44536	0.942478	5.14292	5.1255
-1.45226	0.934593	5.14226	5.12583
-1.44897	0.938536	5.14062	5.1255
-1.45587	0.930979	5.13865	5.1255
-1.45817	0.929994	5.13996	5.12485
-1.45357	0.933279	5.14325	5.12485
-1.45916	0.92638	5.14522	5.12518
-1.45784	0.930979	5.14357	5.12748
-1.45291	0.938536	5.1416	5.1278
-1.45949	0.92638	5.14127	5.1255
-1.46014	0.922766	5.14193	5.12649
-1.46343	0.918823	5.14325	5.12682
-1.46474	0.918495	5.14325	5.12485
-1.4746	0.906339	5.14325	5.12419
-1.47624	0.916195	5.14423	5.12386
-1.46967	0.913895	5.14522	5.12419
-1.46047	0.915866	5.14456	5.12583
-1.46211	0.918495	5.1439	5.1255
-1.45554	0.923751	5.14193	5.12485
-1.46639	0.912581	5.14259	5.12189
-1.46507	0.917509	5.14456	5.1209
-1.46868	0.91718	5.14555	5.12255
-1.47394	0.903382	5.14259	5.12518
-1.46803	0.914881	5.14062	5.12616
-1.46671	0.920137	5.14127	5.12715
-1.45587	0.927037	5.14259	5.12748
-1.4562	0.923751	5.14423	5.12616
-1.44832	0.927037	5.14325	5.12485
-1.45029	0.933936	5.1416	5.12452
-1.45127	0.929994	5.13963	5.12485
-1.45291	0.926708	5.13865	5.1255
-1.46113	0.92178	5.14127	5.12616
-1.45719	0.927037	5.14357	5.12452
-1.46014	0.922109	5.14489	5.12386
-1.45193	0.928679	5.14587	5.12518
-1.45587	0.925065	5.14522	5.12715
-1.45653	0.920137	5.14357	5.12715
-1.45883	0.923094	5.14357	5.12452
-1.46014	0.923423	5.14489	5.12386
-1.45029	0.934265	5.14555	5.12419
-1.45784	0.929994	5.14555	5.1255
-1.45719	0.930651	5.14292	5.12583
-1.45489	0.936564	5.14029	5.12649
-1.45357	0.939193	5.14029	5.1278
-1.45751	0.932293	5.14127	5.12846
-1.45324	0.935579	5.14127	5.12715
-1.45456	0.935907	5.14193	5.1255
-1.4493	0.943135	5.14357	5.12353
-1.45489	0.936564	5.1439	5.12288
-1.45423	0.944449	5.14325	5.12353
-1.45259	0.94872	5.14357	5.12583
-1.44864	0.958248	5.14357	5.1278
-1.44306	0.969419	5.14325	5.12813
-1.44503	0.967119	5.14259	5.1278
-1.4447	0.966133	5.14325	5.12649
-1.4539	0.956605	5.14423	5.12452
-1.45291	0.966133	5.14259	5.12255
-1.45259	0.966133	5.1416	5.12353
-1.45291	0.97139	5.14029	5.12386
-1.45784	0.962848	5.14193	5.12485
-1.45226	0.970076	5.14423	5.12616
-1.45324	0.974347	5.1462	5.12715
-1.45193	0.970404	5.1462	5.12649
-1.45423	0.969747	5.14423	5.12616
-1.46179	0.962848	5.1416	5.12452
-1.4631	0.955948	5.13996	5.12583
-1.45981	0.965805	5.13865	5.12813
-1.46606	0.956934	5.13996	5.12682
-1.46211	0.956934	5.14127	5.12419
-1.45883	0.954306	5.14259	5.12288
-1.45817	0.953977	5.14325	5.12222
-1.45981	0.944778	5.1439	5.12452
-1.4585	0.944121	5.14555	5.1255
-1.45981	0.944121	5.14752	5.12485
-1.45719	0.943135	5.1485	5.12518
-1.45587	0.933936	5.14555	5.12419
-1.45521	0.933936	5.14325	5.12353
-1.45029	0.941493	5.14226	5.12353
-1.44766	0.937222	5.14226	5.12419
-1.4424	0.943792	5.14226	5.12353
-1.44174	0.941493	5.14456	5.12485
-1.44306	0.946749	5.14653	5.12518
-1.45226	0.929337	5.14686	5.12518
-1.44799	0.927694	5.1439	5.1255
-1.4516	0.930979	5.1416	5.12518
-1.43912	0.945107	5.14062	5.1232
-1.44043	0.946749	5.14095	5.12386
-1.44372	0.934265	5.14127	5.12419
-1.44109	0.945764	5.14226	5.1232
-1.44306	0.943464	5.1439	5.12353
-1.43944	0.941493	5.14522	5.12386
-1.44372	0.943464	5.14325	5.1255
-1.4355	0.952006	5.14226	5.12682
-1.4332	0.953649	5.14292	5.12682
-1.42499	0.955291	5.14292	5.12616
-1.43353	0.940507	5.14489	5.12616
-1.43912	0.938207	5.14423	5.12419
-1.44569	0.91948	5.14259	5.12222
-1.44372	0.925394	5.14226	5.12222
-1.44437	0.922766	5.14193	5.12386
-1.43287	0.920466	5.1416	5.12452
-1.42203	0.931308	5.14357	5.1255
-1.42565	0.929008	5.14423	5.12452
-1.41973	0.941493	5.14127	5.12452
-1.42597	0.938536	5.13963	5.12288
-1.42433	0.94215	5.14095	5.12222
-1.41973	0.955291	5.14259	5.12452
-1.42269	0.952334	5.1439	5.12649
-1.43025	0.949378	5.14489	5.12682
-1.42762	0.95792	5.1462	5.12715
-1.42795	0.962191	5.14752	5.12583
-1.42433	0.979603	5.14522	5.1255
-1.42762	0.982232	5.14259	5.12682
-1.43222	0.978289	5.14193	5.12649
-1.43616	0.975004	5.14456	5.12485
-1.43255	0.987817	5.1439	5.1255
-1.42466	0.993074	5.1416	5.12583
-1.42302	0.98716	5.14029	5.12583
-1.42105	0.985846	5.14127	5.12649
-1.42039	0.981575	5.14292	5.12649
-1.42138	0.981903	5.14325	5.1255
-1.41086	0.991759	5.14325	5.12419
-1.41152	0.984203	5.14456	5.12386
-1.41349	0.978946	5.14325	5.1232
-1.41152	0.967776	5.14127	5.12386
-1.40528	0.970076	5.14226	5.12288
-1.40363	0.976318	5.14325	5.12123
-1.40396	0.978289	5.14555	5.12353
-1.40988	0.980589	5.14587	5.1255
-1.40429	0.980589	5.14587	5.1255
-1.41119	0.981246	5.14423	5.12485
-1.41513	0.974347	5.14325	5.12452
-1.41645	0.980589	5.14292	5.12518
-1.42302	0.976975	5.1416	5.12682
-1.42696	0.967776	5.14127	5.12682
-1.43025	0.970404	5.14193	5.12649
-1.42959	0.96909	5.14357	5.12583
-1.41908	0.975332	5.1439	5.12452
-1.42466	0.960877	5.14423	5.12419
-1.42597	0.957263	5.14292	5.12616
-1.424	0.962191	5.14292	5.12583
-1.41579	0.96909	5.1416	5.1255
-1.41218	0.974018	5.14127	5.12485
-1.40298	0.978946	5.14193	5.12485
-1.40363	0.97369	5.14193	5.12485
-1.39706	0.972047	5.1393	5.12583
-1.39969	0.977304	5.13865	5.12649
-1.4125	0.966462	5.14062	5.12813
-1.42302	0.960548	5.14325	5.12879
-1.42762	0.952663	5.14489	5.1301
-1.42006	0.963176	5.14489	5.12715
-1.42795	0.960548	5.14325	5.12518
-1.43485	0.95562	5.14095	5.12583
-1.43025	0.960219	5.1393	5.12813
-1.42827	0.958248	5.14062	5.12977
-1.424	0.960877	5.14095	5.12682
-1.41579	0.977632	5.14127	5.12419
-1.4171	0.975661	5.1416	5.1232
-1.42992	0.971718	5.14095	5.12353
-1.44306	0.961205	5.14127	5.1255
-1.43287	0.970076	5.14259	5.1278
-1.4332	0.96679	5.14259	5.12715
-1.43682	0.960219	5.14325	5.12583
-1.44207	0.952006	5.1439	5.1255
-1.44667	0.940835	5.14357	5.12748
-1.44536	0.949378	5.1439	5.1278
-1.44503	0.956934	5.1439	5.12879
-1.45062	0.953649	5.14456	5.12846
-1.45127	0.946421	5.1462	5.12616
-1.447	0.959234	5.14719	5.12452
-1.45193	0.959891	5.14653	5.12485
-1.4585	0.961205	5.14259	5.12419
-1.4562	0.959891	5.1416	5.12485
-1.45521	0.957591	5.14292	5.12419
-1.46244	0.95102	5.14423	5.12583
-1.46639	0.940507	5.14555	5.1278
-1.46343	0.942807	5.14653	5.1278
-1.47591	0.930651	5.14653	5.12583
-1.4746	0.927037	5.14555	5.12485
-1.4792	0.925394	5.14522	5.12518
-1.47854	0.921123	5.14357	5.1255
-1.47493	0.917838	5.14095	5.12616
-1.47591	0.918495	5.1416	5.12715
-1.4884	0.898454	5.14292	5.12715
-1.48807	0.89254	5.14357	5.12452
-1.49168	0.887283	5.14259	5.1232
-1.49333	0.888926	5.14226	5.12353
-1.49135	0.898125	5.13996	5.12419
-1.48873	0.893197	5.14029	5.12616
-1.47723	0.90371	5.14357	5.12879
-1.47394	0.897468	5.14423	5.12813
-1.47098	0.90141	5.14325	5.1255
-1.47164	0.896811	5.14062	5.1232
-1.47328	0.895497	5.13897	5.12386
-1.47394	0.901739	5.13996	5.1255
-1.47756	0.899439	5.14292	5.12616
-1.48347	0.887283	5.1462	5.12518
-1.4723	0.89024	5.14522	5.12386
-1.4723	0.891554	5.14292	5.12386
-1.4677	0.896154	5.14193	5.12353
-1.4723	0.896154	5.14095	5.12386
-1.47131	0.904367	5.14029	5.12419
-1.46967	0.909624	5.14226	5.1255
-1.4608	0.925065	5.14522	5.12386
-1.46934	0.914881	5.14522	5.12353
-1.46474	0.910938	5.1439	5.12386
-1.46606	0.913895	5.14062	5.12583
-1.4631	0.916195	5.13996	5.12715
-1.4654	0.909624	5.1416	5.12583
-1.47098	0.90831	5.14357	5.12386
-1.46474	0.914552	5.14456	5.12156
-1.46507	0.912581	5.14555	5.11992
-1.4585	0.919809	5.1439	5.12156
-1.4654	0.910281	5.14325	5.12353
-1.45949	0.915538	5.14357	5.12682
-1.45883	0.91948	5.14357	5.12748
-1.45226	0.925723	5.14292	5.12715
-1.44667	0.934265	5.14259	5.12682
-1.44503	0.938536	5.14193	5.12715
-1.44569	0.934922	5.14062	5.12715
-1.44372	0.929337	5.1393	5.12715
-1.44569	0.922109	5.14095	5.12715
-1.44602	0.932622	5.14325	5.12715
-1.45193	0.931308	5.14489	5.12748
-1.44733	0.931636	5.14587	5.12682
-1.44733	0.935579	5.14555	5.12485
-1.44602	0.946092	5.14325	5.12485
-1.44437	0.949049	5.14127	5.12715
-1.43452	0.961205	5.1416	5.12813
-1.42367	0.96909	5.14127	5.12945
-1.424	0.963176	5.14226	5.13043
-1.42597	0.959891	5.1439	5.12813
-1.42696	0.962191	5.14522	5.12682
-1.42105	0.967776	5.1439	5.12583
-1.40988	0.978289	5.14357	5.12583
-1.41743	0.975989	5.14325	5.12583
-1.42039	0.983874	5.14423	5.12452
-1.42138	0.983217	5.14522	5.12353
-1.41645	0.989788	5.14653	5.1232
-1.41382	0.990117	5.14489	5.1232
-1.4102	0.990445	5.14259	5.1255
-1.40659	0.993731	5.1416	5.12977
-1.40626	0.98716	5.14292	5.13076
-1.40889	0.985189	5.1439	5.12912
-1.40363	0.985517	5.14653	5.1278
-1.39871	0.98486	5.1462	5.12616
-1.40035	0.989788	5.14555	5.12518
-1.38754	0.993731	5.14522	5.1255
-1.38064	1.01541	5.14423	5.12649
-1.37866	1.02001	5.14325	5.12682
-1.37571	1.02593	5.1416	5.12649
-1.36519	1.0325	5.14226	5.12518
-1.36881	1.03184	5.14292	5.12386
-1.37078	1.02264	5.14423	5.12288
-1.37078	1.01509	5.14325	5.12386
-1.37636	1.0072	5.14259	5.12518
-1.37801	1.01016	5.14456	5.12715
-1.38556	0.995373	5.14555	5.12813
-1.39115	0.99603	5.14653	5.12682
-1.38754	1.00359	5.14456	5.12583
-1.38096	1.00589	5.14292	5.12353
-1.38458	0.998002	5.14292	5.12419
-1.37998	1.0072	5.14456	5.12583
-1.38458	1.0003	5.14489	5.12813
-1.38392	1.00129	5.14456	5.12813
-1.38392	0.999644	5.1439	5.12682
-1.37045	1.01673	5.14226	5.12485
-1.37472	1.01673	5.13963	5.12386
-1.37932	1.00884	5.13832	5.12386
-1.38031	1.01213	5.14127	5.12583
-1.38392	1.0141	5.14522	5.12682
-1.38096	1.01509	5.14817	5.12748
-1.38425	1.01114	5.14653	5.12748
-1.37834	1.01673	5.14522	5.12616
-1.38721	1.0095	5.14555	5.12682
-1.38425	1.01114	5.14587	5.12715
-1.39016	1.01377	5.14456	5.12616
-1.39181	1.01081	5.14456	5.12485
-1.39082	1.01311	5.14686	5.12419
-1.37505	1.02757	5.14785	5.12419
-1.37308	1.02626	5.14489	5.12616
-1.38425	1.01673	5.14193	5.12846
-1.37636	1.02264	5.1416	5.12912
-1.37144	1.02954	5.14292	5.12879
-1.37242	1.01837	5.14357	5.12682
-1.36585	1.021	5.14325	5.1255
-1.36815	1.01574	5.14325	5.12682
-1.36487	1.02034	5.14325	5.12748
-1.37275	1.01016	5.14226	5.12879
-1.37505	1.0118	5.14259	5.12813
-1.36519	1.01739	5.14292	5.12616
-1.36454	1.0095	5.14357	5.12485
-1.36519	1.00556	5.14456	5.12419
-1.36585	1.01377	5.14357	5.12386
-1.37012	1.0003	5.1439	5.12353
-1.38031	0.989788	5.14423	5.12419
-1.39213	0.983217	5.14522	5.12518
-1.39903	0.977304	5.14522	5.12616
-1.40528	0.97369	5.14522	5.12485
-1.4125	0.964819	5.14555	5.12386
-1.42302	0.957263	5.14456	5.12452
-1.42367	0.963833	5.1416	5.12682
-1.41973	0.966462	5.14029	5.13109
-1.42138	0.964162	5.14062	5.13076
-1.40528	0.974018	5.14193	5.1301
-1.4079	0.971718	5.14456	5.12846
-1.41086	0.970404	5.14456	5.12715
-1.41185	0.963833	5.14357	5.12452
-1.40856	0.962191	5.14259	5.12386
-1.41645	0.955291	5.14127	5.12616
-1.4125	0.954963	5.14062	5.12649
-1.40922	0.957591	5.14062	5.12682
-1.42138	0.944121	5.1416	5.12518
-1.42433	0.949706	5.14292	5.12419
-1.42893	0.946092	5.14456	5.12353
-1.42433	0.956934	5.14423	5.12353
-1.4332	0.955948	5.14292	5.12583
-1.43682	0.949378	5.14259	5.12813
-1.4263	0.964162	5.14292	5.1278
-1.42729	0.963176	5.14423	5.12518
-1.43057	0.969419	5.14653	5.12452
-1.43057	0.974675	5.1462	5.12419
-1.43123	0.972704	5.14522	5.12518
-1.4286	0.973033	5.14226	5.12649
-1.42532	0.979275	5.1393	5.1278
-1.43123	0.97139	5.14062	5.12813
-1.43156	0.972375	5.14325	5.12682
-1.43025	0.970076	5.14489	5.12583
-1.42696	0.971718	5.1462	5.12616
-1.42762	0.972047	5.14653	5.12715
-1.42926	0.966133	5.14522	5.12616
-1.42959	0.976975	5.14423	5.12583
-1.43222	0.975004	5.14357	5.12518
-1.4332	0.971718	5.14325	5.12386
-1.43156	0.971061	5.1416	5.12222
-1.43287	0.966133	5.14193	5.12386
-1.43879	0.95332	5.14062	5.12518
-1.44503	0.951677	5.13996	5.1255
-1.44207	0.94872	5.14062	5.12715
-1.4424	0.949049	5.14259	5.1278
-1.44043	0.947406	5.14325	5.12715
-1.43583	0.944449	5.14357	5.12715
-1.43419	0.945764	5.14456	5.12616
-1.43156	0.952334	5.1439	5.12452
-1.43583	0.943464	5.14489	5.12452
-1.42597	0.952663	5.14522	5.12485
-1.4309	0.944449	5.1439	5.12485
-1.43944	0.932293	5.1439	5.1255
-1.43287	0.939193	5.14423	5.12485
-1.44043	0.927037	5.14489	5.12616
-1.45193	0.923094	5.14423	5.12813
-1.45029	0.931636	5.14357	5.12879
-1.4516	0.924408	5.1439	5.12682
-1.46146	0.90371	5.14456	5.12452
-1.46047	0.901739	5.14555	5.1232
-1.46113	0.899111	5.14653	5.1232
-1.45817	0.90601	5.14489	5.12288
-1.46639	0.902068	5.1439	5.12386
-1.46836	0.901082	5.14456	5.12748
-1.4654	0.901739	5.14653	5.12813
-1.4723	0.893854	5.14686	5.12682
-1.47756	0.898454	5.14653	5.12485
-1.48314	0.892868	5.14456	5.12485
-1.47526	0.900753	5.14456	5.12419
-1.48248	0.89484	5.14489	5.12485
-1.47854	0.895168	5.14555	5.12452
-1.47328	0.898454	5.14555	5.12583
-1.46868	0.889254	5.14653	5.12583
-1.46803	0.886298	5.14653	5.12583
-1.47033	0.883669	5.14555	5.12419
-1.46047	0.882027	5.14456	5.12419
-1.45291	0.884326	5.1439	5.12419
-1.43715	0.888926	5.14456	5.12222
-1.43353	0.903382	5.14489	5.12189
-1.44076	0.889583	5.1439	5.1232
-1.43287	0.896154	5.14357	5.12419
-1.42236	0.895497	5.14292	5.12583
-1.41908	0.91061	5.14259	5.1278
-1.4125	0.918495	5.14357	5.12715
-1.41973	0.913238	5.14555	5.12682
-1.41546	0.911595	5.1462	5.12682
-1.40363	0.901082	5.14456	5.12616
-1.40002	0.894511	5.14456	5.1255
-1.39575	0.892211	5.14423	5.1255
-1.40429	0.888597	5.14357	5.12452
-1.39673	0.893525	5.14325	5.12485
-1.39805	0.897468	5.14489	5.12452
-1.39509	0.893854	5.14653	5.12353
-1.39181	0.900753	5.14785	5.1232
-1.40035	0.906996	5.14587	5.12255
-1.39838	0.905024	5.1439	5.12419
-1.40856	0.904367	5.14292	5.12715
-1.40429	0.907981	5.14193	5.12616
-1.41283	0.910938	5.14325	5.12452
-1.41579	0.918166	5.1439	5.12485
-1.41218	0.922109	5.14522	5.12419
-1.42203	0.91718	5.14555	5.12485
-1.42236	0.926051	5.1439	5.12518
-1.4332	0.922109	5.14226	5.1255
-1.43452	0.920794	5.14193	5.12682
-1.43156	0.928022	5.14325	5.12682
-1.41546	0.945435	5.1439	5.12386
-1.40955	0.944449	5.14292	5.12386
-1.40659	0.945107	5.14226	5.12485
-1.40199	0.958577	5.14555	5.12583
-1.4079	0.962848	5.14587	5.12748
-1.40199	0.96679	5.1439	5.12682
-1.39279	0.974018	5.14259	5.12452
-1.39082	0.969419	5.14489	5.12288
-1.39312	0.956934	5.14686	5.12386
-1.39739	0.954306	5.14587	5.1255
-1.39706	0.962848	5.14325	5.12583
-1.39411	0.972047	5.14325	5.12583
-1.38852	0.972704	5.14259	5.12715
-1.39673	0.975661	5.14357	5.12912
-1.40101	0.974347	5.14456	5.12879
-1.40133	0.970733	5.14489	5.12518
-1.39608	0.969747	5.14456	5.12353
-1.39476	0.96449	5.14292	5.12353
-1.39838	0.97139	5.14226	5.12485
-1.38688	0.974347	5.14226	5.1255
-1.38918	0.961205	5.14325	5.12452
-1.39903	0.948392	5.1439	5.12386
-1.39246	0.964819	5.14357	5.12485
-1.38458	0.977632	5.1416	5.12583
-1.39279	0.966462	5.14127	5.12682
-1.38852	0.966462	5.14259	5.1301
-1.38688	0.959891	5.14292	5.13142
-1.39509	0.957263	5.14292	5.13142
-1.39279	0.95332	5.14259	5.13043
-1.39673	0.956277	5.14226	5.12715
-1.38458	0.961862	5.14292	5.12518
-1.38359	0.968104	5.14357	5.12616
-1.37636	0.969419	5.14357	5.1255
-1.37932	0.967776	5.1439	5.12583
-1.37965	0.972047	5.14555	5.12485
-1.38228	0.978946	5.1462	5.12583
-1.38688	0.977961	5.14587	5.12616
-1.38819	0.971718	5.14587	5.12682
-1.38885	0.961205	5.1462	5.1255
-1.39148	0.958577	5.14719	5.1255
-1.39181	0.949378	5.14752	5.12748
-1.38885	0.946749	5.14653	5.12846
-1.39608	0.941821	5.14489	5.1278
-1.39706	0.939521	5.14357	5.12682
-1.40068	0.937879	5.14062	5.12649
-1.40363	0.93525	5.14062	5.12583
-1.40495	0.939193	5.1416	5.12485
-1.40725	0.934265	5.14357	5.12518
-1.4125	0.934265	5.14489	5.12386
-1.41218	0.930651	5.14489	5.12518
-1.43222	0.919152	5.14325	5.1255
-1.42959	0.918823	5.14226	5.12715
-1.43189	0.91718	5.14095	5.12715
-1.4332	0.922437	5.14127	5.12616
-1.43846	0.916195	5.1416	5.12813
-1.43912	0.913895	5.14259	5.12977
-1.44142	0.904696	5.14259	5.13043
-1.44437	0.899111	5.14325	5.1301
-1.44404	0.898454	5.14522	5.1301
-1.447	0.884655	5.14653	5.12879
-1.44832	0.882684	5.14587	5.12748
-1.45719	0.873156	5.14587	5.12616
-1.46014	0.871513	5.14653	5.12485
-1.45784	0.875456	5.1462	5.12583
-1.46573	0.866914	5.14555	5.12682
-1.47197	0.860014	5.14357	5.12682
-1.4746	0.867899	5.14029	5.12748
-1.47624	0.870856	5.14127	5.12682
-1.47756	0.864942	5.14292	5.12452
-1.47723	0.864942	5.14456	5.12485
-1.4723	0.868885	5.14489	5.1255
-1.47624	0.878413	5.14456	5.12649
-1.4723	0.87677	5.14555	5.12616
-1.46474	0.884326	5.14587	5.12419
-1.47131	0.887283	5.14456	5.12288
-1.4746	0.88564	5.14357	5.12222
-1.48084	0.880712	5.14325	5.12058
-1.4792	0.878084	5.14259	5.1209
-1.47493	0.878413	5.14357	5.12222
-1.46376	0.884655	5.14456	5.12485
-1.4654	0.889254	5.14522	5.12813
-1.47296	0.882027	5.14587	5.12945
-1.47	0.87677	5.14587	5.12748
-1.47328	0.871842	5.14325	5.12649
-1.47657	0.875456	5.14259	5.12616
-1.47526	0.877427	5.14292	5.12649
-1.47131	0.877427	5.14423	5.12682
-1.4631	0.876441	5.14325	5.12518
-1.4608	0.871842	5.14259	5.12386
-1.46737	0.875784	5.14259	5.12288
-1.46639	0.874799	5.14259	5.12386
-1.46113	0.879398	5.14259	5.1255
-1.46146	0.885312	5.14325	5.12748
-1.45653	0.880712	5.14193	5.12682
-1.44569	0.888597	5.14193	5.12485
-1.447	0.895168	5.14357	5.12386
-1.44339	0.888269	5.14522	5.12485
-1.43386	0.900425	5.14522	5.12649
-1.42335	0.917509	5.14259	5.1278
-1.41776	0.926708	5.13996	5.12912
-1.40495	0.922437	5.1393	5.12748
-1.40363	0.929337	5.1416	5.12616
-1.39509	0.933608	5.14456	5.12485
-1.39871	0.935579	5.14456	5.12518
-1.41086	0.939521	5.14456	5.1278
-1.41546	0.936236	5.1439	5.12912
-1.41645	0.938864	5.14357	5.12748
-1.42006	0.931636	5.14423	5.12649
-1.41349	0.930322	5.14423	5.12583
-1.41743	0.930651	5.14259	5.12616
-1.42762	0.922109	5.14259	5.12386
-1.42926	0.929337	5.1416	5.12288
-1.42696	0.922766	5.13996	5.12386
-1.42236	0.925065	5.14029	5.12748
-1.42367	0.928022	5.14325	5.12879
-1.43025	0.921452	5.14423	5.12846
-1.43025	0.920794	5.14259	5.12649
-1.43747	0.919152	5.14095	5.1232
-1.43123	0.938864	5.14095	5.1232
-1.43025	0.950363	5.1416	5.12518
-1.43386	0.95332	5.14259	5.12748
-1.43287	0.956277	5.14292	5.12682
-1.42893	0.963833	5.1439	5.12649
-1.43255	0.95562	5.14357	5.12583
-1.43189	0.954634	5.1439	5.1255
-1.43977	0.953977	5.14456	5.1278
-1.43025	0.957263	5.14456	5.12945
-1.44109	0.951677	5.14423	5.13043
-1.43649	0.950692	5.14292	5.12846
-1.42729	0.962191	5.14325	5.12616
-1.424	0.970404	5.14292	5.12353
-1.42203	0.962519	5.14193	5.1232
-1.42565	0.956934	5.14226	5.12353
-1.42138	0.960877	5.14226	5.12419
-1.42006	0.958905	5.14095	5.12386
-1.41645	0.961205	5.14029	5.1232
-1.42072	0.950035	5.1416	5.12288
-1.42499	0.938864	5.14456	5.12189
-1.42236	0.940178	5.14653	5.12222
-1.42302	0.944778	5.14587	5.12485
-1.41513	0.952334	5.14456	5.12616
-1.41283	0.951677	5.14423	5.12583
-1.40922	0.95792	5.14522	5.12518
-1.41382	0.942807	5.14522	5.12616
-1.41776	0.941493	5.1439	5.12616
-1.4102	0.945107	5.14127	5.1255
-1.40823	0.956605	5.13996	5.12748
-1.39838	0.970404	5.13897	5.12846
-1.38852	0.974675	5.14062	5.12846
-1.38458	0.989788	5.14423	5.12748
-1.37768	0.999644	5.14686	5.12485
-1.37144	1.00457	5.14555	5.12386
-1.37111	1.00589	5.14193	5.12452
-1.36158	1.01016	5.13963	5.12616
-1.36421	1.00589	5.14095	5.12682
-1.36027	1.00983	5.14193	5.12682
-1.36979	1.00819	5.14259	5.12649
-1.36684	1.01147	5.14292	5.12649
-1.36947	1.00227	5.14226	5.12682
-1.37538	0.993402	5.14193	5.12616
-1.37899	0.988474	5.1416	5.1255
-1.39838	0.980918	5.14226	5.12485
-1.39181	0.992088	5.14456	5.12682
-1.40166	0.988145	5.14587	5.12682
-1.40856	0.98026	5.14522	5.12649
-1.40955	0.975332	5.14423	5.12715
-1.4079	0.966462	5.14292	5.1278
-1.40725	0.968762	5.14095	5.12813
-1.40495	0.967447	5.14259	5.12748
-1.40495	0.97139	5.14522	5.12485
-1.424	0.950692	5.1462	5.1255
-1.42565	0.95102	5.14555	5.12616
-1.42893	0.950035	5.14456	5.12518
-1.42532	0.946421	5.14357	5.12452
-1.42893	0.945107	5.14456	5.12485
-1.42696	0.944121	5.1462	5.1255
-1.43517	0.933936	5.14785	5.12419
-1.44437	0.921452	5.14752	5.12353
-1.44339	0.92178	5.14653	5.1232
-1.44766	0.908967	5.14587	5.12353
-1.45291	0.904367	5.14456	5.12419
-1.45357	0.905353	5.14325	5.12452
-1.45719	0.90141	5.14259	5.12419
-1.45817	0.900096	5.14259	5.12583
-1.45883	0.904367	5.14292	5.12649
-1.45949	0.896811	5.14357	5.1255
-1.45127	0.906996	5.1439	5.12419
-1.45094	0.904039	5.14292	5.12419
-1.46014	0.892211	5.14062	5.12386
-1.46441	0.89024	5.14062	5.12518
-1.46704	0.87907	5.14226	5.12485
-1.46277	0.875456	5.14489	5.12485
-1.46573	0.876441	5.14555	5.1255
-1.4677	0.873156	5.1439	5.12649
-1.46113	0.87677	5.14259	5.12616
-1.46244	0.879398	5.14325	5.12518
-1.46277	0.888597	5.14456	5.12583
-1.45981	0.879398	5.14653	5.1255
-1.4608	0.871513	5.14752	5.12748
-1.46441	0.867899	5.14719	5.12715
-1.46113	0.872499	5.14456	5.12813
-1.4585	0.883669	5.14259	5.1278
-1.45291	0.891554	5.14095	5.12813
-1.44503	0.895497	5.14095	5.12715
-1.4447	0.899111	5.13963	5.12518
-1.43189	0.915866	5.13963	5.12353
-1.42827	0.922766	5.14259	5.12452
-1.42367	0.91948	5.14325	5.12649
-1.42203	0.914881	5.14259	5.12748
-1.41842	0.921452	5.14325	5.1301
-1.41316	0.927694	5.14489	5.12912
-1.40725	0.934593	5.1462	5.12682
-1.41152	0.928351	5.14522	5.12485
-1.4125	0.932293	5.14325	5.12353
-1.41218	0.928351	5.1416	5.12452
-1.41053	0.933279	5.14062	5.12485
-1.42597	0.921123	5.13996	5.12518
-1.42663	0.912581	5.14062	5.1255
-1.42992	0.912909	5.14193	5.12518
-1.44207	0.892211	5.14259	5.12616
-1.4378	0.900753	5.14095	5.12682
-1.44536	0.894183	5.13667	5.12715
-1.44864	0.888926	5.137	5.12682
-1.44766	0.89484	5.1393	5.12583
-1.45456	0.885312	5.13897	5.12583
-1.45653	0.890569	5.13996	5.12485
-1.45817	0.885969	5.1416	5.12222
-1.4631	0.892211	5.14193	5.12255
-1.47	0.879398	5.14193	5.12649
-1.47394	0.884326	5.14292	5.12945
-1.47986	0.882355	5.1439	5.1301
-1.49234	0.878084	5.14456	5.12977
-1.49464	0.876441	5.14423	5.12715
-1.49201	0.880055	5.14423	5.12649
-1.49431	0.877098	5.14357	5.12715
-1.49464	0.883669	5.14489	5.12748
-1.50384	0.876113	5.14423	5.12649
-1.51337	0.874799	5.14357	5.12485
-1.51567	0.866585	5.14522	5.12386
-1.51599	0.8633	5.14752	5.12419
-1.51632	0.863957	5.14653	5.12452
-1.51665	0.859686	5.14325	5.12616
-1.5137	0.855086	5.14259	5.12748
-1.50877	0.861328	5.14095	5.12649
-1.51271	0.866257	5.14062	5.12386
-1.51534	0.859686	5.14127	5.12222
-1.51698	0.854101	5.14193	5.12222
-1.51337	0.855743	5.14095	5.12452
-1.51172	0.860671	5.13996	5.12649
-1.50647	0.864614	5.13996	5.12583
-1.50384	0.856729	5.14062	5.12485
-1.50252	0.870199	5.14292	5.12583
-1.49201	0.881369	5.1439	5.1255
-1.49004	0.878084	5.14423	5.1255
-1.48478	0.884983	5.1439	5.1255
-1.46934	0.903053	5.14259	5.12813
-1.46244	0.91061	5.14062	5.12846
-1.45949	0.915538	5.14062	5.12748
-1.45324	0.916195	5.14127	5.12583
-1.44667	0.926051	5.14292	5.12715
-1.43944	0.927037	5.14292	5.12649
-1.43944	0.932293	5.14325	5.12419
-1.43485	0.934593	5.14259	5.12386
-1.42795	0.946749	5.14029	5.12452
-1.41973	0.950692	5.14095	5.12452
-1.41415	0.956277	5.14423	5.12452
-1.40856	0.959891	5.14653	5.12386
-1.40331	0.971718	5.14555	5.1232
-1.40528	0.975332	5.14357	5.12386
-1.39608	0.982889	5.14357	5.12518
-1.40331	0.973361	5.14587	5.12715
-1.41086	0.967776	5.14686	5.12846
-1.40955	0.964819	5.14686	5.12682
-1.4171	0.952006	5.14522	5.12649
-1.41612	0.953649	5.14423	5.12748
-1.4148	0.959891	5.14292	5.12682
-1.42269	0.958577	5.1416	5.12518
-1.4309	0.956605	5.14226	5.1255
-1.42926	0.952992	5.14522	5.12616
-1.42827	0.951349	5.14719	5.1255
-1.43189	0.951349	5.1462	5.12616
-1.447	0.936236	5.14357	5.12616
-1.45291	0.924408	5.13963	5.12682
-1.46507	0.91718	5.13865	5.12748
-1.46376	0.913238	5.13963	5.12813
-1.4585	0.931965	5.14127	5.12748
-1.45751	0.932293	5.14226	5.12846
-1.46704	0.921123	5.14193	5.12846
-1.47098	0.92408	5.14062	5.12813
-1.4677	0.923423	5.14062	5.12649
-1.46868	0.923751	5.14095	5.12485
-1.47033	0.92638	5.14062	5.12452
-1.47361	0.915538	5.14226	5.12616
-1.47887	0.912252	5.14325	5.12452
-1.48117	0.905024	5.14522	5.12518
-1.4792	0.905024	5.14456	5.12485
-1.48183	0.900753	5.14357	5.12518
-1.48216	0.90371	5.14357	5.12452
-1.49201	0.889912	5.14456	5.12616
-1.48774	0.893197	5.14456	5.12715
-1.48971	0.889254	5.14325	5.1255
-1.49333	0.885969	5.14127	5.12452
-1.48413	0.89484	5.1416	5.12518
-1.47986	0.902725	5.14127	5.12649
-1.48248	0.89484	5.14127	5.12616
-1.47591	0.90371	5.14292	5.12518
-1.4769	0.894511	5.1439	5.12518
-1.48216	0.891226	5.14522	5.1255
-1.48774	0.886626	5.14522	5.1255
-1.49201	0.879727	5.1439	5.12583
-1.47657	0.878084	5.14259	5.12583
-1.47953	0.87447	5.14456	5.12485
-1.47788	0.880712	5.1462	5.12649
-1.4769	0.883012	5.14785	5.12616
-1.47493	0.886626	5.14686	5.12518
-1.47394	0.882027	5.1439	5.12649
-1.4723	0.881369	5.14292	5.12715
-1.4631	0.884326	5.14292	5.12616
-1.4631	0.884655	5.14522	5.12748
-1.45817	0.883012	5.14686	5.12682
-1.46244	0.886955	5.14752	5.12649
-1.45751	0.89024	5.1462	5.12649
-1.45751	0.883012	5.14555	5.12682
-1.46836	0.881041	5.14325	5.12682
-1.47427	0.881369	5.14226	5.12682
-1.47558	0.883669	5.14357	5.12682
-1.48084	0.879398	5.1439	5.12813
-1.48117	0.874142	5.14456	5.12945
-1.49168	0.860671	5.14522	5.12813
-1.47624	0.884983	5.14456	5.12715
-1.47821	0.882355	5.13996	5.12682
-1.48117	0.874142	5.13865	5.1255
-1.48314	0.871842	5.13963	5.12518
-1.4976	0.864942	5.14127	5.1255
-1.50351	0.857057	5.14259	5.12452
-1.5114	0.847201	5.14259	5.12452
-1.51271	0.84293	5.14127	5.12649
-1.52322	0.830117	5.14226	5.12649
-1.52552	0.82946	5.14325	5.1278
-1.52125	0.834388	5.14292	5.12748
-1.52848	0.828146	5.14357	5.12682
-1.53341	0.816318	5.1439	5.12616
-1.53374	0.822232	5.14292	5.1255
-1.53998	0.810076	5.14292	5.1255
-1.54064	0.818618	5.1439	5.12583
-1.53998	0.816975	5.14522	5.12518
-1.54294	0.813361	5.14456	5.12419
-1.54819	0.803177	5.14423	5.1255
-1.55542	0.791678	5.14423	5.12616
-1.55476	0.790035	5.1439	5.12649
-1.54983	0.801862	5.14423	5.12485
-1.54885	0.798248	5.14489	5.1232
-1.54951	0.793977	5.14456	5.12288
-1.55772	0.776565	5.14423	5.1255
-1.55411	0.783136	5.14423	5.12649
-1.54753	0.790692	5.14357	5.12485
-1.54392	0.787407	5.14193	5.12386
-1.54819	0.787735	5.14226	5.1232
-1.54688	0.785107	5.14259	5.12255
-1.54261	0.792006	5.1439	5.12353
-1.53571	0.801534	5.1462	5.12419
-1.53012	0.803834	5.14785	5.1255
-1.52717	0.810404	5.14555	5.12748
-1.52322	0.808762	5.14259	5.1278
-1.52224	0.808433	5.14062	5.1278
-1.51665	0.810404	5.14226	5.12846
-1.51829	0.802848	5.14489	5.12846
-1.51862	0.813033	5.14555	5.12715
-1.5091	0.824532	5.14752	5.12518
-1.50844	0.824203	5.14719	5.12386
-1.50482	0.821575	5.14456	5.12485
-1.4953	0.835374	5.1416	5.12682
-1.48347	0.838331	5.14193	5.12846
-1.47263	0.847858	5.14259	5.12813
-1.46146	0.859686	5.1439	5.12748
-1.45916	0.856729	5.14423	5.12649
-1.44897	0.862643	5.14325	5.12748
-1.43912	0.877427	5.14062	5.12682
-1.42992	0.891554	5.13963	5.12419
-1.42039	0.897797	5.14127	5.12419
-1.41579	0.908967	5.14555	5.12452
-1.4125	0.906339	5.14817	5.12452
-1.41776	0.91718	5.14719	5.12485
-1.4194	0.912252	5.14489	5.12616
-1.42269	0.917838	5.14489	5.12485
-1.41283	0.92408	5.14489	5.12485
-1.41645	0.927037	5.14555	5.12715
-1.4102	0.934265	5.14686	5.12879
-1.40758	0.933936	5.14653	5.12912
-1.4102	0.937222	5.14555	5.12715
-1.41152	0.938207	5.14259	5.1255
-1.4194	0.931636	5.14259	5.12518
-1.41546	0.934265	5.14357	5.12485
-1.42565	0.923423	5.14292	5.12518
-1.4332	0.917838	5.14325	5.12715
-1.44174	0.901739	5.14127	5.12879
-1.44766	0.895825	5.14062	5.12879
-1.44864	0.898454	5.14095	5.12682
-1.44733	0.909624	5.14193	5.12649
-1.45193	0.892211	5.14193	5.12682
-1.45357	0.899111	5.1416	5.12715
-1.4562	0.903053	5.14259	5.12682
-1.46343	0.893525	5.14423	5.1255
-1.46474	0.899768	5.14423	5.12485
-1.46737	0.896154	5.14226	5.12419
-1.45686	0.902068	5.13996	5.12485
-1.45686	0.901082	5.14029	5.12583
-1.45949	0.890897	5.1439	5.12452
-1.4585	0.905353	5.14719	5.12583
-1.45062	0.909953	5.14719	5.12649
-1.45489	0.903053	5.14653	5.12583
-1.45719	0.897797	5.14555	5.12682
-1.45883	0.893854	5.14325	5.12715
-1.46737	0.896811	5.14226	5.12583
-1.46441	0.902725	5.14259	5.12518
-1.45423	0.912252	5.14357	5.12452
-1.45259	0.912252	5.14423	5.12452
-1.45521	0.903382	5.14456	5.1255
-1.4516	0.902725	5.1439	5.12715
-1.45291	0.903053	5.14259	5.12748
-1.43813	0.912252	5.14259	5.12846
-1.42663	0.91061	5.14456	5.12813
-1.42926	0.910281	5.14522	5.12813
-1.42762	0.902396	5.14423	5.12649
-1.42565	0.892868	5.14325	5.12682
-1.43123	0.894183	5.1439	5.12846
-1.41973	0.896482	5.14423	5.12945
-1.4194	0.898454	5.14357	5.12813
-1.41908	0.893854	5.14325	5.12616
-1.41382	0.889912	5.14456	5.12386
-1.41086	0.892211	5.14325	5.12452
-1.40462	0.89024	5.14193	5.12583
-1.40166	0.880384	5.14062	5.1278
-1.39739	0.888597	5.14193	5.1278
-1.39969	0.89024	5.14292	5.12813
-1.40593	0.894183	5.14357	5.1278
-1.40133	0.894511	5.14456	5.12748
-1.41283	0.883341	5.14555	5.1255
-1.40429	0.886298	5.14587	5.12583
-1.40331	0.887283	5.1439	5.12518
-1.40298	0.902725	5.14292	5.12419
-1.40758	0.899768	5.14522	5.12616
-1.41349	0.908638	5.14916	5.12715
-1.42072	0.900425	5.14817	5.12616
-1.43057	0.891554	5.14456	5.12682
-1.4355	0.893525	5.14193	5.12616
-1.43517	0.891883	5.1416	5.12748
-1.44766	0.887283	5.14423	5.12813
-1.4516	0.88564	5.14522	5.1278
-1.45489	0.881041	5.14325	5.12879
-1.4654	0.875784	5.14292	5.12715
-1.47	0.861986	5.14259	5.12419
-1.4792	0.857057	5.14325	5.12288
-1.48577	0.848844	5.14292	5.12255
-1.4953	0.836031	5.14259	5.12353
-1.50022	0.838331	5.14325	5.12419
-1.50745	0.830774	5.14423	5.12386
-1.51829	0.819275	5.14489	5.12386
-1.52519	0.812704	5.14522	5.12452
-1.53242	0.805476	5.14357	5.12682
-1.53242	0.804819	5.14127	5.12813
-1.53801	0.80022	5.14193	5.12748
-1.54129	0.793649	5.14357	5.1278
-1.53932	0.790035	5.14489	5.12715
-1.54162	0.790363	5.14489	5.12649
-1.55148	0.780836	5.14325	5.12715
-1.54819	0.788392	5.14095	5.12616
-1.54918	0.783464	5.14062	5.1255
-1.54688	0.779522	5.14357	5.12583
-1.55148	0.777222	5.14522	5.12682
-1.54951	0.779193	5.14555	5.12748
-1.54228	0.796277	5.14555	5.12682
-1.54491	0.789706	5.14489	5.1278
-1.53866	0.79562	5.14423	5.12945
-1.53374	0.78445	5.1439	5.12977
-1.53308	0.785435	5.14456	5.12748
-1.52914	0.787735	5.14325	5.12583
-1.52257	0.786749	5.14127	5.1255
-1.52322	0.789706	5.13963	5.1255
-1.52224	0.787078	5.13667	5.1278
-1.51468	0.786421	5.13569	5.12813
-1.51402	0.800877	5.14095	5.12715
-1.50975	0.799234	5.14587	5.12682
-1.5137	0.793649	5.14587	5.12452
-1.51567	0.790363	5.14489	5.12353
-1.50975	0.791021	5.14423	5.12452
-1.49825	0.807776	5.14325	5.1255
-1.49201	0.807776	5.1416	5.12583
-1.48216	0.82716	5.1416	5.1278
-1.48643	0.826832	5.14127	5.12649
-1.47953	0.826503	5.14193	5.1255
-1.47328	0.823218	5.14193	5.1255
-1.46737	0.818618	5.14259	5.1255
-1.46474	0.829131	5.14226	5.12485
-1.45817	0.841287	5.14259	5.12386
-1.4585	0.835374	5.14259	5.12386
-1.45062	0.852129	5.14555	5.12485
-1.45029	0.856072	5.14653	5.12682
-1.44832	0.862314	5.1462	5.12616
-1.44207	0.87217	5.14456	5.1255
-1.44536	0.874799	5.14325	5.1255
-1.4447	0.877755	5.1416	5.1278
-1.45094	0.868228	5.14062	5.12813
-1.44437	0.877755	5.14259	5.12649
-1.43747	0.894183	5.14423	5.12386
-1.4424	0.89024	5.1439	5.12518
-1.44372	0.890569	5.14259	5.12846
-1.44109	0.886955	5.14127	5.12879
-1.44766	0.879727	5.1416	5.12813
-1.44799	0.881369	5.1416	5.1278
-1.4516	0.883998	5.14325	5.12616
-1.45653	0.877427	5.14456	5.12518
-1.45719	0.878741	5.14325	5.12485
-1.45784	0.873156	5.14127	5.12583
-1.45981	0.868885	5.1416	5.12649
-1.4608	0.86987	5.14259	5.12649
-1.4654	0.864285	5.14423	5.12419
-1.47033	0.864614	5.14522	5.12386
-1.47526	0.862971	5.14555	5.12485
-1.47	0.870199	5.14357	5.1255
-1.46606	0.864614	5.14226	5.12682
-1.46146	0.869213	5.14226	5.12682
-1.46113	0.87907	5.14292	5.12616
-1.44832	0.902068	5.1439	5.12485
-1.44142	0.902396	5.14325	5.12452
-1.43846	0.896482	5.14259	5.1255
-1.44996	0.89254	5.1416	5.12715
-1.447	0.893525	5.14226	5.12846
-1.44372	0.907981	5.14095	5.1278
-1.43747	0.916852	5.14127	5.12715
-1.43616	0.91718	5.14226	5.12649
-1.43682	0.917838	5.14259	5.12682
-1.43485	0.914224	5.14423	5.12616
-1.43682	0.917838	5.1439	5.12583
-1.43386	0.928679	5.14259	5.12583
-1.42203	0.936236	5.14325	5.12616
-1.4102	0.939193	5.1462	5.1255
-1.40462	0.939193	5.14785	5.12583
-1.38885	0.95102	5.14817	5.12616
-1.39279	0.940507	5.14653	5.12583
-1.38261	0.950692	5.1439	5.12485
-1.36947	0.946749	5.14357	5.12583
-1.36651	0.950692	5.14456	5.12583
-1.36618	0.947078	5.14423	5.12616
-1.35402	0.952006	5.14423	5.12583
-1.35567	0.96449	5.14423	5.1255
-1.35041	0.964819	5.14292	5.12682
-1.34745	0.961205	5.14259	5.12682
-1.34253	0.96449	5.14325	5.12583
-1.33431	0.978946	5.14325	5.12485
-1.32248	0.987817	5.14423	5.12518
-1.31558	0.991102	5.14226	5.12419
-1.3284	0.967119	5.14062	5.12419
-1.33595	0.952992	5.14226	5.12419
-1.33661	0.952992	5.14325	5.12288
-1.33694	0.950692	5.14292	5.1232
-1.33595	0.949706	5.14292	5.12386
-1.33891	0.941164	5.1439	5.12649
-1.35797	0.941164	5.14423	5.12748
-1.36289	0.945764	5.14456	5.12912
-1.37111	0.945764	5.14423	5.12682
-1.38721	0.934922	5.14127	5.12649
-1.39838	0.929994	5.13897	5.12715
-1.40232	0.925394	5.14193	5.12649
-1.41448	0.913567	5.14522	5.12846
-1.43156	0.894511	5.14653	5.1278
-1.42959	0.897797	5.1462	5.1278
-1.43222	0.88794	5.1439	5.1278
-1.4309	0.887612	5.14226	5.12616
-1.42893	0.89254	5.1416	5.12485
-1.43353	0.89254	5.14226	5.12518
-1.44273	0.888597	5.14193	5.12518
-1.45259	0.885969	5.14193	5.1255
-1.46113	0.884655	5.14095	5.12583
-1.45423	0.884326	5.13996	5.12682
-1.45916	0.884983	5.14127	5.12715
-1.46639	0.873484	5.14193	5.12879
-1.4769	0.8633	5.14226	5.1278
-1.46967	0.873156	5.14193	5.1278
-1.47526	0.870856	5.1416	5.12649
-1.47296	0.870199	5.14259	5.12452
-1.47854	0.866257	5.14325	5.12452
-1.47493	0.870856	5.14357	5.12649
-1.47	0.873156	5.14292	5.12682
-1.46606	0.87677	5.14489	5.12748
-1.46441	0.877755	5.14653	5.12813
-1.46277	0.875456	5.14719	5.12583
-1.46244	0.870199	5.14489	5.12583
-1.45587	0.883341	5.14325	5.12682
-1.45686	0.877427	5.14226	5.12846
-1.46113	0.869542	5.14259	5.12945
-1.46179	0.867899	5.14522	5.1301
-1.45324	0.870199	5.1462	5.12813
-1.45226	0.875784	5.14456	5.12616
-1.45259	0.875127	5.13996	5.12485
-1.45226	0.87447	5.13832	5.12616
-1.44569	0.879727	5.13897	5.12748
-1.43649	0.883669	5.14095	5.12879
-1.43386	0.884655	5.14193	5.12879
-1.44043	0.892211	5.1439	5.12748
-1.43452	0.895168	5.14522	5.12583
-1.42532	0.900096	5.14489	5.12419
-1.41973	0.902725	5.14357	5.12583
-1.41579	0.900425	5.14325	5.12649
-1.42138	0.897797	5.14456	5.12518
-1.42006	0.894511	5.14653	5.12485
-1.42138	0.884655	5.14719	5.12386
-1.43123	0.881698	5.1462	5.12485
-1.4217	0.885969	5.14522	5.12682
-1.42597	0.900425	5.14522	5.1278
-1.4217	0.898125	5.14653	5.12748
-1.42532	0.898454	5.14653	5.12748
-1.41842	0.898125	5.1462	5.12715
-1.42072	0.896811	5.14456	5.12616
-1.42992	0.888597	5.14325	5.12682
-1.43123	0.879727	5.1439	5.12682
-1.42236	0.886955	5.14456	5.12682
-1.42893	0.881041	5.14193	5.12616
-1.41382	0.891554	5.14095	5.12485
-1.41283	0.901739	5.13996	5.12485
-1.42795	0.89254	5.13996	5.12452
-1.4355	0.883012	5.13996	5.1232
-1.43485	0.896811	5.14062	5.12353
-1.43715	0.895825	5.14226	5.12682
-1.4447	0.890569	5.14259	5.1278
-1.44437	0.896811	5.14226	5.12715
-1.44174	0.903053	5.14259	5.1255
-1.44306	0.906339	5.14292	5.1255
-1.44536	0.90371	5.14193	5.12748
-1.44306	0.913238	5.14193	5.12846
-1.44536	0.926708	5.14325	5.12715
-1.44536	0.927037	5.14423	5.12748
-1.44766	0.920466	5.14489	5.12649
-1.4516	0.908638	5.14489	5.1255
-1.45291	0.905024	5.14456	5.12583
-1.45521	0.897468	5.14259	5.12649
-1.46146	0.884983	5.14127	5.12748
-1.4723	0.872827	5.14259	5.12846
-1.46671	0.881369	5.14653	5.12583
-1.47164	0.877427	5.14785	5.12353
-1.4723	0.87217	5.14719	5.12386
-1.47788	0.87217	5.14555	5.12452
-1.4838	0.868556	5.14522	5.12518
-1.48413	0.861986	5.1439	5.1255
-1.47558	0.865271	5.14292	5.1255
-1.4792	0.851144	5.14292	5.12518
-1.46868	0.862971	5.1439	5.12649
-1.46441	0.8564	5.14489	5.12583
-1.46146	0.855415	5.14522	5.12485
-1.45719	0.852458	5.14357	5.12485
-1.45817	0.847201	5.1416	5.12649
-1.44897	0.859686	5.14062	5.1278
-1.447	0.864614	5.14259	5.12748
-1.44437	0.857057	5.14522	5.12649
-1.44142	0.867899	5.14587	5.12649
-1.4447	0.869542	5.14456	5.12682
-1.44372	0.871842	5.14193	5.12715
-1.44306	0.874799	5.13865	5.12748
-1.43222	0.89024	5.13865	5.12682
-1.42466	0.887612	5.14095	5.12485
-1.42532	0.89024	5.14226	5.12353
-1.42663	0.880712	5.14357	5.12353
-1.42663	0.89024	5.14259	5.12452
-1.43386	0.873484	5.14259	5.1255
-1.43156	0.862314	5.14325	5.12616
-1.42992	0.867242	5.14489	5.12682
-1.42532	0.893854	5.14522	5.12583
-1.42696	0.889912	5.14522	5.12518
-1.42499	0.899439	5.14325	5.12386
-1.4263	0.90601	5.14095	5.12419
-1.42729	0.906667	5.13963	5.12616
-1.4378	0.900753	5.14029	5.12682
-1.44306	0.905353	5.14029	5.1278
-1.44142	0.918495	5.14193	5.12583
-1.43977	0.91718	5.14259	5.12419
-1.45094	0.908967	5.14325	5.12616
-1.45554	0.904367	5.14292	5.12715
-1.45949	0.902068	5.14259	5.12813
-1.46211	0.897139	5.14127	5.12715
-1.45981	0.906996	5.14193	5.12682
-1.45094	0.909295	5.14292	5.12682
-1.44864	0.920137	5.14489	5.12682
-1.45259	0.919152	5.14456	5.12649
-1.45521	0.917838	5.14325	5.12616
-1.4585	0.90831	5.14292	5.1255
-1.46474	0.901739	5.14259	5.12419
-1.4631	0.903382	5.14325	5.12353
-1.45587	0.905353	5.14357	5.12419
-1.45489	0.902068	5.14423	5.12452
-1.46179	0.90371	5.14423	5.12485
-1.45883	0.904367	5.14325	5.1255
-1.46014	0.895497	5.14127	5.12748
-1.4631	0.893525	5.14029	5.12748
-1.45521	0.894511	5.14292	5.12649
-1.45357	0.901082	5.14587	5.12353
-1.45489	0.897797	5.14587	5.12353
-1.45094	0.904039	5.14555	5.12616
-1.44864	0.913567	5.14555	5.1278
-1.44766	0.909295	5.1439	5.1278
-1.44602	0.899111	5.14292	5.1278
-1.44339	0.88794	5.14325	5.12715
-1.44897	0.884983	5.14555	5.12583
-1.44372	0.89024	5.1439	5.12485
-1.44109	0.900096	5.14325	5.12485
-1.42893	0.90601	5.14456	5.12452
-1.43255	0.897468	5.14555	5.12616
-1.42992	0.900425	5.1439	5.12682
-1.42466	0.900753	5.14325	5.12682
-1.42893	0.899439	5.1439	5.1278
-1.42565	0.903382	5.14325	5.12813
-1.42105	0.909295	5.14095	5.12846
-1.42335	0.905024	5.14029	5.1278
-1.4194	0.905353	5.14193	5.12649
-1.42039	0.904367	5.1439	5.12583
-1.4125	0.907981	5.14555	5.1255
-1.41283	0.905353	5.14587	5.12386
-1.42006	0.897797	5.14522	5.12485
-1.40758	0.921123	5.14423	5.12813
-1.40593	0.916852	5.14292	5.13043
-1.41316	0.906996	5.14259	5.13076
-1.40593	0.911267	5.14292	5.12846
-1.4079	0.913238	5.14325	5.12649
-1.40331	0.929994	5.1439	5.12682
-1.40331	0.931636	5.14259	5.12715
-1.40692	0.941493	5.13996	5.12715
-1.40889	0.938536	5.13996	5.12715
-1.40889	0.935579	5.14127	5.12682
-1.40758	0.943135	5.14423	5.12616
-1.40922	0.939193	5.14423	5.1255
-1.41382	0.941493	5.1439	5.12419
-1.41382	0.947406	5.14325	5.12452
-1.42762	0.943792	5.14325	5.12682
-1.42893	0.944449	5.1439	5.12945
-1.43649	0.936893	5.14522	5.12977
-1.44799	0.921123	5.14653	5.12879
-1.45423	0.902068	5.14587	5.12616
-1.4608	0.895825	5.1439	5.1255
-1.4585	0.897139	5.1416	5.12616
-1.45554	0.905024	5.14029	5.1255
-1.45719	0.906667	5.14127	5.12616
-1.45916	0.90141	5.14357	5.12649
-1.4608	0.906339	5.14587	5.12485
-1.45456	0.92178	5.14555	5.12452
-1.46244	0.916195	5.14555	5.12485
-1.46113	0.916195	5.14555	5.12353
-1.4631	0.90601	5.14522	5.1232
-1.46277	0.907324	5.14325	5.12583
-1.47131	0.896154	5.14292	5.12682
-1.47526	0.896811	5.14423	5.1255
-1.48347	0.884983	5.14653	5.12485
-1.48018	0.885969	5.1462	5.12583
-1.48248	0.881369	5.14522	5.12649
-1.48248	0.884983	5.14423	5.12715
-1.4861	0.87677	5.14193	5.12813
-1.47953	0.878413	5.1416	5.12682
-1.47657	0.881041	5.14423	5.12485
-1.47066	0.893197	5.14456	5.12419
-1.46934	0.900425	5.1439	5.12616
-1.46047	0.909624	5.14292	5.12748
-1.46211	0.90831	5.14193	5.12813
-1.46376	0.914881	5.14259	5.12813
-1.45719	0.909624	5.14357	5.12682
-1.46047	0.906339	5.14325	5.12616
-1.47098	0.893525	5.1439	5.12616
-1.47066	0.902396	5.14456	5.12386
-1.46901	0.89254	5.14423	5.12189
-1.46639	0.891883	5.14357	5.12386
-1.46047	0.89024	5.14325	5.12649
-1.45423	0.894183	5.14357	5.12846
-1.45489	0.882355	5.14325	5.1278
-1.46573	0.873484	5.14259	5.1255
-1.46441	0.880055	5.14325	5.12386
-1.46474	0.880384	5.1416	5.12452
-1.46014	0.887283	5.14029	5.12353
-1.4654	0.880712	5.14029	5.12288
-1.46441	0.882684	5.1416	5.12288
-1.46671	0.877755	5.14423	5.12288
-1.46671	0.878741	5.14522	5.12485
-1.46639	0.876113	5.1439	5.12649
-1.47066	0.882684	5.14325	5.12682
-1.46704	0.888269	5.14423	5.12649
-1.46704	0.880384	5.14653	5.1255
-1.4654	0.896482	5.14719	5.12518
-1.47328	0.884655	5.14686	5.12583
-1.46704	0.89484	5.14456	5.12682
-1.46376	0.897139	5.14587	5.12682
-1.46343	0.898782	5.14686	5.12682
-1.4746	0.893525	5.14686	5.12682
-1.47033	0.902068	5.14489	5.12715
-1.46343	0.912252	5.14292	5.12682
-1.46047	0.913567	5.14292	5.1278
-1.46409	0.903053	5.14292	5.12715
-1.45456	0.912252	5.14226	5.12682
-1.46179	0.912581	5.14193	5.12649
-1.4585	0.92178	5.14193	5.12583
-1.45423	0.927694	5.1416	5.1255
-1.44766	0.935907	5.14259	5.12649
-1.44799	0.920794	5.14259	5.12583
-1.44733	0.923751	5.14193	5.12682
-1.44864	0.925065	5.14127	5.12616
-1.44306	0.925723	5.1416	5.12518
-1.44503	0.912581	5.14259	5.12649
-1.44602	0.915209	5.14456	5.12682
-1.45521	0.911267	5.14423	5.12452
-1.4516	0.915538	5.14259	5.1232
-1.44372	0.923423	5.1416	5.12419
-1.4516	0.923094	5.14095	5.12452
-1.43879	0.934922	5.14029	5.12353
-1.4355	0.935907	5.14193	5.12353
-1.4332	0.942807	5.14325	5.1232
-1.42269	0.947735	5.1439	5.12386
-1.42269	0.938207	5.14193	5.12452
-1.41809	0.934265	5.14127	5.12616
-1.40626	0.937222	5.14357	5.12748
-1.39903	0.944121	5.14555	5.12715
-1.39411	0.944449	5.14423	5.12649
-1.39838	0.936236	5.14325	5.12452
-1.39443	0.935907	5.14423	5.12386
-1.40002	0.932293	5.14357	5.12386
-1.4079	0.931308	5.14226	5.12485
-1.41842	0.926708	5.14292	5.12583
-1.41678	0.933936	5.14259	5.12682
-1.40593	0.940178	5.14325	5.12846
-1.40758	0.941821	5.14325	5.1278
-1.41283	0.931636	5.14325	5.12649
-1.41875	0.926051	5.14226	5.12649
-1.41645	0.93295	5.14292	5.1255
-1.4171	0.93525	5.14456	5.12419
-1.40988	0.944121	5.1439	5.1255
-1.40889	0.940178	5.14325	5.1255
-1.40922	0.933279	5.14357	5.12518
-1.41316	0.923751	5.14357	5.12616
-1.40758	0.926708	5.14423	5.12649
-1.40758	0.929994	5.1439	5.12715
-1.41842	0.918823	5.14456	5.12813
-1.41842	0.917509	5.1462	5.12748
-1.42433	0.92178	5.14686	5.12616
-1.41415	0.92638	5.14587	5.1255
-1.41513	0.930322	5.14555	5.12583
-1.41678	0.933608	5.14423	5.12682
-1.4102	0.946421	5.14226	5.1278
-1.40692	0.949378	5.1416	5.12649
-1.4079	0.946092	5.14226	5.12616
-1.39936	0.946749	5.14423	5.12616
-1.4102	0.94215	5.14686	5.1255
-1.42236	0.933279	5.14555	5.12583
-1.41415	0.944449	5.14193	5.12715
-1.41645	0.947406	5.14062	5.12748
-1.42138	0.938864	5.14193	5.12682
-1.42236	0.946749	5.14325	5.12583
-1.42729	0.944121	5.14423	5.12485
-1.43255	0.940507	5.14522	5.12485
-1.43715	0.941164	5.1462	5.12583
-1.43682	0.939521	5.1439	5.12748
-1.44733	0.934593	5.14226	5.12748
-1.44273	0.938536	5.14423	5.12682
-1.447	0.93525	5.14719	5.12583
-1.45062	0.923423	5.14785	5.12583
-1.45554	0.918823	5.14719	5.12452
-1.45949	0.916195	5.14423	5.12419
-1.44799	0.927694	5.1416	5.12485
-1.44996	0.928351	5.14193	5.12583
-1.45029	0.928351	5.1439	5.12616
-1.45587	0.921123	5.14653	5.12616
-1.45883	0.915866	5.14719	5.12452
-1.45981	0.909953	5.14555	5.12452
-1.45587	0.917509	5.14456	5.1255
-1.45423	0.928022	5.14456	5.12518
-1.44602	0.931308	5.14489	5.12583
-1.44109	0.92638	5.14555	5.12748
-1.44339	0.927365	5.14456	5.12748
-1.45324	0.911595	5.14325	5.12945
-1.45062	0.903053	5.14357	5.12813
-1.45127	0.901739	5.14489	5.1255
-1.4539	0.893525	5.14423	5.12386
-1.4562	0.884983	5.14226	5.12452
-1.45653	0.89024	5.1416	5.12353
-1.45949	0.889912	5.14456	5.12353
-1.45916	0.89484	5.14653	5.12518
-1.46277	0.88564	5.14587	5.12616
-1.4631	0.888597	5.14292	5.12485
-1.47263	0.87677	5.14062	5.12419
-1.46967	0.87447	5.14127	5.12353
-1.47098	0.878413	5.1416	5.12485
-1.47558	0.87217	5.14292	5.12649
-1.47394	0.862971	5.14522	5.12583
-1.48051	0.856729	5.14456	5.12518
-1.47887	0.864942	5.14423	5.12288
-1.47361	0.859029	5.14423	5.12123
-1.48084	0.849501	5.14587	5.12288
-1.47591	0.853443	5.14555	5.12485
-1.47526	0.847201	5.14522	5.1255
-1.48018	0.836688	5.14489	5.12583
-1.47854	0.84523	5.14357	5.12649
-1.47788	0.847858	5.14292	5.12649
-1.47887	0.849501	5.14226	5.1278
-1.48248	0.848187	5.14259	5.12748
-1.48741	0.838002	5.14325	5.12682
-1.49431	0.830446	5.14522	5.12649
-1.49431	0.819275	5.14423	5.12715
-1.48643	0.826174	5.14226	5.12649
-1.48216	0.817961	5.14062	5.12649
-1.49431	0.811062	5.14095	5.12616
-1.49563	0.814347	5.14226	5.12813
-1.49103	0.814676	5.14259	5.1278
-1.48873	0.822561	5.1416	5.12616
-1.49398	0.816975	5.14127	5.12583
-1.4953	0.806462	5.14127	5.12616
-1.50022	0.805476	5.14226	5.1255
-1.51271	0.799891	5.14357	5.12715
-1.51665	0.792992	5.14489	5.12879
-1.51074	0.796934	5.14587	5.12813
-1.50417	0.804491	5.1462	5.12616
-1.50581	0.815661	5.14522	5.1255
-1.51337	0.813033	5.14325	5.12419
-1.51337	0.820261	5.14292	5.12518
-1.50844	0.827489	5.14325	5.12649
-1.51337	0.810733	5.1439	5.12682
-1.50844	0.821575	5.1462	5.12353
-1.50877	0.815004	5.14653	5.12222
-1.50482	0.814676	5.14522	5.12189
-1.50581	0.817304	5.14423	5.12189
-1.49825	0.82486	5.14292	5.1232
-1.48708	0.82946	5.14226	5.12419
-1.48938	0.84293	5.1439	5.12452
-1.48708	0.842273	5.14653	5.12518
-1.48577	0.843916	5.14719	5.12616
-1.4884	0.838659	5.14522	5.12616
-1.48873	0.838659	5.14226	5.12649
-1.48938	0.835045	5.13996	5.12583
-1.48314	0.842602	5.14127	5.12748
-1.48018	0.858043	5.14259	5.12813
-1.47131	0.864942	5.14357	5.12682
-1.47	0.867899	5.14357	5.12386
-1.47493	0.870528	5.14226	5.12452
-1.46704	0.87447	5.14193	5.12649
-1.46967	0.878741	5.14456	5.12846
-1.45949	0.883341	5.14653	5.12682
-1.45949	0.877755	5.14785	5.12485
-1.44799	0.888926	5.14653	5.12485
-1.45554	0.873156	5.14456	5.1255
-1.44404	0.884983	5.14423	5.1255
-1.44174	0.887612	5.14226	5.1255
-1.44799	0.883341	5.14193	5.12386
-1.44437	0.886298	5.14292	5.12222
-1.44273	0.873484	5.14456	5.12222
-1.43977	0.878741	5.1462	5.12386
-1.43682	0.884983	5.14555	5.12452
-1.42959	0.879398	5.14292	5.12583
-1.43517	0.872499	5.14127	5.12649
-1.43944	0.875127	5.14193	5.12616
-1.44142	0.87447	5.14226	5.12419
-1.44404	0.864942	5.14456	5.12288
-1.4493	0.860343	5.14456	5.12255
-1.4562	0.849172	5.1439	5.12353
-1.4562	0.860014	5.14193	5.12419
-1.45423	0.859029	5.1416	5.12452
-1.46343	0.848187	5.14259	5.12583
-1.46967	0.836031	5.14456	5.12682
-1.47131	0.824532	5.14653	5.12649
-1.47164	0.828803	5.14817	5.12518
-1.46967	0.831103	5.14817	5.12452
-1.46934	0.835702	5.14653	5.12682
-1.46704	0.848187	5.14423	5.12748
-1.46639	0.856729	5.14456	5.12748
-1.46441	0.871842	5.14522	5.12813
-1.47098	0.871185	5.1439	5.12715
-1.46737	0.871842	5.14357	5.12485
-1.46244	0.874142	5.14325	5.12288
-1.45817	0.880712	5.14325	5.12288
-1.45489	0.886955	5.14259	5.12386
-1.44306	0.889254	5.14259	5.12288
-1.44766	0.882684	5.14423	5.12255
-1.44963	0.885969	5.14653	5.12518
-1.45029	0.88794	5.14686	5.12649
-1.45226	0.884326	5.14555	5.12748
-1.45259	0.888926	5.14456	5.12715
-1.44864	0.889254	5.14555	5.12682
-1.45357	0.885969	5.14587	5.12518
-1.45916	0.88794	5.1462	5.12452
-1.46146	0.884326	5.14587	5.12452
-1.45916	0.900096	5.1439	5.12419
-1.46244	0.905682	5.14193	5.12419
-1.45653	0.902068	5.14259	5.12583
-1.46047	0.893525	5.14357	5.12583
-1.45554	0.895168	5.14423	5.12583
-1.4631	0.88564	5.14555	5.12485
-1.45949	0.904039	5.14522	5.12485
-1.45489	0.910281	5.14423	5.12616
-1.45784	0.905024	5.14325	5.12682
-1.46014	0.912581	5.14259	5.12748
-1.46409	0.904367	5.1416	5.12682
-1.45981	0.898125	5.14193	5.12518
-1.46179	0.902396	5.14193	5.12386
-1.46343	0.897139	5.14456	5.12353
-1.46868	0.892211	5.14423	5.12353
-1.46967	0.890897	5.14325	5.12386
-1.4677	0.89024	5.14226	5.12518
-1.4677	0.888597	5.14259	5.1255
-1.47	0.884983	5.14489	5.1255
-1.47263	0.885312	5.14522	5.12452
-1.4769	0.877427	5.14456	5.12255
-1.48117	0.871842	5.1439	5.12386
-1.48248	0.869542	5.14292	5.12452
-1.48511	0.864942	5.14292	5.12518
-1.48905	0.855415	5.14292	5.12386
-1.48577	0.849172	5.14325	5.12419
-1.48938	0.849172	5.14193	5.12255
-1.4907	0.843587	5.14226	5.12255
-1.48774	0.84523	5.14226	5.12353
-1.4861	0.840302	5.14292	5.12518
-1.48445	0.84523	5.14292	5.1255
-1.49103	0.839316	5.14259	5.12616
-1.49628	0.834059	5.14226	5.12616
-1.4953	0.845558	5.1416	5.1255
-1.49135	0.843259	5.14259	5.1255
-1.49168	0.835374	5.14193	5.12583
-1.49365	0.841287	5.13996	5.12353
-1.49431	0.843587	5.13996	5.12452
-1.49858	0.843587	5.1416	5.12485
-1.49628	0.851801	5.1439	5.12452
-1.49563	0.852458	5.14489	5.1232
-1.49103	0.859029	5.14555	5.12255
-1.49563	0.843916	5.14357	5.12353
-1.50055	0.840959	5.14193	5.12419
-1.50351	0.844901	5.14193	5.1255
-1.50811	0.835374	5.14357	5.12715
-1.51041	0.842602	5.14456	5.12846
-1.51862	0.835702	5.14423	5.12583
-1.51862	0.833074	5.14357	5.12419
-1.51764	0.841616	5.14292	5.12288
-1.51337	0.83176	5.14226	5.1232
-1.51337	0.84063	5.14259	5.1232
-1.5137	0.838659	5.1439	5.12452
-1.51665	0.835045	5.14423	5.12616
-1.51665	0.830774	5.14522	5.12682
-1.52684	0.815004	5.14587	5.12616
-1.52749	0.808762	5.14555	5.12452
-1.53538	0.794634	5.14325	5.12386
-1.53768	0.785764	5.14095	5.12452
-1.53636	0.781821	5.14127	5.12485
-1.53275	0.775579	5.1439	5.12353
-1.52881	0.781821	5.14423	5.1232
-1.53801	0.776565	5.14325	5.12222
-1.54392	0.774922	5.14226	5.12452
-1.54491	0.776565	5.14325	5.12518
-1.54655	0.778536	5.14456	5.12518
-1.54294	0.779193	5.14522	5.1255
-1.53735	0.788064	5.1462	5.1255
-1.53669	0.788721	5.14785	5.12485
-1.53242	0.804491	5.14817	5.12452
-1.52717	0.805805	5.14653	5.12485
-1.53045	0.798906	5.1439	5.12682
-1.53078	0.797263	5.14127	5.1255
-1.53045	0.800548	5.1416	5.12452
-1.53341	0.799234	5.14193	5.12518
-1.52421	0.807776	5.14357	5.12518
-1.51961	0.820918	5.14456	5.1255
-1.5137	0.81599	5.14259	5.12419
-1.5068	0.835702	5.14062	5.1255
-1.50055	0.838659	5.14095	5.12485
-1.49103	0.852129	5.14029	5.12419
-1.49793	0.828146	5.14292	5.12386
-1.49365	0.832417	5.14456	5.12386
-1.48445	0.835374	5.14357	5.12518
-1.48281	0.842273	5.14325	5.12682
-1.4815	0.840959	5.14456	5.12715
-1.48183	0.839645	5.1462	5.1278
-1.47821	0.848187	5.14555	5.12682
-1.47821	0.851801	5.14325	5.12518
-1.4677	0.850158	5.14259	5.1255
-1.45883	0.854429	5.14193	5.12583
-1.4677	0.847201	5.1416	5.12649
-1.46376	0.839316	5.14325	5.12748
-1.45489	0.833074	5.14325	5.12912
-1.4562	0.838988	5.14292	5.1255
-1.45423	0.838331	5.14456	5.1232
-1.45423	0.847201	5.14555	5.12255
-1.45062	0.863957	5.14587	5.1232
-1.44339	0.8633	5.14489	5.1255
-1.43353	0.871185	5.14423	5.12715
-1.43977	0.876441	5.14587	5.12748
-1.43222	0.878084	5.14752	5.12682
-1.42597	0.882027	5.14752	5.12583
-1.43287	0.882355	5.14587	5.12485
-1.43156	0.887612	5.14555	5.12682
-1.4286	0.893854	5.14522	5.12846
-1.42597	0.895825	5.14456	5.12813
-1.42138	0.906996	5.14423	5.12682
-1.42466	0.904696	5.14357	5.12616
-1.42466	0.91061	5.14259	5.12583
-1.42565	0.904039	5.14259	5.12748
-1.42696	0.906339	5.1416	5.1278
-1.42565	0.906339	5.14127	5.12682
-1.42532	0.906996	5.14489	5.12715
-1.43057	0.90371	5.14719	5.12715
-1.43189	0.899439	5.14587	5.1255
-1.42532	0.906339	5.1439	5.12485
-1.42893	0.899439	5.1439	5.12649
-1.42597	0.899768	5.14325	5.1278
-1.43682	0.888597	5.14292	5.12945
-1.43977	0.889254	5.14259	5.12912
-1.43057	0.899768	5.14226	5.12583
-1.43747	0.889254	5.14259	5.12518
-1.43912	0.882684	5.14259	5.12616
-1.43353	0.887283	5.14127	5.12682
-1.43616	0.883998	5.14095	5.12977
-1.42762	0.89254	5.14193	5.12846
-1.41218	0.893197	5.14292	5.12748
-1.42729	0.89254	5.14357	5.12649
-1.42696	0.89484	5.14456	5.12518
-1.43386	0.883998	5.14292	5.12485
-1.44043	0.889912	5.14095	5.12649
-1.45193	0.876441	5.14127	5.1278
-1.4516	0.878084	5.14423	5.12977
-1.45456	0.869213	5.1462	5.13109
-1.4562	0.867899	5.14653	5.1301
-1.45456	0.878413	5.14587	5.12879
-1.45653	0.875784	5.14325	5.1278
-1.46113	0.872827	5.1416	5.12813
-1.46507	0.876113	5.1416	5.12748
-1.47328	0.865928	5.14357	5.12616
-1.47788	0.859686	5.14555	5.1255
-1.48281	0.861	5.14555	5.1255
-1.48643	0.856729	5.14522	5.12813
-1.48478	0.856729	5.14292	5.1301
-1.48117	0.860014	5.14193	5.1301
-1.4769	0.861986	5.14127	5.12879
-1.47526	0.869213	5.14226	5.12846
-1.4792	0.862314	5.14423	5.12682
-1.48577	0.859686	5.14423	5.12583
-1.4953	0.848515	5.14226	5.12682
-1.48445	0.8564	5.14325	5.12846
-1.4907	0.859357	5.14325	5.12846
-1.49234	0.855086	5.14423	5.12649
-1.49333	0.859357	5.14489	5.12452
-1.50187	0.857057	5.14522	5.12386
-1.50417	0.844244	5.14423	5.12288
-1.50745	0.835045	5.14226	5.12288
-1.50745	0.836031	5.14062	5.12518
-1.5022	0.836359	5.14095	5.12682
-1.51271	0.81599	5.14259	5.12715
-1.4999	0.817961	5.14357	5.12616
-1.50384	0.81599	5.1462	5.12616
-1.50975	0.817632	5.14719	5.12715
-1.51271	0.821246	5.14653	5.12682
-1.51435	0.825517	5.14522	5.12682
-1.51928	0.822889	5.14357	5.12846
-1.53406	0.808762	5.14127	5.12945
-1.53472	0.801205	5.14226	5.1278
-1.54392	0.800548	5.14193	5.12518
-1.54392	0.78445	5.14127	5.12386
-1.54523	0.77985	5.14127	5.12452
-1.54589	0.770651	5.14193	5.12452
-1.54261	0.775908	5.14357	5.12419
-1.54655	0.778207	5.14555	5.12485
-1.54721	0.783464	5.14686	5.12748
-1.54688	0.771965	5.14752	5.12879
-1.55181	0.76868	5.14587	5.12748
-1.55016	0.769665	5.14259	5.12386
-1.54852	0.776236	5.14127	5.12222
-1.54392	0.784778	5.14259	5.12189
-1.55345	0.786092	5.14456	5.12386
-1.55641	0.786421	5.14587	5.1255
-1.55345	0.789378	5.14489	5.12682
-1.55641	0.785107	5.14456	5.12649
-1.56002	0.780179	5.14226	5.12649
-1.56495	0.77755	5.14127	5.12682
-1.56133	0.77985	5.1416	5.12715
-1.55706	0.777222	5.14226	5.12682
-1.55936	0.771637	5.14456	5.12485
-1.55082	0.774265	5.1439	5.12518
-1.55016	0.777222	5.14357	5.12682
-1.54819	0.783464	5.14522	5.12616
-1.54786	0.791021	5.14489	5.12682
-1.54458	0.796606	5.14456	5.12715
-1.53735	0.811062	5.14357	5.12649
-1.53275	0.818289	5.14357	5.12583
-1.53406	0.810404	5.14292	5.12616
-1.53801	0.804819	5.1416	5.12518
-1.52749	0.810404	5.14029	5.12452
-1.53308	0.802848	5.14029	5.12353
-1.52421	0.814018	5.14259	5.12386
-1.52059	0.82946	5.14456	5.12518
-1.52355	0.827817	5.14686	5.1255
-1.51304	0.837016	5.14752	5.1255
-1.51534	0.838331	5.14489	5.12518
-1.50285	0.855415	5.14193	5.12583
-1.50515	0.857386	5.13996	5.12715
-1.50285	0.856729	5.14127	5.1278
-1.50285	0.853115	5.14259	5.12813
-1.49168	0.862971	5.14259	5.12813
-1.48873	0.867571	5.14193	5.12616
-1.48774	0.865271	5.14193	5.1255
-1.47821	0.878741	5.14095	5.12649
-1.4769	0.873156	5.13996	5.12715
-1.4792	0.870528	5.14062	5.12649
-1.47033	0.871513	5.14325	5.12419
-1.46343	0.87217	5.14555	5.12156
-1.4631	0.871513	5.14423	5.12386
-1.4539	0.878413	5.14226	5.12748
-1.44043	0.898125	5.14193	5.12977
-1.43419	0.902396	5.14259	5.12846
-1.43353	0.909624	5.14587	5.12583
-1.43747	0.913567	5.1485	5.12485
-1.43517	0.928022	5.14719	5.12518
-1.43616	0.934593	5.1439	5.12616
-1.43485	0.941164	5.14127	5.12616
-1.43649	0.949706	5.14029	5.12518
-1.43287	0.958577	5.14095	5.12518
-1.42499	0.961534	5.14127	5.12583
-1.41579	0.973033	5.14226	5.12583
-1.41448	0.963505	5.14489	5.12715
-1.40922	0.972704	5.14653	5.12945
-1.40955	0.96909	5.14522	5.12879
-1.41415	0.962519	5.14456	5.12748
-1.41218	0.967776	5.14423	5.12616
-1.41283	0.972047	5.14357	5.12616
-1.40988	0.974018	5.14489	5.12518
-1.42006	0.960877	5.14489	5.12518
-1.42926	0.945764	5.14259	5.12649
-1.42795	0.945764	5.14325	5.1255
-1.42532	0.949706	5.14555	5.12583
-1.42663	0.942478	5.14587	5.12748
-1.43977	0.937222	5.14357	5.12682
-1.44142	0.934922	5.14259	5.12583
-1.43977	0.933608	5.14193	5.12616
-1.44339	0.922437	5.14357	5.12748
-1.44503	0.920137	5.14456	5.12879
-1.4447	0.907653	5.1439	5.12748
-1.44832	0.901082	5.14259	5.12452
-1.44503	0.897139	5.14292	5.12255
-1.45521	0.892868	5.14325	5.1232
-1.46474	0.886626	5.1416	5.12255
-1.46737	0.878741	5.14127	5.12452
-1.45981	0.874142	5.14226	5.12616
-1.46868	0.862643	5.14325	5.12616
-1.47887	0.853443	5.14292	5.1255
-1.47328	0.864614	5.14259	5.12583
-1.47296	0.868556	5.14357	5.12485
-1.46967	0.877098	5.14456	5.12485
-1.47	0.872827	5.14423	5.1278
-1.46934	0.876441	5.1439	5.13043
-1.46211	0.87677	5.14357	5.13142
-1.46277	0.882027	5.14423	5.1301
-1.46179	0.876441	5.14587	5.12715
-1.45029	0.888926	5.14686	5.12682
-1.44306	0.902725	5.14686	5.12583
-1.44207	0.902068	5.14522	5.12616
-1.44339	0.901739	5.14555	5.12616
-1.44339	0.905682	5.1462	5.12583
-1.43649	0.906339	5.14423	5.12419
-1.43057	0.906667	5.14127	5.12288
-1.42335	0.912581	5.13897	5.12353
-1.42729	0.91948	5.14095	5.12386
-1.42236	0.922109	5.1439	5.12353
-1.424	0.918495	5.14325	5.12518
-1.42532	0.922766	5.14226	5.12649
-1.41349	0.930651	5.14062	5.12616
-1.41612	0.925065	5.14226	5.12518
-1.42039	0.914881	5.14489	5.12485
-1.42203	0.915538	5.14719	5.12649
-1.40955	0.917838	5.14555	5.12682
-1.40265	0.920137	5.14489	5.12583
-1.39805	0.917838	5.14522	5.12616
-1.39969	0.916195	5.14522	5.1255
-1.39706	0.928679	5.14555	5.12452
-1.38951	0.931636	5.14653	5.12518
-1.39246	0.925394	5.14522	5.12649
-1.39411	0.923751	5.14259	5.12682
-1.39805	0.92178	5.14226	5.12682
-1.40922	0.916195	5.14226	5.12616
-1.40593	0.924408	5.14325	5.1255
-1.40363	0.931636	5.1439	5.12386
-1.40232	0.932293	5.14522	5.12222
-1.40725	0.923094	5.14456	5.12288
-1.40856	0.929665	5.1416	5.12452
-1.41152	0.922766	5.14095	5.12583
-1.41086	0.921123	5.14226	5.12649
-1.42433	0.904696	5.14456	5.12649
-1.42532	0.904696	5.14653	5.12616
-1.43747	0.892211	5.14587	5.12616
-1.43353	0.910938	5.14489	5.12682
-1.43846	0.893854	5.14456	5.12715
-1.44602	0.886955	5.14555	5.12649
-1.44897	0.880055	5.14653	5.12715
-1.45751	0.883998	5.14785	5.1255
-1.47033	0.871185	5.14587	5.12386
-1.46671	0.885969	5.14193	5.12386
-1.46868	0.885969	5.14127	5.1232
-1.48084	0.867242	5.14226	5.12353
-1.4907	0.853115	5.14522	5.1232
-1.50384	0.84063	5.1462	5.12058
-1.50252	0.843587	5.14522	5.12156
-1.51895	0.817961	5.14226	5.1232
-1.52158	0.822561	5.14029	5.12518
-1.52224	0.812376	5.14127	5.12649
-1.52815	0.806462	5.14357	5.12715
-1.52257	0.816975	5.14456	5.1278
-1.52421	0.806791	5.14489	5.12715
-1.52979	0.80022	5.14423	5.1278
-1.53045	0.796277	5.1439	5.12945
-1.52979	0.792992	5.14357	5.13043
-1.53078	0.778207	5.14325	5.12912
-1.53176	0.780507	5.14423	5.1278
-1.53801	0.774265	5.14555	5.12583
-1.53242	0.780179	5.14587	5.12386
-1.53209	0.785764	5.14456	5.12222
-1.53439	0.792335	5.14259	5.12419
-1.53374	0.792335	5.14062	5.12583
-1.53636	0.783464	5.1393	5.1278
-1.53932	0.773279	5.14062	5.1278
-1.54129	0.764737	5.14423	5.12748
-1.54326	0.765066	5.14555	5.12715
-1.54261	0.767694	5.14686	5.12748
-1.54556	0.761452	5.14587	5.12748
-1.54753	0.763094	5.14522	5.12846
-1.54392	0.756852	5.14423	5.1278
-1.53374	0.770651	5.14325	5.12682
-1.53374	0.778536	5.14259	5.1255
-1.53275	0.771308	5.1439	5.12616
-1.53932	0.765066	5.14522	5.12649
-1.54688	0.757181	5.14522	5.12682
-1.54392	0.762437	5.14489	5.12583
-1.54491	0.756524	5.1439	5.1255
-1.54885	0.755538	5.1439	5.1255
-1.55181	0.754552	5.14292	5.12682
-1.55181	0.768351	5.14325	5.12682
-1.54786	0.78445	5.14456	5.12452
-1.54622	0.792335	5.14489	5.12386
-1.55082	0.788064	5.14357	5.12419
-1.54458	0.800548	5.1439	5.12485
-1.54491	0.800877	5.14456	5.12583
-1.54589	0.791021	5.14522	5.12485
-1.54195	0.802519	5.14522	5.12616
-1.54589	0.801534	5.14456	5.12649
-1.54162	0.812047	5.14522	5.12748
-1.54031	0.815333	5.14555	5.12846
-1.54064	0.81139	5.14489	5.12879
-1.54261	0.798248	5.14423	5.12616
-1.53702	0.807448	5.1439	5.12386
-1.53866	0.811062	5.14456	5.1232
-1.52815	0.835045	5.14423	5.12386
-1.52717	0.83176	5.14259	5.12715
-1.52027	0.839645	5.14193	5.12879
-1.51698	0.851801	5.14226	5.12813
-1.51205	0.852129	5.14292	5.12748
-1.5068	0.854758	5.14456	5.12583
-1.49628	0.866914	5.1462	5.12485
-1.49398	0.865599	5.14785	5.1255
-1.49168	0.869213	5.14686	5.12485
-1.4907	0.868228	5.1439	5.12485
-1.48281	0.860671	5.14193	5.12583
-1.48445	0.855415	5.14259	5.12518
-1.47986	0.852786	5.1462	5.12353
-1.4769	0.852786	5.1485	5.1232
-1.4723	0.861986	5.14785	5.12715
-1.47328	0.861	5.14489	5.13109
-1.47328	0.868556	5.14193	5.13043
-1.46868	0.875456	5.14357	5.12682
-1.45751	0.889254	5.14653	5.12353
-1.46704	0.885312	5.14587	5.12156
-1.46409	0.883012	5.14259	5.12222
-1.45686	0.891883	5.14062	5.12386
-1.45291	0.891554	5.14226	5.12518
-1.44897	0.892211	5.14522	5.12419
-1.44897	0.89254	5.14686	5.12353
-1.44766	0.900096	5.14587	5.12419
-1.44142	0.905682	5.14587	5.12288
-1.42729	0.91718	5.14587	5.12222
-1.424	0.922109	5.14423	5.12452
-1.42565	0.915866	5.14357	5.12715
-1.42827	0.908638	5.14292	5.12879
-1.41908	0.916195	5.14423	5.12682
-1.40823	0.930651	5.14555	5.1255
-1.39805	0.946092	5.14686	5.12682
-1.40232	0.948392	5.14653	5.12846
-1.40823	0.943464	5.1462	5.1278
-1.4125	0.934593	5.14259	5.12583
-1.41415	0.935907	5.14226	5.1255
-1.41053	0.93295	5.14259	5.1255
-1.40396	0.943792	5.1439	5.12583
-1.40331	0.941821	5.1416	5.12518
-1.4102	0.933936	5.14193	5.12485
-1.41908	0.930651	5.14259	5.12583
-1.42072	0.935579	5.14423	5.12682
-1.40922	0.938536	5.1462	5.1278
-1.40626	0.93755	5.14653	5.12748
-1.40462	0.938864	5.14587	5.12748
-1.40528	0.932293	5.14292	5.1278
-1.40396	0.940178	5.14226	5.12879
-1.40725	0.945764	5.14226	5.12813
-1.41152	0.946092	5.14193	5.12912
-1.41612	0.93985	5.14292	5.12977
-1.42105	0.93525	5.14423	5.13043
-1.42105	0.933608	5.14456	5.12879
-1.42006	0.934922	5.14259	5.12715
-1.43057	0.925065	5.1416	5.12649
-1.43846	0.916523	5.1416	5.12649
-1.44043	0.918823	5.14095	5.12682
-1.44602	0.911595	5.14259	5.1255
-1.45324	0.892211	5.14522	5.12485
-1.46836	0.881369	5.1462	5.12419
-1.46868	0.87677	5.14522	5.12518
-1.47427	0.864614	5.14456	5.12616
-1.48281	0.852786	5.14325	5.12616
-1.4838	0.84753	5.14127	5.12583
-1.47986	0.849172	5.1416	5.12682
-1.48413	0.844573	5.14423	5.12912
-1.49004	0.835045	5.14522	5.12879
-1.49464	0.829131	5.14423	5.1278
-1.48708	0.835702	5.14357	5.12649
-1.48774	0.828146	5.14456	5.12616
-1.4861	0.832088	5.14325	5.12583
-1.4953	0.830774	5.1439	5.12649
-1.49464	0.817304	5.14555	5.12485
-1.49595	0.835374	5.14653	5.12419
-1.50121	0.836359	5.14456	5.12485
-1.49694	0.836031	5.1439	5.12682
-1.48741	0.833402	5.14357	5.12977
-1.4792	0.842273	5.14292	5.12945
-1.47591	0.845558	5.14193	5.12912
-1.4769	0.833074	5.1439	5.12846
-1.4723	0.846216	5.14587	5.12715
-1.46836	0.854101	5.14489	5.12682
-1.47197	0.860343	5.1416	5.13076
-1.46277	0.862643	5.14062	5.13109
-1.4585	0.87447	5.1416	5.12846
-1.45883	0.873484	5.14259	5.12682
-1.45949	0.864942	5.14456	5.12682
-1.45587	0.866257	5.14522	5.12616
-1.45719	0.873156	5.14259	5.12583
-1.4608	0.867242	5.1416	5.12682
-1.46606	0.861657	5.14259	5.12682
-1.46836	0.859686	5.14555	5.12682
-1.47197	0.858372	5.14653	5.12485
-1.47756	0.849829	5.14653	5.12583
-1.47624	0.84523	5.14522	5.12682
-1.47066	0.852786	5.14357	5.12748
-1.47328	0.849172	5.14127	5.12715
-1.46671	0.854429	5.1393	5.1255
-1.46573	0.851144	5.14095	5.12485
-1.46901	0.850487	5.14423	5.12485
-1.46836	0.84293	5.14456	5.12748
-1.46868	0.849172	5.14259	5.12748
-1.45587	0.877098	5.14062	5.1278
-1.45127	0.871842	5.14062	5.12813
-1.43912	0.88564	5.14259	5.12682
-1.4493	0.877098	5.14292	5.1255
-1.43715	0.890569	5.14456	5.12452
-1.44076	0.884983	5.14423	5.12485
-1.43944	0.895825	5.14193	5.12583
-1.43485	0.893854	5.14193	5.12583
-1.43944	0.895168	5.14226	5.12386
-1.43879	0.896154	5.14423	5.12189
-1.43353	0.90141	5.14686	5.12255
-1.43287	0.898782	5.14719	5.12156
-1.43287	0.899439	5.14522	5.12058
-1.43682	0.903382	5.14226	5.12156
-1.43747	0.908967	5.14095	5.1232
-1.44273	0.898125	5.14062	5.12419
-1.43025	0.892868	5.14127	5.1255
-1.43353	0.897139	5.14259	5.12616
-1.42532	0.907981	5.14259	5.1278
-1.4263	0.903382	5.14357	5.12715
-1.43353	0.907981	5.14489	5.12715
-1.43452	0.909953	5.14489	5.12846
-1.42795	0.923423	5.14325	5.12813
-1.43222	0.913895	5.14193	5.12583
-1.43452	0.918495	5.14292	5.12518
-1.42893	0.931308	5.14325	5.12485
-1.42335	0.940835	5.14193	5.12649
-1.4148	0.938864	5.14259	5.12813
-1.40298	0.950363	5.1439	5.12813
-1.40101	0.957591	5.14456	5.12616
-1.39805	0.950363	5.1439	5.12518
-1.40101	0.940507	5.1439	5.1255
-1.40626	0.936564	5.14259	5.12386
-1.40659	0.931636	5.14292	5.12419
-1.40659	0.939521	5.1416	5.12452
-1.40232	0.943135	5.14095	5.12386
-1.40561	0.932293	5.13996	5.12353
-1.40199	0.936236	5.13996	5.12518
-1.41185	0.933608	5.14259	5.12682
-1.40331	0.933279	5.1462	5.12715
-1.40429	0.936236	5.14686	5.12682
-1.40626	0.93295	5.14489	5.12649
-1.40758	0.930651	5.14357	5.12583
-1.40889	0.927037	5.1439	5.12485
-1.41973	0.923423	5.14489	5.12485
-1.42039	0.919152	5.14653	5.12649
-1.4217	0.922766	5.1462	5.12715
-1.42105	0.929337	5.14292	5.12715
-1.42039	0.93295	5.14029	5.1278
-1.42072	0.930322	5.14062	5.12583
-1.42105	0.932293	5.14357	5.12452
-1.42269	0.932293	5.14423	5.12452
-1.42959	0.921452	5.14489	5.12386
-1.41973	0.924737	5.14489	5.12485
-1.42959	0.916523	5.14357	5.12583
-1.43353	0.910938	5.14193	5.12649
-1.4401	0.906996	5.14259	5.12879
-1.4332	0.899768	5.14423	5.12879
-1.4424	0.891554	5.14653	5.12846
-1.44832	0.891554	5.14686	5.12748
-1.44634	0.899111	5.14587	5.12485
-1.44766	0.908967	5.14292	5.12518
-1.45554	0.897797	5.14095	5.12649
-1.45324	0.911924	5.14095	5.12748
-1.45981	0.90831	5.14193	5.12682
-1.46507	0.909624	5.14292	5.12485
-1.46047	0.920794	5.14259	5.1255
-1.46146	0.923423	5.14357	5.12715
-1.44306	0.934922	5.14423	5.12912
-1.44799	0.931636	5.14423	5.12912
-1.4516	0.920794	5.14226	5.12879
-1.44766	0.919152	5.14062	5.1278
-1.44799	0.913567	5.13963	5.1278
-1.4539	0.916523	5.14062	5.1278
-1.45883	0.901739	5.14062	5.12813
-1.45062	0.913567	5.14095	5.12682
-1.4516	0.925394	5.1416	5.12649
-1.44864	0.929337	5.14292	5.12616
-1.44372	0.929337	5.14325	5.1255
-1.44602	0.935907	5.14292	5.1255
-1.4447	0.927694	5.14292	5.12583
-1.44207	0.929337	5.14029	5.12682
-1.44602	0.928022	5.13996	5.1278
-1.43715	0.943135	5.14095	5.12748
-1.43222	0.936236	5.14357	5.12485
-1.43189	0.938536	5.14489	5.1232
-1.41973	0.943464	5.14456	5.12222
-1.42006	0.946421	5.14456	5.12288
-1.41546	0.952006	5.1439	5.12452
-1.41579	0.946092	5.14489	5.12616
-1.41218	0.946749	5.1462	5.12715
-1.4102	0.941493	5.14555	5.12813
-1.4079	0.940507	5.14357	5.12846
-1.40758	0.945764	5.14325	5.12649
-1.40593	0.949378	5.14489	5.12518
-1.41546	0.95332	5.14522	5.1255
-1.424	0.941821	5.14325	5.1255
-1.41875	0.949049	5.14029	5.12616
-1.41086	0.961862	5.14095	5.1278
-1.40495	0.962519	5.14292	5.12485
-1.40495	0.975661	5.14456	5.12189
-1.39969	0.979275	5.14686	5.12189
-1.39903	0.984203	5.14686	5.12386
-1.41152	0.967776	5.14587	5.12485
-1.40298	0.970404	5.14292	5.12419
-1.40298	0.964819	5.14193	5.1255
-1.40101	0.963176	5.14226	5.12583
-1.40988	0.949049	5.14193	5.1255
-1.41349	0.94215	5.14127	5.1255
-1.41448	0.943135	5.14193	5.12583
-1.41283	0.939193	5.1439	5.12616
-1.4148	0.940835	5.14522	5.12616
-1.43057	0.931965	5.14292	5.12485
-1.43912	0.934922	5.14127	5.12518
-1.44503	0.924408	5.14193	5.1255
-1.44437	0.937222	5.14259	5.12715
-1.44207	0.939193	5.14226	5.12879
-1.44569	0.930651	5.14095	5.1278
-1.44897	0.922766	5.1416	5.12649
-1.4516	0.922437	5.14522	5.12682
-1.45784	0.905353	5.14719	5.12748
-1.46047	0.905682	5.14587	5.12813
-1.46901	0.900425	5.14325	5.12748
-1.46639	0.904367	5.13996	5.12879
-1.47164	0.901082	5.13996	5.12912
-1.47328	0.904367	5.1439	5.12748
-1.47197	0.899111	5.14587	5.12485
-1.48643	0.890569	5.14489	5.12616
-1.48544	0.885312	5.1439	5.12682
-1.48544	0.890897	5.14357	5.12649
-1.48971	0.883669	5.14226	5.12649
-1.48741	0.880384	5.14325	5.12715
-1.49103	0.878084	5.1439	5.12583
-1.49135	0.870856	5.14423	5.12386
-1.49464	0.861	5.14357	5.12353
-1.49431	0.859029	5.14259	5.12452
-1.49103	0.862643	5.1393	5.12682
-1.49234	0.864614	5.137	5.12682
-1.49628	0.868228	5.13865	5.12748
-1.49398	0.867571	5.14062	5.12715
-1.49168	0.872499	5.14292	5.1255
-1.493	0.870856	5.14587	5.12518
-1.49201	0.871513	5.14653	5.12649
-1.48971	0.865928	5.14456	5.12748
-1.49661	0.855415	5.14325	5.12846
-1.50844	0.838659	5.14456	5.12682
-1.51534	0.832088	5.14555	5.12452
-1.51501	0.826503	5.14719	5.12518
-1.51501	0.837673	5.14752	5.12649
-1.5091	0.838988	5.14817	5.12616
-1.50285	0.842602	5.14817	5.12682
-1.51074	0.839973	5.14587	5.12649
-1.50351	0.839973	5.14423	5.1255
-1.5068	0.842602	5.14259	5.12518
-1.50318	0.840302	5.14259	5.12452
-1.50778	0.835702	5.14127	5.12452
-1.50811	0.835045	5.13996	5.12353
-1.50844	0.82946	5.14029	5.12452
-1.50548	0.829131	5.14127	5.1255
-1.49793	0.841944	5.14127	5.12879
-1.48445	0.852786	5.14226	5.12912
-1.48905	0.849172	5.14259	5.12912
-1.49661	0.844244	5.14292	5.12879
-1.48938	0.849172	5.14325	5.12879
-1.48774	0.8564	5.14489	5.12879
-1.49037	0.852458	5.14456	5.12977
-1.49135	0.857057	5.14456	5.12813
-1.4815	0.875784	5.1439	5.12583
-1.4861	0.866585	5.1439	5.12452
-1.48117	0.877755	5.1439	5.12386
-1.47821	0.884983	5.14193	5.1255
-1.47591	0.884326	5.14292	5.12419
-1.47526	0.885969	5.14522	5.12386
-1.47066	0.892211	5.14653	5.12452
-1.48117	0.875127	5.14456	5.1255
-1.4907	0.864942	5.14325	5.12583
-1.48577	0.871513	5.14226	5.12682
-1.48675	0.878413	5.14127	5.12715
-1.47986	0.886298	5.1393	5.1255
-1.47263	0.895497	5.13799	5.12452
-1.46639	0.905024	5.13963	5.12485
-1.46113	0.915866	5.14423	5.12419
-1.46474	0.904367	5.14522	5.12452
-1.45817	0.911267	5.1439	5.12419
-1.45981	0.910938	5.14292	5.12518
-1.4608	0.908967	5.14259	5.12583
-1.46836	0.901739	5.14357	5.12682
-1.46277	0.902068	5.14325	5.1255
-1.46868	0.900425	5.14226	5.12485
-1.46179	0.90601	5.14095	5.12353
-1.46343	0.897797	5.14193	5.12189
-1.45653	0.897468	5.14325	5.12518
-1.45751	0.899111	5.14423	5.12715
-1.45949	0.893197	5.14456	5.1255
-1.46244	0.891554	5.14325	5.12386
-1.45324	0.887612	5.14259	5.12386
-1.45883	0.884983	5.14226	5.12419
-1.46343	0.880712	5.14226	5.1278
-1.46211	0.883998	5.14325	5.12846
-1.46244	0.886298	5.14292	5.12813
-1.46507	0.895168	5.14325	5.12616
-1.46277	0.893197	5.14489	5.12616
-1.46113	0.897797	5.14587	5.12682
-1.46211	0.899111	5.14456	5.1278
-1.45784	0.904367	5.14127	5.12682
-1.46211	0.891554	5.13897	5.1278
-1.45357	0.891554	5.14095	5.1278
-1.4516	0.898125	5.14456	5.12649
-1.44404	0.906996	5.14752	5.12419
-1.44174	0.91061	5.14653	5.1255
-1.43912	0.898782	5.14489	5.12682
-1.44437	0.890897	5.14423	5.12748
-1.44634	0.889912	5.14555	5.12715
-1.45521	0.888269	5.14653	5.12813
-1.45357	0.884983	5.14423	5.12682
-1.4401	0.904367	5.14292	5.1255
-1.44142	0.912581	5.14259	5.12419
-1.44569	0.918823	5.14226	5.12485
-1.44634	0.914224	5.14062	5.12682
-1.45521	0.907653	5.1416	5.12715
-1.45883	0.901082	5.14226	5.12748
-1.4631	0.900753	5.14226	5.1278
-1.46704	0.898125	5.14062	5.12583
-1.45817	0.904367	5.14029	5.12583
-1.4654	0.897468	5.14062	5.12616
-1.45784	0.910281	5.13996	5.12518
-1.46211	0.902725	5.1393	5.1255
-1.46409	0.896482	5.13996	5.12649
-1.46146	0.892868	5.14095	5.12616
-1.46441	0.896154	5.14226	5.1255
-1.46441	0.902068	5.1439	5.1255
-1.46277	0.902068	5.14423	5.12616
-1.46409	0.899111	5.14456	5.12485
-1.46803	0.898454	5.1439	5.1255
-1.46639	0.895168	5.14292	5.12649
-1.46934	0.894183	5.1439	5.1278
-1.47098	0.89484	5.14522	5.12649
-1.47131	0.902396	5.1439	5.12649
-1.47263	0.905682	5.1416	5.12748
-1.46671	0.90371	5.1393	5.12912
-1.46836	0.898454	5.13799	5.12879
-1.46244	0.905024	5.1416	5.12682
-1.46836	0.903382	5.1439	5.12649
-1.47493	0.895825	5.14456	5.12715
-1.47558	0.892868	5.14489	5.12846
-1.48347	0.896482	5.14456	5.12879
-1.49168	0.891554	5.14489	5.12715
-1.48807	0.889912	5.14555	5.12748
-1.49135	0.891883	5.14719	5.12682
-1.49595	0.889912	5.1485	5.12616
-1.50548	0.881041	5.14785	5.12485
-1.5091	0.879398	5.14686	5.12386
-1.50581	0.864285	5.14456	5.1255
-1.50811	0.861657	5.14325	5.12649
-1.50154	0.868885	5.14259	5.12649
-1.5068	0.855743	5.14423	5.12386
-1.50351	0.863957	5.14423	5.12288
-1.51107	0.857386	5.1439	5.12353
-1.50844	0.856729	5.14357	5.12452
-1.50778	0.861	5.14357	5.12518
-1.50975	0.852786	5.14292	5.12452
-1.51205	0.839973	5.14292	5.12518
-1.5045	0.841616	5.14423	5.12452
-1.50515	0.841944	5.14456	5.12419
-1.50252	0.841616	5.14325	5.12682
-1.50187	0.854758	5.14193	5.12912
-1.50351	0.853772	5.13996	5.12912
-1.49924	0.859029	5.14029	5.1278
-1.49595	0.866585	5.1416	5.12616
-1.49825	0.862971	5.14522	5.12452
-1.5114	0.84753	5.14719	5.12518
-1.51041	0.84063	5.14555	5.12419
-1.51271	0.833402	5.14456	5.1232
-1.51107	0.847201	5.14489	5.12518
-1.50515	0.851472	5.14456	5.1255
-1.49694	0.869213	5.14489	5.12288
-1.49398	0.862643	5.14357	5.12288
-1.48741	0.867899	5.14357	5.12353
-1.48511	0.868228	5.14555	5.12386
-1.4815	0.871513	5.14653	5.12616
-1.48741	0.876113	5.14423	5.12682
-1.48445	0.881698	5.14193	5.12583
-1.4861	0.881369	5.14193	5.12583
-1.48675	0.881698	5.14522	5.12518
-1.49103	0.872827	5.14653	5.12518
-1.4907	0.879398	5.14489	5.12518
-1.49168	0.869213	5.14292	5.1255
-1.49628	0.865599	5.13996	5.1232
-1.48971	0.874799	5.13865	5.12353
-1.48905	0.877427	5.14029	5.12452
-1.48544	0.887612	5.14292	5.12485
-1.48708	0.888926	5.14357	5.12353
-1.48807	0.887283	5.14259	5.1232
-1.48774	0.883998	5.14226	5.1255
-1.48445	0.887612	5.14127	5.12748
-1.48873	0.885312	5.14127	5.12715
-1.48741	0.887283	5.14292	5.1278
-1.48478	0.891554	5.14456	5.12879
-1.49103	0.894511	5.14456	5.12682
-1.48577	0.897139	5.1439	5.1255
-1.48117	0.904039	5.14226	5.12616
-1.4746	0.917509	5.14127	5.12649
-1.48018	0.921452	5.14127	5.12386
-1.48018	0.916523	5.14325	5.12353
-1.48807	0.90831	5.1439	5.12353
-1.49168	0.90371	5.1462	5.12419
-1.493	0.904367	5.1462	5.12583
-1.48905	0.908967	5.14423	5.12649
-1.48938	0.911595	5.14193	5.1255
-1.48905	0.897468	5.14193	5.12288
-1.49037	0.897139	5.1439	5.12058
-1.48675	0.895168	5.14555	5.12189
-1.48445	0.901739	5.14456	5.12353
-1.47723	0.909624	5.14193	5.12485
-1.46376	0.931965	5.14029	5.12616
-1.4562	0.937879	5.14062	5.12616
-1.4447	0.939521	5.14259	5.12682
-1.44372	0.933608	5.14587	5.12715
-1.44536	0.931636	5.1462	5.1255
-1.44569	0.929008	5.1439	5.12583
-1.43583	0.94215	5.14029	5.12879
-1.43846	0.943135	5.13766	5.12715
-1.43222	0.957263	5.13733	5.12518
-1.4194	0.960548	5.13865	5.12452
-1.4148	0.958577	5.13963	5.12419
-1.40659	0.958248	5.14029	5.12485
-1.40889	0.949049	5.14062	5.12485
-1.40659	0.951349	5.14226	5.12485
-1.39871	0.952663	5.14489	5.1232
-1.39969	0.957591	5.1485	5.12353
-1.39706	0.95332	5.1485	5.12386
-1.39082	0.950035	5.14522	5.12583
-1.38589	0.960548	5.14259	5.12583
-1.37604	0.960219	5.14062	5.1232
-1.37308	0.951677	5.14062	5.12288
-1.37702	0.941493	5.14226	5.12386
-1.37341	0.945107	5.1439	5.12452
-1.37341	0.937879	5.14423	5.12518
-1.35895	0.944449	5.1439	5.12616
-1.36454	0.936236	5.14292	5.12616
-1.35895	0.943464	5.14292	5.1278
-1.36289	0.943135	5.14357	5.1278
-1.37111	0.938536	5.14423	5.12583
-1.37472	0.940507	5.1439	5.12485
-1.38491	0.928022	5.14587	5.12386
-1.38294	0.929665	5.14817	5.12255
-1.38918	0.921123	5.14752	5.12353
-1.39082	0.92408	5.14259	5.12518
-1.38425	0.931965	5.14062	5.1255
-1.39312	0.933936	5.14029	5.12518
-1.40166	0.926708	5.14325	5.12485
-1.40988	0.93295	5.14456	5.12353
-1.40922	0.93985	5.14357	5.12452
-1.40823	0.939193	5.1416	5.12518
-1.41185	0.930322	5.14292	5.1255
-1.4125	0.932622	5.14259	5.12616
-1.41612	0.930979	5.14325	5.12715
-1.424	0.92638	5.14357	5.1278
-1.42827	0.923751	5.14489	5.12879
-1.43879	0.921123	5.1439	5.12715
-1.44306	0.920794	5.14095	5.1255
-1.4424	0.920466	5.1416	5.12583
-1.44996	0.918495	5.14193	5.1255
-1.45521	0.918823	5.14325	5.12518
-1.46343	0.911595	5.14357	5.12452
-1.45653	0.921123	5.1439	5.12189
-1.46441	0.912581	5.14423	5.12189
-1.46737	0.909295	5.14357	5.12485
-1.47723	0.893197	5.14259	5.12682
-1.47558	0.886626	5.14226	5.12813
-1.48511	0.870528	5.14226	5.12879
-1.48938	0.8587	5.1439	5.12649
-1.48971	0.856072	5.14587	5.12485
-1.48873	0.850815	5.1462	5.1255
-1.4999	0.839973	5.14587	5.12682
-1.50187	0.829131	5.14357	5.12715
-1.50778	0.82486	5.14127	5.12813
-1.51041	0.822561	5.14226	5.12616
-1.50844	0.811719	5.14423	5.12386
-1.50844	0.818618	5.14456	5.12485
-1.50548	0.816318	5.1439	5.12583
-1.50154	0.824203	5.1439	5.12583
-1.49924	0.835374	5.14456	5.12715
-1.49924	0.839973	5.14423	5.12583
-1.49628	0.836359	5.14522	5.12386
-1.49957	0.84293	5.14555	5.1232
-1.49464	0.845887	5.14587	5.12255
-1.49365	0.844244	5.14555	5.12386
-1.48216	0.852129	5.14292	5.12386
-1.4884	0.838988	5.14095	5.12419
-1.48577	0.841616	5.14259	5.12616
-1.49365	0.833731	5.14423	5.12649
-1.50285	0.821246	5.14555	5.12386
-1.50417	0.819275	5.1462	5.12255
-1.50252	0.835702	5.14456	5.12156
-1.50154	0.837016	5.14292	5.12123
-1.50614	0.834717	5.14357	5.12156
-1.49201	0.843587	5.14423	5.12353
-1.4953	0.848187	5.14555	5.12485
-1.49398	0.837673	5.14489	5.12452
-1.49103	0.854429	5.14522	5.12485
-1.4953	0.843916	5.14489	5.12583
-1.48708	0.847858	5.14292	5.12748
-1.49201	0.840302	5.14292	5.12715
-1.49135	0.84293	5.14357	5.12682
-1.49661	0.839973	5.14522	5.12715
-1.49168	0.848515	5.14785	5.1255
-1.50384	0.836688	5.14686	5.12419
-1.50581	0.835702	5.14522	5.12518
-1.51567	0.820918	5.14423	5.12649
-1.50778	0.824532	5.14292	5.12715
-1.50482	0.829131	5.14423	5.12583
-1.49595	0.839973	5.14686	5.1255
-1.49891	0.838002	5.1485	5.12386
-1.50778	0.831431	5.14653	5.1255
-1.51895	0.817961	5.14357	5.12748
-1.52684	0.812704	5.1439	5.12977
-1.52651	0.811062	5.14489	5.12945
-1.53702	0.799563	5.14489	5.12715
-1.53768	0.804819	5.14292	5.12616
-1.53965	0.792663	5.14095	5.12715
-1.54162	0.796606	5.13963	5.12682
-1.54261	0.793649	5.14029	5.12682
-1.54819	0.785435	5.1416	5.1255
-1.54918	0.785764	5.14193	5.12419
-1.54721	0.776236	5.14193	5.12485
-1.54359	0.780507	5.14259	5.12452
-1.54556	0.778864	5.14456	5.1255
-1.53834	0.790363	5.14489	5.12748
-1.53406	0.785435	5.14423	5.12813
-1.53505	0.783793	5.1439	5.12846
-1.53012	0.792992	5.14456	5.12846
-1.53242	0.798577	5.14456	5.12583
-1.52421	0.804491	5.14423	5.12288
-1.52355	0.811062	5.14292	5.12255
-1.51797	0.80909	5.14193	5.12485
-1.51271	0.819275	5.14095	5.12813
-1.5091	0.820918	5.14029	5.1301
-1.49858	0.818947	5.13996	5.12813
-1.49727	0.810076	5.1393	5.12583
-1.49497	0.814347	5.14095	5.12583
-1.48873	0.810076	5.1416	5.12485
-1.48445	0.815004	5.14226	5.12452
-1.47986	0.831103	5.14193	5.12682
-1.48216	0.828803	5.14292	5.12715
-1.47526	0.834388	5.14193	5.12649
-1.47164	0.845558	5.14259	5.12583
-1.46606	0.849829	5.14357	5.12353
-1.45981	0.851144	5.1439	5.12288
-1.45423	0.855415	5.14325	5.12616
-1.45226	0.852458	5.14193	5.12846
-1.45094	0.857714	5.14292	5.12813
-1.44207	0.862643	5.14259	5.12682
-1.43452	0.867899	5.14193	5.12485
-1.43123	0.869542	5.14095	5.12452
-1.43944	0.866257	5.14095	5.12616
-1.43452	0.870856	5.1416	5.12583
-1.42006	0.880055	5.14193	5.12583
-1.41875	0.891226	5.14193	5.12485
-1.41842	0.884655	5.14193	5.12386
-1.42269	0.887283	5.14357	5.12485
-1.42499	0.885969	5.14292	5.12616
-1.42663	0.881041	5.14325	5.12715
-1.42762	0.881369	5.14259	5.12682
-1.42795	0.869542	5.14127	5.12715
-1.42597	0.87447	5.14029	5.12715
-1.4309	0.866914	5.14127	5.12616
-1.44076	0.864285	5.14325	5.12583
-1.447	0.872499	5.14522	5.12682
-1.44634	0.867899	5.14522	5.12748
-1.44864	0.865928	5.1439	5.12846
-1.44766	0.864942	5.14489	5.12879
-1.45949	0.849501	5.1462	5.12846
-1.46474	0.859686	5.1462	5.12945
-1.46441	0.861	5.14587	5.12945
-1.47131	0.865928	5.14522	5.12879
-1.47066	0.863957	5.14489	5.12945
-1.47033	0.869213	5.14423	5.12945
-1.47066	0.874799	5.14423	5.12879
-1.4654	0.884326	5.14587	5.12846
-1.4654	0.88564	5.14653	5.12616
-1.46244	0.890897	5.14719	5.12583
-1.46441	0.898454	5.14653	5.1255
-1.46836	0.900425	5.14226	5.12649
-1.46277	0.907324	5.13996	5.12715
-1.46343	0.899768	5.13996	5.12748
-1.4631	0.889583	5.1416	5.12715
-1.45751	0.888269	5.1439	5.12682
-1.46474	0.880384	5.14325	5.1278
-1.47164	0.871842	5.14259	5.12813
-1.46704	0.883012	5.1439	5.12682
-1.4585	0.895168	5.14587	5.1255
-1.45357	0.899768	5.14587	5.12419
-1.44634	0.902068	5.14456	5.12518
-1.43583	0.90831	5.14259	5.12583
-1.43287	0.912909	5.14226	5.1255
-1.42532	0.90371	5.14259	5.12583
-1.42532	0.894183	5.14325	5.12748
-1.4171	0.903382	5.1439	5.12649
-1.40823	0.906339	5.1439	5.12419
-1.40265	0.903382	5.14325	5.1232
-1.39772	0.900753	5.14226	5.12353
-1.39641	0.899439	5.14193	5.12353
-1.38918	0.914881	5.14456	5.12353
-1.39279	0.905682	5.14555	5.12386
-1.38754	0.905024	5.1462	5.12715
-1.39378	0.904039	5.14653	5.12912
-1.39969	0.908638	5.1462	5.12583
-1.39739	0.907981	5.14653	5.12452
-1.39706	0.902068	5.14587	5.12485
-1.39378	0.90601	5.1439	5.12616
-1.40429	0.897468	5.14325	5.12715
-1.40758	0.905024	5.14357	5.12682
-1.40856	0.906339	5.14489	5.12649
-1.40988	0.900425	5.14686	5.12715
-1.41579	0.902396	5.14752	5.12682
-1.41809	0.905024	5.14555	5.12583
-1.41973	0.902725	5.1416	5.12485
-1.42959	0.895497	5.14062	5.12518
-1.43025	0.892211	5.14127	5.12715
-1.43944	0.878413	5.14127	5.12813
-1.44602	0.871513	5.14095	5.12846
-1.45357	0.858043	5.14259	5.12846
-1.46343	0.854758	5.14357	5.12846
-1.46606	0.8587	5.14325	5.12649
-1.4769	0.845887	5.14292	5.12518
-1.48577	0.84523	5.14325	5.12353
-1.48314	0.849172	5.14292	5.12255
-1.48741	0.84523	5.14259	5.12452
-1.49497	0.842602	5.14226	5.12518
-1.50548	0.832088	5.14095	5.12485
-1.50942	0.823546	5.13963	5.12485
-1.51862	0.810076	5.14193	5.12419
-1.52092	0.812376	5.14456	5.12288
-1.53209	0.794306	5.14555	5.1232
-1.54261	0.78445	5.14357	5.12386
-1.54556	0.783464	5.14292	5.12419
-1.55148	0.780507	5.14292	5.12518
-1.55706	0.76408	5.1416	5.1255
-1.55903	0.760138	5.1416	5.12583
-1.56002	0.754881	5.14357	5.12682
-1.55279	0.765394	5.14456	5.12616
-1.55082	0.777222	5.1439	5.12485
-1.56035	0.756852	5.14127	5.12518
-1.56429	0.752581	5.13897	5.12616
-1.56396	0.74831	5.13865	5.1278
-1.56396	0.741082	5.14095	5.12846
-1.56002	0.740425	5.14325	5.12682
-1.55542	0.757509	5.14423	5.12583
-1.55739	0.746667	5.14456	5.1255
-1.56199	0.738125	5.14292	5.12452
-1.55608	0.749624	5.14127	5.1255
-1.55279	0.751596	5.1416	5.12682
-1.54129	0.768351	5.14127	5.12616
-1.53406	0.776236	5.14095	5.12518
-1.53242	0.773279	5.14357	5.12288
-1.52454	0.784121	5.14522	5.12189
-1.51534	0.802519	5.14522	5.12353
-1.50844	0.807448	5.14259	5.12583
-1.49957	0.808105	5.1393	5.12616
-1.50088	0.800548	5.14062	5.12649
-1.49365	0.806133	5.14259	5.1255
-1.49398	0.796934	5.14456	5.1255
-1.49957	0.787407	5.14423	5.12518
-1.49891	0.795949	5.14325	5.12452
-1.49595	0.808433	5.14259	5.12452
-1.49004	0.820918	5.14259	5.12583
-1.48511	0.830117	5.14193	5.12518
-1.48281	0.832745	5.14193	5.12288
-1.47361	0.850815	5.14423	5.12255
-1.47066	0.861328	5.14587	5.12419
-1.46868	0.854429	5.14489	5.12682
-1.46573	0.857057	5.14325	5.1278
-1.47328	0.848844	5.14325	5.12748
-1.47033	0.861	5.1439	5.1255
-1.46343	0.875784	5.14423	5.12452
-1.46113	0.878084	5.14456	5.1232
-1.45029	0.89024	5.14325	5.12189
-1.45291	0.897139	5.14226	5.12419
-1.46277	0.900096	5.14193	5.12616
-1.46179	0.906667	5.1416	5.12846
-1.46343	0.902725	5.14357	5.1278
-1.47066	0.894511	5.14653	5.1255
-1.47427	0.899768	5.14555	5.12583
-1.47296	0.892868	5.14259	5.1278
-1.47394	0.887283	5.1416	5.12846
-1.46639	0.897139	5.1416	5.12682
-1.47033	0.896154	5.14095	5.12518
-1.45751	0.912581	5.14259	5.12419
-1.4447	0.925723	5.14357	5.12419
-1.44043	0.933279	5.14357	5.12583
-1.44996	0.92178	5.14193	5.12452
-1.44766	0.929337	5.13996	5.12419
-1.4493	0.929994	5.13963	5.12518
-1.44996	0.930322	5.14127	5.12386
-1.44306	0.946421	5.1439	5.12386
-1.43583	0.959891	5.14719	5.12452
-1.42499	0.965476	5.14719	5.12452
-1.4217	0.96909	5.14489	5.12485
-1.41809	0.963505	5.14226	5.12518
-1.41349	0.975661	5.14062	5.12616
-1.40593	0.983546	5.14193	5.12616
-1.39772	0.991431	5.14489	5.12452
-1.39805	0.98486	5.14555	5.12189
-1.39443	0.986503	5.14357	5.12288
-1.38754	0.988145	5.14127	5.12452
-1.38918	0.98486	5.14095	5.12649
-1.39049	0.979275	5.1416	5.12715
-1.38655	0.98716	5.14292	5.12715
-1.38195	0.984203	5.1439	5.12616
-1.38359	0.980918	5.1439	5.12649
-1.38162	0.985846	5.14127	5.12583
-1.36947	0.996359	5.14095	5.1255
-1.36651	0.999973	5.14127	5.12419
-1.37439	0.981246	5.14127	5.12222
-1.37308	0.978618	5.14226	5.12123
-1.36717	0.977961	5.14489	5.12288
-1.35632	0.983217	5.14522	5.12649
-1.35074	0.978289	5.14325	5.12813
-1.35271	0.971061	5.14127	5.12813
-1.34811	0.983546	5.14226	5.12649
-1.34975	0.978946	5.14456	5.12616
-1.35172	0.97139	5.14522	5.12518
-1.3491	0.96909	5.14423	5.1255
-1.35271	0.970076	5.14357	5.1278
-1.35435	0.961534	5.14226	5.13043
-1.36191	0.948063	5.1416	5.12945
-1.37374	0.937222	5.14095	5.12748
-1.38688	0.934593	5.14062	5.12682
-1.39082	0.929665	5.14127	5.12682
-1.40692	0.921452	5.14095	5.12846
-1.41382	0.913895	5.1416	5.12846
-1.42138	0.910938	5.14325	5.12682
-1.42565	0.899768	5.14259	5.12813
-1.43452	0.903053	5.1416	5.1301
-1.44503	0.899768	5.14259	5.12977
-1.44733	0.897468	5.14522	5.12879
-1.45456	0.906996	5.14653	5.12748
-1.45456	0.909624	5.14653	5.12485
-1.45784	0.904696	5.14522	5.12485
-1.46409	0.902725	5.14259	5.12583
-1.46901	0.905353	5.14292	5.12583
-1.47887	0.897139	5.14423	5.12583
-1.47493	0.904696	5.14555	5.12452
-1.47591	0.904696	5.14587	5.12255
-1.48216	0.900753	5.14456	5.12288
-1.48478	0.889254	5.14292	5.12452
-1.4907	0.891554	5.14259	5.12419
-1.4884	0.897797	5.14325	5.12452
-1.49201	0.887283	5.14456	5.12288
-1.49365	0.883012	5.14555	5.12156
-1.4976	0.872827	5.14489	5.12419
-1.50154	0.870528	5.14489	5.12682
-1.49891	0.87217	5.14587	5.12715
-1.49628	0.868556	5.14522	5.12682
-1.50285	0.859357	5.14193	5.12649
-1.49891	0.8633	5.14095	5.1278
-1.49825	0.868556	5.14226	5.12912
-1.49135	0.875784	5.14259	5.12682
-1.48544	0.880055	5.14259	5.12649
-1.49037	0.87447	5.14226	5.12945
-1.49398	0.871513	5.14226	5.12977
-1.48577	0.877427	5.14456	5.12748
-1.49168	0.868885	5.14555	5.1255
-1.49168	0.861986	5.14752	5.12616
-1.49168	0.860671	5.14719	5.12583
-1.4861	0.8633	5.14489	5.12649
-1.49661	0.847858	5.14127	5.12715
-1.49924	0.841616	5.13963	5.12682
-1.49398	0.844901	5.14029	5.1255
-1.48511	0.855086	5.1416	5.12583
-1.47361	0.868885	5.14095	5.12616
-1.47887	0.868885	5.14095	5.1278
-1.48413	0.862314	5.14062	5.12715
-1.48445	0.856729	5.13963	5.12616
-1.48511	0.857714	5.1393	5.1278
-1.4861	0.8587	5.1416	5.12813
-1.4838	0.864285	5.14226	5.1278
-1.47854	0.869213	5.14325	5.12682
-1.48445	0.863628	5.14292	5.12518
-1.48445	0.864942	5.14226	5.12518
-1.48216	0.873484	5.14292	5.1255
-1.48051	0.870856	5.14423	5.12518
-1.48051	0.872827	5.14587	5.12616
-1.4815	0.860671	5.14587	5.1278
-1.47624	0.865599	5.14456	5.12748
-1.46967	0.87447	5.14522	5.12813
-1.4723	0.882355	5.14555	5.12682
-1.47558	0.888926	5.1462	5.12485
-1.47986	0.886298	5.14522	5.12419
-1.48084	0.877098	5.14489	5.12452
-1.48117	0.883341	5.1439	5.12649
-1.48741	0.870856	5.14423	5.12715
-1.49793	0.853115	5.14325	5.12715
-1.49267	0.8587	5.14226	5.12649
-1.48905	0.869542	5.14325	5.12616
-1.48938	0.861328	5.14259	5.12583
-1.49103	0.862314	5.14292	5.12485
-1.4884	0.86987	5.1439	5.12419
-1.4953	0.86987	5.14193	5.12452
-1.49267	0.886298	5.13897	5.1255
-1.50055	0.874799	5.14029	5.12419
-1.4976	0.87447	5.14127	5.12353
-1.49333	0.872499	5.14292	5.12419
-1.49825	0.87447	5.14555	5.12419
-1.49891	0.871185	5.14653	5.12353
-1.49595	0.876113	5.14522	5.12419
-1.49333	0.874142	5.14259	5.12518
-1.48905	0.880384	5.14029	5.12518
-1.48347	0.895168	5.13963	5.12518
-1.47131	0.910938	5.1416	5.12583
-1.46179	0.916195	5.14423	5.12682
-1.45817	0.930322	5.14456	5.12649
-1.45259	0.93525	5.1439	5.12682
-1.4424	0.936564	5.14357	5.12813
-1.43452	0.94215	5.14292	5.12813
-1.4309	0.934922	5.14029	5.12715
-1.42335	0.939193	5.14029	5.1255
-1.41875	0.946749	5.14226	5.12485
-1.4171	0.950692	5.14325	5.12682
-1.41579	0.954963	5.14456	5.12518
-1.40495	0.959234	5.14456	5.12452
-1.40035	0.965805	5.1439	5.12518
-1.40561	0.957263	5.14259	5.12419
-1.40495	0.957591	5.13996	5.12485
-1.40692	0.950363	5.14062	5.12452
-1.41185	0.951349	5.14259	5.12452
-1.40758	0.954963	5.14325	5.12452
-1.39378	0.974675	5.14127	5.12419
-1.38688	0.978618	5.14259	5.12452
-1.39443	0.976647	5.14456	5.12583
-1.39049	0.978289	5.14555	5.12452
-1.38491	0.983217	5.14653	5.1232
-1.38162	0.991759	5.14555	5.12386
-1.36947	1.00556	5.14325	5.1255
-1.35797	1.00162	5.14193	5.12583
-1.35172	0.998002	5.14193	5.12485
-1.34121	0.992417	5.14292	5.1232
-1.35238	0.983546	5.14423	5.12222
-1.34975	0.976647	5.14423	5.12189
-1.35107	0.971061	5.14555	5.12189
-1.35468	0.970076	5.14555	5.12222
-1.35764	0.965805	5.14489	5.12452
-1.35665	0.964162	5.14357	5.12518
-1.36519	0.95792	5.14325	5.12419
-1.36749	0.952334	5.1439	5.12255
-1.37341	0.952992	5.14357	5.12419
-1.38096	0.948392	5.14292	5.12583
-1.38754	0.950035	5.14357	5.12715
-1.39345	0.953649	5.14456	5.12452
-1.40561	0.949378	5.14423	5.12255
-1.4102	0.944121	5.1439	5.12353
-1.40823	0.942807	5.14423	5.12452
-1.41316	0.937879	5.14423	5.12682
-1.41612	0.947735	5.14522	5.12813
-1.42565	0.938864	5.14555	5.12945
-1.43616	0.934922	5.14489	5.1301
-1.43583	0.940178	5.14357	5.12879
-1.4332	0.952663	5.14357	5.12748
-1.44339	0.931636	5.14259	5.12748
-1.43813	0.936893	5.14226	5.12682
-1.43813	0.934265	5.14193	5.1278
-1.42959	0.945107	5.14292	5.12813
-1.42597	0.953649	5.14489	5.12682
-1.42039	0.958577	5.14489	5.12583
-1.41842	0.954963	5.14292	5.12485
-1.4079	0.959234	5.14226	5.12485
-1.41645	0.947078	5.14423	5.12583
-1.4148	0.938864	5.14522	5.12682
-1.41152	0.948392	5.14555	5.12715
-1.41678	0.93985	5.14423	5.12748
-1.41579	0.929665	5.14456	5.1278
-1.42795	0.921123	5.14555	5.1255
-1.43419	0.908967	5.1462	5.12452
-1.43682	0.907653	5.14555	5.12419
-1.44339	0.90141	5.14653	5.12452
-1.447	0.892868	5.14587	5.12452
-1.44142	0.88794	5.14325	5.12616
-1.44963	0.87217	5.14226	5.12715
-1.44667	0.864614	5.14357	5.12813
-1.45587	0.854429	5.1439	5.12682
-1.44766	0.851801	5.14357	5.12419
-1.45423	0.836031	5.1439	5.12452
-1.45587	0.830446	5.14555	5.12419
-1.45949	0.835702	5.14785	5.1255
-1.46244	0.832088	5.14785	5.12583
-1.46047	0.82486	5.14423	5.12419
-1.46376	0.815661	5.14357	5.12288
-1.45784	0.822889	5.14423	5.12288
-1.46868	0.810076	5.14423	5.12353
-1.46868	0.81139	5.14456	5.12485
-1.4654	0.816975	5.14423	5.12616
-1.46836	0.816647	5.14357	5.1255
-1.47756	0.820261	5.14292	5.1232
-1.47723	0.823218	5.14193	5.12485
-1.48084	0.825189	5.1416	5.12518
-1.48708	0.820589	5.1393	5.1255
-1.49661	0.816975	5.13996	5.12715
-1.50088	0.82716	5.14325	5.1301
-1.50318	0.832417	5.14653	5.12879
-1.50318	0.837345	5.14587	5.12879
-1.5091	0.821246	5.1439	5.12715
-1.51665	0.818289	5.14095	5.12682
-1.51632	0.814676	5.13832	5.12682
-1.51238	0.824532	5.13766	5.12715
-1.51698	0.818947	5.13865	5.12616
-1.52322	0.818289	5.1416	5.12518
-1.51928	0.826503	5.14456	5.12485
-1.52059	0.821575	5.14522	5.12583
-1.51599	0.829788	5.14423	5.12649
-1.52027	0.826503	5.14127	5.12616
-1.52421	0.825846	5.14062	5.12518
-1.52749	0.818289	5.1416	5.12715
-1.53735	0.810076	5.14325	5.12945
-1.53538	0.80909	5.14423	5.12879
-1.54195	0.785435	5.1439	5.12682
-1.53801	0.789049	5.14259	5.12715
-1.54162	0.788392	5.14292	5.12649
-1.54031	0.789049	5.1439	5.12649
-1.54294	0.785435	5.14587	5.12649
-1.53636	0.795949	5.14653	5.12715
-1.53866	0.793977	5.1462	5.12682
-1.53604	0.795949	5.1439	5.12649
-1.52914	0.802848	5.1416	5.12682
-1.52815	0.801534	5.14095	5.12485
-1.53308	0.792663	5.1416	5.12452
-1.52881	0.783136	5.14062	5.12616
-1.52618	0.783464	5.14193	5.12813
-1.52684	0.778864	5.14357	5.12912
-1.52782	0.774265	5.14456	5.12813
-1.52782	0.77755	5.14423	5.12945
-1.52684	0.769994	5.14357	5.12879
-1.52289	0.773279	5.14292	5.12846
-1.51829	0.789049	5.14325	5.12846
-1.51402	0.786421	5.14456	5.12715
-1.51041	0.79562	5.14686	5.12452
-1.50581	0.801205	5.14522	5.12255
-1.4953	0.804491	5.14357	5.12255
-1.4907	0.817304	5.14292	5.12518
-1.493	0.81599	5.14259	5.12616
-1.48708	0.826503	5.14423	5.1255
-1.47723	0.841616	5.1439	5.1255
-1.4723	0.849172	5.1439	5.12386
-1.47263	0.854101	5.14259	5.12419
-1.46113	0.870528	5.14127	5.12748
-1.45784	0.878084	5.13963	5.13076
-1.4585	0.87907	5.14193	5.13109
-1.44864	0.883341	5.1439	5.12846
-1.45029	0.880712	5.14423	5.12518
-1.4447	0.89254	5.14456	5.12386
-1.44437	0.893197	5.14259	5.12616
-1.43944	0.891883	5.13996	5.12748
-1.44109	0.895825	5.13865	5.12649
-1.44372	0.901739	5.13996	5.12715
-1.44634	0.899439	5.14325	5.12649
-1.4585	0.885312	5.1462	5.1255
-1.44273	0.896154	5.14587	5.12518
-1.44766	0.898454	5.14357	5.12616
-1.44569	0.896811	5.14193	5.12616
-1.45291	0.897797	5.13996	5.12715
-1.45127	0.897468	5.14226	5.12583
-1.4447	0.907324	5.14456	5.12452
-1.45226	0.912581	5.14456	5.12682
-1.44404	0.91718	5.14292	5.1278
-1.4447	0.909953	5.14226	5.1278
-1.45094	0.907324	5.14259	5.12682
-1.4562	0.911924	5.14193	5.12583
-1.45587	0.897797	5.14292	5.12649
-1.45554	0.90371	5.14555	5.1278
-1.45751	0.899768	5.14752	5.12748
-1.45193	0.910281	5.14752	5.12748
-1.44109	0.914224	5.14489	5.12715
-1.44963	0.908638	5.14193	5.1255
-1.44569	0.920137	5.14226	5.12419
-1.44339	0.921123	5.14423	5.12518
-1.44634	0.920137	5.14522	5.12518
-1.44799	0.914881	5.14325	5.12518
-1.44897	0.918823	5.14193	5.12485
-1.4516	0.924737	5.1416	5.12386
-1.44634	0.926708	5.1416	5.12419
-1.45719	0.910281	5.14489	5.12485
-1.45226	0.899439	5.14686	5.12452
-1.45489	0.899439	5.14555	5.12353
-1.44766	0.907653	5.1439	5.12353
-1.44503	0.914224	5.14259	5.12485
-1.43123	0.926051	5.14226	5.12583
-1.41776	0.947735	5.14456	5.12682
-1.4148	0.95332	5.14686	5.12748
-1.42335	0.950692	5.14686	5.12649
-1.41612	0.943792	5.14357	5.12616
-1.41119	0.946421	5.14062	5.12583
-1.40988	0.942807	5.14029	5.12616
-1.4102	0.940507	5.14062	5.12452
-1.40495	0.943135	5.14127	5.12353
-1.39673	0.954963	5.14292	5.12616
-1.40035	0.950035	5.14226	5.12682
-1.40166	0.943135	5.14226	5.12583
-1.39772	0.944121	5.14292	5.12649
-1.39509	0.948063	5.14193	5.12813
-1.39936	0.933936	5.14226	5.12912
-1.40166	0.928679	5.14127	5.12912
-1.39706	0.933608	5.14127	5.12682
-1.40002	0.938536	5.14226	5.12616
-1.40166	0.935907	5.14292	5.12616
-1.39608	0.920466	5.14193	5.12649
-1.41218	0.90141	5.1416	5.12583
-1.41053	0.900096	5.14259	5.12649
-1.41973	0.894183	5.14489	5.12616
-1.42565	0.894511	5.1439	5.12583
-1.43583	0.896482	5.1416	5.12748
-1.42992	0.896811	5.14127	5.12715
-1.42795	0.902396	5.14029	5.1255
-1.4332	0.897139	5.14062	5.12452
-1.44339	0.898454	5.14062	5.12386
-1.44963	0.883012	5.13963	5.12419
-1.44733	0.884983	5.13996	5.12452
-1.44372	0.89254	5.14062	5.12419
-1.45193	0.896154	5.14259	5.12518
-1.45259	0.892211	5.14259	5.12748
-1.45587	0.89024	5.14456	5.12977
-1.46934	0.884983	5.1439	5.13142
-1.46868	0.894511	5.14456	5.13076
-1.46967	0.896811	5.14522	5.12715
-1.47887	0.896811	5.14456	5.12583
-1.48216	0.899111	5.14325	5.12748
-1.49168	0.88794	5.14193	5.12879
-1.4953	0.875456	5.14127	5.12879
-1.50318	0.875784	5.1416	5.12879
-1.51304	0.868556	5.14259	5.12879
-1.50975	0.869542	5.14095	5.12912
-1.51337	0.8633	5.13996	5.12879
-1.50877	0.862643	5.13996	5.12748
-1.51172	0.857057	5.14029	5.1278
-1.5137	0.843259	5.14226	5.12813
-1.52158	0.838988	5.14226	5.12748
-1.52257	0.828803	5.14259	5.12518
-1.52322	0.828146	5.14292	5.12452
-1.52158	0.82946	5.14587	5.12583
-1.51797	0.836688	5.14489	5.12715
-1.52125	0.830117	5.14259	5.12583
-1.51862	0.832417	5.14127	5.12452
-1.52355	0.826174	5.14456	5.12452
-1.52519	0.82486	5.14752	5.12452
-1.52289	0.821246	5.14883	5.12616
-1.52092	0.812704	5.14916	5.12682
-1.51764	0.812047	5.14752	5.12715
-1.51829	0.801534	5.14653	5.12813
-1.51698	0.796606	5.14555	5.12879
-1.5045	0.804819	5.14456	5.12879
-1.50548	0.799563	5.1439	5.12748
-1.5045	0.806133	5.14292	5.12616
-1.50647	0.807119	5.14226	5.12649
-1.49825	0.815333	5.14292	5.12846
-1.50187	0.803834	5.14325	5.12715
-1.49333	0.808105	5.14292	5.12518
-1.49168	0.819932	5.14193	5.12353
-1.4907	0.825189	5.14456	5.12452
-1.49004	0.825517	5.14653	5.12485
-1.4861	0.82946	5.14587	5.12518
-1.48413	0.839973	5.14423	5.12616
-1.48183	0.843587	5.14226	5.12616
-1.47657	0.848844	5.14062	5.12616
-1.47887	0.84523	5.14095	5.12452
-1.48708	0.839973	5.14193	5.12255
-1.47887	0.844573	5.14325	5.12288
-1.47394	0.846873	5.14489	5.1232
-1.47164	0.852129	5.14423	5.12353
-1.47361	0.851472	5.14325	5.12353
-1.47098	0.855743	5.14292	5.12222
-1.46409	0.858372	5.14587	5.12288
-1.46606	0.866257	5.14719	5.12386
-1.46836	0.869213	5.14522	5.12353
-1.46671	0.887283	5.14193	5.12255
-1.46639	0.887612	5.14062	5.12419
-1.47361	0.887283	5.14127	5.12485
-1.46934	0.889254	5.14226	5.12386
-1.47394	0.885312	5.14423	5.12255
-1.46967	0.898125	5.14489	5.1232
-1.47098	0.89254	5.1439	5.12353
-1.46934	0.896482	5.14325	5.12419
-1.47657	0.893854	5.14193	5.1255
-1.47427	0.893854	5.14062	5.12583
-1.46606	0.906996	5.1416	5.12945
-1.46179	0.910938	5.14292	5.12945
-1.45653	0.91718	5.14226	5.1278
-1.45094	0.927365	5.14095	5.12583
-1.44372	0.933608	5.14127	5.12353
-1.44733	0.929008	5.14095	5.1232
-1.44733	0.929665	5.14193	5.12616
-1.43682	0.941493	5.1416	5.1278
-1.42827	0.950692	5.14226	5.1278
-1.42827	0.950363	5.14292	5.12682
-1.4309	0.958577	5.14259	5.12616
-1.42663	0.953649	5.14193	5.12583
-1.42039	0.958905	5.1439	5.12748
-1.4079	0.967776	5.14555	5.12813
-1.39673	0.981246	5.1462	5.12846
-1.38852	0.988474	5.14456	5.1255
-1.37768	0.995045	5.1439	5.12386
-1.36618	0.992417	5.1439	5.12485
-1.36092	1.00359	5.14423	5.12583
-1.35665	1.01574	5.1439	5.1255
-1.35402	1.01147	5.1439	5.12419
-1.35304	1.01344	5.14456	5.12485
-1.35172	1.01706	5.14653	5.12583
-1.356	1.01114	5.14653	5.12616
-1.34811	1.02626	5.14357	5.12583
-1.34942	1.01476	5.14095	5.12452
-1.36191	1.00622	5.14226	5.12485
-1.36059	1.00523	5.14423	5.1255
-1.36454	0.998659	5.14423	5.1255
-1.35468	1.0026	5.1439	5.1255
-1.36191	1.0049	5.14325	5.12485
-1.35107	1.01279	5.1416	5.12353
-1.3468	1.01903	5.14226	5.12485
-1.35074	1.02429	5.14456	5.12583
-1.35205	1.02067	5.14555	5.12682
-1.3537	1.02001	5.14587	5.12715
-1.35107	1.02429	5.14522	5.12649
-1.35534	1.01246	5.14357	5.12583
-1.35074	1.01213	5.14357	5.12715
-1.34811	1.02297	5.14423	5.12846
-1.34647	1.02297	5.14489	5.12813
-1.3583	1.02626	5.14522	5.1255
-1.36519	1.02034	5.14456	5.1255
-1.36552	1.02658	5.14489	5.12616
-1.37308	1.02166	5.14423	5.12715
-1.37407	1.02133	5.14259	5.12485
-1.37407	1.02757	5.14062	5.12419
-1.37669	1.02363	5.14095	5.12583
-1.37965	1.02034	5.1439	5.12649
-1.38261	1.01311	5.14555	5.12616
-1.38129	1.01114	5.1439	5.12518
-1.38754	1.00786	5.14193	5.12518
-1.39608	1.00589	5.14226	5.12616
-1.39969	0.995045	5.14325	5.12813
-1.40068	0.987488	5.14357	5.1278
-1.41513	0.974347	5.14489	5.12518
-1.41809	0.971061	5.14423	5.12452
-1.41809	0.972704	5.14259	5.12386
-1.4171	0.965476	5.1439	5.1255
-1.41612	0.959562	5.14489	5.12616
-1.41513	0.96679	5.14555	5.12616
-1.41513	0.967447	5.1462	5.12616
-1.40988	0.974675	5.14587	5.12583
-1.4079	0.980918	5.14489	5.12353
-1.39838	0.981903	5.14489	5.12222
-1.39509	0.992417	5.14489	5.12419
-1.38589	0.991759	5.14423	5.1278
-1.38031	1.00424	5.14325	5.13043
-1.38031	1.0003	5.14325	5.12912
-1.38655	1.00162	5.14423	5.12616
-1.38655	1.00359	5.1439	5.12518
-1.38754	1.00326	5.14226	5.12583
-1.38425	1.01016	5.14029	5.12748
-1.38228	1.00983	5.14127	5.12616
-1.37801	1.01049	5.14325	5.12518
-1.37998	1.01443	5.14423	5.12616
-1.37932	1.01509	5.14522	5.12649
-1.38096	1.00852	5.14456	5.1278
-1.38392	1.00884	5.14555	5.12846
-1.37965	1.00852	5.14489	5.12945
-1.38195	1.0072	5.14489	5.12879
-1.38162	1.00819	5.14522	5.12616
-1.38491	1.00917	5.14456	5.12518
-1.38819	1.00326	5.1439	5.12518
-1.39411	0.995702	5.14259	5.12583
-1.39871	0.993731	5.14193	5.12649
-1.39476	0.988803	5.14259	5.12616
-1.39969	0.983546	5.14226	5.12649
-1.40232	0.980589	5.14522	5.12715
-1.40922	0.973361	5.14587	5.1255
-1.41053	0.967447	5.14456	5.12452
-1.41645	0.953649	5.14357	5.12419
-1.43222	0.941164	5.1416	5.12222
-1.43846	0.930979	5.13996	5.12518
-1.447	0.93295	5.1393	5.13076
-1.45521	0.927037	5.14062	5.13207
-1.45489	0.920137	5.14259	5.1278
-1.4631	0.911924	5.1439	5.12583
-1.46639	0.911924	5.14653	5.12518
-1.46639	0.923094	5.14587	5.12518
-1.46803	0.918823	5.14357	5.12518
-1.46803	0.922109	5.14259	5.12583
-1.47296	0.916852	5.14357	5.12583
-1.48413	0.911595	5.14325	5.12715
-1.48873	0.905353	5.1439	5.12748
-1.48478	0.918166	5.14357	5.12682
-1.48741	0.914224	5.14325	5.12649
-1.4907	0.914881	5.14357	5.12682
-1.49234	0.915866	5.14292	5.12715
-1.4953	0.905682	5.14193	5.12682
-1.4999	0.908967	5.14357	5.12583
-1.50745	0.897797	5.14423	5.12583
-1.50384	0.899111	5.14522	5.1255
-1.49694	0.906339	5.14325	5.12616
-1.49563	0.915209	5.14062	5.1278
-1.48807	0.921452	5.14095	5.12879
-1.48018	0.927365	5.14292	5.12682
-1.47821	0.927365	5.14193	5.12682
-1.47821	0.926051	5.1416	5.12813
-1.47854	0.925394	5.14292	5.12945
-1.47723	0.928351	5.14357	5.13043
-1.47394	0.93525	5.14357	5.12846
-1.47263	0.937222	5.14456	5.12682
-1.46704	0.944121	5.14522	5.1255
-1.46376	0.943135	5.14456	5.12518
-1.46606	0.940835	5.14423	5.12452
-1.47328	0.927037	5.14357	5.12485
-1.47164	0.920794	5.14325	5.12583
-1.46868	0.911595	5.14226	5.12649
-1.46441	0.915866	5.14095	5.1278
-1.4631	0.911595	5.14259	5.12682
-1.45686	0.920466	5.14456	5.12748
-1.44963	0.929008	5.1462	5.12715
-1.44273	0.93295	5.14522	5.12649
-1.43944	0.937222	5.14292	5.12452
-1.43616	0.934593	5.14325	5.12419
-1.43452	0.938207	5.14522	5.12353
-1.43156	0.944121	5.14522	5.12288
-1.41776	0.956277	5.14456	5.12386
-1.41546	0.945107	5.14423	5.1255
-1.41612	0.941493	5.14292	5.12682
-1.4079	0.952992	5.14259	5.1278
-1.41218	0.95332	5.14259	5.12846
-1.41678	0.95332	5.1439	5.1278
-1.41283	0.953649	5.14653	5.12616
-1.42006	0.94872	5.14719	5.12452
-1.41415	0.949378	5.14587	5.12452
-1.41776	0.952992	5.14292	5.12353
-1.41218	0.968762	5.1416	5.12419
-1.42138	0.973033	5.14325	5.12649
-1.41513	0.982889	5.14555	5.12682
-1.40593	0.997016	5.14587	5.12518
-1.40758	1.00129	5.1439	5.1255
-1.41218	1.00194	5.14292	5.12616
-1.42565	0.980918	5.14325	5.1255
-1.4263	0.974018	5.1439	5.12682
-1.43189	0.979603	5.1439	5.1278
-1.43287	0.975989	5.14357	5.1278
-1.43419	0.97369	5.14325	5.12813
-1.43583	0.972047	5.14259	5.12748
-1.43616	0.973033	5.14259	5.12813
-1.43583	0.96909	5.14029	5.12748
-1.42729	0.967119	5.13897	5.12715
-1.42959	0.971061	5.14062	5.1255
-1.43583	0.963176	5.1439	5.12518
-1.44339	0.95562	5.14587	5.12616
-1.44273	0.95332	5.14489	5.12649
-1.44437	0.954306	5.14029	5.12616
-1.43222	0.960548	5.13766	5.12583
-1.43747	0.958577	5.13865	5.12583
-1.43353	0.962848	5.14029	5.12583
-1.43189	0.961534	5.14226	5.12583
-1.4286	0.960877	5.14193	5.12748
-1.42302	0.958248	5.14095	5.12879
-1.424	0.960219	5.14193	5.12846
-1.41448	0.966462	5.14325	5.1278
-1.40758	0.970076	5.14489	5.12682
-1.40758	0.976318	5.14489	5.12649
-1.41283	0.974347	5.14357	5.12583
-1.40298	0.983874	5.14522	5.12583
-1.40692	0.975989	5.14456	5.12485
-1.41185	0.967447	5.14325	5.12419
-1.41086	0.967776	5.14226	5.12518
-1.40988	0.960548	5.14226	5.12452
-1.40626	0.971718	5.1439	5.12288
-1.40429	0.984203	5.1462	5.12353
-1.40593	0.978289	5.14587	5.12386
-1.39871	0.980589	5.1439	5.12583
-1.39903	0.983217	5.14423	5.12813
-1.40758	0.978946	5.14357	5.12846
-1.41349	0.972375	5.14292	5.12715
-1.42138	0.968104	5.14325	5.1255
-1.42367	0.966462	5.14489	5.12452
-1.4217	0.96449	5.14489	5.12485
-1.42269	0.956934	5.14325	5.1255
-1.41809	0.965148	5.14325	5.12485
-1.41809	0.970733	5.14292	5.12452
-1.41776	0.971061	5.14357	5.12353
-1.424	0.96909	5.14423	5.12419
-1.4263	0.963833	5.14522	5.12649
-1.43057	0.959234	5.14489	5.12813
-1.43222	0.949706	5.14423	5.12715
-1.43912	0.942478	5.14423	5.12616
-1.44437	0.945107	5.14489	5.12682
-1.45029	0.93985	5.14555	5.12748
-1.45686	0.930979	5.14587	5.12649
-1.45324	0.924408	5.14587	5.12649
-1.45029	0.931308	5.1439	5.12649
-1.4539	0.925065	5.14325	5.12813
-1.46277	0.91718	5.14292	5.12748
-1.4654	0.913567	5.14423	5.12682
-1.46507	0.914224	5.14456	5.12616
-1.46146	0.907981	5.14489	5.12649
-1.45489	0.904367	5.14555	5.1255
-1.4608	0.899111	5.14456	5.12583
-1.46146	0.896482	5.14193	5.1255
-1.46836	0.882355	5.14029	5.12583
-1.4654	0.880055	5.13996	5.1278
-1.46868	0.87907	5.14127	5.12879
-1.47558	0.865271	5.14127	5.12945
-1.46967	0.864614	5.14226	5.12846
-1.47066	0.870856	5.14292	5.12616
-1.46704	0.883998	5.14522	5.12485
-1.47	0.872499	5.14489	5.1255
-1.46901	0.870199	5.1439	5.12649
-1.47756	0.861	5.14456	5.12748
-1.46671	0.871185	5.14587	5.1278
-1.46737	0.870199	5.14555	5.12715
-1.47131	0.87447	5.14259	5.12616
-1.48314	0.86987	5.13963	5.12583
-1.48281	0.86987	5.1393	5.12682
-1.48577	0.86987	5.14259	5.12682
-1.49103	0.870856	5.14489	5.1255
-1.48741	0.871513	5.1462	5.1232
-1.4884	0.867242	5.14555	5.12419
-1.48708	0.873484	5.14325	5.12583
-1.48445	0.87447	5.14226	5.12682
-1.48971	0.872827	5.14259	5.12879
-1.49103	0.877755	5.14325	5.12945
-1.48938	0.883341	5.14423	5.12715
-1.48544	0.895825	5.1439	5.1255
-1.48281	0.891554	5.14292	5.12485
-1.46901	0.90141	5.14226	5.1255
-1.46704	0.893854	5.1416	5.12649
-1.46934	0.887283	5.13996	5.12715
-1.46803	0.88794	5.13996	5.12616
-1.4631	0.88564	5.1439	5.12682
-1.4677	0.87907	5.14653	5.12682
-1.46737	0.876441	5.14522	5.12682
-1.47	0.879398	5.14522	5.12682
-1.4677	0.881698	5.14325	5.1278
-1.46836	0.878084	5.14292	5.12977
-1.47624	0.868556	5.1439	5.12977
-1.47624	0.875784	5.14489	5.12846
-1.47066	0.887283	5.14587	5.12649
-1.47427	0.884655	5.14522	5.12583
-1.47394	0.881369	5.14325	5.12715
-1.47493	0.880712	5.14357	5.12977
-1.4631	0.879727	5.14719	5.13142
-1.46146	0.889254	5.15047	5.12945
-1.4585	0.880712	5.14916	5.12715
-1.45817	0.888269	5.14555	5.12583
-1.45193	0.896811	5.14259	5.12386
-1.44832	0.902068	5.14292	5.12518
-1.44536	0.906996	5.14489	5.12748
-1.4447	0.90601	5.14587	5.12846
-1.44897	0.904696	5.14555	5.12649
-1.4493	0.909953	5.14686	5.12419
-1.45291	0.912581	5.14719	5.12419
-1.45719	0.905682	5.14456	5.1255
-1.45686	0.900425	5.14292	5.12879
-1.45226	0.909953	5.14325	5.12912
-1.44404	0.906996	5.14489	5.12748
-1.44864	0.910938	5.1462	5.12485
-1.44372	0.915538	5.1462	5.12288
-1.43485	0.919152	5.14587	5.12452
-1.42959	0.934922	5.14522	5.12583
-1.42236	0.945435	5.1439	5.12583
-1.42367	0.940835	5.14259	5.12715
-1.41645	0.945107	5.14193	5.12879
-1.41053	0.954306	5.14423	5.12813
-1.4125	0.942807	5.14522	5.12715
-1.41842	0.932293	5.14423	5.12715
-1.41448	0.944449	5.14127	5.1278
-1.41382	0.949706	5.13897	5.12813
-1.40298	0.960548	5.14127	5.12682
-1.40626	0.950692	5.1439	5.12616
-1.40823	0.947406	5.14489	5.12616
-1.41316	0.947078	5.14423	5.12616
-1.41086	0.943792	5.1439	5.12583
-1.40331	0.962191	5.14259	5.12583
-1.39936	0.967776	5.1416	5.12485
-1.39312	0.983546	5.14259	5.12518
-1.39246	0.980918	5.14423	5.12452
-1.39903	0.975332	5.14522	5.12485
-1.40429	0.976975	5.14423	5.12616
-1.39016	0.986174	5.14325	5.1278
-1.38984	0.981903	5.14193	5.12649
-1.39049	0.978618	5.14325	5.12583
-1.39181	0.976975	5.1439	5.12485
-1.38754	0.977961	5.14456	5.12518
-1.39181	0.977304	5.14522	5.12452
-1.39673	0.975332	5.14325	5.12419
-1.39936	0.96909	5.14062	5.12353
-1.40166	0.970076	5.1416	5.12452
-1.41086	0.969747	5.14325	5.12518
-1.4125	0.967447	5.14456	5.12485
-1.40988	0.974347	5.14357	5.12452
-1.40396	0.993402	5.14193	5.12583
-1.4079	0.990445	5.14259	5.12715
-1.41645	0.985189	5.14193	5.12616
-1.41809	0.981575	5.14127	5.12616
-1.41612	0.979603	5.14325	5.12583
-1.40561	0.984203	5.14423	5.12616
-1.41283	0.977304	5.14587	5.12583
-1.41415	0.978289	5.1439	5.12518
-1.41973	0.972047	5.1439	5.1255
-1.4355	0.95102	5.14226	5.12583
-1.44339	0.950363	5.14193	5.12715
-1.43813	0.952992	5.1416	5.12715
-1.42827	0.958248	5.14259	5.12583
-1.4263	0.964819	5.14587	5.12288
-1.41546	0.972704	5.14817	5.12288
-1.42269	0.972375	5.1485	5.12452
-1.41776	0.976318	5.14555	5.1255
-1.41185	0.977961	5.14193	5.1255
-1.4102	0.975661	5.14095	5.12386
-1.40528	0.985846	5.14325	5.12222
-1.39509	0.988474	5.14423	5.12288
-1.39443	0.991759	5.14357	5.12386
-1.39903	0.980918	5.1439	5.12616
-1.39936	0.98256	5.14456	5.12813
-1.39641	0.986831	5.14325	5.12748
-1.40495	0.975989	5.1416	5.12649
-1.40429	0.980918	5.14226	5.1255
-1.39476	0.986174	5.14423	5.1232
-1.40626	0.967447	5.14522	5.12189
-1.41053	0.961534	5.14325	5.1232
-1.40823	0.96449	5.14259	5.1255
-1.41678	0.96679	5.1439	5.12616
-1.41809	0.966133	5.14522	5.12419
-1.42006	0.962848	5.14686	5.12452
-1.43287	0.952992	5.14785	5.12518
-1.43452	0.947406	5.14456	5.12583
-1.43583	0.947735	5.14259	5.12288
-1.43189	0.940178	5.14226	5.12288
-1.44273	0.923423	5.14357	5.12419
-1.43879	0.932622	5.14456	5.12353
-1.43977	0.931308	5.14423	5.1232
-1.4332	0.938536	5.14555	5.12386
-1.43287	0.938864	5.14489	5.12518
-1.42992	0.93525	5.14325	5.1278
-1.42729	0.934593	5.14259	5.12846
-1.44503	0.911595	5.14292	5.12715
-1.44963	0.905353	5.14226	5.1255
-1.45357	0.904367	5.14259	5.12649
-1.46113	0.888597	5.14522	5.12682
-1.47066	0.875784	5.14522	5.12682
-1.47197	0.870856	5.14456	5.12649
-1.47591	0.87217	5.1439	5.12715
-1.48445	0.858043	5.14456	5.12977
-1.49431	0.846873	5.14522	5.13109
-1.4953	0.843587	5.14522	5.12977
-1.49858	0.834717	5.14357	5.12649
-1.49398	0.841287	5.1416	5.12583
-1.49135	0.839645	5.14193	5.12715
-1.49694	0.836688	5.14292	5.12813
-1.5068	0.832088	5.14226	5.12813
-1.51074	0.822889	5.14259	5.12649
-1.51271	0.815004	5.14522	5.12452
-1.51567	0.816318	5.14489	5.1209
-1.52257	0.812704	5.14357	5.12156
-1.51468	0.821903	5.14193	5.12386
-1.51731	0.817961	5.1416	5.12485
-1.52322	0.812376	5.14292	5.12583
-1.51961	0.809747	5.14325	5.12649
-1.52355	0.807119	5.14489	5.12583
-1.52651	0.792006	5.14587	5.12616
-1.53012	0.78215	5.14456	5.12682
-1.52914	0.780507	5.14357	5.12649
-1.53505	0.775251	5.1439	5.12715
-1.53571	0.776236	5.1439	5.12748
-1.53965	0.767037	5.14489	5.12748
-1.53998	0.763094	5.14522	5.12616
-1.53144	0.764409	5.14456	5.12452
-1.53505	0.762437	5.14423	5.12353
-1.53735	0.763752	5.14292	5.1232
-1.53505	0.779193	5.14127	5.12452
-1.53571	0.762766	5.14193	5.12583
-1.52979	0.770979	5.14292	5.12748
-1.52782	0.772294	5.14127	5.1278
-1.51698	0.777879	5.14095	5.12649
-1.51928	0.783793	5.14193	5.12813
-1.51665	0.796277	5.14259	5.12912
-1.52125	0.801534	5.14423	5.12518
-1.51008	0.807448	5.14522	5.12222
-1.50975	0.814018	5.14423	5.1232
-1.50482	0.820918	5.14127	5.1255
-1.50778	0.823218	5.14095	5.12715
-1.50811	0.819275	5.14127	5.12846
-1.50581	0.812376	5.14193	5.12715
-1.49431	0.823218	5.14325	5.12715
-1.50318	0.822232	5.14522	5.12682
-1.49957	0.820918	5.14489	5.12518
-1.48807	0.821575	5.14423	5.12386
-1.48478	0.826832	5.14292	5.12419
-1.49103	0.824203	5.14226	5.1255
-1.48347	0.835702	5.14193	5.12813
-1.47953	0.82716	5.14259	5.12682
-1.47788	0.822889	5.14325	5.1255
-1.48248	0.824532	5.14456	5.12419
-1.48018	0.825189	5.14489	5.12583
-1.47263	0.838331	5.1439	5.12879
-1.47263	0.830774	5.14259	5.12945
-1.47427	0.839645	5.14062	5.12879
-1.47723	0.84063	5.14029	5.12715
-1.4746	0.855743	5.1393	5.12715
-1.46474	0.859029	5.13865	5.12748
-1.44996	0.87677	5.13897	5.12748
-1.44733	0.882355	5.14062	5.12813
-1.43616	0.893854	5.14292	5.12879
-1.43123	0.899111	5.14456	5.12813
-1.42335	0.904696	5.14555	5.12682
-1.42565	0.891226	5.14489	5.12452
-1.42105	0.904367	5.14522	5.12518
-1.42138	0.90831	5.14653	5.12583
-1.41908	0.915866	5.14456	5.12583
-1.41973	0.906996	5.14423	5.12649
-1.42269	0.903053	5.14489	5.12715
-1.41809	0.905024	5.14489	5.12682
-1.41152	0.904367	5.14555	5.1255
-1.4125	0.906996	5.14587	5.12452
-1.40988	0.906996	5.14522	5.12485
-1.39838	0.912252	5.1439	5.12748
-1.39673	0.914224	5.14226	5.12682
-1.39016	0.924408	5.14456	5.12682
-1.38228	0.936236	5.1462	5.12682
-1.36914	0.944449	5.14587	5.12583
-1.36487	0.947735	5.14423	5.12518
-1.36618	0.948392	5.14357	5.12748
-1.3537	0.95332	5.14522	5.12813
-1.33464	0.96679	5.14653	5.12583
-1.34088	0.961534	5.14555	5.12518
-1.33891	0.979603	5.14456	5.12583
-1.33628	0.96449	5.1462	5.12649
-1.3399	0.968762	5.14752	5.12649
-1.32446	0.972047	5.14456	5.1255
-1.31986	0.968433	5.14325	5.1255
-1.3123	0.975004	5.1439	5.12682
-1.31788	0.985846	5.14259	5.12715
-1.32708	0.975332	5.14226	5.12682
-1.33004	0.976647	5.14292	5.1255
-1.3307	0.984203	5.14226	5.12616
-1.32807	0.988474	5.14325	5.12583
-1.31788	0.99603	5.1439	5.1255
-1.32577	0.994059	5.14423	5.12386
-1.32117	1.00063	5.14456	5.12452
-1.32248	1.00424	5.14489	5.12518
-1.3261	0.995373	5.14489	5.1255
-1.33694	0.984532	5.14292	5.1255
-1.34187	0.986831	5.14095	5.12682
-1.34712	0.981246	5.13996	5.12649
-1.35008	0.969419	5.14095	5.12813
-1.34811	0.968762	5.1439	5.12846
-1.35567	0.967776	5.14522	5.12518
-1.35632	0.967447	5.14292	5.12386
-1.36027	0.952334	5.14259	5.12485
-1.35632	0.957263	5.14292	5.12682
-1.35632	0.95562	5.14226	5.12748
-1.35665	0.953977	5.1416	5.12616
-1.35994	0.950035	5.14325	5.1255
-1.35764	0.952334	5.14653	5.12452
-1.36421	0.956934	5.14785	5.12419
-1.36815	0.950692	5.14719	5.12353
-1.38129	0.932293	5.1439	5.12386
-1.38261	0.924408	5.14226	5.12518
-1.39443	0.913567	5.14292	5.12616
-1.39476	0.907653	5.1439	5.12518
-1.40659	0.895825	5.14423	5.1232
-1.41546	0.885312	5.14292	5.12353
-1.42203	0.877427	5.14127	5.12715
-1.42203	0.877755	5.14062	5.12879
-1.43583	0.877427	5.1393	5.12682
-1.44109	0.885969	5.13963	5.12386
-1.44766	0.87907	5.14062	5.12156
-1.44372	0.886955	5.14292	5.1232
-1.43813	0.886626	5.14489	5.12649
-1.43682	0.890897	5.14456	5.12879
-1.43846	0.883669	5.14456	5.12945
-1.43419	0.885312	5.14423	5.12879
-1.43616	0.884983	5.14357	5.12682
-1.44076	0.882684	5.14456	5.12518
-1.4355	0.884983	5.14456	5.12386
-1.43813	0.877098	5.1439	5.12386
-1.43682	0.87447	5.14193	5.12386
-1.447	0.861	5.14029	5.12419
-1.44864	0.860343	5.14062	5.1232
-1.447	0.868228	5.14193	5.12386
-1.44372	0.878084	5.14292	5.12616
-1.44996	0.882027	5.14127	5.1278
-1.4493	0.881041	5.13897	5.12813
-1.45324	0.871513	5.13963	5.12813
-1.447	0.874142	5.1416	5.12748
-1.44404	0.875784	5.14292	5.12682
-1.45357	0.863957	5.14522	5.12583
-1.45521	0.870199	5.14587	5.12452
-1.45029	0.874142	5.14686	5.12452
-1.45259	0.871513	5.14686	5.12583
-1.45883	0.860671	5.1439	5.12583
-1.45817	0.864942	5.14226	5.12846
-1.45554	0.864942	5.1416	5.12879
-1.44963	0.870199	5.14357	5.12616
-1.44273	0.880712	5.1462	5.12353
-1.44667	0.881369	5.14522	5.12288
-1.44503	0.894511	5.14423	5.12518
-1.44799	0.903382	5.1439	5.1255
-1.44799	0.89254	5.14226	5.12616
-1.45456	0.896811	5.1416	5.1255
-1.45226	0.890569	5.14127	5.12485
-1.45456	0.889583	5.14193	5.12353
-1.4562	0.888597	5.14357	5.12189
-1.45653	0.887283	5.14489	5.12288
-1.45193	0.903053	5.14489	5.12255
-1.45062	0.899111	5.14423	5.12255
-1.45784	0.899111	5.14357	5.12386
-1.45949	0.891554	5.14456	5.12715
-1.45357	0.890569	5.14587	5.12813
-1.45817	0.883012	5.1439	5.12813
-1.46573	0.870199	5.14193	5.12682
-1.4562	0.87447	5.14325	5.12715
-1.45981	0.878413	5.1462	5.12748
-1.45357	0.89484	5.14653	5.1255
-1.4562	0.893854	5.14489	5.12419
-1.44864	0.905353	5.14423	5.12452
-1.45521	0.898454	5.14489	5.12583
-1.45094	0.901739	5.14522	5.12748
-1.45193	0.905024	5.14522	5.1278
-1.4493	0.913238	5.14522	5.12518
-1.44372	0.918495	5.1462	5.12222
-1.43846	0.917509	5.14489	5.12189
-1.4401	0.91718	5.14292	5.1232
-1.43517	0.923423	5.14423	5.12518
-1.43255	0.917838	5.14357	5.12682
-1.42696	0.92178	5.14357	5.12715
-1.43156	0.925723	5.14423	5.12649
-1.42729	0.923423	5.14752	5.12485
-1.42466	0.921452	5.14752	5.12353
-1.41842	0.933279	5.14719	5.12255
-1.41185	0.944449	5.14587	5.12255
-1.40626	0.934922	5.14456	5.12518
-1.40856	0.931965	5.1439	5.12715
-1.40659	0.928679	5.14522	5.12945
-1.41086	0.924408	5.1462	5.12912
-1.41349	0.918166	5.14587	5.12846
-1.4217	0.906667	5.14325	5.12879
-1.42532	0.902396	5.14127	5.12977
-1.41678	0.920137	5.14062	5.1301
-1.4102	0.924737	5.1439	5.13076
-1.41809	0.918823	5.14489	5.12846
-1.42105	0.920137	5.14555	5.12748
-1.42006	0.923751	5.14489	5.1278
-1.42236	0.925394	5.1439	5.12748
-1.42335	0.928351	5.1416	5.12748
-1.42433	0.924408	5.14259	5.12715
-1.41218	0.943792	5.14423	5.12649
-1.41776	0.941821	5.14522	5.12583
-1.41842	0.93985	5.14522	5.12583
-1.42269	0.940178	5.1439	5.12583
-1.41875	0.943464	5.1439	5.12616
-1.42105	0.947078	5.14456	5.12813
-1.42729	0.93295	5.14423	5.12846
-1.42565	0.928679	5.14489	5.1278
-1.42532	0.939521	5.14555	5.12682
-1.424	0.936893	5.14555	5.12583
-1.41776	0.943135	5.14522	5.12682
-1.42039	0.935907	5.14292	5.12583
-1.42335	0.929337	5.14456	5.12485
-1.42302	0.926708	5.14686	5.12583
-1.41776	0.937222	5.14883	5.12616
-1.41908	0.937222	5.14785	5.1255
-1.42597	0.932622	5.14522	5.12452
-1.42696	0.933608	5.14259	5.12386
-1.43222	0.932293	5.14357	5.12518
-1.43419	0.937879	5.14357	5.12616
-1.43747	0.94215	5.14423	5.12616
-1.44404	0.93525	5.1439	5.12452
-1.44306	0.938536	5.1439	5.12518
-1.43977	0.935579	5.14325	5.12813
-1.44207	0.930322	5.14226	5.12912
-1.43747	0.926708	5.14062	5.12682
-1.43485	0.930322	5.14193	5.12682
-1.42762	0.93985	5.14456	5.12682
-1.43123	0.935579	5.1439	5.12813
-1.4286	0.925394	5.14423	5.12682
-1.4263	0.924408	5.14423	5.1255
-1.42499	0.929008	5.14292	5.12452
-1.41842	0.927694	5.14062	5.12518
-1.40396	0.938536	5.13963	5.12583
-1.40692	0.932622	5.1416	5.12748
-1.40561	0.938864	5.14423	5.12649
-1.40265	0.94215	5.14653	5.12813
-1.40396	0.942478	5.14522	5.12912
-1.40133	0.947078	5.14357	5.1278
-1.40561	0.949049	5.1439	5.12616
-1.40561	0.938207	5.1439	5.12649
-1.40659	0.938864	5.14423	5.12616
-1.4079	0.93755	5.14555	5.12715
-1.4079	0.930979	5.14785	5.1255
-1.40692	0.927694	5.14785	5.12386
-1.40429	0.937879	5.14456	5.12518
-1.40856	0.927037	5.14127	5.12485
-1.41612	0.921452	5.14029	5.1255
-1.41809	0.922766	5.14193	5.12682
-1.42762	0.914552	5.14259	5.12715
-1.43156	0.908638	5.14259	5.12616
-1.43156	0.909953	5.14259	5.12649
-1.42959	0.911267	5.14292	5.12879
-1.44273	0.910281	5.14456	5.13076
-1.44404	0.909953	5.14555	5.13076
-1.44142	0.914881	5.14653	5.12945
-1.43813	0.914552	5.14686	5.12715
-1.44634	0.912581	5.14719	5.12649
-1.45357	0.904696	5.14555	5.12649
-1.46179	0.900753	5.14259	5.12682
-1.46639	0.896482	5.14029	5.12649
-1.4654	0.890569	5.14127	5.12682
-1.47328	0.87217	5.14325	5.1255
-1.47526	0.867571	5.14423	5.1232
-1.47066	0.875784	5.1462	5.12123
-1.47394	0.873484	5.14489	5.12222
-1.48445	0.86987	5.14357	5.1255
-1.48938	0.869213	5.14325	5.12879
-1.4907	0.860343	5.14423	5.13076
-1.4953	0.851801	5.14423	5.1301
-1.50022	0.836031	5.14292	5.12813
-1.5045	0.835702	5.14193	5.12616
-1.50844	0.824532	5.14193	5.12715
-1.5137	0.817632	5.14292	5.12912
-1.51468	0.822232	5.14357	5.12846
-1.51961	0.815004	5.14095	5.12813
-1.52979	0.797591	5.1416	5.12649
-1.53439	0.795292	5.14226	5.12583
-1.52914	0.804491	5.14292	5.1255
-1.53111	0.802848	5.14292	5.12353
-1.53176	0.803177	5.14357	5.1232
-1.53308	0.796277	5.14456	5.12288
-1.52355	0.802848	5.14489	5.12452
-1.52717	0.802848	5.14489	5.1255
-1.52421	0.817304	5.14292	5.12485
-1.52782	0.815661	5.14193	5.1255
-1.53538	0.807776	5.14259	5.12616
-1.52881	0.811719	5.14127	5.12682
-1.53406	0.811062	5.14193	5.12649
-1.53505	0.808105	5.14357	5.12649
-1.52355	0.813361	5.14653	5.12583
-1.52782	0.804491	5.14752	5.12518
-1.52289	0.803177	5.14785	5.12518
-1.52552	0.79562	5.1462	5.12649
-1.52782	0.790363	5.14259	5.12748
-1.51797	0.802191	5.13996	5.12813
-1.52519	0.799563	5.13963	5.12583
-1.52092	0.803177	5.14127	5.12452
-1.51764	0.796934	5.14259	5.12583
-1.51567	0.796277	5.14522	5.1255
-1.50975	0.806791	5.14555	5.12616
-1.50844	0.816318	5.1439	5.12715
-1.50121	0.819275	5.1439	5.1278
-1.50088	0.816975	5.1439	5.1255
-1.49924	0.813033	5.14259	5.1255
-1.48971	0.821246	5.14259	5.12682
-1.48051	0.832745	5.14259	5.12748
-1.4838	0.838988	5.14127	5.12813
-1.48051	0.845558	5.14226	5.1278
-1.48183	0.844244	5.14325	5.12682
-1.48281	0.842273	5.14522	5.12616
-1.48183	0.852129	5.14555	5.12518
-1.48478	0.853115	5.14587	5.12485
-1.49004	0.853443	5.14522	5.12583
-1.4838	0.854758	5.1439	5.12518
-1.48905	0.848844	5.14456	5.12485
-1.48938	0.853443	5.14719	5.12616
-1.49858	0.840959	5.15014	5.12518
-1.50121	0.840959	5.14916	5.12485
-1.50088	0.850487	5.14653	5.12419
-1.5022	0.848187	5.14555	5.12485
-1.5068	0.841287	5.14587	5.12682
-1.51041	0.853115	5.1462	5.12846
-1.49333	0.878413	5.14653	5.12846
-1.49825	0.87217	5.14489	5.12616
-1.49464	0.884655	5.14259	5.1255
-1.49563	0.88564	5.14325	5.12583
-1.49168	0.894511	5.14357	5.12813
-1.49037	0.898782	5.14357	5.13043
-1.48905	0.893854	5.14456	5.12945
-1.48478	0.889583	5.14587	5.12846
-1.48478	0.891226	5.14785	5.12583
-1.47986	0.899768	5.14785	5.12583
-1.47723	0.907324	5.14686	5.1278
-1.47	0.916523	5.14357	5.12649
-1.46211	0.932293	5.1416	5.1255
-1.46014	0.925065	5.14259	5.12682
-1.4539	0.933936	5.14423	5.12715
-1.44864	0.945107	5.14489	5.12682
-1.44634	0.946749	5.14522	5.12715
-1.44142	0.950363	5.14357	5.12682
-1.43452	0.95562	5.14259	5.12748
-1.42565	0.964819	5.14357	5.12879
-1.424	0.954306	5.14456	5.12977
-1.42236	0.95332	5.14423	5.12813
-1.42105	0.949049	5.14522	5.1255
-1.4125	0.954963	5.14653	5.12419
-1.40429	0.96449	5.14489	5.12518
-1.38819	0.972704	5.14095	5.12682
-1.38392	0.970076	5.13963	5.12748
-1.36979	0.984532	5.14062	5.1278
-1.35928	1.00457	5.14193	5.12616
-1.34942	1.01673	5.1439	5.12452
-1.34285	1.02133	5.14456	5.1255
-1.33825	1.0302	5.14259	5.12715
-1.33595	1.02757	5.14226	5.12682
-1.33168	1.03677	5.14259	5.12682
-1.32741	1.04038	5.14325	5.12748
-1.32117	1.05024	5.1439	5.12748
-1.31723	1.04531	5.14292	5.12649
-1.32347	1.05221	5.14193	5.12616
-1.32446	1.05385	5.14259	5.12649
-1.32938	1.04794	5.1439	5.12583
-1.33431	1.04958	5.14522	5.1255
-1.33234	1.05353	5.1462	5.1255
-1.333	1.05845	5.14456	5.12649
-1.33365	1.04893	5.14259	5.12748
-1.32807	1.06075	5.14259	5.12748
-1.31986	1.0578	5.14423	5.1278
-1.32248	1.06338	5.14423	5.12715
-1.33103	1.0647	5.14423	5.12485
-1.34253	1.06108	5.1439	5.12452
-1.34351	1.05911	5.14357	5.12518
-1.34088	1.05254	5.14325	5.12452
-1.34548	1.04794	5.14325	5.12485
-1.36421	1.04301	5.14193	5.12583
-1.37571	1.03578	5.14226	5.12715
-1.37571	1.03447	5.14357	5.12846
-1.37735	1.0233	5.14555	5.12715
-1.38261	1.01673	5.14522	5.12485
-1.39279	1.00884	5.14456	5.12616
-1.39443	1.00819	5.1439	5.12748
-1.39608	1.01213	5.14423	5.12846
-1.39936	1.00556	5.14423	5.12879
-1.39148	1.01804	5.14423	5.12813
-1.40593	1.00884	5.14522	5.12649
-1.41086	0.999973	5.14653	5.1255
-1.41546	0.998002	5.14555	5.12485
-1.4217	0.988474	5.14357	5.12518
-1.42039	0.983546	5.14292	5.12846
-1.42926	0.964819	5.14259	5.1301
-1.43517	0.957591	5.14325	5.12945
-1.43879	0.952992	5.14555	5.12813
-1.44799	0.938536	5.14752	5.12682
-1.45751	0.929665	5.14587	5.12518
-1.46047	0.91948	5.14259	5.12518
-1.46277	0.915538	5.14062	5.12649
-1.46441	0.911595	5.14193	5.12977
-1.47558	0.902068	5.14456	5.13043
-1.47953	0.890569	5.14555	5.12813
-1.47887	0.884983	5.1462	5.12583
-1.48511	0.879727	5.1462	5.12518
-1.48774	0.877427	5.14653	5.12649
-1.48281	0.876113	5.14522	5.12715
-1.48314	0.862643	5.14292	5.12682
-1.49103	0.845887	5.14357	5.12518
-1.4953	0.838988	5.14522	5.1232
-1.50252	0.835045	5.14489	5.12222
-1.49398	0.848187	5.14423	5.12353
-1.49037	0.84293	5.14423	5.12583
-1.4861	0.842602	5.14489	5.12616
-1.48807	0.844901	5.14259	5.12748
-1.48938	0.844244	5.14259	5.12748
-1.48708	0.857714	5.14357	5.12616
-1.48216	0.869213	5.14456	5.1232
-1.48873	0.872499	5.1439	5.12189
-1.49037	0.861657	5.14325	5.12452
-1.49365	0.850158	5.1439	5.12616
-1.49825	0.843916	5.14456	5.12813
-1.49135	0.850487	5.14489	5.12715
-1.49234	0.849172	5.14522	5.12419
-1.48938	0.8564	5.14456	5.12452
-1.48938	0.862314	5.14259	5.12583
-1.49037	0.867571	5.1416	5.1255
-1.49858	0.858043	5.14259	5.12518
-1.5068	0.850487	5.14423	5.12485
-1.49661	0.865928	5.14489	5.12485
-1.48774	0.879727	5.14292	5.1255
-1.4907	0.884983	5.14193	5.12419
-1.48807	0.891226	5.14193	5.12616
-1.48938	0.885312	5.14193	5.1278
-1.49365	0.879727	5.14226	5.12879
-1.49595	0.875456	5.14292	5.12682
-1.49924	0.870199	5.14555	5.1255
-1.4976	0.881698	5.14522	5.12353
-1.49793	0.879398	5.1439	5.12419
-1.49365	0.886955	5.14062	5.12518
-1.4999	0.878413	5.13799	5.12715
-1.49661	0.874799	5.13996	5.12846
-1.4976	0.871185	5.14259	5.12715
-1.50252	0.859357	5.14456	5.1255
-1.49628	0.870528	5.14555	5.12353
-1.50154	0.859686	5.14555	5.12353
-1.49628	0.865928	5.14587	5.12419
-1.49135	0.871185	5.14423	5.1255
-1.48774	0.879727	5.14456	5.1255
-1.49135	0.872827	5.14357	5.12386
-1.49168	0.877755	5.1439	5.1209
-1.49168	0.887612	5.14522	5.12288
-1.48741	0.892211	5.14489	5.1255
-1.48347	0.900425	5.13996	5.12715
-1.47624	0.914881	5.13766	5.12682
-1.47821	0.91061	5.1393	5.12485
-1.47657	0.910938	5.14259	5.1232
-1.48216	0.904039	5.14423	5.12189
-1.47887	0.897139	5.14456	5.12156
-1.47197	0.907324	5.14259	5.12189
-1.47	0.908967	5.1416	5.12452
-1.46868	0.917509	5.14292	5.12682
-1.47197	0.911924	5.14423	5.12649
-1.47	0.91061	5.14587	5.12583
-1.46737	0.923094	5.14555	5.12583
-1.4585	0.940178	5.14456	5.12649
-1.46507	0.940835	5.14259	5.12715
-1.46573	0.93525	5.14259	5.12616
-1.46376	0.929665	5.1416	5.12616
-1.46146	0.930979	5.14193	5.12452
-1.44569	0.945107	5.14292	5.1209
-1.44799	0.934593	5.1439	5.1209
-1.44733	0.932622	5.14587	5.12353
-1.43747	0.938207	5.14587	5.12583
-1.43977	0.933608	5.1439	5.1278
-1.4332	0.937879	5.14259	5.12846
-1.44207	0.928022	5.14226	5.12715
-1.43616	0.939193	5.14226	5.12518
-1.43419	0.946092	5.14292	5.12419
-1.4332	0.946421	5.14456	5.1255
-1.424	0.95102	5.14653	5.12583
-1.424	0.955948	5.14752	5.12616
-1.42827	0.95332	5.14785	5.12452
-1.43616	0.941493	5.14653	5.12485
-1.44207	0.931965	5.1462	5.12452
-1.44076	0.926051	5.14522	5.12583
-1.44207	0.92178	5.14423	5.12748
-1.44569	0.921123	5.14292	5.1255
-1.45193	0.915538	5.14325	5.12485
-1.45489	0.912581	5.14423	5.12518
-1.46901	0.900425	5.14489	5.12419
-1.46934	0.900425	5.14456	5.12353
-1.4792	0.893197	5.14357	5.1232
-1.47591	0.898125	5.14226	5.12485
-1.46441	0.914881	5.13963	5.12616
-1.4585	0.918166	5.13766	5.1255
-1.45423	0.925394	5.13897	5.12452
-1.45291	0.927037	5.14193	5.1255
-1.4631	0.915866	5.14325	5.12518
-1.4746	0.905682	5.14357	5.12518
-1.46934	0.909624	5.1439	5.12748
-1.46934	0.906667	5.14456	5.12583
-1.46967	0.903382	5.14325	5.1255
-1.47657	0.904696	5.1439	5.12452
-1.47657	0.909295	5.14456	5.12386
-1.47263	0.904696	5.14555	5.12386
-1.4723	0.916523	5.14555	5.12485
-1.47361	0.918823	5.14522	5.12452
-1.47493	0.912581	5.14325	5.12288
-1.4631	0.927365	5.14259	5.12222
-1.46343	0.929008	5.14456	5.12058
-1.4723	0.912909	5.14489	5.1209
-1.46836	0.912581	5.1439	5.12288
-1.46639	0.919809	5.14259	5.12386
-1.46836	0.918823	5.1416	5.12616
-1.46737	0.917509	5.1416	5.12813
-1.47066	0.923094	5.14226	5.1278
-1.46573	0.921452	5.14292	5.12616
-1.46409	0.929337	5.14357	5.12485
-1.46704	0.919152	5.14193	5.12452
-1.45916	0.91948	5.1416	5.1255
-1.46047	0.915866	5.14193	5.12813
-1.45784	0.920466	5.14095	5.1278
-1.45751	0.918823	5.14226	5.12748
-1.4516	0.930979	5.14325	5.12715
-1.44404	0.931965	5.14325	5.12616
-1.43386	0.940835	5.14127	5.12419
-1.43977	0.935579	5.13897	5.12452
-1.44306	0.920137	5.13865	5.12518
-1.44996	0.916195	5.13865	5.1278
-1.45291	0.911924	5.14062	5.13109
-1.45784	0.896811	5.14259	5.12879
-1.44897	0.896154	5.14259	5.12715
-1.45719	0.881369	5.14292	5.12649
-1.45456	0.875456	5.14193	5.1255
-1.46573	0.861657	5.14029	5.12682
-1.4677	0.86987	5.1416	5.12649
-1.46409	0.882684	5.14456	5.12485
-1.46409	0.878413	5.14555	5.12386
-1.4654	0.879398	5.14555	5.12485
-1.4723	0.881369	5.14522	5.12452
-1.46967	0.888597	5.14423	5.12485
-1.4654	0.893854	5.14259	5.12518
-1.4677	0.898782	5.14357	5.12583
-1.48248	0.877755	5.14489	5.12649
-1.48643	0.869542	5.14653	5.12682
-1.48445	0.866585	5.14719	5.12583
-1.48741	0.859686	5.14555	5.12583
-1.48708	0.866257	5.1439	5.1255
-1.4884	0.859029	5.14226	5.12485
-1.49661	0.843259	5.1416	5.12485
-1.50614	0.825846	5.14325	5.12452
-1.51402	0.821903	5.14423	5.12386
-1.51928	0.819604	5.14325	5.12485
-1.52289	0.822232	5.14292	5.12616
-1.52684	0.816647	5.14292	5.12452
-1.52881	0.812376	5.14127	5.12485
-1.52848	0.80909	5.14292	5.12518
-1.53735	0.803834	5.14686	5.12616
-1.54261	0.797263	5.14752	5.1255
-1.53834	0.794634	5.14522	5.12583
-1.53866	0.796277	5.14357	5.12452
-1.54031	0.793977	5.14062	5.12649
-1.54721	0.774922	5.1393	5.12748
-1.54885	0.774593	5.13963	5.12748
-1.55476	0.772622	5.14325	5.12649
-1.55772	0.767037	5.14522	5.12616
-1.55443	0.775579	5.14456	5.12583
-1.55838	0.773936	5.14193	5.12583
-1.55608	0.77755	5.14095	5.1278
-1.55115	0.775579	5.14127	5.12977
-1.55213	0.771965	5.14226	5.12912
-1.55378	0.767366	5.1439	5.12748
-1.55016	0.777879	5.14489	5.12813
-1.55049	0.765394	5.14226	5.12813
-1.55115	0.752581	5.14062	5.12715
-1.55246	0.755538	5.14029	5.12748
-1.55312	0.752581	5.13996	5.12583
-1.55805	0.742725	5.14095	5.12485
-1.55936	0.739768	5.14292	5.12583
-1.56068	0.738125	5.14456	5.1255
-1.56002	0.73024	5.14522	5.12518
-1.55903	0.730897	5.14522	5.12583
-1.55969	0.734183	5.14357	5.12879
-1.55772	0.745025	5.14226	5.12912
-1.55148	0.741411	5.14062	5.12748
-1.54951	0.743382	5.14029	5.12518
-1.55016	0.74601	5.14325	5.12353
-1.54556	0.749953	5.14456	5.12353
-1.53472	0.759152	5.14456	5.12518
-1.53932	0.762109	5.1439	5.12715
-1.53308	0.768023	5.14292	5.12945
-1.52979	0.772622	5.14292	5.12715
-1.52519	0.780507	5.1439	5.1255
-1.51665	0.790692	5.1439	5.12616
-1.51041	0.795292	5.14357	5.12518
-1.50745	0.804819	5.14292	5.1232
-1.49957	0.807776	5.14193	5.12353
-1.49563	0.81139	5.14325	5.12452
-1.49135	0.823875	5.14587	5.1255
-1.48971	0.830446	5.14719	5.12616
-1.48708	0.833402	5.14817	5.12452
-1.48216	0.842602	5.14653	5.12386
-1.47624	0.855743	5.14423	5.12583
-1.47131	0.865599	5.1416	5.12682
-1.46277	0.873813	5.14062	5.12583
-1.45423	0.880384	5.14193	5.12583
-1.45029	0.887612	5.1416	5.12583
-1.44536	0.895825	5.14062	5.12715
-1.44733	0.897797	5.13963	5.12649
-1.44372	0.909953	5.1393	5.12518
-1.4401	0.918495	5.13897	5.1255
-1.4378	0.923423	5.14127	5.12518
-1.4355	0.920794	5.14292	5.12419
-1.43715	0.921452	5.14587	5.1232
-1.43452	0.933279	5.14555	5.12288
-1.43649	0.925394	5.14357	5.1232
-1.43452	0.920466	5.14193	5.12419
-1.44174	0.924408	5.14193	5.1255
-1.43649	0.931308	5.14456	5.1255
-1.43977	0.933608	5.1485	5.12682
-1.43156	0.939193	5.14982	5.1278
-1.43189	0.941493	5.14719	5.12715
-1.42302	0.951677	5.14489	5.1278
-1.42762	0.944121	5.14489	5.12748
-1.41218	0.954963	5.14489	5.12715
-1.40856	0.965148	5.14587	5.12715
-1.41218	0.965476	5.14587	5.12649
-1.4125	0.962519	5.14456	5.12649
-1.40856	0.950692	5.14292	5.12748
-1.4125	0.940507	5.1416	5.12879
-1.40856	0.931965	5.14029	5.12879
-1.41185	0.931636	5.1393	5.12748
-1.41283	0.941164	5.13996	5.12649
-1.41382	0.934265	5.14062	5.12518
-1.41513	0.921452	5.14095	5.12419
-1.41809	0.912581	5.14259	5.12518
-1.41645	0.91948	5.14357	5.12715
-1.42762	0.907981	5.14259	5.12748
-1.4332	0.899439	5.14292	5.12616
-1.42795	0.905353	5.14456	5.1255
-1.42302	0.910281	5.1462	5.12518
-1.43485	0.90141	5.14587	5.12518
-1.4263	0.901082	5.14522	5.12518
-1.4332	0.89254	5.14423	5.12518
-1.43517	0.88794	5.14423	5.12583
-1.43616	0.874799	5.14423	5.1255
-1.4286	0.882355	5.14522	5.12649
-1.42959	0.891226	5.14489	5.12649
-1.43649	0.882027	5.14357	5.12748
-1.4378	0.880384	5.1416	5.12813
-1.43879	0.883998	5.14292	5.1255
-1.44043	0.887612	5.14522	5.12419
-1.45423	0.878084	5.14752	5.12452
-1.45456	0.87677	5.14686	5.12386
-1.46113	0.875456	5.14686	5.12353
-1.45817	0.87677	5.14522	5.12288
-1.45357	0.875127	5.14423	5.12452
-1.45686	0.863957	5.14325	5.12682
-1.45784	0.869213	5.14325	5.12682
-1.46146	0.867242	5.14193	5.12452
-1.47066	0.861657	5.1416	5.1232
-1.47066	0.850487	5.14292	5.12255
-1.47033	0.858372	5.14357	5.12123
-1.47296	0.860014	5.14292	5.12288
-1.48018	0.853115	5.14423	5.12485
-1.49267	0.844573	5.14587	5.12452
-1.49201	0.837016	5.14752	5.12386
-1.49793	0.843916	5.14587	5.12452
-1.50778	0.847201	5.14489	5.1255
-1.51435	0.835045	5.14226	5.12616
-1.51862	0.830446	5.14095	5.1255
-1.52815	0.815661	5.14193	5.1255
-1.53078	0.818947	5.14423	5.12682
-1.52684	0.819275	5.14555	5.12616
-1.53045	0.815661	5.14522	5.12518
-1.53571	0.817304	5.14522	5.1255
-1.54392	0.812047	5.14456	5.12616
-1.55279	0.793977	5.14325	5.12682
-1.55838	0.792992	5.14226	5.12715
-1.55871	0.787078	5.14423	5.1278
-1.561	0.786421	5.1439	5.1278
-1.56199	0.783136	5.14259	5.12846
-1.56725	0.773279	5.14226	5.12649
-1.561	0.771637	5.1416	5.12682
-1.56265	0.774922	5.1416	5.12682
-1.5656	0.772951	5.1439	5.12452
-1.56298	0.771965	5.14555	5.12255
-1.56002	0.774265	5.14456	5.12485
-1.56068	0.768023	5.14292	5.12649
-1.56462	0.759481	5.1416	5.12715
-1.5633	0.764737	5.14127	5.12649
-1.55969	0.772951	5.14259	5.12583
-1.56166	0.769008	5.14522	5.1232
-1.561	0.765723	5.14587	5.12189
-1.56166	0.766051	5.14423	5.12189
-1.56035	0.766708	5.14259	5.12452
-1.56068	0.753238	5.14292	5.1278
-1.56429	0.746996	5.14325	5.12879
-1.56232	0.750281	5.14292	5.12813
-1.55969	0.750938	5.14456	5.12616
-1.55641	0.756852	5.14555	5.12353
-1.55641	0.759481	5.14423	5.12288
-1.55443	0.750938	5.14292	5.12353
-1.56068	0.752581	5.14193	5.12452
-1.56133	0.750938	5.14095	5.1255
-1.56363	0.754224	5.14095	5.12616
-1.56692	0.743711	5.14193	5.12682
-1.55049	0.765723	5.1439	5.12846
-1.54622	0.776236	5.1462	5.12846
-1.54655	0.774922	5.14686	5.12616
-1.54885	0.776236	5.14522	5.12485
-1.54556	0.777879	5.14259	5.12419
-1.53866	0.788721	5.14193	5.12386
-1.53932	0.791021	5.14489	5.12583
-1.52947	0.799891	5.14653	5.12649
-1.52749	0.807448	5.14587	5.1255
-1.52224	0.81369	5.1439	5.12583
-1.51665	0.822889	5.14193	5.12748
-1.51107	0.84063	5.14193	5.12879
-1.50285	0.851801	5.14292	5.12813
-1.50745	0.839645	5.14423	5.12583
-1.51172	0.836359	5.14522	5.12353
-1.51008	0.837673	5.14587	5.12386
-1.5137	0.829788	5.14686	5.12616
-1.51468	0.826503	5.14555	5.1278
-1.51731	0.825189	5.1439	5.12715
-1.50712	0.836688	5.1439	5.1255
-1.50778	0.839645	5.14357	5.12616
-1.50942	0.830446	5.14193	5.12715
-1.5045	0.838659	5.14062	5.12715
-1.50384	0.830774	5.14193	5.1255
-1.50712	0.829788	5.14325	5.1255
-1.50154	0.834388	5.14357	5.12583
-1.49825	0.836031	5.1416	5.12485
-1.49694	0.831103	5.14259	5.12255
-1.49858	0.836688	5.14423	5.12123
-1.49957	0.838988	5.14555	5.12288
-1.49661	0.846873	5.14653	5.12649
-1.50252	0.836688	5.14653	5.12879
-1.5045	0.829131	5.14653	5.12846
-1.5091	0.820589	5.14587	5.12649
-1.51238	0.817632	5.14587	5.12583
-1.51468	0.818947	5.14489	5.12682
-1.50482	0.836688	5.1416	5.12715
-1.49727	0.849172	5.13996	5.12649
-1.4953	0.857386	5.14095	5.12682
-1.50351	0.850487	5.14193	5.12715
-1.49398	0.863957	5.1439	5.12715
-1.48807	0.873484	5.14423	5.12715
-1.47986	0.878084	5.14456	5.12715
-1.47723	0.878084	5.14357	5.12649
-1.47493	0.89024	5.14259	5.12813
-1.47756	0.893197	5.14127	5.12748
-1.4723	0.89254	5.14095	5.12649
-1.46573	0.900425	5.14259	5.1255
-1.45489	0.914224	5.14522	5.12452
-1.45521	0.914552	5.14522	5.12485
-1.45029	0.915209	5.14226	5.12452
-1.44766	0.913567	5.14127	5.12485
-1.4447	0.926051	5.14226	5.12583
-1.4401	0.920794	5.14357	5.12649
-1.43846	0.925065	5.1462	5.12583
-1.42992	0.934265	5.14719	5.12583
-1.42138	0.936236	5.14555	5.12583
-1.4125	0.942478	5.14226	5.1255
-1.41382	0.949706	5.14029	5.1255
-1.40495	0.952992	5.14095	5.12583
-1.40626	0.964162	5.1416	5.12583
-1.39772	0.975661	5.14259	5.12748
-1.38721	0.98486	5.14226	5.12813
-1.38589	0.982232	5.14193	5.12649
-1.39148	0.978946	5.14095	5.12616
-1.39673	0.976647	5.13996	5.12682
-1.38984	0.985846	5.13963	5.12583
-1.38589	0.98716	5.14095	5.12452
-1.38491	0.996359	5.14522	5.12419
-1.38261	1.00227	5.14686	5.1232
-1.38392	0.994716	5.14555	5.12353
-1.37932	1.01279	5.1439	5.12485
-1.38754	1.01081	5.14456	5.12452
-1.39049	1.0141	5.14587	5.12288
-1.37998	1.02067	5.1462	5.1232
-1.36979	1.0279	5.14292	5.1232
-1.36322	1.04006	5.14095	5.12386
-1.36618	1.0394	5.14029	5.12518
-1.36618	1.04235	5.14226	5.1255
-1.36421	1.04498	5.14456	5.12518
-1.37078	1.04367	5.14489	5.12485
-1.37275	1.02691	5.14489	5.12452
-1.37472	1.0279	5.14489	5.12616
-1.37045	1.03151	5.14357	5.12715
-1.37012	1.0279	5.14259	5.12715
-1.37111	1.02724	5.13996	5.12616
-1.36224	1.03316	5.13963	5.12649
-1.37407	1.02593	5.14127	5.1278
-1.36684	1.02429	5.14325	5.12748
-1.37308	1.02494	5.14456	5.12715
-1.38162	1.021	5.14522	5.12518
-1.37242	1.03184	5.14522	5.12583
-1.37571	1.02987	5.14292	5.12583
-1.38524	1.02691	5.14226	5.12616
-1.38359	1.0187	5.14193	5.12518
-1.38951	1.01213	5.1416	5.12386
-1.39509	0.99833	5.14259	5.12288
-1.38951	0.997345	5.14456	5.12386
-1.39969	0.994388	5.14423	5.12419
-1.40101	0.999973	5.14423	5.12485
-1.40133	1.00129	5.14456	5.12616
-1.40955	0.992417	5.14653	5.12616
-1.40823	0.992745	5.14489	5.12649
-1.40429	1.00129	5.14357	5.12715
-1.39903	1.0049	5.14325	5.12649
-1.40265	0.993731	5.14325	5.12715
-1.40462	0.996359	5.14292	5.12813
-1.40823	0.988803	5.14193	5.12682
-1.40166	0.991759	5.1416	5.12583
-1.40363	0.990117	5.14259	5.12518
-1.40035	0.993074	5.14226	5.12485
-1.40232	0.988145	5.14193	5.12583
-1.4079	0.981903	5.14292	5.12846
-1.40626	0.98026	5.14325	5.12846
-1.40889	0.98026	5.14423	5.12912
-1.41809	0.966133	5.1462	5.12715
-1.42138	0.963505	5.14752	5.12518
-1.42335	0.967776	5.14653	5.12452
-1.4217	0.969747	5.14357	5.12583
-1.42499	0.967776	5.14259	5.12583
-1.43255	0.967776	5.14357	5.12715
-1.4286	0.966462	5.14325	5.1278
-1.42597	0.96449	5.14325	5.12616
-1.41513	0.974018	5.14292	5.12452
-1.4102	0.977632	5.14259	5.12419
-1.41678	0.974347	5.14127	5.12386
-1.42302	0.964819	5.14127	5.12419
-1.424	0.956934	5.14226	5.12485
-1.42532	0.948063	5.14357	5.12353
-1.43879	0.93985	5.1439	5.12583
-1.43583	0.949706	5.14456	5.12682
-1.43649	0.952992	5.14423	5.12616
-1.44043	0.943135	5.14292	5.12583
-1.44076	0.940178	5.14029	5.12288
-1.44142	0.940178	5.13996	5.1232
-1.4378	0.949049	5.14127	5.12452
-1.44109	0.944121	5.14292	5.1255
-1.44897	0.943135	5.14423	5.12485
-1.44897	0.939521	5.14357	5.12485
-1.44996	0.948063	5.14095	5.12452
-1.44207	0.951677	5.14062	5.12419
-1.43813	0.957263	5.14226	5.12583
-1.44437	0.952334	5.14357	5.1278
-1.44634	0.954634	5.14423	5.12813
-1.45193	0.942478	5.14259	5.1278
-1.45127	0.939193	5.1416	5.1255
-1.46211	0.929994	5.1416	5.12485
-1.46441	0.926708	5.14259	5.12616
-1.45949	0.930651	5.14193	5.12616
-1.46606	0.926708	5.14127	5.12583
-1.46704	0.927365	5.1393	5.1255
-1.47493	0.913567	5.14029	5.12386
-1.48018	0.91061	5.14127	5.12353
-1.47263	0.922109	5.14325	5.12452
-1.47296	0.91948	5.14423	5.12616
-1.47263	0.927365	5.14259	5.1278
-1.47328	0.931965	5.14193	5.12616
-1.47591	0.923094	5.14325	5.1232
-1.4723	0.928351	5.1439	5.12353
-1.46474	0.934922	5.14292	5.12485
-1.45916	0.941493	5.14127	5.12682
-1.46113	0.940178	5.14062	5.12813
-1.46113	0.944121	5.14193	5.12748
-1.45127	0.954634	5.14489	5.12583
-1.4516	0.953977	5.14686	5.12583
-1.44766	0.954963	5.14489	5.12682
-1.43715	0.960877	5.14292	5.12813
-1.42795	0.966462	5.14292	5.12879
-1.43025	0.963833	5.14357	5.12879
-1.42236	0.962848	5.14522	5.12682
-1.4217	0.972375	5.1462	5.12485
-1.42006	0.962848	5.14522	5.12452
-1.4194	0.960548	5.14292	5.12353
-1.41283	0.974347	5.14292	5.1255
-1.40823	0.977961	5.14193	5.12616
-1.40035	0.980589	5.14259	5.12879
-1.39706	0.994716	5.14456	5.12945
-1.40133	0.991431	5.1439	5.12682
-1.40429	0.985517	5.14423	5.12485
-1.39805	0.990774	5.14555	5.12518
-1.38885	1.00687	5.14555	5.12649
-1.38195	1.00622	5.14292	5.12879
-1.37669	1.01377	5.1416	5.1301
-1.37439	1.02297	5.1439	5.12912
-1.35928	1.0302	5.14522	5.1278
-1.36322	1.02954	5.14357	5.12715
-1.35665	1.03053	5.14193	5.12616
-1.36848	1.03086	5.14193	5.12419
-1.36059	1.03184	5.14259	5.1232
-1.36651	1.01476	5.14357	5.12616
-1.36289	1.0164	5.14489	5.1278
-1.3537	1.02461	5.14489	5.1301
-1.34942	1.02888	5.1439	5.12977
-1.34712	1.02264	5.14193	5.12813
-1.3514	1.01936	5.13996	5.12583
-1.35435	1.00687	5.1393	5.12452
-1.35074	1.00852	5.14095	5.12583
-1.34285	1.01673	5.14259	5.12485
-1.34581	1.01081	5.14325	5.12419
-1.35435	1.00556	5.14357	5.12485
-1.36092	0.992745	5.14193	5.12649
-1.37374	0.98946	5.14062	5.12616
-1.37932	0.982232	5.14259	5.12715
-1.37341	0.989788	5.14489	5.12715
-1.38556	0.972047	5.14587	5.12583
-1.39181	0.957591	5.1462	5.12419
-1.39706	0.962191	5.14325	5.12485
-1.39148	0.970404	5.14226	5.12583
-1.39279	0.972047	5.14325	5.12715
-1.39443	0.970404	5.14292	5.1278
-1.40035	0.964162	5.14292	5.12813
-1.40396	0.971061	5.14325	5.1278
-1.42203	0.95562	5.14423	5.1278
-1.41579	0.958905	5.14325	5.12518
-1.41743	0.960548	5.14259	5.12353
-1.42302	0.961205	5.14095	5.12419
-1.42433	0.959562	5.14095	5.12452
-1.42006	0.968104	5.14259	5.12452
-1.42663	0.961862	5.14555	5.12485
-1.43353	0.952006	5.14653	5.12452
-1.43287	0.957591	5.14357	5.12353
-1.42433	0.961534	5.14226	5.1232
-1.43057	0.951677	5.14226	5.12386
-1.43649	0.937879	5.1439	5.12419
-1.4424	0.943135	5.14653	5.1232
-1.44339	0.941164	5.1462	5.12353
-1.45259	0.931308	5.14325	5.12452
-1.45521	0.929665	5.14292	5.1255
-1.45259	0.931308	5.14127	5.12879
-1.45423	0.928022	5.1416	5.1278
-1.44996	0.923423	5.14127	5.12386
-1.44404	0.933608	5.14226	5.1232
-1.43944	0.930651	5.1439	5.1232
-1.43452	0.940507	5.14653	5.12255
-1.42827	0.936236	5.14752	5.12353
-1.42827	0.934922	5.14686	5.12452
-1.42203	0.944778	5.14489	5.12583
-1.42203	0.93755	5.14292	5.12452
-1.41579	0.93295	5.1439	5.12419
-1.41283	0.944121	5.14522	5.12386
-1.41645	0.936893	5.14357	5.12485
-1.41513	0.921123	5.14226	5.12583
-1.40429	0.936236	5.13996	5.12583
-1.40626	0.935907	5.14029	5.12616
-1.40988	0.937222	5.14127	5.12583
-1.42039	0.925394	5.14292	5.12485
-1.42499	0.916852	5.14292	5.12386
-1.42795	0.914224	5.1416	5.12353
-1.43912	0.912909	5.1416	5.12386
-1.44109	0.910281	5.14423	5.12649
-1.44273	0.906996	5.14555	5.12813
-1.4424	0.904039	5.1462	5.12846
-1.44963	0.885969	5.14653	5.12748
-1.45883	0.886298	5.14555	5.12518
-1.46704	0.879398	5.14522	5.12485
-1.46277	0.889912	5.14456	5.12649
-1.46474	0.901082	5.14423	5.12748
-1.46606	0.89024	5.14522	5.12682
-1.46573	0.889912	5.14489	5.12649
-1.4654	0.883341	5.14555	5.12485
-1.45916	0.891883	5.14555	5.12419
-1.46244	0.895497	5.14423	5.12518
-1.46014	0.896482	5.14259	5.12715
-1.46179	0.89254	5.14226	5.12682
-1.46704	0.883998	5.1416	5.12485
-1.4746	0.875127	5.14325	5.1232
-1.47591	0.874142	5.14522	5.12419
-1.47854	0.86987	5.14456	5.12682
-1.48807	0.850815	5.14325	5.1278
-1.48511	0.858043	5.14292	5.12813
-1.49628	0.851144	5.14226	5.12616
-1.49924	0.855086	5.14423	5.1232
-1.50318	0.847201	5.14587	5.1232
-1.50614	0.851801	5.14587	5.1232
-1.5068	0.860671	5.14423	5.1232
-1.51205	0.857386	5.14259	5.12419
-1.50712	0.8587	5.14193	5.12616
-1.50581	0.861986	5.14325	5.12583
-1.50614	0.854758	5.1439	5.12485
-1.50252	0.860014	5.14555	5.12353
-1.50088	0.8633	5.14522	5.1232
-1.50417	0.855415	5.14292	5.12485
-1.50285	0.861328	5.14259	5.12616
-1.50088	0.861986	5.14226	5.12583
-1.49234	0.870528	5.14325	5.1255
-1.4976	0.865928	5.14456	5.12583
-1.48938	0.867571	5.14555	5.12583
-1.47953	0.874142	5.14587	5.12485
-1.4723	0.878084	5.14555	5.12485
-1.47263	0.882355	5.1439	5.12485
-1.4677	0.888269	5.14193	5.12715
-1.45784	0.886955	5.14193	5.1278
-1.45094	0.892211	5.14555	5.1255
-1.44864	0.897139	5.14785	5.12353
-1.45062	0.894511	5.14719	5.12255
-1.44536	0.902068	5.14555	5.12452
-1.44832	0.905353	5.14456	5.12813
-1.44404	0.890897	5.14357	5.12813
-1.4401	0.895168	5.14292	5.12682
-1.42992	0.912909	5.14325	5.12649
-1.43353	0.914881	5.14357	5.1255
-1.42663	0.920794	5.14522	5.1255
-1.44142	0.912581	5.14522	5.12682
-1.42827	0.926708	5.14555	5.12879
-1.42039	0.934593	5.1462	5.12879
-1.41053	0.946749	5.14489	5.12682
-1.40232	0.952334	5.14325	5.12583
-1.39246	0.962191	5.14325	5.12452
-1.39575	0.961534	5.14522	5.1278
-1.39805	0.965476	5.14555	5.12846
-1.40396	0.953977	5.14357	5.12813
-1.40462	0.952006	5.14325	5.12682
-1.40298	0.95102	5.14489	5.12583
-1.40265	0.951677	5.14522	5.12518
-1.40626	0.947078	5.14423	5.12649
-1.40889	0.949378	5.1439	5.1278
-1.41415	0.945435	5.14325	5.12813
-1.41546	0.947735	5.14259	5.12715
-1.42236	0.942807	5.14325	5.12452
-1.43025	0.939521	5.14489	5.12386
-1.42433	0.943792	5.14719	5.12419
-1.42532	0.939193	5.14982	5.12452
-1.42926	0.935579	5.14883	5.12583
-1.42959	0.934922	5.14489	5.1255
-1.4332	0.936564	5.14259	5.12353
-1.44207	0.939193	5.1416	5.12156
-1.45357	0.930651	5.14456	5.1209
-1.45521	0.930651	5.14752	5.12255
-1.45324	0.91948	5.14752	5.12485
-1.4585	0.920137	5.14489	5.12583
-1.45719	0.924737	5.14423	5.12518
-1.45719	0.928022	5.14489	5.12386
-1.44963	0.934593	5.14522	5.12419
-1.45062	0.933279	5.14522	5.12419
-1.45719	0.92638	5.1462	5.1255
-1.45751	0.922437	5.14555	5.12583
-1.46014	0.91948	5.14259	5.12419
-1.45554	0.930651	5.13963	5.12452
-1.44404	0.934265	5.1393	5.12485
-1.44897	0.934265	5.14127	5.12649
-1.44536	0.933936	5.1439	5.12616
-1.44963	0.931636	5.14489	5.12386
-1.44667	0.936236	5.14423	5.12288
-1.43813	0.948392	5.14292	5.12419
-1.43747	0.950035	5.1416	5.12748
-1.42992	0.962191	5.14127	5.12715
-1.42466	0.975004	5.14423	5.12583
-1.42006	0.973361	5.14587	5.12518
-1.40988	0.980589	5.14555	5.12583
-1.39936	0.992745	5.14456	5.12616
-1.39641	0.998002	5.14456	5.12616
-1.39279	1.0003	5.14587	5.12616
-1.38458	1.00884	5.14423	5.12813
-1.38556	1.01114	5.14259	5.12977
-1.39509	1.00194	5.14292	5.12945
-1.39082	1.0026	5.14489	5.12879
-1.39148	1.00556	5.14522	5.12748
-1.40265	0.992088	5.14522	5.12518
-1.40462	0.979275	5.1439	5.12452
-1.41152	0.970076	5.14489	5.12485
-1.41316	0.967447	5.14456	5.12682
-1.4125	0.968762	5.14522	5.12616
-1.41218	0.96449	5.14555	5.12583
-1.42006	0.957263	5.14456	5.12748
-1.41382	0.963833	5.14292	5.12748
-1.40955	0.969747	5.14095	5.12682
-1.41119	0.958905	5.14357	5.12616
-1.42006	0.947078	5.14522	5.12748
-1.41973	0.944449	5.14423	5.12715
-1.41875	0.949049	5.14259	5.12715
-1.42466	0.947406	5.14226	5.12748
-1.42335	0.948063	5.14127	5.12682
-1.42269	0.944778	5.14226	5.12616
-1.43616	0.930651	5.1439	5.12616
-1.44142	0.925723	5.14456	5.12583
-1.44897	0.918823	5.14686	5.12583
-1.44832	0.918823	5.14719	5.12485
-1.4493	0.920794	5.14555	5.12518
-1.45127	0.917838	5.14653	5.12485
-1.45686	0.913895	5.14653	5.12485
-1.45291	0.91718	5.14456	5.1255
-1.45883	0.915538	5.14259	5.12583
-1.4746	0.903053	5.14357	5.12485
-1.47558	0.911924	5.14456	5.12353
-1.47723	0.910938	5.1439	5.1232
-1.48018	0.910281	5.14259	5.12386
-1.49201	0.900753	5.14095	5.12419
-1.50022	0.889912	5.14259	5.12419
-1.5045	0.893854	5.14555	5.12386
-1.51008	0.886626	5.14555	5.12353
-1.50614	0.88794	5.14653	5.12518
-1.50318	0.893525	5.14522	5.12583
-1.50581	0.892868	5.14259	5.12518
-1.4976	0.895825	5.14095	5.12583
-1.4884	0.904039	5.14259	5.12452
-1.4838	0.912909	5.14456	5.12518
-1.48084	0.91061	5.14522	5.12748
-1.47263	0.909624	5.14522	5.12813
-1.47263	0.917509	5.14325	5.12715
-1.47066	0.911267	5.14325	5.12616
-1.46343	0.915866	5.14357	5.12485
-1.45719	0.925394	5.14456	5.12583
-1.45259	0.928022	5.14489	5.12649
-1.44667	0.927037	5.14423	5.12485
-1.44437	0.928351	5.14325	5.12583
-1.447	0.926708	5.14357	5.12682
-1.4378	0.934265	5.14226	5.12616
-1.43025	0.931308	5.1439	5.12715
-1.42236	0.928679	5.14522	5.12682
-1.42663	0.92408	5.1439	5.12649
-1.43353	0.91718	5.14325	5.12748
-1.43452	0.916523	5.14226	5.12879
-1.42499	0.91948	5.13996	5.1278
-1.42499	0.918495	5.13996	5.1255
-1.42827	0.93525	5.1416	5.12255
-1.42696	0.922437	5.14292	5.12156
-1.42597	0.921452	5.14259	5.12452
-1.42072	0.924737	5.14127	5.12748
-1.4171	0.922437	5.14127	5.12748
-1.40232	0.93295	5.1416	5.12748
-1.41218	0.929337	5.14226	5.12682
-1.41973	0.931636	5.14325	5.12748
-1.4171	0.937222	5.14423	5.12813
-1.41218	0.933936	5.14587	5.12813
-1.41185	0.943792	5.14686	5.12945
-1.4148	0.945435	5.14357	5.13142
-1.41415	0.95102	5.14193	5.12977
-1.40955	0.964819	5.14292	5.12748
-1.41119	0.973361	5.14456	5.1255
-1.41053	0.967119	5.14522	5.1232
-1.40626	0.973361	5.14423	5.12255
-1.40692	0.975661	5.14325	5.12485
-1.40429	0.977961	5.14259	5.12682
-1.40495	0.983217	5.1416	5.12748
-1.40363	0.981903	5.14127	5.1278
-1.40528	0.976318	5.14259	5.1278
-1.40659	0.975661	5.14292	5.12715
-1.40593	0.976647	5.14357	5.12583
-1.40528	0.970733	5.14423	5.12419
-1.40593	0.970404	5.14489	5.12419
-1.40002	0.971718	5.14423	5.1255
-1.40593	0.965148	5.14522	5.12518
-1.40462	0.964162	5.14456	5.12452
-1.41218	0.963505	5.14357	5.12386
-1.40922	0.964819	5.14259	5.12386
-1.41612	0.967776	5.14193	5.12419
-1.41513	0.972704	5.14193	5.12452
-1.4286	0.958248	5.14127	5.1255
-1.43156	0.944778	5.14193	5.12813
-1.42565	0.95332	5.14555	5.12813
-1.42795	0.948392	5.1462	5.1255
-1.43123	0.949049	5.1439	5.12583
-1.42367	0.951349	5.14226	5.12715
-1.42466	0.952334	5.14226	5.12682
-1.42203	0.957263	5.14259	5.12583
-1.4194	0.959562	5.14226	5.1255
-1.40856	0.973033	5.1439	5.12419
-1.40298	0.984203	5.14357	5.12518
-1.39148	0.986503	5.1416	5.12583
-1.38491	0.993402	5.14095	5.1255
-1.37374	0.994059	5.14292	5.1255
-1.37045	1.00622	5.14423	5.12583
-1.36782	0.999973	5.14522	5.12583
-1.36552	1.01311	5.14587	5.12649
-1.35468	1.02954	5.14653	5.12616
-1.34483	1.0348	5.1462	5.12583
-1.35074	1.03381	5.14325	5.12682
-1.35402	1.03743	5.14292	5.12649
-1.34581	1.044	5.14555	5.12518
-1.33431	1.04958	5.14686	5.12419
-1.33398	1.04695	5.14686	5.1232
-1.3399	1.04006	5.1462	5.12419
-1.34384	1.0463	5.14456	5.1255
-1.3468	1.03546	5.14226	5.12616
-1.34877	1.03578	5.14226	5.12748
-1.35961	1.03283	5.14456	5.12682
-1.34811	1.02987	5.14653	5.12518
-1.34614	1.0302	5.14653	5.12189
-1.34483	1.03447	5.14555	5.1232
-1.3537	1.03414	5.14357	5.12485
-1.35797	1.03414	5.14325	5.1255
-1.36388	1.02954	5.14423	5.12583
-1.36552	1.03513	5.14456	5.12485
-1.36355	1.03546	5.14357	5.12386
-1.37177	1.02823	5.14193	5.12189
-1.38688	1.01344	5.14062	5.12222
-1.38162	1.0095	5.13963	5.12189
-1.38458	1.0095	5.1416	5.12518
-1.38096	1.00753	5.14423	5.12846
-1.37932	1.00589	5.14555	5.13043
-1.38458	1.00326	5.14456	5.12846
-1.39706	0.989788	5.14292	5.1255
-1.40133	0.98256	5.1416	5.12419
-1.40659	0.977961	5.14062	5.12353
-1.40593	0.979603	5.14193	5.12583
-1.4148	0.96909	5.14127	5.12715
-1.42138	0.966462	5.14226	5.12846
-1.42072	0.966133	5.14259	5.12616
-1.4263	0.957263	5.1439	5.12485
-1.42762	0.957263	5.14259	5.12616
-1.4332	0.95102	5.14127	5.12715
-1.43846	0.94872	5.14259	5.12616
-1.44799	0.944778	5.14522	5.12518
-1.45029	0.946749	5.14719	5.12386
-1.4562	0.93525	5.14719	5.12452
-1.46277	0.932622	5.14489	5.1255
-1.4608	0.925394	5.14357	5.1255
-1.4631	0.921452	5.14292	5.12583
-1.46573	0.914881	5.14127	5.12616
-1.47	0.90601	5.13963	5.12748
-1.46901	0.914881	5.14062	5.12879
-1.47526	0.90831	5.14325	5.12682
-1.47197	0.911924	5.14522	5.1278
-1.47591	0.918823	5.14423	5.12879
-1.47821	0.906667	5.14292	5.12945
-1.4792	0.896811	5.14062	5.12912
-1.47821	0.891226	5.14062	5.1278
-1.48018	0.885312	5.14226	5.1255
-1.47657	0.891226	5.14259	5.12518
-1.47164	0.896482	5.14193	5.12518
-1.47263	0.89024	5.1439	5.12485
-1.4746	0.886298	5.14357	5.12682
-1.4792	0.887612	5.14193	5.12879
-1.4815	0.887612	5.14357	5.12715
-1.48051	0.883341	5.14423	5.12616
-1.49037	0.872827	5.14456	5.12583
-1.49037	0.870856	5.1439	5.12682
-1.48971	0.868228	5.14325	5.1278
-1.49464	0.859029	5.14259	5.12846
-1.49595	0.856072	5.1416	5.12682
-1.4976	0.867571	5.14325	5.12583
-1.4999	0.867571	5.1439	5.1255
-1.50088	0.878084	5.14259	5.1255
-1.50877	0.873156	5.14193	5.1255
-1.5137	0.861	5.1416	5.12616
-1.52749	0.844573	5.14226	5.1255
-1.52979	0.836359	5.14489	5.12583
-1.52552	0.841944	5.1485	5.1255
-1.53012	0.836688	5.14653	5.12682
-1.52421	0.849829	5.14423	5.12748
-1.51731	0.857714	5.14226	5.12518
-1.51764	0.864285	5.13996	5.12255
-1.51698	0.864942	5.14193	5.12288
-1.52289	0.862643	5.1439	5.1255
-1.52059	0.862643	5.14555	5.12649
-1.52125	0.861657	5.14456	5.1255
-1.51829	0.864942	5.14357	5.12452
-1.51797	0.870856	5.14292	5.12583
-1.51074	0.881369	5.14357	5.12748
-1.50712	0.890569	5.14423	5.12715
-1.50811	0.892211	5.14489	5.12583
-1.50581	0.897468	5.14587	5.12419
-1.50187	0.903382	5.14653	5.12386
-1.49924	0.901739	5.14686	5.12583
-1.49103	0.907981	5.14653	5.1278
-1.4838	0.923094	5.14489	5.12715
-1.48018	0.917838	5.14259	5.12583
-1.48051	0.915866	5.1416	5.12485
-1.4769	0.912909	5.14325	5.12583
-1.47723	0.913567	5.14357	5.12682
-1.47164	0.913238	5.14259	5.1278
-1.46606	0.919152	5.14062	5.12715
-1.46934	0.913567	5.14127	5.1278
-1.4585	0.92638	5.14193	5.12649
-1.45981	0.923423	5.14193	5.12649
-1.44864	0.934265	5.14127	5.12649
-1.43682	0.936236	5.1416	5.12649
-1.43452	0.93985	5.14292	5.12813
-1.43353	0.941164	5.14095	5.12879
-1.43123	0.944778	5.14029	5.12682
-1.42499	0.952334	5.14127	5.12485
-1.4171	0.952006	5.14325	5.1255
-1.41415	0.948392	5.14423	5.12715
-1.40889	0.953977	5.14325	5.12616
-1.40725	0.954963	5.14292	5.12649
-1.40462	0.969747	5.14226	5.12583
-1.40232	0.969419	5.14226	5.12583
-1.39739	0.973361	5.14226	5.12616
-1.39772	0.981903	5.14456	5.12452
-1.39115	0.992417	5.1439	5.12222
-1.37801	1.01049	5.14325	5.12123
-1.36815	1.01443	5.14193	5.12353
-1.37472	1.01541	5.14259	5.12616
-1.37308	1.00293	5.14423	5.12682
-1.36979	1.00129	5.14653	5.12583
-1.37209	1.00852	5.14653	5.12485
-1.36815	1.01969	5.14522	5.1255
-1.36059	1.03513	5.14357	5.12583
-1.36684	1.03546	5.14062	5.1255
-1.35994	1.03808	5.14095	5.12583
-1.35698	1.04498	5.1416	5.12682
-1.35797	1.04794	5.14292	5.12715
-1.35402	1.07061	5.14456	5.1278
-1.35895	1.07455	5.14653	5.12583
-1.37012	1.05812	5.14489	5.12485
-1.37111	1.06404	5.14226	5.12583
-1.36289	1.06798	5.14062	5.12518
-1.35665	1.06798	5.1416	5.12485
-1.36059	1.05977	5.14292	5.1255
-1.35074	1.06864	5.14325	5.12452
-1.35632	1.06371	5.14226	5.12419
-1.35764	1.05747	5.14226	5.12583
-1.35731	1.05648	5.14095	5.12518
-1.35468	1.06535	5.14029	5.12518
-1.35632	1.05353	5.14029	5.12518
-1.35764	1.05188	5.1416	5.12419
-1.36322	1.03874	5.1439	5.12452
-1.36224	1.04433	5.14522	5.12616
-1.36027	1.04301	5.14325	5.12616
-1.36881	1.0371	5.14357	5.12583
-1.37012	1.03677	5.14522	5.12485
-1.37144	1.03118	5.14719	5.12419
-1.37735	1.01673	5.14653	5.12222
-1.38754	1.00424	5.14489	5.12288
-1.38096	1.00884	5.14423	5.12452
-1.38326	0.999973	5.14259	5.12649
-1.38359	0.995045	5.14127	5.12616
-1.39509	0.974675	5.14062	5.12518
-1.39575	0.975332	5.1416	5.12649
-1.39246	0.975332	5.14423	5.12748
-1.40101	0.964162	5.14357	5.12715
-1.40035	0.96449	5.14357	5.12649
-1.38721	0.977304	5.14292	5.12715
-1.39049	0.985517	5.1416	5.12649
-1.38984	0.992745	5.14226	5.12616
-1.40166	0.978289	5.14423	5.12583
-1.41283	0.969419	5.1462	5.12518
-1.42269	0.963833	5.14522	5.12518
-1.4171	0.962519	5.14259	5.12485
-1.42466	0.952334	5.13996	5.12583
-1.4286	0.952006	5.13963	5.12583
-1.42762	0.956934	5.13996	5.12649
-1.42597	0.962519	5.1416	5.12682
-1.4286	0.966462	5.14325	5.12583
-1.43419	0.95562	5.14226	5.12353
-1.42499	0.955291	5.14193	5.12222
-1.43353	0.945107	5.14259	5.12419
-1.42992	0.955948	5.14423	5.12682
-1.43485	0.947078	5.14456	5.12813
-1.43222	0.94215	5.14423	5.12813
-1.43682	0.922109	5.1439	5.12518
-1.44142	0.914224	5.1439	5.1232
-1.44897	0.912909	5.14193	5.12386
-1.44963	0.910281	5.14062	5.12583
-1.44404	0.921123	5.1393	5.12748
-1.44897	0.915538	5.1393	5.12813
-1.45193	0.903382	5.13996	5.12518
-1.45357	0.898454	5.13963	5.12386
-1.46047	0.893197	5.13963	5.12353
-1.47164	0.884326	5.1393	5.1255
-1.47164	0.886298	5.13832	5.1278
-1.47131	0.884326	5.13996	5.12846
-1.47131	0.889912	5.14095	5.12682
-1.47328	0.89024	5.1416	5.12616
-1.47558	0.892211	5.14226	5.12649
-1.47131	0.889254	5.14193	5.12485
-1.47066	0.893197	5.14423	5.12583
-1.47657	0.891883	5.14653	5.12485
-1.48478	0.887283	5.1485	5.12353
-1.48905	0.878413	5.14719	5.12255
-1.48807	0.880055	5.14357	5.12156
-1.48478	0.87907	5.14292	5.12353
-1.48905	0.873156	5.1439	5.12616
-1.48445	0.868885	5.14325	5.1278
-1.4815	0.873813	5.14127	5.12813
-1.48511	0.866585	5.14095	5.12879
-1.47854	0.877427	5.14193	5.12813
-1.48511	0.874142	5.14587	5.12616
-1.49168	0.870528	5.14719	5.12485
-1.48774	0.881369	5.14489	5.12518
-1.48971	0.876441	5.14259	5.12616
-1.49333	0.867899	5.14193	5.1278
-1.48938	0.868556	5.14325	5.12649
-1.48708	0.868228	5.14489	5.1232
-1.48183	0.875456	5.14292	5.12353
-1.48807	0.867571	5.14193	5.12288
-1.4792	0.873156	5.1416	5.12452
-1.47098	0.880055	5.14127	5.12748
-1.47493	0.87677	5.13996	5.12649
-1.4746	0.881698	5.1416	5.12386
-1.48018	0.872827	5.14357	5.12255
-1.47328	0.87907	5.14423	5.12156
-1.46474	0.888597	5.14292	5.12288
-1.47427	0.876441	5.14062	5.12518
-1.48051	0.861986	5.13996	5.12682
-1.48577	0.855743	5.14259	5.12715
-1.47788	0.865928	5.14423	5.12649
-1.47591	0.869542	5.14555	5.12452
-1.47788	0.866585	5.14719	5.12386
-1.47854	0.861328	5.14522	5.1232
-1.48248	0.856072	5.14292	5.12288
-1.47788	0.855415	5.14226	5.12419
-1.48643	0.851801	5.14357	5.12518
-1.47756	0.868228	5.1439	5.12386
-1.4769	0.868556	5.14423	5.12485
-1.47854	0.871513	5.14423	5.12583
-1.47394	0.875127	5.14456	5.12583
-1.47197	0.880384	5.14489	5.12682
-1.48675	0.867571	5.14325	5.12682
-1.4884	0.8633	5.14127	5.12616
-1.48511	0.866914	5.1416	5.12616
-1.4884	0.862314	5.14226	5.12485
-1.49168	0.861657	5.14259	5.12386
-1.48905	0.861986	5.1439	5.1255
-1.4884	0.871185	5.14259	5.12583
-1.49037	0.875127	5.14095	5.12616
-1.48018	0.881698	5.14259	5.12583
-1.47066	0.898454	5.14423	5.12386
-1.46244	0.899768	5.14522	5.12255
-1.46376	0.89484	5.14555	5.12222
-1.46639	0.890569	5.14357	5.12288
-1.46376	0.895168	5.14193	5.12419
-1.47624	0.891883	5.14095	5.12452
-1.4677	0.902068	5.14193	5.12452
-1.46671	0.907981	5.14292	5.12518
-1.45949	0.918166	5.14357	5.12583
-1.46113	0.914224	5.1439	5.1255
-1.45719	0.923751	5.1439	5.1232
-1.45521	0.920794	5.14357	5.12353
-1.46507	0.902068	5.14193	5.12452
-1.45981	0.90601	5.1416	5.12518
-1.46704	0.907981	5.14193	5.12616
-1.4585	0.914552	5.14357	5.12518
-1.45587	0.917838	5.14456	5.12583
-1.45094	0.92638	5.14522	5.1278
-1.4493	0.927037	5.14489	5.12649
-1.45094	0.926708	5.14357	5.12419
-1.45423	0.92638	5.1439	5.12452
-1.4516	0.933608	5.14423	5.12649
-1.447	0.944121	5.14555	5.12748
-1.43944	0.954963	5.14522	5.12846
-1.43682	0.960219	5.14423	5.12945
-1.42893	0.962848	5.14259	5.12879
-1.42893	0.954306	5.14226	5.12813
-1.42466	0.956605	5.1439	5.12715
-1.42367	0.956605	5.14292	5.12485
-1.41678	0.96909	5.14127	5.1232
-1.42565	0.955948	5.13996	5.12386
-1.43287	0.944121	5.14062	5.12616
-1.43057	0.932293	5.14062	5.12649
-1.4263	0.936893	5.1416	5.12386
-1.42006	0.94215	5.14193	5.12288
-1.43846	0.929665	5.14259	5.12419
-1.43517	0.92408	5.1439	5.12649
-1.43747	0.916852	5.14423	5.1278
-1.44142	0.92178	5.14259	5.12583
-1.44963	0.913567	5.14292	5.12452
-1.45521	0.89254	5.14489	5.1255
-1.45686	0.888597	5.14817	5.12485
-1.4516	0.884326	5.14883	5.12452
-1.44536	0.888597	5.14653	5.12616
-1.44634	0.884983	5.14456	5.12649
-1.45193	0.88794	5.1462	5.12682
-1.44437	0.883341	5.1462	5.12649
-1.44142	0.894183	5.14522	5.12583
-1.4378	0.897468	5.14456	5.12682
-1.44174	0.895825	5.14456	5.12682
-1.43616	0.906339	5.14423	5.12616
-1.43879	0.908638	5.14292	5.12649
-1.43912	0.906996	5.14292	5.12682
-1.44864	0.896482	5.14226	5.12583
-1.45127	0.896154	5.14259	5.12583
-1.4562	0.895497	5.14357	5.12518
-1.4539	0.90141	5.14423	5.12353
-1.45423	0.895825	5.14653	5.12156
-1.45489	0.896482	5.14587	5.12452
-1.4516	0.889912	5.14456	5.12649
-1.4516	0.904039	5.14325	5.12748
-1.44766	0.899439	5.14292	5.12715
-1.44306	0.905024	5.14653	5.1255
-1.44634	0.897797	5.14719	5.12485
-1.447	0.895825	5.14357	5.1255
-1.44766	0.895497	5.14226	5.12518
-1.4424	0.899439	5.14423	5.12419
-1.44733	0.891226	5.14587	5.12452
-1.4401	0.903053	5.14587	5.12386
-1.43353	0.911924	5.14686	5.12419
-1.43255	0.908638	5.14489	5.12518
-1.43419	0.911924	5.14325	5.12485
-1.43879	0.907324	5.1416	5.12583
-1.43747	0.906667	5.14292	5.12386
-1.43452	0.911267	5.14489	5.12353
-1.43846	0.908967	5.14357	5.12419
-1.4516	0.886955	5.14357	5.12353
-1.45423	0.897468	5.1439	5.12288
-1.44109	0.915866	5.1439	5.12452
-1.4424	0.913567	5.14325	5.12715
-1.43583	0.92178	5.14259	5.12813
-1.44306	0.917509	5.14226	5.12682
-1.4401	0.906996	5.14325	5.12518
-1.44372	0.913238	5.1439	5.12485
-1.4493	0.914552	5.14259	5.12583
-1.44897	0.904696	5.14029	5.1255
-1.4516	0.899439	5.13963	5.12616
-1.45291	0.885969	5.14095	5.12682
-1.45324	0.889254	5.1439	5.12485
-1.45587	0.887283	5.14423	5.12386
-1.45127	0.888597	5.14522	5.1232
-1.46113	0.879398	5.14357	5.12419
-1.45751	0.88564	5.14095	5.1255
-1.45423	0.886626	5.14095	5.12649
-1.4516	0.89024	5.14193	5.12583
-1.45423	0.900425	5.14325	5.12452
-1.46113	0.896154	5.14423	5.1232
-1.45981	0.897797	5.14423	5.12419
-1.45916	0.905353	5.14292	5.12485
-1.46146	0.894183	5.1416	5.12649
-1.46441	0.891226	5.14193	5.12945
-1.46868	0.885312	5.14456	5.12846
-1.47	0.882355	5.14587	5.12715
-1.48216	0.882355	5.14456	5.1255
-1.48117	0.89024	5.14325	5.1255
-1.49168	0.881369	5.14193	5.1278
-1.48248	0.890897	5.14292	5.1301
-1.47558	0.897139	5.1439	5.13043
-1.48643	0.88564	5.14423	5.12912
-1.49168	0.875456	5.14522	5.12518
-1.49793	0.869213	5.1462	5.12452
-1.50975	0.857057	5.14522	5.12583
-1.51337	0.850158	5.14423	5.12715
-1.51172	0.84063	5.1416	5.12977
-1.51862	0.835374	5.14029	5.12945
-1.52125	0.824203	5.14062	5.12649
-1.53012	0.818618	5.14062	5.1232
-1.53144	0.810733	5.14029	5.1232
-1.53078	0.817304	5.14226	5.12419
-1.53406	0.811062	5.14292	5.12452
-1.54162	0.796606	5.14226	5.12518
-1.54359	0.804162	5.14193	5.12616
-1.54885	0.805148	5.1439	5.12715
-1.54688	0.803505	5.14587	5.12682
-1.54392	0.811719	5.14456	5.12452
-1.54819	0.799563	5.14292	5.12353
-1.54622	0.796606	5.14226	5.12452
-1.54786	0.795949	5.1416	5.12813
-1.53801	0.806462	5.14193	5.12912
-1.53604	0.817304	5.14292	5.12682
-1.53406	0.823875	5.14489	5.12518
-1.53176	0.823218	5.1439	5.12485
-1.51797	0.834717	5.1439	5.12485
-1.51074	0.844901	5.14325	5.12682
-1.50877	0.857386	5.14193	5.12945
-1.49825	0.873813	5.14193	5.1301
-1.48544	0.891883	5.14292	5.1278
-1.47066	0.905024	5.14193	5.12583
-1.47394	0.899111	5.14127	5.12583
-1.46573	0.898782	5.14193	5.12583
-1.46967	0.898782	5.14259	5.12715
-1.46606	0.899111	5.14292	5.12846
-1.46343	0.897797	5.14259	5.12715
-1.45817	0.899111	5.14357	5.12748
-1.45489	0.897468	5.1462	5.12813
-1.46047	0.890897	5.14587	5.12912
-1.45226	0.900096	5.14423	5.12945
-1.44832	0.905024	5.14423	5.12748
-1.43977	0.916852	5.14292	5.12682
-1.4378	0.903053	5.14095	5.12748
-1.43287	0.911267	5.14127	5.12649
-1.42499	0.920466	5.14226	5.1255
-1.42565	0.912909	5.14259	5.1255
-1.42039	0.920466	5.14292	5.12682
-1.41678	0.915538	5.14226	5.12715
-1.4171	0.923094	5.14193	5.12715
-1.41283	0.930322	5.1439	5.12649
-1.40889	0.931308	5.14456	5.12485
-1.4102	0.933608	5.14587	5.12715
-1.40725	0.941164	5.14522	5.12846
-1.40068	0.938207	5.14423	5.12748
-1.39936	0.938207	5.1439	5.12649
-1.39575	0.935907	5.1439	5.1278
-1.39772	0.937879	5.1439	5.12846
-1.40232	0.941493	5.14325	5.12879
-1.41152	0.927037	5.1439	5.12813
-1.41908	0.930322	5.14357	5.12748
-1.42203	0.925723	5.14259	5.12518
-1.43747	0.909624	5.14292	5.12288
-1.4355	0.920794	5.14489	5.1232
-1.4309	0.926708	5.14522	5.12452
-1.42367	0.937222	5.14423	5.12485
-1.42565	0.933608	5.14357	5.12616
-1.41152	0.950035	5.14325	5.12583
-1.4079	0.953977	5.14357	5.12616
-1.4079	0.96679	5.14456	5.12616
-1.40561	0.965805	5.1439	5.12682
-1.39115	0.972704	5.14357	5.12748
-1.39443	0.975004	5.14193	5.12813
-1.39772	0.974018	5.14127	5.1278
-1.39476	0.985846	5.14226	5.12912
-1.40396	0.972375	5.14423	5.12813
-1.40462	0.972047	5.14522	5.12846
-1.41152	0.965476	5.14522	5.12813
-1.40955	0.967776	5.14456	5.12846
-1.42006	0.958905	5.14489	5.12682
-1.40692	0.968104	5.14423	5.12583
-1.40725	0.962519	5.14193	5.12649
-1.40331	0.960877	5.1393	5.12748
-1.40298	0.966133	5.14029	5.12846
-1.40068	0.959234	5.1416	5.12945
-1.40265	0.955948	5.1416	5.12813
-1.40593	0.947078	5.1416	5.12879
-1.41382	0.934922	5.14357	5.12813
-1.41448	0.933279	5.14555	5.12583
-1.42367	0.921123	5.14587	5.12583
-1.42203	0.927694	5.1439	5.1255
-1.42597	0.928022	5.14259	5.12583
-1.42827	0.922766	5.14357	5.12485
-1.42532	0.928022	5.14489	5.12485
-1.42663	0.922766	5.14259	5.1232
-1.42762	0.924737	5.14127	5.1232
-1.42072	0.93755	5.14193	5.12419
-1.424	0.93755	5.14259	5.1255
-1.42433	0.937222	5.1416	5.12748
-1.42992	0.937222	5.14325	5.12748
-1.43222	0.931636	5.14489	5.12518
-1.4263	0.933279	5.14292	5.12485
-1.4401	0.917838	5.14029	5.12583
-1.44996	0.916195	5.13832	5.12518
-1.45062	0.920466	5.14095	5.12452
-1.45489	0.917509	5.14292	5.12353
-1.447	0.928679	5.14456	5.12353
-1.45291	0.92638	5.14489	5.12386
-1.46573	0.912581	5.14259	5.12452
-1.46671	0.910938	5.13996	5.12715
-1.4769	0.901082	5.14193	5.12912
-1.48643	0.897468	5.14522	5.12945
-1.49398	0.883669	5.14653	5.1278
-1.48938	0.887612	5.14555	5.12518
-1.49168	0.887612	5.14292	5.12419
-1.49563	0.878084	5.14062	5.12419
-1.49628	0.877427	5.13865	5.12485
-1.4999	0.875456	5.13766	5.12419
-1.50088	0.8633	5.1393	5.12386
-1.50088	0.866914	5.14226	5.12386
-1.50285	0.859357	5.14587	5.12353
-1.50055	0.864614	5.14719	5.1232
-1.50121	0.861	5.14587	5.1232
-1.51008	0.856072	5.14423	5.12288
-1.5045	0.8633	5.14325	5.12288
-1.50154	0.87217	5.14259	5.12255
-1.50877	0.865271	5.1416	5.12288
-1.50417	0.863957	5.14325	5.12386
-1.50154	0.866257	5.14522	5.1255
-1.50121	0.869542	5.14456	5.12583
-1.50154	0.87217	5.14325	5.12682
-1.50515	0.865928	5.1439	5.12846
-1.50548	0.868885	5.14587	5.12583
-1.49924	0.871185	5.14752	5.12419
-1.50055	0.876441	5.14752	5.12452
-1.50121	0.878413	5.14587	5.12748
-1.5091	0.863957	5.14423	5.12977
-1.51238	0.8564	5.14325	5.12977
-1.5068	0.866914	5.14357	5.1278
-1.51337	0.863957	5.14325	5.1278
-1.50778	0.866585	5.1439	5.12583
-1.50417	0.865928	5.14423	5.12386
-1.50844	0.865271	5.14456	5.12452
-1.50384	0.874142	5.14259	5.1255
-1.50417	0.878084	5.1416	5.12813
-1.50581	0.879398	5.14095	5.13076
-1.49957	0.878413	5.14226	5.12912
-1.493	0.88794	5.14292	5.12682
-1.49168	0.89024	5.1416	5.1255
-1.49004	0.882355	5.13963	5.12616
-1.49037	0.882684	5.13996	5.12879
-1.48741	0.880055	5.14193	5.12945
-1.48971	0.884983	5.14423	5.12912
-1.48873	0.887612	5.14423	5.12813
-1.48938	0.886955	5.1439	5.12649
-1.48643	0.893854	5.14456	5.12649
-1.48478	0.886955	5.14489	5.12748
-1.49201	0.887283	5.14423	5.12682
-1.48445	0.893525	5.1439	5.12485
-1.47361	0.900753	5.14423	5.1232
-1.47	0.897468	5.14752	5.12353
-1.45949	0.899111	5.14883	5.12452
-1.45686	0.904367	5.14587	5.1255
-1.45751	0.906996	5.14325	5.12583
-1.44996	0.909624	5.1439	5.12649
-1.4539	0.911924	5.14686	5.12813
-1.45324	0.913238	5.14752	5.12846
-1.4493	0.916195	5.1462	5.12682
-1.44996	0.914552	5.14456	5.12419
-1.45127	0.915866	5.14456	5.12386
-1.45127	0.912909	5.14292	5.12353
-1.44569	0.903053	5.14226	5.12485
-1.44536	0.907653	5.14095	5.12518
-1.4447	0.899439	5.14193	5.1255
-1.44109	0.905682	5.14423	5.12616
-1.43813	0.908967	5.14522	5.12616
-1.44437	0.901082	5.14259	5.12518
-1.43747	0.917838	5.14029	5.12353
-1.43485	0.929994	5.14029	5.12452
-1.43846	0.93295	5.14193	5.12485
-1.43123	0.93985	5.14357	5.12682
-1.42269	0.95792	5.1416	5.12715
-1.41842	0.964819	5.13996	5.1255
-1.42203	0.958905	5.14095	5.12419
-1.42499	0.95102	5.14127	5.12255
-1.42006	0.964162	5.14226	5.12222
-1.42269	0.968104	5.14226	5.12419
-1.41119	0.981575	5.14259	5.1255
-1.41316	0.983546	5.14259	5.12649
-1.40889	0.985846	5.14226	5.12748
-1.39772	0.996688	5.14259	5.12715
-1.39838	0.991431	5.14292	5.12616
-1.39772	0.985846	5.14292	5.12518
-1.39969	0.992417	5.1439	5.1255
-1.40298	0.986831	5.14489	5.12518
-1.39969	0.995045	5.14456	5.12419
-1.40232	0.998987	5.14357	5.12255
-1.40232	1.00622	5.14259	5.12353
-1.39838	1.00359	5.14292	5.12518
-1.39148	1.0072	5.14456	5.12452
-1.39608	1.0072	5.14522	5.12222
-1.39476	1.00424	5.14489	5.12189
-1.40166	1.00326	5.14555	5.12452
-1.39016	1.01377	5.14456	5.12583
-1.38984	1.00983	5.14095	5.12616
-1.38622	1.01246	5.13897	5.12682
-1.38359	1.01443	5.14029	5.12846
-1.38425	1.01476	5.14325	5.12879
-1.38786	1.00753	5.14489	5.12682
-1.37899	1.01049	5.14423	5.12518
-1.37899	1.00786	5.14423	5.12419
-1.38064	1.00227	5.1439	5.12485
-1.37538	0.996688	5.14423	5.12419
-1.38425	0.996688	5.14259	5.12386
-1.37998	0.998987	5.14127	5.12222
-1.37735	1.00359	5.14062	5.12222
-1.37866	0.995045	5.14095	5.12386
-1.36618	0.994716	5.14193	5.12583
-1.37801	0.994388	5.14292	5.12748
-1.38294	0.995702	5.14259	5.12649
-1.37472	1.0049	5.14259	5.12682
-1.37144	1.00852	5.1439	5.1255
-1.37571	0.998659	5.14489	5.12485
-1.38524	0.994059	5.14357	5.12682
-1.38458	0.994059	5.14226	5.1278
-1.37965	0.999316	5.14259	5.12682
-1.37899	1.00194	5.14325	5.12583
-1.37505	1.0095	5.14587	5.12485
-1.37636	1.00819	5.14653	5.12386
-1.38359	1.00687	5.1462	5.12222
-1.38688	1.00194	5.14325	5.12353
-1.38458	0.994059	5.1416	5.12452
-1.38786	0.993731	5.14259	5.12583
-1.39312	0.996688	5.14357	5.12616
-1.38852	1.00227	5.14423	5.12386
-1.38918	0.993731	5.14522	5.12189
-1.38031	1.00589	5.14423	5.12255
-1.38162	1.00194	5.14226	5.12353
-1.38392	0.991759	5.14259	5.12419
-1.39312	0.990117	5.1439	5.12649
-1.39148	0.992745	5.14456	5.12715
-1.39608	0.992745	5.14456	5.12616
-1.39378	0.989131	5.14456	5.12583
-1.39641	0.991759	5.14292	5.1255
-1.39739	0.995045	5.14226	5.12518
-1.40232	0.987488	5.14226	5.12452
-1.40429	0.989131	5.1416	5.12452
-1.40922	0.98486	5.14423	5.12485
-1.41119	0.986174	5.14653	5.12616
-1.41218	0.98026	5.14653	5.12715
-1.41875	0.983874	5.14489	5.12518
-1.41316	0.985846	5.14292	5.12452
-1.41349	0.982232	5.14259	5.12583
-1.40725	0.988145	5.14325	5.12682
-1.41513	0.984203	5.14357	5.12748
-1.41316	0.987817	5.14423	5.12682
-1.42696	0.979932	5.14489	5.12813
-1.4309	0.979603	5.14423	5.12748
-1.43025	0.972704	5.14325	5.12583
-1.42367	0.973033	5.14259	5.12518
-1.42597	0.975661	5.14259	5.1255
-1.42466	0.973361	5.1439	5.12452
-1.43222	0.972047	5.14522	5.12518
-1.43682	0.965148	5.14653	5.12583
-1.44536	0.95562	5.14357	5.12485
-1.4424	0.960219	5.13996	5.12518
-1.43912	0.965476	5.1393	5.1255
-1.44273	0.951677	5.1416	5.12518
-1.44602	0.942807	5.14357	5.12419
-1.44076	0.93755	5.14489	5.12222
-1.44273	0.939521	5.1439	5.12156
-1.44339	0.945107	5.14292	5.1232
-1.43747	0.944449	5.14193	5.12846
-1.4378	0.944121	5.14127	5.13142
-1.4378	0.937879	5.14357	5.12846
-1.43944	0.934265	5.14555	5.12616
-1.44076	0.932293	5.14587	5.12452
-1.44273	0.934922	5.14259	5.12353
-1.44832	0.930979	5.13996	5.12288
-1.4401	0.947735	5.13865	5.12353
-1.43616	0.955291	5.14029	5.12353
-1.42433	0.959234	5.14423	5.12419
-1.42466	0.952992	5.14653	5.1255
-1.43222	0.942807	5.14686	5.12616
-1.43583	0.932293	5.1462	5.12649
-1.43255	0.937222	5.1439	5.12649
-1.42893	0.944121	5.14357	5.12583
-1.43485	0.945764	5.14226	5.12649
-1.44404	0.933608	5.14259	5.1278
-1.44109	0.935907	5.14357	5.12912
-1.44142	0.929994	5.1462	5.12879
-1.4355	0.938864	5.14522	5.12813
-1.43682	0.941821	5.14259	5.1278
-1.4332	0.945107	5.13963	5.12649
-1.44207	0.939521	5.13963	5.12583
-1.44372	0.933608	5.14292	5.12518
-1.44996	0.929665	5.14587	5.12386
-1.44142	0.952663	5.14653	5.12386
-1.43813	0.94872	5.14456	5.12353
-1.42827	0.947078	5.14259	5.12518
-1.42959	0.941821	5.14127	5.12748
-1.42795	0.938864	5.14292	5.12879
-1.4263	0.948063	5.14325	5.12748
-1.42335	0.944778	5.14226	5.12583
-1.4171	0.955948	5.14127	5.12485
-1.41842	0.964162	5.1393	5.12583
-1.41053	0.974018	5.1393	5.12879
-1.4125	0.978946	5.14127	5.12945
-1.4217	0.970076	5.14259	5.12616
-1.41908	0.972375	5.14226	5.12485
-1.40856	0.991102	5.14193	5.12452
-1.41415	0.990117	5.1439	5.12386
-1.41842	0.983217	5.14522	5.12386
-1.42335	0.978946	5.1439	5.12583
-1.41645	0.982232	5.14193	5.12616
-1.41908	0.983546	5.14193	5.12452
-1.42006	0.979932	5.1439	5.12452
-1.42992	0.968104	5.14357	5.1255
-1.41842	0.979932	5.14292	5.12452
-1.41776	0.968762	5.14226	5.12518
-1.42269	0.960548	5.1416	5.12485
-1.4148	0.966462	5.14193	5.12419
-1.41349	0.969419	5.14193	5.12386
-1.41678	0.97139	5.14259	5.12386
-1.42269	0.969419	5.14292	5.12616
-1.41185	0.976647	5.14357	5.1278
-1.40758	0.985517	5.14522	5.12846
-1.40133	0.995373	5.14752	5.12813
-1.40462	0.98486	5.1485	5.12682
-1.39509	0.993731	5.14916	5.12649
-1.40396	0.990117	5.14785	5.12583
-1.40429	0.994059	5.14489	5.12583
-1.39082	0.999973	5.14259	5.12485
-1.38524	1.00424	5.14193	5.12452
-1.38885	0.999316	5.14095	5.12419
-1.39148	0.997345	5.14259	5.12583
-1.39509	1.0003	5.14456	5.12748
-1.39082	0.997673	5.14456	5.12748
-1.39115	0.99603	5.14226	5.12649
-1.38984	0.998659	5.14127	5.12583
-1.39509	0.99833	5.14029	5.12583
-1.39411	0.994716	5.14127	5.12649
-1.38721	1.00457	5.14259	5.12583
-1.38589	1.00194	5.1439	5.12583
-1.39148	0.995702	5.14522	5.12649
-1.38392	1.00293	5.1439	5.12583
-1.37998	1.00819	5.1416	5.1255
-1.37571	1.01279	5.14029	5.12748
-1.36848	1.02856	5.14127	5.12846
-1.37144	1.0302	5.14423	5.12912
-1.37505	1.03118	5.14686	5.12813
-1.38228	1.01771	5.14752	5.12583
-1.37801	1.01936	5.14653	5.12288
-1.38622	1.00687	5.14292	5.12419
-1.38951	1.00194	5.14062	5.12649
-1.38918	1.00654	5.1416	5.1278
-1.38819	1.00687	5.14292	5.12846
-1.38556	1.01279	5.14423	5.12682
-1.39279	1.00194	5.14587	5.12452
-1.38885	1.0095	5.14522	5.12386
-1.39345	1.00687	5.1439	5.12353
-1.40166	1.00227	5.14456	5.12452
-1.39903	1.00293	5.14555	5.12452
-1.40166	1.00392	5.14522	5.12419
-1.40988	0.995373	5.1439	5.12419
-1.41382	0.986831	5.14259	5.12386
-1.4171	0.979932	5.14226	5.12288
-1.4217	0.976647	5.14127	5.12255
-1.4309	0.976318	5.1416	5.12518
-1.43682	0.964162	5.14226	5.12682
-1.43649	0.965148	5.14357	5.12715
-1.43813	0.957591	5.14555	5.12485
-1.44142	0.947406	5.14653	5.12353
-1.44864	0.938864	5.14555	5.12452
-1.45916	0.933608	5.14489	5.12452
-1.46671	0.929665	5.14325	5.12485
-1.47788	0.90831	5.14357	5.12485
-1.48577	0.90141	5.14456	5.12353
-1.48281	0.905682	5.14456	5.1232
-1.4838	0.91061	5.14292	5.12386
-1.48938	0.898782	5.14127	5.12386
-1.49464	0.886298	5.13996	5.12485
-1.49497	0.881041	5.14062	5.12452
-1.49727	0.875127	5.14062	5.12518
-1.50482	0.865599	5.1393	5.12386
-1.50252	0.867899	5.13996	5.1232
-1.5091	0.86987	5.14193	5.12386
-1.51041	0.8587	5.14357	5.12649
-1.51172	0.8564	5.1439	5.12977
-1.51698	0.851801	5.14226	5.1301
-1.51961	0.848844	5.14127	5.1278
-1.51468	0.8564	5.1416	5.12649
-1.51599	0.848187	5.1439	5.12386
-1.51829	0.844901	5.14292	5.1232
-1.51041	0.852458	5.13865	5.12452
-1.50384	0.860671	5.13832	5.12616
-1.51238	0.850815	5.1416	5.12879
-1.5137	0.845887	5.1439	5.12748
-1.51764	0.833402	5.1439	5.12386
-1.52158	0.830446	5.1439	5.12452
-1.51862	0.833402	5.1439	5.12616
-1.51862	0.838331	5.14489	5.12583
-1.52355	0.833402	5.14587	5.12518
-1.52421	0.831431	5.14555	5.12583
-1.52289	0.828146	5.14456	5.1255
-1.52421	0.823546	5.14259	5.12452
-1.53012	0.812376	5.1416	5.12518
-1.52322	0.821246	5.14095	5.12616
-1.52421	0.817632	5.14095	5.12715
-1.53176	0.803505	5.1416	5.12813
-1.52881	0.805476	5.14325	5.12649
-1.53012	0.793977	5.14522	5.12353
-1.52618	0.808105	5.14522	5.12288
-1.52947	0.794634	5.14456	5.1232
-1.53045	0.803505	5.1439	5.12419
-1.52947	0.801534	5.14193	5.12452
-1.53866	0.785435	5.14357	5.12419
-1.54031	0.787407	5.14555	5.12452
-1.54458	0.784121	5.14686	5.1255
-1.54294	0.786421	5.14555	5.12518
-1.54064	0.789378	5.14555	5.12616
-1.54129	0.792663	5.14456	5.12813
-1.55148	0.791349	5.14423	5.12748
-1.561	0.780507	5.1439	5.12616
-1.55411	0.78215	5.14325	5.12452
-1.55739	0.791021	5.14325	5.12386
-1.54786	0.790363	5.14587	5.12353
-1.55476	0.781821	5.14489	5.12386
-1.54852	0.784778	5.14325	5.12386
-1.54753	0.786421	5.14062	5.12616
-1.54096	0.795949	5.13996	5.12846
-1.53472	0.802848	5.14325	5.12945
-1.53144	0.807448	5.14522	5.12813
-1.53045	0.80909	5.14522	5.12583
-1.53735	0.810076	5.1439	5.12419
-1.53374	0.804162	5.14292	5.12386
-1.52848	0.807448	5.14357	5.12485
-1.52158	0.814018	5.14193	5.12583
-1.52191	0.814347	5.14292	5.12649
-1.51665	0.827489	5.14193	5.12715
-1.51238	0.82946	5.1416	5.12715
-1.50384	0.840302	5.14127	5.12879
-1.48971	0.851801	5.14193	5.1278
-1.48741	0.853115	5.14325	5.1278
-1.48413	0.853115	5.14325	5.12682
-1.48248	0.852786	5.14357	5.12649
-1.4769	0.850158	5.1439	5.12649
-1.46441	0.861	5.14587	5.1255
-1.46507	0.859686	5.14489	5.12288
-1.46211	0.862643	5.1416	5.12485
-1.44864	0.87217	5.14095	5.12748
-1.44273	0.880055	5.1439	5.1278
-1.4355	0.884326	5.1462	5.12583
-1.43583	0.884983	5.1462	5.12353
-1.43419	0.89024	5.14555	5.12419
-1.42302	0.902396	5.14325	5.1255
-1.41875	0.895168	5.14095	5.12649
-1.424	0.886298	5.14259	5.12682
-1.42269	0.888597	5.14423	5.12682
-1.41875	0.889912	5.14489	5.12715
-1.41218	0.888926	5.14489	5.12715
-1.41152	0.889583	5.14456	5.12682
-1.40561	0.898125	5.14226	5.12715
-1.41546	0.889583	5.14127	5.12813
-1.40856	0.903053	5.13897	5.12945
-1.39772	0.91061	5.14029	5.12846
-1.39345	0.918166	5.14259	5.12682
-1.39378	0.916523	5.14522	5.12649
-1.39673	0.918823	5.14555	5.12813
-1.39542	0.920794	5.14423	5.12813
-1.40265	0.925065	5.14259	5.12748
-1.39936	0.926708	5.1416	5.12682
-1.4079	0.92178	5.14193	5.12616
-1.40298	0.932293	5.14325	5.12682
-1.39706	0.938536	5.14489	5.1255
-1.38326	0.95102	5.14489	5.1255
-1.38589	0.952006	5.14325	5.1255
-1.39378	0.947078	5.14226	5.12518
-1.38655	0.953977	5.14259	5.12452
-1.39279	0.955291	5.14259	5.12353
-1.39903	0.948392	5.14325	5.12222
-1.38786	0.958577	5.1416	5.12222
-1.38622	0.952334	5.1393	5.12419
-1.39476	0.948392	5.13865	5.12649
-1.39969	0.948063	5.13897	5.12813
-1.40495	0.949049	5.13963	5.12813
-1.40528	0.939193	5.14226	5.12682
-1.40856	0.937879	5.1439	5.12518
-1.40692	0.941493	5.14522	5.12583
-1.40429	0.936564	5.14587	5.12583
-1.40396	0.939521	5.14653	5.12649
-1.39903	0.944778	5.14587	5.1278
-1.40758	0.949049	5.14522	5.1278
-1.42203	0.93525	5.1439	5.12813
-1.42729	0.93525	5.14357	5.1278
-1.4401	0.920137	5.14489	5.12748
-1.44799	0.90831	5.14456	5.12715
-1.44897	0.917838	5.14357	5.12748
-1.44043	0.917509	5.1439	5.12485
-1.4378	0.918823	5.14522	5.12353
-1.43649	0.912581	5.14587	5.12288
-1.44076	0.906339	5.14489	5.12353
-1.44339	0.906996	5.14193	5.12583
-1.44733	0.898125	5.13996	5.12748
-1.44799	0.899768	5.13963	5.12912
-1.45226	0.898454	5.13996	5.12977
-1.44996	0.901739	5.14127	5.12879
-1.45521	0.895825	5.14193	5.12583
-1.46146	0.887612	5.14292	5.12616
-1.47066	0.889254	5.14292	5.12649
-1.4677	0.900753	5.14226	5.12715
-1.47263	0.900753	5.1416	5.1278
-1.47263	0.900096	5.14325	5.12715
-1.47394	0.895168	5.14259	5.12485
-1.47394	0.903382	5.1416	5.12353
-1.47788	0.892868	5.1416	5.12353
-1.47591	0.893854	5.14226	5.12419
-1.48051	0.891883	5.14456	5.12452
-1.4792	0.892868	5.14456	5.12452
-1.48445	0.886626	5.14489	5.12518
-1.49004	0.882684	5.14456	5.12518
-1.49004	0.884983	5.14456	5.12386
-1.49957	0.876441	5.14555	5.12485
-1.50647	0.873813	5.14555	5.12649
-1.5114	0.870199	5.14423	5.12715
-1.51665	0.864285	5.14357	5.12912
-1.51862	0.858043	5.14193	5.12813
-1.52519	0.853443	5.14292	5.12682
-1.52257	0.856729	5.1439	5.1255
-1.52454	0.849501	5.14456	5.12485
-1.51829	0.8564	5.1439	5.12616
-1.51534	0.855743	5.14226	5.1255
-1.51599	0.854429	5.1416	5.12485
-1.51402	0.853443	5.14325	5.12419
-1.51829	0.852129	5.14522	5.12386
-1.52257	0.847858	5.14555	5.12485
-1.52454	0.849172	5.14456	5.12452
-1.53012	0.835045	5.14357	5.1255
-1.52585	0.841616	5.14423	5.12715
-1.52848	0.839973	5.14325	5.12813
-1.52158	0.844573	5.14456	5.12616
-1.53209	0.83176	5.14456	5.12649
-1.52717	0.84063	5.14456	5.12452
-1.51961	0.852786	5.14325	5.12353
-1.51764	0.850815	5.14325	5.12452
-1.51797	0.853115	5.14226	5.1255
-1.5068	0.864614	5.1416	5.12682
-1.50384	0.862314	5.14259	5.12583
-1.50088	0.871842	5.14292	5.12518
-1.5022	0.863957	5.14423	5.12616
-1.50055	0.872499	5.14226	5.12748
-1.51074	0.861986	5.14127	5.12748
-1.50811	0.860343	5.14259	5.1255
-1.50055	0.868885	5.14522	5.12485
-1.49628	0.875456	5.14653	5.12452
-1.49595	0.883012	5.14456	5.12518
-1.49201	0.887283	5.14292	5.12583
-1.4953	0.888597	5.14259	5.1255
-1.4976	0.888597	5.1416	5.12682
-1.4976	0.887283	5.13996	5.12649
-1.48873	0.895825	5.13963	5.12485
-1.4792	0.909295	5.14029	5.12419
-1.47131	0.913567	5.14095	5.1255
-1.45751	0.92638	5.14259	5.12682
-1.45291	0.929994	5.14357	5.12748
-1.44766	0.937879	5.14357	5.12616
-1.4447	0.944121	5.14259	5.12353
-1.44306	0.945764	5.14226	5.12353
-1.43353	0.95792	5.14325	5.12485
-1.43287	0.957591	5.14522	5.12452
-1.42959	0.967776	5.14325	5.1255
-1.4286	0.969419	5.14127	5.12649
-1.4355	0.967447	5.13996	5.12682
-1.43649	0.95792	5.1416	5.12518
-1.43912	0.963176	5.14423	5.12353
-1.42433	0.970076	5.14555	5.1232
-1.41678	0.97139	5.14489	5.12583
-1.41053	0.974018	5.14226	5.12715
-1.41053	0.96909	5.13996	5.12846
-1.41579	0.968104	5.1393	5.12879
-1.42433	0.96449	5.14029	5.12715
-1.42926	0.963505	5.14226	5.12649
-1.43715	0.954306	5.14456	5.12616
-1.43747	0.940507	5.14489	5.12518
-1.43123	0.948063	5.14292	5.12616
-1.42729	0.954963	5.14127	5.12682
-1.42795	0.950035	5.14193	5.12616
-1.43616	0.940178	5.14423	5.1255
-1.44306	0.934922	5.14653	5.12485
-1.44733	0.923094	5.14719	5.1255
-1.44503	0.927694	5.14587	5.12616
-1.43583	0.937222	5.14325	5.12715
-1.44142	0.929337	5.14292	5.12682
-1.44043	0.917838	5.14226	5.12748
-1.43846	0.925065	5.1416	5.1255
-1.42729	0.938864	5.14325	5.12386
-1.424	0.947735	5.14653	5.12518
-1.43123	0.938864	5.14555	5.12518
-1.4263	0.948392	5.14456	5.12518
-1.42565	0.951349	5.14193	5.12715
-1.4217	0.952334	5.14226	5.12715
-1.41908	0.956605	5.14292	5.12583
-1.4148	0.962848	5.14325	5.12419
-1.41218	0.965805	5.14095	5.12222
-1.41415	0.964819	5.13897	5.12386
-1.40429	0.963505	5.13799	5.12682
-1.40363	0.961862	5.13799	5.12846
-1.40101	0.967119	5.13996	5.1278
-1.40068	0.961862	5.14292	5.12813
-1.39739	0.954306	5.14423	5.12846
-1.40002	0.942478	5.1439	5.12715
-1.40396	0.93755	5.14226	5.12616
-1.40232	0.939193	5.1416	5.12485
-1.40298	0.936893	5.14193	5.12419
-1.39476	0.946749	5.14259	5.12485
-1.39509	0.949049	5.14062	5.12452
-1.39181	0.953649	5.14029	5.12518
-1.38458	0.958905	5.1416	5.12748
-1.38622	0.955948	5.1416	5.12846
-1.38064	0.957591	5.14127	5.13142
-1.37571	0.95562	5.1416	5.13109
-1.36552	0.959234	5.14292	5.12977
-1.36585	0.957591	5.14489	5.12583
-1.3583	0.963505	5.14423	5.12353
-1.35534	0.977304	5.14325	5.12255
-1.35731	0.974347	5.14259	5.12583
-1.35698	0.975661	5.14226	5.12912
-1.35402	0.957591	5.14226	5.12846
-1.35895	0.959234	5.14292	5.12485
-1.35632	0.97369	5.14292	5.12156
-1.34877	0.975004	5.14259	5.12222
-1.35074	0.963176	5.14292	5.12452
-1.34581	0.978618	5.14193	5.1255
-1.3537	0.978289	5.13996	5.12452
-1.34581	0.994388	5.14193	5.12386
-1.3468	0.991759	5.1439	5.12222
-1.34351	0.995702	5.14423	5.12255
-1.34023	0.986174	5.1439	5.12485
-1.33333	0.992745	5.14226	5.12616
-1.34121	0.995045	5.14029	5.1255
-1.34023	0.999644	5.13963	5.12616
-1.35041	0.993402	5.14357	5.12583
-1.36355	0.997673	5.14719	5.12419
-1.37669	0.984203	5.14752	5.12386
-1.37374	0.985846	5.14653	5.12452
-1.37768	0.983874	5.1439	5.12452
-1.38129	0.982232	5.14127	5.12518
-1.39739	0.977961	5.1393	5.12715
-1.40298	0.975332	5.14127	5.12682
-1.40396	0.963176	5.14357	5.1255
-1.41382	0.948063	5.14456	5.12386
-1.42236	0.929994	5.14456	5.12419
-1.42532	0.930651	5.14423	5.12649
-1.42663	0.927037	5.14292	5.12813
-1.43386	0.914881	5.1439	5.12879
-1.44634	0.898782	5.1462	5.12945
-1.45554	0.882684	5.14719	5.12616
-1.45456	0.887283	5.14587	5.12353
-1.45062	0.888597	5.14423	5.12255
-1.44634	0.896154	5.14423	5.12419
-1.44372	0.896811	5.14653	5.12813
-1.44437	0.899768	5.14555	5.12945
-1.45062	0.893197	5.14292	5.12748
-1.44864	0.889583	5.14292	5.12583
-1.4539	0.890569	5.14325	5.12452
-1.4516	0.88794	5.1439	5.12485
-1.44207	0.895168	5.14357	5.12518
-1.44766	0.885312	5.14259	5.12649
-1.4516	0.883012	5.14226	5.12715
-1.45324	0.865928	5.14357	5.12616
-1.46376	0.852786	5.14522	5.12419
-1.46211	0.853443	5.1462	5.12255
-1.44536	0.865928	5.14587	5.12288
-1.44273	0.870199	5.1462	5.12518
-1.4424	0.873484	5.14456	5.12682
-1.43682	0.885969	5.14522	5.12649
-1.43025	0.885969	5.14653	5.1278
-1.43057	0.889254	5.14752	5.12616
-1.43255	0.894511	5.14653	5.1255
-1.4217	0.891226	5.14325	5.12616
-1.42105	0.891883	5.14127	5.12649
-1.42006	0.883998	5.14325	5.12748
-1.42269	0.885969	5.14489	5.12583
-1.42302	0.893197	5.14555	5.12485
-1.42795	0.890569	5.14489	5.12485
-1.42565	0.894183	5.14456	5.12419
-1.42138	0.907324	5.14357	5.12419
-1.42663	0.897797	5.1462	5.12452
-1.42138	0.906996	5.14785	5.12485
-1.41678	0.919152	5.14653	5.12386
-1.41579	0.926051	5.14555	5.12386
-1.4125	0.925723	5.14423	5.1232
-1.41546	0.919152	5.14226	5.1255
-1.41185	0.917838	5.1416	5.12748
-1.40823	0.916852	5.13996	5.12715
-1.41579	0.914881	5.14062	5.12715
-1.40758	0.91718	5.14095	5.12649
-1.39936	0.926708	5.1439	5.1255
-1.40462	0.916523	5.14555	5.1255
-1.41053	0.914552	5.14555	5.12518
-1.40725	0.916523	5.14325	5.12583
-1.41546	0.913567	5.14325	5.12748
-1.42335	0.908638	5.14456	5.1278
-1.42302	0.913238	5.14587	5.1255
-1.42762	0.908638	5.14522	5.12583
-1.42499	0.915209	5.14456	5.12452
-1.42959	0.912252	5.1462	5.1255
-1.44109	0.90371	5.14456	5.12649
-1.43419	0.91061	5.1439	5.12649
-1.4378	0.916852	5.14489	5.12616
-1.44174	0.916523	5.14587	5.12518
-1.43912	0.912252	5.14587	5.12452
-1.43025	0.915209	5.14555	5.12189
-1.43583	0.904696	5.14325	5.12255
-1.4424	0.913238	5.14062	5.12452
-1.44733	0.915866	5.14029	5.12419
-1.43944	0.92408	5.14193	5.12485
-1.43813	0.932293	5.14292	5.1255
-1.42926	0.937222	5.14489	5.12518
-1.43156	0.934922	5.14587	5.1255
-1.42367	0.934922	5.14555	5.12518
-1.4171	0.940507	5.14292	5.12288
-1.41612	0.944121	5.14193	5.12353
-1.40856	0.951349	5.1416	5.12485
-1.40856	0.952334	5.14193	5.12715
-1.39772	0.958905	5.1416	5.12813
-1.39213	0.964162	5.1416	5.12682
-1.37735	0.979275	5.14127	5.12649
-1.37604	0.977632	5.14226	5.12715
-1.36979	0.993731	5.14292	5.12748
-1.36717	0.995373	5.14259	5.12649
-1.36585	0.98026	5.14259	5.12485
-1.35961	0.982889	5.14259	5.12419
-1.34811	0.98256	5.14226	5.1255
-1.33957	0.980918	5.14095	5.12813
-1.33431	0.995045	5.14095	5.12945
-1.33365	0.990445	5.14193	5.12748
-1.33694	0.989788	5.1416	5.1255
-1.3215	1.0118	5.14062	5.12583
-1.3146	1.02691	5.1416	5.1278
-1.30836	1.03644	5.14193	5.12682
-1.31033	1.02691	5.14259	5.12419
-1.30606	1.03414	5.14193	5.12189
-1.29752	1.05188	5.14226	5.12288
-1.28667	1.06765	5.14259	5.12485
-1.28437	1.07127	5.14292	5.12518
-1.28404	1.07652	5.14325	5.12616
-1.27452	1.09164	5.14226	5.12682
-1.28175	1.09426	5.14095	5.12945
-1.28667	1.09361	5.14062	5.13109
-1.28109	1.09262	5.14226	5.12912
-1.2847	1.09065	5.14259	5.12813
-1.2985	1.07882	5.14325	5.12912
-1.3054	1.07718	5.14423	5.12846
-1.3169	1.06897	5.1439	5.12682
-1.3215	1.07028	5.14325	5.12616
-1.33234	1.05977	5.1416	5.12485
-1.33563	1.06108	5.14259	5.12419
-1.33464	1.0624	5.1439	5.12583
-1.34285	1.05418	5.1439	5.12518
-1.35435	1.04006	5.14292	5.12353
-1.36322	1.03053	5.1416	5.12255
-1.36618	1.02856	5.14062	5.12452
-1.37407	1.01311	5.13897	5.12682
-1.38195	1.00359	5.14029	5.12748
-1.37472	1.00917	5.14259	5.12583
-1.38458	0.996359	5.14587	5.12452
-1.39443	0.988145	5.1462	5.12518
-1.4102	0.975004	5.14423	5.12583
-1.41776	0.971061	5.1416	5.12682
-1.42926	0.962191	5.14062	5.12682
-1.43682	0.953649	5.14127	5.12583
-1.4401	0.947735	5.14259	5.12485
-1.43977	0.949706	5.14259	5.12288
-1.44733	0.947735	5.14259	5.12156
-1.4493	0.954963	5.14127	5.12025
-1.45324	0.953977	5.13996	5.12156
-1.45324	0.95102	5.13897	5.12682
-1.46507	0.932293	5.1416	5.12912
-1.46409	0.931308	5.1439	5.12879
-1.46409	0.921123	5.14555	5.12682
-1.47131	0.918823	5.14489	5.12649
-1.46967	0.916195	5.14325	5.12649
-1.4654	0.913895	5.1439	5.12748
-1.46606	0.901082	5.14456	5.12879
-1.4654	0.897139	5.14587	5.12748
-1.47197	0.889583	5.1462	5.12616
-1.48018	0.880712	5.14522	5.1255
-1.4815	0.876113	5.1439	5.12485
-1.4792	0.884326	5.14259	5.12518
-1.47986	0.882355	5.14226	5.1255
-1.48708	0.879727	5.14095	5.12583
-1.48511	0.878084	5.14292	5.1255
-1.48708	0.880712	5.14555	5.12616
-1.48544	0.877098	5.14423	5.12583
-1.48051	0.879727	5.14127	5.1255
-1.48314	0.873484	5.14127	5.12518
-1.47986	0.876441	5.14193	5.12583
-1.48183	0.874142	5.14325	5.12616
-1.48971	0.864942	5.14423	5.12682
-1.4861	0.87447	5.14653	5.12583
-1.48478	0.869542	5.14653	5.12419
-1.4907	0.860014	5.14456	5.12353
-1.48774	0.867242	5.14193	5.12386
-1.49234	0.864285	5.1393	5.12518
-1.49497	0.862643	5.14062	5.12485
-1.49431	0.854101	5.14357	5.12419
-1.49365	0.851144	5.14653	5.12255
-1.4976	0.847858	5.14587	5.12189
-1.50351	0.84293	5.14489	5.12222
-1.51567	0.834388	5.1439	5.12353
-1.51074	0.842273	5.14259	5.12518
-1.50614	0.836688	5.14193	5.12649
-1.52224	0.828146	5.14193	5.12748
-1.52815	0.825846	5.1439	5.12616
-1.53045	0.813033	5.1439	5.12452
-1.52979	0.81599	5.14292	5.1255
-1.53111	0.825189	5.14357	5.12616
-1.53341	0.826832	5.14423	5.12583
-1.53209	0.832417	5.14522	5.12715
-1.52684	0.834059	5.14686	5.1255
-1.52618	0.836688	5.14719	5.12485
-1.52552	0.84063	5.14456	5.12583
-1.52749	0.844573	5.1393	5.12616
-1.52585	0.858043	5.13832	5.1255
-1.51665	0.877755	5.13963	5.12616
-1.51435	0.883669	5.14193	5.12485
-1.51534	0.879727	5.14292	5.1232
-1.51698	0.873156	5.14259	5.12222
-1.50975	0.878413	5.1416	5.12452
-1.51468	0.862971	5.14062	5.12715
-1.51172	0.857057	5.13996	5.12616
-1.50515	0.861	5.14226	5.12518
-1.50515	0.860343	5.14423	5.1255
-1.5114	0.857057	5.14423	5.12583
-1.50778	0.860343	5.14423	5.12452
-1.49957	0.871842	5.14357	5.12616
-1.50088	0.883012	5.14259	5.1278
-1.49825	0.891554	5.14062	5.12748
-1.49661	0.891883	5.14292	5.12649
-1.49661	0.900425	5.14653	5.12715
-1.50285	0.896482	5.14653	5.1278
-1.49168	0.902068	5.14456	5.12813
-1.48971	0.907324	5.14259	5.12945
-1.48084	0.91061	5.14029	5.12846
-1.48216	0.913238	5.13996	5.12649
-1.4746	0.906996	5.14127	5.1255
-1.4631	0.915866	5.14325	5.1255
-1.45226	0.922109	5.1439	5.12583
-1.45127	0.917509	5.14226	5.12452
-1.43485	0.934265	5.14127	5.12419
-1.42696	0.931965	5.14226	5.12583
-1.4309	0.929994	5.14127	5.12846
-1.42532	0.930651	5.14292	5.12945
-1.42893	0.920794	5.14423	5.1278
-1.42696	0.926708	5.14423	5.12518
-1.42499	0.94215	5.14193	5.12485
-1.42992	0.944121	5.14226	5.12748
-1.42597	0.945107	5.14325	5.12813
-1.42893	0.943792	5.14489	5.1278
-1.424	0.957263	5.14489	5.12682
-1.42236	0.965805	5.14522	5.12616
-1.4171	0.965476	5.1439	5.12649
-1.40988	0.968433	5.14095	5.12583
-1.40528	0.971718	5.14095	5.12649
-1.39871	0.982232	5.14357	5.12649
-1.40593	0.977632	5.1462	5.12682
-1.40593	0.985517	5.1462	5.12583
-1.39411	0.994388	5.14489	5.12583
-1.38688	1.00359	5.14259	5.12748
-1.40133	1.0026	5.1393	5.1278
-1.39739	1.00687	5.13832	5.12748
-1.38918	1.01246	5.14029	5.12715
-1.39509	1.00917	5.14226	5.12649
-1.39706	1.0141	5.14489	5.12616
-1.39871	1.01509	5.14489	5.12682
-1.39706	1.01311	5.14259	5.12846
-1.38951	1.02527	5.1416	5.12945
-1.38031	1.03447	5.14095	5.12846
-1.38261	1.03316	5.14259	5.12649
-1.37932	1.03776	5.14259	5.12518
-1.37735	1.04235	5.14325	5.12518
-1.37407	1.04038	5.14423	5.12419
-1.36848	1.04137	5.14292	5.12452
-1.37177	1.04268	5.1416	5.12518
-1.37636	1.03874	5.14226	5.12518
-1.37801	1.04071	5.14193	5.1255
-1.36782	1.05254	5.14062	5.12452
-1.37801	1.04531	5.1416	5.12518
-1.38359	1.03513	5.14325	5.12485
-1.38458	1.02987	5.14456	5.12518
-1.38261	1.03151	5.14489	5.12583
-1.38195	1.03053	5.14292	5.1278
-1.38589	1.02921	5.14259	5.12813
-1.38195	1.03874	5.14456	5.12715
-1.37965	1.03546	5.14587	5.12583
-1.37045	1.03513	5.14489	5.12583
-1.37242	1.03151	5.14259	5.12386
-1.37505	1.02954	5.14325	5.12255
-1.37407	1.02691	5.14456	5.1232
-1.37768	1.01936	5.14522	5.12288
-1.37899	1.0256	5.14423	5.1232
-1.38326	1.02231	5.14193	5.1255
-1.37768	1.0233	5.14226	5.12682
-1.37538	1.03151	5.1416	5.12748
-1.37834	1.02856	5.1416	5.12682
-1.37866	1.01311	5.14193	5.12419
-1.37768	1.01213	5.14325	5.12189
-1.38524	1.00457	5.14423	5.12123
-1.39641	0.994716	5.14456	5.12189
-1.40101	0.997345	5.1439	5.12123
-1.39509	1.0072	5.14226	5.12156
-1.40035	1.00457	5.14127	5.12452
-1.4079	0.998659	5.14259	5.12682
-1.40101	0.995045	5.14325	5.12649
-1.39608	0.998987	5.14325	5.12518
-1.40068	0.989131	5.14292	5.12583
-1.40035	0.995045	5.1416	5.12518
-1.39739	0.995045	5.14029	5.1255
-1.39772	0.991431	5.13865	5.12715
-1.40659	0.979932	5.13963	5.1278
-1.41218	0.976975	5.14357	5.12879
-1.41053	0.986831	5.14587	5.12846
-1.41119	0.978289	5.14555	5.12715
-1.4194	0.966462	5.14522	5.12583
-1.4217	0.958905	5.14522	5.12485
-1.43386	0.947735	5.14456	5.12485
-1.44174	0.940835	5.14292	5.1255
-1.44273	0.946749	5.14325	5.12518
-1.43813	0.953977	5.14226	5.12583
-1.44142	0.941821	5.14292	5.12583
-1.43944	0.940835	5.14292	5.12682
-1.4493	0.938536	5.14456	5.12715
-1.45817	0.929994	5.14555	5.12879
-1.46244	0.928351	5.14555	5.12748
-1.46606	0.928679	5.14555	5.1255
-1.47558	0.910281	5.14489	5.1255
-1.47328	0.919809	5.14489	5.12583
-1.48708	0.90141	5.1439	5.12518
-1.49037	0.899111	5.14325	5.12452
-1.49234	0.896482	5.14325	5.12485
-1.49497	0.897468	5.1439	5.12649
-1.50285	0.891883	5.14292	5.12616
-1.50614	0.885312	5.14292	5.1255
-1.51107	0.87447	5.14127	5.12288
-1.51501	0.86987	5.14226	5.12288
-1.51599	0.867571	5.14357	5.12386
-1.52618	0.854429	5.14489	5.12353
-1.52519	0.853115	5.14522	5.12452
-1.52519	0.856072	5.14489	5.12518
-1.52454	0.852458	5.14456	5.12583
-1.52289	0.8587	5.14456	5.12518
-1.51632	0.868228	5.14193	5.12583
-1.52027	0.86987	5.1416	5.12583
-1.51862	0.874799	5.14456	5.12485
-1.51501	0.876113	5.14686	5.12518
-1.51041	0.875456	5.14719	5.12485
-1.51468	0.862314	5.14555	5.12353
-1.50482	0.870199	5.14292	5.12288
-1.49793	0.87217	5.14029	5.12452
-1.49398	0.881041	5.13897	5.12649
-1.48511	0.894183	5.1393	5.12715
-1.47558	0.910281	5.14193	5.12945
-1.46376	0.920466	5.14423	5.12977
-1.45817	0.925723	5.14489	5.12616
-1.45062	0.931308	5.1439	5.12452
-1.44963	0.93525	5.14292	5.1255
-1.44372	0.944121	5.14292	5.12748
-1.43189	0.954634	5.14292	5.12813
-1.42926	0.958577	5.14423	5.12616
-1.43057	0.954963	5.14423	5.12419
-1.43485	0.945107	5.14357	5.12452
-1.44043	0.942478	5.14259	5.1255
-1.43649	0.943792	5.14325	5.12649
-1.43287	0.946749	5.14555	5.12813
-1.43715	0.937879	5.14719	5.12748
-1.43353	0.932293	5.14587	5.12616
-1.43255	0.929337	5.14357	5.12485
-1.4378	0.93295	5.14226	5.1255
-1.43879	0.928679	5.14357	5.12715
-1.42959	0.936893	5.14456	5.12879
-1.42302	0.946421	5.14456	5.12813
-1.4332	0.940178	5.14456	5.12616
-1.43813	0.940835	5.1439	5.12583
-1.43912	0.947735	5.14292	5.12419
-1.44404	0.941164	5.14095	5.12353
-1.4447	0.944449	5.1416	5.12353
-1.44733	0.94215	5.14226	5.12222
-1.44043	0.949049	5.14456	5.12452
-1.44832	0.944121	5.14653	5.12682
-1.45357	0.939521	5.14719	5.1278
-1.45456	0.948392	5.14522	5.12583
-1.45981	0.947406	5.14357	5.1255
-1.45916	0.956277	5.14292	5.12682
-1.46277	0.942807	5.14259	5.12813
-1.46671	0.93755	5.14292	5.12977
-1.47066	0.932293	5.14357	5.12945
-1.46967	0.936236	5.14489	5.1278
-1.47197	0.93755	5.14423	5.12682
-1.47657	0.936564	5.14193	5.12682
-1.47493	0.938536	5.14029	5.1278
-1.4769	0.940507	5.13996	5.12649
-1.47427	0.943135	5.14226	5.12616
-1.46639	0.947078	5.14423	5.12715
-1.4608	0.952334	5.14489	5.12616
-1.46014	0.952663	5.14587	5.12452
-1.46047	0.949706	5.14456	5.12419
-1.45554	0.954963	5.14423	5.12518
-1.45226	0.95562	5.14193	5.12419
-1.45094	0.945435	5.14259	5.12222
-1.44306	0.941821	5.1439	5.1232
-1.4424	0.943135	5.14522	5.12485
-1.43386	0.947078	5.14489	5.12583
-1.43583	0.949049	5.1439	5.12715
-1.42992	0.957263	5.14226	5.12419
-1.42072	0.96449	5.14095	5.1232
-1.41218	0.968762	5.14226	5.12353
-1.40823	0.963176	5.14522	5.12452
-1.40626	0.971718	5.1462	5.12616
-1.41086	0.960877	5.14587	5.12583
-1.40199	0.966462	5.14357	5.12748
-1.40725	0.961534	5.14226	5.12879
-1.4125	0.95332	5.14325	5.12748
-1.41349	0.951677	5.14587	5.12583
-1.41546	0.947406	5.14653	5.12353
-1.41185	0.943792	5.14489	5.12222
-1.40922	0.947406	5.14325	5.12485
-1.41513	0.946421	5.14226	5.12715
-1.41513	0.955291	5.1439	5.12616
-1.4217	0.948063	5.14423	5.12419
-1.41809	0.93525	5.14555	5.12353
-1.41743	0.934265	5.14653	5.12353
-1.41875	0.933279	5.14587	5.12386
-1.41119	0.934265	5.14325	5.12518
-1.40922	0.930651	5.14127	5.12353
-1.41119	0.929008	5.14193	5.12255
-1.4079	0.941821	5.14555	5.12288
-1.4148	0.930651	5.14686	5.1232
-1.40692	0.938864	5.14752	5.12419
-1.40725	0.937222	5.14653	5.12518
-1.40988	0.93985	5.14555	5.12518
-1.40758	0.953649	5.14423	5.1255
-1.41612	0.941493	5.14456	5.12583
-1.4148	0.943135	5.14456	5.12419
-1.42006	0.951677	5.14456	5.1232
-1.42729	0.948392	5.14423	5.12485
-1.43189	0.944121	5.14357	5.12518
-1.43649	0.945107	5.14127	5.12649
-1.44043	0.933608	5.14029	5.12583
-1.43747	0.938207	5.14259	5.12583
-1.43353	0.933608	5.14423	5.1255
-1.42893	0.929665	5.14522	5.12419
-1.43879	0.921452	5.14522	5.1232
-1.4332	0.918166	5.14456	5.12583
-1.43255	0.921452	5.14423	5.12813
-1.43255	0.928679	5.14423	5.12879
-1.42565	0.938536	5.14325	5.12846
-1.41908	0.942478	5.14555	5.12649
-1.41776	0.95102	5.14555	5.12452
-1.41842	0.956277	5.14489	5.12386
-1.41743	0.959562	5.14325	5.1255
-1.40561	0.962848	5.14193	5.12583
-1.41809	0.948063	5.14062	5.12616
-1.4263	0.93755	5.13963	5.12518
-1.42138	0.949049	5.13963	5.1232
-1.43123	0.936236	5.14193	5.12189
-1.42926	0.934593	5.14259	5.12255
-1.42959	0.931636	5.14193	5.12419
-1.43386	0.927694	5.14095	5.12682
-1.43583	0.923094	5.14062	5.12846
-1.43287	0.925394	5.14292	5.12879
-1.43944	0.920137	5.14423	5.12945
-1.44372	0.916852	5.14522	5.1278
-1.4539	0.906667	5.14456	5.12748
-1.45521	0.895168	5.1439	5.12846
-1.45193	0.896154	5.14456	5.12945
-1.45751	0.894511	5.14357	5.12945
-1.46639	0.89024	5.1416	5.12813
-1.47394	0.868556	5.14127	5.12649
-1.4815	0.861986	5.14292	5.12616
-1.47756	0.854101	5.14489	5.12715
-1.4815	0.844244	5.14325	5.1278
-1.48807	0.843587	5.14226	5.12649
-1.48905	0.846216	5.14522	5.12649
-1.4976	0.827817	5.14719	5.12682
-1.49825	0.832088	5.14587	5.12715
-1.49595	0.837016	5.14292	5.12649
-1.49497	0.846544	5.14226	5.12715
-1.50055	0.838002	5.14193	5.12715
-1.5114	0.825189	5.14259	5.12682
-1.51501	0.82946	5.14292	5.12452
-1.51534	0.832417	5.14259	5.12353
-1.5114	0.830446	5.14259	5.12419
-1.51534	0.829131	5.14292	5.12583
-1.52158	0.827489	5.14193	5.12748
-1.53242	0.819604	5.14062	5.1278
-1.52749	0.830117	5.14095	5.12715
-1.52618	0.837016	5.14259	5.12748
-1.52585	0.838659	5.14357	5.12715
-1.52979	0.82946	5.14423	5.12682
-1.52717	0.82486	5.14489	5.12813
-1.52684	0.82716	5.14587	5.12977
-1.52585	0.837345	5.14752	5.13076
-1.51994	0.844573	5.14752	5.12912
-1.51797	0.843259	5.14423	5.12715
-1.51665	0.84753	5.14292	5.12682
-1.51402	0.848515	5.14423	5.12485
-1.51599	0.842602	5.14456	5.12255
-1.51402	0.84063	5.14555	5.12255
-1.51501	0.845558	5.14522	5.12353
-1.51797	0.843916	5.14489	5.1232
-1.51665	0.841616	5.1439	5.12255
-1.51961	0.841616	5.14259	5.12288
-1.51337	0.846216	5.14325	5.1232
-1.50877	0.850815	5.1439	5.12419
-1.50022	0.851472	5.14292	5.12616
-1.49333	0.854758	5.14193	5.12945
-1.493	0.853115	5.1416	5.13109
-1.49234	0.857386	5.14292	5.12813
-1.493	0.860343	5.14489	5.12518
-1.4884	0.8633	5.14456	5.12518
-1.48577	0.866914	5.14325	5.12748
-1.4746	0.880055	5.14226	5.12813
-1.46901	0.889583	5.14226	5.12682
-1.46901	0.894511	5.14292	5.12715
-1.46836	0.893854	5.1439	5.12682
-1.46277	0.895825	5.14423	5.12452
-1.4516	0.901739	5.14325	5.12353
-1.447	0.906996	5.1416	5.12452
-1.4447	0.897468	5.14095	5.12649
-1.4447	0.89024	5.1416	5.12912
-1.43977	0.893854	5.14292	5.12879
-1.42926	0.898782	5.14423	5.12912
-1.41908	0.906339	5.1439	5.12879
-1.41382	0.910281	5.14357	5.12846
-1.40528	0.921123	5.14292	5.12748
-1.40101	0.927365	5.14292	5.12518
-1.40462	0.926051	5.14357	5.12353
-1.39608	0.921452	5.1439	5.12386
-1.39115	0.938536	5.14357	5.12518
-1.38655	0.944449	5.14292	5.1255
-1.38524	0.956277	5.14193	5.12616
-1.38786	0.957263	5.14029	5.12616
-1.38754	0.957263	5.14029	5.12682
-1.38392	0.959234	5.14062	5.12682
-1.38195	0.956934	5.14095	5.12616
-1.38819	0.959891	5.14127	5.12715
-1.39082	0.954306	5.14259	5.12846
-1.38918	0.962191	5.14226	5.12846
-1.38852	0.958905	5.14259	5.12813
-1.38261	0.958905	5.14456	5.12715
-1.38524	0.965476	5.1462	5.12649
-1.38524	0.960548	5.14719	5.12485
-1.37374	0.967776	5.14653	5.12616
-1.37439	0.976647	5.14587	5.12649
-1.38064	0.976647	5.14325	5.12715
-1.38162	0.978618	5.14127	5.12912
-1.39115	0.979275	5.14029	5.12748
-1.39706	0.983217	5.14193	5.12485
-1.39476	0.986174	5.14522	5.12255
-1.40035	0.982232	5.14719	5.12255
-1.40298	0.978618	5.14653	5.12485
-1.39805	0.975989	5.14489	5.12945
-1.39936	0.976975	5.14423	5.13043
-1.40495	0.962519	5.1439	5.12977
-1.40692	0.963176	5.14456	5.12879
-1.40889	0.965476	5.14522	5.1278
-1.41579	0.948392	5.14555	5.12649
-1.41678	0.948063	5.14423	5.12682
-1.42105	0.93985	5.14193	5.12649
-1.42597	0.931636	5.14357	5.12616
-1.42893	0.916195	5.14522	5.12813
-1.43485	0.910938	5.14587	5.12715
-1.44306	0.906339	5.1439	5.1255
-1.44339	0.895168	5.14127	5.12518
-1.45226	0.884326	5.1416	5.12485
-1.44897	0.871513	5.14456	5.12583
-1.45456	0.860343	5.14423	5.12813
-1.45883	0.859357	5.14193	5.12879
-1.46211	0.862971	5.1416	5.12715
-1.46343	0.866585	5.14522	5.12419
-1.46671	0.852786	5.1485	5.12288
-1.46901	0.8564	5.14817	5.12419
-1.46836	0.855743	5.14423	5.12616
-1.47	0.862971	5.14029	5.1278
-1.47493	0.864942	5.1416	5.12879
-1.46113	0.872499	5.1439	5.12715
-1.46376	0.867571	5.14456	5.12485
-1.46639	0.869542	5.14522	5.12485
-1.47394	0.860671	5.14555	5.12485
-1.47558	0.863628	5.14456	5.12616
-1.48117	0.860671	5.1439	5.12715
-1.47821	0.863628	5.1439	5.12748
-1.48117	0.857714	5.14423	5.12748
-1.48774	0.852129	5.14423	5.12846
-1.48413	0.860014	5.14325	5.12879
-1.49201	0.848844	5.1416	5.12682
-1.48807	0.848187	5.13996	5.12386
-1.48084	0.861328	5.13897	5.12222
-1.48478	0.859686	5.14062	5.12452
-1.47887	0.861657	5.14259	5.12879
-1.47296	0.866257	5.14423	5.12813
-1.48281	0.851801	5.14292	5.12616
-1.48248	0.8564	5.14029	5.1255
-1.4884	0.851144	5.1393	5.1255
-1.49628	0.856072	5.13996	5.12485
-1.4953	0.850815	5.14095	5.12452
-1.49333	0.851144	5.14029	5.12452
-1.50187	0.838659	5.1416	5.12616
-1.50614	0.838988	5.14357	5.1278
-1.50712	0.84293	5.14423	5.12649
-1.50778	0.84063	5.14325	5.12649
-1.50811	0.841944	5.14259	5.12649
-1.50351	0.844244	5.14292	5.12583
-1.50088	0.848187	5.14423	5.12485
-1.4976	0.855415	5.14423	5.1255
-1.49694	0.862971	5.14325	5.12518
-1.49825	0.865928	5.14259	5.12616
-1.49858	0.858372	5.14127	5.12616
-1.4999	0.865599	5.14193	5.12616
-1.50252	0.859686	5.14259	5.1255
-1.51107	0.851801	5.14259	5.12485
-1.51665	0.845887	5.14062	5.12386
-1.5045	0.858043	5.14029	5.12452
-1.50614	0.851144	5.13996	5.12518
-1.50942	0.844573	5.14062	5.12485
-1.5022	0.859686	5.14325	5.12518
-1.5114	0.847858	5.14357	5.1255
-1.51074	0.850158	5.14325	5.12518
-1.5022	0.855415	5.14259	5.12649
-1.50548	0.851801	5.14259	5.12583
-1.50778	0.850158	5.14292	5.12485
-1.50778	0.856072	5.14325	5.12518
-1.50877	0.850815	5.14456	5.12518
-1.51238	0.841944	5.14489	5.12518
-1.51632	0.839973	5.14259	5.12419
-1.50975	0.846216	5.1416	5.12189
-1.51172	0.837673	5.14193	5.12189
-1.51402	0.823875	5.14127	5.12353
-1.50384	0.838002	5.1416	5.1255
-1.51205	0.827489	5.14259	5.12583
-1.51928	0.823218	5.14292	5.12583
-1.52749	0.814018	5.14423	5.12518
-1.52519	0.811062	5.14423	5.12813
-1.52585	0.821903	5.14259	5.12813
-1.52158	0.823218	5.14095	5.12682
-1.51829	0.831431	5.14259	5.12583
-1.51731	0.840302	5.14522	5.12419
-1.51895	0.838331	5.14522	5.12386
-1.51501	0.838331	5.14489	5.1255
-1.5137	0.838331	5.14127	5.12748
-1.51107	0.833402	5.1393	5.12813
-1.5114	0.833402	5.14029	5.1301
-1.50351	0.835702	5.14259	5.12879
-1.50417	0.822889	5.14325	5.1278
-1.4953	0.836031	5.14489	5.12649
-1.48938	0.84753	5.14423	5.12353
-1.49168	0.84523	5.14423	5.12156
-1.49333	0.848515	5.1439	5.12518
-1.49825	0.843916	5.14423	5.12813
-1.49793	0.84523	5.14456	5.12879
-1.49431	0.850158	5.1439	5.12912
-1.49234	0.849172	5.14193	5.1278
-1.48675	0.8564	5.14029	5.12715
-1.48873	0.862314	5.14095	5.1278
-1.48643	0.851801	5.14193	5.12649
-1.4792	0.860343	5.1439	5.12616
-1.47723	0.87447	5.14522	5.1255
-1.48511	0.861986	5.14555	5.12353
-1.48117	0.874799	5.14456	5.12255
-1.46606	0.894511	5.14423	5.12518
-1.46047	0.897797	5.1439	5.12879
-1.47066	0.88794	5.14292	5.12879
-1.47197	0.88564	5.14357	5.12682
-1.46967	0.891554	5.14456	5.12419
-1.46573	0.888926	5.14489	5.12255
-1.45062	0.906996	5.14555	5.12452
-1.4516	0.907324	5.14489	5.12748
-1.44864	0.909624	5.1439	5.12846
-1.45127	0.905682	5.14292	5.12748
-1.44963	0.913895	5.14325	5.12518
-1.45062	0.907653	5.14456	5.12419
-1.4332	0.920137	5.14489	5.12386
-1.42696	0.933936	5.1439	5.12419
-1.42039	0.941821	5.14292	5.12583
-1.424	0.945764	5.13996	5.12748
-1.41908	0.949706	5.13996	5.12748
-1.41678	0.945107	5.14029	5.12813
-1.40593	0.958905	5.13963	5.12846
-1.39411	0.971718	5.14127	5.12813
-1.39673	0.974018	5.14127	5.12715
-1.39246	0.973033	5.14292	5.12583
-1.38852	0.986503	5.14292	5.12485
-1.39411	0.984203	5.14292	5.12518
-1.39312	0.980589	5.14292	5.12616
-1.38688	0.986831	5.14325	5.12649
-1.39608	0.979932	5.14292	5.1278
-1.39509	0.979932	5.14325	5.12682
-1.40101	0.981903	5.14193	5.1255
-1.39378	0.982232	5.1416	5.12616
-1.39016	0.98026	5.14127	5.1278
-1.38359	0.997016	5.14226	5.12846
-1.38228	0.993402	5.1439	5.12813
-1.38261	0.999973	5.14357	5.12682
-1.38261	0.989788	5.14325	5.12386
-1.38688	0.988803	5.14259	5.12452
-1.38984	0.997016	5.14226	5.12452
-1.38786	0.995045	5.14357	5.12353
-1.38261	1.00096	5.14259	5.12518
-1.39016	0.992745	5.14226	5.12649
-1.39443	0.98716	5.14259	5.1255
-1.39246	0.980918	5.14259	5.12485
-1.38918	0.982232	5.14292	5.1255
-1.40363	0.968762	5.14357	5.12682
-1.40199	0.97139	5.14423	5.12682
-1.40396	0.966133	5.14522	5.12682
-1.41546	0.962519	5.14423	5.12583
-1.41185	0.964819	5.1439	5.12616
-1.41349	0.969747	5.14522	5.12452
-1.41086	0.962191	5.14456	5.12518
-1.40922	0.959891	5.14325	5.12583
-1.41513	0.952334	5.14357	5.12682
-1.41579	0.949378	5.1439	5.12616
-1.41119	0.958905	5.14423	5.1255
-1.41743	0.957263	5.14522	5.12353
-1.42302	0.957263	5.14587	5.12452
-1.43287	0.952992	5.14587	5.12419
-1.43222	0.953649	5.14653	5.12485
-1.43649	0.950363	5.14719	5.12715
-1.44174	0.950035	5.14522	5.1278
-1.44536	0.946749	5.1439	5.12748
-1.43944	0.949049	5.14456	5.12583
-1.4516	0.93755	5.14555	5.12583
-1.45817	0.925723	5.14555	5.1255
-1.45489	0.935579	5.14489	5.12583
-1.45554	0.936893	5.14522	5.12748
-1.4539	0.937222	5.1462	5.12715
-1.45784	0.935579	5.1462	5.1255
-1.44996	0.942478	5.14456	5.1255
-1.45554	0.947078	5.14357	5.12616
-1.45719	0.939521	5.14423	5.12977
-1.45423	0.938536	5.14522	5.13076
-1.4562	0.939193	5.14423	5.12945
-1.46179	0.933279	5.1439	5.12682
-1.44996	0.938864	5.14456	5.12518
-1.44996	0.933608	5.14325	5.1255
-1.45357	0.938207	5.14259	5.12583
-1.45981	0.929337	5.14193	5.12649
-1.45981	0.925065	5.14292	5.1255
-1.46507	0.915866	5.14259	5.1255
-1.47263	0.90601	5.1416	5.12518
-1.47328	0.900425	5.14062	5.12518
-1.47	0.911267	5.13996	5.12649
-1.4769	0.908638	5.14062	5.12748
-1.47723	0.913567	5.14292	5.12813
-1.48018	0.912581	5.14587	5.12715
-1.48183	0.900425	5.14686	5.12649
-1.48347	0.88794	5.14653	5.12616
-1.48511	0.882355	5.14555	5.12419
-1.48741	0.87447	5.14522	5.12353
-1.49825	0.858043	5.14325	5.12649
-1.49694	0.844573	5.14259	5.12846
-1.50088	0.837016	5.1439	5.12748
-1.50745	0.828803	5.14587	5.12682
-1.51074	0.830774	5.14587	5.1278
-1.51402	0.820589	5.14555	5.12846
-1.51402	0.823875	5.14522	5.12912
-1.51041	0.827817	5.14423	5.12977
-1.50778	0.825189	5.14259	5.12748
-1.52092	0.818289	5.14325	5.12682
-1.51435	0.82716	5.14522	5.1255
-1.51402	0.82946	5.14423	5.12386
-1.50975	0.82716	5.14226	5.12419
-1.50942	0.835045	5.14029	5.1232
-1.51271	0.835045	5.13865	5.12353
-1.50877	0.851801	5.13996	5.1255
-1.51008	0.84753	5.14456	5.12682
-1.5068	0.851801	5.14522	5.12583
-1.49464	0.870856	5.1439	5.12682
-1.49398	0.870856	5.14226	5.1278
-1.48905	0.885312	5.14193	5.12715
-1.47887	0.895168	5.14357	5.12518
-1.47427	0.910938	5.14423	5.1232
-1.47197	0.910938	5.14456	5.12288
-1.46573	0.90831	5.14555	5.12583
-1.47296	0.904367	5.14489	5.12583
-1.46671	0.897468	5.14423	5.12485
-1.46113	0.895168	5.1439	5.12649
-1.45554	0.899111	5.14357	5.12748
-1.44832	0.904696	5.14127	5.12813
-1.44503	0.914881	5.14062	5.12813
-1.44832	0.911595	5.14095	5.12682
-1.4378	0.916195	5.14095	5.12715
-1.43156	0.921452	5.14029	5.12813
-1.42827	0.912581	5.1416	5.12748
-1.41875	0.920466	5.14127	5.12616
-1.42532	0.915209	5.14127	5.12583
-1.41612	0.92178	5.14193	5.12583
-1.4171	0.913567	5.14357	5.12518
-1.41349	0.928351	5.14357	5.12452
-1.41448	0.927037	5.14226	5.12452
-1.41053	0.934593	5.1416	5.1255
-1.41415	0.941821	5.1416	5.12583
-1.41185	0.944778	5.14357	5.12583
-1.41743	0.945764	5.14456	5.12518
-1.41513	0.956277	5.14456	5.12386
-1.41218	0.958248	5.14292	5.12386
-1.40758	0.970733	5.14095	5.12649
-1.39246	0.98026	5.14062	5.12649
-1.38786	0.979603	5.1416	5.12518
-1.38589	0.983546	5.14062	5.1232
-1.37439	0.990117	5.14193	5.12353
-1.37177	0.995702	5.1439	5.12452
-1.37834	0.992745	5.1439	5.12583
-1.37899	0.991102	5.14357	5.12748
-1.37472	0.992088	5.14292	5.12748
-1.37866	0.98256	5.14259	5.12715
-1.37209	0.986831	5.14325	5.12616
-1.37045	0.997673	5.1439	5.1255
-1.36979	0.993074	5.14292	5.12518
-1.35961	0.995373	5.14226	5.1255
-1.36848	0.99833	5.14259	5.1278
-1.37439	0.999973	5.14357	5.12846
-1.37965	0.999644	5.14587	5.12682
-1.37242	0.999973	5.14456	5.12419
-1.36947	0.99603	5.14193	5.12255
-1.37407	0.990117	5.14259	5.12353
-1.36782	0.990445	5.14456	5.12485
-1.36979	0.995045	5.14489	5.12518
-1.37735	0.992745	5.14423	5.1255
-1.36881	0.993731	5.14292	5.12419
-1.36914	0.991102	5.14325	5.12452
-1.38129	0.976647	5.14489	5.1255
-1.38721	0.972704	5.14489	5.12419
-1.39049	0.971718	5.14193	5.12518
-1.39443	0.966133	5.14127	5.12616
-1.39312	0.965148	5.14062	5.12485
-1.39575	0.963833	5.14029	5.12386
-1.39673	0.966462	5.14127	5.12485
-1.40758	0.957263	5.14325	5.1255
-1.39805	0.957591	5.14292	5.12616
-1.40429	0.947406	5.14127	5.12485
-1.40889	0.938536	5.14095	5.12485
-1.41546	0.941821	5.14062	5.12649
-1.42236	0.933279	5.14292	5.12583
-1.42138	0.941821	5.14456	5.12682
-1.43189	0.934593	5.14522	5.12682
-1.4332	0.930651	5.14423	5.12715
-1.44339	0.925723	5.14193	5.12813
-1.45127	0.911924	5.14259	5.12748
-1.4493	0.919152	5.14423	5.12583
-1.45587	0.918166	5.14522	5.12715
-1.46704	0.909953	5.14357	5.12846
-1.47821	0.90141	5.14259	5.12583
-1.48544	0.893197	5.1416	5.12419
-1.49135	0.890569	5.14259	5.12255
-1.4861	0.893525	5.14292	5.12353
-1.48248	0.895168	5.14259	5.12583
-1.48216	0.895168	5.14325	5.12879
-1.48445	0.895168	5.14292	5.12715
-1.48577	0.888926	5.14259	5.12616
-1.48216	0.891226	5.1416	5.1255
-1.48216	0.894183	5.14029	5.12452
-1.47361	0.903382	5.14029	5.12386
-1.4723	0.914552	5.14226	5.12485
-1.47164	0.915538	5.1439	5.12419
-1.46901	0.925065	5.14226	5.12386
-1.47624	0.914881	5.14259	5.1255
-1.47953	0.906996	5.14292	5.12583
-1.47854	0.906996	5.14357	5.1255
-1.48544	0.903382	5.14292	5.12616
-1.48117	0.909624	5.14226	5.12649
-1.48741	0.898454	5.14259	5.12715
-1.48413	0.904367	5.1439	5.12583
-1.48938	0.906667	5.14587	5.12485
-1.49004	0.903382	5.14555	5.1255
-1.4953	0.90601	5.14292	5.12649
-1.49825	0.897139	5.14292	5.12649
-1.4953	0.893197	5.14423	5.12715
-1.49957	0.887283	5.14522	5.1278
-1.50975	0.871513	5.14522	5.12748
-1.5137	0.861	5.1439	5.1255
-1.51599	0.867242	5.14259	5.12419
-1.52257	0.858043	5.14357	5.1232
-1.52257	0.861	5.1462	5.12353
-1.51567	0.867571	5.14653	5.12386
-1.51731	0.862643	5.14489	5.12715
-1.51501	0.862314	5.14357	5.12813
-1.51829	0.860014	5.14423	5.12682
-1.52125	0.859029	5.14325	5.12682
-1.51238	0.867242	5.13996	5.12813
-1.50844	0.861986	5.13996	5.12912
-1.50417	0.870528	5.14193	5.12846
-1.50581	0.869213	5.14292	5.1278
-1.49957	0.881369	5.1439	5.12583
-1.50022	0.884655	5.14587	5.12616
-1.49825	0.885312	5.14555	5.1278
-1.49168	0.892868	5.14423	5.12682
-1.49563	0.88794	5.14456	5.12485
-1.49628	0.888597	5.14522	5.12123
-1.49103	0.900753	5.14522	5.11959
-1.50022	0.887283	5.14357	5.11959
-1.49464	0.893525	5.14095	5.11893
-1.50318	0.894511	5.1416	5.12058
-1.50187	0.888926	5.14193	5.12386
-1.50252	0.881698	5.1416	5.12518
-1.5114	0.881369	5.1416	5.12452
-1.51534	0.868556	5.14259	5.1255
-1.52224	0.865271	5.1416	5.12616
-1.52388	0.862643	5.14127	5.12583
-1.52191	0.8633	5.14062	5.12682
-1.52027	0.862971	5.14226	5.12813
-1.52322	0.861328	5.14489	5.12682
-1.52421	0.854758	5.14522	5.1255
-1.53111	0.844573	5.14555	5.12518
-1.52749	0.849829	5.14423	5.12583
-1.52487	0.845887	5.14357	5.12616
-1.52782	0.851472	5.14259	5.12748
-1.51862	0.857714	5.14292	5.1278
-1.51698	0.857386	5.14522	5.12715
-1.51468	0.861328	5.14555	5.1255
-1.51271	0.860671	5.1439	5.12353
-1.51337	0.853772	5.14226	5.12419
-1.50581	0.865928	5.14095	5.12386
-1.50778	0.869213	5.14095	5.12518
-1.50712	0.870199	5.14127	5.12616
-1.50187	0.882355	5.1416	5.12583
-1.5068	0.875456	5.14357	5.12518
-1.50811	0.875127	5.14522	5.12583
-1.50022	0.881369	5.14653	5.12583
-1.49398	0.891554	5.14653	5.12682
-1.493	0.897468	5.14292	5.12879
-1.47953	0.906667	5.14127	5.12813
-1.47394	0.916523	5.14062	5.12813
-1.47526	0.911595	5.14127	5.12518
-1.47296	0.90371	5.1416	5.12288
-1.46376	0.914552	5.14226	5.12386
-1.46113	0.916195	5.14193	5.12485
-1.46113	0.923423	5.1416	5.12616
-1.45029	0.935579	5.14226	5.12616
-1.44733	0.933608	5.14423	5.12485
-1.44076	0.941493	5.14489	5.12452
-1.43386	0.951349	5.14489	5.12419
-1.43649	0.949706	5.14489	5.12485
-1.42532	0.957591	5.14423	5.1255
-1.41973	0.965148	5.1439	5.12682
-1.41316	0.970076	5.14456	5.12649
-1.40593	0.979932	5.14489	5.12583
-1.4125	0.96449	5.14555	5.12518
-1.41349	0.961205	5.14456	5.12583
-1.39739	0.976975	5.14357	5.12616
-1.39871	0.979932	5.14292	5.12649
-1.40298	0.978618	5.14489	5.12715
-1.39049	0.988145	5.14555	5.12649
-1.39312	0.977961	5.14555	5.1255
-1.39871	0.982232	5.14719	5.12485
-1.39181	0.980589	5.14653	5.12485
-1.39016	0.98256	5.14456	5.12583
-1.38589	0.986174	5.1416	5.12583
-1.39673	0.972704	5.14062	5.12649
-1.39148	0.968433	5.14259	5.12649
-1.39608	0.96679	5.1439	5.12616
-1.39673	0.97139	5.14456	5.12649
-1.39772	0.96449	5.14489	5.1301
-1.40232	0.969419	5.14423	5.13142
-1.40232	0.968104	5.14292	5.13043
-1.38951	0.979275	5.1439	5.12682
-1.39509	0.976318	5.14456	5.1232
-1.39575	0.977304	5.14555	5.1232
-1.39181	0.983874	5.1462	5.12616
-1.39049	0.984532	5.14653	5.12616
-1.39279	0.979275	5.14587	5.12419
-1.39608	0.986174	5.14489	5.12386
-1.40166	0.994388	5.14587	5.12583
-1.40166	0.990774	5.14522	5.12879
-1.40626	0.989131	5.14653	5.12912
-1.40758	0.983874	5.1462	5.12616
-1.40823	0.970404	5.14423	5.1255
-1.40823	0.962848	5.1439	5.12682
-1.41513	0.949049	5.14489	5.12748
-1.40331	0.952334	5.14686	5.1278
-1.39903	0.954963	5.14653	5.12649
-1.39805	0.957263	5.14522	5.12485
-1.39673	0.959891	5.14489	5.12419
-1.40199	0.947735	5.1439	5.12386
-1.39213	0.953977	5.14193	5.12386
-1.39115	0.952992	5.14259	5.12485
-1.39148	0.953649	5.1439	5.1255
-1.40659	0.943135	5.14653	5.12518
-1.39772	0.953649	5.14686	5.12518
-1.39739	0.960548	5.14587	5.12452
-1.39936	0.955291	5.14292	5.1232
-1.39871	0.945107	5.14259	5.12452
-1.39345	0.95562	5.14325	5.1255
-1.38392	0.960877	5.14423	5.1255
-1.38721	0.960877	5.14555	5.12583
-1.38688	0.963176	5.1462	5.1255
-1.39345	0.949706	5.14456	5.12616
-1.39279	0.963176	5.14226	5.12715
-1.39049	0.965805	5.14259	5.12649
-1.38885	0.960877	5.1439	5.12649
-1.38491	0.967776	5.14653	5.12813
-1.39936	0.964819	5.1485	5.12846
-1.40101	0.964819	5.14752	5.12879
-1.39936	0.963833	5.14522	5.12813
-1.39805	0.965476	5.14325	5.12682
-1.39903	0.965476	5.14292	5.12518
-1.40265	0.967776	5.14489	5.12452
-1.40002	0.973033	5.14555	5.1232
-1.38786	0.981246	5.1462	5.12288
-1.38622	0.988474	5.14587	5.12353
-1.38491	0.98486	5.14522	5.12485
-1.39016	0.974675	5.14456	5.12649
-1.38721	0.977961	5.14325	5.12616
-1.39312	0.969747	5.14193	5.12386
-1.38688	0.981246	5.14423	5.12419
-1.38721	0.984532	5.1462	5.12649
-1.39049	0.990774	5.14555	5.1278
-1.39871	0.989788	5.14325	5.12748
-1.39016	0.996359	5.14127	5.12649
-1.37801	1.01246	5.13996	5.1255
-1.38655	1.01081	5.14095	5.12649
-1.38688	1.01377	5.14292	5.12616
-1.39706	1.00359	5.14357	5.12485
-1.40232	0.995702	5.14325	5.12649
-1.39739	0.998987	5.14226	5.12945
-1.39641	0.997016	5.14292	5.12912
-1.40002	0.995702	5.1439	5.12846
-1.39805	0.998659	5.14555	5.12715
-1.39739	0.996688	5.14719	5.12682
-1.39411	1.00424	5.14653	5.12715
-1.39345	1.01147	5.14423	5.12715
-1.39181	1.01509	5.14259	5.12616
-1.39345	1.01969	5.1416	5.12616
-1.40232	1.0049	5.14193	5.12583
-1.39838	1.00852	5.14226	5.12682
-1.40988	0.991759	5.14193	5.12813
-1.41119	0.979932	5.14226	5.12879
-1.40758	0.98486	5.14259	5.12846
-1.41908	0.965148	5.14259	5.1278
-1.41382	0.971718	5.14193	5.12583
-1.41645	0.966133	5.14259	5.12353
-1.41579	0.961205	5.14456	5.1232
-1.41218	0.964819	5.14817	5.12419
-1.41546	0.959234	5.15047	5.12485
-1.41152	0.961534	5.1485	5.12452
-1.41086	0.970404	5.14522	5.12485
-1.40429	0.968762	5.14325	5.1255
-1.39181	0.974018	5.14357	5.12715
-1.38228	0.976647	5.1439	5.12715
-1.37965	0.980918	5.14489	5.12452
-1.38359	0.981903	5.14357	5.12419
-1.38064	0.986831	5.14357	5.12649
-1.38589	0.979932	5.1439	5.12846
-1.38754	0.980589	5.14489	5.1301
-1.38458	0.978289	5.14423	5.12682
-1.38655	0.976975	5.14259	5.12485
-1.38359	0.982889	5.14062	5.12485
-1.38458	0.98026	5.14127	5.12616
-1.37144	0.991759	5.14095	5.12649
-1.37505	0.993731	5.14095	5.12616
-1.37242	0.998987	5.14226	5.12649
-1.37669	1.00687	5.14292	5.12715
-1.37144	1.00786	5.14292	5.12649
-1.36618	1.0095	5.14423	5.12485
-1.35862	1.00753	5.14292	5.12485
-1.35764	1.00884	5.14226	5.12518
-1.36289	1.0095	5.14292	5.12682
-1.36914	1.01509	5.14489	5.12813
-1.36289	1.02001	5.14686	5.12748
-1.36454	1.01936	5.1485	5.12748
-1.35928	1.0141	5.14719	5.12813
-1.36125	1.01114	5.14325	5.12977
-1.37374	0.993074	5.1416	5.12813
-1.37834	0.991431	5.14127	5.12682
-1.37965	0.990117	5.1416	5.12682
-1.36848	0.995702	5.14029	5.12649
-1.37045	0.998987	5.14095	5.12682
-1.37834	0.984203	5.14127	5.12649
-1.38195	0.988145	5.14226	5.12518
-1.39509	0.97139	5.14193	5.12485
-1.39575	0.967776	5.14095	5.12419
-1.40363	0.963833	5.14292	5.12485
-1.41119	0.962848	5.14456	5.12715
-1.40988	0.965805	5.14522	5.12715
-1.42532	0.952334	5.14423	5.12452
-1.42762	0.938864	5.14259	5.12353
-1.43353	0.943135	5.1416	5.12255
-1.44109	0.935907	5.14193	5.12288
-1.44733	0.924408	5.14292	5.12156
-1.45423	0.92178	5.1439	5.11959
-1.45981	0.91061	5.14456	5.1209
-1.46343	0.910281	5.14456	5.12288
-1.46179	0.916852	5.14325	5.12386
-1.46474	0.901739	5.14292	5.12518
-1.45291	0.916523	5.14226	5.12485
-1.43682	0.937879	5.1416	5.12419
-1.44306	0.936564	5.1416	5.12452
-1.45423	0.930979	5.14259	5.12518
-1.44634	0.927694	5.14292	5.12518
-1.43846	0.93525	5.14259	5.12715
-1.43682	0.939193	5.14292	5.12813
-1.43353	0.947406	5.14325	5.12616
-1.42696	0.949049	5.14193	5.1255
-1.41973	0.944778	5.14325	5.12518
-1.42039	0.945107	5.14489	5.12419
-1.424	0.950035	5.1462	5.12485
-1.42072	0.959891	5.1462	5.12682
-1.41579	0.958577	5.14555	5.12879
-1.41185	0.96679	5.14587	5.12912
-1.39969	0.969419	5.14555	5.12649
-1.39936	0.970404	5.14456	5.12288
-1.38951	0.975989	5.14292	5.12452
-1.39115	0.974675	5.14029	5.12649
-1.39115	0.976647	5.1393	5.12682
-1.40199	0.954634	5.14062	5.12715
-1.39641	0.969419	5.1416	5.12715
-1.39969	0.966133	5.14456	5.1255
-1.40331	0.962848	5.1439	5.12386
-1.39213	0.970404	5.14226	5.12353
-1.39049	0.965805	5.1416	5.12583
-1.39016	0.973361	5.14226	5.12912
-1.39213	0.967447	5.1416	5.12977
-1.38754	0.966133	5.1416	5.12846
-1.38556	0.967119	5.14259	5.12715
-1.37866	0.974018	5.14357	5.12518
-1.38458	0.963176	5.14325	5.12353
-1.38064	0.962191	5.14292	5.1255
-1.38852	0.958248	5.14226	5.12879
-1.38491	0.959891	5.14325	5.12945
-1.38852	0.959562	5.14522	5.12879
-1.39115	0.959562	5.14587	5.1255
-1.39181	0.959234	5.14653	5.1255
-1.40495	0.960877	5.14522	5.12649
-1.40068	0.969419	5.14193	5.12813
-1.41053	0.965805	5.13897	5.12879
-1.41776	0.961862	5.13832	5.12715
-1.42565	0.952006	5.13865	5.12583
-1.43747	0.945435	5.14062	5.12583
-1.43879	0.956934	5.14292	5.12485
-1.44207	0.963833	5.14456	5.12419
-1.44339	0.962848	5.14489	5.12518
-1.44602	0.96679	5.14423	5.12715
-1.43583	0.974018	5.14522	5.12748
-1.43944	0.973361	5.1462	5.12682
-1.44109	0.978289	5.14653	5.12649
-1.44273	0.979603	5.14587	5.12715
-1.44503	0.971718	5.14522	5.12748
-1.44766	0.96909	5.14522	5.12879
-1.45521	0.957591	5.1416	5.12682
-1.45653	0.957263	5.14062	5.12813
-1.45719	0.957591	5.1416	5.12649
-1.46573	0.94872	5.14259	5.12419
-1.46639	0.947406	5.14226	5.12386
-1.45751	0.950035	5.14193	5.12452
-1.45916	0.943464	5.14325	5.1255
-1.45949	0.941164	5.14489	5.12682
-1.46211	0.93985	5.14555	5.12682
-1.4608	0.943135	5.14489	5.12583
-1.45916	0.93985	5.14423	5.1232
-1.45883	0.940507	5.14456	5.12452
-1.45193	0.93985	5.1462	5.12649
-1.44667	0.940507	5.14817	5.12715
-1.45094	0.934922	5.14587	5.1278
-1.4447	0.939521	5.14357	5.12616
-1.4378	0.944449	5.14423	5.12583
-1.44536	0.941821	5.14456	5.1255
-1.43977	0.93525	5.14456	5.12386
-1.4401	0.936236	5.14226	5.12353
-1.44864	0.922109	5.14095	5.12518
-1.44766	0.916195	5.14193	5.1255
-1.44963	0.918495	5.14522	5.12386
-1.45127	0.907981	5.14653	5.12288
-1.447	0.915209	5.14686	5.12452
-1.4493	0.913895	5.14587	5.12518
-1.44897	0.912909	5.14423	5.12485
-1.44996	0.91718	5.14423	5.12583
-1.4493	0.915209	5.14456	5.12748
-1.45489	0.902725	5.14555	5.12616
-1.45456	0.899111	5.14587	5.12748
-1.4631	0.894183	5.14456	5.12977
-1.46704	0.882684	5.14226	5.12912
-1.47394	0.873813	5.14193	5.12682
-1.47953	0.871842	5.1416	5.1255
-1.47624	0.881041	5.14226	5.12682
-1.47558	0.890897	5.14259	5.12715
-1.48314	0.896811	5.14259	5.12616
-1.4838	0.906339	5.14259	5.12518
-1.4769	0.917838	5.14259	5.12616
-1.47953	0.925394	5.14226	5.12715
-1.47986	0.918166	5.14193	5.12682
-1.48413	0.904367	5.1416	5.1255
-1.48018	0.90601	5.1416	5.1255
-1.48708	0.90601	5.14193	5.12518
-1.4838	0.911924	5.14193	5.12485
-1.49267	0.892868	5.14259	5.12583
-1.4907	0.896154	5.14357	5.1255
-1.49004	0.902068	5.14423	5.12386
-1.49431	0.894183	5.14423	5.12386
-1.5022	0.886298	5.14357	5.12485
-1.49825	0.886626	5.14325	5.12616
-1.49563	0.884983	5.14259	5.12715
-1.4999	0.883998	5.14226	5.12649
-1.49628	0.883012	5.1439	5.12682
-1.4976	0.880712	5.14587	5.12616
-1.50745	0.865599	5.14653	5.12583
-1.50975	0.865928	5.14522	5.12616
-1.5045	0.873156	5.14292	5.1278
-1.50482	0.873156	5.1416	5.12846
-1.49891	0.873484	5.14095	5.12715
-1.50778	0.867899	5.14259	5.12616
-1.50811	0.863957	5.14325	5.1255
-1.50318	0.871185	5.14357	5.12616
-1.493	0.878741	5.14489	5.12518
-1.4884	0.883012	5.1462	5.12353
-1.48117	0.894183	5.1462	5.12485
-1.47723	0.895168	5.14456	5.12715
-1.47657	0.888269	5.14193	5.12748
-1.47066	0.886955	5.14259	5.12616
-1.46803	0.885969	5.14423	5.12419
-1.45521	0.90141	5.14587	5.12353
-1.43747	0.916852	5.14357	5.12452
-1.42532	0.933279	5.14226	5.1255
-1.41513	0.94215	5.14259	5.12715
-1.41973	0.944449	5.14357	5.12748
-1.41875	0.949378	5.14456	5.12649
-1.41382	0.948392	5.1439	5.12583
-1.41513	0.949378	5.14292	5.12748
-1.40988	0.952663	5.14423	5.12879
-1.41513	0.950035	5.14555	5.12813
-1.40725	0.95332	5.14555	5.12748
-1.40561	0.950692	5.14357	5.12748
-1.41546	0.943135	5.14193	5.12682
-1.42302	0.930322	5.14325	5.12616
-1.42926	0.925723	5.14423	5.12616
-1.42138	0.928351	5.14522	5.1255
-1.42138	0.931636	5.14423	5.12583
-1.42696	0.92638	5.14292	5.1278
-1.43452	0.927037	5.14325	5.1278
-1.43156	0.937222	5.14357	5.12583
-1.43189	0.953649	5.14489	5.12419
-1.43222	0.948392	5.14357	5.12419
-1.42827	0.940835	5.14127	5.12518
-1.42466	0.942478	5.13996	5.12485
-1.42926	0.928679	5.14062	5.1255
-1.44667	0.917509	5.1416	5.12583
-1.4493	0.918166	5.14292	5.12518
-1.46671	0.90371	5.14259	5.12419
-1.4723	0.90141	5.1416	5.12288
-1.47098	0.910938	5.14127	5.12255
-1.47788	0.911267	5.14259	5.12353
-1.4769	0.909624	5.14259	5.12518
-1.47394	0.916852	5.14292	5.12485
-1.47098	0.923423	5.14357	5.12485
-1.46671	0.931636	5.14522	5.12485
-1.47263	0.932293	5.14456	5.12616
-1.47493	0.928022	5.14292	5.12748
-1.47328	0.929337	5.14095	5.12649
-1.47328	0.934593	5.14095	5.1255
-1.48051	0.92638	5.14226	5.12485
-1.48445	0.927365	5.14325	5.12452
-1.48018	0.931308	5.14325	5.12616
-1.4861	0.92408	5.14456	5.12518
-1.48971	0.914881	5.14555	5.12518
-1.47854	0.926051	5.14456	5.12518
-1.4792	0.928351	5.14423	5.12518
-1.48807	0.919152	5.14555	5.12485
-1.493	0.905024	5.14587	5.12386
-1.48873	0.910281	5.14456	5.12353
-1.49135	0.916195	5.14127	5.12386
-1.48971	0.917509	5.14062	5.12419
-1.4838	0.917838	5.13996	5.12485
-1.47756	0.924408	5.13963	5.12616
-1.4769	0.916852	5.14127	5.12879
-1.47854	0.909953	5.1439	5.12945
-1.47361	0.906667	5.14555	5.12715
-1.47394	0.906996	5.14423	5.12518
-1.47427	0.895825	5.14292	5.12353
-1.48577	0.880055	5.14029	5.12419
-1.49004	0.860014	5.14127	5.12485
-1.48675	0.850815	5.14357	5.1232
-1.48643	0.850487	5.14456	5.12123
-1.47854	0.858372	5.14357	5.12222
-1.47558	0.867571	5.14357	5.1232
-1.47263	0.874142	5.14489	5.12485
-1.47361	0.872499	5.14555	5.12715
-1.47361	0.878084	5.14456	5.12813
-1.46639	0.885969	5.1439	5.12616
-1.45784	0.89484	5.14522	5.12419
-1.46211	0.898782	5.14653	5.12353
-1.47	0.88794	5.14522	5.12386
-1.47263	0.887612	5.14456	5.12583
-1.46934	0.900096	5.14259	5.12649
-1.46474	0.900096	5.14127	5.12715
-1.47526	0.898454	5.14259	5.1278
-1.4861	0.890897	5.14226	5.12616
-1.48248	0.89254	5.14226	5.12485
-1.48511	0.891226	5.14357	5.1255
-1.47624	0.896482	5.14423	5.12649
-1.47558	0.900096	5.14587	5.12682
-1.47493	0.903382	5.14653	5.12649
-1.47788	0.904039	5.14555	5.12616
-1.48051	0.907324	5.14489	5.1255
-1.48018	0.909953	5.14423	5.12583
-1.47854	0.913895	5.14423	5.12748
-1.47723	0.916195	5.14522	5.12748
-1.47756	0.915866	5.1439	5.1255
-1.47723	0.91718	5.14357	5.12353
-1.47394	0.92178	5.14423	5.12419
-1.46868	0.929008	5.14325	5.12353
-1.46573	0.93295	5.1416	5.12419
-1.4654	0.935579	5.1416	5.12715
-1.45554	0.956277	5.14193	5.1301
-1.4585	0.941164	5.14423	5.13076
-1.4562	0.939193	5.14522	5.12945
-1.4539	0.945764	5.14522	5.12583
-1.45686	0.940507	5.14456	5.12485
-1.45883	0.933279	5.14489	5.12616
-1.46507	0.928679	5.14456	5.12813
-1.46474	0.927037	5.14325	5.12682
-1.45554	0.940835	5.14226	5.12616
-1.46474	0.925723	5.14259	5.12583
-1.46967	0.915538	5.14292	5.12518
-1.47131	0.91948	5.14226	5.12616
-1.46803	0.917509	5.14062	5.12912
-1.47164	0.911267	5.1393	5.13043
-1.47558	0.904367	5.1393	5.12846
-1.47821	0.898125	5.14127	5.12616
-1.47788	0.897139	5.14259	5.12452
-1.4746	0.893525	5.14226	5.12485
-1.46901	0.897797	5.1416	5.12386
-1.46573	0.904367	5.1416	5.12419
-1.4677	0.906339	5.1416	5.12715
-1.46376	0.902396	5.14259	5.12813
-1.4608	0.902068	5.14555	5.12682
-1.46474	0.90141	5.14719	5.12616
-1.46343	0.900425	5.14719	5.12518
-1.46047	0.906996	5.14325	5.1255
-1.46146	0.922109	5.14062	5.12616
-1.4562	0.926708	5.14193	5.1255
-1.45751	0.92638	5.1439	5.12485
-1.46573	0.915209	5.14522	5.1232
-1.46376	0.915866	5.14357	5.12255
-1.45587	0.923423	5.14325	5.1232
-1.4608	0.925394	5.1416	5.12583
-1.45784	0.926708	5.14259	5.12715
-1.45456	0.933279	5.14292	5.12945
-1.44733	0.94215	5.14423	5.12912
-1.44503	0.953977	5.14423	5.1278
-1.44372	0.950692	5.14489	5.12583
-1.44109	0.960219	5.14489	5.12452
-1.44503	0.95102	5.14653	5.12583
-1.44634	0.949378	5.14752	5.12715
-1.44404	0.950363	5.14817	5.12518
-1.44339	0.956934	5.14719	5.1232
-1.43353	0.959891	5.14522	5.12353
-1.43123	0.962191	5.1439	5.12485
-1.43485	0.968104	5.14226	5.12452
-1.43353	0.966133	5.14259	5.12616
-1.4355	0.962848	5.14259	5.12715
-1.44174	0.957591	5.14357	5.12616
-1.4401	0.964162	5.14325	5.1255
-1.45094	0.952992	5.14423	5.12485
-1.44602	0.95792	5.14325	5.12255
-1.44142	0.959562	5.14259	5.12255
-1.43386	0.965148	5.14325	5.12419
-1.4401	0.956277	5.14456	5.12518
-1.43682	0.952334	5.1439	5.12715
-1.44043	0.942807	5.14226	5.1278
-1.43353	0.950363	5.14029	5.1278
-1.42532	0.95792	5.1393	5.12715
-1.42367	0.960877	5.14029	5.12583
-1.41743	0.970404	5.14095	5.12649
-1.42039	0.966133	5.1416	5.12715
-1.42433	0.959562	5.14292	5.12715
-1.41809	0.960219	5.14423	5.12682
-1.40889	0.965148	5.14423	5.12485
-1.40823	0.958248	5.14259	5.12518
-1.40659	0.956277	5.14095	5.12583
-1.41152	0.965476	5.13996	5.12616
-1.4079	0.973033	5.1416	5.1278
-1.40955	0.968762	5.14325	5.12748
-1.40331	0.972375	5.14522	5.12715
-1.39739	0.972704	5.14587	5.12649
-1.39838	0.97369	5.14555	5.12715
-1.39411	0.982889	5.14226	5.12649
-1.39115	0.993402	5.14095	5.12715
-1.39115	0.985517	5.14095	5.12748
-1.39312	0.985846	5.14193	5.12813
-1.39805	0.988145	5.14325	5.12682
-1.39739	0.98716	5.14587	5.12452
-1.39443	0.993074	5.14653	5.12419
-1.39936	0.985517	5.14456	5.12485
-1.40298	0.985517	5.14292	5.12748
-1.40232	0.979932	5.14259	5.12813
-1.39838	0.985189	5.14226	5.12649
-1.40133	0.992088	5.14095	5.12649
-1.39641	0.988803	5.14127	5.12715
-1.40462	0.975661	5.14226	5.12649
-1.40002	0.970733	5.1439	5.12583
-1.39279	0.976647	5.14522	5.1255
-1.39739	0.982889	5.14456	5.12485
-1.40265	0.977632	5.14686	5.1255
-1.41283	0.969747	5.14587	5.1255
-1.41448	0.970733	5.14292	5.12616
-1.40462	0.96909	5.14127	5.1278
-1.40101	0.967119	5.14193	5.12879
-1.40199	0.968762	5.14193	5.12682
-1.40232	0.966133	5.1416	5.12353
-1.39903	0.970733	5.14226	5.12353
-1.39509	0.976975	5.14456	5.12452
-1.39969	0.970076	5.14653	5.1255
-1.40462	0.956934	5.14522	5.12616
-1.41218	0.942478	5.14292	5.12682
-1.42236	0.93985	5.14127	5.12715
-1.41612	0.946749	5.14259	5.1278
-1.41448	0.947078	5.14456	5.12649
-1.41448	0.946749	5.14423	5.12485
-1.42696	0.939521	5.14357	5.12649
-1.424	0.944778	5.14193	5.12748
-1.42827	0.936893	5.14259	5.12846
-1.42696	0.942807	5.14423	5.12748
-1.42269	0.946749	5.14489	5.12748
-1.4263	0.943792	5.14456	5.12616
-1.42893	0.939521	5.14292	5.12485
-1.44142	0.934922	5.14226	5.12485
-1.4539	0.916195	5.14127	5.12583
-1.45324	0.912581	5.14127	5.1278
-1.44897	0.914224	5.14193	5.12912
-1.45094	0.916195	5.14357	5.12945
-1.45423	0.911267	5.14653	5.12682
-1.45751	0.907324	5.14949	5.1255
-1.4447	0.914224	5.1485	5.1255
-1.44897	0.914224	5.1439	5.12715
-1.45423	0.903053	5.1393	5.12748
-1.46474	0.883669	5.13963	5.12583
-1.47296	0.86987	5.14292	5.12419
-1.4746	0.866914	5.14555	5.12353
-1.47394	0.875784	5.14555	5.12386
-1.47394	0.870528	5.14522	5.12485
-1.4746	0.868228	5.14423	5.12748
-1.4769	0.870199	5.14325	5.12846
-1.47657	0.865928	5.14357	5.12682
-1.47788	0.868885	5.14587	5.12452
-1.48708	0.849829	5.14653	5.1232
-1.48248	0.853772	5.14522	5.12222
-1.47821	0.863957	5.14423	5.12419
-1.47788	0.8564	5.14357	5.12649
-1.48051	0.859686	5.14226	5.12715
-1.49431	0.852786	5.14226	5.12879
-1.49858	0.857057	5.14456	5.12879
-1.50318	0.849501	5.14522	5.1255
-1.5068	0.844573	5.14522	5.12419
-1.4999	0.848187	5.14522	5.12353
-1.50055	0.859686	5.14357	5.12386
-1.48741	0.870199	5.14292	5.1255
-1.4838	0.874142	5.14456	5.1255
-1.48741	0.863628	5.14653	5.1255
-1.4861	0.866585	5.1485	5.12748
-1.48643	0.869542	5.14752	5.12813
-1.48183	0.878084	5.14522	5.12813
-1.47657	0.882355	5.14456	5.12846
-1.47197	0.887612	5.14653	5.12748
-1.4746	0.88794	5.14587	5.1255
-1.47657	0.880055	5.14456	5.12419
-1.46211	0.889912	5.14489	5.12419
-1.45291	0.902396	5.14423	5.12452
-1.45653	0.900753	5.1439	5.12452
-1.4562	0.901739	5.14325	5.1232
-1.44864	0.904696	5.14259	5.12288
-1.44273	0.911924	5.14292	5.12583
-1.43649	0.915866	5.14259	5.12649
-1.42893	0.924737	5.1439	5.12649
-1.42893	0.922766	5.14423	5.12748
-1.42433	0.930651	5.14357	5.12616
-1.41842	0.940835	5.1439	5.12583
-1.42367	0.940835	5.14456	5.12682
-1.42696	0.927694	5.1439	5.1278
-1.42072	0.929337	5.14423	5.12649
-1.42072	0.930651	5.14522	5.12518
-1.41316	0.938536	5.14423	5.12518
-1.40035	0.950363	5.14259	5.12715
-1.38786	0.967447	5.14226	5.12748
-1.38622	0.97139	5.14489	5.12715
-1.38425	0.978289	5.14456	5.12649
-1.37636	0.98026	5.14292	5.12485
-1.38392	0.978946	5.14226	5.12485
-1.37472	0.985846	5.14193	5.1255
-1.36979	0.991431	5.14226	5.12813
-1.36191	0.999644	5.14292	5.12977
-1.35698	1.00457	5.1439	5.12977
-1.3583	1.00589	5.1439	5.1255
-1.35107	1.01541	5.14357	5.12386
-1.35172	1.02034	5.14292	5.1232
-1.33628	1.03217	5.1416	5.12419
-1.34844	1.02067	5.1416	5.1255
-1.3537	1.01147	5.14325	5.12715
-1.3514	1.021	5.1439	5.12682
-1.36027	1.01673	5.14456	5.12616
-1.37012	1.00589	5.14456	5.12715
-1.36158	1.01081	5.1439	5.12616
-1.36782	1.00424	5.14292	5.12485
-1.37209	1.00523	5.14193	5.12353
-1.37801	0.99603	5.14193	5.12386
-1.37801	0.997673	5.14226	5.12485
-1.37899	0.992745	5.14522	5.12583
-1.38524	0.988145	5.14653	5.12682
-1.39443	0.978946	5.14489	5.12748
-1.40199	0.97139	5.14259	5.12715
-1.40922	0.959562	5.14259	5.1255
-1.41053	0.954634	5.1439	5.1255
-1.41448	0.951349	5.14456	5.12813
-1.42105	0.944449	5.14357	5.12682
-1.42696	0.947735	5.14325	5.12583
-1.42663	0.946749	5.14292	5.1255
-1.4263	0.938864	5.14259	5.12485
-1.42565	0.94872	5.14292	5.12616
-1.43025	0.938536	5.14226	5.12583
-1.42072	0.947078	5.14029	5.12485
-1.424	0.93525	5.13897	5.12452
-1.42827	0.940507	5.14127	5.12419
-1.42532	0.945107	5.14259	5.12419
-1.4355	0.937222	5.14292	5.12518
-1.44503	0.929665	5.14193	5.12649
-1.45029	0.923094	5.14292	5.1255
-1.45324	0.914881	5.1462	5.12452
-1.46047	0.907653	5.14817	5.12419
-1.45456	0.910938	5.14817	5.1232
-1.4585	0.912252	5.14555	5.12419
-1.46277	0.908638	5.1439	5.1255
-1.46277	0.909624	5.14423	5.12386
-1.45817	0.91718	5.14456	5.12386
-1.45259	0.92178	5.14456	5.12353
-1.44897	0.922109	5.1439	5.12189
-1.44207	0.93295	5.14292	5.12156
-1.42893	0.953649	5.14292	5.12386
-1.42696	0.93985	5.14423	5.12485
-1.43616	0.920466	5.1439	5.12485
-1.43419	0.917509	5.14357	5.12485
-1.43715	0.920466	5.14292	5.12452
-1.4424	0.91948	5.14456	5.12583
-1.4378	0.927365	5.14522	5.12748
-1.43944	0.918495	5.14423	5.12748
-1.43912	0.923423	5.1439	5.12748
-1.44109	0.918495	5.14522	5.12616
-1.44667	0.919809	5.14653	5.12386
-1.4424	0.924408	5.14686	5.12288
-1.44207	0.916195	5.14555	5.12222
-1.44174	0.917838	5.14555	5.12485
-1.43944	0.915538	5.14555	5.12715
-1.44339	0.910281	5.14555	5.12748
-1.44109	0.911595	5.1439	5.12715
-1.43715	0.914552	5.14423	5.12485
-1.4378	0.903053	5.14489	5.12353
-1.44273	0.89254	5.14456	5.12419
-1.44602	0.887283	5.14193	5.1255
-1.4516	0.887283	5.14127	5.12583
-1.44897	0.883012	5.14193	5.12682
-1.4539	0.874142	5.14292	5.12748
-1.45719	0.870528	5.14489	5.12682
-1.46343	0.8633	5.1462	5.1255
-1.46047	0.868885	5.14785	5.12616
-1.46737	0.864942	5.14785	5.12748
-1.48183	0.849829	5.14456	5.1278
-1.47986	0.850815	5.14292	5.12879
-1.4792	0.851801	5.14325	5.12748
-1.48216	0.84523	5.14555	5.12419
-1.48741	0.841944	5.14653	5.12123
-1.49924	0.832417	5.14653	5.11959
-1.50614	0.833074	5.14555	5.12189
-1.51107	0.822889	5.14653	5.12583
-1.51205	0.817961	5.14522	5.12583
-1.51994	0.811062	5.14357	5.12518
-1.52388	0.81139	5.1439	5.1232
-1.52749	0.808105	5.1439	5.12518
-1.53144	0.806791	5.14423	5.12682
-1.53604	0.799234	5.14456	5.12748
-1.53899	0.793977	5.14489	5.12748
-1.53209	0.808433	5.14423	5.12813
-1.53308	0.805476	5.14587	5.12813
-1.53505	0.808433	5.14719	5.1255
-1.52848	0.815004	5.1462	5.12353
-1.52355	0.823546	5.14522	5.12386
-1.52289	0.832417	5.14423	5.12583
-1.52421	0.821903	5.14292	5.1278
-1.53111	0.818289	5.14292	5.12715
-1.53998	0.812704	5.14456	5.12518
-1.53702	0.814347	5.14587	5.12452
-1.52749	0.829788	5.14555	5.12682
-1.52717	0.837345	5.1462	5.12912
-1.51862	0.84523	5.14456	5.12977
-1.52059	0.836031	5.14325	5.12748
-1.52618	0.821575	5.14357	5.12616
-1.51895	0.829788	5.14489	5.12583
-1.52158	0.822561	5.14489	5.12583
-1.52059	0.820589	5.1439	5.12583
-1.52454	0.81369	5.14325	5.12649
-1.52881	0.801534	5.14292	5.1255
-1.52947	0.799234	5.14292	5.1232
-1.51928	0.796277	5.14325	5.12288
-1.51961	0.793649	5.14456	5.12353
-1.52191	0.787407	5.14423	5.12419
-1.51994	0.774593	5.14489	5.12485
-1.52027	0.774922	5.14456	5.12485
-1.52749	0.76638	5.14456	5.1278
-1.52092	0.777222	5.14292	5.1301
-1.51698	0.782807	5.14357	5.1278
-1.51567	0.777879	5.14423	5.12583
-1.50745	0.78215	5.14522	5.12583
-1.50745	0.787078	5.14423	5.12682
-1.50351	0.792992	5.1416	5.12813
-1.49825	0.793977	5.13897	5.1278
-1.5045	0.790692	5.14193	5.12748
-1.50187	0.797263	5.14522	5.12649
-1.49727	0.79792	5.14292	5.12485
-1.50252	0.793977	5.14226	5.1232
-1.50088	0.797591	5.14357	5.12386
-1.49694	0.805148	5.14587	5.12649
-1.49957	0.807776	5.14653	5.12945
-1.49727	0.807448	5.14587	5.12846
-1.4976	0.812047	5.14423	5.12452
-1.4999	0.811719	5.14259	5.12156
-1.49924	0.826174	5.14259	5.12288
-1.49464	0.834059	5.14325	5.12419
-1.49004	0.850158	5.14456	5.12616
-1.49398	0.842602	5.14456	5.12879
-1.49924	0.839973	5.14489	5.12846
-1.50318	0.832745	5.14489	5.1278
-1.49168	0.849501	5.14489	5.12616
-1.49497	0.838988	5.14489	5.12452
-1.49234	0.850487	5.14325	5.12386
-1.48183	0.860343	5.14259	5.12452
-1.48248	0.852458	5.14292	5.12452
-1.4884	0.856729	5.14193	5.12518
-1.49234	0.857057	5.14259	5.12649
-1.48807	0.862971	5.14325	5.12485
-1.48216	0.87677	5.14325	5.12452
-1.47723	0.891554	5.14193	5.12419
-1.4631	0.901739	5.14029	5.12386
-1.46179	0.91061	5.14095	5.12649
-1.45784	0.909624	5.14292	5.12879
-1.45751	0.904367	5.1439	5.12715
-1.44766	0.908967	5.14456	5.12288
-1.43879	0.916523	5.14456	5.12288
-1.43255	0.928022	5.14357	5.12419
-1.43222	0.925723	5.14127	5.12649
-1.42105	0.93755	5.14062	5.12583
-1.41973	0.935907	5.14325	5.12452
-1.41513	0.932622	5.14456	5.12452
-1.41612	0.93295	5.14357	5.12518
-1.40593	0.939521	5.14325	5.12452
-1.39805	0.941164	5.14357	5.12255
-1.39016	0.944449	5.14587	5.12255
-1.38655	0.944778	5.14785	5.12255
-1.38622	0.944121	5.14752	5.1232
-1.39181	0.944121	5.14522	5.12419
-1.37538	0.945107	5.14357	5.1232
-1.37604	0.944121	5.14325	5.12353
-1.36717	0.960548	5.14193	5.1255
-1.35534	0.97369	5.14193	5.12616
-1.34778	0.981246	5.1416	5.12583
-1.34548	0.98026	5.14062	5.12583
-1.34384	0.983546	5.14127	5.12583
-1.3353	0.988145	5.1416	5.12715
-1.33793	0.987817	5.14226	5.12649
-1.34712	0.988474	5.14259	5.12748
-1.36848	0.966462	5.14456	5.12912
-1.37669	0.965805	5.14686	5.12846
-1.37932	0.966133	5.1485	5.12682
-1.39378	0.952992	5.14719	5.1255
-1.40265	0.935907	5.14522	5.12485
-1.41513	0.933608	5.14292	5.12583
-1.42433	0.929337	5.13963	5.1278
-1.42827	0.925723	5.13766	5.12879
-1.42992	0.92638	5.13963	5.12912
-1.44109	0.91948	5.14127	5.12748
-1.4562	0.920466	5.14325	5.12485
-1.46146	0.918495	5.14489	5.1232
-1.47131	0.913895	5.14522	5.12485
-1.47986	0.906339	5.14325	5.12649
-1.48314	0.903382	5.13996	5.12583
-1.48281	0.906667	5.13996	5.12518
-1.49398	0.883998	5.14292	5.12452
-1.50351	0.882355	5.14489	5.12386
-1.50581	0.870199	5.14555	5.1232
-1.51665	0.866914	5.14489	5.12255
-1.52322	0.854429	5.14325	5.1255
-1.51961	0.862971	5.14259	5.1278
-1.51928	0.866257	5.14325	5.12715
-1.5114	0.872827	5.14325	5.12353
-1.51041	0.872827	5.14292	5.12123
-1.50318	0.886626	5.1416	5.12288
-1.50417	0.876441	5.14193	5.12518
-1.49924	0.886955	5.14357	5.12912
-1.50055	0.882027	5.14522	5.1278
-1.50515	0.878084	5.14522	5.12485
-1.49727	0.881369	5.14587	5.12222
-1.4999	0.879398	5.14522	5.1209
-1.49727	0.881698	5.14292	5.12288
-1.50055	0.873484	5.14292	5.1255
-1.493	0.874142	5.14325	5.12715
-1.49727	0.866585	5.14456	5.12616
-1.49365	0.860671	5.14522	5.12583
-1.48643	0.86987	5.14555	5.12649
-1.49497	0.863628	5.14456	5.12813
-1.48774	0.872499	5.14226	5.12879
-1.48577	0.871513	5.13963	5.12846
-1.48281	0.879398	5.14095	5.12748
-1.47	0.883012	5.14325	5.12452
-1.47624	0.879398	5.14423	5.12353
-1.46901	0.878084	5.14489	5.12485
-1.46277	0.891554	5.14456	5.1255
-1.45719	0.889254	5.14423	5.12583
-1.45751	0.894183	5.14325	5.12616
-1.45029	0.901739	5.14292	5.12583
-1.44503	0.902068	5.14423	5.12518
-1.43977	0.898125	5.14522	5.12485
-1.44437	0.886955	5.14555	5.12419
-1.44437	0.885969	5.14423	5.12288
-1.43944	0.889912	5.14226	5.12485
-1.43353	0.892868	5.14095	5.12748
-1.42926	0.900753	5.14259	5.12945
-1.42926	0.90141	5.14357	5.12945
-1.4378	0.898125	5.1439	5.12813
-1.4401	0.899768	5.14292	5.12649
-1.44404	0.90371	5.14193	5.12452
-1.4447	0.913895	5.14062	5.1232
-1.45291	0.906339	5.1393	5.12419
-1.4493	0.905353	5.13996	5.1255
-1.46113	0.898782	5.14357	5.12419
-1.46671	0.898125	5.14522	5.12419
-1.47197	0.888597	5.14325	5.1255
-1.47526	0.881369	5.14127	5.12682
-1.48281	0.877427	5.14127	5.12912
-1.49201	0.877427	5.1416	5.12977
-1.49398	0.879727	5.14259	5.12813
-1.50285	0.875456	5.14193	5.12452
-1.50877	0.862971	5.14259	5.12288
-1.5091	0.870199	5.14127	5.12386
-1.51829	0.851144	5.13996	5.12583
-1.51731	0.849172	5.14062	5.12485
-1.51337	0.855415	5.14193	5.12419
-1.5114	0.852786	5.14226	5.12518
-1.51797	0.839316	5.14423	5.12649
-1.52979	0.822889	5.14522	5.12813
-1.52848	0.822561	5.14423	5.12846
-1.53472	0.816647	5.14193	5.12682
-1.53768	0.819932	5.14095	5.12715
-1.53735	0.821903	5.14259	5.12485
-1.54096	0.812376	5.14357	5.12419
-1.53899	0.815661	5.14423	5.12386
-1.53636	0.819604	5.14456	5.12485
-1.52684	0.83176	5.14357	5.1255
-1.53078	0.834059	5.14259	5.12419
-1.52191	0.842273	5.14127	5.12386
-1.51402	0.839645	5.14029	5.12518
-1.50778	0.843259	5.14029	5.12616
-1.49957	0.854101	5.14127	5.12682
-1.49333	0.860671	5.14292	5.12616
-1.48938	0.861986	5.14357	5.12616
-1.48314	0.86987	5.14095	5.12682
-1.47361	0.887612	5.14193	5.12616
-1.4769	0.875456	5.1439	5.12485
-1.47526	0.880055	5.14357	5.12353
-1.47	0.882684	5.14259	5.12386
-1.46474	0.880712	5.1416	5.12649
-1.45981	0.885312	5.14226	5.12649
-1.44996	0.884655	5.14259	5.12616
-1.44897	0.892868	5.14259	5.12616
-1.43912	0.902396	5.14325	5.12682
-1.43583	0.914552	5.1439	5.12846
-1.42269	0.927037	5.14456	5.12912
-1.41448	0.933608	5.14292	5.12748
-1.40659	0.932293	5.14193	5.12649
-1.39378	0.95102	5.14423	5.12616
-1.39871	0.945107	5.14555	5.12583
-1.39246	0.945107	5.14357	5.12288
-1.38392	0.946092	5.14062	5.12222
-1.38688	0.944121	5.14193	5.12255
-1.38359	0.949378	5.14423	5.12452
-1.39016	0.954634	5.1439	5.1278
-1.38491	0.960877	5.14193	5.1301
-1.38852	0.955291	5.14193	5.12813
-1.38819	0.971718	5.14259	5.12616
-1.39378	0.95792	5.14423	5.12485
-1.39016	0.970076	5.14522	5.12452
-1.39213	0.97369	5.14555	5.1255
-1.38261	0.975004	5.14423	5.12682
-1.38359	0.978289	5.14456	5.12649
-1.38261	0.98486	5.14686	5.12616
-1.38721	0.988474	5.14752	5.12386
-1.38458	0.991102	5.14686	5.12386
-1.38162	1.00556	5.14587	5.12485
-1.39082	0.997345	5.1439	5.12616
-1.39181	0.998002	5.1416	5.12616
-1.40265	0.991759	5.14292	5.12518
-1.41448	0.985517	5.14587	5.1255
-1.4194	0.983874	5.14719	5.12452
-1.42302	0.982889	5.14719	5.12419
-1.42926	0.975989	5.1439	5.12452
-1.43156	0.971718	5.14127	5.12452
-1.43879	0.968433	5.14325	5.12485
-1.43485	0.978618	5.14522	5.12715
-1.4401	0.967119	5.14587	5.1278
-1.44273	0.965805	5.14489	5.12649
-1.43813	0.979932	5.1439	5.12419
-1.44339	0.968104	5.1439	5.1232
-1.4378	0.974675	5.14456	5.12353
-1.42959	0.976318	5.14456	5.12583
-1.44076	0.964162	5.1439	5.12748
-1.43649	0.965805	5.14555	5.12715
-1.4401	0.963176	5.14752	5.12386
-1.44569	0.954306	5.14785	5.12386
-1.44503	0.950035	5.14489	5.1255
-1.43583	0.962191	5.14226	5.12616
-1.42762	0.963505	5.14259	5.12649
-1.42827	0.962519	5.14456	5.12583
-1.42959	0.962848	5.14555	5.1255
-1.42466	0.970733	5.14522	5.12616
-1.40692	0.98716	5.14226	5.12682
-1.39641	0.99833	5.1416	5.12715
-1.39443	1.00786	5.14095	5.12813
-1.38491	1.01344	5.14062	5.12846
-1.38031	1.01607	5.13897	5.12715
-1.37374	1.0164	5.13963	5.12419
-1.36585	1.01837	5.14292	5.12386
-1.35928	1.02724	5.14489	5.12353
-1.34877	1.03283	5.14522	5.1232
-1.35271	1.03151	5.14292	5.12386
-1.35534	1.0279	5.1439	5.12419
-1.35107	1.03447	5.14423	5.1255
-1.35271	1.02626	5.14357	5.12485
-1.34778	1.02166	5.1439	5.12485
-1.35402	1.01903	5.14555	5.12682
-1.35764	1.0141	5.14555	5.12813
-1.36224	1.00293	5.14456	5.12813
-1.37144	0.996688	5.14325	5.12682
-1.38129	0.995702	5.1439	5.12682
-1.38754	1.00063	5.1439	5.12715
-1.39443	1.00129	5.14522	5.12583
-1.40068	0.995373	5.14489	5.12452
-1.40429	0.98716	5.14423	5.12583
-1.41645	0.978946	5.14325	5.12912
-1.42795	0.966133	5.14193	5.13043
-1.44306	0.951677	5.14325	5.12813
-1.45291	0.952334	5.1439	5.12518
-1.45916	0.940507	5.14489	5.1255
-1.46211	0.933279	5.14357	5.12419
-1.47361	0.920794	5.14095	5.12518
-1.4838	0.912909	5.14127	5.12649
-1.49563	0.904367	5.14029	5.12748
-1.49858	0.901082	5.14127	5.12682
-1.50417	0.894183	5.14292	5.1255
-1.50942	0.890897	5.14489	5.12452
-1.51862	0.876441	5.14456	5.12485
-1.52651	0.864285	5.14456	5.12715
-1.53604	0.848515	5.14456	5.12813
-1.53801	0.847858	5.14522	5.1278
-1.53998	0.852129	5.1462	5.12682
-1.54129	0.846216	5.14522	5.12583
-1.53932	0.848515	5.14653	5.1255
-1.54096	0.839316	5.14587	5.12485
-1.54294	0.83176	5.14587	5.12583
-1.54753	0.822232	5.14456	5.12616
-1.54326	0.828146	5.14259	5.12682
-1.54064	0.829131	5.14456	5.12748
-1.53538	0.832088	5.14653	5.12813
-1.53012	0.833402	5.14686	5.12682
-1.52684	0.837673	5.14423	5.12748
-1.51764	0.848515	5.14357	5.12813
-1.51304	0.852786	5.14357	5.12649
-1.50285	0.856729	5.14555	5.12649
-1.4999	0.866585	5.1485	5.1278
-1.49628	0.867899	5.14719	5.12846
-1.49234	0.865599	5.14456	5.12813
-1.48708	0.875456	5.14325	5.1278
-1.48281	0.875456	5.1439	5.12616
-1.47624	0.881369	5.1439	5.12485
-1.45949	0.895497	5.1439	5.12288
-1.44733	0.909624	5.14489	5.12288
-1.43977	0.920137	5.1439	5.12419
-1.43485	0.909624	5.14127	5.12616
-1.42696	0.930979	5.14193	5.12682
-1.4148	0.947078	5.14095	5.1278
-1.4125	0.948063	5.14062	5.12682
-1.40626	0.949049	5.14127	5.12649
-1.40988	0.945764	5.14292	5.12583
-1.40561	0.946749	5.1439	5.1255
-1.40429	0.95102	5.14555	5.12518
-1.39378	0.947406	5.14653	5.12583
-1.38655	0.945435	5.14587	5.12682
-1.39608	0.95102	5.14555	5.12715
-1.39608	0.941493	5.14456	5.12649
-1.40101	0.932293	5.14489	5.12485
-1.39641	0.93985	5.14522	5.12485
-1.39542	0.943135	5.14423	5.12583
-1.39936	0.941164	5.14357	5.12813
-1.39969	0.943464	5.14259	5.12813
-1.39312	0.949049	5.14193	5.12715
-1.39345	0.963505	5.14259	5.12452
-1.39772	0.96909	5.14522	5.12288
-1.41316	0.956605	5.14489	5.1232
-1.41645	0.959234	5.14423	5.12419
-1.41513	0.949706	5.14357	5.12583
-1.41119	0.949706	5.14259	5.1278
-1.41448	0.944449	5.14193	5.12616
-1.4217	0.944449	5.14292	5.12649
-1.4263	0.939193	5.1439	5.12715
-1.42565	0.947735	5.14587	5.12715
-1.43517	0.940835	5.14653	5.1255
-1.43057	0.950692	5.14522	5.12452
-1.4309	0.955291	5.14357	5.12353
-1.43452	0.962848	5.14325	5.12419
-1.44963	0.94872	5.14456	5.1255
-1.45719	0.940835	5.14357	5.12583
-1.44142	0.954963	5.14259	5.12583
-1.44864	0.952334	5.14325	5.12452
-1.44109	0.954963	5.14292	5.12353
-1.44799	0.95792	5.1439	5.12386
-1.44667	0.956277	5.14522	5.12353
-1.4447	0.95792	5.14489	5.12156
-1.44733	0.954306	5.14456	5.1209
-1.4539	0.947735	5.14292	5.12058
-1.45719	0.944121	5.14193	5.12353
-1.45127	0.952663	5.14193	5.12715
-1.45226	0.945435	5.14259	5.1278
-1.44733	0.953649	5.14325	5.12682
-1.4539	0.946421	5.14226	5.1255
-1.44109	0.957591	5.14226	5.12485
-1.43156	0.952992	5.14325	5.1255
-1.42499	0.955291	5.14522	5.12518
-1.42039	0.969419	5.1462	5.1255
-1.41546	0.978289	5.14489	5.12682
-1.41119	0.980918	5.14259	5.12649
-1.40593	0.975004	5.14127	5.1255
-1.39706	0.986831	5.14193	5.1255
-1.39213	0.979603	5.14259	5.12682
-1.38885	0.981903	5.14292	5.12879
-1.38031	0.979275	5.1439	5.1301
-1.37505	0.981903	5.14259	5.12977
-1.36158	0.992088	5.14325	5.12813
-1.35304	0.99603	5.14259	5.12715
-1.34581	0.993074	5.14292	5.12616
-1.35501	0.988474	5.14325	5.1255
-1.35402	0.999644	5.1439	5.12649
-1.35238	1.00589	5.14325	5.1278
-1.35731	1.0141	5.14226	5.12715
-1.36322	1.01344	5.14423	5.1278
-1.36749	1.01837	5.14686	5.12813
-1.36027	1.01739	5.14719	5.12813
-1.36979	1.01311	5.14325	5.12813
-1.38852	1.00753	5.13963	5.1278
-1.39476	1.00457	5.1393	5.1278
-1.39542	1.00162	5.14029	5.12649
-1.40331	1.0095	5.14423	5.12518
-1.39443	1.01016	5.1462	5.12419
-1.39542	1.00687	5.14489	5.12452
-1.40199	1.00424	5.14259	5.12616
-1.4079	1.00063	5.14259	5.12813
-1.41908	0.994059	5.14456	5.12846
-1.43386	0.979603	5.14522	5.12879
-1.43944	0.976975	5.14686	5.12682
-1.44996	0.962191	5.14587	5.12386
-1.44996	0.966133	5.14292	5.12189
-1.45291	0.965805	5.14127	5.12222
-1.4608	0.956934	5.14095	5.12616
-1.46441	0.955948	5.14095	5.12715
-1.46343	0.957591	5.14259	5.12715
-1.47263	0.944121	5.14325	5.12682
-1.47756	0.93295	5.14259	5.12583
-1.48478	0.923094	5.14095	5.12518
-1.49037	0.912581	5.13865	5.12748
-1.48905	0.907981	5.13963	5.12977
-1.48413	0.914881	5.14193	5.1301
-1.48511	0.912252	5.14357	5.12977
-1.48445	0.904696	5.14292	5.12912
-1.48544	0.911924	5.1416	5.12945
-1.47854	0.918823	5.14193	5.12682
-1.4769	0.918823	5.14095	5.12452
-1.4723	0.921123	5.14259	5.12485
-1.47033	0.926708	5.14456	5.12616
-1.46474	0.937222	5.1439	5.12616
-1.46441	0.933608	5.14127	5.12419
-1.45521	0.934593	5.14029	5.12518
-1.44569	0.954306	5.14095	5.12748
-1.43879	0.960877	5.14259	5.12846
-1.42433	0.969419	5.14357	5.12748
-1.41283	0.973361	5.14325	5.12682
-1.4102	0.975661	5.1439	5.12616
-1.39279	0.985189	5.14423	5.12616
-1.38655	0.979932	5.14423	5.12748
-1.37472	0.988145	5.14193	5.1278
-1.35468	1.00917	5.1416	5.1255
-1.34877	1.01673	5.14259	5.12189
-1.35008	1.01246	5.14292	5.12123
-1.34811	1.01114	5.14555	5.12288
-1.34187	1.01377	5.14423	5.12386
-1.33793	1.01049	5.14095	5.12222
-1.3376	1.02067	5.1393	5.12222
-1.3284	1.02297	5.14062	5.12419
-1.32676	1.02067	5.14357	5.12616
-1.33333	1.02626	5.14653	5.12485
-1.33103	1.03677	5.14587	5.12452
-1.3399	1.02626	5.14423	5.12452
-1.35205	1.02823	5.14423	5.12452
-1.35337	1.02823	5.14357	5.12485
-1.35435	1.02987	5.14522	5.12616
-1.36552	1.02987	5.14587	5.12616
-1.37604	1.02034	5.14587	5.1255
-1.38129	1.01673	5.14489	5.12485
-1.38852	1.01673	5.14423	5.12452
-1.39739	1.00786	5.14357	5.12386
-1.40659	1.00392	5.14193	5.12419
-1.41218	0.997345	5.1416	5.12386
-1.42827	0.983217	5.14062	5.12452
-1.43353	0.979932	5.14095	5.12386
-1.44273	0.967119	5.1439	5.1232
-1.4424	0.971061	5.14719	5.12386
-1.44733	0.965476	5.1462	5.12353
-1.45817	0.950363	5.14259	5.12485
-1.46179	0.952992	5.14127	5.12583
-1.4769	0.936564	5.1416	5.12748
-1.47854	0.936564	5.14325	5.12813
-1.4746	0.93755	5.14423	5.12813
-1.4838	0.922437	5.14357	5.12748
-1.48051	0.923423	5.14292	5.12715
-1.47493	0.929008	5.14292	5.12715
-1.48216	0.925723	5.14325	5.12846
-1.48314	0.928679	5.14423	5.13076
-1.4838	0.922109	5.14587	5.12977
-1.48511	0.912581	5.14686	5.12715
-1.4884	0.907653	5.14686	5.1255
-1.4953	0.904696	5.14555	5.12616
-1.49333	0.904367	5.14357	5.1255
-1.49563	0.892868	5.14226	5.12419
-1.49628	0.884983	5.1439	5.12485
-1.493	0.884983	5.14587	5.12583
-1.48905	0.886298	5.14555	5.12452
-1.48675	0.894183	5.14522	5.12419
-1.48051	0.903382	5.1439	5.1255
-1.47098	0.918823	5.14292	5.12649
-1.4677	0.91948	5.14325	5.12583
-1.45554	0.920137	5.14325	5.12386
-1.44897	0.920466	5.14226	5.12419
-1.43583	0.929008	5.14062	5.12583
-1.4309	0.928679	5.14226	5.12616
-1.41743	0.945435	5.14555	5.12649
-1.40823	0.958577	5.14653	5.12649
-1.39936	0.972047	5.14522	5.1255
-1.38458	0.986831	5.14522	5.12452
-1.37866	0.986174	5.14423	5.1232
-1.37111	0.985846	5.14226	5.12255
-1.36979	0.994388	5.14193	5.1232
-1.36848	0.992745	5.14456	5.12222
-1.35304	0.998002	5.14555	5.12386
-1.35271	0.997016	5.14686	5.12583
-1.35435	0.994716	5.14653	5.12583
-1.35435	0.994388	5.14456	5.12386
-1.33924	1.01574	5.14456	5.12518
-1.32971	1.03578	5.14522	5.12715
-1.32708	1.044	5.14456	5.12748
-1.32676	1.04006	5.14193	5.12583
-1.32741	1.0371	5.1416	5.12353
-1.32741	1.03118	5.14325	5.12156
-1.32774	1.03184	5.14226	5.12156
-1.3261	1.04071	5.14029	5.12288
-1.32938	1.03776	5.14095	5.12583
-1.32643	1.03644	5.1439	5.12715
-1.33727	1.0417	5.14522	5.12715
-1.3353	1.05221	5.14587	5.12452
-1.34121	1.0555	5.14522	5.12189
-1.34647	1.04827	5.14325	5.12255
-1.35764	1.0463	5.14193	5.1255
-1.36355	1.04038	5.14226	5.12715
-1.36191	1.03841	5.14357	5.12813
-1.36782	1.03677	5.14555	5.12813
-1.36717	1.04564	5.14653	5.12649
-1.37439	1.04301	5.14555	5.12485
-1.38195	1.03808	5.14423	5.12485
-1.38786	1.02691	5.14292	5.12682
-1.38162	1.02724	5.14095	5.12715
-1.38622	1.02461	5.14029	5.12649
-1.39476	1.01574	5.1416	5.12715
-1.39903	1.0095	5.14489	5.12682
-1.39739	1.01311	5.14489	5.1255
-1.40659	1.00194	5.14423	5.12353
-1.40889	1.0026	5.1439	5.12288
-1.42006	0.98946	5.14489	5.12386
-1.42269	0.983217	5.14555	5.1255
-1.42203	0.981575	5.14587	5.12616
-1.43057	0.974018	5.14489	5.12583
-1.42532	0.981575	5.14357	5.12616
-1.42532	0.982889	5.1416	5.12682
-1.41283	0.994388	5.14193	5.12682
-1.41119	0.993074	5.1439	5.12748
-1.4102	0.993074	5.14555	5.1255
-1.40856	0.988803	5.14653	5.12583
-1.40823	0.988803	5.14653	5.12879
-1.40331	0.998002	5.14456	5.12879
-1.40823	1.00063	5.14259	5.12715
-1.41053	0.997016	5.14193	5.1255
-1.41283	0.994059	5.14259	5.12518
-1.4102	0.991759	5.14325	5.12419
-1.41218	0.985517	5.14127	5.12288
-1.41152	0.985189	5.14193	5.1232
-1.41415	0.98716	5.14259	5.12583
-1.41316	0.979275	5.1439	5.12715
-1.4148	0.97369	5.14456	5.1255
-1.41119	0.975004	5.14489	5.12715
-1.41218	0.980589	5.14522	5.12748
-1.41579	0.971718	5.14555	5.12649
-1.41152	0.971061	5.14489	5.12485
-1.40561	0.965805	5.14456	5.12518
-1.39641	0.976647	5.14423	5.12616
-1.39213	0.987817	5.1416	5.12715
-1.38261	0.984532	5.13963	5.12682
-1.39279	0.973033	5.13996	5.12419
-1.39213	0.975661	5.14226	5.12419
-1.38359	0.986174	5.14456	5.12518
-1.38392	0.986503	5.14555	5.12518
-1.39673	0.975661	5.1439	5.1278
-1.40626	0.963833	5.14226	5.12879
-1.42696	0.952334	5.14127	5.12649
-1.42827	0.962519	5.14226	5.12452
-1.4378	0.951677	5.14292	5.1232
-1.44503	0.942478	5.14423	5.12288
-1.44832	0.940178	5.14456	5.12518
-1.45686	0.925065	5.14357	5.1255
-1.46474	0.918495	5.14325	5.1255
-1.47164	0.921123	5.14325	5.12583
-1.46934	0.92178	5.14456	5.12419
-1.4769	0.916195	5.14555	5.12452
-1.48544	0.910281	5.14555	5.12616
-1.48445	0.906996	5.14423	5.12682
-1.4838	0.908638	5.14259	5.12715
-1.48511	0.915209	5.14259	5.12813
-1.48807	0.909624	5.14357	5.12748
-1.49694	0.90141	5.14423	5.12649
-1.49103	0.905353	5.14555	5.12583
-1.49431	0.896482	5.1462	5.1255
-1.48675	0.911267	5.14423	5.1255
-1.48084	0.92178	5.1416	5.12649
-1.47263	0.93295	5.14292	5.12649
-1.4746	0.929337	5.14325	5.12682
-1.46277	0.937879	5.14522	5.12583
-1.45719	0.944121	5.14522	5.12452
-1.45423	0.947078	5.14423	5.12288
-1.4493	0.947735	5.1439	5.12419
-1.44733	0.949706	5.14226	5.12518
-1.44174	0.953977	5.14127	5.12813
-1.43583	0.95792	5.14292	5.12945
-1.42959	0.965476	5.1439	5.12879
-1.42827	0.968762	5.14423	5.12682
-1.424	0.974018	5.14456	5.1255
-1.42302	0.975989	5.14423	5.12583
-1.42367	0.966462	5.14357	5.12748
-1.41908	0.964162	5.14357	5.12813
-1.40659	0.978946	5.14292	5.12977
-1.39673	0.985517	5.14423	5.12945
-1.38228	0.98486	5.1439	5.1278
-1.38589	0.96909	5.14325	5.12715
-1.37636	0.975661	5.14226	5.1278
-1.37965	0.977961	5.14357	5.12879
-1.39049	0.966133	5.14456	5.13043
-1.38458	0.968762	5.14522	5.1301
-1.36815	0.976647	5.14292	5.12879
-1.35895	0.98716	5.14357	5.12846
-1.35501	0.999316	5.14259	5.12879
-1.34975	0.994059	5.14095	5.1278
-1.35172	0.994388	5.14193	5.12715
-1.33825	1.01344	5.14555	5.12945
-1.3261	1.0233	5.14752	5.12813
-1.3307	1.01903	5.14719	5.12583
-1.33365	1.01541	5.14489	5.12353
-1.34811	1.01673	5.14226	5.12386
-1.35238	1.02133	5.14062	5.12682
-1.35994	1.02034	5.13996	5.12813
-1.36092	1.02658	5.1393	5.12616
-1.37177	1.02494	5.1416	5.12682
-1.37735	1.02166	5.1439	5.12813
-1.38491	1.01476	5.14522	5.1278
-1.38326	1.01804	5.14555	5.12682
-1.40101	1.00523	5.14489	5.12682
-1.40331	1.0072	5.1439	5.12813
-1.40593	1.00392	5.14292	5.13076
-1.40462	1.00687	5.14193	5.12977
-1.4148	1.00457	5.1416	5.12715
-1.42269	1.00457	5.14062	5.12583
-1.42532	1.00063	5.14095	5.1255
-1.42663	0.99833	5.14127	5.12419
-1.43386	0.994388	5.14127	5.12583
-1.43419	0.998659	5.1416	5.12748
-1.43715	0.999316	5.14325	5.12583
-1.43682	1.00129	5.14325	5.12518
-1.44667	0.98946	5.14357	5.12452
-1.44667	0.983217	5.14226	5.12518
-1.45029	0.975332	5.1416	5.12616
-1.45916	0.958248	5.14127	5.12616
-1.45916	0.956934	5.14325	5.12518
-1.45883	0.952992	5.1439	5.12386
-1.45817	0.954634	5.14357	5.12485
-1.45751	0.948063	5.14325	5.1255
-1.45719	0.949706	5.14259	5.12616
-1.44996	0.960877	5.14325	5.12748
-1.44109	0.965805	5.14653	5.12879
-1.44569	0.959891	5.14817	5.12912
-1.45127	0.944121	5.14719	5.1278
-1.45193	0.935579	5.14423	5.12682
-1.44799	0.940835	5.14259	5.12748
-1.45554	0.925394	5.1416	5.12715
-1.447	0.928022	5.14029	5.12682
-1.44634	0.923751	5.14127	5.12583
-1.44667	0.919152	5.14357	5.1255
-1.44667	0.913238	5.14522	5.12682
-1.4516	0.901739	5.14325	5.12616
-1.44667	0.902725	5.14259	5.12485
-1.44273	0.911267	5.14259	5.12485
-1.43386	0.914224	5.14193	5.12682
-1.43353	0.914552	5.14226	5.12813
-1.43452	0.918495	5.14259	5.12879
-1.43353	0.904696	5.14259	5.12879
-1.42729	0.905682	5.14193	5.12616
-1.42795	0.899439	5.14325	5.1255
-1.43452	0.892868	5.14522	5.12485
-1.43682	0.880712	5.14489	5.12419
-1.42926	0.882355	5.1439	5.12452
-1.4309	0.882027	5.14423	5.12452
-1.42663	0.898125	5.14423	5.12222
-1.42827	0.899111	5.14193	5.12222
-1.42335	0.90141	5.13963	5.12222
-1.41776	0.905024	5.14029	5.12419
-1.42499	0.906996	5.14127	5.12715
-1.424	0.910938	5.14292	5.12715
-1.43025	0.909295	5.14555	5.1255
-1.42696	0.913895	5.14522	5.1232
-1.42138	0.923094	5.14456	5.12189
-1.4217	0.925723	5.14292	5.12123
-1.42597	0.925394	5.14193	5.1232
-1.43287	0.910281	5.14357	5.12419
-1.4401	0.912909	5.14522	5.12682
-1.44864	0.907981	5.14522	5.12813
-1.45883	0.899768	5.1439	5.1278
-1.47197	0.890897	5.14292	5.12912
-1.47986	0.88794	5.14325	5.1301
-1.48281	0.886626	5.14259	5.12912
-1.49563	0.87217	5.1416	5.12616
-1.50548	0.868556	5.14325	5.12518
-1.50384	0.877427	5.1462	5.12419
-1.50647	0.869213	5.14423	5.12583
-1.5091	0.878084	5.14095	5.1255
-1.50351	0.883012	5.13832	5.12616
-1.51041	0.873156	5.14095	5.12715
-1.51074	0.87677	5.14325	5.12748
-1.51107	0.874142	5.14653	5.12813
-1.50647	0.882355	5.14686	5.12682
-1.50712	0.873484	5.14456	5.12583
-1.50351	0.87677	5.14193	5.12518
-1.5068	0.883341	5.13996	5.12649
-1.50844	0.873813	5.13996	5.12682
-1.50515	0.881369	5.14127	5.12616
-1.50121	0.886955	5.14292	5.12616
-1.50318	0.883341	5.14292	5.12583
-1.49661	0.895168	5.1416	5.1255
-1.48873	0.905353	5.14095	5.12649
-1.48807	0.897797	5.14029	5.12682
-1.49103	0.899439	5.1416	5.12649
-1.48643	0.910938	5.1439	5.12813
-1.47953	0.911267	5.14785	5.12748
-1.48478	0.907324	5.14587	5.12715
-1.47493	0.913238	5.14325	5.1278
-1.47723	0.899768	5.14127	5.12748
-1.47526	0.900753	5.14193	5.12715
-1.48117	0.893854	5.14423	5.1278
-1.48577	0.870528	5.1462	5.12748
-1.48248	0.878741	5.14555	5.1255
-1.48445	0.871842	5.14489	5.12419
-1.48643	0.871185	5.14456	5.12419
-1.49333	0.864285	5.14292	5.12616
-1.4999	0.855743	5.14193	5.12813
-1.49694	0.857714	5.14193	5.12945
-1.49628	0.866585	5.14325	5.12682
-1.48708	0.870199	5.14357	5.12452
-1.4838	0.872499	5.14357	5.12386
-1.47821	0.877427	5.14292	5.12485
-1.47591	0.893854	5.14292	5.12715
-1.46967	0.903382	5.14325	5.12682
-1.46901	0.90831	5.14193	5.1278
-1.47033	0.906667	5.14226	5.12879
-1.47657	0.899111	5.14292	5.12682
-1.47526	0.89484	5.14226	5.1255
-1.47197	0.888597	5.14259	5.1255
-1.4769	0.884655	5.14292	5.1255
-1.47098	0.893197	5.14292	5.12485
-1.47	0.891554	5.14292	5.12583
-1.47526	0.888926	5.14259	5.12583
-1.48544	0.877098	5.14259	5.12485
-1.48938	0.884983	5.14259	5.12518
-1.48413	0.889254	5.14325	5.12649
-1.48905	0.897797	5.14259	5.12748
-1.48248	0.90371	5.14325	5.12715
-1.4861	0.904367	5.14325	5.1278
-1.49628	0.906339	5.14357	5.12682
-1.49431	0.906667	5.1439	5.12583
-1.49103	0.906996	5.14259	5.12583
-1.48216	0.916195	5.14127	5.12616
-1.48708	0.913238	5.1416	5.12649
-1.48445	0.909295	5.14357	5.1255
-1.49365	0.897468	5.14555	5.12682
-1.4884	0.904039	5.14653	5.12879
-1.48478	0.915209	5.14555	5.12977
-1.48643	0.915866	5.14489	5.12879
-1.48347	0.920137	5.14423	5.12715
-1.48708	0.913238	5.1439	5.12715
-1.48445	0.915209	5.14259	5.12748
-1.48117	0.916195	5.14095	5.12616
-1.47263	0.924408	5.14193	5.12419
-1.46868	0.927365	5.14357	5.12452
-1.46343	0.934922	5.14555	5.12419
-1.45751	0.942478	5.14587	5.1255
-1.44996	0.945435	5.14489	5.12715
-1.44733	0.949049	5.14259	5.12846
-1.44043	0.961205	5.14292	5.1278
-1.43025	0.961862	5.14423	5.12616
-1.43419	0.957591	5.14587	5.1255
-1.42565	0.967119	5.14292	5.12583
-1.42138	0.970404	5.1416	5.1255
-1.41645	0.976975	5.1416	5.12518
-1.41842	0.971718	5.1416	5.12485
-1.42006	0.96449	5.14226	5.12485
-1.41875	0.962191	5.13996	5.12649
-1.41349	0.974675	5.13996	5.1278
-1.41119	0.976975	5.1416	5.12977
-1.41283	0.983217	5.14226	5.12912
-1.41382	0.980918	5.14127	5.12879
-1.40495	0.980589	5.14193	5.1278
-1.41283	0.963833	5.14489	5.12518
-1.40396	0.967776	5.14522	5.12386
-1.40298	0.96909	5.14555	5.12583
-1.39871	0.98026	5.14456	5.12616
-1.39871	0.983874	5.14423	5.12649
-1.40495	0.982232	5.14489	5.1278
-1.40133	0.98716	5.14522	5.1278
-1.40002	0.990445	5.14456	5.12616
-1.40232	0.991431	5.14456	5.12452
-1.40166	1.0003	5.14292	5.12353
-1.39838	1.00359	5.14193	5.12419
-1.39969	1.00622	5.14226	5.12649
-1.40232	1.01016	5.14423	5.12846
-1.40528	1.0049	5.14587	5.12912
-1.40232	1.0164	5.14522	5.12583
-1.41152	1.00424	5.14259	5.12156
-1.40331	1.00917	5.14226	5.1209
-1.40429	1.00819	5.14193	5.12419
-1.41185	1.00293	5.1416	5.12682
-1.41185	1.01081	5.14357	5.12682
-1.41316	1.02067	5.14522	5.12682
-1.40725	1.02823	5.14555	5.12616
-1.40298	1.02494	5.14292	5.12353
-1.40133	1.02429	5.14095	5.12353
-1.40101	1.01936	5.13996	5.1255
-1.40955	1.01673	5.14029	5.12682
-1.40331	1.02363	5.14292	5.12715
-1.40823	1.02429	5.14423	5.12583
-1.41119	1.01574	5.14555	5.12518
-1.40331	1.02199	5.14555	5.12616
-1.40199	1.02658	5.14456	5.12813
-1.39706	1.0279	5.14423	5.12879
-1.39805	1.02658	5.1439	5.12912
-1.40068	1.02396	5.14325	5.12682
-1.40101	1.01443	5.1439	5.1255
-1.41283	1.00227	5.14456	5.12419
-1.41579	1.00063	5.14325	5.12386
-1.41875	0.999644	5.14193	5.12583
-1.42663	0.992088	5.14127	5.12682
-1.43485	0.985517	5.14292	5.12583
-1.43879	0.981575	5.14587	5.12583
-1.4424	0.977632	5.14587	5.12682
-1.44864	0.969419	5.14456	5.12715
-1.44602	0.969747	5.14292	5.12649
-1.44339	0.968433	5.14193	5.12649
-1.44634	0.965476	5.14062	5.12682
-1.43682	0.967119	5.1393	5.12682
-1.4378	0.963505	5.13963	5.1255
-1.43715	0.964819	5.14127	5.12419
-1.43386	0.96909	5.14423	5.12452
-1.4286	0.978618	5.14357	5.12353
-1.42959	0.967776	5.14062	5.12419
-1.42663	0.96679	5.13963	5.12583
-1.41842	0.975332	5.14095	5.12518
-1.4217	0.972375	5.14259	5.12353
-1.42795	0.959891	5.14325	5.12386
-1.42597	0.955948	5.14193	5.12419
-1.4332	0.951677	5.14127	5.12682
-1.43452	0.946092	5.14325	5.12813
-1.44043	0.946749	5.14423	5.12682
-1.44076	0.947406	5.14423	5.12518
-1.44634	0.947735	5.14292	5.12386
-1.44996	0.944778	5.14292	5.1232
-1.45062	0.934593	5.1416	5.1255
-1.44963	0.931308	5.1416	5.12649
-1.45291	0.926708	5.14193	5.12945
-1.45587	0.919152	5.14357	5.12977
-1.46179	0.914224	5.14555	5.12748
-1.47624	0.904367	5.14785	5.12452
-1.47427	0.908967	5.14785	5.12419
-1.47296	0.906339	5.1439	5.12419
-1.4792	0.90371	5.13996	5.12452
-1.4677	0.918166	5.13996	5.12583
-1.47	0.915538	5.14259	5.12583
-1.46113	0.922437	5.14292	5.12419
-1.46474	0.926708	5.14226	5.12386
-1.46737	0.922109	5.14292	5.12649
-1.46211	0.932622	5.1439	5.12748
-1.46606	0.929665	5.14259	5.1278
-1.45521	0.941164	5.14095	5.12715
-1.45259	0.947735	5.14226	5.12715
-1.45226	0.946421	5.14325	5.12715
-1.44667	0.949049	5.1439	5.1255
-1.44733	0.950035	5.14193	5.12452
-1.45916	0.933608	5.1393	5.1255
-1.46409	0.924408	5.13897	5.12715
-1.47131	0.92638	5.14095	5.12879
-1.47197	0.922766	5.14325	5.12813
-1.46146	0.938864	5.14489	5.12682
-1.46507	0.939193	5.14357	5.12912
-1.46507	0.93525	5.14357	5.12879
-1.46113	0.93985	5.14193	5.12715
-1.46146	0.941493	5.14127	5.12846
-1.45949	0.944121	5.13996	5.13109
-1.45719	0.941493	5.14029	5.13076
-1.45883	0.940507	5.1416	5.12912
-1.45719	0.933936	5.14357	5.12649
-1.45193	0.942807	5.14423	5.12583
-1.45784	0.938864	5.14555	5.12846
-1.46014	0.935907	5.14555	5.12813
-1.45489	0.941164	5.14587	5.12616
-1.45916	0.933608	5.14522	5.12748
-1.45423	0.941493	5.14423	5.12616
-1.45291	0.941821	5.14292	5.1232
-1.447	0.947078	5.14423	5.12353
-1.4401	0.961205	5.14357	5.1255
-1.43813	0.965148	5.14127	5.12748
-1.44142	0.956605	5.14029	5.12748
-1.44733	0.955948	5.14029	5.12518
-1.44602	0.956277	5.14292	5.12353
-1.44372	0.951677	5.14653	5.12419
-1.44766	0.950363	5.14719	5.12583
-1.45324	0.944449	5.1439	5.12616
-1.4401	0.960219	5.14193	5.12452
-1.43649	0.966133	5.14292	5.12189
-1.42565	0.969747	5.14423	5.12189
-1.42269	0.972704	5.14456	5.12353
-1.41973	0.975004	5.14522	5.12485
-1.42006	0.966462	5.14423	5.12518
-1.41645	0.96909	5.14325	5.1255
-1.42105	0.959891	5.1439	5.12583
-1.42795	0.956605	5.14292	5.12682
-1.43255	0.957591	5.14193	5.12583
-1.43747	0.941821	5.14226	5.1232
-1.43846	0.946749	5.14292	5.12353
-1.44634	0.935907	5.14325	5.12452
-1.44963	0.930651	5.1439	5.1255
-1.45521	0.925394	5.14423	5.12583
-1.44799	0.931308	5.14522	5.12813
-1.45751	0.921123	5.14489	5.12649
-1.45719	0.914552	5.14489	5.12485
-1.46113	0.913238	5.14522	5.12419
-1.45094	0.925394	5.14357	5.12518
-1.44536	0.928679	5.1439	5.12715
-1.4401	0.927365	5.14423	5.1278
-1.44634	0.930979	5.14325	5.12485
-1.45489	0.919152	5.14127	5.12353
-1.45193	0.927037	5.14062	5.12189
-1.44996	0.930979	5.14029	5.1209
-1.45259	0.933936	5.1416	5.12288
-1.45653	0.925394	5.14325	5.12452
-1.4516	0.932293	5.14489	5.1255
-1.43715	0.945435	5.14423	5.12616
-1.43747	0.953649	5.14325	5.12715
-1.44503	0.945435	5.14292	5.1278
-1.44437	0.948063	5.14193	5.12813
-1.43813	0.95332	5.14127	5.12715
-1.44273	0.950363	5.14193	5.12682
-1.43879	0.955948	5.14259	5.12649
-1.4355	0.954306	5.14357	5.12649
-1.43485	0.951349	5.1439	5.12682
-1.43977	0.942807	5.14423	5.12748
-1.43813	0.939521	5.14456	5.12715
-1.43649	0.942807	5.14522	5.12616
-1.4378	0.941493	5.14522	5.1278
-1.44076	0.940835	5.14555	5.12682
-1.44174	0.936236	5.14719	5.12583
-1.44536	0.930979	5.1462	5.12583
-1.44536	0.928022	5.14292	5.1255
-1.43616	0.931308	5.14062	5.1255
-1.43944	0.932293	5.1393	5.12649
-1.43715	0.934922	5.1416	5.12583
-1.44076	0.930651	5.14259	5.12485
-1.43912	0.935907	5.14259	5.12518
-1.43353	0.939193	5.14325	5.12583
-1.4194	0.945435	5.1439	5.12682
-1.42367	0.932622	5.14456	5.12748
-1.43452	0.936236	5.14489	5.12715
-1.43255	0.926051	5.1439	5.12616
-1.42795	0.91718	5.14226	5.12518
-1.43189	0.915866	5.14095	5.12419
-1.43156	0.910938	5.14127	5.12485
-1.43222	0.904696	5.14062	5.12616
-1.44339	0.895497	5.14095	5.1278
-1.45029	0.883669	5.14127	5.12715
-1.45949	0.883998	5.14226	5.12518
-1.46014	0.889912	5.14292	5.12353
-1.46113	0.895168	5.1439	5.12485
-1.46507	0.889254	5.14357	5.12682
-1.47657	0.880712	5.14259	5.12649
-1.48413	0.87447	5.14259	5.12682
-1.47986	0.884326	5.14357	5.12616
-1.4792	0.883669	5.1439	5.1255
-1.46934	0.891226	5.14193	5.12452
-1.46836	0.892868	5.14029	5.12419
-1.46737	0.898454	5.13996	5.1255
-1.46639	0.898782	5.13996	5.12715
-1.4677	0.888597	5.14226	5.12813
-1.47033	0.883998	5.14489	5.12813
-1.47854	0.875784	5.14653	5.1278
-1.47723	0.8633	5.14785	5.12583
-1.47854	0.863628	5.14686	5.12156
-1.48281	0.861328	5.1462	5.12255
-1.48314	0.861986	5.14456	5.12485
-1.48511	0.84753	5.14456	5.1278
-1.49793	0.833402	5.14423	5.12945
-1.4999	0.832417	5.14489	5.12813
-1.50614	0.82716	5.14423	5.12518
-1.5068	0.830774	5.14259	5.12419
-1.50482	0.838988	5.14226	5.12386
-1.50614	0.842273	5.14095	5.12649
-1.50647	0.838988	5.14029	5.12813
-1.50844	0.841287	5.14193	5.1278
-1.51107	0.834717	5.14325	5.12485
-1.51074	0.834059	5.1439	5.1232
-1.51698	0.82716	5.14522	5.12156
-1.51337	0.832417	5.1462	5.12288
-1.51895	0.829131	5.14357	5.12419
-1.51337	0.841944	5.14226	5.12452
-1.5137	0.834717	5.14423	5.12748
-1.51238	0.833074	5.14555	5.12977
-1.50778	0.828146	5.14456	5.12813
-1.50548	0.825517	5.14226	5.12682
-1.5045	0.828146	5.13996	5.12419
-1.50614	0.825517	5.13865	5.1232
-1.5068	0.825846	5.13897	5.12419
-1.51862	0.814676	5.14127	5.12649
-1.5091	0.828146	5.1439	5.12715
-1.51041	0.838659	5.1439	5.12583
-1.51337	0.835702	5.1439	5.1255
-1.51567	0.836688	5.14423	5.12485
-1.51928	0.832417	5.14555	5.1278
-1.51829	0.82946	5.14423	5.12945
-1.51172	0.841616	5.14226	5.12682
-1.51074	0.831431	5.14193	5.12649
-1.51205	0.816647	5.14259	5.12649
-1.50811	0.828146	5.14226	5.12682
-1.50712	0.835045	5.14226	5.12846
-1.50154	0.834059	5.14226	5.12912
-1.50745	0.830446	5.14226	5.12715
-1.50417	0.831103	5.14423	5.12583
-1.50384	0.827817	5.14719	5.12583
-1.50942	0.820918	5.14686	5.12583
-1.51041	0.818947	5.14456	5.12748
-1.51632	0.81369	5.14292	5.12879
-1.52125	0.804162	5.14555	5.12813
-1.51928	0.805476	5.14752	5.1278
-1.51862	0.810076	5.14653	5.12649
-1.50614	0.821246	5.14423	5.12518
-1.50581	0.826174	5.14292	5.1255
-1.50581	0.825189	5.14259	5.12682
-1.50417	0.824203	5.14029	5.12649
-1.50417	0.824203	5.13865	5.12715
-1.51172	0.820261	5.14029	5.12649
-1.5114	0.825189	5.14325	5.1232
-1.50384	0.833402	5.1439	5.12386
-1.48938	0.849172	5.14292	5.12518
-1.47296	0.858372	5.14193	5.12715
-1.47328	0.861657	5.14226	5.1301
-1.46441	0.871842	5.14226	5.1324
-1.46277	0.87907	5.14357	5.13142
-1.45883	0.889254	5.14587	5.12813
-1.46047	0.888926	5.14653	5.12419
-1.45554	0.892211	5.14686	5.12386
-1.46047	0.885312	5.14522	5.12583
-1.45423	0.896154	5.14259	5.12682
-1.45062	0.888269	5.1416	5.12616
-1.45521	0.884983	5.14357	5.12649
-1.45456	0.89024	5.1462	5.12583
-1.45456	0.887612	5.14522	5.12452
-1.44963	0.902068	5.14423	5.12353
-1.44897	0.913895	5.14357	5.12353
-1.45127	0.916195	5.14357	5.12715
-1.45521	0.908638	5.14357	5.12945
-1.44404	0.916852	5.14456	5.12813
-1.4447	0.919152	5.14522	5.1278
-1.44602	0.912909	5.14555	5.12649
-1.45193	0.896811	5.14292	5.12583
-1.45751	0.885312	5.14193	5.12748
-1.45981	0.874799	5.14127	5.1301
-1.45784	0.875127	5.14127	5.1301
-1.45456	0.870856	5.14259	5.12912
-1.45094	0.880712	5.1439	5.12682
-1.44832	0.882027	5.14456	5.12353
-1.4378	0.891226	5.14489	5.12288
-1.44174	0.885312	5.14456	5.12485
-1.43485	0.89254	5.14357	5.12748
-1.43715	0.898125	5.14325	5.1278
-1.43649	0.893525	5.14522	5.1255
-1.44076	0.884326	5.14456	5.12353
-1.44634	0.883669	5.14259	5.12419
-1.44864	0.87447	5.1416	5.12485
-1.44963	0.87447	5.14095	5.12583
-1.45916	0.863957	5.13996	5.12518
-1.45686	0.867899	5.14029	5.12518
-1.45587	0.873156	5.14226	5.12518
-1.46244	0.873156	5.14325	5.12452
-1.46409	0.870528	5.14587	5.12518
-1.45489	0.874799	5.14686	5.1255
-1.45489	0.87677	5.14653	5.1255
-1.4539	0.865928	5.14686	5.12419
-1.46409	0.859029	5.14686	5.12485
-1.45817	0.866257	5.1439	5.12518
-1.46606	0.864942	5.14325	5.12583
-1.46573	0.866257	5.14292	5.12715
-1.46671	0.8633	5.14325	5.12715
-1.45949	0.871842	5.14259	5.12682
-1.46343	0.876113	5.14325	5.12616
-1.45587	0.882355	5.14555	5.12715
-1.45981	0.877755	5.14719	5.12682
-1.45094	0.879727	5.14653	5.12682
-1.45324	0.875127	5.14489	5.12649
-1.45751	0.876113	5.14292	5.1255
-1.4585	0.87217	5.14095	5.1255
-1.45981	0.874142	5.14062	5.12616
-1.4631	0.878741	5.1416	5.12583
-1.45784	0.875456	5.14226	5.12452
-1.45686	0.878741	5.14357	5.12288
-1.45784	0.881698	5.14325	5.12288
-1.4654	0.877098	5.14193	5.12485
-1.46047	0.868885	5.14029	5.12452
-1.46606	0.864285	5.13996	5.12353
-1.46901	0.857057	5.14226	5.12386
-1.46639	0.850815	5.14555	5.12288
-1.46901	0.857714	5.14522	5.12255
-1.47394	0.847858	5.14357	5.12616
-1.46868	0.855415	5.14292	5.12813
-1.46606	0.858372	5.1439	5.12813
-1.4608	0.87447	5.1439	5.12748
-1.4493	0.885969	5.14555	5.12649
-1.45653	0.873813	5.14686	5.12419
-1.45686	0.863628	5.14555	5.12485
-1.45259	0.868885	5.14292	5.12452
-1.44667	0.867242	5.14095	5.12682
-1.44404	0.873813	5.14259	5.12715
-1.43944	0.882355	5.14522	5.12682
-1.44832	0.871185	5.14456	5.12616
-1.44306	0.868556	5.14325	5.12715
-1.44602	0.870528	5.14259	5.12715
-1.46507	0.861	5.14357	5.12813
-1.4769	0.853772	5.1439	5.12846
-1.47953	0.849829	5.14193	5.12748
-1.47526	0.848515	5.14259	5.12649
-1.47591	0.846544	5.14456	5.1255
-1.47	0.857714	5.14555	5.12649
-1.4746	0.858043	5.14522	5.12682
-1.47098	0.861	5.14325	5.12813
-1.47263	0.854101	5.14095	5.12715
-1.47657	0.851472	5.14029	5.12583
-1.47493	0.850815	5.13996	5.12452
-1.47953	0.846873	5.14062	5.12518
-1.47723	0.844901	5.14127	5.12682
-1.46967	0.860343	5.14193	5.12912
-1.46507	0.854101	5.14292	5.12682
-1.47131	0.852129	5.14555	5.12583
-1.46639	0.852786	5.14587	5.12518
-1.4769	0.837345	5.1439	5.12616
-1.4769	0.840302	5.14259	5.1278
-1.47723	0.84063	5.14292	5.12846
-1.48314	0.835045	5.14423	5.12813
-1.4838	0.838331	5.14522	5.12813
-1.48314	0.835374	5.14522	5.12748
-1.48807	0.827489	5.14456	5.12616
-1.49333	0.823875	5.14357	5.12616
-1.50187	0.817961	5.14292	5.12518
-1.51008	0.818618	5.14423	5.12386
-1.51665	0.812376	5.1439	5.12419
-1.51632	0.810076	5.14292	5.12452
-1.51862	0.804491	5.14193	5.12583
-1.51797	0.804491	5.1416	5.12715
-1.51698	0.812704	5.14325	5.12419
-1.51567	0.805476	5.14292	5.12288
-1.51435	0.807448	5.14292	5.12353
-1.50712	0.814676	5.14226	5.12616
-1.50154	0.820261	5.14062	5.12682
-1.50055	0.820261	5.14029	5.12682
-1.49793	0.82486	5.1439	5.12715
-1.49563	0.83176	5.14653	5.12682
-1.48971	0.836688	5.14719	5.12616
-1.4861	0.837673	5.14489	5.12616
-1.4861	0.832745	5.14292	5.12715
-1.49103	0.827489	5.1416	5.12813
-1.49004	0.831431	5.1416	5.12715
-1.48643	0.836359	5.14325	5.12518
-1.49037	0.823218	5.14555	5.12288
-1.49135	0.833402	5.14522	5.12222
-1.48281	0.838988	5.1439	5.12485
-1.48183	0.838988	5.14226	5.12649
-1.46803	0.857057	5.14095	5.12485
-1.46441	0.859029	5.14095	5.1232
-1.46737	0.857714	5.14226	5.12419
-1.47164	0.857057	5.14522	5.12485
-1.46606	0.8587	5.14587	5.12485
-1.46113	0.865599	5.14423	5.12452
-1.45784	0.865928	5.14193	5.12485
-1.45226	0.872827	5.14127	5.12715
-1.4585	0.863957	5.14259	5.1278
-1.46507	0.859686	5.14357	5.12616
-1.46507	0.867242	5.14423	5.12419
-1.45653	0.866914	5.14259	5.12452
-1.45423	0.874142	5.14193	5.12485
-1.45226	0.881369	5.14062	5.12616
-1.4631	0.87217	5.13996	5.12682
-1.46737	0.860014	5.14095	5.12452
-1.47296	0.855086	5.14226	5.12353
-1.4746	0.851472	5.14226	5.12419
-1.47394	0.844573	5.14259	5.12518
-1.47624	0.849501	5.14259	5.12846
-1.47558	0.850158	5.14357	5.12912
-1.47296	0.860343	5.14325	5.12682
-1.47493	0.861657	5.14259	5.12583
-1.46967	0.87447	5.14292	5.1255
-1.46868	0.880055	5.1439	5.12616
-1.46179	0.875127	5.1439	5.12879
-1.46146	0.884655	5.1439	5.12813
-1.46179	0.883341	5.14456	5.12715
-1.46606	0.880712	5.14587	5.1278
-1.46573	0.886626	5.14719	5.12813
-1.4746	0.882355	5.14719	5.12682
-1.47328	0.883341	5.14686	5.12649
-1.47788	0.861	5.14587	5.12583
-1.47328	0.868228	5.14456	5.12649
-1.47657	0.870199	5.14259	5.12813
-1.47164	0.88564	5.1439	5.12748
-1.46343	0.899111	5.14489	5.12616
-1.45883	0.906996	5.14555	5.12649
-1.4631	0.918495	5.14587	5.12748
-1.45883	0.92178	5.14522	5.12813
-1.46047	0.923094	5.14587	5.12813
-1.45324	0.930651	5.14456	5.12748
-1.4516	0.935579	5.14325	5.12813
-1.45587	0.91948	5.1439	5.12715
-1.45259	0.930651	5.14489	5.12419
-1.44897	0.926708	5.14357	5.12386
-1.44602	0.920137	5.1416	5.1255
-1.44109	0.919809	5.14226	5.12583
-1.44667	0.899768	5.14423	5.1255
-1.44372	0.909295	5.14489	5.1255
-1.45029	0.901082	5.14423	5.12748
-1.45653	0.89254	5.14325	5.12846
-1.4539	0.894511	5.1416	5.1278
-1.45981	0.899111	5.14226	5.12715
-1.4562	0.894511	5.14325	5.12616
-1.45324	0.890897	5.14292	5.12616
-1.45127	0.896154	5.14292	5.12682
-1.44963	0.885969	5.14357	5.12879
-1.45489	0.880055	5.1439	5.12846
-1.44766	0.882027	5.14292	5.12616
-1.44273	0.886626	5.14325	5.12452
-1.43977	0.891226	5.14259	5.12485
-1.45521	0.884326	5.14193	5.12715
-1.4631	0.877098	5.1416	5.12879
-1.4723	0.870528	5.14226	5.12715
-1.48051	0.864285	5.14325	5.12485
-1.4838	0.865599	5.1439	5.12353
-1.49563	0.863628	5.14489	5.12419
-1.493	0.867899	5.14357	5.1255
-1.49168	0.868556	5.1416	5.12583
-1.48741	0.877098	5.14127	5.12616
-1.48018	0.886298	5.14127	5.12518
-1.47098	0.891226	5.14226	5.12386
-1.4631	0.902396	5.14357	5.12156
-1.46901	0.897797	5.14259	5.12222
-1.46441	0.901082	5.14193	5.1232
-1.4723	0.89484	5.14226	5.12452
-1.4792	0.884983	5.1439	5.12715
-1.48216	0.886298	5.1439	5.12846
-1.48117	0.88794	5.14522	5.12748
-1.4861	0.896482	5.1439	5.1255
-1.49004	0.89254	5.14127	5.12583
-1.49464	0.882355	5.14193	5.12649
-1.50285	0.877098	5.14357	5.12616
-1.4953	0.890569	5.14522	5.1255
-1.49957	0.87907	5.14423	5.12386
-1.50055	0.884655	5.14292	5.12419
-1.50712	0.876441	5.1416	5.12616
-1.50055	0.886298	5.14029	5.1278
-1.50055	0.885969	5.14127	5.12912
-1.5022	0.883669	5.1439	5.12879
-1.49661	0.889254	5.14653	5.12682
-1.49957	0.883998	5.14587	5.12583
-1.49333	0.890569	5.14522	5.12485
-1.4976	0.88794	5.14522	5.12353
-1.49234	0.889583	5.14423	5.12518
-1.49628	0.883669	5.14325	5.1278
-1.49891	0.877427	5.14325	5.12912
-1.4953	0.883669	5.14522	5.12682
-1.48905	0.880055	5.14423	5.12419
-1.48873	0.875784	5.14095	5.12288
-1.49037	0.867571	5.1393	5.12419
-1.48971	0.879398	5.14127	5.12616
-1.48216	0.886626	5.14456	5.12616
-1.48248	0.883998	5.14522	5.12583
-1.47164	0.899768	5.14423	5.12518
-1.46376	0.904367	5.14357	5.12386
-1.46836	0.899768	5.1439	5.12353
-1.46901	0.899439	5.14357	5.12419
-1.47526	0.891883	5.14325	5.12386
-1.47591	0.89484	5.14292	5.12419
-1.46343	0.914552	5.14292	5.1255
-1.46573	0.91061	5.14423	5.12715
-1.46244	0.909953	5.14522	5.12682
-1.45423	0.910938	5.1439	5.12616
-1.45226	0.92408	5.14292	5.1255
-1.45062	0.934265	5.14226	5.12583
-1.44996	0.944449	5.14325	5.12748
-1.44273	0.940835	5.14653	5.12682
-1.43912	0.943792	5.14587	5.12616
-1.44142	0.938207	5.14325	5.12386
-1.42729	0.954306	5.14062	5.12452
-1.42696	0.956277	5.14062	5.12715
-1.4263	0.949049	5.14127	5.12879
-1.41809	0.959891	5.14325	5.12912
-1.42105	0.95102	5.14489	5.12846
-1.41415	0.95332	5.1462	5.12583
-1.42006	0.946092	5.14555	5.1255
-1.42236	0.940507	5.14357	5.12616
-1.41842	0.940835	5.14292	5.12682
-1.41875	0.936564	5.1439	5.12748
-1.41086	0.949706	5.14489	5.12715
-1.39805	0.956934	5.14555	5.12616
-1.39575	0.959891	5.14555	5.12452
-1.39016	0.970733	5.14489	5.12386
-1.39246	0.98026	5.1439	5.12583
-1.38491	0.985189	5.14325	5.12945
-1.37209	0.994716	5.14062	5.12879
-1.37111	1.00194	5.13963	5.12649
-1.37177	1.00293	5.13996	5.1255
-1.37144	0.996359	5.14127	5.12452
-1.37439	0.995373	5.1416	5.12518
-1.37998	0.984203	5.14127	5.12682
-1.37078	0.983217	5.14095	5.12748
-1.37439	0.985189	5.14193	5.12715
-1.37932	0.984203	5.14193	5.1255
-1.38688	0.967776	5.14292	5.12452
-1.38721	0.966462	5.14489	5.12583
-1.38162	0.962191	5.14423	5.12616
-1.37012	0.976647	5.14259	5.12748
-1.37275	0.991102	5.14193	5.12748
-1.37866	0.985517	5.14226	5.12649
-1.38228	0.98716	5.14292	5.12485
-1.37899	0.997016	5.14226	5.12353
-1.37636	1.0072	5.14226	5.12419
-1.38425	1.0003	5.14456	5.1232
-1.38425	1.00326	5.14489	5.12353
-1.38326	0.999973	5.14489	5.12485
-1.38655	0.998659	5.14489	5.12419
-1.38918	1.0003	5.14456	5.12386
-1.39838	0.993402	5.14292	5.12452
-1.39542	0.996688	5.14095	5.12518
-1.39641	1.00096	5.13996	5.12485
-1.38359	1.00556	5.14127	5.12485
-1.38425	1.00556	5.14127	5.12583
-1.38096	1.00983	5.14259	5.12616
-1.37571	1.01344	5.14456	5.1255
-1.36914	1.01509	5.14555	5.12485
-1.36092	1.01903	5.14456	5.12419
-1.36092	1.0256	5.14193	5.12485
-1.36388	1.01607	5.14095	5.1255
-1.36914	1.00884	5.14292	5.12649
-1.36651	1.00622	5.14555	5.12583
-1.36191	1.01114	5.14686	5.12419
-1.36487	1.0072	5.14653	5.12616
-1.36749	1.00063	5.14522	5.12813
-1.36519	1.0072	5.14292	5.12715
-1.35238	1.02231	5.1416	5.12748
-1.36421	1.02231	5.14193	5.12813
-1.37669	1.01673	5.14292	5.12748
-1.36979	1.01771	5.14423	5.12715
-1.36881	1.01377	5.14423	5.12846
-1.36092	1.02034	5.14522	5.12748
-1.35271	1.02363	5.14555	5.12682
-1.35238	1.03578	5.14489	5.12846
-1.3468	1.03578	5.14292	5.12879
-1.35041	1.03447	5.14193	5.12715
-1.34745	1.0371	5.14127	5.12616
-1.34318	1.04564	5.1416	5.12583
-1.34581	1.03578	5.14423	5.1278
-1.35172	1.03118	5.14555	5.12945
-1.35731	1.02133	5.1462	5.12715
-1.36421	1.02363	5.14456	5.12518
-1.36388	1.02001	5.14292	5.12386
-1.36684	1.01213	5.14226	5.12288
-1.36684	1.01443	5.14259	5.12288
-1.35862	1.01903	5.14226	5.1232
-1.36717	1.02133	5.14292	5.12353
-1.37242	1.01311	5.14357	5.12419
-1.36618	1.01509	5.14259	5.12353
-1.36355	1.01673	5.14095	5.1232
-1.35994	1.02034	5.14127	5.12288
-1.36092	1.02527	5.14226	5.12353
-1.356	1.02987	5.14456	5.12583
-1.36125	1.03053	5.14325	5.12682
-1.36684	1.03151	5.14095	5.12682
-1.37111	1.0302	5.14062	5.12846
-1.37801	1.02626	5.14193	5.12846
-1.37571	1.02757	5.14357	5.12748
-1.37374	1.02888	5.14456	5.1278
-1.37078	1.02461	5.14423	5.12879
-1.36782	1.021	5.14423	5.12813
-1.36125	1.02001	5.14357	5.12748
-1.3445	1.03283	5.14423	5.12715
-1.3514	1.01739	5.14423	5.1255
-1.35501	1.01476	5.14456	5.12583
-1.35172	1.00654	5.14292	5.12649
-1.35928	0.999973	5.13996	5.12485
-1.36552	0.990117	5.13963	5.12452
-1.36651	0.988474	5.14095	5.12419
-1.37735	0.991102	5.14292	5.12452
-1.37209	1.00589	5.14357	5.12518
-1.38195	0.990774	5.14095	5.12583
-1.39279	0.981575	5.14062	5.12682
-1.39903	0.977304	5.14226	5.12813
-1.39706	0.975989	5.14522	5.12682
-1.39706	0.973033	5.14686	5.12583
-1.39509	0.968762	5.1485	5.12583
-1.39049	0.968433	5.14916	5.12583
-1.38984	0.96449	5.14752	5.12616
-1.39016	0.973033	5.1439	5.12748
-1.38031	0.980589	5.1416	5.12682
-1.38754	0.977632	5.14062	5.12682
-1.39115	0.96679	5.14325	5.12813
-1.40462	0.952334	5.1439	5.12879
-1.40758	0.955291	5.1439	5.12748
-1.40462	0.960548	5.1439	5.12682
-1.40758	0.951677	5.14259	5.12682
-1.40659	0.946749	5.14292	5.12748
-1.4148	0.934593	5.14292	5.12682
-1.4148	0.939521	5.14259	5.12419
-1.4125	0.935907	5.14259	5.12288
-1.41415	0.930979	5.14292	5.12353
-1.42039	0.93525	5.14226	5.1255
-1.41349	0.942807	5.14226	5.12846
-1.41743	0.935907	5.14325	5.12945
-1.41185	0.929994	5.14357	5.12813
-1.41973	0.925723	5.14357	5.12616
-1.41776	0.92638	5.14456	5.1255
-1.42499	0.919809	5.14456	5.12616
-1.42893	0.912909	5.14423	5.12682
-1.43747	0.898454	5.14423	5.12813
-1.45029	0.893197	5.14456	5.1278
-1.44437	0.902396	5.14489	5.12682
-1.44372	0.900753	5.14522	5.12452
-1.44832	0.890569	5.14489	5.1232
-1.45751	0.875784	5.14357	5.12452
-1.45981	0.871513	5.14193	5.12583
-1.45751	0.873484	5.14029	5.12616
-1.4654	0.864942	5.14095	5.12485
-1.46474	0.865928	5.14325	5.12353
-1.46803	0.864285	5.1439	5.12189
-1.46376	0.873484	5.14522	5.12156
-1.46474	0.880712	5.1439	5.12353
-1.45981	0.884326	5.14193	5.1255
-1.45751	0.885969	5.14226	5.12715
-1.46409	0.867899	5.14292	5.12748
-1.46179	0.882684	5.14522	5.12583
-1.46146	0.874142	5.14817	5.12518
-1.46474	0.870528	5.15014	5.12518
-1.46507	0.870199	5.14817	5.1255
-1.45489	0.871185	5.14555	5.12682
-1.44963	0.872827	5.14292	5.12813
-1.44634	0.872827	5.14259	5.12813
-1.44569	0.872499	5.14423	5.12616
-1.43977	0.879398	5.14522	5.12518
-1.43287	0.883669	5.14587	5.12583
-1.43156	0.895168	5.14653	5.1255
-1.43682	0.892211	5.14357	5.12682
-1.43189	0.902068	5.13963	5.12682
-1.43485	0.891883	5.13996	5.12583
-1.43912	0.896154	5.14226	5.12616
-1.4401	0.898125	5.14423	5.12616
-1.45193	0.896482	5.14357	5.12682
-1.45686	0.893197	5.14095	5.1232
-1.45653	0.90141	5.1393	5.1209
-1.45423	0.905682	5.1393	5.12189
-1.44437	0.920794	5.14127	5.12386
-1.43977	0.916852	5.14325	5.12452
-1.42992	0.927365	5.14456	5.12649
-1.41973	0.933279	5.14522	5.12649
-1.42433	0.927365	5.14555	5.12715
-1.43485	0.914224	5.14423	5.12879
-1.42532	0.919809	5.14292	5.12912
-1.4263	0.923094	5.14325	5.12649
-1.42597	0.927365	5.14325	5.12452
-1.41743	0.941164	5.14226	5.12386
-1.41678	0.943464	5.14259	5.1255
-1.4171	0.945764	5.14292	5.12715
-1.41349	0.949706	5.14292	5.12813
-1.40659	0.959562	5.14259	5.12583
-1.40462	0.950363	5.1439	5.12616
-1.40298	0.947735	5.14423	5.12583
-1.39936	0.952992	5.14259	5.12649
-1.40593	0.943464	5.14062	5.12715
-1.40856	0.939193	5.13996	5.12748
-1.40988	0.941493	5.13963	5.12846
-1.40363	0.940178	5.14029	5.12813
-1.39903	0.935907	5.14193	5.12616
-1.40101	0.938536	5.14292	5.12419
-1.40331	0.93525	5.14127	5.12419
-1.40199	0.938864	5.1393	5.1255
-1.39443	0.941493	5.13897	5.12583
-1.39082	0.943792	5.14062	5.12452
-1.39739	0.94872	5.14292	5.12419
-1.40265	0.947078	5.14555	5.12518
-1.39969	0.944449	5.14785	5.12682
-1.40035	0.944121	5.14653	5.12682
-1.39542	0.936564	5.14456	5.1255
-1.39213	0.932293	5.14259	5.12419
-1.40363	0.925394	5.14325	5.12485
-1.39673	0.938864	5.14587	5.12452
-1.39903	0.939521	5.14752	5.12419
-1.40101	0.942807	5.14719	5.12419
-1.40561	0.944121	5.14653	5.12419
-1.40922	0.938864	5.14292	5.1255
-1.41513	0.936893	5.14062	5.12649
-1.42105	0.938207	5.14095	5.1278
-1.42827	0.936236	5.14127	5.12748
-1.43682	0.92638	5.14226	5.12583
-1.44372	0.920794	5.14226	5.1255
-1.44996	0.908638	5.14193	5.12583
-1.44766	0.90601	5.14226	5.1255
-1.44799	0.906996	5.1416	5.12649
-1.44832	0.902725	5.14127	5.12748
-1.43846	0.905353	5.14062	5.12682
-1.43189	0.906339	5.14127	5.12485
-1.43156	0.900753	5.14259	5.12452
-1.42959	0.903053	5.1416	5.1255
-1.4309	0.903053	5.14127	5.12583
-1.43123	0.906339	5.14259	5.12616
-1.43123	0.913238	5.1439	5.12485
-1.4309	0.920466	5.14456	5.12386
-1.43452	0.925394	5.1439	5.1232
-1.42959	0.932293	5.14357	5.12485
-1.43616	0.930322	5.14259	5.12616
-1.43846	0.934922	5.14292	5.12715
-1.43189	0.939193	5.1439	5.12879
-1.43485	0.935579	5.1439	5.12879
-1.42959	0.942478	5.1439	5.12682
-1.43156	0.943792	5.14489	5.1255
-1.42893	0.949049	5.14357	5.12583
-1.42992	0.941164	5.14292	5.12583
-1.42696	0.939193	5.14292	5.12649
-1.4263	0.943792	5.14292	5.12748
-1.41349	0.944778	5.14357	5.12649
-1.41875	0.938536	5.1439	5.12682
-1.41119	0.952006	5.14555	5.12485
-1.40955	0.95332	5.1439	5.12288
-1.40626	0.950692	5.14292	5.12353
-1.40331	0.947078	5.14325	5.12452
-1.39838	0.941164	5.14555	5.12485
-1.39016	0.959891	5.14587	5.12583
-1.39312	0.946092	5.1439	5.12682
-1.39016	0.960548	5.1439	5.12649
-1.38458	0.967776	5.14489	5.12715
-1.37801	0.974675	5.14522	5.12616
-1.38031	0.971061	5.14456	5.12518
-1.37505	0.987488	5.14423	5.12583
-1.37407	0.995045	5.14489	5.12419
-1.37866	0.989131	5.1439	5.12485
-1.37899	0.987488	5.14259	5.12583
-1.37801	0.993074	5.14357	5.12583
-1.38031	0.993402	5.14423	5.1278
-1.39082	0.986831	5.14423	5.12879
-1.39542	0.981903	5.14423	5.1278
-1.39772	0.979603	5.14456	5.12715
-1.41152	0.96449	5.14555	5.12649
-1.41513	0.962848	5.14587	5.12419
-1.41579	0.963176	5.14522	5.12222
-1.40462	0.978618	5.14522	5.12288
-1.40232	0.977632	5.14423	5.12583
-1.41513	0.968104	5.14423	5.12945
-1.41185	0.976318	5.1439	5.12748
-1.41053	0.976318	5.14423	5.12485
-1.41875	0.967776	5.14456	5.12485
-1.41776	0.974675	5.14325	5.12518
-1.41973	0.969419	5.14127	5.12616
-1.41743	0.970076	5.14095	5.12649
-1.41875	0.96909	5.1439	5.12616
-1.4263	0.964162	5.14653	5.12386
-1.42959	0.965476	5.14522	5.12386
-1.43813	0.956277	5.14226	5.12616
-1.43682	0.958905	5.13963	5.12715
-1.43123	0.964819	5.14127	5.12879
-1.44142	0.959234	5.14423	5.12715
-1.43682	0.965148	5.14555	5.1255
-1.43977	0.959891	5.14555	5.1232
-1.43583	0.971061	5.14587	5.1232
-1.42762	0.974675	5.14522	5.12386
-1.42072	0.984203	5.1439	5.12452
-1.41645	0.987817	5.14226	5.12419
-1.41546	0.997345	5.14259	5.12419
-1.4148	0.999973	5.14587	5.12452
-1.40331	1.00917	5.15014	5.12583
-1.39345	1.01771	5.15244	5.12583
-1.38359	1.02888	5.15047	5.1255
-1.37702	1.0325	5.1462	5.12682
-1.38261	1.01936	5.14325	5.12813
-1.39213	1.00654	5.14259	5.12813
-1.38326	1.00326	5.14325	5.12682
-1.37932	1.00162	5.1416	5.12682
-1.38754	0.995702	5.14062	5.12682
-1.38556	0.99833	5.14193	5.1255
-1.37702	1.0095	5.14325	5.1255
-1.37801	1.01147	5.1439	5.12419
-1.37636	1.01344	5.14259	5.1232
-1.38425	1.00622	5.14226	5.12189
-1.39148	0.996688	5.14357	5.12222
-1.39838	0.993074	5.14325	5.12386
-1.39838	0.988474	5.14226	5.12682
-1.39641	0.987817	5.14292	5.12616
-1.39706	0.983217	5.14292	5.12583
-1.39049	0.996688	5.14456	5.12682
-1.38852	0.978618	5.14752	5.12748
-1.38951	0.981903	5.15014	5.12452
-1.38984	0.978946	5.14817	5.12189
-1.38819	0.985189	5.14686	5.12288
-1.37965	0.990445	5.14555	5.12518
-1.38359	0.995045	5.1439	5.12616
-1.37538	1.0026	5.1439	5.12682
-1.37866	1.00162	5.14489	5.1255
-1.38096	1.00457	5.14456	5.12386
-1.38096	1.00654	5.14489	5.12452
-1.38491	0.998987	5.14587	5.12715
-1.38195	1.00424	5.14587	5.1301
-1.37472	1.00884	5.14522	5.12846
-1.37834	1.00227	5.14423	5.12748
-1.38819	0.999644	5.14423	5.12583
-1.40068	0.994059	5.14555	5.12518
-1.39772	0.991431	5.14587	5.12485
-1.39772	0.988145	5.14357	5.12518
-1.39016	0.996359	5.1416	5.12583
-1.39378	0.98716	5.14259	5.12682
-1.38589	0.993074	5.14456	5.1278
-1.38195	0.999644	5.14653	5.12813
-1.38359	1.0049	5.1462	5.12649
-1.38951	0.99833	5.14423	5.12485
-1.39049	0.998987	5.14226	5.12353
-1.39148	0.998987	5.14357	5.12386
-1.38228	0.997016	5.1439	5.1232
-1.37998	0.99833	5.14325	5.1232
-1.37571	1.00293	5.14226	5.12353
-1.37669	1.00753	5.14259	5.12485
-1.37209	1.01279	5.14357	5.12353
-1.37078	1.01804	5.14292	5.12353
-1.37505	1.02429	5.14292	5.1232
-1.37341	1.02429	5.1439	5.1255
-1.37735	1.02067	5.14653	5.12748
-1.36848	1.03316	5.14883	5.12879
-1.36421	1.03743	5.14817	5.12748
-1.36027	1.04761	5.14653	5.12583
-1.35895	1.044	5.14489	5.12616
-1.34844	1.05024	5.1439	5.12616
-1.34942	1.04268	5.14292	5.12715
-1.35238	1.04137	5.14292	5.12649
-1.35534	1.03546	5.14456	5.12682
-1.35468	1.03611	5.14489	5.12715
-1.34285	1.04137	5.14292	5.12583
-1.33628	1.04498	5.1416	5.12452
-1.34318	1.03611	5.14325	5.12452
-1.33957	1.04564	5.14456	5.12583
-1.33727	1.03316	5.14719	5.12682
-1.33924	1.04334	5.14555	5.12682
-1.3422	1.0509	5.14587	5.1255
-1.3445	1.0463	5.1462	5.12452
-1.34351	1.04137	5.14489	5.12419
-1.34384	1.03283	5.14357	5.1255
-1.3422	1.0302	5.14357	5.12583
-1.34548	1.02856	5.14522	5.12485
-1.35271	1.02593	5.14423	5.1232
-1.36224	1.01837	5.14292	5.12386
-1.36684	1.00392	5.14259	5.1255
-1.37472	1.00227	5.1439	5.12583
-1.38064	0.999644	5.14555	5.12649
-1.38786	1.00096	5.14653	5.12616
-1.38819	0.999644	5.14522	5.12616
-1.39706	0.986174	5.14423	5.12419
-1.40265	0.98256	5.14357	5.12452
-1.40856	0.982232	5.14292	5.12485
-1.41349	0.979932	5.14259	5.12518
-1.42696	0.967119	5.1416	5.12583
-1.43715	0.952006	5.14522	5.12419
-1.43879	0.952006	5.14456	5.12452
-1.4493	0.941821	5.14062	5.12583
-1.45489	0.940835	5.14029	5.1255
-1.4631	0.932293	5.14095	5.1255
-1.46803	0.937879	5.1416	5.1278
-1.4769	0.92638	5.14226	5.12715
-1.47558	0.928022	5.14226	5.12649
-1.47	0.941821	5.14259	5.1255
-1.47723	0.924408	5.1439	5.1232
-1.47657	0.922437	5.14423	5.12419
-1.48216	0.915866	5.1439	5.12616
-1.47526	0.917509	5.14325	5.12649
-1.47493	0.926708	5.14423	5.12583
-1.47723	0.924408	5.1439	5.12616
-1.47591	0.926051	5.1439	5.12748
-1.48117	0.916523	5.14193	5.12912
-1.48971	0.898454	5.14127	5.12912
-1.48544	0.90141	5.14357	5.12813
-1.48413	0.900753	5.14259	5.12715
-1.48905	0.888926	5.14193	5.12518
-1.49168	0.888926	5.14259	5.12485
-1.49267	0.881041	5.14193	5.12616
-1.49004	0.89024	5.14127	5.12715
-1.49267	0.890897	5.1416	5.12616
-1.49201	0.888597	5.14325	5.12485
-1.4861	0.896811	5.14587	5.12386
-1.48774	0.888597	5.14785	5.12386
-1.48478	0.891554	5.14719	5.12616
-1.48117	0.904367	5.14456	5.12583
-1.48708	0.896811	5.14259	5.12386
-1.48117	0.900753	5.14259	5.12583
-1.48216	0.900753	5.14292	5.12748
-1.47493	0.909624	5.14357	5.12715
-1.46704	0.920794	5.14357	5.12748
-1.47164	0.916195	5.14555	5.12682
-1.47098	0.912581	5.14522	5.12518
-1.46343	0.922766	5.14259	5.12452
-1.4631	0.920137	5.1416	5.12485
-1.46146	0.925065	5.14325	5.12485
-1.46277	0.93525	5.14292	5.1255
-1.45653	0.944121	5.1416	5.1255
-1.45949	0.938864	5.14193	5.12452
-1.46047	0.934593	5.14259	5.12485
-1.45784	0.935579	5.14325	5.12386
-1.46146	0.930979	5.14226	5.12518
-1.46047	0.93295	5.1416	5.1255
-1.4585	0.934593	5.14193	5.12419
-1.46014	0.936564	5.14259	5.12386
-1.4631	0.936564	5.14325	5.12518
-1.4654	0.941164	5.1439	5.12518
-1.4677	0.941821	5.14325	5.12649
-1.46179	0.949378	5.14259	5.12813
-1.46113	0.947406	5.14292	5.12748
-1.4677	0.933936	5.14456	5.12682
-1.47131	0.929008	5.14456	5.12748
-1.47657	0.92408	5.14555	5.13043
-1.48018	0.911595	5.1439	5.13142
-1.47887	0.908967	5.14226	5.1278
-1.47854	0.906667	5.14259	5.12452
-1.47526	0.907324	5.14259	5.1255
-1.47066	0.920794	5.14259	5.12616
-1.46868	0.927037	5.14292	5.1255
-1.46868	0.918823	5.14259	5.12419
-1.47131	0.916195	5.14193	5.12288
-1.46901	0.920137	5.14259	5.12386
-1.46507	0.920794	5.14522	5.12682
-1.46113	0.932622	5.14686	5.12846
-1.46441	0.933936	5.14587	5.1278
-1.46376	0.934265	5.14587	5.12813
-1.46573	0.929665	5.14489	5.12715
-1.45719	0.935579	5.14423	5.12682
-1.46047	0.928351	5.14325	5.1255
-1.46113	0.920794	5.1416	5.12419
-1.45916	0.923423	5.14127	5.1255
-1.45456	0.923094	5.14127	5.12616
-1.44339	0.936564	5.14062	5.12616
-1.44076	0.934593	5.14029	5.12649
-1.44174	0.934593	5.14029	5.12682
-1.44437	0.928022	5.1416	5.12583
-1.43715	0.941821	5.14259	5.12583
-1.4447	0.931308	5.14325	5.12616
-1.4401	0.932293	5.14357	5.1255
-1.43977	0.931965	5.14489	5.1255
-1.4493	0.919809	5.14456	5.12583
-1.43485	0.921123	5.14456	5.12616
-1.424	0.935579	5.14489	5.12715
-1.41776	0.937879	5.1439	5.12813
-1.40955	0.942807	5.14259	5.12682
-1.40101	0.942807	5.14357	5.12616
-1.40495	0.940178	5.14522	5.12945
-1.40068	0.947406	5.14456	5.12977
-1.40856	0.942807	5.14226	5.12912
-1.40725	0.952663	5.13897	5.12748
-1.40429	0.949706	5.1393	5.12616
-1.41152	0.945764	5.1416	5.12813
-1.40988	0.946092	5.14292	5.12879
-1.41776	0.942807	5.14292	5.12715
-1.41218	0.947735	5.14226	5.1255
-1.40955	0.959562	5.1416	5.12616
-1.40035	0.969419	5.14193	5.12748
-1.39411	0.97139	5.14456	5.12813
-1.39181	0.976975	5.14587	5.12649
-1.38458	0.98256	5.14587	5.1255
-1.38162	0.986174	5.14456	5.12485
-1.36947	0.995702	5.14292	5.12518
-1.37012	1.0026	5.14325	5.12583
-1.36848	1.00359	5.14522	5.1278
-1.37242	1.00227	5.1462	5.12813
-1.36717	1.00819	5.14587	5.12583
-1.36322	1.00326	5.1462	5.12419
-1.36388	0.997016	5.1462	5.12353
-1.37045	0.993074	5.1439	5.1232
-1.37308	1.00523	5.14127	5.12419
-1.37735	1.01147	5.14127	5.12485
-1.38031	1.00786	5.14226	5.12485
-1.37998	1.00983	5.14292	5.12583
-1.38129	1.01114	5.14259	5.12452
-1.37439	1.01344	5.13996	5.12583
-1.37899	1.0049	5.1393	5.12616
-1.37439	1.00129	5.14029	5.12583
-1.37472	1.00424	5.1416	5.12485
-1.37209	1.01476	5.14226	5.12452
-1.36947	1.02527	5.14357	5.12222
-1.37275	1.02034	5.14555	5.1209
-1.37111	1.03217	5.14555	5.12189
-1.36092	1.0302	5.14357	5.12452
-1.36257	1.03841	5.1416	5.12616
-1.36355	1.03546	5.1393	5.12682
-1.36059	1.03578	5.13963	5.12452
-1.36585	1.02658	5.1393	5.1255
-1.36684	1.02396	5.14095	5.12813
-1.36815	1.021	5.14259	5.12879
-1.36618	1.02001	5.1439	5.12912
-1.35797	1.0256	5.14357	5.1278
-1.34745	1.0348	5.14357	5.12715
-1.34417	1.04268	5.14127	5.12879
-1.33957	1.0578	5.14127	5.12682
-1.3445	1.04958	5.14193	5.12452
-1.33727	1.05681	5.14193	5.1232
-1.33595	1.04794	5.14226	5.12485
-1.33628	1.04925	5.1439	5.12616
-1.32643	1.06338	5.14653	5.12616
-1.32314	1.06831	5.14719	5.12518
-1.31788	1.07718	5.14456	5.1232
-1.3123	1.07948	5.14292	5.12353
-1.31986	1.07061	5.14193	5.12583
-1.33234	1.05977	5.14127	5.12748
-1.32248	1.0624	5.14226	5.12846
-1.32643	1.05878	5.14292	5.12912
-1.33267	1.05418	5.14226	5.12715
-1.33563	1.04958	5.14193	5.1255
-1.33234	1.04531	5.1416	5.12386
-1.33595	1.05188	5.14357	5.12485
-1.34318	1.05057	5.1439	5.12813
-1.34942	1.04827	5.1439	5.1301
-1.35402	1.04104	5.14325	5.12715
-1.36092	1.03907	5.14555	5.12583
-1.36487	1.03841	5.14686	5.1255
-1.38228	1.02461	5.14456	5.1255
-1.38655	1.02199	5.1439	5.12583
-1.39411	1.01739	5.14357	5.1255
-1.40692	1.00589	5.14259	5.1255
-1.41185	1.00129	5.14325	5.12419
-1.40889	1.00786	5.14357	5.1232
-1.40823	1.00556	5.14259	5.12386
-1.40856	1.00326	5.14456	5.12419
-1.41283	0.996359	5.1462	5.12452
-1.42565	0.984532	5.14522	5.12419
-1.43583	0.98026	5.14522	5.12288
-1.44043	0.980589	5.14456	5.12386
-1.44832	0.968762	5.14489	5.12452
-1.46211	0.957591	5.14423	5.12386
-1.46507	0.954306	5.14423	5.12419
-1.46868	0.94872	5.1439	5.1255
-1.46441	0.949049	5.14357	5.12649
-1.45784	0.947406	5.1439	5.12485
-1.4631	0.941821	5.14456	5.12452
-1.45751	0.947735	5.14292	5.12485
-1.45949	0.938864	5.14357	5.1255
-1.45817	0.930322	5.14292	5.1278
-1.46704	0.922766	5.1416	5.12912
-1.47788	0.908967	5.14127	5.1278
-1.47526	0.911924	5.14127	5.12879
-1.47986	0.909295	5.14226	5.12846
-1.47558	0.907653	5.14292	5.12649
-1.4746	0.900753	5.14292	5.1255
-1.47821	0.889912	5.14127	5.12419
-1.47164	0.902725	5.13996	5.12452
-1.46934	0.900096	5.14193	5.1255
-1.46934	0.888926	5.14456	5.12518
-1.46113	0.895168	5.14686	5.12452
-1.45751	0.910281	5.14555	5.1255
-1.44832	0.916195	5.14357	5.12682
-1.44897	0.914552	5.14193	5.12813
-1.44207	0.92178	5.14292	5.12912
-1.43616	0.93295	5.14489	5.12879
-1.43485	0.926708	5.14489	5.12813
-1.42926	0.927365	5.1462	5.12715
-1.41645	0.944121	5.14686	5.12518
-1.41448	0.946749	5.14423	5.12452
-1.40429	0.955291	5.14259	5.12682
-1.40922	0.950363	5.14292	5.12813
-1.41645	0.954963	5.14357	5.12682
-1.41513	0.951349	5.14259	5.12649
-1.40593	0.961205	5.14193	5.12518
-1.39575	0.965805	5.14127	5.12419
-1.39608	0.955291	5.14292	5.12485
-1.38556	0.946749	5.14325	5.12452
-1.38984	0.951677	5.14522	5.12452
-1.39378	0.947735	5.14719	5.12485
-1.38984	0.943464	5.1485	5.1232
-1.39772	0.939521	5.1462	5.12419
-1.39838	0.945764	5.14292	5.12583
-1.40758	0.938207	5.1416	5.1255
-1.40166	0.95102	5.14292	5.12649
-1.38885	0.964819	5.14522	5.12748
-1.39016	0.97369	5.14653	5.12682
-1.39148	0.96679	5.14686	5.12583
-1.40593	0.967776	5.14653	5.12518
-1.4079	0.965476	5.14522	5.12583
-1.40955	0.959562	5.14292	5.12649
-1.41283	0.954963	5.14095	5.12649
-1.40659	0.960877	5.1416	5.12485
-1.40429	0.967119	5.1439	5.12518
-1.40166	0.96909	5.14456	5.12616
-1.39509	0.982232	5.14325	5.12353
-1.39969	0.981903	5.1416	5.12189
-1.39673	0.982232	5.14193	5.12419
-1.39706	0.978289	5.14193	5.12649
-1.40035	0.975661	5.14226	5.12583
-1.39509	0.983874	5.1439	5.12419
-1.39115	0.994716	5.14456	5.1232
-1.39148	0.992417	5.14259	5.12353
-1.39509	0.986503	5.14095	5.12452
-1.39706	0.979603	5.14029	5.12682
-1.39641	0.977632	5.1416	5.1301
-1.39213	0.991759	5.14489	5.12912
-1.39673	0.985517	5.1462	5.12616
-1.39641	0.981246	5.14653	5.12419
-1.40068	0.990117	5.14489	5.12386
-1.38984	0.990774	5.14423	5.12485
-1.38294	0.994716	5.14357	5.12682
-1.38688	0.994059	5.14325	5.12715
-1.39246	0.987817	5.14226	5.12649
-1.40396	0.983874	5.14259	5.12748
-1.39082	0.99603	5.14456	5.12649
-1.39608	0.99833	5.14423	5.12419
-1.39608	0.998002	5.14292	5.12353
-1.39279	0.98716	5.1416	5.12255
-1.39345	0.986174	5.14029	5.12222
-1.39575	0.988474	5.14127	5.1232
-1.38984	0.984532	5.1439	5.12288
-1.39378	0.989131	5.14489	5.12452
-1.38754	0.984203	5.14325	5.12616
-1.39312	0.975332	5.14062	5.12813
-1.38688	0.98026	5.14095	5.12748
-1.39345	0.970404	5.14325	5.12616
-1.40068	0.965148	5.14587	5.12485
-1.39936	0.970733	5.14653	5.12419
-1.40035	0.971718	5.1439	5.1232
-1.40133	0.959234	5.14193	5.12386
-1.40133	0.968433	5.14292	5.12485
-1.40725	0.961862	5.14325	5.12748
-1.4102	0.958577	5.14292	5.12879
-1.41579	0.945107	5.1439	5.12682
-1.42433	0.934922	5.14587	5.12682
-1.42959	0.925394	5.14686	5.12518
-1.43485	0.925394	5.14522	5.12452
-1.45029	0.905353	5.14292	5.12353
-1.44503	0.90601	5.14193	5.12222
-1.44733	0.902068	5.14259	5.12288
-1.447	0.909295	5.14456	5.12518
-1.45062	0.906667	5.14555	5.12616
-1.46343	0.896811	5.14522	5.12682
-1.4654	0.895168	5.14423	5.1278
-1.47033	0.890569	5.1439	5.12682
-1.47526	0.893525	5.14456	5.12682
-1.47493	0.898782	5.14456	5.12649
-1.47953	0.896811	5.1462	5.12583
-1.48905	0.885969	5.14653	5.12583
-1.4861	0.890569	5.14423	5.12452
-1.4838	0.89254	5.1439	5.12419
-1.47854	0.893525	5.1439	5.1255
-1.4792	0.897468	5.14423	5.1255
-1.47821	0.902068	5.14456	5.12649
-1.48084	0.898454	5.14325	5.12583
-1.48314	0.898454	5.14292	5.12616
-1.48544	0.891226	5.14259	5.1255
-1.49497	0.881369	5.14193	5.12419
-1.49891	0.864614	5.14029	5.12222
-1.49793	0.867899	5.13996	5.12123
-1.50384	0.860671	5.14193	5.12255
-1.49793	0.869213	5.1439	5.12386
-1.50318	0.866257	5.14587	5.1255
-1.50318	0.86987	5.14653	5.12518
-1.50614	0.870856	5.14522	5.12583
-1.50154	0.878741	5.14489	5.12616
-1.50581	0.873813	5.14587	5.12583
-1.50351	0.87907	5.14456	5.12452
-1.50285	0.883669	5.14259	5.12583
-1.50844	0.87217	5.14127	5.12649
-1.50745	0.860014	5.14226	5.12715
-1.51074	0.857057	5.1439	5.12912
-1.51567	0.852786	5.14522	5.13043
-1.5137	0.859357	5.1462	5.12945
-1.50581	0.862643	5.14587	5.12813
-1.49464	0.87677	5.14423	5.12616
-1.49464	0.876113	5.14292	5.12485
-1.49628	0.873484	5.14292	5.12485
-1.49563	0.875456	5.14357	5.12616
-1.49891	0.881041	5.14357	5.12977
-1.49661	0.88794	5.14423	5.12977
-1.48807	0.891883	5.14587	5.12879
-1.48741	0.897468	5.14587	5.12715
-1.48413	0.889254	5.14489	5.12846
-1.48445	0.890897	5.14423	5.12945
-1.48183	0.896811	5.14226	5.13076
-1.47526	0.906667	5.1416	5.13043
-1.47427	0.907653	5.14292	5.12879
-1.4861	0.886955	5.1439	5.12649
-1.48741	0.883669	5.14357	5.12616
-1.48741	0.872827	5.14292	5.12616
-1.47723	0.887283	5.14325	5.12748
-1.47723	0.881369	5.1439	5.12682
-1.47197	0.88794	5.1439	5.12616
-1.47591	0.877427	5.14456	5.12715
-1.47953	0.86987	5.14456	5.12649
-1.48117	0.868556	5.14357	5.1255
-1.4792	0.877098	5.14259	5.1255
-1.47788	0.870856	5.14292	5.12616
-1.47723	0.867571	5.14325	5.12616
-1.47098	0.87447	5.14292	5.12452
-1.4677	0.87447	5.14357	5.1255
-1.47296	0.852129	5.14423	5.12518
-1.47131	0.864942	5.14423	5.12386
-1.47756	0.865271	5.14325	5.12419
-1.4746	0.870856	5.14259	5.12715
-1.48018	0.885312	5.14259	5.13043
-1.4792	0.89484	5.14325	5.12945
-1.48281	0.884655	5.14292	5.12682
-1.48445	0.873484	5.14325	5.12649
-1.493	0.868228	5.14226	5.1278
-1.4907	0.877427	5.14193	5.1278
-1.48971	0.887612	5.1439	5.12748
-1.48774	0.883012	5.14456	5.12846
-1.48281	0.881041	5.14423	5.12813
-1.4769	0.894183	5.14325	5.12813
-1.47756	0.899111	5.1416	5.1278
-1.47591	0.906996	5.14259	5.12682
-1.47591	0.898454	5.14325	5.12715
-1.47263	0.905353	5.14456	5.12583
-1.4677	0.907653	5.14259	5.12452
-1.4654	0.911267	5.14226	5.12288
-1.45981	0.914224	5.14259	5.12189
-1.46244	0.916523	5.14456	5.12255
-1.4608	0.920466	5.14423	5.12419
-1.45949	0.920137	5.14259	5.1255
-1.45817	0.925723	5.1416	5.12616
-1.44536	0.940178	5.14193	5.1255
-1.44503	0.93985	5.14456	5.12518
-1.43682	0.948063	5.14522	5.12353
-1.43649	0.942807	5.14489	5.12288
-1.43386	0.946749	5.14456	5.12255
-1.42893	0.946092	5.1439	5.12485
-1.43025	0.936236	5.14423	5.12748
-1.42827	0.934593	5.14489	5.12945
-1.42466	0.942478	5.14587	5.12748
-1.424	0.945435	5.14686	5.12583
-1.42565	0.944121	5.14719	5.12419
-1.42433	0.940835	5.14719	5.1255
-1.42762	0.943464	5.14653	5.12649
-1.42138	0.948392	5.14456	5.12649
-1.42072	0.953649	5.14357	5.12649
-1.41382	0.951677	5.14325	5.12452
-1.40593	0.947406	5.14259	5.12419
-1.40561	0.944778	5.1439	5.1255
-1.40298	0.944778	5.14423	5.12748
-1.40823	0.947078	5.14292	5.12616
-1.39838	0.960219	5.14325	5.12616
-1.39509	0.960877	5.14423	5.12682
-1.39411	0.963176	5.14489	5.1255
-1.39575	0.966133	5.14357	5.12255
-1.39772	0.959562	5.14423	5.12156
-1.39411	0.968433	5.14292	5.12485
-1.38885	0.980589	5.14095	5.12682
-1.40626	0.974675	5.1416	5.12813
-1.41053	0.97139	5.14259	5.12748
-1.40856	0.98256	5.14522	5.12715
-1.41382	0.972047	5.14785	5.12846
-1.41349	0.973361	5.14752	5.1278
-1.41513	0.965476	5.14587	5.12715
-1.42335	0.949378	5.14522	5.12945
-1.4217	0.947078	5.14325	5.12879
-1.42203	0.951677	5.1439	5.12649
-1.42302	0.951349	5.14555	5.12386
-1.42762	0.943792	5.14555	5.12353
-1.42992	0.946749	5.14325	5.12189
-1.42926	0.943464	5.14226	5.12288
-1.43452	0.930979	5.14095	5.12485
-1.43649	0.928022	5.14292	5.12616
-1.44043	0.923094	5.14456	5.1255
-1.4401	0.921452	5.14325	5.12419
-1.44404	0.918166	5.14226	5.12386
-1.44996	0.921452	5.14259	5.12485
-1.45686	0.913895	5.14193	5.12715
-1.4562	0.907653	5.14127	5.12748
-1.4608	0.90601	5.1416	5.12649
-1.4631	0.896154	5.14259	5.12452
-1.45949	0.895168	5.14325	5.1232
-1.45521	0.903053	5.14456	5.12222
-1.46277	0.89484	5.14653	5.12386
-1.47197	0.886626	5.14522	5.1255
-1.46704	0.877755	5.14423	5.12649
-1.47361	0.877098	5.14357	5.12649
-1.46868	0.87907	5.1439	5.12682
-1.46146	0.883998	5.1439	5.12682
-1.47493	0.877098	5.1439	5.12583
-1.47558	0.877755	5.1439	5.12682
-1.48183	0.867571	5.14522	5.1255
-1.47986	0.872499	5.14587	5.1255
-1.47591	0.864942	5.14686	5.12485
-1.48051	0.863628	5.14785	5.12485
-1.4884	0.853443	5.14752	5.12419
-1.48117	0.854429	5.1462	5.12518
-1.47887	0.862314	5.14653	5.12616
-1.48051	0.858372	5.14587	5.1278
-1.47887	0.856072	5.14357	5.12715
-1.48051	0.863628	5.14259	5.12583
-1.48117	0.870199	5.14259	5.12616
-1.47887	0.873156	5.14325	5.12616
-1.48445	0.869542	5.1439	5.12813
-1.48511	0.870528	5.14325	5.12879
-1.48708	0.871842	5.14095	5.12813
-1.48971	0.872827	5.13996	5.12682
-1.49103	0.868885	5.13996	5.12583
-1.49333	0.860343	5.1416	5.12518
-1.50252	0.843259	5.1439	5.12419
-1.50647	0.84293	5.14489	5.12452
-1.50811	0.843916	5.14423	5.1255
-1.50351	0.843259	5.14292	5.12682
-1.50318	0.84293	5.14456	5.12846
-1.5045	0.846544	5.14587	5.12846
-1.50647	0.835045	5.14489	5.12616
-1.50351	0.842602	5.14522	5.12485
-1.50154	0.838988	5.14522	5.12386
-1.5091	0.845558	5.14555	5.1255
-1.51172	0.839645	5.14357	5.12813
-1.51534	0.833402	5.14423	5.1278
-1.51829	0.835702	5.14653	5.12715
-1.51994	0.83176	5.14785	5.12649
-1.51337	0.839973	5.14653	5.12616
-1.51895	0.831103	5.14555	5.12518
-1.51435	0.833074	5.14587	5.1255
-1.51107	0.843916	5.14653	5.12485
-1.50877	0.840959	5.1462	5.1255
-1.50417	0.852129	5.14555	5.12518
-1.50384	0.854429	5.14456	5.12353
-1.49957	0.867242	5.14357	5.12353
-1.49267	0.872827	5.14357	5.12485
-1.49595	0.873813	5.14292	5.12518
-1.49234	0.880055	5.14325	5.12353
-1.4907	0.889912	5.14456	5.12222
-1.48347	0.900425	5.14522	5.12189
-1.47821	0.911267	5.14456	5.12222
-1.48051	0.902068	5.14292	5.12222
-1.48183	0.898454	5.14127	5.1232
-1.4838	0.904367	5.14325	5.12583
-1.47788	0.914224	5.14292	5.12682
-1.47854	0.909295	5.14292	5.12518
-1.48347	0.906339	5.14456	5.12288
-1.48117	0.911924	5.14587	5.12288
-1.47164	0.915866	5.14522	5.12485
-1.47	0.911595	5.14325	5.12879
-1.46409	0.925723	5.14357	5.12912
-1.4608	0.919152	5.1439	5.12649
-1.4631	0.923423	5.1462	5.1255
-1.44996	0.936564	5.1462	5.12419
-1.4493	0.938536	5.14357	5.12518
-1.43912	0.949049	5.14193	5.12846
-1.44207	0.942478	5.14193	5.12879
-1.43912	0.941821	5.14292	5.12715
-1.43616	0.950035	5.14357	5.12616
-1.43189	0.953977	5.14456	5.12583
-1.43057	0.948392	5.14522	5.12518
-1.42827	0.950363	5.14456	5.12518
-1.43156	0.949378	5.14292	5.12682
-1.42433	0.95332	5.14193	5.12715
-1.42795	0.95562	5.1416	5.12715
-1.4263	0.953977	5.14259	5.12748
-1.42663	0.953977	5.14357	5.12715
-1.42138	0.963505	5.14292	5.12682
-1.42105	0.959562	5.1416	5.12616
-1.424	0.952992	5.14226	5.1255
-1.43616	0.953977	5.1439	5.12715
-1.42762	0.959562	5.14456	5.12879
-1.4217	0.965148	5.14423	5.12912
-1.42499	0.962519	5.14522	5.12813
-1.42893	0.959234	5.14456	5.12682
-1.4332	0.957263	5.14522	5.12748
-1.4217	0.971061	5.1462	5.12846
-1.43123	0.970076	5.14587	5.12977
-1.44569	0.955948	5.14522	5.13076
-1.44832	0.95562	5.14587	5.12912
-1.44404	0.959891	5.14555	5.12616
-1.44963	0.956277	5.14489	5.12452
-1.4539	0.952992	5.14357	5.12485
-1.44832	0.960548	5.1439	5.12485
-1.45193	0.961534	5.14423	5.1255
-1.45193	0.952006	5.1439	5.12682
-1.45587	0.952992	5.14292	5.12682
-1.45324	0.954306	5.14456	5.12682
-1.45686	0.952006	5.14456	5.1278
-1.45357	0.959562	5.14357	5.12748
-1.44832	0.963505	5.14292	5.12715
-1.45226	0.955948	5.14127	5.12912
-1.44733	0.961205	5.1416	5.12813
-1.43485	0.972047	5.14325	5.1278
-1.4355	0.973033	5.14357	5.12616
-1.44142	0.963833	5.14522	5.12452
-1.44799	0.954306	5.14456	5.12583
-1.4516	0.944449	5.14259	5.12616
-1.44733	0.941164	5.14095	5.12649
-1.45949	0.928679	5.14226	5.12682
-1.46606	0.923423	5.14357	5.12518
-1.46868	0.928351	5.14522	5.12485
-1.46573	0.933279	5.14357	5.12485
-1.45751	0.938536	5.14226	5.12452
-1.45521	0.936236	5.14259	5.1255
-1.4585	0.934265	5.14357	5.1278
-1.46639	0.928022	5.14423	5.12846
-1.4608	0.932293	5.14456	5.12879
-1.45554	0.931636	5.14489	5.12682
-1.45554	0.927694	5.1439	5.12682
-1.4539	0.925394	5.14259	5.1278
-1.46146	0.916523	5.14193	5.12649
-1.47098	0.90831	5.14325	5.12419
-1.47164	0.895168	5.14292	5.12353
-1.47361	0.885312	5.14193	5.12518
-1.46211	0.891226	5.14226	5.12583
-1.46179	0.903382	5.14292	5.12452
-1.46441	0.895825	5.14259	5.1232
-1.46573	0.897139	5.1439	5.12222
-1.47164	0.893197	5.1439	5.12288
-1.47361	0.896811	5.1439	5.12518
-1.47788	0.89484	5.14325	5.12813
-1.46803	0.89254	5.14292	5.12977
-1.46146	0.901739	5.14292	5.13142
-1.4585	0.912252	5.14292	5.12945
-1.45981	0.914224	5.14325	5.12813
-1.46179	0.910281	5.14292	5.12813
-1.46244	0.903053	5.14357	5.12715
-1.47	0.90141	5.14522	5.12649
-1.46671	0.904696	5.14587	5.12485
-1.45981	0.91061	5.14456	5.12386
-1.45949	0.902068	5.14325	5.12419
-1.45916	0.90601	5.14292	5.12518
-1.46014	0.901082	5.14259	5.12485
-1.46409	0.90601	5.14325	5.12715
-1.46671	0.905682	5.14423	5.12715
-1.46376	0.906996	5.14357	5.12846
-1.4631	0.908967	5.14292	5.1278
-1.46737	0.904367	5.14127	5.12616
-1.4654	0.914552	5.1416	5.12485
-1.4677	0.91718	5.14357	5.1255
-1.4723	0.908638	5.14587	5.12419
-1.46704	0.916852	5.1439	5.12386
-1.46343	0.908967	5.14259	5.12419
-1.45554	0.916195	5.14062	5.12583
-1.45587	0.918495	5.1416	5.12682
-1.44766	0.922437	5.14522	5.12813
-1.44996	0.920794	5.14587	5.1278
-1.44996	0.915538	5.14653	5.1278
-1.44963	0.922766	5.14653	5.12682
-1.45226	0.925065	5.14653	5.12649
-1.44996	0.929008	5.14489	5.12616
-1.45127	0.930651	5.14259	5.1255
-1.45029	0.929665	5.14292	5.12386
-1.45094	0.922766	5.14292	5.12189
-1.4585	0.91061	5.14357	5.12255
-1.46146	0.905353	5.14423	5.12485
-1.46113	0.90141	5.14292	5.12748
-1.45686	0.906339	5.14259	5.12912
-1.45719	0.906996	5.14325	5.1301
-1.45193	0.905024	5.14325	5.12813
-1.45259	0.911924	5.1439	5.12682
-1.44602	0.924408	5.14456	5.12649
-1.45357	0.912581	5.14489	5.12682
-1.45587	0.902725	5.14357	5.12682
-1.45423	0.908638	5.14259	5.12649
-1.45226	0.915209	5.14226	5.12649
-1.44372	0.917509	5.14423	5.12649
-1.43846	0.92178	5.14522	5.12649
-1.44733	0.921452	5.14456	5.12583
-1.45226	0.917509	5.14226	5.1255
-1.45226	0.916523	5.13996	5.12616
-1.4516	0.921123	5.13996	5.1255
-1.44404	0.929337	5.14226	5.1255
-1.45259	0.915209	5.1439	5.12353
-1.45423	0.915538	5.14522	5.1232
-1.4631	0.904367	5.14489	5.12156
-1.46113	0.899768	5.14357	5.12222
-1.45751	0.904367	5.14226	5.1255
-1.45653	0.913238	5.14193	5.12616
-1.45883	0.905353	5.14292	5.12353
-1.45423	0.907653	5.14292	5.12189
-1.45521	0.909953	5.14292	5.12255
-1.4539	0.908967	5.1439	5.12485
-1.45357	0.916523	5.14325	5.12715
-1.45686	0.920137	5.14325	5.12748
-1.45751	0.919152	5.14259	5.12682
-1.45751	0.918166	5.14259	5.12583
-1.45719	0.919152	5.1439	5.12518
-1.46967	0.903053	5.14423	5.1255
-1.4769	0.890569	5.14357	5.12649
-1.48314	0.883341	5.14193	5.1255
-1.48643	0.883998	5.14062	5.1255
-1.48216	0.87677	5.13996	5.12748
-1.48018	0.882684	5.13897	5.12649
-1.4631	0.901739	5.13996	5.12518
-1.46047	0.913238	5.14095	5.12518
-1.46441	0.903382	5.14095	5.12518
-1.45521	0.909953	5.1416	5.1255
-1.44404	0.915866	5.14259	5.1255
-1.44306	0.914881	5.14357	5.1255
-1.4401	0.923094	5.14325	5.12616
-1.43944	0.915538	5.14325	5.12748
-1.43255	0.931308	5.14357	5.12846
-1.43025	0.945764	5.14489	5.12912
-1.43452	0.943135	5.1439	5.12879
-1.42499	0.953977	5.14193	5.12715
-1.42597	0.950692	5.14095	5.12748
-1.41382	0.953977	5.14127	5.12583
-1.40593	0.956934	5.14456	5.12518
-1.39706	0.95332	5.14686	5.12518
-1.38721	0.962191	5.14817	5.1255
-1.39345	0.966462	5.1439	5.12485
-1.39739	0.964819	5.14127	5.12485
-1.39838	0.967447	5.14127	5.1255
-1.39443	0.974018	5.1416	5.12485
-1.39246	0.97369	5.14325	5.12419
-1.39903	0.974347	5.14357	5.12353
-1.39805	0.974347	5.14456	5.12485
-1.39115	0.974347	5.1462	5.12649
-1.38622	0.976647	5.14587	5.12715
-1.37538	0.981246	5.14555	5.12682
-1.37604	0.967447	5.14489	5.1278
-1.38688	0.96449	5.14489	5.12879
-1.37505	0.977304	5.14489	5.1278
-1.37275	0.975332	5.14555	5.12879
-1.37012	0.976318	5.14489	5.12879
-1.36947	0.967447	5.14555	5.12846
-1.36881	0.978946	5.14489	5.12649
-1.37144	0.985517	5.14489	5.1255
-1.36914	0.987817	5.14555	5.12222
-1.37669	0.988474	5.14423	5.12222
-1.38326	0.983546	5.14226	5.12353
-1.38064	0.984203	5.14193	5.12452
-1.37998	0.978618	5.14193	5.12518
-1.38392	0.976318	5.14292	5.12485
-1.38622	0.972375	5.1439	5.12419
-1.39936	0.958577	5.14587	5.1232
-1.40002	0.95792	5.14555	5.12288
-1.40199	0.960548	5.14423	5.12518
-1.40331	0.956605	5.14325	5.1278
-1.4102	0.95792	5.14226	5.12715
-1.40955	0.957591	5.14292	5.12583
-1.40955	0.954306	5.1439	5.12649
-1.41283	0.952006	5.14259	5.12485
-1.42367	0.946421	5.14127	5.12222
-1.43156	0.938207	5.14193	5.12189
-1.43583	0.936236	5.14193	5.12452
-1.43353	0.945764	5.1439	5.12715
-1.43123	0.944778	5.14522	5.12715
-1.43057	0.944778	5.1462	5.12419
-1.4378	0.941164	5.14456	5.12288
-1.43123	0.955291	5.14259	5.12255
-1.43452	0.963176	5.14095	5.1232
-1.43944	0.95332	5.1416	5.12452
-1.44076	0.942478	5.14226	5.12518
-1.4447	0.929665	5.14325	5.12616
-1.44207	0.931965	5.14456	5.12748
-1.44372	0.924737	5.14423	5.12583
-1.44536	0.924408	5.1439	5.12288
-1.4424	0.921123	5.14423	5.12189
-1.44569	0.918166	5.14456	5.12255
-1.45291	0.910281	5.14489	5.12386
-1.45554	0.910938	5.14423	5.12485
-1.4539	0.90601	5.14292	5.12583
-1.45193	0.902725	5.14193	5.12846
-1.4493	0.90371	5.14127	5.12879
-1.45029	0.903382	5.14292	5.12682
-1.4539	0.897139	5.14522	5.12583
-1.45587	0.898125	5.14423	5.12616
-1.46474	0.893854	5.14456	5.12715
-1.47066	0.886626	5.14489	5.1278
-1.47394	0.884655	5.14292	5.12846
-1.47033	0.885969	5.14127	5.12813
-1.47427	0.881041	5.14127	5.12846
-1.47328	0.878413	5.14193	5.12879
-1.46737	0.877427	5.14325	5.12616
-1.46639	0.889583	5.14653	5.12419
-1.4677	0.889254	5.14522	5.12353
-1.46704	0.889254	5.14193	5.12419
-1.47197	0.885969	5.14127	5.12452
-1.4792	0.875456	5.14193	5.12485
-1.48413	0.877427	5.14357	5.12583
-1.48248	0.875456	5.14292	5.12748
-1.48905	0.861	5.14292	5.1255
-1.4838	0.863957	5.14357	5.12353
-1.48117	0.862643	5.14357	5.12288
-1.48774	0.859357	5.14127	5.12485
-1.48478	0.859357	5.14127	5.12682
-1.49464	0.841944	5.14292	5.1278
-1.49497	0.841616	5.14456	5.12682
-1.49825	0.847201	5.14653	5.12485
-1.49497	0.853115	5.1485	5.12452
-1.49333	0.854758	5.14686	5.1255
-1.49333	0.856072	5.14456	5.12616
-1.50417	0.847201	5.14325	5.12682
-1.50778	0.84293	5.14357	5.12649
-1.51665	0.829131	5.14456	5.12518
-1.52224	0.824532	5.14587	5.12485
-1.52388	0.825189	5.14752	5.12386
-1.52487	0.826503	5.14587	5.12386
-1.52585	0.838331	5.14456	5.12419
-1.51895	0.848515	5.14522	5.12518
-1.51205	0.849829	5.14522	5.12616
-1.51862	0.836031	5.14555	5.12748
-1.52191	0.836031	5.14423	5.1278
-1.52552	0.838331	5.14193	5.12583
-1.51829	0.839645	5.14029	5.12419
-1.51928	0.839316	5.14029	5.1232
-1.52158	0.834717	5.14193	5.12353
-1.52322	0.841287	5.14357	5.12419
-1.51895	0.852129	5.14522	5.12452
-1.50942	0.849172	5.14522	5.12518
-1.51008	0.842273	5.14555	5.12715
-1.51501	0.837345	5.14489	5.12846
-1.5068	0.854429	5.14555	5.12879
-1.50121	0.868228	5.1462	5.12813
-1.49793	0.863957	5.14752	5.12583
-1.49563	0.870856	5.14653	5.12452
-1.4976	0.863628	5.14456	5.12485
-1.49563	0.870199	5.14226	5.12583
-1.4999	0.862971	5.14095	5.12616
-1.50055	0.8587	5.14095	5.12616
-1.48873	0.868228	5.14193	5.12419
-1.4861	0.867242	5.14325	5.12353
-1.49168	0.865271	5.14325	5.12485
-1.49037	0.863957	5.14226	5.12649
-1.49037	0.853443	5.14325	5.12748
-1.49825	0.844573	5.14456	5.12813
-1.50515	0.841616	5.14522	5.12748
-1.50384	0.84753	5.14653	5.12616
-1.50351	0.835045	5.14653	5.12353
-1.50318	0.839973	5.14653	5.12288
-1.49267	0.846216	5.14456	5.1255
-1.49168	0.841616	5.14193	5.12715
-1.48774	0.847858	5.14095	5.12682
-1.49037	0.839973	5.14226	5.12813
-1.49267	0.843916	5.14456	5.12945
-1.49858	0.843916	5.14423	5.12715
-1.49694	0.834717	5.14259	5.12616
-1.49103	0.833402	5.14226	5.12682
-1.4884	0.846216	5.14325	5.1278
-1.49595	0.84063	5.14522	5.12715
-1.49431	0.843259	5.14686	5.12452
-1.4907	0.843916	5.14587	5.12058
-1.50154	0.838002	5.14423	5.12058
-1.50844	0.825846	5.14325	5.12255
-1.50548	0.835374	5.14456	5.12419
-1.5091	0.831103	5.14522	5.12485
-1.50614	0.843259	5.14357	5.12419
-1.49825	0.852786	5.14423	5.12485
-1.4999	0.841616	5.14357	5.12583
-1.49825	0.845558	5.14423	5.12452
-1.48807	0.857057	5.14456	5.1232
-1.48938	0.861	5.14587	5.12452
-1.48708	0.866257	5.14555	5.12616
-1.48413	0.871185	5.14456	5.1255
-1.4884	0.865271	5.14357	5.12452
-1.49267	0.857386	5.14423	5.12419
-1.49497	0.846544	5.14522	5.12452
-1.49595	0.845887	5.14456	5.12485
-1.50154	0.847858	5.14489	5.12485
-1.4976	0.8633	5.14423	5.12353
-1.49563	0.866585	5.14357	5.12518
-1.49234	0.867899	5.14357	5.12682
-1.4861	0.87677	5.14555	5.1278
-1.47657	0.870528	5.14587	5.12682
-1.46047	0.879398	5.14423	5.1255
-1.45127	0.886298	5.14062	5.12353
-1.44043	0.891554	5.13733	5.12452
-1.44109	0.892211	5.1393	5.12813
-1.45259	0.883998	5.14226	5.12912
-1.4516	0.892211	5.14325	5.12912
-1.44897	0.893854	5.14357	5.12682
-1.43813	0.912252	5.14259	5.12748
-1.43912	0.905353	5.14127	5.12945
-1.43287	0.92178	5.14193	5.12846
-1.42696	0.931308	5.14226	5.12748
-1.41908	0.931965	5.14423	5.12485
-1.41579	0.930651	5.14522	5.1232
-1.40626	0.936893	5.14587	5.12452
-1.41218	0.930979	5.14555	5.12452
-1.41415	0.92638	5.14456	5.12649
-1.40626	0.931965	5.14489	5.12977
-1.40429	0.928022	5.14456	5.12945
-1.41316	0.917509	5.14522	5.12682
-1.41645	0.911924	5.14259	5.12353
-1.41382	0.912909	5.14259	5.12255
-1.42729	0.901082	5.14226	5.12353
-1.42565	0.899111	5.1416	5.12682
-1.42236	0.907324	5.14029	5.1278
-1.42499	0.907981	5.14095	5.12649
-1.43156	0.902068	5.1439	5.12485
-1.43977	0.901739	5.14423	5.12156
-1.43123	0.911924	5.14456	5.11992
-1.4286	0.921452	5.14357	5.12353
-1.42795	0.929994	5.14357	5.12616
-1.42827	0.92178	5.14292	5.1278
-1.43715	0.925065	5.14456	5.12879
-1.44733	0.916852	5.14587	5.12846
-1.447	0.918166	5.14522	5.12748
-1.44372	0.91948	5.14587	5.12715
-1.44569	0.916852	5.14587	5.12748
-1.44207	0.930979	5.14489	5.12977
-1.447	0.935579	5.14489	5.12912
-1.44207	0.944121	5.14653	5.12616
-1.4401	0.940178	5.14686	5.12583
-1.45127	0.933936	5.1485	5.12518
-1.45817	0.934593	5.14817	5.1255
-1.46179	0.931308	5.14423	5.12583
-1.45817	0.932293	5.14193	5.12583
-1.46014	0.935579	5.14259	5.12813
-1.46047	0.929008	5.1439	5.12813
-1.45784	0.921452	5.14555	5.12682
-1.46211	0.91948	5.14719	5.12616
-1.45817	0.91948	5.14719	5.12748
-1.4585	0.925723	5.1462	5.12813
-1.45291	0.934265	5.14555	5.12813
-1.44536	0.936236	5.14226	5.12813
-1.44602	0.924737	5.14095	5.1278
-1.44503	0.915538	5.14226	5.12518
-1.44897	0.906667	5.14522	5.12616
-1.45062	0.906996	5.14653	5.12649
-1.44602	0.911924	5.1462	5.12715
-1.44634	0.908638	5.14489	5.12649
-1.45062	0.908638	5.14555	5.1232
-1.44372	0.907981	5.1462	5.12222
-1.44634	0.910281	5.14752	5.12156
-1.44766	0.907324	5.14686	5.1232
-1.45127	0.902068	5.14522	5.12419
-1.45226	0.898782	5.14292	5.12518
-1.4516	0.889254	5.1416	5.12353
-1.45226	0.899439	5.14292	5.12386
-1.4516	0.900753	5.14489	5.12485
-1.45489	0.888269	5.14719	5.12518
-1.4585	0.889254	5.14587	5.12386
-1.47098	0.883341	5.14423	5.12485
-1.47394	0.880712	5.14292	5.12616
-1.47526	0.883341	5.14423	5.12813
-1.47493	0.881698	5.14587	5.12945
-1.47723	0.87677	5.14752	5.12813
-1.48281	0.873156	5.14719	5.12682
-1.48643	0.860014	5.14653	5.12616
-1.49628	0.856072	5.14423	5.12682
-1.50384	0.850487	5.14193	5.1278
-1.5022	0.850158	5.1416	5.1301
-1.51172	0.831103	5.14193	5.13076
-1.52125	0.821246	5.14292	5.12879
-1.51567	0.824532	5.14522	5.12682
-1.51107	0.839973	5.14555	5.12649
-1.51041	0.830774	5.14555	5.12748
-1.51599	0.826503	5.1439	5.12813
-1.52454	0.819604	5.14259	5.12649
-1.52618	0.817304	5.14292	5.12419
-1.52355	0.822561	5.14423	5.12288
-1.52059	0.830117	5.14423	5.12288
-1.51961	0.828803	5.14259	5.12452
-1.52224	0.825846	5.13996	5.12616
-1.52651	0.822561	5.13963	5.12846
-1.53242	0.823218	5.14029	5.13109
-1.52979	0.823546	5.1439	5.13109
-1.52717	0.828146	5.1462	5.1278
-1.52651	0.826503	5.14456	5.12583
-1.52947	0.821575	5.14193	5.12715
-1.52355	0.829131	5.14029	5.12682
-1.52454	0.826174	5.13963	5.12682
-1.52618	0.816318	5.14062	5.12682
-1.51895	0.81369	5.14193	5.12616
-1.51304	0.826503	5.1439	5.12583
-1.51304	0.828146	5.14555	5.12452
-1.49891	0.833402	5.14522	5.12485
-1.4907	0.838331	5.14489	5.12452
-1.48577	0.839973	5.14423	5.12518
-1.48084	0.845887	5.1439	5.12583
-1.47197	0.852129	5.14522	5.12649
-1.47164	0.857714	5.14456	5.12616
-1.46803	0.8587	5.1416	5.12748
-1.47296	0.847201	5.14062	5.1278
-1.47558	0.850487	5.1393	5.1278
-1.47131	0.84753	5.14029	5.12649
-1.4792	0.848515	5.1416	5.12649
-1.48216	0.855743	5.14456	5.1278
-1.47263	0.863957	5.14653	5.12616
-1.47263	0.870199	5.14653	5.1232
-1.47328	0.8633	5.14423	5.12156
-1.4631	0.869542	5.14325	5.12025
-1.45357	0.877427	5.14423	5.1209
-1.45094	0.879398	5.14555	5.12222
-1.45259	0.86987	5.14587	5.12353
-1.44569	0.880055	5.14555	5.12452
-1.44667	0.886626	5.14489	5.12419
-1.44766	0.883998	5.14456	5.12452
-1.447	0.888926	5.14522	5.12452
-1.45324	0.888597	5.14522	5.12288
-1.45817	0.881698	5.14456	5.1232
-1.45587	0.884326	5.14325	5.1255
-1.45489	0.877755	5.1439	5.12682
-1.45456	0.883341	5.1439	5.12583
-1.4608	0.882027	5.14357	5.1232
-1.45587	0.886626	5.14292	5.12222
-1.46704	0.883669	5.14456	5.1232
-1.47887	0.878413	5.14456	5.12452
-1.48051	0.884655	5.1439	5.12452
-1.48544	0.877427	5.14325	5.12419
-1.47756	0.882684	5.14325	5.1232
-1.48084	0.880055	5.14259	5.1232
-1.47986	0.886298	5.14259	5.12518
-1.47624	0.872827	5.14292	5.12419
-1.47394	0.879398	5.14259	5.12419
-1.47164	0.883012	5.14325	5.12518
-1.47033	0.888926	5.14292	5.12682
-1.47493	0.889912	5.14456	5.12616
-1.4746	0.89024	5.14752	5.12583
-1.47887	0.884655	5.14785	5.12583
-1.47558	0.884326	5.14686	5.12353
-1.47657	0.877755	5.14489	5.12288
-1.47328	0.883669	5.14292	5.12485
-1.47033	0.889583	5.1416	5.12649
-1.46737	0.898125	5.14062	5.12682
-1.46868	0.896154	5.1416	5.12682
-1.45784	0.90141	5.14259	5.12715
-1.45423	0.918166	5.1439	5.1278
-1.44963	0.921123	5.14522	5.12616
-1.45521	0.912252	5.14489	5.12518
-1.45127	0.91718	5.14357	5.12419
-1.46047	0.906996	5.14357	5.12518
-1.4585	0.915866	5.14423	5.12649
-1.45521	0.929008	5.14555	5.12682
-1.45062	0.930979	5.14522	5.12485
-1.4447	0.939193	5.14555	5.12419
-1.44174	0.949378	5.1439	5.12452
-1.43025	0.952006	5.14259	5.1255
-1.42795	0.953649	5.14193	5.12583
-1.4286	0.956605	5.14259	5.12583
-1.42072	0.956277	5.14357	5.1255
-1.41809	0.95792	5.14522	5.1255
-1.41053	0.959891	5.14752	5.12485
-1.40561	0.959562	5.14653	5.12288
-1.40922	0.953977	5.1439	5.1232
-1.40593	0.952663	5.13996	5.12518
-1.39903	0.953977	5.14127	5.12649
-1.41152	0.946421	5.14259	5.12485
-1.41678	0.948063	5.14423	5.1232
-1.41842	0.939193	5.14522	5.12189
-1.41875	0.940835	5.14456	5.12485
-1.41842	0.943792	5.14292	5.12682
-1.41513	0.947406	5.14226	5.1278
-1.4263	0.940507	5.1439	5.12879
-1.4125	0.951677	5.14522	5.12813
-1.41185	0.952334	5.14522	5.12616
-1.40988	0.946421	5.14522	5.12485
-1.4171	0.934593	5.1439	5.12485
-1.42893	0.931308	5.1439	5.12715
-1.43517	0.921452	5.14357	5.1301
-1.43123	0.922766	5.14226	5.1278
-1.42105	0.930322	5.14292	5.12419
-1.42532	0.924737	5.14456	5.12419
-1.42433	0.928022	5.14686	5.1255
-1.42433	0.930651	5.14752	5.12649
-1.42959	0.923423	5.14653	5.1278
-1.4263	0.926051	5.1439	5.12715
-1.42795	0.930651	5.14292	5.12682
-1.42499	0.939521	5.14357	5.1255
-1.42762	0.929008	5.14357	5.1255
-1.41842	0.930651	5.1439	5.12748
-1.4171	0.929665	5.14127	5.12945
-1.42367	0.924737	5.14029	5.12879
-1.4217	0.922766	5.14029	5.1278
-1.42105	0.933936	5.1416	5.12649
-1.41776	0.927037	5.14357	5.12518
-1.41546	0.922109	5.14357	5.12288
-1.41382	0.930322	5.14325	5.1232
-1.41645	0.918823	5.14226	5.1232
-1.41415	0.915538	5.14193	5.12386
-1.41908	0.900753	5.1416	5.12583
-1.4286	0.895168	5.14193	5.12682
-1.43287	0.906339	5.14062	5.12649
-1.44207	0.88794	5.14095	5.12682
-1.44142	0.897139	5.14292	5.12583
-1.4401	0.889912	5.1439	5.12616
-1.44273	0.888597	5.14522	5.12616
-1.44634	0.881041	5.14653	5.12715
-1.44733	0.875784	5.14653	5.12715
-1.45193	0.871185	5.14555	5.12616
-1.45062	0.862314	5.1439	5.12518
-1.46376	0.857386	5.14226	5.1255
-1.46113	0.852458	5.14127	5.12682
-1.47	0.841616	5.14226	5.12813
-1.47558	0.826832	5.14325	5.12945
-1.49103	0.816647	5.14259	5.12945
-1.49201	0.822889	5.14127	5.12912
-1.48971	0.825189	5.1416	5.1278
-1.48938	0.830117	5.14292	5.1278
-1.49497	0.806462	5.14423	5.12879
-1.50088	0.808105	5.14456	5.12945
-1.50712	0.80022	5.14423	5.12879
-1.51402	0.791021	5.14325	5.12649
-1.51895	0.785435	5.14357	5.1255
-1.51271	0.789378	5.14522	5.12518
-1.50975	0.797263	5.1439	5.12616
-1.50417	0.806462	5.1439	5.12715
-1.51271	0.799563	5.14357	5.12649
-1.51665	0.797591	5.14325	5.1255
-1.52191	0.799891	5.1416	5.12616
-1.52289	0.803505	5.14062	5.12649
-1.52059	0.810733	5.14095	5.12748
-1.51534	0.813361	5.14029	5.12715
-1.51501	0.809419	5.14029	5.12682
-1.51632	0.802191	5.14292	5.1255
-1.51665	0.802191	5.14522	5.12649
-1.5137	0.802848	5.14587	5.12616
-1.51008	0.815661	5.14489	5.1255
-1.50614	0.823546	5.14456	5.12649
-1.50482	0.823875	5.14259	5.12715
-1.51107	0.818947	5.14062	5.12813
-1.51501	0.810076	5.14062	5.12813
-1.50548	0.838002	5.14259	5.12813
-1.50647	0.838002	5.14456	5.12649
-1.50055	0.839645	5.14587	5.12682
-1.50121	0.826174	5.14456	5.12748
-1.48741	0.832088	5.14193	5.12977
-1.4838	0.840959	5.1416	5.13109
-1.4792	0.853772	5.14226	5.12813
-1.47164	0.868885	5.14292	5.12583
-1.46146	0.894183	5.14456	5.12288
-1.45456	0.898125	5.14653	5.1232
-1.43485	0.911267	5.14719	5.12616
-1.42893	0.914224	5.14587	5.12813
-1.43287	0.920466	5.14456	5.12748
-1.43025	0.926051	5.14522	5.12616
-1.43682	0.923423	5.14423	5.12452
-1.4332	0.920466	5.1416	5.12222
-1.42663	0.930322	5.1416	5.12255
-1.4263	0.929665	5.14226	5.12518
-1.42138	0.932622	5.14423	5.12813
-1.41448	0.934922	5.14752	5.12879
-1.41283	0.936236	5.1485	5.12583
-1.4217	0.927037	5.14719	5.12189
-1.41086	0.944121	5.14489	5.12156
-1.40988	0.948392	5.14423	5.12353
-1.40725	0.947735	5.14259	5.12649
-1.40166	0.951349	5.1416	5.1278
-1.39213	0.948063	5.14095	5.12813
-1.39181	0.945107	5.1416	5.1278
-1.39181	0.933608	5.14193	5.12715
-1.39575	0.941164	5.14127	5.12748
-1.39969	0.936893	5.14127	5.1278
-1.39673	0.935907	5.14062	5.12748
-1.39969	0.929337	5.14259	5.12715
-1.40462	0.930979	5.1439	5.12583
-1.40298	0.929994	5.14587	5.12583
-1.39378	0.936893	5.14686	5.12616
-1.38852	0.944778	5.14489	5.12452
-1.38721	0.941821	5.14292	5.12452
-1.38556	0.946749	5.14127	5.1255
-1.38228	0.952663	5.1416	5.1255
-1.38524	0.942807	5.14193	5.12583
-1.38852	0.941164	5.14456	5.12518
-1.39345	0.930322	5.14686	5.1255
-1.39378	0.93295	5.14653	5.12452
-1.38951	0.943464	5.14555	5.1255
-1.39213	0.941164	5.14357	5.12748
-1.38951	0.945764	5.1439	5.12682
-1.40298	0.929008	5.14522	5.1232
-1.40133	0.930651	5.14489	5.12419
-1.40692	0.934922	5.14325	5.1255
-1.40561	0.938536	5.14259	5.12419
-1.40331	0.95332	5.1416	5.12518
-1.40232	0.949378	5.14062	5.12682
-1.42039	0.926051	5.14193	5.12715
-1.41743	0.92638	5.14325	5.1255
-1.41546	0.927694	5.14292	5.12452
-1.42532	0.922437	5.14259	5.12386
-1.43583	0.913567	5.14193	5.12518
-1.4401	0.912581	5.14127	5.12682
-1.43616	0.918166	5.1393	5.12682
-1.44142	0.917509	5.13996	5.12518
-1.44634	0.912252	5.14226	5.1232
-1.45324	0.904039	5.1462	5.1232
-1.46803	0.878084	5.14522	5.12386
-1.47591	0.876441	5.14325	5.12419
-1.48183	0.865271	5.14193	5.12419
-1.48807	0.861328	5.14226	5.1255
-1.49103	0.848515	5.14357	5.1255
-1.49793	0.835374	5.14423	5.12485
-1.5068	0.831103	5.14423	5.12518
-1.5091	0.825846	5.14456	5.12452
-1.51008	0.827489	5.1439	5.12419
-1.50647	0.835702	5.1439	5.1255
-1.50548	0.839316	5.1439	5.12813
-1.50548	0.845558	5.14357	5.12879
-1.50975	0.843259	5.14325	5.12912
-1.51107	0.847858	5.14522	5.12715
-1.51501	0.846216	5.14686	5.1255
-1.50417	0.8564	5.1462	5.12583
-1.49924	0.862643	5.14456	5.12649
-1.50121	0.860343	5.14357	5.12813
-1.50811	0.856072	5.14489	5.12879
-1.5022	0.854429	5.14719	5.12715
-1.50318	0.864942	5.14883	5.12682
-1.51238	0.855415	5.14785	5.12452
-1.51501	0.851144	5.14587	5.1232
-1.5114	0.852786	5.14423	5.12386
-1.52421	0.832745	5.14357	5.12583
-1.52322	0.832088	5.14325	5.12682
-1.52257	0.822889	5.1439	5.1278
-1.52027	0.832745	5.14325	5.1278
-1.50975	0.841944	5.14226	5.12682
-1.50055	0.854429	5.14193	5.1255
-1.5022	0.854101	5.1416	5.12518
-1.49595	0.862971	5.14292	5.12518
-1.49858	0.859686	5.14259	5.1255
-1.49497	0.868556	5.14193	5.12649
-1.49661	0.864614	5.1416	5.1255
-1.50055	0.859029	5.14226	5.12452
-1.49727	0.866257	5.14357	5.12748
-1.493	0.870199	5.14357	5.12813
-1.49431	0.875127	5.14522	5.12682
-1.48938	0.889583	5.14555	5.12715
-1.49168	0.889254	5.14522	5.12583
-1.49431	0.883012	5.14686	5.12485
-1.49037	0.88564	5.14653	5.12386
-1.48544	0.888926	5.14653	5.1255
-1.48873	0.88564	5.14522	5.12846
-1.48478	0.884326	5.14522	5.12813
-1.47887	0.89254	5.1462	5.12518
-1.48183	0.891226	5.14653	5.12518
-1.4769	0.894511	5.14587	5.12452
-1.46967	0.898125	5.14489	5.12583
-1.46737	0.906339	5.1439	5.12748
-1.46211	0.916523	5.14292	5.12583
-1.45291	0.928351	5.14357	5.12485
-1.45357	0.926051	5.14489	5.1255
-1.45357	0.929337	5.14653	5.12616
-1.45324	0.936236	5.14555	5.12715
-1.45456	0.93985	5.14587	5.1278
-1.45521	0.929665	5.14423	5.1278
-1.45357	0.920794	5.14357	5.12748
-1.44142	0.929994	5.14357	5.12616
-1.44404	0.923094	5.14325	5.12649
-1.43287	0.93755	5.14226	5.12583
-1.42827	0.94872	5.14292	5.12616
-1.43156	0.943792	5.14127	5.12715
-1.42006	0.95102	5.14029	5.12813
-1.4102	0.960548	5.14226	5.12518
-1.40856	0.957591	5.14555	5.1209
-1.40068	0.976975	5.14686	5.12222
-1.39871	0.983546	5.1462	5.12616
-1.39575	0.984203	5.1439	5.12748
-1.39871	0.978618	5.14226	5.1255
-1.39246	0.980589	5.14127	5.12419
-1.38721	0.974347	5.14226	5.12386
-1.37866	0.976975	5.14325	5.1232
-1.37242	0.98716	5.14259	5.12288
-1.37045	0.990774	5.14193	5.12386
-1.37177	0.981246	5.14357	5.12452
-1.38162	0.967447	5.14423	5.12649
-1.37899	0.969419	5.14325	5.1278
-1.38754	0.961205	5.14325	5.12945
-1.39181	0.961862	5.14456	5.12879
-1.39739	0.967447	5.1462	5.12518
-1.39279	0.966462	5.14719	5.12452
-1.40002	0.968104	5.14686	5.1255
-1.40002	0.971061	5.14587	5.12583
-1.40298	0.975989	5.14555	5.12649
-1.40725	0.975332	5.1462	5.12682
-1.40331	0.979275	5.14653	5.12715
-1.40232	0.981903	5.14489	5.12649
-1.40265	0.972704	5.14325	5.1255
-1.40593	0.968104	5.14226	5.12485
-1.40823	0.959562	5.14193	5.12452
-1.41086	0.950692	5.14127	5.12353
-1.41382	0.951349	5.1416	5.12222
-1.41119	0.961862	5.14325	5.12288
-1.40823	0.960219	5.14522	5.12386
-1.40561	0.955291	5.14489	5.12616
-1.4125	0.956277	5.14522	5.12715
-1.41185	0.958577	5.14522	5.1255
-1.41546	0.957263	5.14456	5.12583
-1.4102	0.960877	5.14456	5.12616
-1.40692	0.973361	5.1439	5.12616
-1.41185	0.970076	5.14456	5.12452
-1.41218	0.979275	5.14423	5.12353
-1.41513	0.969419	5.14423	5.12419
-1.42039	0.967776	5.14325	5.12583
-1.42138	0.958248	5.14357	5.1278
-1.42039	0.956934	5.14259	5.12813
-1.41809	0.957591	5.14357	5.12748
-1.4263	0.952334	5.14357	5.12616
-1.42302	0.95562	5.14325	5.12583
-1.4309	0.953977	5.14292	5.12682
-1.43189	0.953649	5.1439	5.12682
-1.43846	0.955948	5.14555	5.12682
-1.43616	0.954634	5.14686	5.12518
-1.42893	0.965148	5.14555	5.12452
-1.42203	0.971061	5.14325	5.12583
-1.41842	0.980918	5.14193	5.12616
-1.41218	0.985846	5.14127	5.12682
-1.40593	0.997016	5.14127	5.12583
-1.40199	0.989131	5.14489	5.12386
-1.39608	0.99833	5.14686	5.12222
-1.39838	0.989788	5.14785	5.12353
-1.38918	0.989788	5.1462	5.1255
-1.38458	0.985846	5.1439	5.12485
-1.37866	0.987817	5.14423	5.12649
-1.38031	0.981246	5.14357	5.12846
-1.38951	0.975004	5.1439	5.12813
-1.38688	0.981246	5.14357	5.12518
-1.39279	0.974018	5.14292	5.12419
-1.38294	0.981903	5.13996	5.12353
-1.38622	0.983874	5.13865	5.1232
-1.39181	0.987488	5.13996	5.12353
-1.39805	0.973033	5.1416	5.12419
-1.39673	0.974347	5.14292	5.12452
-1.39805	0.967119	5.14489	5.12353
-1.39969	0.957263	5.14456	5.12353
-1.41513	0.943792	5.14357	5.12353
-1.4148	0.93985	5.14259	5.12616
-1.41283	0.949049	5.1416	5.12879
-1.41448	0.947078	5.14193	5.12945
-1.42663	0.936893	5.14292	5.1278
-1.42762	0.931636	5.14357	5.1255
-1.42696	0.928351	5.14292	5.1255
-1.43583	0.916195	5.14029	5.12518
-1.44142	0.906339	5.13865	5.12288
-1.44667	0.902725	5.14029	5.12222
-1.45489	0.893197	5.14127	5.12255
-1.44733	0.90371	5.14226	5.12386
-1.4562	0.900753	5.14259	5.12452
-1.46047	0.90141	5.14193	5.12583
-1.45817	0.902396	5.14095	5.1255
-1.45916	0.90601	5.1416	5.12518
-1.47427	0.901739	5.14325	5.12518
-1.47197	0.902396	5.14522	5.12419
-1.45883	0.920466	5.14489	5.12452
-1.46868	0.912252	5.14357	5.12288
-1.47164	0.905024	5.14292	5.12222
-1.46967	0.901082	5.1439	5.1232
-1.47427	0.902396	5.14522	5.1255
-1.46704	0.907981	5.14555	5.12616
-1.45817	0.909624	5.14489	5.12518
-1.45259	0.906339	5.14522	5.12386
-1.46277	0.891883	5.14587	5.12452
-1.46244	0.887283	5.1439	5.12518
-1.46737	0.886298	5.14259	5.12616
-1.46901	0.884983	5.1416	5.12649
-1.46507	0.88794	5.14193	5.12649
-1.46934	0.882355	5.14325	5.12682
-1.47197	0.867242	5.14357	5.12583
-1.46803	0.865599	5.14489	5.12452
-1.47	0.863628	5.1462	5.12518
-1.46836	0.863628	5.14555	5.12518
-1.47361	0.860014	5.14357	5.12748
-1.47657	0.859029	5.14259	5.12813
-1.46901	0.866257	5.14325	5.12715
-1.4723	0.866257	5.14259	5.1255
-1.47197	0.865928	5.14357	5.12189
-1.47296	0.866585	5.14325	5.12058
-1.47657	0.860671	5.14259	5.12189
-1.47986	0.860014	5.14226	5.1255
-1.48248	0.858043	5.14292	5.1278
-1.48051	0.862971	5.14555	5.12813
-1.48577	0.851801	5.14785	5.12583
-1.48708	0.847201	5.14719	5.12452
-1.49168	0.837016	5.14522	5.12452
-1.49858	0.838331	5.1416	5.12518
-1.50088	0.84523	5.1393	5.12715
-1.50022	0.845887	5.14062	5.12715
-1.49694	0.84523	5.14226	5.12682
-1.49037	0.846544	5.14423	5.12649
-1.49135	0.849829	5.1439	5.12715
-1.49201	0.849829	5.14259	5.12583
-1.49694	0.833731	5.14193	5.1255
-1.49661	0.837673	5.14193	5.12682
-1.49924	0.834059	5.14226	5.12583
-1.50055	0.836359	5.1439	5.12419
-1.49957	0.837345	5.14522	5.1232
-1.50417	0.84523	5.14456	5.12255
-1.49924	0.857714	5.14292	5.12419
-1.5022	0.852129	5.14193	5.1255
-1.5022	0.851472	5.14325	5.1255
-1.50252	0.850158	5.14292	5.12682
-1.49595	0.860343	5.14226	5.1255
-1.49825	0.864942	5.1439	5.12255
-1.48741	0.87217	5.14587	5.12353
-1.47756	0.88794	5.14522	5.12485
-1.47493	0.891554	5.14522	5.12583
-1.47131	0.904367	5.14555	5.12748
-1.45883	0.913895	5.14686	5.12846
-1.45291	0.91718	5.14785	5.1278
-1.44634	0.925065	5.14752	5.1255
-1.45489	0.924408	5.14686	5.12386
-1.44963	0.927694	5.14423	5.12452
-1.44273	0.934265	5.14259	5.12649
-1.43583	0.935907	5.14226	5.12616
-1.43879	0.931308	5.14357	5.1255
-1.42335	0.941821	5.14522	5.12583
-1.42269	0.941164	5.14423	5.12583
-1.41579	0.94215	5.14292	5.12649
-1.42006	0.93985	5.14357	5.1278
-1.41973	0.930979	5.14226	5.1278
-1.41283	0.938536	5.14292	5.12879
-1.40626	0.944449	5.14423	5.12813
-1.39575	0.959562	5.14489	5.12452
-1.37998	0.964819	5.14587	5.12386
-1.37308	0.972047	5.14522	5.12583
-1.36848	0.968762	5.14456	5.12682
-1.36421	0.979932	5.14357	5.12813
-1.34745	0.988145	5.14456	5.12912
-1.35172	0.986503	5.14719	5.12583
-1.35238	0.988145	5.14785	5.1255
-1.35337	0.996359	5.1462	5.12682
-1.35172	0.994388	5.14423	5.12649
-1.34647	0.994388	5.14357	5.12649
-1.3445	1.00556	5.1416	5.1255
-1.34285	1.00096	5.14292	5.12485
-1.34745	0.988474	5.14456	5.12649
-1.3422	1.00096	5.14489	5.12748
-1.33694	1.01344	5.1439	5.12682
-1.3376	1.0072	5.14325	5.12748
-1.34088	1.01476	5.14325	5.1278
-1.3399	1.01607	5.14522	5.12715
-1.3422	1.00983	5.14555	5.12715
-1.34121	1.01246	5.14555	5.1255
-1.3445	1.0049	5.14522	5.1232
-1.35271	0.999644	5.14587	5.12419
-1.3583	1.00096	5.14456	5.1278
-1.35994	1.00917	5.14259	5.12879
-1.36815	1.01279	5.14259	5.12813
-1.37472	1.00556	5.14292	5.12813
-1.37768	1.00227	5.14456	5.12715
-1.37505	1.00753	5.1439	5.1255
-1.37538	0.996688	5.14095	5.12485
-1.37735	0.995373	5.13865	5.1255
-1.38425	0.989788	5.13897	5.12583
-1.40002	0.979932	5.14193	5.1255
-1.39936	0.977961	5.1439	5.12583
-1.41283	0.970404	5.14587	5.1255
-1.42105	0.967776	5.14587	5.12419
-1.42532	0.965148	5.14555	5.12386
-1.43944	0.94872	5.14653	5.12485
-1.43123	0.956934	5.14456	5.12682
-1.43287	0.956277	5.14357	5.12649
-1.43846	0.949049	5.14259	5.1255
-1.43419	0.946421	5.14193	5.12419
-1.43813	0.938536	5.14226	5.12419
-1.44076	0.927694	5.1439	5.12419
-1.44503	0.924408	5.14325	5.12419
-1.44897	0.920794	5.14259	5.12518
-1.44142	0.929665	5.14489	5.12452
-1.447	0.92638	5.14686	5.1232
-1.44667	0.91718	5.1462	5.1232
-1.46474	0.892868	5.14226	5.12419
-1.46113	0.894183	5.13897	5.12518
-1.45916	0.89024	5.1393	5.12945
-1.46047	0.88564	5.14226	5.12813
-1.46409	0.883341	5.1462	5.12682
-1.46639	0.873156	5.14785	5.12386
-1.46967	0.868885	5.14817	5.12255
-1.47394	0.869213	5.14883	5.12452
-1.47	0.8633	5.14785	5.12616
-1.46967	0.867571	5.1439	5.12649
-1.46277	0.865928	5.14259	5.1255
-1.4585	0.861328	5.14357	5.12518
-1.46211	0.864285	5.14587	5.12419
-1.46868	0.868228	5.14752	5.12518
-1.47131	0.869213	5.14785	5.12682
-1.46868	0.870199	5.14522	5.12715
-1.46967	0.877755	5.14226	5.1278
-1.47263	0.876113	5.1416	5.1278
-1.47197	0.875127	5.14226	5.12846
-1.47	0.885969	5.14292	5.1278
-1.47066	0.884326	5.14292	5.12748
-1.47887	0.876113	5.14325	5.1278
-1.48216	0.868556	5.14423	5.12748
-1.48445	0.879398	5.14423	5.12748
-1.47821	0.887612	5.14325	5.12682
-1.4723	0.89024	5.14357	5.12518
-1.46507	0.899439	5.14325	5.12485
-1.46934	0.888269	5.14423	5.12715
-1.46606	0.890897	5.1439	5.12846
-1.47657	0.882684	5.14423	5.12846
-1.47723	0.883669	5.14555	5.12682
-1.47854	0.881369	5.14522	5.1255
-1.48478	0.879727	5.14423	5.1255
-1.49168	0.87447	5.1439	5.1255
-1.49891	0.855415	5.14325	5.12616
-1.49628	0.859029	5.14226	5.12649
-1.50022	0.856729	5.14062	5.12682
-1.50187	0.860671	5.14127	5.12748
-1.50252	0.863628	5.14259	5.12912
-1.50778	0.863628	5.14357	5.12977
-1.50252	0.867899	5.14489	5.12748
-1.50745	0.864942	5.14325	5.12616
-1.50745	0.860671	5.14325	5.12583
-1.50417	0.861328	5.14456	5.12813
-1.5045	0.861986	5.14489	5.12748
-1.50581	0.850487	5.14456	5.12813
-1.50778	0.841944	5.14555	5.12813
-1.5022	0.846544	5.14587	5.12715
-1.4999	0.849829	5.14653	5.12485
-1.50121	0.847858	5.14522	5.12616
-1.50055	0.854101	5.14423	5.12748
-1.50482	0.852129	5.14423	5.1278
-1.4953	0.865599	5.14587	5.1278
-1.49694	0.866914	5.14587	5.12649
-1.49793	0.869542	5.14456	5.12452
-1.4953	0.873156	5.1439	5.12419
-1.49135	0.872827	5.1439	5.12616
-1.49168	0.870199	5.14456	5.12649
-1.48873	0.878413	5.14522	5.1255
-1.48643	0.881369	5.1462	5.12386
-1.47986	0.89024	5.14522	5.12386
-1.48577	0.884983	5.14292	5.12583
-1.47821	0.893854	5.14029	5.12813
-1.48084	0.893525	5.14095	5.12748
-1.4792	0.896482	5.14193	5.12682
-1.47723	0.903382	5.14325	5.12583
-1.48084	0.895825	5.14653	5.12485
-1.47788	0.895825	5.14817	5.12386
-1.48018	0.885312	5.14752	5.12255
-1.47953	0.880055	5.14522	5.12353
-1.47526	0.893854	5.1439	5.1255
-1.48084	0.881698	5.14259	5.12518
-1.48347	0.874142	5.14193	5.12583
-1.48413	0.865271	5.14259	5.1255
-1.48413	0.863957	5.14095	5.12419
-1.48708	0.853772	5.14095	5.12518
-1.48873	0.854101	5.14029	5.12682
-1.4907	0.853772	5.13897	5.12879
-1.48643	0.856729	5.1393	5.13142
-1.4815	0.855743	5.14127	5.13142
-1.4769	0.862971	5.14193	5.12879
-1.48248	0.852786	5.14292	5.12616
-1.47821	0.850815	5.14325	5.1255
-1.47986	0.851144	5.14292	5.1255
-1.47657	0.850158	5.14357	5.12813
-1.47657	0.858372	5.14423	5.12977
-1.48248	0.864285	5.14522	5.1278
-1.48741	0.860671	5.14489	5.12616
-1.49234	0.865599	5.14456	5.12583
-1.48445	0.871513	5.14292	5.12649
-1.4861	0.86987	5.14095	5.12813
-1.48741	0.883341	5.13897	5.12813
-1.48577	0.89024	5.14095	5.12616
-1.48643	0.896482	5.14292	5.12583
-1.49497	0.884326	5.14456	5.12485
-1.49037	0.900425	5.1439	5.12649
-1.49333	0.895497	5.14259	5.12879
-1.48708	0.90601	5.14193	5.12813
-1.48643	0.905024	5.14226	5.1278
-1.49563	0.902725	5.1416	5.12846
-1.49858	0.895825	5.1416	5.12616
-1.49595	0.898454	5.14357	5.12386
-1.49727	0.891554	5.14423	5.12386
-1.4907	0.892868	5.14259	5.12485
-1.49957	0.88794	5.14259	5.1278
-1.5045	0.885969	5.14292	5.12682
-1.50581	0.882027	5.14325	5.12518
-1.50647	0.873156	5.14357	5.1232
-1.50942	0.874142	5.14325	5.1232
-1.50975	0.874142	5.14193	5.12288
-1.51008	0.87217	5.14127	5.12222
-1.50614	0.882684	5.14029	5.12288
-1.50055	0.892868	5.1416	5.12419
-1.49464	0.900753	5.14127	5.12616
-1.49497	0.908967	5.14357	5.12715
-1.48511	0.920794	5.14423	5.12715
-1.48216	0.914552	5.14259	5.12682
-1.48051	0.91061	5.14095	5.12748
-1.48544	0.907324	5.1393	5.12682
-1.48347	0.905682	5.14029	5.12649
-1.4746	0.914224	5.1416	5.12452
-1.4723	0.915209	5.14522	5.1232
-1.47296	0.907324	5.14489	5.12419
-1.46868	0.910938	5.14259	5.12649
-1.46507	0.917509	5.14095	5.12649
-1.44864	0.92638	5.14193	5.12682
-1.45291	0.91948	5.1439	5.12616
-1.44667	0.93755	5.14423	5.12452
-1.4424	0.944121	5.14325	5.12419
-1.42729	0.954306	5.14259	5.1255
-1.42433	0.950692	5.14292	5.12583
-1.42762	0.950692	5.14423	5.12518
-1.42893	0.952006	5.1439	5.12386
-1.43025	0.946421	5.14193	5.1232
-1.42893	0.946092	5.13996	5.12452
-1.41776	0.955948	5.13996	5.12583
-1.41973	0.951677	5.14062	5.12616
-1.41973	0.950035	5.14062	5.12518
-1.4217	0.943792	5.1393	5.1255
-1.42367	0.943464	5.14095	5.12616
-1.42203	0.936893	5.14226	5.12616
-1.41743	0.943464	5.14423	5.12353
-1.42269	0.946092	5.14489	5.12156
-1.42893	0.941164	5.14489	5.12255
-1.43419	0.931308	5.14456	5.12518
-1.43452	0.930651	5.14423	5.12616
-1.44142	0.92638	5.14423	5.12616
-1.44372	0.930322	5.14325	5.1255
-1.447	0.923751	5.14292	5.12485
-1.44897	0.923423	5.14193	5.12419
-1.4516	0.917838	5.14193	5.12419
-1.45324	0.913895	5.14456	5.12485
-1.44996	0.909953	5.1462	5.1278
-1.45029	0.920466	5.14587	5.12813
-1.45916	0.919809	5.14456	5.1278
-1.4562	0.923423	5.14259	5.12748
-1.47361	0.909953	5.14292	5.12682
-1.47526	0.905353	5.1439	5.12715
-1.4838	0.898454	5.14292	5.12649
-1.49037	0.887283	5.14193	5.12452
-1.48873	0.889254	5.14095	5.12485
-1.49563	0.881698	5.14226	5.12485
-1.49694	0.87907	5.14259	5.12288
-1.50252	0.86987	5.14226	5.12386
-1.50285	0.865928	5.14226	5.12452
-1.50417	0.866914	5.14259	5.12649
-1.5091	0.867571	5.14127	5.1278
-1.51599	0.860671	5.14062	5.12879
-1.50844	0.869213	5.1416	5.12748
-1.51665	0.8587	5.1416	5.12649
-1.5114	0.863628	5.14292	5.12649
-1.51238	0.870199	5.14292	5.12715
-1.51238	0.867571	5.14259	5.12748
-1.50811	0.870856	5.14127	5.12682
-1.50187	0.870856	5.14127	5.12616
-1.50548	0.861328	5.14029	5.12649
-1.50285	0.864614	5.14029	5.12518
-1.4976	0.87217	5.13996	5.12518
-1.49661	0.874799	5.14062	5.12682
-1.50088	0.867899	5.1416	5.12813
-1.50745	0.862314	5.14226	5.12715
-1.50712	0.870199	5.14292	5.12616
-1.50647	0.868556	5.14325	5.12616
-1.49727	0.86987	5.14292	5.12682
-1.4953	0.864614	5.14062	5.12879
-1.49727	0.861986	5.13996	5.12879
-1.50088	0.860014	5.14095	5.12715
-1.50548	0.850158	5.14259	5.12452
-1.50745	0.839645	5.14456	5.12353
-1.50252	0.82946	5.14489	5.12353
-1.48905	0.843259	5.14325	5.12518
-1.49234	0.841944	5.14292	5.12583
-1.48807	0.833402	5.14259	5.12715
-1.48807	0.833074	5.14325	5.12846
-1.49333	0.825846	5.14357	5.12715
-1.4907	0.826832	5.14259	5.1255
-1.49103	0.833731	5.1439	5.12353
-1.49398	0.824532	5.1462	5.1232
-1.49168	0.831431	5.14522	5.1232
-1.48347	0.843916	5.1439	5.12485
-1.48445	0.850815	5.14226	5.12682
-1.4861	0.864942	5.14095	5.1278
-1.48741	0.87677	5.14127	5.1278
-1.48183	0.889912	5.14062	5.12715
-1.47657	0.888926	5.14029	5.12649
-1.47263	0.894183	5.13766	5.12649
-1.46704	0.903382	5.13602	5.12583
-1.47624	0.886955	5.13667	5.12583
-1.4769	0.884655	5.14095	5.12616
-1.47887	0.891883	5.14423	5.12583
-1.47033	0.894183	5.14522	5.12616
-1.47197	0.88794	5.14226	5.12583
-1.46573	0.902396	5.14062	5.12353
-1.46376	0.910281	5.14193	5.12386
-1.46014	0.916852	5.1439	5.12583
-1.45686	0.918166	5.14456	5.1278
-1.4585	0.92638	5.14587	5.1278
-1.45784	0.927037	5.1439	5.12715
-1.45226	0.934265	5.14127	5.12682
-1.44766	0.942807	5.14127	5.12682
-1.43977	0.956934	5.14226	5.12583
-1.44043	0.959234	5.1439	5.1255
-1.44634	0.94872	5.1439	5.12649
-1.43977	0.950692	5.14489	5.12682
-1.42663	0.963833	5.14456	5.12518
-1.41382	0.978618	5.14357	5.12386
-1.41152	0.985189	5.14226	5.12419
-1.40265	0.986503	5.14259	5.1255
-1.40725	0.992745	5.14357	5.12715
-1.40166	0.997016	5.14292	5.12912
-1.4079	0.990117	5.14193	5.12879
-1.41119	0.977961	5.14095	5.12813
-1.4217	0.968433	5.1416	5.12715
-1.42039	0.96909	5.14292	5.12583
-1.4102	0.97139	5.14259	5.1255
-1.40856	0.972375	5.14423	5.12419
-1.39608	0.983546	5.14489	5.12419
-1.40133	0.967776	5.14489	5.12518
-1.39115	0.974347	5.14456	5.12583
-1.39378	0.96909	5.14325	5.12748
-1.38951	0.974018	5.14226	5.12945
-1.38754	0.976647	5.1439	5.12813
-1.39115	0.977632	5.14522	5.12715
-1.39345	0.979932	5.14489	5.12583
-1.39706	0.972375	5.14259	5.1255
-1.40068	0.975332	5.1416	5.1255
-1.38852	0.993731	5.14127	5.12518
-1.39115	1.0003	5.14259	5.12583
-1.39838	0.987817	5.14292	5.12649
-1.40462	0.981903	5.14456	5.12715
-1.40988	0.984203	5.14423	5.12649
-1.40561	0.984532	5.14522	5.12649
-1.40889	0.984532	5.14456	5.12616
-1.4102	0.976647	5.14226	5.12583
-1.40955	0.971061	5.1416	5.12813
-1.41448	0.957591	5.14325	5.12846
-1.4286	0.94872	5.14653	5.12748
-1.43057	0.943792	5.14883	5.12518
-1.43715	0.929337	5.14686	5.12485
-1.44437	0.922109	5.14423	5.12649
-1.45587	0.905682	5.14357	5.1278
-1.45554	0.902396	5.14357	5.12715
-1.46376	0.896482	5.14325	5.12583
-1.46934	0.896482	5.1439	5.12452
-1.47558	0.896811	5.14522	5.12518
-1.47788	0.891883	5.14489	5.12682
-1.47427	0.890569	5.14226	5.12879
-1.4838	0.885312	5.13963	5.12846
-1.48051	0.897468	5.14127	5.12682
-1.48216	0.892868	5.14357	5.12583
-1.48873	0.883012	5.14653	5.12748
-1.49103	0.879727	5.1462	5.12649
-1.49267	0.87447	5.14522	5.12452
-1.493	0.871513	5.14423	5.1232
-1.50022	0.868228	5.14259	5.12386
-1.49891	0.864942	5.14193	5.12583
-1.49957	0.852458	5.14226	5.12682
-1.4976	0.848844	5.14357	5.12353
-1.48905	0.863957	5.14357	5.12123
-1.49004	0.8633	5.14226	5.12025
-1.49825	0.859357	5.14127	5.12288
-1.49103	0.864942	5.14029	5.12583
-1.48873	0.871513	5.13963	5.12649
-1.47756	0.875784	5.14095	5.1278
-1.47164	0.881041	5.14226	5.12813
-1.46901	0.871513	5.14292	5.12616
-1.46047	0.876113	5.14325	5.1255
-1.45127	0.87217	5.14226	5.12616
-1.44536	0.878084	5.1416	5.12813
-1.4332	0.888926	5.14193	5.1278
-1.42992	0.891226	5.1439	5.12649
-1.4194	0.894183	5.14489	5.12518
-1.41185	0.901082	5.14653	5.12846
-1.40758	0.900096	5.1439	5.13076
-1.40002	0.913238	5.14357	5.13175
-1.40593	0.915866	5.14259	5.1301
-1.41119	0.922109	5.14325	5.12846
-1.40265	0.93295	5.1439	5.12485
-1.39739	0.934922	5.1439	5.12518
-1.38458	0.93525	5.14292	5.12748
-1.39706	0.934922	5.14062	5.1278
-1.40232	0.93295	5.14095	5.12616
-1.40561	0.931308	5.14226	5.12419
-1.39706	0.930322	5.14456	5.12485
-1.39345	0.933279	5.14686	5.12616
-1.39936	0.93295	5.14752	5.1278
-1.39378	0.946421	5.14653	5.12682
-1.39279	0.957591	5.14653	5.12649
-1.39476	0.958905	5.14456	5.12682
-1.39673	0.957591	5.14357	5.12813
-1.40331	0.961205	5.14522	5.12748
-1.39739	0.96679	5.14752	5.12518
-1.39673	0.964162	5.14587	5.12386
-1.40133	0.965476	5.14423	5.12452
-1.40758	0.960219	5.14325	5.12452
-1.41185	0.960548	5.14259	5.12452
-1.40725	0.958248	5.14226	5.12386
-1.40725	0.960877	5.14325	5.12452
-1.4125	0.962191	5.14489	5.12518
-1.41579	0.963176	5.14555	5.12715
-1.41579	0.963176	5.14686	5.12846
-1.41382	0.965476	5.14653	5.12813
-1.41809	0.96679	5.14522	5.12813
-1.41842	0.970076	5.14357	5.12748
-1.42367	0.971718	5.14423	5.12616
-1.41776	0.976647	5.14522	5.1255
-1.4286	0.96449	5.14423	5.12452
-1.42893	0.961862	5.14325	5.12583
-1.43583	0.955948	5.14325	5.12518
-1.43287	0.955948	5.14193	5.12485
-1.43616	0.952663	5.14095	5.1255
-1.43583	0.952992	5.14193	5.12518
-1.43879	0.955291	5.14357	5.12616
-1.44306	0.952006	5.14259	5.12649
-1.44602	0.945764	5.1416	5.12485
-1.44404	0.945435	5.14062	5.12386
-1.44339	0.944778	5.14062	5.12288
-1.45423	0.941493	5.14423	5.12419
-1.45324	0.93985	5.14653	5.1232
-1.4539	0.936564	5.14522	5.12288
-1.44897	0.943135	5.14456	5.12386
-1.44503	0.944121	5.1439	5.12649
-1.44306	0.944449	5.14522	5.12616
-1.44372	0.936236	5.14522	5.1255
-1.44142	0.939193	5.14259	5.12485
-1.44503	0.926708	5.14095	5.12518
-1.44963	0.922437	5.13996	5.12419
-1.44076	0.923423	5.13897	5.1232
-1.44273	0.920794	5.13996	5.12386
-1.43386	0.930651	5.14127	5.12485
-1.4332	0.933279	5.14259	5.12715
-1.43287	0.927365	5.1439	5.12846
-1.4286	0.928351	5.14456	5.1255
-1.42663	0.926708	5.14489	5.12485
-1.42696	0.929337	5.14357	5.12518
-1.42992	0.917838	5.1416	5.12616
-1.43255	0.913567	5.13865	5.12649
-1.42433	0.916852	5.1393	5.12715
-1.42335	0.91718	5.14292	5.12682
-1.42729	0.920794	5.14522	5.12583
-1.41185	0.940178	5.14555	5.12583
-1.41645	0.93525	5.14292	5.12813
-1.41316	0.938536	5.14259	5.12846
-1.41842	0.942807	5.14357	5.12649
-1.41875	0.944778	5.14522	5.12288
-1.42367	0.934265	5.14653	5.11959
-1.41875	0.940178	5.14817	5.12156
-1.42039	0.94215	5.14719	5.12353
-1.41973	0.940178	5.14357	5.12485
-1.42269	0.935907	5.13996	5.12583
-1.42105	0.934922	5.13963	5.12583
-1.4217	0.937222	5.14226	5.12419
-1.42039	0.945107	5.14489	5.12452
-1.41513	0.952663	5.14489	5.1255
-1.40922	0.956605	5.14357	5.12616
-1.40725	0.957591	5.14292	5.12715
-1.41053	0.959562	5.14357	5.1278
-1.40626	0.96679	5.14456	5.12682
-1.41316	0.958905	5.14522	5.12518
-1.41875	0.955291	5.14555	5.1232
-1.41152	0.963505	5.14423	5.12255
-1.41579	0.971061	5.14292	5.12386
-1.40856	0.973361	5.14226	5.12518
-1.40856	0.960877	5.14259	5.12649
-1.40593	0.958905	5.14325	5.12616
-1.41152	0.951349	5.14423	5.12518
-1.41119	0.952663	5.1462	5.1255
-1.41382	0.950692	5.14653	5.12616
-1.40725	0.952006	5.14522	5.12485
-1.39476	0.955291	5.14357	5.12485
-1.38359	0.961862	5.14259	5.1255
-1.38819	0.96679	5.14259	5.1255
-1.39542	0.958905	5.14325	5.12386
-1.38984	0.972047	5.14193	5.12485
-1.38984	0.956934	5.14062	5.12485
-1.39115	0.958577	5.14193	5.12583
-1.38721	0.959891	5.14226	5.12485
-1.37998	0.966133	5.14193	5.12353
-1.37045	0.962191	5.14226	5.12452
-1.36848	0.962191	5.14456	5.1255
-1.37801	0.947406	5.14456	5.12452
-1.38786	0.933936	5.14259	5.1232
-1.38524	0.936893	5.14259	5.12386
-1.39838	0.91718	5.14226	5.12616
-1.39049	0.936236	5.14259	5.12715
-1.40035	0.930322	5.14193	5.12583
-1.39805	0.937879	5.14193	5.12386
-1.39772	0.934922	5.14259	5.12452
-1.39443	0.933279	5.14423	5.12386
-1.39673	0.944449	5.14587	5.12485
-1.39903	0.94215	5.14489	5.12485
-1.39345	0.93755	5.14292	5.12485
-1.40462	0.929994	5.14259	5.12419
-1.41185	0.922766	5.14522	5.12518
-1.42335	0.908967	5.14686	5.12616
-1.43715	0.897797	5.14555	5.12813
-1.43616	0.901082	5.1439	5.12813
-1.44142	0.899111	5.14456	5.12682
-1.45456	0.884983	5.14489	5.12616
-1.45423	0.885312	5.14489	5.12518
-1.46409	0.873484	5.14423	5.12452
-1.46606	0.87217	5.14325	5.12485
-1.4654	0.871513	5.14193	5.12518
-1.47624	0.863957	5.14127	5.12715
-1.47854	0.863628	5.14193	5.12715
-1.4884	0.852458	5.14357	5.12682
-1.49563	0.844244	5.14423	5.12616
-1.49793	0.844244	5.14325	5.12649
-1.50384	0.838002	5.14292	5.12682
-1.5068	0.835045	5.14357	5.12846
-1.5068	0.838988	5.14423	5.12912
-1.51534	0.836031	5.14357	5.12846
-1.51599	0.827817	5.14193	5.12813
-1.52059	0.825517	5.14127	5.1255
-1.52618	0.819604	5.14292	5.12255
-1.52651	0.825189	5.14456	5.12386
-1.52125	0.825517	5.14522	5.1255
-1.52092	0.831103	5.14292	5.12682
-1.51961	0.833402	5.14259	5.12649
-1.51534	0.838988	5.14489	5.12452
-1.51402	0.835702	5.14785	5.12288
-1.51534	0.829131	5.14785	5.12222
-1.51271	0.826174	5.14587	5.12485
-1.51304	0.823218	5.14226	5.1278
-1.51468	0.819932	5.14029	5.12977
-1.51829	0.818289	5.14095	5.12813
-1.51895	0.815333	5.14259	5.12616
-1.51895	0.823875	5.14193	5.12616
-1.51829	0.824532	5.14127	5.12748
-1.51238	0.843916	5.14325	5.12649
-1.51238	0.846544	5.1439	5.12682
-1.50515	0.843259	5.1416	5.12879
-1.50384	0.848844	5.13897	5.12912
-1.50252	0.850815	5.14029	5.12879
-1.50417	0.847201	5.14325	5.12452
-1.48873	0.866585	5.14555	5.12288
-1.47788	0.87677	5.14555	5.12419
-1.47033	0.89024	5.1439	5.1255
-1.46671	0.898782	5.14292	5.12682
-1.46244	0.90141	5.14325	5.12649
-1.46146	0.899111	5.14325	5.12583
-1.46244	0.896154	5.14193	5.12485
-1.45423	0.898454	5.1416	5.12353
-1.4516	0.903053	5.14095	5.1232
-1.45094	0.898454	5.13963	5.12485
-1.45653	0.891554	5.1393	5.1278
-1.45784	0.888926	5.1416	5.12846
-1.46409	0.885312	5.14423	5.12583
-1.45423	0.897797	5.14423	5.12419
-1.45423	0.905682	5.14325	5.1255
-1.44799	0.921123	5.14226	5.1255
-1.45489	0.911924	5.1439	5.12682
-1.44799	0.918495	5.14423	5.1278
-1.45226	0.901739	5.14357	5.12879
-1.44996	0.908638	5.14489	5.13175
-1.45062	0.908967	5.14357	5.13273
-1.45324	0.906667	5.14259	5.13076
-1.45883	0.894183	5.14127	5.1301
-1.46179	0.884983	5.1416	5.1301
-1.46737	0.883012	5.14325	5.12912
-1.4723	0.885312	5.1462	5.12813
-1.4746	0.893525	5.14817	5.12748
-1.47591	0.892868	5.14555	5.1278
-1.46244	0.904039	5.14193	5.12682
-1.46934	0.89484	5.14095	5.12682
-1.47427	0.888926	5.14259	5.12616
-1.47723	0.89484	5.14489	5.12715
-1.4861	0.891554	5.14522	5.12682
-1.48413	0.912252	5.14653	5.12649
-1.48971	0.906996	5.14719	5.12649
-1.48577	0.911267	5.14653	5.12583
-1.48117	0.917838	5.14456	5.12518
-1.47854	0.918495	5.14325	5.12583
-1.48643	0.902725	5.14325	5.12616
-1.49563	0.894183	5.14259	5.12649
-1.49333	0.895168	5.1439	5.12518
-1.49333	0.895825	5.14456	5.12386
-1.49333	0.898454	5.14325	5.1255
-1.48675	0.902068	5.1416	5.12616
-1.48577	0.903053	5.14193	5.12682
-1.48216	0.902068	5.14357	5.1278
-1.48281	0.899111	5.14522	5.13076
-1.4769	0.912252	5.14555	5.13043
-1.47033	0.916523	5.14456	5.12879
-1.46441	0.917509	5.14325	5.12485
-1.45751	0.931308	5.14193	5.12189
-1.447	0.945107	5.14193	5.12255
-1.4424	0.937879	5.14226	5.12452
-1.43189	0.939193	5.14325	5.12485
-1.4263	0.945435	5.14292	5.12485
-1.41316	0.945764	5.14259	5.1255
-1.41185	0.943135	5.14259	5.1255
-1.41809	0.933936	5.14259	5.12649
-1.4171	0.927037	5.14292	5.12682
-1.42105	0.911595	5.14325	5.12583
-1.41053	0.915209	5.14292	5.12518
-1.41086	0.908638	5.14226	5.12419
-1.39509	0.923094	5.14095	5.12452
-1.38852	0.929008	5.1393	5.12518
-1.39181	0.928679	5.13996	5.12353
-1.38984	0.935907	5.14226	5.12288
-1.39805	0.920794	5.14226	5.12583
-1.39246	0.927037	5.14357	5.12616
-1.39936	0.923423	5.14522	5.12452
-1.40725	0.912252	5.14292	5.12419
-1.41973	0.909295	5.14292	5.12452
-1.43222	0.89484	5.1416	5.12616
-1.43452	0.890569	5.14357	5.12813
-1.43977	0.888269	5.1439	5.1278
-1.45686	0.878084	5.1439	5.12616
-1.45784	0.880055	5.14555	5.12485
-1.46573	0.875456	5.1439	5.12419
-1.47887	0.874799	5.14127	5.1255
-1.48347	0.881041	5.14127	5.12649
-1.49464	0.873813	5.14193	5.1255
-1.49793	0.875784	5.14095	5.12353
-1.49267	0.880055	5.14029	5.12189
-1.49398	0.880384	5.14062	5.12288
-1.50351	0.874799	5.14062	5.12518
-1.51041	0.870856	5.14193	5.12583
-1.50384	0.884983	5.14226	5.12682
-1.50844	0.888269	5.14193	5.12682
-1.50811	0.885312	5.14357	5.12583
-1.50712	0.885969	5.14489	5.12682
-1.50745	0.879398	5.14587	5.12616
-1.51008	0.872499	5.1439	5.12583
-1.51337	0.862314	5.1416	5.12419
-1.51961	0.854758	5.14127	5.12353
-1.51797	0.851144	5.14259	5.12288
-1.51435	0.857386	5.14226	5.12288
-1.51238	0.859357	5.14226	5.1232
-1.51008	0.862971	5.14325	5.12583
-1.51238	0.857714	5.14456	5.1278
-1.52125	0.844901	5.1439	5.12879
-1.51468	0.848844	5.14292	5.12748
-1.5114	0.843916	5.14259	5.1255
-1.51567	0.832088	5.14325	5.12353
-1.51698	0.832745	5.14292	5.12419
-1.52717	0.824203	5.14193	5.12485
-1.52848	0.815004	5.14029	5.1255
-1.52618	0.814347	5.13897	5.12682
-1.53176	0.804819	5.1416	5.12846
-1.52914	0.810404	5.14555	5.12879
-1.53111	0.809747	5.14653	5.1255
-1.52717	0.805805	5.14555	5.12419
-1.52782	0.803505	5.1439	5.12583
-1.53209	0.808762	5.14357	5.12879
-1.52815	0.807776	5.14292	5.1301
-1.52519	0.807776	5.14292	5.12879
-1.51895	0.821903	5.14292	5.12715
-1.52125	0.820589	5.14292	5.12649
-1.52684	0.816647	5.1416	5.12649
-1.52979	0.811719	5.14193	5.12485
-1.52848	0.81599	5.14127	5.12485
-1.52487	0.826503	5.14193	5.12616
-1.52585	0.826174	5.14292	5.12616
-1.53439	0.817632	5.14489	5.1255
-1.54261	0.807776	5.14522	5.12419
-1.54852	0.800877	5.1439	5.12288
-1.54359	0.808762	5.14325	5.12485
-1.53834	0.81369	5.14226	5.12649
-1.54031	0.815333	5.14292	5.12715
-1.53735	0.819932	5.14357	5.12682
-1.53866	0.823218	5.1439	5.12518
-1.53834	0.821903	5.14423	5.12353
-1.53604	0.832088	5.1439	5.1255
-1.53308	0.836031	5.14226	5.12748
-1.53111	0.839645	5.14193	5.12748
-1.52979	0.84523	5.14292	5.12715
-1.53374	0.837016	5.14456	5.12682
-1.53965	0.82946	5.14325	5.12583
-1.54425	0.816647	5.14127	5.12518
-1.55378	0.808762	5.14029	5.12485
-1.55641	0.806133	5.14062	5.1255
-1.54721	0.819275	5.14193	5.12846
-1.54491	0.821903	5.14193	5.12945
-1.54951	0.81139	5.14226	5.12846
-1.55148	0.802848	5.14259	5.12649
-1.54983	0.811719	5.14292	5.1255
-1.54162	0.826832	5.1416	5.12518
-1.54129	0.828474	5.14029	5.1278
-1.53866	0.833402	5.13963	5.1278
-1.53834	0.832088	5.14127	5.1278
-1.53636	0.841287	5.14292	5.1278
-1.53275	0.834717	5.14325	5.12649
-1.53275	0.838002	5.14423	5.12452
-1.53571	0.832417	5.1439	5.12485
-1.53571	0.826174	5.14226	5.12649
-1.52848	0.830117	5.14292	5.12846
-1.52421	0.838659	5.14555	5.12912
-1.51764	0.836359	5.14785	5.12682
-1.51928	0.834388	5.14752	5.12485
-1.51862	0.838659	5.14587	5.1255
-1.51928	0.835374	5.14423	5.12682
-1.51304	0.838331	5.14226	5.12649
-1.49793	0.848515	5.13996	5.12715
-1.49234	0.853772	5.13996	5.12715
-1.48708	0.859686	5.14292	5.12715
-1.48018	0.865599	5.14653	5.1255
-1.47	0.867571	5.14785	5.12485
-1.46343	0.867242	5.14456	5.12583
-1.45226	0.866585	5.14226	5.12715
-1.45226	0.866257	5.1416	5.12912
-1.4493	0.870856	5.1416	5.12912
-1.44733	0.871513	5.14193	5.12846
-1.44174	0.880055	5.14259	5.12846
-1.42499	0.892211	5.14226	5.12748
-1.4286	0.897139	5.1416	5.12649
-1.4171	0.909953	5.14029	5.12682
-1.4125	0.917509	5.14193	5.12813
-1.40922	0.916523	5.14325	5.12813
-1.40265	0.917838	5.14522	5.12616
-1.40331	0.936564	5.14489	5.12583
-1.40166	0.938536	5.1439	5.12649
-1.41415	0.934922	5.14193	5.12485
-1.40528	0.940178	5.1416	5.12649
-1.41612	0.93295	5.14259	5.12846
-1.42367	0.911595	5.14456	5.1301
-1.42992	0.909624	5.14522	5.12945
-1.44207	0.897468	5.14423	5.12813
-1.44339	0.894511	5.14423	5.12616
-1.45291	0.89024	5.14292	5.12715
-1.44372	0.902396	5.14095	5.12945
-1.44799	0.90141	5.14127	5.12945
-1.45193	0.913895	5.14292	5.12682
-1.45686	0.909624	5.14357	5.12353
-1.4631	0.906996	5.1439	5.12222
-1.46113	0.911595	5.1439	5.12419
-1.45751	0.911924	5.14325	5.12715
-1.46244	0.909624	5.14423	5.12715
-1.47	0.899768	5.14587	5.12682
-1.47657	0.900096	5.14555	5.12748
-1.47756	0.886626	5.14522	5.12715
-1.48051	0.880712	5.14489	5.12813
-1.48478	0.881698	5.14292	5.12748
-1.48643	0.883998	5.14226	5.12715
-1.4838	0.890897	5.14259	5.12813
-1.4769	0.909295	5.14325	5.12682
-1.47788	0.902725	5.14357	5.1255
-1.46967	0.920137	5.14489	5.1255
-1.47033	0.920466	5.14325	5.12518
-1.47098	0.922437	5.14259	5.12748
-1.46934	0.916852	5.14259	5.12813
-1.46343	0.928022	5.14127	5.12748
-1.45094	0.935579	5.1416	5.12583
-1.4493	0.939193	5.1439	5.12452
-1.44536	0.944449	5.14587	5.1232
-1.44536	0.947078	5.14522	5.12452
-1.44437	0.941164	5.14292	5.12682
-1.44372	0.930651	5.14259	5.12748
-1.44503	0.923751	5.14489	5.12715
-1.43747	0.930979	5.14522	5.1255
-1.43944	0.926708	5.14489	5.12518
-1.43715	0.910938	5.14489	5.12616
-1.42827	0.920137	5.14555	5.12682
-1.41612	0.930651	5.14325	5.12682
-1.4125	0.92638	5.14095	5.12682
-1.41152	0.926051	5.14095	5.12583
-1.41053	0.926708	5.14423	5.12583
-1.41316	0.929337	5.1462	5.12485
-1.41415	0.928679	5.14522	5.12452
-1.42203	0.919152	5.1439	5.12485
-1.4217	0.910281	5.1416	5.1255
-1.41513	0.917509	5.14095	5.12419
-1.4148	0.921123	5.14325	5.12452
-1.41842	0.916852	5.14653	5.12583
