-0.796162	0.538372	5.14522	5.1278
-0.804047	0.533115	5.14357	5.12649
-0.805361	0.544286	5.14193	5.12485
-0.807004	0.538044	5.14357	5.12452
-0.805689	0.537715	5.14653	5.12583
-0.801747	0.536401	5.14719	5.12649
-0.79879	0.536729	5.14456	5.12813
-0.802075	0.536072	5.14292	5.12879
-0.802733	0.534101	5.14423	5.12748
-0.805689	0.535087	5.14555	5.12616
-0.803061	0.532458	5.14423	5.12616
-0.800761	0.546257	5.14456	5.12715
-0.804704	0.543957	5.14357	5.1278
-0.80339	0.543957	5.14325	5.1278
-0.79879	0.545929	5.14522	5.12813
-0.793205	0.550528	5.14522	5.12485
-0.79879	0.546586	5.14357	5.12255
-0.798461	0.547571	5.14325	5.1232
-0.791234	0.554471	5.14423	5.12419
-0.790577	0.554799	5.14456	5.12452
-0.78302	0.557099	5.14522	5.12649
-0.781706	0.555128	5.14522	5.12583
-0.774149	0.559399	5.14423	5.12518
-0.770207	0.558085	5.1439	5.12583
-0.761665	0.559399	5.14259	5.12616
-0.759037	0.558413	5.14193	5.12583
-0.759694	0.560384	5.14357	5.12616
-0.765279	0.554799	5.14522	5.12748
-0.759694	0.565641	5.14587	5.12715
-0.756737	0.56367	5.1462	5.1255
-0.751152	0.566627	5.14456	5.12452
-0.746223	0.572212	5.14292	5.12485
-0.740967	0.577797	5.14193	5.12682
-0.741295	0.580425	5.1416	5.12682
-0.743267	0.57484	5.14259	5.12748
-0.734396	0.579111	5.14423	5.12715
-0.736039	0.573855	5.14522	5.12518
-0.734067	0.57944	5.14423	5.12518
-0.735053	0.571555	5.14226	5.12386
-0.737681	0.570898	5.14029	5.12616
-0.735382	0.573526	5.14062	5.12912
-0.727497	0.583711	5.14226	5.12912
-0.719283	0.590282	5.14292	5.12682
-0.715998	0.59521	5.14259	5.12485
-0.710741	0.600466	5.14226	5.12419
-0.710413	0.603095	5.14193	5.1232
-0.710413	0.597181	5.14127	5.12386
-0.706142	0.588639	5.14325	5.12649
-0.704499	0.584039	5.14489	5.12748
-0.699242	0.587653	5.1439	5.12682
-0.706799	0.581411	5.14292	5.12748
-0.703842	0.578783	5.14357	5.12813
-0.711398	0.582725	5.14292	5.12879
-0.717312	0.574183	5.14193	5.12879
-0.716655	0.574512	5.14029	5.1278
-0.722569	0.579111	5.14095	5.12715
-0.727825	0.582725	5.14062	5.12583
-0.728154	0.582397	5.13799	5.12715
-0.730454	0.580425	5.13799	5.12813
-0.736039	0.580425	5.14095	5.12748
-0.74031	0.579111	5.1439	5.12583
-0.741624	0.575826	5.14456	5.12518
-0.744909	0.571226	5.1439	5.12518
-0.752137	0.566955	5.14259	5.1255
-0.752137	0.563341	5.14193	5.12485
-0.756408	0.559727	5.14127	5.12485
-0.755423	0.564984	5.1416	5.12682
-0.754108	0.567612	5.1416	5.12912
-0.755751	0.564655	5.14325	5.12879
-0.759037	0.562684	5.14325	5.12583
-0.761008	0.560056	5.14456	5.1255
-0.760351	0.557756	5.14489	5.12682
-0.761993	0.548557	5.14522	5.12748
-0.764293	0.5479	5.14522	5.12813
-0.762651	0.551185	5.14357	5.12846
-0.762651	0.555785	5.14325	5.12846
-0.751809	0.553814	5.14522	5.12682
-0.75608	0.549543	5.1462	5.12518
-0.75148	0.552499	5.14653	5.1255
-0.75838	0.551185	5.14489	5.12649
-0.754108	0.554799	5.14226	5.12616
-0.755094	0.553814	5.13996	5.12485
-0.744581	0.550528	5.13996	5.12583
-0.743267	0.546914	5.14292	5.1255
-0.73571	0.553485	5.1439	5.12616
-0.73341	0.548557	5.14357	5.12583
-0.735053	0.545272	5.14226	5.12485
-0.73571	0.549871	5.14029	5.12485
-0.725854	0.545272	5.14029	5.12353
-0.723883	0.546914	5.1416	5.12452
-0.717312	0.549543	5.1439	5.12419
-0.720597	0.549871	5.14522	5.12288
-0.716326	0.551842	5.14489	5.12419
-0.714026	0.553157	5.14226	5.12616
-0.719283	0.552171	5.14062	5.12649
-0.714355	0.553485	5.13996	5.12649
-0.707784	0.5502	5.14292	5.12616
-0.70877	0.547243	5.14423	5.1255
-0.710084	0.549871	5.14423	5.12452
-0.711398	0.540015	5.14259	5.12616
-0.712384	0.545272	5.1416	5.1278
-0.718298	0.541329	5.1416	5.12813
-0.724211	0.5433	5.14357	5.1278
-0.728811	0.545929	5.14522	5.12682
-0.731768	0.548885	5.14587	5.12715
-0.732096	0.553485	5.14587	5.12846
-0.731111	0.551842	5.14456	5.12977
-0.726511	0.552171	5.14259	5.12748
-0.734725	0.555128	5.14095	5.12583
-0.743924	0.556442	5.14193	5.12616
-0.748523	0.554142	5.14325	5.12846
-0.752137	0.553485	5.14325	5.12682
-0.746223	0.552828	5.14357	5.1255
-0.750823	0.5502	5.14423	5.12649
-0.762651	0.549543	5.14456	5.12912
-0.763308	0.553157	5.14489	5.12945
-0.766922	0.544614	5.14357	5.12813
-0.771193	0.5433	5.14325	5.12649
-0.778749	0.543629	5.14259	5.12419
-0.78532	0.549214	5.14259	5.12485
-0.793205	0.546257	5.14292	5.12616
-0.797476	0.5456	5.14357	5.12748
-0.806018	0.541	5.14357	5.12912
-0.811603	0.53443	5.14456	5.12977
-0.814231	0.53443	5.14719	5.12813
-0.81456	0.53213	5.14949	5.12583
-0.822116	0.52753	5.14752	5.12583
-0.82573	0.521945	5.14423	5.12583
-0.817517	0.525559	5.14292	5.12518
-0.816203	0.524573	5.14292	5.12419
-0.815874	0.533115	5.1439	5.12353
-0.819817	0.526873	5.14357	5.12583
-0.823102	0.522931	5.14357	5.12715
-0.81916	0.526216	5.14226	5.12715
-0.808318	0.530816	5.14226	5.12682
-0.799776	0.538372	5.14095	5.12682
-0.797147	0.537715	5.14095	5.12616
-0.798133	0.532458	5.14325	5.12452
-0.79649	0.530816	5.14522	5.1232
-0.793205	0.536401	5.14423	5.12386
-0.789919	0.536729	5.14259	5.12649
-0.786305	0.536072	5.1416	5.12583
-0.782692	0.531801	5.1416	5.12616
-0.773492	0.53443	5.14193	5.12715
-0.76955	0.534101	5.14423	5.12616
-0.770207	0.531801	5.14522	5.12485
-0.76955	0.532787	5.14456	5.12452
-0.769221	0.529502	5.14357	5.12419
-0.76725	0.526216	5.14259	5.12419
-0.761008	0.536729	5.14193	5.12616
-0.756408	0.541658	5.14193	5.1255
-0.75378	0.541	5.14292	5.12485
-0.75378	0.544286	5.14325	5.12386
-0.745566	0.552171	5.14259	5.12156
-0.738996	0.56137	5.14325	5.12189
-0.739324	0.561042	5.1416	5.12485
-0.73571	0.558742	5.13996	5.12616
-0.728482	0.559727	5.1393	5.12748
-0.724211	0.568269	5.14029	5.12682
-0.72684	0.567941	5.14127	5.12583
-0.727168	0.567941	5.1439	5.12846
-0.730782	0.564327	5.1439	5.12879
-0.733082	0.569912	5.14259	5.12616
-0.73571	0.568598	5.14325	5.12452
-0.732753	0.569584	5.14423	5.12353
-0.737024	0.578783	5.14555	5.12419
-0.739324	0.575826	5.14587	5.12452
-0.745566	0.576154	5.14423	5.1255
-0.750823	0.57254	5.14292	5.12616
-0.755094	0.57714	5.14292	5.12682
-0.760022	0.57254	5.14456	5.12715
-0.761336	0.570898	5.14653	5.1278
-0.769878	0.567284	5.14719	5.1278
-0.76955	0.568927	5.1462	5.1255
-0.763636	0.572869	5.14587	5.12518
-0.772178	0.561699	5.14456	5.12649
-0.779078	0.560384	5.14522	5.12748
-0.784991	0.566298	5.14555	5.12616
-0.790905	0.561042	5.14587	5.12518
-0.78762	0.563013	5.14522	5.12583
-0.789919	0.565641	5.14259	5.12715
-0.790905	0.56597	5.14095	5.12748
-0.788934	0.569912	5.14029	5.12649
-0.790905	0.570569	5.14127	5.1255
-0.789919	0.57254	5.14325	5.12419
-0.785648	0.577797	5.14587	5.12353
-0.782034	0.584696	5.14653	5.12649
-0.779078	0.587653	5.14686	5.12879
-0.782034	0.586339	5.14357	5.12846
-0.776121	0.59291	5.14226	5.1278
-0.770864	0.590939	5.14259	5.12748
-0.771193	0.589296	5.14522	5.12485
-0.771193	0.58831	5.14686	5.12419
-0.770536	0.591596	5.14653	5.12419
-0.765936	0.586996	5.14653	5.12518
-0.765936	0.585682	5.14489	5.12419
-0.765607	0.585025	5.14423	5.12452
-0.761008	0.591924	5.14423	5.1255
-0.759694	0.584368	5.14555	5.12518
-0.755094	0.591924	5.14587	5.12452
-0.749509	0.594553	5.14489	5.12386
-0.746881	0.594553	5.1439	5.12583
-0.738667	0.593567	5.14127	5.12715
-0.733739	0.586996	5.14062	5.12682
-0.738996	0.585354	5.14325	5.12649
-0.744581	0.586011	5.14489	5.12452
-0.744909	0.583054	5.1439	5.12419
-0.744909	0.584039	5.14325	5.12518
-0.741295	0.586011	5.14325	5.12583
-0.744581	0.580097	5.1439	5.12649
-0.75148	0.576812	5.14357	5.12748
-0.747209	0.572869	5.14456	5.12583
-0.746881	0.577469	5.1462	5.1255
-0.745566	0.581083	5.14653	5.1255
-0.752466	0.577469	5.14719	5.12583
-0.757065	0.57944	5.14587	5.12583
-0.757065	0.580425	5.1439	5.12715
-0.754766	0.574512	5.1416	5.12583
-0.758708	0.57714	5.14259	5.12419
-0.761336	0.575497	5.14259	5.1255
-0.762979	0.583054	5.1439	5.1255
-0.770207	0.578126	5.14292	5.12616
-0.776449	0.575826	5.1416	5.12748
-0.783349	0.577469	5.14127	5.12748
-0.786963	0.571883	5.14325	5.12813
-0.791891	0.566298	5.14522	5.12682
-0.801418	0.563013	5.1462	5.12419
-0.807989	0.555785	5.14719	5.12386
-0.815546	0.551514	5.14653	5.12485
-0.817188	0.552828	5.14653	5.12748
-0.821788	0.548885	5.14587	5.12813
-0.822116	0.554142	5.14423	5.12748
-0.826059	0.548228	5.14325	5.1255
-0.830659	0.553485	5.14259	5.12485
-0.83033	0.559727	5.14193	5.1255
-0.837886	0.558742	5.14226	5.12485
-0.840843	0.553485	5.1439	5.12419
-0.8415	0.553814	5.14423	5.12353
-0.83493	0.560056	5.14357	5.12518
-0.835915	0.553814	5.14292	5.1278
-0.833615	0.555785	5.14292	5.12682
-0.839529	0.553157	5.14555	5.1232
-0.836901	0.556113	5.14785	5.12419
-0.827373	0.557428	5.14719	5.12715
-0.826059	0.555456	5.14456	5.12879
-0.828359	0.554471	5.14226	5.12912
-0.822445	0.552171	5.1416	5.12748
-0.816531	0.547571	5.14226	5.1255
-0.810618	0.552499	5.14259	5.1255
-0.808318	0.556442	5.14259	5.12616
-0.79879	0.556113	5.14259	5.12682
-0.795176	0.554471	5.14325	5.12748
-0.789262	0.556442	5.14456	5.12682
-0.782692	0.558413	5.14587	5.12485
-0.779735	0.560713	5.14456	5.12419
-0.777435	0.558413	5.14226	5.12452
-0.774478	0.561042	5.14226	5.12518
-0.768893	0.559727	5.14357	5.12616
-0.768564	0.55907	5.14555	5.12518
-0.763965	0.560713	5.14719	5.12485
-0.756737	0.558742	5.14686	5.1255
-0.747866	0.560384	5.14456	5.12419
-0.744909	0.567284	5.14193	5.12682
-0.742938	0.569584	5.14029	5.12977
-0.743267	0.571883	5.1393	5.13076
-0.749837	0.563013	5.1416	5.13076
-0.743924	0.564327	5.14555	5.12945
-0.734067	0.568269	5.1485	5.1278
-0.734067	0.569584	5.14719	5.12813
-0.731439	0.572869	5.14456	5.12649
-0.730782	0.578126	5.1416	5.1255
-0.725525	0.580097	5.14127	5.1255
-0.715012	0.597838	5.1416	5.12649
-0.714684	0.60408	5.1439	5.12715
-0.717312	0.600795	5.14456	5.12682
-0.722569	0.600466	5.14423	5.12518
-0.72684	0.59751	5.14325	5.12353
-0.727497	0.603423	5.14259	5.12452
-0.718626	0.609009	5.14292	5.12715
-0.725854	0.609337	5.14259	5.12813
-0.727497	0.609666	5.14095	5.12682
-0.727497	0.61098	5.1416	5.12452
-0.727825	0.616894	5.14226	5.1232
-0.729468	0.620836	5.14193	5.12386
-0.737024	0.612294	5.14226	5.12386
-0.732753	0.609994	5.14325	5.1232
-0.730125	0.612623	5.1439	5.12485
-0.724868	0.62215	5.14489	5.12452
-0.717312	0.627735	5.14522	5.12386
-0.720926	0.630364	5.14555	5.1232
-0.72454	0.625436	5.14587	5.12288
-0.724868	0.628064	5.14686	5.12353
-0.727825	0.630364	5.14719	5.12649
-0.719612	0.629707	5.14785	5.12813
-0.730125	0.626421	5.14587	5.12748
-0.732753	0.628721	5.14489	5.1255
-0.732753	0.630364	5.1439	5.12419
-0.730454	0.630364	5.14193	5.1255
-0.728811	0.626093	5.14193	5.1278
-0.733082	0.616236	5.14292	5.12879
-0.732096	0.608351	5.14522	5.1278
-0.728154	0.607366	5.14653	5.12682
-0.727168	0.606709	5.14686	5.12649
-0.727497	0.602109	5.14587	5.12682
-0.732753	0.598167	5.14357	5.12485
-0.727825	0.598495	5.14259	5.12485
-0.721254	0.593239	5.14357	5.12583
-0.716655	0.590939	5.14587	5.12649
-0.708113	0.593567	5.14785	5.12583
-0.704499	0.59751	5.14653	5.12485
-0.697928	0.600466	5.14587	5.12485
-0.690372	0.605395	5.14423	5.12616
-0.690043	0.602109	5.14325	5.12649
-0.678873	0.610323	5.14193	5.12715
-0.675916	0.612951	5.14259	5.1255
-0.664745	0.616236	5.14423	5.12518
-0.669673	0.612294	5.14489	5.12583
-0.670988	0.615579	5.14587	5.12649
-0.669673	0.616565	5.14587	5.12813
-0.668359	0.614594	5.14555	5.12813
-0.670002	0.611308	5.14489	5.12846
-0.674273	0.615579	5.14423	5.12846
-0.681501	0.612294	5.14423	5.12616
-0.685115	0.615579	5.14555	5.12419
-0.683801	0.621493	5.14522	5.1255
-0.6884	0.625436	5.14522	5.12912
-0.693	0.624779	5.14423	5.12977
-0.693657	0.626093	5.14292	5.12977
-0.692343	0.621822	5.14292	5.1278
-0.692671	0.619193	5.14193	5.12616
-0.694314	0.623793	5.14127	5.12715
-0.696942	0.621822	5.1416	5.12715
-0.707784	0.615579	5.13996	5.12748
-0.713369	0.618536	5.14062	5.12682
-0.718298	0.614265	5.1439	5.12616
-0.724211	0.612623	5.14653	5.12485
-0.731768	0.610651	5.14587	5.12452
-0.730125	0.614265	5.14292	5.12386
-0.73801	0.611637	5.14127	5.12452
-0.747209	0.605066	5.14259	5.12616
-0.757722	0.596195	5.1439	5.12616
-0.761665	0.593567	5.14489	5.12452
-0.764622	0.597181	5.14522	5.12518
-0.766593	0.604738	5.14719	5.12748
-0.768236	0.60638	5.14555	5.12879
-0.775792	0.602438	5.14456	5.12912
-0.774807	0.603423	5.1439	5.12813
-0.775135	0.600466	5.14259	5.12616
-0.781049	0.604738	5.1439	5.12419
-0.78532	0.604409	5.14522	5.12189
-0.790905	0.603095	5.14489	5.12189
-0.792548	0.600138	5.14357	5.12419
-0.792219	0.600795	5.14259	5.12485
-0.789919	0.593567	5.14423	5.12583
-0.792548	0.595538	5.14456	5.12583
-0.791891	0.591596	5.14456	5.12583
-0.790577	0.58831	5.14423	5.1255
-0.785648	0.587325	5.14423	5.12682
-0.781377	0.585354	5.14423	5.12748
-0.783349	0.587982	5.14489	5.12912
-0.783349	0.584039	5.14456	5.1301
-0.786305	0.582725	5.14555	5.12748
-0.787948	0.581083	5.1462	5.12452
-0.792876	0.573526	5.14719	5.12386
-0.795176	0.565313	5.14653	5.12485
-0.798461	0.564327	5.14489	5.12518
-0.799776	0.56367	5.14357	5.12649
-0.801747	0.563013	5.14292	5.12682
-0.801747	0.563341	5.14325	5.12649
-0.801747	0.562356	5.14587	5.12419
-0.804375	0.559399	5.14817	5.12353
-0.799447	0.562684	5.14752	5.12419
-0.793205	0.562684	5.1439	5.12419
-0.788277	0.565641	5.1416	5.1255
-0.783349	0.571555	5.14062	5.12715
-0.781377	0.575169	5.14226	5.12715
-0.777763	0.577469	5.14555	5.12715
-0.772178	0.580425	5.14653	5.12649
-0.769221	0.584039	5.14423	5.12616
-0.772178	0.576154	5.14226	5.12649
-0.774478	0.574512	5.14259	5.12813
-0.773821	0.576154	5.14522	5.1278
-0.775135	0.572212	5.14587	5.12649
-0.77185	0.570898	5.14489	5.12419
-0.77185	0.573526	5.14292	5.1232
-0.772507	0.57714	5.14226	5.12386
-0.774807	0.582397	5.14127	5.1255
-0.773164	0.588968	5.14062	5.12583
-0.778421	0.587982	5.14193	5.12649
-0.773821	0.591596	5.14259	5.12649
-0.778421	0.59291	5.14259	5.12682
-0.779406	0.592581	5.14226	5.12715
-0.782692	0.592253	5.14062	5.12846
-0.782034	0.599809	5.14062	5.12912
-0.784663	0.599809	5.14062	5.13109
-0.784006	0.609994	5.14193	5.13142
-0.789262	0.605723	5.14357	5.12715
-0.790248	0.611637	5.14423	5.12419
-0.792548	0.614922	5.14357	5.12419
-0.791234	0.620179	5.14226	5.12583
-0.790905	0.61098	5.14226	5.1278
-0.795505	0.613937	5.14325	5.12813
-0.794848	0.613937	5.1416	5.12649
-0.785648	0.62445	5.14127	5.1255
-0.781049	0.627078	5.14193	5.12485
-0.777763	0.630692	5.14193	5.12419
-0.774807	0.632664	5.14193	5.12649
-0.773492	0.632992	5.14259	5.12682
-0.770207	0.634635	5.14292	5.12682
-0.765936	0.632335	5.14357	5.1255
-0.766593	0.628064	5.14489	5.12419
-0.763308	0.618536	5.14489	5.12255
-0.761665	0.616236	5.14325	5.12255
-0.765607	0.615579	5.14193	5.12616
-0.759365	0.612951	5.14226	5.12649
-0.752137	0.620179	5.14325	5.12452
-0.74261	0.631021	5.14292	5.12452
-0.739653	0.630692	5.14226	5.12353
-0.732096	0.633978	5.14193	5.12419
-0.73341	0.638577	5.14193	5.12452
-0.731111	0.641534	5.14226	5.12715
-0.72684	0.641863	5.14357	5.12813
-0.721583	0.643505	5.14423	5.1278
-0.71764	0.63562	5.14456	5.1278
-0.713698	0.640549	5.14423	5.12879
-0.708113	0.64252	5.14522	5.12715
-0.702856	0.644491	5.1462	5.12649
-0.710084	0.648434	5.14587	5.12649
-0.712055	0.643834	5.1439	5.12682
-0.713698	0.640549	5.14357	5.12583
-0.711398	0.644491	5.14423	5.12452
-0.707127	0.649091	5.14325	5.12616
-0.710413	0.650076	5.14226	5.12715
-0.701213	0.654019	5.14292	5.12879
-0.705484	0.656319	5.14357	5.12813
-0.707456	0.654347	5.14555	5.12649
-0.703185	0.655661	5.14587	5.12583
-0.694643	0.656319	5.14357	5.12485
-0.699242	0.650405	5.1439	5.12485
-0.701542	0.655004	5.14423	5.12715
-0.70187	0.65599	5.1416	5.12649
-0.70417	0.654347	5.14193	5.1255
-0.707784	0.652376	5.1439	5.12583
-0.702528	0.653362	5.14456	5.12616
-0.700885	0.654676	5.14522	5.1255
-0.694314	0.655661	5.14489	5.12452
-0.702528	0.64482	5.14325	5.12682
-0.704499	0.64482	5.14259	5.12715
-0.705156	0.639891	5.14226	5.12715
-0.708441	0.636606	5.14095	5.1255
-0.70877	0.633321	5.14193	5.12715
-0.712055	0.628721	5.1439	5.1278
-0.713369	0.630692	5.14456	5.12583
-0.718626	0.628392	5.14357	5.1255
-0.721583	0.625764	5.14325	5.12682
-0.725525	0.625764	5.14259	5.12649
-0.727497	0.62905	5.14456	5.12616
-0.732096	0.630035	5.14489	5.12583
-0.740967	0.633978	5.14423	5.12649
-0.743267	0.630692	5.14357	5.12813
-0.741952	0.632335	5.14292	5.12682
-0.750495	0.629707	5.14292	5.12616
-0.770864	0.617222	5.14423	5.12616
-0.773164	0.609666	5.14456	5.12715
-0.779078	0.608023	5.14489	5.12813
-0.786963	0.602438	5.14522	5.12748
-0.786305	0.604409	5.14292	5.12616
-0.784334	0.607037	5.14095	5.12715
-0.78302	0.608351	5.14029	5.12649
-0.784663	0.609337	5.14127	5.12616
-0.788277	0.608351	5.14357	5.12715
-0.788605	0.604409	5.14489	5.12715
-0.790577	0.604738	5.14555	5.12616
-0.793205	0.598824	5.14423	5.1255
-0.785977	0.601452	5.14193	5.12715
-0.788277	0.594553	5.14127	5.12682
-0.789919	0.592253	5.14259	5.12682
-0.792548	0.585682	5.14423	5.12715
-0.796162	0.585354	5.14522	5.1255
-0.792219	0.586339	5.14522	5.12419
-0.795176	0.583711	5.1439	5.12222
-0.797476	0.583054	5.14423	5.12386
-0.801747	0.583382	5.14325	5.12616
-0.80109	0.575826	5.14226	5.12682
-0.800761	0.57254	5.1439	5.12452
-0.801747	0.575169	5.14456	5.12419
-0.798133	0.577469	5.14522	5.1255
-0.79649	0.576812	5.14587	5.12649
-0.793533	0.578454	5.14357	5.12616
-0.789591	0.57714	5.1416	5.12616
-0.790905	0.573198	5.14095	5.12682
-0.778421	0.578126	5.14357	5.12682
-0.767579	0.581411	5.14686	5.1255
-0.76495	0.583711	5.14785	5.12452
-0.763308	0.586668	5.14587	5.12583
-0.769221	0.586668	5.14325	5.1278
-0.769878	0.583382	5.14292	5.12912
-0.768564	0.587653	5.14423	5.12977
-0.773492	0.581411	5.14555	5.12846
-0.778421	0.580097	5.14653	5.1255
-0.783677	0.575826	5.14555	5.1232
-0.787948	0.575169	5.14489	5.12255
-0.793205	0.574183	5.14555	5.12518
-0.80109	0.569584	5.14719	5.12682
-0.809632	0.573855	5.14752	5.12583
-0.811603	0.573855	5.14653	5.12518
-0.809632	0.574183	5.14587	5.12452
-0.808318	0.578126	5.14325	5.12419
-0.809632	0.57944	5.1416	5.12452
-0.817845	0.57484	5.1393	5.12386
-0.822445	0.57484	5.13996	5.12386
-0.81916	0.578454	5.14193	5.12419
-0.822116	0.571226	5.14522	5.12485
-0.81916	0.570569	5.14555	5.12616
-0.815546	0.573198	5.14555	5.12813
-0.815546	0.571555	5.14587	5.12846
-0.821788	0.568927	5.14587	5.12748
-0.82803	0.568269	5.14653	5.12649
-0.827045	0.568269	5.14653	5.12255
-0.83033	0.570898	5.14686	5.12123
-0.828687	0.568269	5.14555	5.12189
-0.828359	0.571883	5.14292	5.12386
-0.825073	0.564655	5.13996	5.12452
-0.827373	0.563998	5.13996	5.1255
-0.828359	0.557428	5.14259	5.12649
-0.825073	0.560384	5.14522	5.12452
-0.824416	0.55907	5.1462	5.12452
-0.821131	0.55907	5.1462	5.12616
-0.819488	0.56137	5.14489	5.12748
-0.817188	0.561699	5.14292	5.1278
-0.821788	0.56597	5.14357	5.12649
-0.823102	0.558413	5.14489	5.12518
-0.818502	0.560713	5.14489	5.1255
-0.820474	0.558413	5.1462	5.1255
-0.819817	0.556442	5.14555	5.12518
-0.813246	0.558085	5.14423	5.12616
-0.807661	0.559727	5.14325	5.12649
-0.803718	0.556442	5.14193	5.12682
-0.798133	0.55907	5.14226	5.12748
-0.793862	0.556442	5.14357	5.12846
-0.788277	0.557099	5.14456	5.12682
-0.790577	0.554471	5.14259	5.12715
-0.790577	0.555785	5.1393	5.12715
-0.794519	0.553157	5.13996	5.12583
-0.788277	0.551514	5.14127	5.12682
-0.776121	0.557099	5.14193	5.12682
-0.773164	0.560056	5.14456	5.12518
-0.770864	0.563341	5.14522	5.1255
-0.761993	0.569912	5.14357	5.12583
-0.757065	0.576154	5.14226	5.12682
-0.753451	0.582397	5.14325	5.12682
-0.752794	0.585682	5.14653	5.12649
-0.746881	0.603095	5.1485	5.12583
-0.747209	0.609009	5.1485	5.12583
-0.74918	0.612951	5.14653	5.12583
-0.746223	0.61328	5.14357	5.12813
-0.737353	0.617551	5.14095	5.13043
-0.738996	0.619193	5.14127	5.12813
-0.737681	0.617879	5.1416	5.12748
-0.73341	0.621822	5.14522	5.12649
-0.737024	0.619193	5.14916	5.1278
-0.742938	0.615251	5.14785	5.12715
-0.748852	0.616236	5.14357	5.12748
-0.745238	0.621822	5.14127	5.12748
-0.74918	0.622479	5.14292	5.12748
-0.751809	0.618536	5.14456	5.12748
-0.753123	0.619193	5.14587	5.12813
-0.755751	0.615251	5.1462	5.12715
-0.756408	0.623793	5.14522	5.12682
-0.757394	0.623793	5.14292	5.12682
-0.753451	0.62675	5.14226	5.12748
-0.752466	0.629707	5.14292	5.12846
-0.748195	0.632664	5.14489	5.12813
-0.741295	0.632335	5.14653	5.12452
-0.739653	0.634306	5.14587	5.12222
-0.738667	0.64022	5.14489	5.12386
-0.736696	0.639891	5.14325	5.12616
-0.725525	0.64022	5.14127	5.12715
-0.720597	0.644162	5.14226	5.12518
-0.715998	0.650733	5.14489	5.12485
-0.721254	0.647119	5.14555	5.12583
-0.721254	0.649091	5.1439	5.12583
-0.715341	0.655004	5.14292	5.12715
-0.715998	0.655004	5.14259	5.12682
-0.713698	0.654019	5.14193	5.12616
-0.71107	0.654019	5.14193	5.12682
-0.715998	0.646134	5.14193	5.12649
-0.713698	0.65139	5.1439	5.12452
-0.715998	0.649419	5.14522	5.12419
-0.712712	0.653362	5.14653	5.12518
-0.709427	0.655004	5.14456	5.12715
-0.70417	0.657633	5.14259	5.12813
-0.707784	0.659932	5.14325	5.12879
-0.702528	0.657304	5.14489	5.12748
-0.702528	0.654019	5.14489	5.12583
-0.70647	0.652705	5.14325	5.12518
-0.707127	0.652047	5.14127	5.12583
-0.710413	0.652376	5.13996	5.1278
-0.71107	0.648762	5.14095	5.12813
-0.710741	0.649419	5.14357	5.12682
-0.712384	0.646134	5.1439	5.12452
-0.716655	0.64252	5.14259	5.12419
-0.712055	0.640549	5.14193	5.12386
-0.70877	0.638906	5.1416	5.12452
-0.712055	0.63562	5.14095	5.12485
-0.716983	0.62905	5.14095	5.12616
-0.714026	0.632992	5.14127	5.12616
-0.709755	0.633978	5.14292	5.1232
-0.713698	0.638906	5.14357	5.12222
-0.715669	0.634306	5.1439	5.1232
-0.720597	0.635292	5.14423	5.12518
-0.726511	0.630364	5.1439	5.12748
-0.734067	0.632335	5.14292	5.12682
-0.729139	0.634306	5.14292	5.12485
-0.727825	0.639891	5.14489	5.12386
-0.731111	0.632664	5.14785	5.12452
-0.734067	0.634963	5.14719	5.12485
-0.744252	0.632006	5.14456	5.12682
-0.74918	0.62905	5.14127	5.12846
-0.751152	0.631678	5.14062	5.12748
-0.755423	0.632992	5.14193	5.12649
-0.757394	0.62905	5.14357	5.12452
-0.757065	0.626421	5.14456	5.12288
-0.758051	0.629378	5.14357	5.12419
-0.756408	0.624779	5.14193	5.12682
-0.765279	0.620836	5.14226	5.12649
-0.776449	0.61985	5.14292	5.12649
-0.779406	0.614922	5.14423	5.12715
-0.777435	0.609666	5.14292	5.12583
-0.78072	0.603752	5.14226	5.1255
-0.776778	0.60408	5.14292	5.12452
-0.775135	0.603752	5.14292	5.12452
-0.780063	0.601452	5.14226	5.12583
-0.783677	0.601781	5.1416	5.12715
-0.789591	0.599809	5.14193	5.12813
-0.795505	0.597838	5.14193	5.12846
-0.796819	0.601781	5.14259	5.12813
-0.798133	0.598167	5.14226	5.12682
-0.797147	0.602766	5.14193	5.12748
-0.795833	0.598495	5.14259	5.12748
-0.793862	0.593239	5.14292	5.12616
-0.791562	0.589953	5.14423	5.1255
-0.796162	0.592253	5.14357	5.12485
-0.795833	0.591924	5.1416	5.1255
-0.799776	0.581411	5.14127	5.1255
-0.800104	0.583382	5.14193	5.12353
-0.799776	0.588639	5.14226	5.12353
-0.799776	0.587982	5.14357	5.1255
-0.798133	0.584696	5.14423	5.12682
-0.791234	0.580097	5.14522	5.12846
-0.78532	0.583382	5.14456	5.12748
-0.786305	0.583054	5.14489	5.1255
-0.777106	0.586668	5.14259	5.12518
-0.777435	0.59061	5.14226	5.12682
-0.78072	0.591267	5.1439	5.12715
-0.780392	0.59061	5.14357	5.12649
-0.777106	0.585682	5.1416	5.12518
-0.780063	0.585025	5.14226	5.12485
-0.781049	0.586339	5.14325	5.12518
-0.782363	0.583711	5.14489	5.1255
-0.781049	0.577797	5.1439	5.12583
-0.782692	0.576483	5.14292	5.12715
-0.789591	0.574512	5.14259	5.12748
-0.790905	0.567941	5.14292	5.1278
-0.789919	0.568598	5.14292	5.12682
-0.78762	0.568927	5.14325	5.12813
-0.785648	0.569255	5.14423	5.12977
-0.778421	0.576812	5.14522	5.12813
-0.783349	0.57254	5.14522	5.12583
-0.788934	0.57484	5.14489	5.12485
-0.78762	0.577469	5.14522	5.12583
-0.788605	0.578454	5.14456	5.12485
-0.794848	0.576812	5.14489	5.1255
-0.79419	0.569584	5.14456	5.12715
-0.799119	0.56597	5.1439	5.12682
-0.800433	0.569584	5.14292	5.12682
-0.802733	0.566955	5.14193	5.12748
-0.805689	0.56597	5.14095	5.12649
-0.804047	0.568269	5.13996	5.12583
-0.805361	0.567284	5.1393	5.12452
-0.806346	0.568598	5.13963	5.12288
-0.808318	0.567284	5.14095	5.12255
-0.805032	0.571226	5.14226	5.12222
-0.807004	0.569255	5.14456	5.12123
-0.804375	0.569912	5.14522	5.12222
-0.806346	0.571883	5.14456	5.12583
-0.807661	0.564984	5.14357	5.12649
-0.80109	0.566627	5.14489	5.12715
-0.802733	0.568269	5.14522	5.12682
-0.794519	0.574183	5.14686	5.12452
-0.788277	0.57714	5.1462	5.1232
-0.788605	0.578783	5.14587	5.12485
-0.788277	0.583382	5.14456	5.12748
-0.782363	0.583382	5.14423	5.1278
-0.777435	0.585682	5.1439	5.12485
-0.772178	0.586996	5.14423	5.12222
-0.770536	0.585682	5.14555	5.12353
-0.762979	0.59521	5.14522	5.12518
-0.76725	0.596853	5.14456	5.12649
-0.769221	0.594224	5.14423	5.12649
-0.772178	0.588968	5.14423	5.12616
-0.770207	0.59521	5.14555	5.12616
-0.766922	0.603752	5.14785	5.12748
-0.760679	0.607694	5.14817	5.12715
-0.763965	0.607694	5.14686	5.12583
-0.760679	0.611637	5.14653	5.12518
-0.759037	0.618865	5.14653	5.12583
-0.759694	0.616894	5.14587	5.12649
-0.760679	0.614594	5.14423	5.12649
-0.750495	0.612951	5.14555	5.12452
-0.747538	0.618865	5.14719	5.12255
-0.745566	0.622807	5.14522	5.12222
-0.752466	0.621165	5.14292	5.12419
-0.744581	0.627407	5.14193	5.1255
-0.744252	0.631678	5.14127	5.12748
-0.742281	0.633321	5.14095	5.12583
-0.741295	0.628064	5.14357	5.12353
-0.742281	0.62905	5.14653	5.12353
-0.741295	0.626421	5.14587	5.12518
-0.749837	0.618865	5.14423	5.12715
-0.752466	0.621493	5.14226	5.12879
-0.755751	0.621822	5.1416	5.12912
-0.749509	0.626093	5.1439	5.1301
-0.746881	0.624121	5.14587	5.12715
-0.746552	0.627407	5.14555	5.12518
-0.745566	0.627735	5.14653	5.12518
-0.745566	0.628721	5.14456	5.12649
-0.745895	0.633649	5.14292	5.12682
-0.745895	0.627407	5.14292	5.12583
-0.744252	0.632006	5.14292	5.12616
-0.741295	0.636277	5.14325	5.12518
-0.746552	0.63562	5.14423	5.12518
-0.746881	0.634306	5.1439	5.1278
-0.747538	0.629707	5.14522	5.12945
-0.746223	0.628392	5.14522	5.12846
-0.745895	0.62675	5.14456	5.12715
-0.748523	0.62905	5.14456	5.12583
-0.752137	0.631678	5.1439	5.12616
-0.744252	0.629707	5.1439	5.12715
-0.742281	0.62905	5.14522	5.12846
-0.744252	0.628392	5.14555	5.12715
-0.743924	0.62445	5.14325	5.12715
-0.746881	0.61985	5.14325	5.12485
-0.747538	0.620836	5.14325	5.12353
-0.751809	0.621822	5.1439	5.12353
-0.753123	0.626421	5.14423	5.12452
-0.760022	0.626093	5.14423	5.12452
-0.75608	0.623136	5.14292	5.12518
-0.749837	0.62905	5.14423	5.1255
-0.747866	0.62905	5.14653	5.12518
-0.748195	0.620836	5.14752	5.12353
-0.749837	0.615908	5.1462	5.12288
-0.749837	0.616565	5.14522	5.12485
-0.753123	0.618208	5.14423	5.1278
-0.75378	0.61328	5.14423	5.12912
-0.756408	0.60868	5.14522	5.12813
-0.762322	0.603423	5.14423	5.1255
-0.762979	0.598167	5.14226	5.12452
-0.763965	0.592581	5.14193	5.12649
-0.765607	0.586668	5.1439	5.1278
-0.768236	0.584039	5.14587	5.12912
-0.762979	0.591596	5.14522	5.12912
-0.760022	0.59521	5.14522	5.12682
-0.762979	0.595867	5.14587	5.12452
-0.764622	0.595538	5.14719	5.12583
-0.76955	0.593896	5.14653	5.12452
-0.773821	0.588968	5.14423	5.12353
-0.768236	0.593239	5.14292	5.12518
-0.765279	0.589296	5.14259	5.12583
-0.761993	0.591267	5.14226	5.12583
-0.761008	0.591924	5.14325	5.12518
-0.766264	0.587653	5.1439	5.12419
-0.764622	0.59061	5.14292	5.12386
-0.764622	0.582397	5.14226	5.12682
-0.762322	0.582725	5.1439	5.1301
-0.763965	0.576483	5.14489	5.13076
-0.771521	0.57714	5.14719	5.12813
-0.768893	0.579768	5.14719	5.1255
-0.766922	0.576154	5.14489	5.1255
-0.771521	0.576483	5.14325	5.12649
-0.774149	0.578783	5.1439	5.12583
-0.778092	0.57254	5.14423	5.12649
-0.784991	0.567612	5.14522	5.12649
-0.789919	0.563998	5.14522	5.12715
-0.782034	0.571226	5.14555	5.12616
-0.78302	0.573526	5.14653	5.12419
-0.785648	0.567941	5.14653	5.1255
-0.788277	0.566627	5.14522	5.12748
-0.784663	0.573526	5.14292	5.12748
-0.782034	0.573526	5.14259	5.12649
-0.786634	0.576483	5.14357	5.1255
-0.786305	0.576483	5.14423	5.12419
-0.784334	0.575826	5.14456	5.12452
-0.788277	0.568269	5.14357	5.12583
-0.791234	0.571555	5.14325	5.12682
-0.791891	0.57714	5.14357	5.12715
-0.781706	0.57944	5.14522	5.12715
-0.777435	0.583054	5.14653	5.12485
-0.772835	0.584696	5.14653	5.12485
-0.770207	0.58831	5.1439	5.12616
-0.770536	0.58174	5.14357	5.12583
-0.771521	0.582397	5.1439	5.12452
-0.769878	0.580425	5.14423	5.1255
-0.776121	0.580097	5.1439	5.12583
-0.773164	0.58174	5.14423	5.12485
-0.772507	0.57944	5.14456	5.12452
-0.771521	0.583054	5.14423	5.12583
-0.76725	0.588968	5.14325	5.12616
-0.768564	0.598824	5.14127	5.12715
-0.767579	0.602109	5.14127	5.12682
-0.76725	0.59751	5.14193	5.1255
-0.757722	0.605066	5.14259	5.12485
-0.754437	0.601781	5.14226	5.12386
-0.760679	0.604738	5.14193	5.1255
-0.766922	0.602766	5.14226	5.12715
-0.768236	0.596524	5.14193	5.12715
-0.76495	0.593567	5.14193	5.12813
-0.766922	0.596853	5.1439	5.1278
-0.762979	0.598495	5.1439	5.12682
-0.763308	0.593567	5.14357	5.12682
-0.760679	0.599152	5.14325	5.12715
-0.757722	0.603095	5.14193	5.12682
-0.755423	0.605066	5.14292	5.12682
-0.757065	0.604409	5.14555	5.12846
-0.757065	0.606052	5.14817	5.12813
-0.752466	0.607694	5.14817	5.12616
-0.745238	0.610323	5.14489	5.12386
-0.744909	0.609994	5.14357	5.1232
-0.745895	0.612951	5.14357	5.12485
-0.742938	0.615251	5.1439	5.12649
-0.74261	0.61328	5.14226	5.12616
-0.744581	0.609337	5.14259	5.12583
-0.746881	0.614922	5.14423	5.12682
-0.746552	0.619193	5.14522	5.12682
-0.742281	0.626093	5.14456	5.12748
-0.738996	0.623793	5.14325	5.12682
-0.735053	0.620508	5.14259	5.12452
-0.734067	0.628392	5.14193	5.12452
-0.739324	0.62675	5.1439	5.12616
-0.737353	0.622479	5.1462	5.12616
-0.739324	0.627078	5.14555	5.12649
-0.741295	0.632992	5.14357	5.1255
-0.750495	0.628392	5.14292	5.12485
-0.757065	0.628064	5.14259	5.12616
-0.752466	0.626421	5.14127	5.12583
-0.751809	0.627407	5.14095	5.12649
-0.752794	0.625436	5.14127	5.1255
-0.746881	0.633321	5.14259	5.1255
-0.744909	0.638906	5.14357	5.1255
-0.739324	0.642191	5.14259	5.12616
-0.73341	0.643505	5.14423	5.12682
-0.727168	0.651062	5.14522	5.12583
-0.730125	0.649419	5.14489	5.12419
-0.733082	0.645805	5.14489	5.12419
-0.729796	0.649419	5.14357	5.1255
-0.724211	0.65139	5.14226	5.12583
-0.719283	0.650405	5.14127	5.12616
-0.712055	0.656647	5.14193	5.1255
-0.70877	0.646134	5.14193	5.12649
-0.707456	0.645805	5.14127	5.12583
-0.700556	0.649091	5.1416	5.12583
-0.698914	0.653033	5.14193	5.12485
-0.699899	0.647119	5.14226	5.12485
-0.697928	0.638249	5.14193	5.12583
-0.70417	0.639234	5.14357	5.12616
-0.702856	0.64022	5.14325	5.12452
-0.701213	0.641863	5.14226	5.12156
-0.697928	0.643505	5.14193	5.1209
-0.696942	0.641534	5.14292	5.12255
-0.696285	0.645477	5.14292	5.12485
-0.697271	0.651062	5.14226	5.12583
-0.699899	0.656647	5.14226	5.12616
-0.699571	0.657304	5.14259	5.12518
-0.697599	0.65369	5.1439	5.12419
-0.696942	0.647119	5.1439	5.1255
-0.700885	0.64022	5.14193	5.12748
-0.698585	0.641534	5.14193	5.12616
-0.699242	0.644162	5.14522	5.12616
-0.703842	0.641534	5.14817	5.12518
-0.705156	0.642848	5.14883	5.12419
-0.713698	0.639563	5.1485	5.12583
-0.720926	0.636935	5.14752	5.12912
-0.726511	0.629707	5.14653	5.1301
-0.729139	0.630364	5.14357	5.12977
-0.729796	0.62675	5.1439	5.12879
-0.728482	0.625107	5.14555	5.12879
-0.732425	0.61985	5.14785	5.1278
-0.741295	0.622807	5.14883	5.12846
-0.750166	0.623793	5.14785	5.12649
-0.752794	0.623136	5.1462	5.12715
-0.754108	0.619193	5.1462	5.12715
-0.75838	0.613937	5.14522	5.12649
-0.761008	0.609666	5.14325	5.12715
-0.760679	0.609337	5.14127	5.12748
-0.761665	0.611308	5.14127	5.12748
-0.762651	0.60638	5.14292	5.12649
-0.765936	0.601781	5.14555	5.12452
-0.771521	0.596195	5.14653	5.12419
-0.779078	0.592581	5.14587	5.12616
-0.782034	0.594553	5.14522	5.12649
-0.783677	0.594224	5.14719	5.12485
-0.788934	0.589625	5.14653	5.12485
-0.785977	0.589625	5.14522	5.12715
-0.788934	0.59061	5.1439	5.12846
-0.792876	0.591596	5.14423	5.12912
-0.784991	0.589625	5.14653	5.12748
-0.788934	0.588639	5.14686	5.12583
-0.792876	0.579111	5.14653	5.12583
-0.79419	0.580097	5.14423	5.12616
-0.792876	0.580425	5.14226	5.12583
-0.802075	0.578454	5.14062	5.12682
-0.807332	0.568927	5.14226	5.1278
-0.810946	0.565641	5.14325	5.12879
-0.810946	0.568598	5.1439	5.13043
-0.812589	0.567941	5.14423	5.12813
-0.816531	0.561042	5.14489	5.12583
-0.81456	0.559727	5.14456	5.12452
-0.818174	0.555456	5.1439	5.12452
-0.818174	0.556442	5.14522	5.12353
-0.818502	0.55907	5.14719	5.12518
-0.817188	0.558742	5.14555	5.1255
-0.820474	0.560384	5.1439	5.12386
-0.826387	0.55677	5.14259	5.1255
-0.830001	0.554799	5.1416	5.12616
-0.831973	0.557756	5.14062	5.12583
-0.830659	0.559727	5.1416	5.12583
-0.836244	0.556442	5.14423	5.1255
-0.836901	0.552171	5.14522	5.12452
-0.842486	0.549214	5.14587	5.12386
-0.838215	0.553157	5.14653	5.12419
-0.840843	0.554471	5.14686	5.12518
-0.838543	0.558413	5.14653	5.12616
-0.833944	0.560056	5.1439	5.12682
-0.835258	0.561042	5.14226	5.12715
-0.83493	0.56367	5.1439	5.12715
-0.83263	0.566627	5.14587	5.12715
-0.82573	0.57484	5.14555	5.12879
-0.830987	0.574183	5.1439	5.13043
-0.83263	0.572212	5.1439	5.12912
-0.832301	0.570569	5.14325	5.12715
-0.828687	0.568598	5.14259	5.12485
-0.830659	0.566955	5.14357	5.12485
-0.83493	0.56137	5.1439	5.12616
-0.839529	0.561699	5.14226	5.12682
-0.842815	0.563013	5.14029	5.12583
-0.837558	0.560713	5.1416	5.1255
-0.835915	0.562356	5.14325	5.12353
-0.834601	0.563998	5.14489	5.12353
-0.835915	0.560056	5.14522	5.12419
-0.830659	0.564984	5.14423	5.12518
-0.821459	0.569912	5.1439	5.12616
-0.819488	0.571883	5.14193	5.12649
-0.811932	0.571883	5.14259	5.1255
-0.812917	0.571883	5.1439	5.12353
-0.81456	0.573198	5.14522	5.12485
-0.806675	0.571883	5.14489	5.12616
-0.808975	0.568598	5.14456	5.12583
-0.809303	0.571883	5.14357	5.12485
-0.808646	0.573526	5.14325	5.12452
-0.804047	0.57944	5.14292	5.12485
-0.800104	0.583054	5.14292	5.12386
-0.79649	0.591924	5.14456	5.12288
-0.786963	0.598824	5.14653	5.1232
-0.784663	0.599152	5.14587	5.12485
-0.784334	0.607366	5.14456	5.12583
-0.786963	0.605066	5.14292	5.12583
-0.790248	0.605066	5.14325	5.12616
-0.788605	0.607694	5.14456	5.12419
-0.782692	0.610651	5.14423	5.12222
-0.783349	0.611308	5.14456	5.12288
-0.779406	0.617879	5.14357	5.12419
-0.768564	0.62675	5.1439	5.12353
-0.765607	0.634963	5.14259	5.12419
-0.761993	0.633978	5.14127	5.12386
-0.761665	0.638577	5.14062	5.12419
-0.75608	0.647448	5.13865	5.12353
-0.755751	0.654019	5.13865	5.12452
-0.745566	0.656647	5.13996	5.12715
-0.749509	0.652376	5.14193	5.12748
-0.743595	0.655333	5.14095	5.12715
-0.742938	0.651062	5.14259	5.12649
-0.737681	0.649091	5.14522	5.12452
-0.735382	0.658947	5.14522	5.12255
-0.732425	0.661575	5.14357	5.12353
-0.73571	0.659275	5.14325	5.12616
-0.736367	0.66059	5.14325	5.12748
-0.732096	0.66716	5.14489	5.12715
-0.737024	0.666503	5.14686	5.12518
-0.740638	0.665846	5.14719	5.12452
-0.738996	0.664861	5.14653	5.12583
-0.741624	0.668146	5.14456	5.12583
-0.740638	0.664204	5.14292	5.12419
-0.734725	0.658618	5.14127	5.12189
-0.73571	0.657633	5.14259	5.12156
-0.732425	0.656976	5.14587	5.12353
-0.728811	0.655661	5.14785	5.12583
-0.73341	0.653033	5.14719	5.12715
-0.732096	0.650405	5.14489	5.12616
-0.734396	0.647448	5.14226	5.12649
-0.728154	0.64022	5.1416	5.12682
-0.73341	0.634963	5.14292	5.12715
-0.735053	0.632335	5.1439	5.12616
-0.733082	0.635292	5.14259	5.12518
-0.733082	0.635292	5.14226	5.12353
-0.745566	0.636277	5.14193	5.12419
-0.748523	0.63562	5.14062	5.12485
-0.762651	0.630035	5.14193	5.12485
-0.762651	0.632335	5.14095	5.12583
-0.769221	0.631021	5.14226	5.12518
-0.774149	0.620836	5.14292	5.12518
-0.77185	0.616894	5.14226	5.1255
-0.770536	0.619522	5.14193	5.12518
-0.770536	0.621165	5.14095	5.12518
-0.768236	0.623464	5.13996	5.12419
-0.769221	0.621822	5.1393	5.1232
-0.768236	0.623464	5.14095	5.12288
-0.76495	0.62215	5.14357	5.12386
-0.763965	0.624121	5.14357	5.12419
-0.763308	0.627078	5.14062	5.12485
-0.75838	0.626421	5.13963	5.12452
-0.760022	0.629707	5.1416	5.12353
-0.763308	0.626093	5.14456	5.12452
-0.76725	0.625436	5.14587	5.12682
-0.773821	0.62445	5.1439	5.12583
-0.770864	0.619522	5.1416	5.1255
-0.770864	0.617551	5.13996	5.1255
-0.768893	0.619522	5.13897	5.12583
-0.774149	0.614594	5.14226	5.12485
-0.772835	0.610651	5.14522	5.12189
-0.772178	0.609337	5.14719	5.12123
-0.768236	0.611308	5.1462	5.12353
-0.765936	0.610323	5.1439	5.12518
-0.765936	0.611637	5.14292	5.12649
-0.767579	0.618536	5.14292	5.12682
-0.767907	0.620179	5.14325	5.12715
-0.776449	0.613608	5.14489	5.12452
-0.770207	0.612951	5.14587	5.12222
-0.774149	0.60638	5.14489	5.12156
-0.779078	0.596524	5.14522	5.12222
-0.78072	0.584368	5.14325	5.12452
-0.78072	0.577469	5.14127	5.12846
-0.783677	0.573526	5.14193	5.12846
-0.785977	0.573526	5.14456	5.1278
-0.780063	0.569912	5.14456	5.12485
-0.785648	0.57484	5.14456	5.12353
-0.784663	0.576812	5.1439	5.12518
-0.786963	0.583711	5.14259	5.12748
-0.784663	0.584696	5.14357	5.1278
-0.781706	0.587325	5.14456	5.12682
-0.784991	0.583711	5.14325	5.12485
-0.783349	0.582725	5.14325	5.12452
-0.781706	0.578126	5.14292	5.12649
-0.777763	0.586996	5.14226	5.12583
-0.775464	0.583054	5.14029	5.12386
-0.771193	0.583054	5.1416	5.12288
-0.770207	0.583054	5.14456	5.12288
-0.773821	0.577797	5.14653	5.1232
-0.782034	0.571226	5.14522	5.12518
-0.78072	0.577469	5.14423	5.12682
-0.784991	0.578454	5.14259	5.12616
-0.784663	0.580097	5.14226	5.12452
-0.788934	0.57944	5.1416	5.12353
-0.78302	0.578783	5.14226	5.12156
-0.782363	0.579768	5.14259	5.12189
-0.784663	0.583054	5.14292	5.12353
-0.787948	0.580097	5.14226	5.12649
-0.793533	0.573855	5.14127	5.12748
-0.796162	0.572212	5.1416	5.12616
-0.797804	0.567941	5.1416	5.12452
-0.795176	0.566627	5.14193	5.12386
-0.796819	0.574183	5.14259	5.12353
-0.800104	0.570569	5.14357	5.12485
-0.797147	0.569255	5.14456	5.12485
-0.797804	0.568598	5.14423	5.12616
-0.795833	0.573526	5.14456	5.12583
-0.796162	0.565641	5.14489	5.12616
-0.793533	0.560056	5.14522	5.1255
-0.796819	0.555785	5.14653	5.12518
-0.790577	0.553485	5.14686	5.12452
-0.79419	0.554142	5.14587	5.1255
-0.790905	0.551185	5.14489	5.12583
-0.786634	0.549543	5.14555	5.12813
-0.789919	0.553814	5.14719	5.12813
-0.790905	0.553157	5.14817	5.12518
-0.786305	0.557099	5.14752	5.12518
-0.783349	0.565641	5.14555	5.12682
-0.779735	0.563998	5.14127	5.12813
-0.777763	0.560056	5.1393	5.12748
-0.779735	0.56367	5.14127	5.1278
-0.76955	0.56597	5.14555	5.1278
-0.775135	0.568598	5.14785	5.12583
-0.769878	0.570569	5.14719	5.12583
-0.771521	0.562684	5.14423	5.12616
-0.775135	0.563998	5.14226	5.12715
-0.780063	0.558742	5.14193	5.12813
-0.778092	0.558085	5.1439	5.12715
-0.777435	0.56137	5.14686	5.12386
-0.774807	0.55907	5.14752	5.12288
-0.772178	0.557428	5.14653	5.12419
-0.772507	0.558085	5.1439	5.12583
-0.764293	0.560384	5.14357	5.1278
-0.755751	0.566955	5.14489	5.12748
-0.748195	0.573855	5.14522	5.1255
-0.75378	0.566955	5.14587	5.12485
-0.75608	0.558742	5.14456	5.12353
-0.759365	0.555456	5.14292	5.1232
-0.759694	0.556442	5.14226	5.12452
-0.754437	0.562684	5.14226	5.12649
-0.759037	0.561042	5.14259	5.12649
-0.757065	0.556113	5.14292	5.12748
-0.756408	0.563341	5.14456	5.1255
-0.753123	0.560384	5.1462	5.12353
-0.750495	0.562684	5.14785	5.1232
-0.742281	0.565641	5.14653	5.12583
-0.739324	0.560713	5.14555	5.12583
-0.735382	0.565641	5.14555	5.12649
-0.731439	0.569584	5.14489	5.12583
-0.732425	0.576154	5.14292	5.12583
-0.732425	0.57484	5.14062	5.12419
-0.737024	0.574183	5.13963	5.12123
-0.73571	0.563341	5.13897	5.12189
-0.731111	0.564984	5.14029	5.12485
-0.734067	0.563998	5.14095	5.12649
-0.72684	0.564984	5.1416	5.12616
-0.728482	0.558085	5.14226	5.12583
-0.728154	0.561042	5.14292	5.12583
-0.729468	0.56137	5.14259	5.12682
-0.730782	0.564327	5.14325	5.12846
-0.72454	0.567941	5.14456	5.1278
-0.719612	0.57254	5.14325	5.12518
-0.720269	0.575826	5.14259	5.12583
-0.725197	0.576812	5.14325	5.12452
-0.728482	0.580425	5.14357	5.12353
-0.728154	0.582725	5.14193	5.12156
-0.732753	0.582397	5.14193	5.12288
-0.734067	0.582068	5.14259	5.12452
-0.732096	0.581083	5.14259	5.12715
-0.729139	0.578783	5.14226	5.12813
-0.730454	0.584368	5.14357	5.12748
-0.735053	0.583382	5.14423	5.12616
-0.739324	0.586339	5.14193	5.12485
-0.741952	0.59061	5.14127	5.1255
-0.741952	0.586339	5.14226	5.12583
-0.750166	0.589296	5.1439	5.12452
-0.748195	0.585354	5.14357	5.12386
-0.747538	0.585682	5.14292	5.12419
-0.747538	0.579768	5.14292	5.12419
-0.749837	0.586668	5.14325	5.1255
-0.755423	0.586011	5.14193	5.1278
-0.755751	0.59061	5.14259	5.1278
-0.760351	0.591267	5.14555	5.12616
-0.758051	0.58831	5.14686	5.12452
-0.765279	0.585025	5.14587	5.12386
-0.770207	0.584039	5.14292	5.12518
-0.776121	0.585354	5.14193	5.12682
-0.782363	0.58174	5.14259	5.12682
-0.783677	0.580097	5.14259	5.12813
-0.791234	0.579768	5.14423	5.12846
-0.793862	0.573198	5.14587	5.12583
-0.800761	0.565641	5.14653	5.12518
-0.80339	0.558742	5.14522	5.1255
-0.803061	0.55677	5.14357	5.12748
-0.801747	0.555456	5.14226	5.12813
-0.806675	0.556442	5.14259	5.12682
-0.808975	0.551842	5.1439	5.12452
-0.807989	0.551514	5.14489	5.12583
-0.807004	0.544286	5.14456	5.12583
-0.807332	0.547571	5.14489	5.12583
-0.807989	0.550528	5.14555	5.12715
-0.809303	0.5433	5.14489	5.12813
-0.815217	0.533773	5.1439	5.12715
-0.818174	0.534758	5.14587	5.12682
-0.821459	0.528187	5.14817	5.12583
-0.820802	0.535415	5.14719	5.12419
-0.824416	0.531144	5.1439	5.12452
-0.827702	0.537058	5.14226	5.12583
-0.827045	0.535415	5.14325	5.12682
-0.828687	0.531144	5.14555	5.1278
-0.823431	0.533773	5.14587	5.12682
-0.823102	0.536401	5.14456	5.12353
-0.822445	0.53213	5.14292	5.12222
-0.813903	0.534758	5.1416	5.12386
-0.815217	0.535744	5.14193	5.12649
-0.813903	0.528844	5.1416	5.12748
-0.815546	0.528187	5.14325	5.12748
-0.807004	0.532787	5.14522	5.12715
-0.806675	0.531801	5.14456	5.1278
-0.804375	0.530487	5.1439	5.12715
-0.802733	0.527202	5.14423	5.12682
-0.807332	0.519974	5.14522	5.12715
-0.812589	0.517674	5.14587	5.12715
-0.807004	0.521945	5.14522	5.12813
-0.811932	0.523916	5.14423	5.12846
-0.81226	0.526216	5.14423	5.1278
-0.813246	0.530816	5.14292	5.12748
-0.811603	0.535744	5.14193	5.12682
-0.806346	0.537715	5.14062	5.12715
-0.804047	0.542315	5.14127	5.12912
-0.805361	0.543957	5.14259	5.12945
-0.804375	0.543629	5.14357	5.12813
-0.802404	0.549543	5.14423	5.12813
-0.793205	0.554142	5.14325	5.1278
-0.79649	0.555128	5.14259	5.12616
-0.799119	0.5502	5.14357	5.12616
-0.797804	0.552171	5.1439	5.12616
-0.800104	0.542643	5.14522	5.12649
-0.797804	0.542315	5.14719	5.12616
-0.796819	0.539029	5.14653	5.12452
-0.798461	0.537058	5.14357	5.12518
-0.802404	0.531144	5.14029	5.12616
-0.797804	0.533444	5.14029	5.1255
-0.79419	0.535087	5.1416	5.12616
-0.802733	0.533773	5.14456	5.12682
-0.80109	0.539686	5.14686	5.12518
-0.799119	0.546914	5.14653	5.12288
-0.800104	0.556113	5.14522	5.12156
-0.796819	0.562684	5.14357	5.12255
-0.795176	0.563998	5.14456	5.12386
-0.793205	0.574183	5.14587	5.12485
-0.789591	0.579768	5.14587	5.12616
-0.789591	0.581083	5.14489	5.12715
-0.786634	0.584696	5.14193	5.12682
-0.786305	0.581083	5.14095	5.12715
-0.781706	0.58174	5.1416	5.1278
-0.780392	0.588968	5.14226	5.12846
-0.775135	0.59521	5.14325	5.12649
-0.774149	0.602109	5.1439	5.1255
-0.773164	0.60638	5.1439	5.12518
-0.771521	0.610651	5.14292	5.12419
-0.768893	0.611308	5.14259	5.12616
-0.762651	0.61328	5.14292	5.12682
-0.762651	0.615251	5.14357	5.1278
-0.75608	0.617879	5.14456	5.12748
-0.756408	0.614594	5.14489	5.12452
-0.754108	0.618536	5.14555	5.1232
-0.74918	0.616565	5.14456	5.12518
-0.748852	0.615579	5.14423	5.12715
-0.748852	0.615908	5.14259	5.12748
-0.739981	0.618865	5.14325	5.12748
-0.734396	0.62445	5.14456	5.12649
-0.731111	0.624779	5.14555	5.12616
-0.728482	0.627407	5.14555	5.12616
-0.724211	0.623464	5.14522	5.12715
-0.726182	0.61985	5.14522	5.12715
-0.724211	0.620836	5.14555	5.1278
-0.728482	0.618536	5.14456	5.12715
-0.732425	0.613937	5.14292	5.1255
-0.736367	0.611637	5.14325	5.12485
-0.738996	0.61098	5.14357	5.12583
-0.741295	0.608351	5.14259	5.12715
-0.740638	0.606709	5.14226	5.1278
-0.747866	0.599809	5.14259	5.12748
-0.748523	0.592253	5.14259	5.12583
-0.757065	0.593896	5.14423	5.12616
-0.760679	0.594553	5.1462	5.12616
-0.761993	0.58831	5.14555	5.12616
-0.76725	0.589296	5.14325	5.1278
-0.766922	0.589625	5.14029	5.12846
-0.773492	0.587325	5.14029	5.12715
-0.778749	0.585354	5.14193	5.12518
-0.784334	0.582725	5.1439	5.12649
-0.78532	0.578454	5.14226	5.12748
-0.788934	0.576154	5.14193	5.12879
-0.787291	0.582397	5.14259	5.12846
-0.793862	0.584368	5.14259	5.1278
-0.798133	0.587653	5.14226	5.12813
-0.800761	0.588968	5.14489	5.12879
-0.800104	0.59061	5.14653	5.1278
-0.800433	0.592253	5.14456	5.1278
-0.798133	0.600138	5.1439	5.12748
-0.799119	0.595867	5.14193	5.12748
-0.804375	0.594881	5.14193	5.12682
-0.796162	0.598824	5.14292	5.1255
-0.797147	0.598167	5.14423	5.12583
-0.79649	0.595867	5.1462	5.12682
-0.795505	0.596195	5.14653	5.1278
-0.790577	0.598824	5.1439	5.12748
-0.783677	0.607694	5.1416	5.1278
-0.778421	0.607694	5.14095	5.12649
-0.773164	0.61098	5.14226	5.12715
-0.774478	0.610323	5.14423	5.12748
-0.769221	0.61098	5.14489	5.12616
-0.76725	0.604738	5.14292	5.12485
-0.767579	0.601124	5.1393	5.1232
-0.765607	0.609337	5.13832	5.12255
-0.756408	0.61328	5.14029	5.1232
-0.757394	0.600466	5.14357	5.12419
-0.759037	0.595538	5.14489	5.12649
-0.751809	0.595538	5.14489	5.12715
-0.752466	0.601781	5.14489	5.12583
-0.760351	0.596524	5.14522	5.1255
-0.762979	0.590282	5.14292	5.12583
-0.76495	0.582068	5.14292	5.12616
-0.770864	0.575169	5.1439	5.12485
-0.768236	0.571883	5.1439	5.12452
-0.772507	0.565641	5.14423	5.12452
-0.774807	0.56367	5.1439	5.12353
-0.770207	0.568598	5.14226	5.12485
-0.772178	0.566955	5.14193	5.12518
-0.773821	0.568927	5.1439	5.12715
-0.773164	0.571226	5.14423	5.12649
-0.773492	0.56367	5.14423	5.12386
-0.784006	0.563998	5.14292	5.12649
-0.78302	0.567941	5.1416	5.1278
-0.791562	0.564655	5.1416	5.12879
-0.800433	0.556442	5.14292	5.12879
-0.805361	0.548557	5.14489	5.12879
-0.810618	0.546586	5.14587	5.1278
-0.810289	0.548557	5.1462	5.12682
-0.810946	0.544614	5.14653	5.12616
-0.808646	0.544286	5.14456	5.12518
-0.813246	0.540672	5.14193	5.12485
-0.821459	0.537058	5.14062	5.1255
-0.830659	0.531801	5.1439	5.12682
-0.833287	0.528844	5.14686	5.12748
-0.839529	0.51866	5.14686	5.12682
-0.844457	0.520302	5.14522	5.12583
-0.850371	0.517346	5.14193	5.12616
-0.859242	0.509461	5.14029	5.12616
-0.857599	0.506504	5.14325	5.12452
-0.852342	0.507161	5.1462	5.12386
-0.852999	0.507161	5.14752	5.12452
-0.852999	0.509461	5.14522	5.12386
-0.854971	0.507818	5.1416	5.12386
-0.852014	0.510118	5.13996	5.12616
-0.855628	0.506832	5.1416	5.12977
-0.861541	0.505518	5.14325	5.13207
-0.865812	0.505189	5.14423	5.1324
-0.868112	0.499933	5.1439	5.12879
-0.864498	0.503218	5.14456	5.12518
-0.864827	0.503218	5.14555	5.12485
-0.864498	0.489748	5.14653	5.12518
-0.864827	0.484491	5.14719	5.12682
-0.872712	0.478249	5.14785	5.12813
-0.869755	0.475621	5.14719	5.12813
-0.87304	0.468393	5.14686	5.1278
-0.868441	0.468064	5.1462	5.1255
-0.866141	0.46445	5.14489	5.12386
-0.862856	0.468721	5.14259	5.12452
-0.862856	0.472007	5.14095	5.12518
-0.859242	0.473321	5.14292	5.12485
-0.854971	0.476606	5.1439	5.12616
-0.847414	0.480549	5.14522	5.12748
-0.8461	0.482192	5.14752	5.12748
-0.849057	0.476935	5.14686	5.1278
-0.845443	0.476935	5.14587	5.12748
-0.845771	0.479563	5.14522	5.12715
-0.8438	0.486791	5.1439	5.12682
-0.844457	0.490077	5.14357	5.12649
-0.838872	0.484491	5.1439	5.1255
-0.835587	0.486463	5.14456	5.12485
-0.83263	0.48482	5.14719	5.12419
-0.826059	0.481206	5.14785	5.12288
-0.831644	0.481863	5.14555	5.12419
-0.824416	0.489748	5.14325	5.1255
-0.823102	0.488762	5.14259	5.1255
-0.819488	0.493691	5.14357	5.12419
-0.818502	0.492376	5.14456	5.12419
-0.820145	0.495333	5.14555	5.12583
-0.818502	0.500918	5.14653	5.1255
-0.811603	0.508475	5.14489	5.12518
-0.808318	0.513074	5.14259	5.12616
-0.807661	0.51866	5.14193	5.12682
-0.808646	0.515703	5.1439	5.12682
-0.805361	0.515703	5.14489	5.12715
-0.802075	0.516031	5.14489	5.12485
-0.804047	0.519974	5.14325	5.12452
-0.805689	0.516031	5.14226	5.12649
-0.807661	0.516031	5.14325	5.12616
-0.806675	0.523259	5.1439	5.12583
-0.806018	0.514389	5.14587	5.12682
-0.80996	0.512746	5.14555	5.12715
-0.807332	0.515374	5.14587	5.12748
-0.808646	0.512746	5.14587	5.12879
-0.810946	0.511103	5.14522	5.12649
-0.812589	0.518988	5.14423	5.12616
-0.808975	0.519317	5.14456	5.12616
-0.811932	0.522274	5.14522	5.12583
-0.815217	0.523259	5.14555	5.12616
-0.81226	0.524902	5.14357	5.12813
-0.812917	0.528844	5.1416	5.12813
-0.816531	0.527859	5.14127	5.12715
-0.813574	0.529173	5.14292	5.12682
-0.813903	0.528187	5.14489	5.12649
-0.806346	0.531144	5.1462	5.12452
-0.805361	0.529173	5.14587	5.12353
-0.802075	0.525888	5.14522	5.12616
-0.804704	0.526216	5.14259	5.12879
-0.805361	0.529502	5.1416	5.12912
-0.802733	0.527859	5.14292	5.12912
-0.801747	0.526216	5.14489	5.12616
-0.805032	0.523588	5.14456	5.12419
-0.804047	0.520959	5.14325	5.12386
-0.804047	0.524245	5.14456	5.12419
-0.804047	0.520631	5.14522	5.1232
-0.807661	0.526216	5.14653	5.12288
-0.801418	0.525231	5.14719	5.12255
-0.803061	0.522274	5.14522	5.12518
-0.799776	0.523259	5.14456	5.1278
-0.802075	0.518988	5.14423	5.12945
-0.800104	0.51636	5.14489	5.12649
-0.797147	0.51636	5.14489	5.12353
-0.797476	0.51636	5.14357	5.12255
-0.793205	0.518331	5.14259	5.1232
-0.79649	0.521288	5.14193	5.12485
-0.791234	0.522602	5.14292	5.12616
-0.792219	0.525231	5.14292	5.12813
-0.784334	0.529502	5.14423	5.12715
-0.781706	0.530816	5.14357	5.1255
-0.782692	0.531473	5.14489	5.12452
-0.779735	0.529173	5.14653	5.12485
-0.774149	0.535415	5.14555	5.12518
-0.774478	0.533773	5.1439	5.12583
-0.776778	0.534101	5.14193	5.12682
-0.784006	0.531144	5.14226	5.12748
-0.78762	0.526545	5.14259	5.12748
-0.788277	0.525888	5.14456	5.1278
-0.785648	0.526545	5.14522	5.12879
-0.791562	0.523588	5.14522	5.12748
-0.790248	0.523916	5.14489	5.12748
-0.784991	0.524245	5.14456	5.12813
-0.793205	0.518003	5.14357	5.12879
-0.803061	0.510446	5.14292	5.12748
-0.814231	0.505189	5.14226	5.12616
-0.81456	0.509461	5.14325	5.12452
-0.820474	0.506175	5.14423	5.12419
-0.821788	0.503218	5.14456	5.12518
-0.825073	0.505518	5.14456	5.12616
-0.836244	0.508146	5.14325	5.12616
-0.835587	0.513074	5.1416	5.12649
-0.835915	0.516031	5.14325	5.12452
-0.83263	0.51866	5.14719	5.12255
-0.835587	0.526873	5.1485	5.12255
-0.837886	0.523588	5.14785	5.12353
-0.841829	0.521288	5.14719	5.1255
-0.842157	0.518988	5.14719	5.12616
-0.840186	0.517674	5.14785	5.12682
-0.846428	0.515046	5.14785	5.1255
-0.849714	0.510446	5.14752	5.12452
-0.844786	0.517346	5.14719	5.1255
-0.852342	0.512417	5.14719	5.12649
-0.852342	0.507818	5.14719	5.1278
-0.851685	0.51176	5.14653	5.12649
-0.849714	0.509132	5.14653	5.12616
-0.849057	0.515046	5.14555	5.12583
-0.847743	0.516688	5.1439	5.12518
-0.849385	0.519317	5.14259	5.1255
-0.851357	0.51866	5.1416	5.12682
-0.847743	0.514389	5.14193	5.12419
-0.851357	0.514717	5.14456	5.1232
-0.847086	0.519317	5.14555	5.12189
-0.845114	0.519645	5.14489	5.1232
-0.840843	0.520959	5.14325	5.12452
-0.83493	0.528844	5.14357	5.12452
-0.838215	0.526873	5.14489	5.12616
-0.837229	0.526216	5.14522	5.12682
-0.826716	0.523916	5.14357	5.12583
-0.822445	0.526873	5.14226	5.12452
-0.817845	0.521945	5.14292	5.12288
-0.81916	0.519974	5.14259	5.12222
-0.816531	0.528187	5.14292	5.12386
-0.812589	0.52983	5.14259	5.1278
-0.812589	0.531473	5.14325	5.12846
-0.810946	0.524902	5.1462	5.12748
-0.813574	0.519645	5.14785	5.12419
-0.817188	0.520302	5.14653	5.12288
-0.818174	0.526873	5.14456	5.12518
-0.81916	0.528844	5.14456	5.1278
-0.820474	0.53213	5.14489	5.1278
-0.815546	0.531144	5.14456	5.12715
-0.815874	0.535744	5.14456	5.12682
-0.817188	0.541986	5.14456	5.12583
-0.811932	0.546914	5.14226	5.12485
-0.807661	0.550528	5.14095	5.12518
-0.804047	0.550528	5.14127	5.1232
-0.804704	0.555128	5.14259	5.1232
-0.801418	0.563013	5.14456	5.1255
-0.799447	0.56597	5.14653	5.1255
-0.800104	0.566955	5.14686	5.12452
-0.801747	0.563013	5.14653	5.12518
-0.801418	0.573526	5.14489	5.12616
-0.802404	0.57484	5.14325	5.12912
-0.802733	0.579111	5.14259	5.12879
-0.806018	0.57714	5.14325	5.1278
-0.804375	0.578783	5.14489	5.12682
-0.80109	0.580754	5.14587	5.12616
-0.79879	0.57714	5.14489	5.1255
-0.793533	0.581083	5.14325	5.12485
-0.796819	0.586339	5.1416	5.1255
-0.79649	0.591924	5.14127	5.12485
-0.795176	0.599809	5.1416	5.12616
-0.791562	0.606052	5.14357	5.12616
-0.790248	0.608023	5.14522	5.1255
-0.784663	0.615908	5.14587	5.12452
-0.779078	0.615908	5.14555	5.1255
-0.778749	0.612623	5.14423	5.12682
-0.776449	0.610323	5.14325	5.12846
-0.778421	0.607694	5.14226	5.12813
-0.776778	0.615251	5.14259	5.12583
-0.773492	0.616236	5.14357	5.12452
-0.777106	0.611637	5.14325	5.12518
-0.772178	0.615251	5.14325	5.12748
-0.774807	0.615908	5.1439	5.12945
-0.778092	0.621165	5.14456	5.12813
-0.779735	0.621822	5.14357	5.12583
-0.777106	0.622479	5.14357	5.12386
-0.769878	0.62445	5.14456	5.12222
-0.772835	0.623793	5.14456	5.12386
-0.778421	0.61985	5.14489	5.12518
-0.775792	0.620508	5.14522	5.12485
-0.77185	0.625107	5.14522	5.12353
-0.771521	0.625764	5.14555	5.12485
-0.766922	0.625764	5.14489	5.1255
-0.768893	0.625436	5.14259	5.12485
-0.769221	0.628392	5.1416	5.1255
-0.776449	0.633649	5.14095	5.12518
-0.771521	0.633978	5.14226	5.1255
-0.777763	0.635292	5.14522	5.12518
-0.776778	0.639234	5.14587	5.12452
-0.769878	0.640549	5.14456	5.12386
-0.766593	0.65139	5.14357	5.12583
-0.761993	0.65599	5.14325	5.12715
-0.766264	0.655661	5.14357	5.1301
-0.764293	0.654347	5.14193	5.12912
-0.764293	0.654347	5.14029	5.12583
-0.766593	0.654347	5.14029	5.12419
-0.766593	0.655333	5.14062	5.12386
-0.763308	0.655333	5.14193	5.1255
-0.759365	0.65599	5.1439	5.12879
-0.760679	0.655333	5.14489	5.12912
-0.761993	0.659932	5.1439	5.1278
-0.758051	0.659604	5.14456	5.12583
-0.768236	0.654676	5.14555	5.12485
-0.775792	0.649091	5.14653	5.12386
-0.777106	0.649091	5.14522	5.12452
-0.782692	0.648762	5.1439	5.12616
-0.778092	0.652047	5.14292	5.1278
-0.781706	0.65369	5.1416	5.12748
-0.784663	0.649091	5.14127	5.12682
-0.788277	0.643834	5.14226	5.12518
-0.787291	0.643834	5.1439	5.12452
-0.789591	0.638249	5.14456	5.1232
-0.792219	0.639234	5.14357	5.12452
-0.794519	0.634635	5.14259	5.12583
-0.791891	0.633978	5.14423	5.12485
-0.79419	0.627407	5.1462	5.12353
-0.788934	0.625107	5.14653	5.1232
-0.783677	0.627407	5.14587	5.12485
-0.78072	0.62675	5.14357	5.12649
-0.777106	0.628392	5.13996	5.12846
-0.775135	0.629707	5.14062	5.12846
-0.778421	0.628064	5.14259	5.12748
-0.76955	0.628064	5.14423	5.12682
-0.765607	0.62445	5.14522	5.12452
-0.763636	0.625436	5.14555	5.12255
-0.764293	0.625107	5.14653	5.1232
-0.758051	0.62675	5.14555	5.12353
-0.762651	0.628392	5.14555	5.12452
-0.759365	0.630692	5.14456	5.12485
-0.75838	0.627735	5.14522	5.1255
-0.761008	0.626421	5.14587	5.12583
-0.760679	0.628064	5.14522	5.12452
-0.757722	0.631678	5.14325	5.12419
-0.757394	0.630692	5.13963	5.12485
-0.757394	0.625764	5.13963	5.12583
-0.755094	0.617879	5.14226	5.12583
-0.758051	0.617222	5.14489	5.1255
-0.762322	0.616894	5.14719	5.12485
-0.756737	0.617551	5.14653	5.12485
-0.759037	0.61985	5.14489	5.12649
-0.760022	0.616565	5.14325	5.12682
-0.761665	0.612951	5.14292	5.12616
-0.761665	0.615251	5.14259	5.12583
-0.762651	0.607366	5.14325	5.12419
-0.76955	0.611965	5.14357	5.12058
-0.768236	0.617551	5.14259	5.11959
-0.768236	0.616565	5.1416	5.1209
-0.777106	0.614922	5.14226	5.12386
-0.777435	0.60868	5.14325	5.12748
-0.777435	0.610323	5.14423	5.12879
-0.776121	0.607037	5.14555	5.12649
-0.779735	0.604409	5.14456	5.12419
-0.781377	0.601124	5.14325	5.12353
-0.778092	0.602438	5.14193	5.12518
-0.78072	0.602109	5.14127	5.12846
-0.784663	0.602109	5.14127	5.12945
-0.784006	0.602438	5.14226	5.12682
-0.781377	0.602109	5.14259	5.12386
-0.785648	0.602109	5.14292	5.12353
-0.781377	0.609009	5.1416	5.12583
-0.78072	0.612294	5.14062	5.12879
-0.780392	0.618208	5.14259	5.12879
-0.784334	0.614922	5.14587	5.12616
-0.788605	0.61328	5.14686	5.12353
-0.788934	0.615251	5.14686	5.12255
-0.78762	0.619522	5.14489	5.12485
-0.790905	0.618536	5.14357	5.1255
-0.787291	0.612294	5.14292	5.12518
-0.787291	0.611965	5.14325	5.12682
-0.789591	0.613937	5.14357	5.12879
-0.789591	0.607037	5.14259	5.12813
-0.795505	0.607366	5.14193	5.12649
-0.800433	0.60408	5.1416	5.12485
-0.801747	0.600466	5.14193	5.12288
-0.79649	0.606709	5.14259	5.12222
-0.798461	0.605723	5.14357	5.12255
-0.79419	0.609994	5.14325	5.12386
-0.792548	0.610651	5.14259	5.12452
-0.79419	0.608351	5.14522	5.12353
-0.792548	0.61098	5.14522	5.12518
-0.790248	0.611308	5.14292	5.12715
-0.781706	0.615251	5.14325	5.12813
-0.78072	0.615251	5.14423	5.12715
-0.776778	0.616236	5.14489	5.12616
-0.772507	0.615251	5.14423	5.12583
-0.769221	0.61328	5.1439	5.12649
-0.770207	0.614265	5.14423	5.12715
-0.770207	0.615251	5.14325	5.12715
-0.766922	0.613608	5.1416	5.12846
-0.763965	0.617879	5.1416	5.12945
-0.761008	0.613608	5.1439	5.1278
-0.761993	0.608023	5.14653	5.1255
-0.766593	0.607037	5.14522	5.12288
-0.769221	0.605723	5.1439	5.12518
-0.768893	0.602438	5.1439	5.12748
-0.770536	0.602109	5.14357	5.12715
-0.771521	0.606052	5.1416	5.1255
-0.767907	0.611965	5.1416	5.12353
-0.76725	0.613937	5.14456	5.12452
-0.769221	0.61328	5.14653	5.12748
-0.774478	0.616894	5.14752	5.1301
-0.774149	0.611308	5.14522	5.13175
-0.76495	0.616236	5.14357	5.13043
-0.768893	0.61985	5.14423	5.12846
-0.761336	0.62675	5.14587	5.12682
-0.761665	0.628721	5.14587	5.12452
-0.76955	0.634306	5.14489	5.12419
-0.766264	0.637263	5.14555	5.12682
-0.772178	0.63562	5.14719	5.12649
-0.772178	0.634306	5.14752	5.12485
-0.768564	0.633321	5.14719	5.1255
-0.771521	0.623464	5.14456	5.12452
-0.772507	0.628064	5.14357	5.12485
-0.777106	0.621822	5.14357	5.12485
-0.775792	0.621165	5.1439	5.12353
-0.776121	0.624779	5.14456	5.12189
-0.770536	0.626421	5.14423	5.12189
-0.763308	0.629707	5.14456	5.12255
-0.76725	0.629378	5.1462	5.12419
-0.764622	0.628721	5.14587	5.12452
-0.762979	0.627407	5.14456	5.12452
-0.762322	0.62905	5.14193	5.1255
-0.760022	0.62445	5.13996	5.12583
-0.760679	0.625764	5.14095	5.12518
-0.760679	0.625436	5.14357	5.12518
-0.764622	0.624779	5.14423	5.12583
-0.760022	0.621822	5.1439	5.12583
-0.757065	0.620836	5.1439	5.12649
-0.750495	0.623464	5.14325	5.12616
-0.752137	0.624779	5.14292	5.1255
-0.752466	0.626093	5.14522	5.12452
-0.748852	0.629378	5.14752	5.12386
-0.74031	0.633321	5.14883	5.12419
-0.73801	0.633978	5.14752	5.12583
-0.740638	0.63792	5.14522	5.12583
-0.73801	0.63792	5.14259	5.12616
-0.73571	0.635292	5.14292	5.1278
-0.734067	0.639234	5.14653	5.12715
-0.725525	0.634963	5.14785	5.1255
-0.71764	0.631349	5.14686	5.12485
-0.718955	0.628392	5.14653	5.12485
-0.710084	0.630364	5.14555	5.12518
-0.707784	0.639234	5.1439	5.12583
-0.709098	0.639234	5.14357	5.1255
-0.715341	0.638249	5.14325	5.12813
-0.719283	0.638577	5.14423	5.1301
-0.724868	0.641534	5.1462	5.1301
-0.722569	0.643505	5.14785	5.12879
-0.720926	0.647776	5.14686	5.12846
-0.72224	0.649419	5.1439	5.12813
-0.723883	0.645805	5.14193	5.12813
-0.727825	0.648105	5.14292	5.1278
-0.724868	0.648105	5.14522	5.12715
-0.723226	0.649419	5.14555	5.12682
-0.721911	0.657633	5.14292	5.12682
-0.724868	0.657304	5.13996	5.12813
-0.720597	0.66059	5.14029	5.12977
-0.721254	0.660918	5.1416	5.12813
-0.719283	0.660918	5.14325	5.1255
-0.722569	0.658947	5.14456	5.12485
-0.720597	0.660261	5.14456	5.1255
-0.729796	0.658618	5.14423	5.12748
-0.735053	0.652376	5.14423	5.12813
-0.736039	0.650405	5.14357	5.12879
-0.746223	0.641863	5.14357	5.12748
-0.751152	0.639563	5.14423	5.12583
-0.75148	0.640877	5.14522	5.12353
-0.752466	0.636935	5.14489	5.12288
-0.760022	0.634306	5.14357	5.1255
-0.761665	0.637592	5.14095	5.1278
-0.76495	0.632335	5.1416	5.12682
-0.769878	0.628064	5.1439	5.12616
-0.766593	0.625764	5.14325	5.1255
-0.76955	0.622479	5.14193	5.12583
-0.774149	0.611965	5.14127	5.12682
-0.769878	0.608023	5.1416	5.12682
-0.773492	0.610323	5.14127	5.12813
-0.771193	0.610323	5.1416	5.12879
-0.773164	0.60868	5.1416	5.12846
-0.766264	0.609994	5.14357	5.1278
-0.763636	0.605395	5.14456	5.12583
-0.767907	0.597181	5.14456	5.1255
-0.76495	0.595538	5.14292	5.12518
-0.768564	0.601124	5.14193	5.12518
-0.767907	0.600138	5.14029	5.12485
-0.769878	0.594224	5.14029	5.12583
-0.768893	0.589625	5.14193	5.12649
-0.76725	0.594881	5.14357	5.12485
-0.772507	0.590939	5.1439	5.1232
-0.76955	0.591596	5.14259	5.12386
-0.773492	0.599481	5.14259	5.1232
-0.776778	0.596853	5.1439	5.12518
-0.770536	0.599152	5.14555	5.12485
-0.772507	0.595538	5.14489	5.12485
-0.772835	0.592581	5.1439	5.12386
-0.774807	0.595867	5.14325	5.12452
-0.773492	0.594881	5.14226	5.1255
-0.772178	0.596853	5.14193	5.12748
-0.774149	0.589296	5.14292	5.1278
-0.774149	0.588968	5.14489	5.12682
-0.773164	0.584696	5.14587	5.12518
-0.774478	0.586011	5.1439	5.12616
-0.775792	0.586996	5.14325	5.12748
-0.772178	0.590939	5.14226	5.12715
-0.773821	0.599152	5.14193	5.12583
-0.775464	0.592581	5.14095	5.12452
-0.766922	0.596524	5.13963	5.12485
-0.754437	0.597181	5.13996	5.1255
-0.753123	0.600138	5.14325	5.12583
-0.756408	0.595538	5.14423	5.12748
-0.753123	0.599481	5.14325	5.1278
-0.753123	0.602438	5.14292	5.1278
-0.757394	0.598824	5.14325	5.12682
-0.761008	0.591596	5.14489	5.12616
-0.765279	0.589625	5.14456	5.1255
-0.764293	0.591267	5.14292	5.1255
-0.763308	0.591924	5.14259	5.12518
-0.76495	0.587325	5.14226	5.12419
-0.769878	0.594553	5.14325	5.1255
-0.76495	0.590282	5.14522	5.12682
-0.762322	0.590939	5.14489	5.1278
-0.761008	0.586339	5.14357	5.12518
-0.766922	0.57714	5.14127	5.12419
-0.770536	0.576812	5.13963	5.1255
-0.774807	0.57714	5.14062	5.12583
-0.77185	0.578454	5.1439	5.12518
-0.765936	0.583711	5.14587	5.1255
-0.765279	0.584039	5.1439	5.12649
-0.765936	0.583711	5.14259	5.12649
-0.764293	0.583711	5.14292	5.12649
-0.753451	0.582725	5.14357	5.12715
-0.74918	0.590939	5.1416	5.12846
-0.752794	0.591267	5.14193	5.12977
-0.755423	0.592581	5.14423	5.12912
-0.757065	0.594881	5.14456	5.12748
-0.758051	0.599152	5.14522	5.12616
-0.760351	0.599481	5.14456	5.12583
-0.755094	0.603752	5.14292	5.12616
-0.75378	0.60408	5.14259	5.12583
-0.753123	0.609009	5.14423	5.1255
-0.75378	0.614265	5.14522	5.12452
-0.75148	0.612623	5.14555	5.12419
-0.747866	0.609994	5.14456	5.12419
-0.752794	0.611637	5.14193	5.12518
-0.752794	0.614265	5.13996	5.12715
-0.739653	0.613937	5.13996	5.12715
-0.73801	0.61328	5.14127	5.1255
-0.731439	0.614922	5.14423	5.12255
-0.734067	0.62215	5.14423	5.12222
-0.727825	0.621822	5.1416	5.12353
-0.733739	0.617879	5.14029	5.12715
-0.73801	0.618536	5.14127	5.12945
-0.736696	0.620836	5.14095	5.12945
-0.731111	0.616894	5.14325	5.1301
-0.724868	0.615251	5.1462	5.12846
-0.721254	0.613608	5.14653	5.12616
-0.715998	0.615251	5.1462	5.12748
-0.711727	0.613608	5.14653	5.12846
-0.714355	0.60868	5.14653	5.12813
-0.702856	0.61098	5.14686	5.12912
-0.703513	0.612294	5.14587	5.12715
-0.699571	0.617551	5.1439	5.12583
-0.698585	0.618536	5.14193	5.12682
-0.704827	0.616894	5.14259	5.12846
-0.703842	0.618865	5.14325	5.12715
-0.707784	0.623136	5.14292	5.12649
-0.711398	0.618865	5.14325	5.12583
-0.716655	0.61328	5.1439	5.1255
-0.716983	0.615579	5.14357	5.12616
-0.713698	0.613608	5.14325	5.12649
-0.727168	0.61328	5.14292	5.12748
-0.728811	0.623136	5.14226	5.12813
-0.725854	0.630035	5.1439	5.12715
-0.725197	0.633649	5.14522	5.12616
-0.731439	0.631678	5.14555	5.12583
-0.730454	0.631678	5.14423	5.12583
-0.732425	0.628721	5.14292	5.12682
-0.738996	0.626421	5.14325	5.1278
-0.73341	0.626421	5.14357	5.12813
-0.729796	0.631349	5.14292	5.12813
-0.737024	0.626421	5.1439	5.12879
-0.739981	0.628392	5.14456	5.1278
-0.741952	0.620179	5.1439	5.12518
-0.740967	0.617222	5.14292	5.12353
-0.744581	0.623136	5.1393	5.12419
-0.74261	0.622807	5.13897	5.1255
-0.73801	0.624121	5.1416	5.12715
-0.738667	0.617551	5.1439	5.12715
-0.73801	0.617222	5.14456	5.12715
-0.737024	0.616565	5.14423	5.12682
-0.737353	0.612294	5.14325	5.12649
-0.742938	0.608023	5.14357	5.12846
-0.744581	0.60868	5.1462	5.1301
-0.744252	0.607694	5.14653	5.12977
-0.736039	0.60868	5.14456	5.12945
-0.732425	0.615908	5.14456	5.12846
-0.736039	0.615908	5.14357	5.12748
-0.727497	0.62215	5.14259	5.12813
-0.725525	0.623136	5.14357	5.12879
-0.727825	0.623136	5.14456	5.1278
-0.728482	0.628721	5.14489	5.12682
-0.723554	0.624121	5.1439	5.1255
-0.725197	0.624121	5.14357	5.12715
-0.724211	0.619193	5.14423	5.12879
-0.716326	0.622807	5.14357	5.12912
-0.716326	0.62215	5.14259	5.1301
-0.722569	0.618536	5.14325	5.13076
-0.720597	0.619522	5.14357	5.12846
-0.722569	0.61985	5.14456	5.1255
-0.720269	0.626093	5.14489	5.12353
-0.71764	0.624779	5.14555	5.12189
-0.717969	0.620836	5.14522	5.1209
-0.716655	0.621165	5.14423	5.1232
-0.722897	0.611308	5.14357	5.12616
-0.728811	0.608023	5.14522	5.12715
-0.735382	0.602766	5.14752	5.1255
-0.741624	0.597838	5.14785	5.12353
-0.750823	0.589296	5.14555	5.1232
-0.755751	0.58831	5.14423	5.12189
-0.763308	0.582397	5.14357	5.12353
-0.769878	0.580425	5.14325	5.12518
-0.769221	0.579111	5.14456	5.12715
-0.767579	0.578454	5.14489	5.12616
-0.774807	0.576154	5.14456	5.12452
-0.778749	0.575826	5.14357	5.12419
-0.783349	0.574512	5.1439	5.12419
-0.781706	0.573855	5.14423	5.1232
-0.778421	0.57484	5.14489	5.12353
-0.770207	0.575169	5.1439	5.12485
-0.76955	0.581083	5.14522	5.12715
-0.763308	0.584368	5.14489	5.12748
-0.769221	0.59061	5.14423	5.12649
-0.771193	0.595538	5.1416	5.12682
-0.768236	0.599809	5.1416	5.12715
-0.763308	0.599809	5.14292	5.12682
-0.761993	0.595867	5.14259	5.12583
-0.759694	0.59521	5.14127	5.12452
-0.760022	0.59061	5.14095	5.12353
-0.754437	0.593239	5.14292	5.1255
-0.75608	0.590939	5.14522	5.12715
-0.758051	0.591267	5.14555	5.12682
-0.755751	0.594224	5.14522	5.12649
-0.755423	0.594553	5.14423	5.12682
-0.755094	0.593567	5.14423	5.12583
-0.760679	0.589953	5.14325	5.12616
-0.763636	0.590939	5.1439	5.12518
-0.757394	0.589625	5.14259	5.12583
-0.760679	0.592253	5.1416	5.1278
-0.761665	0.587325	5.14292	5.12748
-0.767579	0.581411	5.14357	5.12649
-0.768893	0.576154	5.14325	5.12616
-0.762322	0.578126	5.14292	5.1255
-0.75378	0.585354	5.14127	5.12616
-0.750495	0.584039	5.14095	5.12682
-0.749837	0.582397	5.14259	5.12649
-0.751809	0.581083	5.14423	5.12518
-0.757065	0.575826	5.1462	5.12518
-0.760351	0.579768	5.1462	5.12518
-0.754437	0.58831	5.14456	5.12419
-0.755423	0.588968	5.1416	5.12583
-0.756408	0.591596	5.14127	5.1255
-0.750166	0.600138	5.14357	5.12485
-0.743595	0.601452	5.14522	5.12288
-0.73341	0.603095	5.14719	5.12189
-0.726511	0.606052	5.14719	5.1232
-0.723226	0.60868	5.14587	5.12583
-0.723883	0.609009	5.14325	5.12813
-0.725197	0.60868	5.14193	5.1278
-0.720926	0.61098	5.14259	5.12682
-0.726511	0.608023	5.14423	5.12485
-0.720926	0.60638	5.14587	5.12485
-0.71994	0.603752	5.14522	5.1255
-0.71764	0.606709	5.14325	5.12682
-0.71764	0.606709	5.14325	5.12616
-0.727497	0.603095	5.14423	5.12715
-0.728154	0.595538	5.14423	5.12682
-0.737024	0.597181	5.14456	5.1255
-0.733082	0.586996	5.14555	5.1255
-0.730454	0.593239	5.14456	5.12518
-0.731111	0.594553	5.14325	5.12485
-0.73571	0.588639	5.14325	5.1255
-0.74261	0.589953	5.14357	5.12649
-0.743924	0.597181	5.14555	5.12813
-0.738667	0.600795	5.1462	5.12649
-0.735382	0.607037	5.1462	5.12419
-0.73571	0.60408	5.1462	5.12353
-0.728154	0.609337	5.14456	5.12419
-0.726511	0.610323	5.14325	5.12485
-0.732425	0.609994	5.14357	5.12715
-0.738996	0.606052	5.1439	5.12715
-0.743267	0.602109	5.14489	5.12748
-0.742938	0.598824	5.14522	5.12879
-0.740967	0.599481	5.14456	5.12813
-0.748195	0.59751	5.14292	5.12616
-0.75378	0.591267	5.14193	5.1255
-0.758051	0.585682	5.14259	5.12452
-0.754108	0.591267	5.14259	5.1255
-0.759037	0.591596	5.14325	5.12649
-0.761665	0.594224	5.14357	5.12583
-0.766264	0.598824	5.14325	5.12583
-0.763636	0.605066	5.14357	5.12715
-0.754437	0.607037	5.14456	5.12715
-0.747866	0.615251	5.14489	5.12649
-0.74031	0.615908	5.14325	5.12485
-0.734396	0.620508	5.14259	5.1232
-0.727168	0.621493	5.14226	5.12255
-0.719612	0.625436	5.14259	5.12353
-0.718298	0.626093	5.1439	5.1232
-0.724211	0.629707	5.14423	5.1255
-0.71994	0.635292	5.14325	5.12386
-0.718626	0.639891	5.14423	5.12288
-0.715669	0.64022	5.1439	5.12288
-0.710084	0.643505	5.1439	5.12419
-0.708113	0.649748	5.14292	5.12616
-0.703513	0.657633	5.14226	5.12715
-0.697271	0.661247	5.14292	5.12682
-0.697599	0.653033	5.1416	5.12616
-0.698914	0.644491	5.14062	5.12485
-0.703513	0.652705	5.14029	5.12353
-0.702199	0.651719	5.14292	5.1255
-0.698914	0.655333	5.14357	5.12715
-0.695628	0.659275	5.14423	5.12846
-0.700885	0.662232	5.14456	5.12879
-0.694643	0.664861	5.14423	5.12715
-0.696942	0.662561	5.14423	5.12419
-0.701213	0.660261	5.14522	5.12353
-0.705484	0.655333	5.14357	5.1255
-0.700556	0.659275	5.1439	5.12682
-0.705813	0.652705	5.14292	5.12879
-0.70647	0.652047	5.14357	5.12879
-0.710413	0.654676	5.1439	5.12616
-0.708441	0.650733	5.14325	5.12353
-0.713698	0.650076	5.14095	5.12288
-0.705813	0.655333	5.14095	5.12485
-0.705813	0.655661	5.14292	5.1278
-0.703513	0.660918	5.14555	5.12977
-0.706142	0.661575	5.14489	5.13076
-0.705813	0.663218	5.14456	5.12813
-0.706799	0.664532	5.14456	5.12715
-0.712055	0.662889	5.14489	5.12649
-0.712384	0.666175	5.14489	5.12715
-0.718298	0.661575	5.14555	5.12682
-0.723554	0.655004	5.14456	5.12583
-0.725525	0.656647	5.14325	5.12616
-0.730125	0.656647	5.14226	5.12583
-0.727497	0.655333	5.14193	5.12288
-0.736367	0.652047	5.14062	5.12123
-0.742281	0.651719	5.14127	5.12386
-0.739653	0.656647	5.14357	5.12616
-0.737681	0.651719	5.14456	5.12616
-0.74031	0.655004	5.14489	5.12583
-0.743595	0.652705	5.14325	5.12386
-0.740638	0.652376	5.14259	5.12222
-0.744909	0.644491	5.14325	5.12419
-0.746552	0.646791	5.14325	5.12616
-0.747209	0.64482	5.14489	5.12715
-0.750823	0.642191	5.14522	5.12485
-0.752466	0.645805	5.14522	5.1232
-0.746223	0.650405	5.1439	5.1255
-0.746552	0.648434	5.14325	5.12682
-0.747538	0.65369	5.14325	5.12452
-0.755094	0.649091	5.14522	5.12255
-0.760351	0.647119	5.14489	5.12452
-0.761993	0.642191	5.14555	5.12682
-0.760351	0.632664	5.14752	5.12682
-0.753451	0.637592	5.14653	5.1255
-0.752466	0.63562	5.14423	5.12485
-0.75378	0.633321	5.14193	5.12419
-0.750166	0.630035	5.14226	5.12518
-0.75608	0.622479	5.1439	5.12583
-0.758051	0.621822	5.14587	5.12715
-0.756408	0.620508	5.14719	5.12419
-0.759694	0.627078	5.14587	5.12222
-0.754766	0.632335	5.14456	5.12156
-0.750166	0.626093	5.14423	5.1232
-0.749837	0.629378	5.1439	5.1255
-0.746881	0.621493	5.14456	5.12649
-0.75148	0.615908	5.14587	5.12583
-0.754108	0.615908	5.14785	5.12485
-0.757722	0.610651	5.14719	5.12518
-0.76495	0.606052	5.14522	5.12452
-0.768564	0.602109	5.14259	5.12518
-0.76725	0.609337	5.14292	5.12879
-0.76725	0.607694	5.14259	5.12879
-0.769878	0.603752	5.14357	5.12715
-0.770536	0.601452	5.14423	5.1255
-0.773492	0.607694	5.1439	5.1255
-0.776778	0.605395	5.14127	5.12583
-0.786963	0.597838	5.14062	5.12649
-0.792548	0.598824	5.14127	5.12518
-0.788277	0.592581	5.14292	5.12419
-0.788934	0.592253	5.1439	5.12485
-0.787948	0.591596	5.14456	5.12485
-0.786305	0.589296	5.1439	5.12649
-0.786634	0.58831	5.14587	5.12748
-0.78762	0.593567	5.14653	5.12682
-0.790248	0.593239	5.14587	5.12583
-0.789591	0.591596	5.14325	5.1278
-0.785648	0.594224	5.14325	5.12912
-0.787291	0.596195	5.14456	5.1278
-0.788277	0.595867	5.14653	5.12583
-0.792219	0.599809	5.14719	5.12649
-0.792219	0.596853	5.14653	5.12748
-0.787291	0.601781	5.1439	5.12682
-0.791562	0.600466	5.14193	5.12583
-0.793862	0.598495	5.1416	5.12583
-0.79649	0.600466	5.14325	5.12485
-0.799119	0.602438	5.1462	5.1255
-0.801418	0.60408	5.14719	5.12583
-0.797476	0.610651	5.14587	5.1255
-0.795505	0.611308	5.1439	5.12616
-0.795176	0.611308	5.14193	5.12583
-0.788605	0.621165	5.14226	5.1255
-0.788277	0.628392	5.14226	5.1255
-0.789262	0.632006	5.14193	5.12649
-0.786634	0.63562	5.14259	5.1278
-0.780392	0.638906	5.14193	5.12715
-0.770864	0.639891	5.14193	5.12748
-0.766922	0.639891	5.14193	5.12813
-0.763965	0.641534	5.14423	5.12748
-0.754766	0.64482	5.14423	5.12649
-0.751809	0.644162	5.1439	5.12485
-0.746552	0.650405	5.14259	5.12485
-0.739653	0.654676	5.14226	5.12583
-0.733739	0.652047	5.14325	5.1255
-0.720926	0.653033	5.14522	5.12518
-0.715341	0.653362	5.14785	5.1255
-0.708441	0.656647	5.1462	5.12583
-0.702856	0.65599	5.14325	5.12616
-0.705156	0.656319	5.14062	5.12649
-0.706799	0.656647	5.14062	5.12649
-0.708113	0.651719	5.14193	5.1278
-0.713041	0.651719	5.14259	5.12649
-0.715012	0.649748	5.14325	5.1255
-0.710741	0.654019	5.14357	5.1255
-0.714684	0.65829	5.14292	5.12583
-0.71107	0.666832	5.14226	5.12649
-0.708113	0.677345	5.14095	5.12846
-0.706799	0.681945	5.14062	5.12879
-0.705156	0.688187	5.14029	5.12813
-0.709427	0.691144	5.14095	5.12485
-0.707784	0.68983	5.14193	5.12518
-0.70647	0.697386	5.14357	5.12715
-0.707456	0.701	5.14259	5.12912
-0.705813	0.699357	5.1416	5.1301
-0.714026	0.696401	5.14357	5.12879
-0.716983	0.701	5.14456	5.12649
-0.720269	0.7033	5.14423	5.12386
-0.72454	0.699686	5.1439	5.12288
-0.728482	0.697386	5.14127	5.1232
-0.734067	0.695743	5.13963	5.12353
-0.739981	0.690158	5.14127	5.12649
-0.736367	0.691801	5.14522	5.12846
-0.739324	0.683587	5.14522	5.12682
-0.741624	0.676688	5.14489	5.12485
-0.738339	0.672746	5.14226	5.1255
-0.736696	0.670446	5.14062	5.12583
-0.735382	0.668475	5.1416	5.12583
-0.738339	0.664204	5.1439	5.12649
-0.730782	0.664532	5.14522	5.12682
-0.72684	0.661904	5.14719	5.12616
-0.732753	0.655333	5.14555	5.12748
-0.738339	0.655004	5.14357	5.12846
-0.741295	0.651719	5.14259	5.1278
-0.744581	0.645805	5.1439	5.12682
-0.747866	0.645805	5.14522	5.12518
-0.74918	0.641863	5.14653	5.12288
-0.744909	0.633649	5.14423	5.12353
-0.747866	0.62675	5.14292	5.12419
-0.743595	0.627735	5.14259	5.12452
-0.747866	0.630035	5.14259	5.12288
-0.753451	0.628392	5.14095	5.12255
-0.759037	0.62445	5.14259	5.1232
-0.76495	0.621493	5.14587	5.12419
-0.765936	0.617551	5.14719	5.1232
-0.764293	0.615251	5.14489	5.12353
-0.763965	0.613608	5.14423	5.12452
-0.761665	0.610323	5.1439	5.12616
-0.757065	0.617222	5.14325	5.12813
-0.757394	0.615579	5.1439	5.12682
-0.754766	0.614594	5.14522	5.12419
-0.756408	0.609994	5.14423	5.12288
-0.761336	0.61328	5.1416	5.12353
-0.755094	0.613608	5.14259	5.1255
-0.756737	0.617222	5.14423	5.12748
-0.75378	0.619522	5.14423	5.12682
-0.753123	0.619522	5.14292	5.12518
-0.754437	0.621165	5.14325	5.12518
-0.75608	0.620179	5.14489	5.12682
-0.757065	0.62445	5.14456	5.1255
-0.756737	0.617222	5.1439	5.12255
-0.757394	0.618208	5.14259	5.12058
-0.75608	0.618536	5.1439	5.12255
-0.754108	0.627407	5.14653	5.12452
-0.757722	0.624779	5.14785	5.12518
-0.765279	0.613937	5.1462	5.12518
-0.768893	0.611965	5.14259	5.12649
-0.775464	0.605066	5.13963	5.1278
-0.776121	0.604738	5.1393	5.12846
-0.778749	0.603752	5.14259	5.12813
-0.78302	0.597181	5.14785	5.12649
-0.788277	0.593239	5.1485	5.12616
-0.791891	0.587982	5.14587	5.12649
-0.794848	0.586339	5.14292	5.1278
-0.800761	0.582068	5.14062	5.12879
-0.80339	0.588968	5.14095	5.12846
-0.797804	0.592253	5.14259	5.12583
-0.794519	0.591596	5.14423	5.12518
-0.791562	0.593896	5.14587	5.12616
-0.792876	0.595538	5.14587	5.12616
-0.786963	0.592581	5.1439	5.12715
-0.784991	0.596524	5.1416	5.12846
-0.793533	0.589625	5.14226	5.12846
-0.789262	0.58831	5.14193	5.12583
-0.797147	0.585682	5.14127	5.12419
-0.80109	0.584039	5.14127	5.1232
-0.803061	0.580754	5.14193	5.12485
-0.801747	0.580097	5.14292	5.12583
-0.804704	0.584368	5.14292	5.12649
-0.800761	0.589953	5.14259	5.12649
-0.793862	0.596853	5.1439	5.1255
-0.790905	0.601124	5.14653	5.12485
-0.789919	0.605066	5.14817	5.12386
-0.78762	0.604409	5.14785	5.12452
-0.788934	0.603423	5.14587	5.1255
-0.789591	0.601124	5.14522	5.12748
-0.790577	0.599481	5.14357	5.12715
-0.792876	0.593239	5.14357	5.12583
-0.794519	0.592253	5.14489	5.12419
-0.79419	0.590282	5.14555	5.12386
-0.790248	0.595538	5.14489	5.12485
-0.792876	0.600795	5.14423	5.12583
-0.793533	0.604409	5.14325	5.12452
-0.793862	0.603423	5.14292	5.1232
-0.794519	0.598167	5.14423	5.12255
-0.795505	0.58831	5.14587	5.12189
-0.79879	0.588639	5.14785	5.12222
-0.796819	0.583711	5.14719	5.12288
-0.79649	0.584368	5.14555	5.12419
-0.796819	0.582068	5.14423	5.12452
-0.791891	0.575497	5.14522	5.12518
-0.78532	0.578126	5.14456	5.12485
-0.789262	0.572869	5.1439	5.12583
-0.788605	0.567941	5.1439	5.1255
-0.789919	0.561699	5.14357	5.12485
-0.788605	0.560384	5.14456	5.12616
-0.785977	0.553485	5.14357	5.1278
-0.778421	0.554471	5.14423	5.12715
-0.781377	0.557099	5.14555	5.1255
-0.784663	0.551185	5.14752	5.12386
-0.78532	0.551185	5.1462	5.12353
-0.78302	0.549543	5.1439	5.12485
-0.783349	0.557756	5.14357	5.12518
-0.783349	0.559399	5.14193	5.12452
-0.785648	0.557428	5.14259	5.12419
-0.78532	0.559399	5.1439	5.12485
-0.788934	0.55907	5.14719	5.12682
-0.792876	0.562356	5.14686	5.1278
-0.791562	0.569584	5.14587	5.12748
-0.78762	0.581411	5.14423	5.12846
-0.781706	0.583054	5.1439	5.1278
-0.779735	0.58174	5.14489	5.12649
-0.781377	0.581083	5.14686	5.12649
-0.780392	0.583054	5.14653	5.12748
-0.783677	0.586668	5.14456	5.12846
-0.783349	0.592253	5.14292	5.12912
-0.794848	0.59521	5.14259	5.1278
-0.79879	0.591924	5.14423	5.12583
-0.796819	0.594881	5.14686	5.12386
-0.799447	0.597838	5.14587	5.12386
-0.796162	0.596195	5.14226	5.12518
-0.795505	0.600138	5.14029	5.12616
-0.790248	0.606709	5.14127	5.12715
-0.791562	0.603095	5.14357	5.12748
-0.790248	0.600795	5.14456	5.12715
-0.790248	0.601781	5.14555	5.12813
-0.780392	0.602766	5.14489	5.12715
-0.779078	0.600138	5.14357	5.12682
-0.776121	0.60408	5.14029	5.12583
-0.780392	0.601781	5.14029	5.12353
-0.773164	0.601452	5.14259	5.1232
-0.769221	0.599809	5.14489	5.1232
-0.775135	0.599481	5.14719	5.12189
-0.775135	0.599809	5.14653	5.12123
-0.774149	0.605066	5.14489	5.12222
-0.761336	0.61328	5.1439	5.12419
-0.759037	0.622807	5.14357	5.12682
-0.754437	0.62675	5.14456	5.12912
-0.746223	0.634963	5.14456	5.12649
-0.738339	0.633649	5.14653	5.1232
-0.730782	0.639234	5.14686	5.12222
-0.725197	0.645148	5.1462	5.12288
-0.727825	0.643834	5.14522	5.12419
-0.725197	0.645148	5.14522	5.12616
-0.720269	0.64482	5.14555	5.12715
-0.715341	0.652705	5.14555	5.1278
-0.710741	0.648105	5.14817	5.12846
-0.71107	0.654676	5.1462	5.12912
-0.710741	0.661904	5.14423	5.13043
-0.70187	0.665846	5.14292	5.12748
-0.702856	0.664204	5.14555	5.12485
-0.702199	0.673403	5.14653	5.12452
-0.698914	0.675374	5.1462	5.1255
-0.698914	0.679974	5.14587	5.12682
-0.697599	0.680631	5.1439	5.12616
-0.695628	0.681288	5.14292	5.12715
-0.690372	0.682273	5.14292	5.12879
-0.690372	0.687201	5.1439	5.1301
-0.686429	0.69213	5.14357	5.12879
-0.685443	0.691472	5.14259	5.12452
-0.687086	0.693115	5.1416	5.1232
-0.692014	0.691472	5.14193	5.12386
-0.685772	0.691801	5.14127	5.1255
-0.679858	0.694429	5.14226	5.12846
-0.676244	0.690158	5.14259	5.12945
-0.678544	0.689173	5.14456	5.12748
-0.682815	0.681288	5.14489	5.12616
-0.689386	0.678002	5.14522	5.1255
-0.689714	0.67636	5.14357	5.12748
-0.689714	0.680302	5.1416	5.12945
-0.692014	0.678331	5.14259	5.12945
-0.695628	0.670446	5.14555	5.12715
-0.697271	0.662561	5.14719	5.1255
-0.700556	0.654676	5.1462	5.1232
-0.709098	0.648434	5.1439	5.12353
-0.717312	0.645148	5.14193	5.12386
-0.720926	0.636935	5.13996	5.12452
-0.72454	0.634963	5.14062	5.12682
-0.733082	0.628721	5.14259	5.1278
-0.73571	0.633649	5.14456	5.12715
-0.742281	0.625436	5.14522	5.12419
-0.741952	0.625107	5.1462	5.1232
-0.743267	0.624121	5.14587	5.12485
-0.753451	0.613937	5.14456	5.12715
-0.756737	0.610651	5.14357	5.12616
-0.765607	0.598495	5.14325	5.12518
-0.772835	0.593239	5.1439	5.12386
-0.775464	0.585025	5.14522	5.12255
-0.780063	0.585682	5.1439	5.12288
-0.786963	0.582725	5.14259	5.12353
-0.786305	0.580425	5.14127	5.12452
-0.789919	0.577469	5.14193	5.12485
-0.795505	0.579111	5.1439	5.12518
-0.803061	0.577469	5.1462	5.1255
-0.805032	0.571555	5.14752	5.12353
-0.806346	0.567284	5.14719	5.12485
-0.807989	0.557756	5.14653	5.1255
-0.811275	0.548557	5.14555	5.12682
-0.813246	0.542972	5.14456	5.12813
-0.822774	0.541	5.1416	5.1278
-0.826716	0.535415	5.14062	5.1255
-0.82803	0.530159	5.13996	5.12386
-0.826716	0.529173	5.14029	5.12255
-0.823431	0.523588	5.14095	5.1232
-0.825073	0.520631	5.14226	5.12518
-0.831644	0.515374	5.14193	5.12715
-0.829016	0.515046	5.14292	5.12748
-0.826716	0.511432	5.14489	5.12649
-0.823431	0.510446	5.14456	5.12649
-0.825402	0.510775	5.14325	5.12813
-0.821788	0.511103	5.14292	5.13076
-0.824416	0.513732	5.14423	5.12813
-0.83033	0.51176	5.14456	5.12682
-0.831973	0.513074	5.14456	5.12649
-0.831316	0.515046	5.14259	5.12452
-0.832301	0.507161	5.14193	5.12419
-0.827702	0.501904	5.14193	5.12748
-0.828359	0.495662	5.14127	5.1278
-0.822116	0.492376	5.14193	5.12649
-0.824416	0.49829	5.1416	5.1255
-0.825402	0.492705	5.14325	5.12452
-0.826387	0.489748	5.14522	5.12616
-0.827373	0.494676	5.14653	5.12748
-0.825073	0.501247	5.14555	5.1255
-0.830001	0.49599	5.1439	5.12518
-0.837229	0.494676	5.14226	5.12616
-0.832301	0.494348	5.14062	5.12813
-0.830001	0.503218	5.1416	5.12846
-0.824416	0.508475	5.14522	5.12682
-0.81226	0.515374	5.14785	5.12616
-0.80109	0.521945	5.14686	5.12583
-0.790905	0.522274	5.14489	5.12649
-0.789919	0.529173	5.14325	5.12485
-0.78762	0.53443	5.1439	5.12386
-0.789919	0.536401	5.14555	5.12222
-0.78762	0.543957	5.14522	5.12255
-0.78762	0.541986	5.14325	5.12353
-0.787291	0.552828	5.14095	5.12485
-0.780392	0.555128	5.14127	5.12616
-0.778749	0.560384	5.14193	5.1278
-0.782692	0.561042	5.14259	5.12682
-0.775464	0.565313	5.14325	5.12616
-0.775792	0.568269	5.14357	5.12748
-0.775792	0.568927	5.1416	5.1278
-0.76955	0.571226	5.1416	5.12748
-0.767579	0.567941	5.14456	5.12682
-0.766264	0.574512	5.1462	5.12583
-0.769878	0.580425	5.1462	5.12583
-0.765936	0.586996	5.14522	5.12682
-0.762322	0.586996	5.14423	5.1255
-0.76725	0.584039	5.14325	5.1255
-0.763636	0.583382	5.14193	5.12813
-0.762979	0.590282	5.14127	5.12813
-0.761336	0.591267	5.14259	5.12583
-0.758708	0.600138	5.14555	5.12485
-0.763965	0.593239	5.14555	5.12386
-0.761993	0.591596	5.14456	5.12452
-0.766922	0.589953	5.14292	5.12682
-0.765607	0.589953	5.14259	5.12649
-0.755094	0.593567	5.14423	5.12583
-0.746552	0.601452	5.14489	5.12616
-0.744909	0.604409	5.14555	5.12583
-0.741952	0.610323	5.14522	5.12386
-0.740638	0.615908	5.14522	5.1232
-0.741624	0.612951	5.14522	5.12222
-0.741952	0.611308	5.1439	5.12353
-0.743924	0.611308	5.14193	5.12682
-0.748852	0.612951	5.14127	5.1278
-0.74918	0.611637	5.14193	5.12748
-0.753451	0.603095	5.1416	5.12649
-0.75378	0.604738	5.14226	5.12649
-0.75378	0.604409	5.1439	5.1255
-0.750823	0.610323	5.14423	5.12485
-0.744909	0.615579	5.14489	5.12485
-0.743595	0.61098	5.14522	5.12485
-0.744909	0.61328	5.14522	5.12485
-0.743595	0.61328	5.14522	5.12222
-0.745238	0.616894	5.14193	5.12255
-0.748852	0.617551	5.14062	5.12353
-0.757722	0.611965	5.1416	5.1255
-0.755751	0.613937	5.14325	5.12682
-0.753451	0.610323	5.1439	5.12846
-0.747209	0.615908	5.14489	5.12649
-0.744909	0.615579	5.14489	5.12452
-0.742281	0.62215	5.14522	5.12386
-0.744581	0.617879	5.14686	5.12583
-0.744581	0.618208	5.1462	5.12748
-0.744252	0.614265	5.14489	5.12715
-0.748195	0.602438	5.14456	5.12518
-0.750166	0.598167	5.14489	5.12222
-0.755423	0.591267	5.14522	5.12058
-0.753123	0.594553	5.14226	5.12419
-0.750495	0.593239	5.14029	5.12649
-0.753123	0.596195	5.14193	5.12748
-0.753123	0.59521	5.1439	5.12715
-0.756408	0.598167	5.14522	5.12616
-0.761665	0.599481	5.14555	5.12649
-0.766922	0.601124	5.14357	5.1278
-0.76725	0.593239	5.14226	5.12945
-0.764293	0.58831	5.14325	5.12945
-0.761336	0.586996	5.14259	5.12748
-0.768564	0.57944	5.1439	5.12583
-0.772835	0.574512	5.1439	5.12419
-0.773492	0.562684	5.1439	5.12419
-0.770207	0.562027	5.14259	5.12682
-0.776121	0.56137	5.14193	5.12879
-0.778092	0.563341	5.14095	5.1301
-0.779078	0.566627	5.1416	5.12846
-0.779406	0.566955	5.14259	5.12682
-0.784663	0.566298	5.14489	5.12813
-0.790905	0.565313	5.14686	5.12649
-0.800761	0.562027	5.14752	5.12353
-0.806346	0.557756	5.14522	5.12452
-0.811603	0.556113	5.14292	5.12518
-0.819817	0.553157	5.14423	5.12518
-0.821131	0.556442	5.14653	5.12353
-0.821788	0.558085	5.1462	5.12288
-0.819817	0.564984	5.14423	5.12288
-0.822774	0.568598	5.14259	5.12353
-0.827702	0.56597	5.1416	5.12452
-0.827373	0.56597	5.14259	5.12583
-0.825073	0.564327	5.1439	5.12616
-0.820802	0.567284	5.14587	5.1255
-0.821459	0.563341	5.14555	5.12386
-0.820145	0.56137	5.14423	5.12452
-0.820474	0.56137	5.14193	5.1255
-0.818831	0.557428	5.14062	5.12583
-0.811275	0.55907	5.13963	5.12813
-0.809632	0.560713	5.14062	5.12879
-0.809632	0.561699	5.14292	5.12682
-0.810618	0.563013	5.14325	5.12518
-0.809303	0.562027	5.14357	5.12485
-0.809303	0.558742	5.14226	5.12583
-0.808318	0.558413	5.14095	5.1255
-0.802075	0.557428	5.13996	5.12682
-0.807004	0.552828	5.14127	5.12715
-0.802733	0.550528	5.14423	5.12649
-0.799119	0.544614	5.14587	5.12452
-0.803061	0.5433	5.14522	5.12452
-0.796819	0.550857	5.14357	5.12452
-0.795833	0.551514	5.14193	5.12485
-0.793862	0.5479	5.13996	5.12583
-0.794848	0.547571	5.13865	5.12715
-0.794519	0.550528	5.13963	5.12748
-0.800433	0.548557	5.14259	5.12813
-0.803061	0.539358	5.14292	5.12649
-0.799776	0.541658	5.14193	5.12682
-0.804047	0.544943	5.14127	5.1278
-0.806675	0.547243	5.14062	5.1278
-0.80996	0.541	5.1416	5.12518
-0.804047	0.541329	5.14325	5.12156
-0.804704	0.538701	5.14489	5.1209
-0.808318	0.536401	5.14555	5.12156
-0.807004	0.534101	5.14259	5.12485
-0.807004	0.536401	5.1416	5.12518
-0.802404	0.529173	5.14489	5.12518
-0.802733	0.527202	5.1462	5.12518
-0.808646	0.523588	5.1439	5.1255
-0.813903	0.521945	5.14357	5.12518
-0.813903	0.518003	5.14555	5.12715
-0.821131	0.517017	5.14555	5.12879
-0.827702	0.513732	5.14357	5.12813
-0.828359	0.507161	5.14292	5.1278
-0.83033	0.510118	5.14423	5.12616
-0.826059	0.508146	5.14489	5.12452
-0.828687	0.512746	5.14423	5.1255
-0.824745	0.510775	5.14325	5.12616
-0.822445	0.512417	5.14259	5.12616
-0.823759	0.510446	5.14292	5.12616
-0.828687	0.505518	5.14522	5.12682
-0.827045	0.509789	5.1462	5.12748
-0.82573	0.505189	5.14653	5.12912
-0.822774	0.506175	5.14653	5.12879
-0.827045	0.501247	5.14587	5.12715
-0.82573	0.503875	5.14522	5.12583
-0.828687	0.502233	5.1439	5.1255
-0.83033	0.500918	5.14226	5.12682
-0.830659	0.495333	5.14127	5.1278
-0.831644	0.50059	5.1439	5.12616
-0.829673	0.498947	5.14522	5.12518
-0.828687	0.50289	5.14193	5.1255
-0.833287	0.504861	5.13897	5.1255
-0.823759	0.503547	5.1393	5.12485
-0.819488	0.506832	5.1416	5.12518
-0.81686	0.514717	5.14456	5.12485
-0.814889	0.520302	5.14587	5.12616
-0.809632	0.520959	5.14686	5.12748
-0.800104	0.527859	5.14555	5.12715
-0.797476	0.525231	5.14423	5.12715
-0.793533	0.526216	5.14325	5.1278
-0.787948	0.526216	5.14489	5.12583
-0.788277	0.531144	5.14522	5.12419
-0.797804	0.525559	5.14456	5.12353
-0.80339	0.526545	5.14423	5.12288
-0.797476	0.531801	5.1439	5.1232
-0.79649	0.534758	5.14456	5.12452
-0.796819	0.538044	5.1439	5.12485
-0.788605	0.531801	5.14522	5.12583
-0.793205	0.53213	5.14653	5.12649
-0.789262	0.539029	5.14522	5.12649
-0.78532	0.5433	5.14325	5.12682
-0.791562	0.544286	5.1416	5.1255
-0.791891	0.544614	5.14259	5.12353
-0.791891	0.542643	5.14489	5.12353
-0.794848	0.540343	5.14587	5.12649
-0.799776	0.5433	5.14653	5.12813
-0.79649	0.544943	5.14587	5.1278
-0.786634	0.546257	5.1439	5.12715
-0.782692	0.542972	5.14259	5.12748
-0.782363	0.546257	5.14193	5.12682
-0.783349	0.553157	5.14292	5.12682
-0.775135	0.558742	5.14456	5.12682
-0.775135	0.561042	5.1462	5.12649
-0.770536	0.566955	5.14686	5.12419
-0.770864	0.560384	5.1439	5.1232
-0.76495	0.561699	5.14226	5.12518
-0.770864	0.557099	5.14193	5.12748
-0.779735	0.555456	5.14292	5.12977
-0.788605	0.552499	5.14423	5.1301
-0.795176	0.545272	5.14587	5.12912
-0.79879	0.5456	5.14522	5.12748
-0.799447	0.543629	5.14522	5.12616
-0.800433	0.543629	5.14456	5.12518
-0.80996	0.548228	5.14555	5.12649
-0.808318	0.553157	5.14522	5.12846
-0.80996	0.555128	5.14423	5.12715
-0.810618	0.557756	5.14292	5.1255
-0.814231	0.551185	5.14357	5.12452
-0.812917	0.554799	5.14489	5.12386
-0.809632	0.563341	5.14489	5.1232
-0.81226	0.565313	5.14357	5.12452
-0.820474	0.559399	5.14357	5.12813
-0.821459	0.555456	5.1462	5.12846
-0.817845	0.557099	5.14653	5.12715
-0.820145	0.546586	5.14357	5.1255
-0.815874	0.542315	5.14193	5.1278
-0.808975	0.543957	5.1416	5.12912
-0.803061	0.548557	5.14193	5.12912
-0.797804	0.550528	5.14226	5.12813
-0.797804	0.547243	5.1416	5.12682
-0.795505	0.546914	5.14226	5.12682
-0.802075	0.546257	5.14292	5.12649
-0.79649	0.550857	5.14325	5.12616
-0.796162	0.556113	5.14489	5.12518
-0.799447	0.554142	5.14522	5.12485
-0.80339	0.551842	5.14489	5.12419
-0.803718	0.554471	5.1439	5.1232
-0.807989	0.557756	5.14259	5.12419
-0.810289	0.557428	5.14193	5.12452
-0.807004	0.557428	5.14095	5.1255
-0.806346	0.553485	5.14095	5.12649
-0.798461	0.550528	5.14292	5.12682
-0.795176	0.55677	5.14423	5.12682
-0.80339	0.5502	5.14522	5.1278
-0.799119	0.5502	5.14325	5.12813
-0.793533	0.548228	5.14127	5.1301
-0.788934	0.541986	5.1416	5.12912
-0.799119	0.5433	5.1416	5.1278
-0.794519	0.540015	5.14357	5.12748
-0.797476	0.539029	5.14226	5.12682
-0.801418	0.539029	5.14193	5.12616
-0.803718	0.539686	5.14226	5.12616
-0.804047	0.539358	5.14259	5.12649
-0.804047	0.529502	5.14193	5.12616
-0.81226	0.528187	5.14259	5.12583
-0.806675	0.531144	5.14456	5.1278
-0.812917	0.529173	5.14522	5.12715
-0.811275	0.52983	5.14357	5.12583
-0.814889	0.52983	5.14325	5.12682
-0.82573	0.517017	5.14193	5.12715
-0.833287	0.517017	5.1416	5.12813
-0.832301	0.51866	5.14062	5.12846
-0.839858	0.515046	5.14193	5.1278
-0.849057	0.513074	5.14423	5.12649
-0.850042	0.517346	5.14555	5.12649
-0.851685	0.518003	5.14489	5.12583
-0.852342	0.519645	5.14555	5.12616
-0.856613	0.515374	5.14489	5.12879
-0.85957	0.51176	5.14292	5.12879
-0.855628	0.518003	5.14193	5.12616
-0.862856	0.515374	5.14325	5.12419
-0.867127	0.515374	5.14325	5.12419
-0.875997	0.508475	5.14292	5.12748
-0.882568	0.503547	5.14226	5.12945
-0.889139	0.496976	5.14259	5.12846
-0.890453	0.499933	5.14259	5.12583
-0.892424	0.503218	5.14325	5.12452
-0.893738	0.502233	5.1439	5.1232
-0.894724	0.500261	5.14357	5.12452
-0.89571	0.496319	5.1439	5.1255
-0.893081	0.497633	5.14325	5.12485
-0.893081	0.497633	5.1439	5.12386
-0.888482	0.496976	5.14357	5.12485
-0.888482	0.49829	5.1439	5.12518
-0.885196	0.499604	5.14423	5.12616
-0.883225	0.505518	5.14522	5.12649
-0.883882	0.505518	5.14357	5.12616
-0.883882	0.500918	5.14357	5.12715
-0.876983	0.500918	5.14193	5.12715
-0.867455	0.505189	5.14259	5.12583
-0.866798	0.511103	5.14456	5.12452
-0.862198	0.519974	5.14423	5.12518
-0.859899	0.523588	5.14193	5.12616
-0.86187	0.517017	5.14029	5.12616
-0.857599	0.516688	5.13963	5.12518
-0.853985	0.513403	5.14226	5.12419
-0.854642	0.51866	5.14456	5.12485
-0.8484	0.521617	5.14587	5.12583
-0.844786	0.530487	5.14456	5.12583
-0.8415	0.543629	5.14226	5.12583
-0.836572	0.547243	5.14127	5.12485
-0.83493	0.555456	5.14226	5.12583
-0.823102	0.562027	5.14456	5.12485
-0.815546	0.569912	5.14719	5.12485
-0.816531	0.565313	5.14686	5.12649
-0.817845	0.568598	5.14555	5.12715
-0.816531	0.574183	5.14357	5.12682
-0.808975	0.576483	5.1416	5.12682
-0.806018	0.585682	5.1416	5.12616
-0.799776	0.589625	5.1439	5.1255
-0.796162	0.597838	5.14456	5.1255
-0.797147	0.59751	5.14357	5.1255
-0.801418	0.597181	5.14423	5.1255
-0.792876	0.601124	5.1439	5.12715
-0.792548	0.601781	5.14292	5.12616
-0.796819	0.603752	5.14226	5.12583
-0.796819	0.602438	5.14292	5.12518
-0.793533	0.609666	5.14522	5.12485
-0.792548	0.611637	5.14522	5.12485
-0.789591	0.609337	5.1439	5.12649
-0.788277	0.616894	5.14259	5.12616
-0.781706	0.61985	5.1439	5.12419
-0.774149	0.621493	5.1439	5.1255
-0.779078	0.618208	5.1439	5.12649
-0.778092	0.618536	5.14423	5.12616
-0.778421	0.620508	5.14555	5.1255
-0.784334	0.615579	5.14456	5.12485
-0.783349	0.618536	5.14325	5.12649
-0.780063	0.620179	5.14325	5.12813
-0.781706	0.616565	5.14587	5.12846
-0.781377	0.615251	5.1462	5.1278
-0.781706	0.612623	5.14587	5.12715
-0.78072	0.615251	5.14522	5.12715
-0.776449	0.621493	5.14423	5.12682
-0.777106	0.625764	5.1439	5.12616
-0.781706	0.632335	5.14325	5.1255
-0.778749	0.630364	5.14423	5.1255
-0.777106	0.633649	5.14587	5.12452
-0.775135	0.634963	5.14456	5.12452
-0.771193	0.643505	5.14226	5.1232
-0.773164	0.642191	5.14095	5.1232
-0.767579	0.639891	5.13996	5.1232
-0.763636	0.642848	5.14062	5.1255
-0.763308	0.639563	5.14325	5.12715
-0.761336	0.642848	5.14423	5.1278
-0.75608	0.645805	5.14292	5.12649
-0.755751	0.650076	5.14193	5.12485
-0.750495	0.651062	5.1439	5.12419
-0.749837	0.648762	5.14522	5.12616
-0.747209	0.645148	5.14423	5.12649
-0.753123	0.644162	5.1439	5.1255
-0.756737	0.641863	5.1439	5.1232
-0.755751	0.642848	5.14325	5.1232
-0.763965	0.636606	5.14292	5.1232
-0.761336	0.624779	5.14259	5.12419
-0.758708	0.618536	5.14325	5.1255
-0.763965	0.617879	5.14456	5.12649
-0.765936	0.622479	5.14423	5.12452
-0.765607	0.622479	5.1416	5.1232
-0.761665	0.615251	5.14062	5.1232
-0.763636	0.612951	5.14062	5.12452
-0.765279	0.616565	5.14226	5.12386
-0.763636	0.609337	5.14489	5.12485
-0.768564	0.600795	5.14489	5.12748
-0.774478	0.594553	5.14423	5.12846
-0.773492	0.596195	5.14357	5.12649
-0.770207	0.596524	5.1416	5.12485
-0.775135	0.585025	5.14062	5.12485
-0.781706	0.584039	5.1416	5.12583
-0.787948	0.577469	5.14423	5.12649
-0.793533	0.574512	5.14555	5.12583
-0.797476	0.571226	5.14522	5.12485
-0.797804	0.573198	5.14357	5.1255
-0.80109	0.570241	5.14325	5.12452
-0.800104	0.571226	5.14357	5.12386
-0.801418	0.563998	5.1439	5.12419
-0.804704	0.558413	5.14259	5.12682
-0.813903	0.552171	5.14127	5.12715
-0.824088	0.5433	5.1416	5.12583
-0.82803	0.540343	5.14292	5.12419
-0.826716	0.544286	5.14489	5.12288
-0.833615	0.545272	5.14587	5.12222
-0.837886	0.542315	5.14423	5.12386
-0.843143	0.540672	5.1439	5.12353
-0.851685	0.529173	5.14522	5.12353
-0.853985	0.524573	5.14555	5.1232
-0.854642	0.524245	5.14522	5.12353
-0.855299	0.516031	5.1439	5.12419
-0.854642	0.51406	5.1439	5.12518
-0.856942	0.511432	5.14325	5.12518
-0.85957	0.508803	5.14259	5.12518
-0.863184	0.509461	5.14456	5.12583
-0.867127	0.510118	5.14719	5.1255
-0.865812	0.508146	5.14587	5.12583
-0.870412	0.506832	5.14292	5.12452
-0.87074	0.509461	5.14193	5.12518
-0.873369	0.511432	5.14226	5.1255
-0.874026	0.518331	5.1439	5.12419
-0.877311	0.519974	5.14489	5.12583
-0.875997	0.519645	5.14456	5.12616
-0.873369	0.520631	5.14522	5.12452
-0.87074	0.51406	5.14555	5.1232
-0.87304	0.507818	5.14259	5.12255
-0.867127	0.503218	5.14062	5.12386
-0.868441	0.499276	5.14095	5.12583
-0.859899	0.502233	5.14325	5.1278
-0.856613	0.496647	5.14489	5.12715
-0.853328	0.496976	5.14423	5.12682
-0.847086	0.501247	5.14292	5.1255
-0.8438	0.502233	5.1416	5.12419
-0.842157	0.503218	5.14193	5.12518
-0.838872	0.507818	5.14259	5.12583
-0.838215	0.507818	5.1439	5.1255
-0.83493	0.503875	5.14522	5.12419
-0.832958	0.506175	5.14489	5.12419
-0.835587	0.510775	5.14325	5.1255
-0.832958	0.512089	5.14292	5.12846
-0.834601	0.510118	5.14259	5.12846
-0.833615	0.505847	5.14423	5.12649
-0.822445	0.514717	5.14489	5.12452
-0.819488	0.518331	5.14357	5.12485
-0.817188	0.51636	5.14259	5.12649
-0.824745	0.511432	5.14292	5.12945
-0.827373	0.512417	5.14423	5.12879
-0.82803	0.516688	5.1439	5.12616
-0.829344	0.516031	5.14259	5.12485
-0.828687	0.518003	5.14456	5.12419
-0.834601	0.516688	5.14653	5.12682
-0.835258	0.520631	5.14522	5.12748
-0.830001	0.524902	5.14292	5.12748
-0.832301	0.531473	5.14127	5.12846
-0.832301	0.533444	5.14029	5.12813
-0.82573	0.531144	5.13996	5.12813
-0.825073	0.533444	5.13996	5.12715
-0.824416	0.537715	5.14127	5.12682
-0.822116	0.540672	5.14226	5.1278
-0.817517	0.541	5.1416	5.12748
-0.818502	0.5433	5.14029	5.12616
-0.815217	0.549214	5.14029	5.12583
-0.820145	0.553485	5.14193	5.12518
-0.827373	0.557756	5.14423	5.12452
-0.829673	0.552828	5.14456	5.12386
-0.827373	0.557099	5.14292	5.12518
-0.827373	0.56367	5.14029	5.12616
-0.826387	0.563013	5.13963	5.12649
-0.829673	0.561042	5.14259	5.12748
-0.83033	0.560056	5.14423	5.12682
-0.832301	0.564327	5.14489	5.12682
-0.830001	0.566955	5.14522	5.12813
-0.834272	0.562356	5.14489	5.12846
-0.831973	0.563013	5.14259	5.12846
-0.83033	0.560056	5.14095	5.12813
-0.828687	0.560056	5.14095	5.12715
-0.824745	0.562027	5.14226	5.12715
-0.822774	0.564655	5.14292	5.12813
-0.820474	0.565641	5.14292	5.12748
-0.809303	0.56597	5.14259	5.1255
-0.80339	0.569255	5.1439	5.12518
-0.797476	0.570569	5.14292	5.12386
-0.792876	0.57484	5.14127	5.12255
-0.787948	0.568927	5.14292	5.1232
-0.779078	0.57254	5.14423	5.12452
-0.775792	0.569255	5.14456	5.12715
-0.766922	0.572869	5.14259	5.12715
-0.761665	0.574512	5.14193	5.12518
-0.764622	0.569912	5.1439	5.12386
-0.754766	0.572212	5.14587	5.12288
-0.743267	0.57714	5.14817	5.12123
-0.742281	0.583382	5.14653	5.12058
-0.73571	0.59291	5.14489	5.12255
-0.729468	0.602438	5.14259	5.12813
-0.725197	0.609009	5.14127	5.12977
-0.715998	0.616565	5.14292	5.12813
-0.726182	0.611308	5.1462	5.12616
-0.724868	0.612623	5.14555	5.12452
-0.72224	0.61328	5.14423	5.12386
-0.718298	0.618536	5.14357	5.12616
-0.711398	0.625764	5.1439	5.1278
-0.708441	0.624121	5.1439	5.12813
-0.712384	0.624779	5.14357	5.12583
-0.714684	0.619193	5.14423	5.12616
-0.712712	0.619193	5.14292	5.12452
-0.714684	0.615579	5.14095	5.12189
-0.715341	0.612951	5.13996	5.1232
-0.720269	0.617551	5.1416	5.1232
-0.723554	0.609666	5.14259	5.12288
-0.730125	0.603423	5.14193	5.12222
-0.738996	0.60408	5.1439	5.12222
-0.741295	0.598824	5.14489	5.12452
-0.751809	0.597181	5.14587	5.12715
-0.754437	0.595538	5.14423	5.12912
-0.757065	0.602438	5.14193	5.13043
-0.758051	0.606709	5.14259	5.12945
-0.756408	0.607366	5.14423	5.12748
-0.759365	0.60638	5.14522	5.12715
-0.756737	0.599809	5.14325	5.12583
-0.759694	0.598167	5.1416	5.12353
-0.763965	0.595538	5.14127	5.1255
-0.760351	0.598824	5.1439	5.12846
-0.768893	0.595867	5.14653	5.12945
-0.768236	0.593567	5.14555	5.12813
-0.774149	0.59521	5.14292	5.12616
-0.776778	0.589625	5.14193	5.12518
-0.786634	0.586339	5.1416	5.12715
-0.791562	0.582068	5.14292	5.12813
-0.793533	0.584368	5.14226	5.12682
-0.79649	0.580425	5.14259	5.12649
-0.804375	0.577469	5.14357	5.12616
-0.806018	0.575497	5.1439	5.12616
-0.803718	0.577469	5.14555	5.12715
-0.807332	0.580425	5.14456	5.12846
-0.802075	0.578126	5.1416	5.12748
-0.802075	0.579111	5.14029	5.12813
-0.798461	0.581083	5.14127	5.12813
-0.801418	0.581083	5.14423	5.12649
-0.797476	0.579768	5.14522	5.12583
-0.803061	0.581411	5.1439	5.12419
-0.80109	0.580425	5.14127	5.12485
-0.80109	0.573526	5.14095	5.12682
-0.803718	0.574512	5.14325	5.12715
-0.799119	0.572869	5.14555	5.12616
-0.789591	0.567941	5.14522	5.12419
-0.78762	0.568598	5.14357	5.12255
-0.777763	0.570898	5.14127	5.12419
-0.780063	0.568269	5.13897	5.12616
-0.78072	0.570241	5.13832	5.12616
-0.776449	0.570569	5.1393	5.12649
-0.775792	0.571226	5.14062	5.12813
-0.780063	0.56597	5.14259	5.12813
-0.781377	0.568598	5.14325	5.12715
-0.778749	0.561699	5.1439	5.12583
-0.784663	0.563998	5.14292	5.12452
-0.785648	0.555456	5.1439	5.12353
-0.789262	0.552171	5.14226	5.1255
-0.797804	0.5433	5.14095	5.1278
-0.803061	0.533444	5.14029	5.12813
-0.803061	0.530159	5.14062	5.12715
-0.816203	0.526545	5.1416	5.12682
-0.823759	0.522602	5.14127	5.12715
-0.818174	0.521945	5.1416	5.12715
-0.826059	0.518331	5.14226	5.1255
-0.82573	0.518331	5.14456	5.1232
-0.830001	0.522602	5.14587	5.12255
-0.835915	0.520631	5.14489	5.12189
-0.838543	0.530487	5.14259	5.12222
-0.842157	0.525888	5.1416	5.1255
-0.852999	0.523588	5.14292	5.12715
-0.852671	0.530487	5.14423	5.12912
-0.856613	0.525559	5.14522	5.12813
-0.856942	0.524245	5.1462	5.12715
-0.859242	0.519974	5.14785	5.12846
-0.864827	0.522602	5.14587	5.12912
-0.866141	0.524902	5.14292	5.12813
-0.868441	0.529173	5.14127	5.12682
-0.871726	0.524902	5.1416	5.1255
-0.874354	0.523259	5.14292	5.12419
-0.877311	0.517017	5.14357	5.12386
-0.881911	0.519974	5.14193	5.12485
-0.878954	0.525559	5.14062	5.12616
-0.879283	0.530159	5.14127	5.12616
-0.875997	0.531473	5.1439	5.12386
-0.880268	0.528516	5.14555	5.1255
-0.881254	0.527859	5.14489	5.12682
-0.882239	0.526873	5.1439	5.1278
-0.878954	0.52753	5.14226	5.12649
-0.874683	0.528187	5.14029	5.1255
-0.871069	0.536072	5.14029	5.12518
-0.864498	0.539358	5.14127	5.12518
-0.851685	0.542315	5.14193	5.12485
-0.8438	0.548885	5.14292	5.12452
-0.831316	0.550857	5.14259	5.12452
-0.822774	0.560056	5.14029	5.12452
-0.821788	0.556442	5.13996	5.12419
-0.818831	0.56137	5.14029	5.12485
-0.81456	0.562027	5.14226	5.1255
-0.797476	0.568269	5.14522	5.1255
-0.788605	0.57254	5.14587	5.12485
-0.781377	0.578783	5.14456	5.12518
-0.770207	0.579768	5.1416	5.12583
-0.772835	0.576154	5.14127	5.12616
-0.765607	0.57714	5.14127	5.12616
-0.752794	0.584696	5.14226	5.12748
-0.745895	0.591924	5.14325	5.12846
-0.740638	0.592581	5.14456	5.12715
-0.737353	0.594881	5.14456	5.12518
-0.731439	0.605395	5.14357	5.12583
-0.727168	0.60868	5.14325	5.12682
-0.720926	0.609994	5.14522	5.12583
-0.716983	0.613937	5.14686	5.12518
-0.715341	0.614922	5.14719	5.12386
-0.709427	0.617551	5.14456	5.12123
-0.709427	0.615579	5.14259	5.12288
-0.715341	0.620508	5.14259	5.12748
-0.723226	0.614265	5.14259	5.12813
-0.727497	0.614594	5.14325	5.12813
-0.730454	0.615579	5.1439	5.12583
-0.728811	0.617551	5.14653	5.12288
-0.73571	0.618536	5.14555	5.12386
-0.738996	0.618536	5.14259	5.12419
-0.746223	0.618208	5.14062	5.12485
-0.750495	0.618865	5.13996	5.12649
-0.754766	0.624121	5.13996	5.12583
-0.757065	0.630035	5.1416	5.12386
-0.762979	0.626421	5.14357	5.12255
-0.765936	0.629707	5.1439	5.12288
-0.76725	0.634635	5.14423	5.12485
-0.775792	0.636277	5.14357	5.12616
-0.769221	0.645148	5.14292	5.12813
-0.774807	0.651062	5.14292	5.12813
-0.772835	0.649419	5.14357	5.1255
-0.775464	0.646134	5.14522	5.12452
-0.774149	0.642191	5.14423	5.12386
-0.770864	0.638249	5.14325	5.12485
-0.771193	0.636277	5.14226	5.12682
-0.765279	0.635949	5.14325	5.12846
-0.758051	0.640877	5.1439	5.12846
-0.758708	0.647448	5.14456	5.12715
-0.747538	0.655004	5.1439	5.12649
-0.738996	0.656647	5.14226	5.12748
-0.738339	0.657961	5.1416	5.12715
-0.739981	0.653033	5.14193	5.12748
-0.736696	0.654676	5.14489	5.12748
-0.732425	0.651719	5.14587	5.12682
-0.724868	0.659275	5.14456	5.12583
-0.716655	0.662889	5.14423	5.12583
-0.709427	0.659275	5.14259	5.12583
-0.699242	0.665846	5.14127	5.12583
-0.697271	0.659275	5.13996	5.12616
-0.689714	0.65599	5.14193	5.12649
-0.688729	0.655004	5.14357	5.12813
-0.684458	0.651062	5.14423	5.12748
-0.679201	0.654347	5.1439	5.12616
-0.681829	0.656647	5.14226	5.12649
-0.686758	0.659275	5.14325	5.12682
-0.681829	0.65829	5.14456	5.12616
-0.681829	0.656647	5.14686	5.12748
-0.678544	0.654019	5.14883	5.12748
-0.670988	0.653033	5.1485	5.12682
-0.674602	0.652705	5.14719	5.12518
-0.671316	0.654019	5.14522	5.12485
-0.671973	0.651719	5.14357	5.12616
-0.672302	0.647119	5.14325	5.12813
-0.684458	0.639891	5.14292	5.12846
-0.691029	0.627078	5.14259	5.12649
-0.701213	0.627407	5.14259	5.12682
-0.706142	0.632006	5.14325	5.12715
-0.711727	0.627078	5.14193	5.12583
-0.710741	0.62445	5.14095	5.1255
-0.712384	0.626421	5.14127	5.12485
-0.723883	0.617879	5.14357	5.12616
-0.732753	0.612951	5.14587	5.12813
-0.739653	0.609994	5.14653	5.1278
-0.745566	0.60868	5.14522	5.12682
-0.754108	0.614922	5.14325	5.12649
-0.761008	0.620508	5.14193	5.12715
-0.777106	0.610323	5.14325	5.1278
-0.784334	0.611965	5.1462	5.12846
-0.787948	0.61328	5.14719	5.1278
-0.789919	0.60638	5.14653	5.12846
-0.799776	0.594881	5.14555	5.12813
-0.806675	0.586011	5.14522	5.12583
-0.811603	0.584368	5.1439	5.12485
-0.811932	0.581411	5.14423	5.12682
-0.818174	0.574183	5.14587	5.1278
-0.822116	0.566955	5.14719	5.12616
-0.827702	0.56137	5.14653	5.12419
-0.831316	0.555128	5.1439	5.1232
-0.840186	0.551185	5.14127	5.12419
-0.844786	0.552828	5.14029	5.12616
-0.850042	0.547243	5.1416	5.12715
-0.855299	0.538701	5.14259	5.12682
-0.859242	0.534758	5.14489	5.12813
-0.865155	0.525231	5.14653	5.12813
-0.861541	0.523916	5.1462	5.12879
-0.862856	0.515374	5.14522	5.12977
-0.869098	0.506175	5.1439	5.12846
-0.869098	0.505518	5.14259	5.12912
-0.876654	0.504204	5.14456	5.12879
-0.874354	0.505189	5.14686	5.12616
-0.874026	0.501576	5.14686	5.12583
-0.872383	0.498947	5.14522	5.12649
-0.869426	0.500261	5.14193	5.12682
-0.86417	0.500918	5.14062	5.12682
-0.863184	0.500261	5.1439	5.12682
-0.859242	0.506504	5.14587	5.12682
-0.855299	0.51406	5.14587	5.12386
-0.857927	0.511103	5.14653	5.12255
-0.851028	0.514389	5.14587	5.12419
-0.845771	0.516688	5.1439	5.12649
-0.844129	0.522274	5.1439	5.1278
-0.841172	0.525559	5.14489	5.12813
-0.836572	0.521617	5.1462	5.1278
-0.833287	0.512746	5.14456	5.12748
-0.829344	0.512089	5.14423	5.12715
-0.821459	0.501576	5.1439	5.12715
-0.821788	0.500261	5.14522	5.1278
-0.817188	0.503547	5.14489	5.12846
-0.817517	0.500261	5.14325	5.12945
-0.818502	0.493691	5.1439	5.12748
-0.816531	0.497304	5.14259	5.12649
-0.813246	0.497962	5.1416	5.12682
-0.810289	0.500261	5.14029	5.12649
-0.809303	0.503218	5.14029	5.12616
-0.808975	0.515703	5.14259	5.12518
-0.806675	0.518003	5.14325	5.12485
-0.808318	0.52753	5.14259	5.1255
-0.805689	0.526216	5.14325	5.12649
-0.808975	0.526545	5.14357	5.1255
-0.808318	0.525231	5.14357	5.12518
-0.809632	0.525231	5.14193	5.12485
-0.81686	0.526545	5.14193	5.1232
-0.826059	0.531473	5.14325	5.12255
-0.829344	0.531144	5.14423	5.12156
-0.831316	0.528187	5.1439	5.12222
-0.836901	0.531144	5.14226	5.12255
-0.838543	0.539358	5.14062	5.12353
-0.841829	0.542972	5.14193	5.12518
-0.839858	0.551842	5.14587	5.12649
-0.838872	0.557756	5.14785	5.12616
-0.843143	0.555128	5.14785	5.1255
-0.849714	0.552171	5.14587	5.12452
-0.849057	0.548557	5.14423	5.12386
-0.854313	0.554799	5.14292	5.12649
-0.854971	0.546914	5.14357	5.12813
-0.853985	0.552499	5.14489	5.12682
-0.851028	0.557099	5.14653	5.1255
-0.851028	0.557756	5.14686	5.12682
-0.8507	0.557756	5.14522	5.12715
-0.847743	0.560384	5.14292	5.12682
-0.848728	0.560713	5.1416	5.12715
-0.847414	0.566627	5.14325	5.12715
-0.847086	0.570241	5.14325	5.12649
-0.841172	0.569255	5.14325	5.12616
-0.839858	0.568927	5.14325	5.12386
-0.83263	0.568269	5.14423	5.12452
-0.824416	0.564655	5.14456	5.12583
-0.820145	0.569584	5.14489	5.12748
-0.813903	0.570241	5.14423	5.12879
-0.811275	0.578126	5.14357	5.12945
-0.800104	0.583711	5.14456	5.12813
-0.788934	0.584696	5.1439	5.12748
-0.778749	0.584039	5.14259	5.12846
-0.772507	0.582068	5.14127	5.12977
-0.76955	0.579111	5.14259	5.12912
-0.765936	0.57714	5.1462	5.12846
-0.761665	0.576812	5.14949	5.12419
-0.761336	0.579111	5.14817	5.12156
-0.75838	0.580425	5.14587	5.12058
-0.753123	0.586339	5.14456	5.1232
-0.747866	0.586996	5.14456	5.12748
-0.744252	0.576154	5.14456	5.12813
-0.739981	0.582725	5.14587	5.12649
-0.735053	0.583382	5.14686	5.12616
-0.735382	0.575497	5.14653	5.12583
-0.730125	0.586339	5.14456	5.12485
-0.723883	0.586668	5.14325	5.12583
-0.728482	0.584696	5.14325	5.12682
-0.723883	0.578454	5.14325	5.12879
-0.731439	0.579768	5.14292	5.1278
-0.739324	0.578783	5.14325	5.1255
-0.736696	0.584039	5.1439	5.12353
-0.741295	0.583054	5.14489	5.12386
-0.744909	0.580097	5.1439	5.1255
-0.753451	0.576154	5.14226	5.12583
-0.761336	0.571555	5.1416	5.12748
-0.763636	0.572869	5.14226	5.12748
-0.767579	0.569912	5.14259	5.12682
-0.774478	0.570569	5.14292	5.12583
-0.774807	0.570241	5.14193	5.1255
-0.776778	0.565313	5.14292	5.12715
-0.785977	0.564984	5.14357	5.12715
-0.792548	0.564327	5.1439	5.12715
-0.796819	0.561699	5.14456	5.12616
-0.805689	0.560384	5.14489	5.12616
-0.809632	0.562356	5.14456	5.1255
-0.815217	0.558742	5.14489	5.1255
-0.821788	0.558085	5.14423	5.12518
-0.825402	0.557428	5.14357	5.1255
-0.830659	0.552499	5.14423	5.1255
-0.835258	0.555456	5.14522	5.12813
-0.841172	0.553157	5.14587	5.12846
-0.837886	0.556113	5.1439	5.12715
-0.836572	0.556442	5.14259	5.12649
-0.842157	0.553157	5.14292	5.12649
-0.845114	0.547571	5.1439	5.12846
-0.839201	0.547571	5.14489	5.1278
-0.83033	0.553157	5.1439	5.12616
-0.828359	0.554471	5.14259	5.12583
-0.823102	0.551185	5.1416	5.12715
-0.826387	0.549214	5.14029	5.12813
-0.82803	0.5456	5.14095	5.12616
-0.824745	0.547243	5.14193	5.12583
-0.818174	0.551842	5.14292	5.12386
-0.811275	0.549871	5.14456	5.12419
-0.807989	0.548557	5.14423	5.1255
-0.800433	0.548885	5.14357	5.12846
-0.799447	0.554471	5.14292	5.1301
-0.791234	0.55907	5.14292	5.12879
-0.786305	0.555128	5.14292	5.12682
-0.784006	0.55907	5.14325	5.12485
-0.781706	0.559399	5.14489	5.12452
-0.777763	0.563998	5.14555	5.1255
-0.773492	0.568598	5.14555	5.12715
-0.773164	0.564655	5.14489	5.1278
-0.762979	0.573198	5.14456	5.12682
-0.763308	0.570241	5.14456	5.12616
-0.763308	0.564327	5.14587	5.1255
-0.763308	0.567284	5.1462	5.1232
-0.75378	0.573526	5.14653	5.12189
-0.74918	0.568269	5.14653	5.12222
-0.740967	0.571883	5.14489	5.12452
-0.741295	0.573526	5.14292	5.12748
-0.737024	0.579768	5.1416	5.1278
-0.734396	0.583382	5.14127	5.12813
-0.740638	0.581083	5.14423	5.12616
-0.74261	0.577797	5.14653	5.1232
-0.744909	0.581083	5.14719	5.12156
-0.746552	0.584368	5.14587	5.12222
-0.752137	0.577797	5.1439	5.1232
-0.747866	0.575826	5.14325	5.1232
-0.74918	0.57714	5.14489	5.12353
-0.75608	0.574183	5.14587	5.1232
-0.764622	0.580425	5.14587	5.1232
-0.772178	0.581083	5.14489	5.12452
-0.778749	0.578454	5.14193	5.12616
-0.783677	0.576812	5.14226	5.12715
-0.791234	0.569255	5.14456	5.12715
-0.79419	0.570241	5.14522	5.1255
-0.799776	0.573198	5.14587	5.1255
-0.801747	0.578126	5.14587	5.1255
-0.809632	0.570569	5.14423	5.1255
-0.807989	0.575826	5.14325	5.12518
-0.810618	0.578454	5.1416	5.12682
-0.813246	0.578783	5.14292	5.12715
-0.814231	0.57944	5.14357	5.12748
-0.818831	0.582068	5.14292	5.12715
-0.817845	0.585025	5.14292	5.1255
-0.81916	0.584039	5.14325	5.12616
-0.821131	0.583382	5.1439	5.1278
-0.81916	0.585025	5.14522	5.12682
-0.810618	0.589296	5.14489	5.12715
-0.807332	0.584368	5.14423	5.12616
-0.804047	0.582725	5.14522	5.1255
-0.801418	0.581083	5.1439	5.12616
-0.801747	0.582725	5.14095	5.12485
-0.795176	0.590282	5.14325	5.12419
-0.797476	0.59061	5.1462	5.1255
-0.791562	0.59521	5.1462	5.12485
-0.784334	0.601452	5.14653	5.12452
-0.777435	0.611308	5.14752	5.12583
-0.776121	0.610323	5.14653	5.12682
-0.770536	0.615251	5.1462	5.12715
-0.762651	0.613937	5.14555	5.1255
-0.757065	0.616894	5.14489	5.12452
-0.748195	0.618208	5.14489	5.12386
-0.74031	0.62445	5.14555	5.12288
-0.736367	0.628721	5.14587	5.12386
-0.731111	0.631349	5.14423	5.12288
-0.72454	0.628064	5.14193	5.1232
-0.718955	0.630035	5.14127	5.12485
-0.716326	0.632335	5.1439	5.1255
-0.708113	0.637263	5.14555	5.12616
-0.700885	0.636606	5.14653	5.12715
-0.693985	0.639563	5.1462	5.12715
-0.695628	0.63562	5.14522	5.12715
-0.689057	0.640549	5.14357	5.12813
-0.695957	0.641863	5.14095	5.12715
-0.691029	0.647448	5.14127	5.12485
-0.686429	0.64252	5.14226	5.12419
-0.682158	0.646791	5.14489	5.12518
-0.686758	0.647448	5.14456	5.12583
-0.687415	0.650076	5.1439	5.12649
-0.685443	0.651062	5.1439	5.12748
-0.682487	0.651062	5.14522	5.1278
-0.676901	0.65369	5.1462	5.12912
-0.678216	0.657633	5.14587	5.12813
-0.680187	0.65369	5.14555	5.1255
-0.685115	0.654676	5.14423	5.12156
-0.699899	0.651062	5.14259	5.12123
-0.695957	0.64482	5.14292	5.12353
-0.700228	0.643834	5.14456	5.12452
-0.70417	0.641863	5.1462	5.12682
-0.712055	0.63562	5.14653	5.1255
-0.716655	0.643505	5.14653	5.1255
-0.729139	0.645148	5.14522	5.12682
-0.736696	0.638249	5.14456	5.12977
-0.738667	0.637592	5.14357	5.13076
-0.743595	0.635949	5.14259	5.12945
-0.748852	0.636935	5.14259	5.12682
-0.74918	0.638906	5.14259	5.12583
-0.748852	0.634306	5.14292	5.12583
-0.755094	0.629707	5.14259	5.12616
-0.755423	0.632992	5.14259	5.12452
-0.75608	0.637592	5.14259	5.12485
-0.755423	0.634306	5.14456	5.12748
-0.763636	0.634963	5.14587	5.12846
-0.766264	0.633978	5.14456	5.12813
-0.766922	0.632664	5.14127	5.12748
-0.767907	0.62675	5.14029	5.1278
-0.762651	0.627735	5.13897	5.12813
-0.758708	0.625107	5.1393	5.12682
-0.756737	0.630364	5.14127	5.1255
-0.754437	0.632006	5.1439	5.12419
-0.750495	0.629707	5.14423	5.1232
-0.739653	0.625764	5.14357	5.12353
-0.734396	0.627078	5.1416	5.1255
-0.738667	0.616565	5.14095	5.12583
-0.725854	0.616565	5.14095	5.12616
-0.719612	0.617222	5.1416	5.12518
-0.713041	0.616565	5.14095	5.12255
-0.710413	0.613608	5.1416	5.12255
-0.705813	0.618536	5.14259	5.12353
-0.703513	0.621493	5.1416	5.12485
-0.698914	0.623464	5.14095	5.12616
-0.706142	0.621493	5.1416	5.12583
-0.703842	0.618536	5.14325	5.12353
-0.703185	0.614922	5.14357	5.12189
-0.702199	0.622807	5.14226	5.12353
-0.701542	0.623464	5.14127	5.12452
-0.703842	0.618865	5.14127	5.1255
-0.697271	0.627078	5.14292	5.12616
-0.700556	0.622807	5.14259	5.1255
-0.705484	0.621165	5.14226	5.12419
-0.713369	0.621165	5.14193	5.12353
-0.724211	0.621493	5.14325	5.12419
-0.721911	0.624121	5.14292	5.12649
-0.718955	0.630692	5.14292	5.12748
-0.71764	0.638906	5.14292	5.12748
-0.716326	0.636935	5.14259	5.12682
-0.723554	0.642848	5.14193	5.12583
-0.732425	0.641863	5.13996	5.12518
-0.737681	0.640549	5.14062	5.12583
-0.742938	0.64252	5.14226	5.12583
-0.750823	0.641863	5.1439	5.12419
-0.755423	0.64022	5.14423	5.12452
-0.759365	0.640877	5.14292	5.12583
-0.762651	0.640877	5.14259	5.1255
-0.76495	0.639234	5.1439	5.12485
-0.768236	0.64252	5.14423	5.1232
-0.775135	0.638906	5.1439	5.12419
-0.777106	0.640877	5.14423	5.12583
-0.778749	0.639234	5.14193	5.12518
-0.784663	0.633649	5.1416	5.12485
-0.785648	0.634963	5.14127	5.12288
-0.784991	0.634635	5.14193	5.12353
-0.787948	0.631021	5.14193	5.12485
-0.784991	0.627407	5.14226	5.12715
-0.788934	0.625436	5.14292	5.12846
-0.784991	0.620836	5.14423	5.12616
-0.781706	0.618865	5.14423	5.1232
-0.785648	0.617551	5.14325	5.12255
-0.789919	0.614265	5.1416	5.12255
-0.789919	0.61328	5.13996	5.12386
-0.794848	0.610651	5.14029	5.12386
-0.788934	0.611308	5.14226	5.12452
-0.789591	0.612294	5.1439	5.12583
-0.781049	0.613608	5.14456	5.12649
-0.784663	0.61098	5.14522	5.12353
-0.780063	0.608351	5.14522	5.12353
-0.774149	0.612623	5.1439	5.12452
-0.765936	0.619193	5.14259	5.12748
-0.75838	0.623136	5.14325	5.12879
-0.754108	0.622479	5.14357	5.12616
-0.749837	0.618536	5.14456	5.12452
-0.745566	0.617551	5.14489	5.12485
-0.737353	0.619193	5.14456	5.12419
-0.733739	0.623136	5.14127	5.1232
-0.730125	0.62215	5.14095	5.12452
-0.730125	0.627735	5.1416	5.12485
-0.728811	0.634635	5.14226	5.12616
-0.732096	0.62675	5.14489	5.12452
-0.729468	0.623464	5.14719	5.12419
-0.725197	0.629707	5.14489	5.1232
-0.715998	0.643505	5.14062	5.1232
-0.713698	0.646791	5.1393	5.12386
-0.705156	0.655333	5.14062	5.1255
-0.701213	0.653033	5.14292	5.12518
-0.702199	0.655333	5.14522	5.12485
-0.696285	0.65369	5.14423	5.12518
-0.690043	0.655333	5.14357	5.1255
-0.687415	0.659604	5.14423	5.12748
-0.683144	0.657961	5.14489	5.12879
-0.681829	0.65599	5.14489	5.12846
-0.685772	0.657633	5.14653	5.1255
-0.685443	0.650733	5.1462	5.12583
-0.696285	0.646791	5.14456	5.12682
-0.702528	0.638906	5.14259	5.12649
-0.708441	0.632992	5.13996	5.12748
-0.708113	0.632664	5.13963	5.12715
-0.715669	0.628721	5.14193	5.12748
-0.720926	0.632006	5.1439	5.1278
-0.718955	0.627735	5.14522	5.12813
-0.716655	0.626093	5.14522	5.1255
-0.725197	0.620836	5.14423	5.12386
-0.72454	0.622807	5.14193	5.1255
-0.730125	0.61985	5.1416	5.12715
-0.732096	0.622479	5.14127	5.12715
-0.732096	0.621493	5.14357	5.12616
-0.734067	0.625764	5.1439	5.12583
-0.740967	0.625764	5.14325	5.12419
-0.739653	0.618865	5.14226	5.12255
-0.740967	0.618536	5.14292	5.12255
-0.737681	0.628392	5.14456	5.12386
-0.734067	0.636935	5.14522	5.12583
-0.728482	0.639234	5.14555	5.12583
-0.728154	0.645477	5.1462	5.12518
-0.730454	0.646462	5.14456	5.12616
-0.727825	0.650076	5.14292	5.12649
-0.721583	0.655661	5.14259	5.12616
-0.72454	0.657961	5.14489	5.1255
-0.724211	0.658618	5.14555	5.12518
-0.719283	0.665518	5.14522	5.12452
-0.715669	0.664861	5.14456	5.12353
-0.711727	0.664861	5.14456	5.1232
-0.714026	0.663218	5.14357	5.1255
-0.711398	0.665189	5.14259	5.12748
-0.707456	0.666503	5.14292	5.12748
-0.703842	0.66059	5.14357	5.12485
-0.707456	0.657633	5.14456	5.1232
-0.708441	0.657304	5.14555	5.12419
-0.705156	0.655333	5.14489	5.12518
-0.699899	0.65139	5.14357	5.12518
-0.698257	0.65829	5.14292	5.12386
-0.692343	0.660261	5.14489	5.12419
-0.682815	0.655661	5.14522	5.12419
-0.670002	0.66059	5.14555	5.12485
-0.668688	0.655004	5.14555	5.12485
-0.666717	0.65599	5.14555	5.1255
-0.660803	0.66059	5.14555	5.12813
-0.652589	0.653362	5.14325	5.1301
-0.640105	0.651719	5.14062	5.12912
-0.630577	0.652047	5.14193	5.12879
-0.629263	0.658618	5.14292	5.12813
-0.627949	0.662889	5.14259	5.12748
-0.62532	0.65829	5.1416	5.12682
-0.623678	0.655333	5.13996	5.1255
-0.628606	0.654019	5.14029	5.1255
-0.632877	0.659275	5.14292	5.12518
-0.640762	0.666832	5.14752	5.12583
-0.649304	0.664204	5.14719	5.12715
-0.655218	0.664532	5.14456	5.12912
-0.663431	0.66059	5.14357	5.1278
-0.669345	0.65829	5.14259	5.12518
-0.665731	0.657633	5.14193	5.12518
-0.670659	0.664204	5.14193	5.12419
-0.66606	0.668475	5.1439	5.12386
-0.667374	0.676031	5.14489	5.12452
-0.668688	0.668803	5.14357	5.12452
-0.678544	0.668475	5.14193	5.12452
-0.684458	0.665189	5.14325	5.12518
-0.692343	0.663218	5.14555	5.12452
-0.693657	0.666175	5.14653	5.12583
-0.696285	0.666832	5.14423	5.12518
-0.696614	0.668803	5.1439	5.12419
-0.693	0.665846	5.14259	5.12353
-0.696285	0.668803	5.14226	5.12386
-0.697271	0.665846	5.14062	5.12353
-0.6953	0.660918	5.14029	5.12419
-0.696614	0.656319	5.1416	5.12518
-0.704499	0.647448	5.14357	5.12485
-0.711727	0.646791	5.14489	5.12485
-0.714355	0.649091	5.14193	5.12583
-0.717312	0.648105	5.14193	5.1278
-0.720269	0.645477	5.14062	5.12879
-0.718626	0.642191	5.14127	5.12748
-0.723554	0.63562	5.14226	5.12485
-0.725854	0.631349	5.1439	5.1255
-0.719612	0.633649	5.1439	5.12518
-0.713369	0.634306	5.14456	5.12682
-0.714026	0.639234	5.14325	5.12715
-0.714026	0.634306	5.14357	5.12649
-0.707456	0.637263	5.14489	5.12518
-0.711727	0.634306	5.14522	5.1255
-0.712055	0.629707	5.14653	5.12682
-0.709427	0.623464	5.14555	5.12748
-0.710413	0.62445	5.1439	5.12649
-0.711727	0.625764	5.14193	5.12583
-0.718626	0.62445	5.14292	5.12485
-0.710413	0.624779	5.14423	5.12386
-0.712384	0.62215	5.14292	5.12156
-0.71107	0.619193	5.14259	5.12222
-0.714355	0.619193	5.14292	5.12452
-0.709427	0.62445	5.14325	5.12682
-0.710084	0.62445	5.14456	5.12649
-0.71107	0.628064	5.14653	5.12616
-0.713369	0.62675	5.14686	5.1255
-0.715012	0.617879	5.14555	5.1255
-0.707784	0.62675	5.1439	5.12616
-0.702199	0.62905	5.1416	5.12518
-0.697928	0.626093	5.13996	5.1255
-0.696614	0.621822	5.1393	5.12583
-0.706142	0.619522	5.14029	5.12485
-0.715341	0.613937	5.14226	5.12353
-0.719612	0.617879	5.14193	5.12452
-0.731111	0.616565	5.1416	5.12518
-0.744909	0.609337	5.14029	5.12649
-0.748523	0.609994	5.14062	5.12583
-0.74918	0.609337	5.14292	5.12583
-0.752794	0.602438	5.1439	5.12518
-0.756737	0.599809	5.14653	5.12386
-0.759694	0.604738	5.14916	5.12419
-0.762322	0.61098	5.15014	5.12715
-0.757722	0.616236	5.14719	5.1278
-0.755423	0.620836	5.1439	5.12682
-0.762322	0.616236	5.14325	5.12682
-0.762322	0.606709	5.14423	5.12682
-0.760679	0.606052	5.14522	5.12616
-0.759694	0.604409	5.14423	5.12715
-0.76495	0.61098	5.14193	5.12879
-0.771193	0.610651	5.13897	5.1301
-0.769878	0.612294	5.13865	5.12715
-0.765279	0.611308	5.1416	5.12485
-0.75838	0.616236	5.14555	5.12386
-0.755751	0.615908	5.14653	5.12485
-0.760351	0.609009	5.14555	5.12452
-0.758708	0.611308	5.14489	5.12518
-0.75608	0.617222	5.14292	5.12682
-0.75608	0.616894	5.14062	5.12748
-0.754437	0.617551	5.14062	5.12846
-0.75378	0.627407	5.1416	5.12813
-0.752794	0.634963	5.14259	5.12748
-0.754437	0.63562	5.14357	5.12682
-0.755094	0.638577	5.14325	5.12649
-0.747538	0.64022	5.14259	5.12682
-0.747866	0.639891	5.14522	5.12715
-0.743924	0.648105	5.1462	5.12748
-0.742281	0.649748	5.14456	5.12616
-0.736039	0.649419	5.14456	5.12682
-0.733082	0.650076	5.14522	5.12748
-0.723226	0.65369	5.14456	5.12813
-0.727825	0.653362	5.14292	5.12879
-0.72224	0.657961	5.14357	5.12879
-0.714355	0.660918	5.14522	5.12682
-0.708441	0.660261	5.14489	5.12649
-0.700556	0.660918	5.14456	5.12616
-0.695628	0.668475	5.14653	5.12649
-0.686758	0.670774	5.14686	5.12715
-0.682487	0.667817	5.14653	5.12715
-0.669673	0.670446	5.14752	5.12682
-0.668359	0.670446	5.14817	5.12649
-0.657517	0.67406	5.14653	5.12682
-0.655875	0.675045	5.1439	5.1278
-0.657846	0.675374	5.14127	5.12912
-0.652918	0.675374	5.14193	5.12748
-0.655546	0.674717	5.1416	5.12583
-0.654889	0.683587	5.14259	5.12616
-0.661788	0.677674	5.14357	5.12485
-0.652589	0.679645	5.14292	5.12386
-0.657846	0.680959	5.14325	5.12452
-0.660803	0.679645	5.14423	5.12386
-0.656532	0.676688	5.14357	5.12419
-0.65686	0.672417	5.14259	5.12583
-0.664088	0.671103	5.14292	5.12715
-0.665402	0.668146	5.1439	5.1255
-0.665731	0.66716	5.14555	5.1255
-0.669673	0.665189	5.14719	5.12616
-0.675916	0.665189	5.14653	5.12649
-0.688072	0.664532	5.14423	5.12583
-0.684129	0.66946	5.14292	5.12583
-0.692014	0.672746	5.14259	5.12715
-0.692014	0.680302	5.14423	5.12715
-0.699899	0.680959	5.14489	5.12518
-0.703185	0.67406	5.14456	5.12452
-0.701542	0.680959	5.14292	5.12518
-0.70187	0.675374	5.14127	5.12386
-0.700885	0.671431	5.14292	5.12353
-0.708441	0.664861	5.14456	5.1255
-0.711727	0.663546	5.14325	5.1255
-0.71764	0.66059	5.1416	5.12616
-0.715012	0.65369	5.1393	5.12682
-0.715998	0.650733	5.1393	5.12715
-0.728482	0.646791	5.14029	5.12616
-0.732096	0.641534	5.14127	5.1278
-0.733739	0.638906	5.14259	5.12715
-0.742938	0.631021	5.14325	5.12583
-0.741295	0.627735	5.14423	5.12518
-0.748852	0.625436	5.14259	5.1255
-0.747866	0.620836	5.1416	5.12682
-0.754108	0.613608	5.14095	5.12649
-0.757394	0.603095	5.14226	5.12485
-0.761993	0.604409	5.14489	5.12255
-0.765279	0.602109	5.14587	5.12189
-0.764293	0.602438	5.14587	5.12189
-0.764293	0.596195	5.14357	5.12255
-0.765279	0.598167	5.14259	5.12255
-0.757722	0.601781	5.14226	5.1232
-0.75608	0.602766	5.14259	5.12518
-0.752794	0.606709	5.14456	5.12583
-0.752137	0.603752	5.1462	5.12649
-0.750823	0.609337	5.14456	5.12748
-0.755751	0.603095	5.14127	5.12616
-0.759694	0.602438	5.14062	5.12649
-0.75608	0.600795	5.14193	5.1278
-0.754766	0.60408	5.14325	5.12748
-0.747538	0.596853	5.14292	5.12583
-0.74918	0.591924	5.14325	5.12353
-0.751809	0.589953	5.1416	5.12255
-0.761993	0.591596	5.14127	5.1255
-0.754437	0.599481	5.14292	5.12715
-0.748852	0.605723	5.14357	5.12715
-0.750823	0.603423	5.14357	5.12748
-0.752794	0.607694	5.1439	5.12715
-0.755094	0.612294	5.1439	5.12583
-0.757722	0.617222	5.14357	5.12518
-0.74918	0.621165	5.1416	5.1255
-0.748523	0.625436	5.14127	5.12583
-0.747538	0.621165	5.14226	5.12616
-0.749837	0.62445	5.14522	5.12616
-0.748852	0.62215	5.14785	5.12518
-0.744581	0.616236	5.1462	5.12419
-0.747209	0.62215	5.14555	5.12386
-0.747866	0.616894	5.14456	5.12353
-0.747866	0.61985	5.14456	5.1255
-0.749837	0.612623	5.14522	5.12715
-0.747538	0.611965	5.14587	5.12616
-0.745238	0.61328	5.14522	5.12616
-0.746881	0.613608	5.14292	5.1255
-0.747538	0.617551	5.14193	5.12452
-0.750495	0.612294	5.1416	5.12518
-0.754108	0.600138	5.14193	5.1255
-0.763965	0.596524	5.14325	5.12649
-0.762651	0.596853	5.14489	5.12583
-0.765607	0.589625	5.14555	5.12583
-0.775464	0.589625	5.14653	5.12419
-0.780392	0.59521	5.14522	5.12452
-0.78762	0.593239	5.14357	5.1255
-0.784991	0.59521	5.14325	5.12518
-0.782034	0.598824	5.14522	5.12616
-0.788934	0.592253	5.1462	5.12616
-0.795505	0.586339	5.14686	5.12616
-0.793862	0.59061	5.14456	5.12616
-0.791891	0.580754	5.14259	5.12485
-0.797476	0.580754	5.14259	5.12485
-0.794848	0.581083	5.1439	5.12485
-0.799776	0.58174	5.14653	5.12386
-0.79879	0.577797	5.14817	5.12452
-0.808975	0.576812	5.14883	5.12682
-0.810946	0.571226	5.14817	5.12518
-0.81456	0.569912	5.14653	5.12452
-0.815217	0.570898	5.1439	5.12616
-0.814231	0.566627	5.14423	5.1278
-0.815546	0.569912	5.14489	5.12682
-0.817188	0.569584	5.14522	5.12485
-0.822116	0.568927	5.14522	5.12386
-0.829673	0.565641	5.14489	5.1232
-0.822445	0.56597	5.1439	5.12452
-0.820145	0.562027	5.14325	5.12518
-0.816203	0.563013	5.14325	5.12649
-0.81456	0.565313	5.1439	5.12682
-0.81226	0.568269	5.14522	5.12518
-0.811275	0.566955	5.14423	5.12419
-0.811603	0.563341	5.14325	5.12583
-0.808975	0.560384	5.14292	5.12649
-0.808975	0.554142	5.14325	5.1255
-0.811275	0.553485	5.14423	5.12649
-0.811603	0.546914	5.14587	5.12715
-0.805689	0.554142	5.1439	5.1278
-0.807661	0.5479	5.1416	5.12748
-0.810618	0.546914	5.13897	5.1255
-0.807989	0.545272	5.13897	5.12649
-0.805361	0.558742	5.14095	5.12649
-0.808318	0.560713	5.1439	5.12649
-0.806346	0.562684	5.14423	5.12616
-0.806675	0.560713	5.14325	5.12518
-0.808646	0.559727	5.14259	5.12583
-0.803061	0.567284	5.14029	5.12682
-0.807332	0.565641	5.14193	5.12846
-0.805689	0.56367	5.14193	5.12748
-0.806346	0.565641	5.14259	5.12649
-0.808318	0.568598	5.14555	5.1255
-0.810946	0.568927	5.14752	5.1255
-0.811932	0.575826	5.14686	5.12715
-0.810946	0.576483	5.14489	5.12682
-0.804375	0.58174	5.14489	5.12616
-0.812589	0.582068	5.14423	5.12452
-0.810289	0.586011	5.14489	5.12386
-0.800761	0.588968	5.14587	5.12452
-0.794848	0.594881	5.14555	5.12649
-0.792548	0.60638	5.1439	5.12583
-0.793205	0.611308	5.14357	5.12452
-0.792876	0.616894	5.14325	5.12485
-0.793533	0.625107	5.1416	5.1255
-0.793862	0.621822	5.14259	5.12616
-0.790905	0.625764	5.1439	5.12485
-0.793205	0.62215	5.1439	5.12386
-0.793862	0.617551	5.14357	5.12485
-0.793533	0.620508	5.14489	5.12748
-0.788605	0.621165	5.14555	5.12649
-0.790248	0.625107	5.14587	5.12485
-0.790577	0.625436	5.14686	5.12583
-0.789262	0.632664	5.14555	5.12616
-0.788277	0.635292	5.14423	5.12649
-0.791891	0.630035	5.14259	5.12682
-0.783349	0.637592	5.14127	5.12649
-0.784334	0.64022	5.14095	5.12748
-0.777763	0.650405	5.14259	5.12813
-0.774149	0.645805	5.1439	5.12682
-0.771521	0.648105	5.14423	5.12748
-0.76725	0.653362	5.14357	5.12748
-0.766593	0.650076	5.14292	5.12748
-0.765279	0.645805	5.14522	5.12748
-0.762979	0.653362	5.14555	5.12748
-0.76495	0.650733	5.14752	5.12682
-0.767907	0.651062	5.14752	5.12649
-0.763636	0.649419	5.14719	5.12682
-0.751809	0.656976	5.14423	5.12583
-0.751152	0.652705	5.14095	5.12616
-0.744909	0.654347	5.13996	5.12682
-0.739653	0.652047	5.1416	5.1278
-0.740638	0.656976	5.14259	5.12748
-0.741624	0.657304	5.14325	5.12715
-0.743595	0.657633	5.14259	5.12813
-0.739981	0.658947	5.14095	5.12945
-0.744581	0.652047	5.14029	5.12813
-0.737024	0.654676	5.1416	5.12682
-0.733082	0.654676	5.14325	5.12682
-0.729468	0.659604	5.14587	5.12715
-0.729139	0.660261	5.14587	5.12518
-0.720269	0.659275	5.1439	5.12518
-0.713369	0.664861	5.1416	5.12518
-0.707127	0.666832	5.13996	5.12452
-0.700885	0.668146	5.13832	5.12485
-0.703185	0.666832	5.13602	5.12682
-0.697928	0.670774	5.13733	5.12813
-0.698914	0.671103	5.14029	5.12715
-0.698585	0.678988	5.1416	5.12419
-0.699242	0.678659	5.14193	5.12386
-0.694314	0.676688	5.13996	5.12813
-0.6907	0.678331	5.14029	5.13076
-0.694643	0.675702	5.14292	5.1301
-0.697271	0.66946	5.14489	5.1278
-0.696942	0.673074	5.14522	5.1255
-0.699899	0.665846	5.14456	5.12518
-0.702856	0.670117	5.14325	5.12715
-0.705813	0.668475	5.14259	5.12813
-0.715012	0.662889	5.14292	5.1278
-0.717312	0.660918	5.14357	5.12748
-0.723883	0.649748	5.14357	5.12616
-0.735382	0.644162	5.14357	5.12419
-0.74261	0.641863	5.14193	5.1232
-0.747866	0.638906	5.1416	5.12255
-0.758051	0.63562	5.14292	5.12419
-0.757065	0.630692	5.14357	5.12616
-0.758708	0.62445	5.14325	5.12715
-0.757722	0.625436	5.14325	5.12813
-0.766922	0.613937	5.14423	5.12846
-0.778092	0.604409	5.1439	5.12748
-0.779735	0.600138	5.1416	5.12715
-0.789591	0.591924	5.14193	5.12649
-0.785648	0.594224	5.14259	5.12649
-0.792548	0.585682	5.14456	5.12748
-0.797476	0.577797	5.14686	5.12748
-0.797476	0.57714	5.1485	5.12813
-0.803061	0.570569	5.14555	5.1278
-0.807332	0.566298	5.14193	5.1278
-0.807332	0.566955	5.14062	5.12616
-0.814231	0.562027	5.14193	5.12682
-0.821788	0.557756	5.14555	5.12682
-0.821459	0.555456	5.14653	5.12485
-0.824088	0.550857	5.14555	5.12518
-0.828359	0.546914	5.14325	5.12616
-0.825073	0.548885	5.14095	5.12748
-0.81916	0.548557	5.14095	5.12977
-0.823102	0.537715	5.14259	5.12846
-0.826059	0.530816	5.14555	5.12715
-0.829016	0.528844	5.14587	5.12616
-0.833287	0.524245	5.14456	5.1255
-0.839529	0.523259	5.14259	5.12616
-0.838872	0.521617	5.14127	5.12912
-0.8415	0.518003	5.1416	5.12715
-0.842157	0.520302	5.14357	5.1255
-0.836244	0.522274	5.14489	5.12255
-0.836244	0.521288	5.14423	5.12156
-0.833287	0.518988	5.14357	5.12485
-0.837558	0.518003	5.14292	5.12813
-0.835258	0.524902	5.14095	5.12715
-0.835915	0.530816	5.14127	5.12748
-0.833944	0.523259	5.14325	5.12649
-0.832958	0.520631	5.14423	5.12715
-0.83033	0.520302	5.14292	5.12879
-0.824088	0.522274	5.14062	5.12977
-0.826387	0.523588	5.14062	5.12879
-0.820145	0.525888	5.14226	5.12813
-0.822774	0.524902	5.14193	5.12846
-0.818831	0.528516	5.14095	5.12879
-0.811603	0.528187	5.1416	5.12813
-0.807004	0.532458	5.14226	5.1278
-0.801747	0.538372	5.14292	5.12813
-0.807004	0.538701	5.14357	5.1278
-0.806346	0.542643	5.1439	5.12715
-0.793533	0.5433	5.14357	5.12682
-0.794519	0.549214	5.14259	5.12583
-0.79879	0.549214	5.1439	5.12386
-0.803061	0.548228	5.14555	5.12485
-0.805361	0.544943	5.14522	5.12715
-0.804047	0.557099	5.14292	5.12748
-0.808646	0.557428	5.14029	5.1255
-0.807661	0.560384	5.14062	5.12583
-0.805032	0.565641	5.14193	5.12649
-0.799776	0.564327	5.14357	5.12518
-0.801747	0.563341	5.14325	5.12452
-0.802733	0.563013	5.14259	5.12222
-0.806675	0.567612	5.1439	5.12288
-0.81226	0.567284	5.14555	5.12452
-0.811932	0.569255	5.14587	5.12485
-0.812589	0.569912	5.14522	5.12485
-0.811932	0.569912	5.14292	5.12452
-0.806675	0.574512	5.14029	5.12386
-0.805689	0.568927	5.14095	5.12288
-0.808318	0.575497	5.14193	5.12255
-0.800104	0.578783	5.1416	5.1209
-0.80339	0.577469	5.14292	5.12058
-0.807661	0.576154	5.14719	5.12419
-0.806346	0.578783	5.14817	5.12452
-0.807661	0.571555	5.14522	5.12485
-0.809632	0.569912	5.14259	5.12583
-0.808975	0.568269	5.14259	5.12715
-0.809632	0.571883	5.1439	5.1278
-0.808318	0.576812	5.14555	5.1278
-0.80109	0.580097	5.14587	5.12715
-0.79649	0.579768	5.14653	5.1255
-0.792876	0.580425	5.14357	5.12682
-0.791562	0.576812	5.14062	5.1278
-0.789262	0.576154	5.14095	5.12715
-0.78532	0.577469	5.14226	5.12715
-0.784006	0.57484	5.1439	5.12649
-0.783677	0.580425	5.14423	5.12649
-0.779406	0.577469	5.14423	5.12649
-0.771193	0.576154	5.14325	5.12649
-0.767579	0.573855	5.14259	5.12649
-0.763965	0.57484	5.14226	5.12616
-0.756408	0.578454	5.14226	5.12583
-0.750166	0.582068	5.1439	5.12583
-0.743595	0.580754	5.14587	5.12715
-0.746881	0.580097	5.14653	5.12715
-0.747538	0.582068	5.14555	5.12616
-0.744252	0.577797	5.14325	5.12583
-0.738339	0.579768	5.14193	5.12649
-0.732753	0.585025	5.14292	5.12715
-0.730125	0.57714	5.1439	5.12649
-0.725854	0.585354	5.14357	5.12518
-0.726511	0.590282	5.14292	5.12485
-0.72454	0.593239	5.1416	5.12616
-0.721583	0.59751	5.14226	5.1278
-0.722897	0.603095	5.14292	5.12813
-0.720926	0.597838	5.14555	5.12682
-0.722569	0.595867	5.14555	5.12485
-0.716655	0.599809	5.14423	5.1255
-0.714026	0.602109	5.14226	5.12649
-0.713698	0.607366	5.1416	5.12616
-0.710413	0.609994	5.14325	5.12616
-0.708113	0.611308	5.1439	5.12583
-0.705156	0.61098	5.1439	5.12682
-0.706799	0.612951	5.14489	5.12715
-0.713369	0.610651	5.1439	5.1255
-0.714684	0.61328	5.14292	5.12485
-0.716326	0.614922	5.1439	5.12649
-0.722897	0.606709	5.14423	5.12649
-0.730125	0.604738	5.14357	5.12616
-0.738339	0.598824	5.14522	5.12649
-0.743924	0.593896	5.14555	5.12649
-0.748195	0.591267	5.14555	5.12583
-0.751152	0.589625	5.14555	5.12583
-0.755423	0.583382	5.14489	5.12485
-0.761993	0.580425	5.14555	5.12616
-0.769221	0.582397	5.14719	5.12715
-0.768236	0.578783	5.14752	5.12813
-0.776121	0.584039	5.14555	5.12879
-0.780063	0.580754	5.14325	5.12813
-0.786305	0.573526	5.14292	5.12649
-0.791562	0.566627	5.14555	5.12715
-0.789919	0.569255	5.14653	5.12813
-0.795833	0.558413	5.14686	5.12583
-0.796162	0.559399	5.14587	5.12353
-0.800761	0.556442	5.1439	5.1232
-0.802404	0.553485	5.1416	5.12255
-0.809632	0.550528	5.14029	5.1232
-0.800761	0.552499	5.14029	5.1255
-0.799447	0.5502	5.14127	5.1278
-0.798133	0.549543	5.14259	5.12748
-0.787948	0.554471	5.14423	5.1255
-0.790905	0.548885	5.14423	5.12583
-0.78762	0.553157	5.14357	5.1255
-0.788605	0.547243	5.14292	5.12518
-0.791891	0.540015	5.1416	5.12419
-0.793533	0.531801	5.1416	5.1255
-0.794519	0.528844	5.14127	5.12616
-0.792548	0.524245	5.14423	5.12616
-0.788934	0.529502	5.14489	5.12616
-0.784991	0.535415	5.14325	5.12682
-0.778092	0.537715	5.14062	5.1278
-0.767907	0.541329	5.13897	5.1278
-0.760351	0.538372	5.13897	5.12715
-0.761008	0.538372	5.14226	5.12616
-0.765936	0.537387	5.14489	5.12616
-0.763636	0.539029	5.14686	5.12682
-0.761008	0.543957	5.14587	5.12386
-0.757722	0.549543	5.1439	5.12255
-0.753123	0.5479	5.14193	5.12222
-0.744909	0.548557	5.14062	5.12386
-0.748852	0.552171	5.1416	5.12616
-0.752137	0.548885	5.14555	5.12649
-0.747538	0.543629	5.1485	5.12583
-0.750823	0.536401	5.14883	5.12419
-0.747209	0.541658	5.14653	5.12485
-0.750166	0.547571	5.14456	5.12649
-0.756408	0.541658	5.14686	5.12748
-0.759694	0.538372	5.14785	5.12649
-0.757065	0.5433	5.14686	5.12616
-0.760351	0.541658	5.14489	5.1255
-0.764293	0.543957	5.1439	5.12518
-0.76955	0.540672	5.1439	5.12518
-0.772178	0.547243	5.14292	5.12353
-0.777435	0.545929	5.14193	5.12189
-0.776449	0.548557	5.14193	5.12255
-0.781377	0.551842	5.1416	5.12386
-0.78302	0.544943	5.14062	5.12518
-0.78762	0.542315	5.1393	5.12518
-0.79649	0.543957	5.14062	5.12518
-0.801418	0.540343	5.14259	5.12583
-0.800761	0.541	5.14522	5.12715
-0.802075	0.535415	5.14587	5.12715
-0.808646	0.535744	5.14456	5.12715
-0.800761	0.539358	5.14226	5.12846
-0.803061	0.537715	5.14292	5.12846
-0.809303	0.542315	5.14193	5.12715
-0.821788	0.538044	5.14062	5.12748
-0.810289	0.541658	5.14259	5.12748
-0.810946	0.5433	5.14489	5.1278
-0.813903	0.5456	5.14587	5.12715
-0.807661	0.549543	5.14357	5.12485
-0.808318	0.541658	5.1416	5.12419
-0.807661	0.550528	5.1416	5.12682
-0.80996	0.548885	5.14127	5.12813
-0.806675	0.544614	5.14127	5.12945
-0.805361	0.547571	5.14193	5.12748
-0.807661	0.547243	5.14423	5.12485
-0.800761	0.548228	5.14686	5.1232
-0.803061	0.553157	5.14785	5.12386
-0.805689	0.556113	5.1462	5.1255
-0.807332	0.5479	5.14325	5.12715
-0.803061	0.546257	5.14423	5.12682
-0.802075	0.542972	5.14555	5.12583
-0.795833	0.549543	5.1462	5.12419
-0.792219	0.550528	5.14522	5.1255
-0.781377	0.557099	5.14259	5.12583
-0.778749	0.562684	5.14127	5.12616
-0.773821	0.564984	5.1416	5.12682
-0.773821	0.567612	5.1439	5.12715
-0.763636	0.573526	5.14555	5.12583
-0.756408	0.574183	5.14489	5.12583
-0.750823	0.578783	5.14456	5.12682
-0.746881	0.587982	5.14325	5.12879
-0.743924	0.596853	5.14357	5.1278
-0.739653	0.602438	5.14522	5.1255
-0.734067	0.602766	5.1462	5.12353
-0.72454	0.60408	5.14653	5.12189
-0.718626	0.609666	5.14456	5.12353
-0.710741	0.613608	5.14259	5.12682
-0.70417	0.614594	5.14226	5.12879
-0.702528	0.621493	5.14259	5.12912
-0.699899	0.623793	5.14325	5.12846
-0.701542	0.629707	5.14489	5.1278
-0.697599	0.629378	5.14456	5.12649
-0.702528	0.622479	5.14292	5.12485
-0.707784	0.629707	5.14193	5.12419
-0.716326	0.633321	5.14193	5.12452
-0.720926	0.634635	5.14325	5.12583
-0.721254	0.636277	5.14423	5.12682
-0.722897	0.631678	5.14456	5.12518
-0.724211	0.632992	5.14292	5.12518
-0.731439	0.631349	5.1416	5.12386
-0.734396	0.635949	5.14029	5.12353
-0.73801	0.637263	5.14095	5.1255
-0.73571	0.633649	5.14095	5.12583
-0.741295	0.636606	5.14259	5.12583
-0.737353	0.638249	5.14456	5.12518
-0.740967	0.63792	5.14587	5.12353
-0.741952	0.637263	5.14653	5.12222
-0.744581	0.633978	5.14522	5.12386
-0.748523	0.632992	5.14357	5.1255
-0.749509	0.633649	5.14423	5.12649
-0.747209	0.635949	5.14423	5.12616
-0.753123	0.629378	5.14292	5.12452
-0.752466	0.632335	5.1416	5.12353
-0.755423	0.638249	5.13897	5.12419
-0.753123	0.634963	5.13766	5.12452
-0.745566	0.635949	5.1393	5.1255
-0.742938	0.633649	5.14292	5.12518
-0.744581	0.632006	5.14456	5.12518
-0.746552	0.627735	5.14522	5.1255
-0.750495	0.630035	5.14522	5.12452
-0.754437	0.631678	5.14423	5.12485
-0.752466	0.630364	5.14325	5.12485
-0.752466	0.620179	5.14423	5.12583
-0.750823	0.626421	5.14423	5.12485
-0.750166	0.627735	5.14456	5.12452
-0.746552	0.631678	5.14456	5.12616
-0.741295	0.636606	5.14357	5.12682
-0.740967	0.632006	5.14259	5.12813
-0.731111	0.637263	5.14292	5.12813
-0.728154	0.637263	5.14259	5.12518
-0.729796	0.62675	5.14292	5.12353
-0.73571	0.623793	5.14423	5.12123
-0.737681	0.622479	5.14259	5.12222
-0.73571	0.627735	5.14193	5.12353
-0.731111	0.627407	5.14095	5.12419
-0.731439	0.623793	5.14193	5.12616
-0.734067	0.623136	5.14423	5.12649
-0.738996	0.620179	5.14785	5.1255
-0.738667	0.623793	5.1485	5.12583
-0.735382	0.622479	5.14785	5.1255
-0.735382	0.617551	5.14555	5.12583
-0.735053	0.617879	5.14325	5.12518
-0.742938	0.614922	5.14325	5.12649
-0.748195	0.614922	5.14423	5.12419
-0.752137	0.611965	5.14456	5.12419
-0.754108	0.605395	5.14423	5.1232
-0.759694	0.594881	5.14357	5.12189
-0.76495	0.59061	5.14357	5.12189
-0.772178	0.585025	5.14357	5.12386
-0.770864	0.576483	5.14423	5.1255
-0.772835	0.568269	5.14489	5.12715
-0.774149	0.569912	5.14587	5.12583
-0.770536	0.568598	5.14555	5.1232
-0.770207	0.569584	5.1439	5.12288
-0.771521	0.562027	5.14226	5.12452
-0.778092	0.555456	5.1416	5.12485
-0.78302	0.552828	5.14325	5.12518
-0.786963	0.546914	5.14357	5.1255
-0.783677	0.5479	5.14325	5.12583
-0.796819	0.541329	5.14357	5.12649
-0.796819	0.539358	5.1439	5.12715
-0.797476	0.533444	5.14292	5.12518
-0.807004	0.528187	5.14292	5.12518
-0.810946	0.52983	5.14357	5.12288
-0.821131	0.528844	5.14292	5.1209
-0.82573	0.527859	5.1439	5.12222
-0.837886	0.521945	5.14456	5.1255
-0.8415	0.525559	5.1439	5.12748
-0.841172	0.528516	5.14522	5.12813
-0.839201	0.528187	5.14522	5.1278
-0.838543	0.525888	5.1439	5.12682
-0.833287	0.526545	5.14489	5.12485
-0.8415	0.519317	5.14522	5.12288
-0.841829	0.519317	5.14423	5.1232
-0.839529	0.521288	5.14259	5.12649
-0.836244	0.526216	5.14292	5.12748
-0.838215	0.529502	5.14357	5.12616
-0.836244	0.529502	5.14456	5.12419
-0.833615	0.531473	5.14456	5.12452
-0.83033	0.531801	5.14456	5.12452
-0.824745	0.534101	5.1439	5.1255
-0.81916	0.531801	5.14357	5.12748
-0.816203	0.531801	5.14423	5.12649
-0.813903	0.531144	5.14423	5.12485
-0.810946	0.530487	5.14292	5.12386
-0.814889	0.526216	5.14062	5.12386
-0.806018	0.526216	5.14029	5.12518
-0.806018	0.522602	5.14193	5.12583
-0.804704	0.515046	5.1416	5.12715
-0.80339	0.51866	5.1439	5.12813
-0.800104	0.522931	5.14456	5.12682
-0.796819	0.525559	5.14456	5.12583
-0.792548	0.52753	5.14357	5.12485
-0.791891	0.531473	5.1439	5.12386
-0.787291	0.537715	5.14226	5.12288
-0.783349	0.540015	5.14127	5.12353
-0.783349	0.539358	5.1416	5.12616
-0.784006	0.546257	5.14423	5.12682
-0.772835	0.552828	5.14522	5.1255
-0.768564	0.555128	5.14522	5.12419
-0.769878	0.56137	5.14555	5.12452
-0.768564	0.569912	5.1439	5.12583
-0.773492	0.571883	5.14292	5.12616
-0.777763	0.568598	5.14292	5.1255
-0.781049	0.575169	5.14423	5.1232
-0.782692	0.580097	5.14522	5.12189
-0.785648	0.57944	5.14357	5.12222
-0.788277	0.576812	5.14029	5.1232
-0.785648	0.581083	5.13897	5.12353
-0.788605	0.584039	5.14095	5.12452
-0.792219	0.592253	5.14259	5.1255
-0.797476	0.586996	5.14423	5.12485
-0.810289	0.584368	5.14423	5.1255
-0.812917	0.588968	5.14259	5.1255
-0.808318	0.591267	5.14193	5.12583
-0.814231	0.588968	5.14292	5.12616
-0.81686	0.58831	5.14325	5.12715
-0.823431	0.583382	5.14456	5.12682
-0.821131	0.583054	5.14555	5.1255
-0.822116	0.587982	5.14653	5.12518
-0.823759	0.580097	5.14653	5.12353
-0.821131	0.577469	5.14522	5.12288
-0.823102	0.568598	5.14325	5.12419
-0.824745	0.565313	5.14259	5.12649
-0.827373	0.561042	5.14357	5.12748
-0.831973	0.55907	5.14423	5.1255
-0.833287	0.561042	5.14522	5.12452
-0.838543	0.561699	5.14587	5.12452
-0.838215	0.564327	5.14555	5.1255
-0.835915	0.566955	5.14522	5.12682
-0.830987	0.567612	5.14456	5.12879
-0.833944	0.56597	5.14456	5.1278
-0.826716	0.570898	5.14522	5.1255
-0.822774	0.564984	5.14587	5.12419
-0.817188	0.565641	5.14587	5.12353
-0.813574	0.566298	5.14325	5.12419
-0.807332	0.566955	5.1416	5.12715
-0.802075	0.567284	5.14029	5.12846
-0.799447	0.571226	5.14127	5.12813
-0.798461	0.566298	5.14423	5.12682
-0.800433	0.563998	5.14719	5.12583
-0.808318	0.558742	5.14916	5.12616
-0.807332	0.554142	5.14686	5.12649
-0.808318	0.549871	5.1439	5.12682
-0.813574	0.546914	5.14226	5.12748
-0.812589	0.544286	5.1416	5.12485
-0.809632	0.548228	5.14259	5.12353
-0.810289	0.546257	5.14357	5.12452
-0.809303	0.5502	5.14456	5.12748
-0.804047	0.557428	5.14555	5.12813
-0.797476	0.554471	5.14522	5.12748
-0.796819	0.555128	5.14522	5.12616
-0.78762	0.552499	5.14555	5.12419
-0.782034	0.555456	5.14555	5.12485
-0.779735	0.549214	5.14555	5.12583
-0.781706	0.5479	5.14555	5.1278
-0.779406	0.548885	5.14555	5.12945
-0.782363	0.548557	5.14522	5.12748
-0.783349	0.546586	5.14456	5.12616
-0.779078	0.547571	5.14357	5.12682
-0.773821	0.5456	5.14489	5.12715
-0.779406	0.540015	5.14489	5.12649
-0.779406	0.542972	5.14325	5.12583
-0.783677	0.542315	5.14127	5.12485
-0.784663	0.544614	5.14193	5.12518
-0.790248	0.540672	5.1439	5.1278
-0.792548	0.541329	5.14555	5.12846
-0.793862	0.538044	5.14587	5.12813
-0.80109	0.539029	5.14555	5.1278
-0.807332	0.535087	5.14456	5.12748
-0.811603	0.531473	5.14259	5.12846
-0.823102	0.530816	5.14259	5.12846
-0.834601	0.520302	5.14489	5.12846
-0.843143	0.51636	5.14587	5.1255
-0.851028	0.519645	5.14555	5.12386
-0.853985	0.517346	5.14423	5.12452
-0.854642	0.516688	5.14259	5.12485
-0.858256	0.518988	5.14127	5.12518
-0.860227	0.517346	5.14193	5.12682
-0.866469	0.505518	5.14423	5.1278
-0.869426	0.507161	5.1462	5.12846
-0.875012	0.506504	5.14489	5.12682
-0.872383	0.500918	5.14325	5.12452
-0.872055	0.504204	5.14325	5.12518
-0.871726	0.501576	5.14423	5.12682
-0.875997	0.495333	5.14423	5.12846
-0.872055	0.499276	5.14587	5.12813
-0.877968	0.502233	5.14587	5.12649
-0.878625	0.498947	5.14555	5.12583
-0.880268	0.500918	5.14522	5.12518
-0.878297	0.503875	5.14522	5.12485
-0.874354	0.49829	5.14522	5.12813
-0.876654	0.491062	5.14522	5.12879
-0.873369	0.488434	5.1439	5.12846
-0.872055	0.492048	5.14357	5.12912
-0.872383	0.497633	5.14423	5.12945
-0.869755	0.498619	5.14555	5.12813
-0.872712	0.492705	5.1439	5.12748
-0.87304	0.490734	5.14259	5.12748
-0.867455	0.487448	5.14292	5.12682
-0.862527	0.495333	5.14292	5.12649
-0.861213	0.499604	5.14193	5.12616
-0.862198	0.494019	5.1416	5.12518
-0.85727	0.499933	5.14127	5.12583
-0.855299	0.499604	5.14259	5.1255
-0.851357	0.503218	5.14489	5.12583
-0.849057	0.507161	5.14357	5.12715
-0.848728	0.506504	5.14555	5.12583
-0.846757	0.504861	5.14489	5.12485
-0.8461	0.506504	5.14423	5.12419
-0.839858	0.508146	5.14325	5.12452
-0.841172	0.504532	5.14259	5.12485
-0.842815	0.507818	5.14226	5.1255
-0.839201	0.505189	5.14259	5.12583
-0.831973	0.505189	5.14423	5.12485
-0.827373	0.507489	5.14587	5.12452
-0.827045	0.506832	5.14423	5.12682
-0.83033	0.507489	5.14292	5.12846
-0.823431	0.516688	5.14226	5.12682
-0.819817	0.516031	5.1416	5.12485
-0.821459	0.519645	5.14259	5.12419
-0.827373	0.523259	5.14587	5.12649
-0.832958	0.523588	5.14587	5.12879
-0.832958	0.526873	5.1439	5.12945
-0.833615	0.530159	5.1416	5.12715
-0.83493	0.525888	5.14062	5.12616
-0.835915	0.528516	5.14127	5.12682
-0.836572	0.52983	5.14489	5.12649
-0.836572	0.528516	5.14752	5.12419
-0.834601	0.530487	5.14785	5.12485
-0.832958	0.535744	5.14489	5.12682
-0.830001	0.540015	5.14095	5.1278
-0.830987	0.539358	5.13996	5.12846
-0.836901	0.537715	5.14095	5.1278
-0.833287	0.542643	5.14127	5.12682
-0.833287	0.5433	5.14062	5.12682
-0.837558	0.541986	5.14127	5.12583
-0.837229	0.539029	5.1416	5.1255
-0.837558	0.534758	5.14127	5.12583
-0.833615	0.53443	5.14193	5.12452
-0.830987	0.538372	5.14127	5.12419
-0.832301	0.536072	5.14127	5.12485
-0.840515	0.52753	5.14292	5.12419
-0.836901	0.532787	5.14456	5.12616
-0.835915	0.531473	5.14423	5.12813
-0.837558	0.526216	5.14357	5.12616
-0.831644	0.52753	5.14193	5.12419
-0.831644	0.533115	5.14292	5.1232
-0.833615	0.536072	5.14653	5.12386
-0.832301	0.539358	5.14719	5.12616
-0.830987	0.543957	5.14555	5.1278
-0.827373	0.533115	5.1439	5.12879
-0.830001	0.534101	5.14259	5.12879
-0.824088	0.539029	5.14193	5.12912
-0.824088	0.531473	5.14325	5.12583
-0.824416	0.535744	5.14555	5.12288
-0.821459	0.533773	5.14555	5.12288
-0.820802	0.541329	5.14357	5.12386
-0.818831	0.5456	5.14226	5.12682
-0.81456	0.544286	5.14127	5.12879
-0.815546	0.545929	5.14226	5.12846
-0.810289	0.547571	5.1439	5.12748
-0.807989	0.548885	5.14752	5.1255
-0.801418	0.5456	5.14752	5.12288
-0.802733	0.546914	5.14423	5.12222
-0.806018	0.547571	5.14325	5.1255
-0.805032	0.548228	5.14226	5.12748
-0.800761	0.546257	5.14357	5.12879
-0.795833	0.551514	5.14489	5.12649
-0.79649	0.550857	5.14522	5.12485
-0.789591	0.549871	5.14555	5.12583
-0.790577	0.541329	5.14357	5.12748
-0.797804	0.535087	5.14226	5.12715
-0.798133	0.539029	5.14127	5.12748
-0.802733	0.542643	5.14193	5.12748
-0.806018	0.536401	5.14259	5.12649
-0.806018	0.542972	5.14325	5.12748
-0.812589	0.539686	5.14325	5.12748
-0.809632	0.541	5.14127	5.12748
-0.813903	0.538372	5.14095	5.12748
-0.813574	0.53443	5.13963	5.12715
-0.822445	0.53443	5.13996	5.12583
-0.832958	0.532458	5.14325	5.12485
-0.833944	0.535087	5.1439	5.12419
-0.830659	0.538372	5.14357	5.1255
-0.836901	0.531801	5.14423	5.12813
-0.839858	0.523916	5.14357	5.1278
-0.838543	0.522602	5.14325	5.12616
-0.842486	0.525231	5.14423	5.12485
-0.839529	0.526216	5.1462	5.12353
-0.841172	0.520302	5.14555	5.12353
-0.851685	0.509789	5.14423	5.1255
-0.855956	0.508803	5.14292	5.12583
-0.853985	0.504532	5.14226	5.12485
-0.854642	0.506504	5.14357	5.12616
-0.856285	0.50059	5.1439	5.12616
-0.854971	0.50289	5.14522	5.12518
-0.853985	0.505518	5.14456	5.12583
-0.858256	0.510446	5.14423	5.12583
-0.860884	0.51176	5.14423	5.12649
-0.863184	0.515374	5.14292	5.12813
-0.861541	0.513732	5.1416	5.1278
-0.860884	0.510118	5.1439	5.12616
-0.862527	0.516031	5.14522	5.1255
-0.862527	0.516031	5.14555	5.1255
-0.859242	0.516688	5.14292	5.12748
-0.854313	0.51866	5.14226	5.12945
-0.846757	0.518988	5.14259	5.12813
-0.846428	0.516031	5.14325	5.12583
-0.849385	0.510446	5.14259	5.12452
-0.844786	0.507489	5.14292	5.12485
-0.838543	0.509132	5.14325	5.12682
-0.835915	0.504861	5.14456	5.12879
-0.827373	0.515046	5.14423	5.1301
-0.824416	0.513403	5.14423	5.13076
-0.822445	0.512746	5.14456	5.12912
-0.817845	0.522274	5.14653	5.1255
-0.819817	0.525231	5.14522	5.12452
-0.821788	0.520302	5.14357	5.12583
-0.815874	0.51866	5.1416	5.12616
-0.815874	0.512746	5.14226	5.12485
-0.817517	0.514389	5.14522	5.12485
-0.818502	0.513732	5.14587	5.1255
-0.814231	0.509132	5.1462	5.12485
-0.811932	0.519317	5.1462	5.12386
-0.807661	0.525888	5.14423	5.12386
-0.806675	0.53213	5.14193	5.1255
-0.807989	0.535087	5.14062	5.12748
-0.809632	0.533773	5.1416	5.12945
-0.81686	0.528516	5.14423	5.12682
-0.817188	0.533444	5.14522	5.12485
-0.81456	0.540672	5.14357	5.12452
-0.813246	0.540015	5.14193	5.12616
-0.813903	0.536401	5.14226	5.12813
-0.818502	0.531801	5.14456	5.12879
-0.815874	0.533444	5.14653	5.1278
-0.819817	0.536401	5.1462	5.12518
-0.823102	0.535744	5.1439	5.12419
-0.828687	0.532458	5.14357	5.12452
-0.828359	0.538372	5.14423	5.12583
-0.826059	0.539029	5.14555	5.12748
-0.825073	0.538372	5.14555	5.12682
-0.828359	0.542972	5.14522	5.1255
-0.827373	0.550857	5.14456	5.12353
-0.83033	0.551185	5.14653	5.12255
-0.834601	0.5502	5.14456	5.12583
-0.840186	0.539029	5.14062	5.12879
-0.839529	0.53443	5.13897	5.12977
-0.843472	0.528516	5.14029	5.12977
-0.847086	0.525888	5.1416	5.12846
-0.846428	0.521945	5.14259	5.12583
-0.842815	0.531144	5.14423	5.12353
-0.839201	0.525888	5.14489	5.12353
-0.843472	0.524245	5.14325	5.12583
-0.839858	0.530816	5.14193	5.12715
-0.839529	0.529173	5.14259	5.12879
-0.838872	0.528844	5.14357	5.12748
-0.842815	0.526545	5.14489	5.12518
-0.839201	0.526216	5.14456	5.12452
-0.836572	0.520959	5.14292	5.12485
-0.833615	0.526545	5.14292	5.12485
-0.829016	0.528516	5.14423	5.12649
-0.826716	0.527202	5.14423	5.12682
-0.825402	0.526545	5.14555	5.12583
-0.833287	0.524245	5.14555	5.12485
-0.833615	0.523259	5.14292	5.1255
-0.828687	0.523916	5.1416	5.12616
-0.821788	0.531801	5.1416	5.12748
-0.820802	0.531801	5.13996	5.12649
-0.819817	0.528844	5.14029	5.12518
-0.818502	0.536729	5.1439	5.12353
-0.820474	0.542972	5.14817	5.12123
-0.821459	0.549543	5.14916	5.12222
-0.80996	0.555128	5.14686	5.12419
-0.800104	0.554142	5.14357	5.12583
-0.799776	0.557428	5.1439	5.12846
-0.796819	0.560056	5.14456	5.13043
-0.792876	0.557756	5.14489	5.12879
-0.786963	0.560056	5.14357	5.1255
-0.782034	0.562027	5.1439	5.12222
-0.775464	0.565641	5.14325	5.12189
-0.76725	0.56597	5.14325	5.12386
-0.766593	0.566627	5.14522	5.12649
-0.759037	0.567941	5.14522	5.1278
-0.759037	0.563013	5.14489	5.12748
-0.75608	0.564984	5.14423	5.1255
-0.750495	0.569584	5.14325	5.12419
-0.747209	0.570241	5.14226	5.12485
-0.746223	0.581411	5.14259	5.1255
-0.755423	0.57944	5.14357	5.12353
-0.759365	0.569912	5.14555	5.12222
-0.761336	0.570241	5.1462	5.12189
-0.759365	0.569255	5.14522	5.12288
-0.764293	0.566955	5.14226	5.12518
-0.769878	0.560384	5.14062	5.1278
-0.780392	0.55677	5.14095	5.1278
-0.782363	0.556442	5.14259	5.12846
-0.779406	0.55907	5.14456	5.1278
-0.779735	0.559727	5.1462	5.12649
-0.777763	0.559727	5.14719	5.12518
-0.779735	0.56597	5.14686	5.12583
-0.775792	0.563013	5.14456	5.12682
-0.772507	0.566298	5.14226	5.12682
-0.770207	0.569255	5.14226	5.12583
-0.762322	0.583382	5.14357	5.12353
-0.76725	0.584039	5.1439	5.12156
-0.767907	0.579768	5.1439	5.12058
-0.76955	0.582068	5.1439	5.12386
-0.766922	0.586668	5.14587	5.12682
-0.770864	0.596195	5.14719	5.12682
-0.777763	0.594553	5.14785	5.12616
-0.78072	0.593239	5.14719	5.12386
-0.784006	0.591596	5.14752	5.12222
-0.787291	0.591924	5.14817	5.12222
-0.789919	0.594553	5.14686	5.12419
-0.79649	0.59291	5.14522	5.12616
-0.790905	0.591596	5.14587	5.12748
-0.798133	0.592581	5.14785	5.12977
-0.794848	0.587653	5.1485	5.12945
-0.790577	0.584039	5.14752	5.12813
-0.791891	0.582068	5.14555	5.12682
-0.785648	0.57714	5.14456	5.12485
-0.778749	0.568927	5.1439	5.12583
-0.774478	0.566627	5.1439	5.12748
-0.774478	0.56367	5.14292	5.12715
-0.784663	0.556113	5.14357	5.1255
-0.779406	0.557428	5.14456	5.12419
-0.781049	0.551185	5.14423	5.12419
-0.781706	0.5502	5.14357	5.12485
-0.777763	0.552499	5.14325	5.12583
-0.774478	0.547571	5.14292	5.1255
-0.776778	0.548228	5.14489	5.12518
-0.777106	0.544943	5.14686	5.12485
-0.777106	0.547571	5.14719	5.12485
-0.773821	0.544943	5.1462	5.12616
-0.769221	0.546257	5.14292	5.12649
-0.766264	0.548885	5.14226	5.12748
-0.758708	0.544943	5.14522	5.12846
-0.759365	0.538044	5.14489	5.12846
-0.761336	0.533444	5.14193	5.12846
-0.763636	0.531801	5.14062	5.1278
-0.765279	0.528187	5.14193	5.12748
-0.765936	0.524902	5.1416	5.12682
-0.766264	0.522274	5.14193	5.12715
-0.768236	0.526545	5.14193	5.12846
-0.766922	0.528187	5.14226	5.12616
-0.766593	0.535087	5.14325	5.12485
-0.766593	0.532458	5.1439	5.12353
-0.776778	0.528516	5.14423	5.12485
-0.78302	0.526545	5.14292	5.12748
-0.786634	0.535415	5.14193	5.12846
-0.789591	0.531473	5.14226	5.12583
-0.790248	0.530159	5.14259	5.12583
-0.792548	0.526216	5.1439	5.12682
-0.796162	0.525559	5.14325	5.1278
-0.798133	0.525231	5.1416	5.12846
-0.797147	0.525888	5.14226	5.12846
-0.800433	0.51866	5.14127	5.12813
-0.799776	0.518988	5.1416	5.1278
-0.802075	0.516688	5.14127	5.12616
-0.805689	0.520631	5.14357	5.12452
-0.810618	0.522274	5.14423	5.12518
-0.812589	0.526216	5.14325	5.12518
-0.813574	0.518003	5.14325	5.12682
-0.810946	0.521288	5.14456	5.12748
-0.813246	0.524245	5.14522	5.1255
-0.818502	0.527202	5.14522	5.12452
-0.820145	0.527859	5.14555	5.12583
-0.815217	0.526545	5.14456	5.12583
-0.81226	0.526873	5.14193	5.12616
-0.811932	0.530487	5.13996	5.12748
-0.806675	0.528516	5.14062	5.12682
-0.804375	0.527859	5.14226	5.12583
-0.804047	0.520959	5.14325	5.12485
-0.804704	0.516031	5.14522	5.12353
-0.807989	0.517017	5.14456	5.12452
-0.811603	0.519974	5.14325	5.12748
-0.820802	0.510775	5.14456	5.12846
-0.81686	0.509132	5.14719	5.12616
-0.818831	0.510775	5.14982	5.12353
-0.817188	0.510775	5.14785	5.12353
-0.814231	0.509461	5.14522	5.12452
-0.817517	0.51406	5.14325	5.12353
-0.820474	0.509461	5.14456	5.1232
-0.815546	0.513732	5.14489	5.1255
-0.814231	0.524245	5.14587	5.12748
-0.81226	0.531473	5.14555	5.1278
-0.814889	0.531144	5.1439	5.12846
-0.81456	0.531144	5.14259	5.12813
-0.813246	0.528844	5.14127	5.12813
-0.815217	0.533444	5.1416	5.12945
-0.807661	0.538372	5.1439	5.1301
-0.80109	0.538044	5.14456	5.1278
-0.796819	0.542315	5.14325	5.12222
-0.793533	0.550528	5.14292	5.12156
-0.791562	0.555456	5.14259	5.12156
-0.795833	0.549871	5.14259	5.1232
-0.795833	0.548228	5.14325	5.12518
-0.803718	0.544286	5.1439	5.12682
-0.810946	0.544286	5.14587	5.12649
-0.806346	0.541329	5.14653	5.12518
-0.809303	0.540343	5.1462	5.12485
-0.80996	0.543957	5.14653	5.12583
-0.804047	0.551514	5.14785	5.12583
-0.807004	0.556442	5.14752	5.12419
-0.808318	0.555128	5.14587	5.12255
-0.807989	0.547571	5.14489	5.12288
-0.803061	0.5433	5.1439	5.12353
-0.800433	0.552499	5.14292	5.12452
-0.793533	0.555128	5.14325	5.12386
-0.790905	0.56137	5.14456	5.12583
-0.788934	0.56137	5.14587	5.12912
-0.789591	0.554799	5.14522	5.12846
-0.792219	0.552171	5.14423	5.12583
-0.798133	0.548228	5.14456	5.12353
-0.799776	0.5456	5.14555	5.1232
-0.802075	0.541658	5.14325	5.12485
-0.808646	0.536401	5.14226	5.12583
-0.805361	0.537715	5.14226	5.12583
-0.803061	0.536729	5.1439	5.12649
-0.805032	0.539686	5.14653	5.1255
-0.80339	0.538701	5.14785	5.12288
-0.808646	0.536729	5.14587	5.12419
-0.80996	0.539686	5.14259	5.12649
-0.809632	0.543957	5.14062	5.12813
-0.807661	0.5456	5.1439	5.12649
-0.807989	0.543957	5.14489	5.12583
-0.805361	0.5433	5.14423	5.12518
-0.806018	0.554471	5.1416	5.1255
-0.803718	0.552171	5.14127	5.12485
-0.806675	0.545929	5.14226	5.12386
-0.806018	0.551842	5.14423	5.12353
-0.805032	0.555128	5.14423	5.12386
-0.807004	0.552499	5.14423	5.12419
-0.805032	0.551514	5.14456	5.12583
-0.799776	0.554799	5.14456	5.12583
-0.797804	0.557428	5.14456	5.12518
-0.803718	0.558413	5.14456	5.12452
-0.807004	0.553485	5.14423	5.12485
-0.810946	0.546586	5.1439	5.1255
-0.813246	0.548228	5.14686	5.1255
-0.822445	0.5502	5.14719	5.1255
-0.824745	0.553157	5.14817	5.12518
-0.823759	0.553485	5.1462	5.12353
-0.827702	0.551185	5.14357	5.12222
-0.82803	0.548228	5.14489	5.12452
-0.824416	0.547571	5.14587	5.12485
-0.823759	0.546914	5.14752	5.12353
-0.81456	0.546257	5.1462	5.1232
-0.815874	0.550528	5.1439	5.12222
-0.81456	0.544286	5.14357	5.12288
-0.808318	0.548885	5.14357	5.12583
-0.814889	0.539358	5.14423	5.12682
-0.81456	0.535087	5.14489	5.12649
-0.814889	0.538372	5.1462	5.12649
-0.80996	0.537715	5.14555	5.12583
-0.815546	0.534758	5.14325	5.1255
-0.814889	0.534758	5.14062	5.1255
-0.811603	0.541	5.14062	5.12288
-0.811603	0.542315	5.1416	5.12156
-0.809632	0.546257	5.14423	5.12123
-0.808975	0.548557	5.14456	5.12156
-0.810289	0.554799	5.14456	5.1232
-0.809303	0.557099	5.14456	5.12616
-0.810946	0.560384	5.14357	5.1278
-0.813903	0.555785	5.1439	5.12846
-0.810618	0.564655	5.14522	5.12912
-0.802733	0.566627	5.14686	5.1278
-0.804704	0.569584	5.14555	5.1278
-0.800104	0.57254	5.14357	5.12813
-0.800104	0.572212	5.14423	5.1278
-0.799447	0.573526	5.14259	5.12649
-0.801418	0.57944	5.1416	5.12452
-0.808318	0.576812	5.14292	5.12419
-0.80109	0.583382	5.14555	5.12419
-0.795505	0.587653	5.14752	5.12419
-0.794519	0.59061	5.14785	5.12288
-0.796162	0.593896	5.1439	5.12452
-0.795505	0.591924	5.14193	5.12616
-0.795505	0.587325	5.14357	5.12649
-0.795176	0.585025	5.14555	5.12518
-0.799776	0.580097	5.14587	5.1232
-0.795176	0.572212	5.14555	5.12419
-0.797476	0.56367	5.14555	5.12485
-0.795505	0.561042	5.14653	5.12682
-0.79879	0.55907	5.14456	5.12715
-0.801418	0.555456	5.14456	5.12748
-0.806346	0.551842	5.14456	5.12748
-0.810946	0.546914	5.14456	5.12583
-0.807332	0.5479	5.14456	5.12682
-0.814889	0.544614	5.1439	5.12682
-0.818831	0.544286	5.14226	5.12583
-0.823102	0.541986	5.14259	5.1255
-0.824088	0.539358	5.1439	5.12353
-0.823102	0.535087	5.14193	5.12518
-0.831316	0.531473	5.13996	5.12813
-0.831644	0.523259	5.14259	5.12912
-0.834272	0.520631	5.14292	5.12813
-0.836572	0.519974	5.14226	5.12616
-0.838543	0.509789	5.14226	5.12583
-0.845114	0.509132	5.14325	5.12518
-0.848728	0.508475	5.14423	5.12485
-0.850371	0.506504	5.14357	5.12452
-0.850042	0.50289	5.14259	5.12485
-0.854971	0.505189	5.1416	5.12649
-0.855956	0.504204	5.1416	5.12715
-0.853328	0.499276	5.14193	5.12616
-0.860556	0.494676	5.1439	5.12518
-0.865484	0.49829	5.14456	5.1255
-0.858913	0.501576	5.14686	5.1255
-0.855628	0.50059	5.1462	5.12682
-0.854642	0.501576	5.14325	5.12583
-0.851357	0.511103	5.14127	5.12682
-0.843472	0.519974	5.13963	5.12912
-0.837229	0.521945	5.14062	5.1278
-0.837886	0.526873	5.14292	5.12715
-0.835915	0.521945	5.14456	5.12682
-0.83493	0.521288	5.14456	5.1255
-0.833287	0.528516	5.14456	5.12583
-0.838872	0.531144	5.14456	5.1278
-0.83033	0.535087	5.14325	5.1278
-0.823431	0.535087	5.14226	5.12715
-0.815874	0.531144	5.14193	5.12452
-0.817188	0.524573	5.1416	5.12255
-0.816531	0.52753	5.14259	5.12485
-0.818831	0.526545	5.14259	5.12846
-0.820474	0.534101	5.14193	5.1301
-0.823431	0.528187	5.14127	5.12945
-0.829016	0.526216	5.14127	5.12682
-0.827702	0.521288	5.14127	5.12583
-0.832958	0.511103	5.14226	5.1255
-0.833615	0.507818	5.14226	5.12485
-0.834601	0.502233	5.14292	5.12353
-0.83263	0.501247	5.14259	5.12419
-0.834272	0.497304	5.14259	5.12485
-0.836244	0.503875	5.14193	5.12419
-0.832958	0.501904	5.14259	5.12419
-0.837229	0.503875	5.1439	5.12485
-0.8438	0.497962	5.14456	5.12583
-0.843472	0.491719	5.14325	5.12813
-0.8438	0.492705	5.14357	5.12846
-0.840186	0.493362	5.14489	5.12616
-0.839201	0.499933	5.14522	5.1232
-0.842815	0.497304	5.14357	5.12189
-0.840515	0.497633	5.14357	5.12288
-0.840186	0.498619	5.14292	5.12649
-0.838543	0.50289	5.14193	5.1278
-0.834601	0.507489	5.14095	5.1278
-0.831644	0.518988	5.14226	5.12682
-0.83033	0.520302	5.14357	5.12583
-0.830659	0.523916	5.14423	5.12616
-0.827045	0.521617	5.14587	5.12616
-0.824088	0.522602	5.14522	5.1278
-0.815217	0.524245	5.14292	5.12846
-0.823759	0.521617	5.14095	5.1278
-0.822445	0.524902	5.1416	5.12518
-0.815546	0.528844	5.14292	5.12419
-0.817188	0.536729	5.14357	5.12452
-0.81916	0.531144	5.14357	5.12485
-0.818831	0.531144	5.14456	5.1232
-0.817845	0.535744	5.14522	5.12255
-0.815546	0.537715	5.14555	5.12222
-0.813903	0.544286	5.14325	5.12485
-0.810618	0.544614	5.14259	5.12583
-0.807004	0.542643	5.14226	5.12518
-0.800433	0.544614	5.14259	5.12452
-0.789262	0.541658	5.14423	5.1255
-0.784334	0.538044	5.14357	5.12583
-0.781706	0.544286	5.14226	5.12616
-0.773492	0.543957	5.14423	5.1255
-0.762322	0.549214	5.14653	5.12419
-0.759037	0.554142	5.1462	5.12386
-0.750166	0.558742	5.14325	5.12419
-0.741295	0.558742	5.14095	5.12616
-0.73801	0.555128	5.13996	5.12846
-0.731111	0.560384	5.14127	5.12846
-0.719283	0.56137	5.1439	5.12518
-0.714355	0.564327	5.1462	5.12386
-0.710413	0.569584	5.14653	5.12386
-0.709098	0.567941	5.14423	5.12485
-0.71107	0.570241	5.14259	5.12748
-0.708113	0.570898	5.14259	5.12945
-0.697599	0.577797	5.14357	5.12748
-0.696285	0.577469	5.14423	5.12649
-0.688729	0.582725	5.14456	5.12649
-0.682158	0.590939	5.14522	5.12649
-0.686758	0.593239	5.14522	5.12715
-0.693985	0.594881	5.14423	5.12748
-0.6953	0.595538	5.14226	5.12715
-0.699242	0.600138	5.1416	5.12649
-0.700556	0.601124	5.14226	5.12419
-0.707456	0.599809	5.1439	5.12419
-0.709755	0.602438	5.14423	5.1255
-0.709098	0.602438	5.14259	5.12748
-0.706799	0.609009	5.14226	5.12452
-0.712384	0.611637	5.14226	5.12419
-0.715669	0.618536	5.14193	5.12518
-0.71994	0.618865	5.14127	5.12748
-0.717969	0.621822	5.14062	5.12846
-0.727497	0.624779	5.14029	5.12682
-0.734067	0.618865	5.14357	5.12485
-0.738996	0.610651	5.14423	5.1255
-0.738667	0.60868	5.14423	5.12452
-0.744909	0.602766	5.14653	5.1232
-0.736696	0.604409	5.14719	5.1232
-0.740638	0.598824	5.14522	5.12419
-0.738996	0.600138	5.14357	5.12583
-0.738667	0.600795	5.14325	5.12846
-0.739981	0.602766	5.14325	5.12649
-0.737024	0.603423	5.14292	5.12485
-0.734396	0.598167	5.14325	5.12616
-0.736696	0.589625	5.14193	5.1278
-0.746223	0.586668	5.14193	5.12846
-0.747209	0.579768	5.14095	5.12813
-0.754437	0.571555	5.13996	5.12715
-0.760351	0.564984	5.14095	5.12682
-0.774807	0.558085	5.14292	5.12715
-0.777435	0.554471	5.14292	5.12649
-0.778749	0.553814	5.14193	5.12452
-0.781706	0.549871	5.14127	5.12353
-0.782363	0.548228	5.14193	5.12386
-0.780392	0.544943	5.14127	5.1255
-0.772835	0.553814	5.14029	5.12616
-0.77185	0.557099	5.14062	5.12649
-0.773164	0.557756	5.14292	5.12748
-0.772835	0.560384	5.14357	5.1255
-0.777763	0.56137	5.14292	5.12353
-0.776121	0.566955	5.1416	5.12222
-0.77185	0.572212	5.14127	5.12255
-0.774807	0.566627	5.14095	5.12386
-0.778092	0.565313	5.1416	5.12715
-0.777106	0.569584	5.14423	5.12682
-0.777435	0.570569	5.14489	5.12518
-0.774478	0.570569	5.14456	5.12452
-0.777435	0.566298	5.14259	5.12518
-0.770536	0.562027	5.1416	5.12583
-0.767579	0.569912	5.14095	5.12682
-0.764293	0.568598	5.14095	5.12715
-0.757065	0.57254	5.1416	5.12715
-0.747209	0.57484	5.1439	5.12649
-0.748852	0.576483	5.14357	5.12682
-0.746881	0.578783	5.1416	5.12945
-0.742281	0.585354	5.14193	5.13109
-0.74031	0.593567	5.14226	5.12945
-0.739981	0.599481	5.14325	5.12748
-0.744909	0.601781	5.14357	5.12649
-0.740638	0.607694	5.14325	5.12649
-0.745238	0.607366	5.14292	5.12715
-0.748523	0.605066	5.14259	5.12649
-0.750823	0.611965	5.14259	5.12583
-0.751152	0.60868	5.1416	5.1255
-0.747866	0.61328	5.14259	5.12518
-0.75148	0.614922	5.14357	5.12616
-0.748852	0.611637	5.14423	5.12682
-0.747866	0.61098	5.1439	5.12485
-0.75378	0.609009	5.14423	5.12485
-0.748852	0.611308	5.14423	5.12649
-0.75378	0.606052	5.14489	5.12748
-0.755751	0.605395	5.14587	5.12813
-0.759037	0.602766	5.1439	5.12846
-0.761993	0.599481	5.14259	5.12813
-0.763636	0.597838	5.14127	5.12846
-0.76725	0.600138	5.14292	5.13142
-0.762651	0.609994	5.1416	5.13207
-0.77185	0.605066	5.14259	5.12945
-0.774149	0.604738	5.14423	5.12945
-0.782363	0.599152	5.14555	5.13076
-0.78302	0.596195	5.1439	5.1324
-0.794519	0.594553	5.14423	5.1324
-0.801747	0.591596	5.1439	5.1301
-0.815217	0.583054	5.1439	5.12682
-0.822445	0.582068	5.14357	5.12682
-0.826716	0.580097	5.14423	5.12583
-0.831973	0.568269	5.14292	5.12485
-0.836572	0.564327	5.14062	5.1255
-0.836244	0.570569	5.1393	5.1278
-0.838215	0.562027	5.14029	5.13043
-0.836572	0.563998	5.14423	5.13043
-0.832958	0.561699	5.14785	5.1278
-0.830659	0.556113	5.14817	5.12485
-0.823759	0.556442	5.14587	5.1232
-0.822116	0.559399	5.14259	5.12518
-0.813574	0.556113	5.14062	5.12682
-0.816203	0.552171	5.14062	5.12748
-0.814231	0.552499	5.14259	5.12715
-0.808646	0.561699	5.14522	5.1255
-0.807004	0.56137	5.14555	5.12386
-0.799447	0.569255	5.14522	5.1232
-0.79419	0.572869	5.1439	5.12649
-0.792548	0.569255	5.14292	5.13109
-0.790248	0.567284	5.14292	5.13109
-0.792548	0.571555	5.14292	5.12879
-0.793862	0.566955	5.14489	5.12682
-0.790905	0.575497	5.14555	5.12583
-0.784663	0.575497	5.14456	5.12715
-0.779735	0.577797	5.14226	5.1278
-0.775135	0.581411	5.13996	5.12715
-0.773492	0.583711	5.14259	5.12682
-0.773821	0.583382	5.1439	5.12386
-0.770207	0.582397	5.14489	5.12255
-0.778749	0.577797	5.14423	5.12386
-0.774807	0.567941	5.1439	5.12518
-0.765607	0.574512	5.14357	5.12748
-0.764622	0.57484	5.14456	5.12846
-0.759694	0.573526	5.14456	5.12748
-0.761993	0.576154	5.14456	5.12649
-0.769878	0.57714	5.1416	5.1255
-0.771193	0.576483	5.1416	5.12715
-0.772178	0.57944	5.14226	5.12846
-0.771521	0.577797	5.14127	5.12879
-0.765936	0.583711	5.14193	5.12846
-0.763308	0.587325	5.14259	5.12715
-0.764622	0.592581	5.14489	5.1255
-0.763308	0.600795	5.14653	5.1232
-0.766264	0.595538	5.14686	5.12222
-0.760022	0.595538	5.14653	5.1232
-0.758051	0.588639	5.14522	5.12485
-0.762322	0.591924	5.14292	5.12682
-0.75838	0.598824	5.14259	5.12846
-0.76495	0.593896	5.14423	5.12715
-0.764293	0.59521	5.14686	5.12616
-0.774149	0.59061	5.14686	5.12583
-0.778092	0.594881	5.14587	5.12649
-0.784991	0.595538	5.14259	5.12682
-0.783677	0.599152	5.14095	5.12682
-0.778749	0.600466	5.14127	5.1278
-0.782363	0.605066	5.14259	5.12813
-0.78302	0.599481	5.14522	5.12748
-0.775135	0.602438	5.1462	5.12583
-0.782692	0.601781	5.14555	5.12616
-0.785648	0.603752	5.14489	5.12682
-0.784663	0.605723	5.14653	5.12682
-0.785648	0.605066	5.14653	5.12748
-0.784663	0.599809	5.14555	5.12945
-0.786305	0.598495	5.14489	5.12879
-0.787948	0.59521	5.14456	5.12813
-0.789919	0.599809	5.14456	5.12485
-0.790248	0.599809	5.1439	5.1232
-0.779406	0.607037	5.14489	5.12616
-0.774478	0.612623	5.14555	5.1278
-0.768564	0.613608	5.14522	5.12682
-0.767907	0.618865	5.14522	5.12583
-0.758708	0.616894	5.14456	5.12485
-0.752466	0.620836	5.14325	5.12386
-0.742281	0.620508	5.14226	5.12583
-0.736696	0.620836	5.14357	5.12748
-0.734396	0.619522	5.14456	5.12715
-0.728811	0.617222	5.14325	5.12616
-0.727825	0.617551	5.14357	5.12386
-0.725197	0.616565	5.14456	5.12419
-0.728154	0.615251	5.14357	5.12649
-0.725197	0.621493	5.14357	5.12649
-0.725197	0.621822	5.14456	5.12649
-0.729796	0.616236	5.14653	5.12748
-0.729468	0.620179	5.1462	5.12813
-0.725197	0.616236	5.1439	5.12715
-0.727497	0.614265	5.14325	5.12583
-0.733082	0.616894	5.14325	5.12518
-0.736696	0.615579	5.14193	5.12518
-0.737681	0.615251	5.14226	5.1278
-0.741624	0.614922	5.14423	5.12813
-0.751152	0.611308	5.14357	5.12748
-0.751152	0.608023	5.1439	5.12748
-0.752137	0.602109	5.1439	5.12682
-0.75378	0.603752	5.14259	5.12682
-0.755751	0.602109	5.1416	5.1278
-0.754766	0.605723	5.14193	5.1278
-0.750823	0.600138	5.14456	5.12682
-0.76725	0.589625	5.1439	5.1255
-0.775135	0.583711	5.14259	5.12616
-0.786634	0.575826	5.14226	5.12682
-0.787948	0.572869	5.14456	5.12748
-0.798133	0.563341	5.14587	5.12682
-0.80339	0.560056	5.14456	5.1278
-0.810289	0.557428	5.14292	5.1278
-0.813574	0.548228	5.14292	5.12649
-0.821459	0.542643	5.14259	5.12419
-0.819817	0.540343	5.14127	5.12419
-0.81916	0.539686	5.13996	5.12386
-0.820802	0.534758	5.14357	5.12452
-0.822774	0.528516	5.14587	5.12583
-0.830659	0.519317	5.1462	5.12583
-0.831644	0.522931	5.14555	5.12616
-0.836901	0.524573	5.14423	5.12583
-0.839858	0.520959	5.1439	5.12682
-0.845114	0.518988	5.1439	5.12682
-0.836901	0.523588	5.14456	5.12583
-0.838215	0.525231	5.14522	5.12386
-0.836572	0.528187	5.1439	5.12353
-0.833944	0.536401	5.14193	5.1232
-0.82803	0.536401	5.14062	5.12353
-0.82573	0.547243	5.1416	5.1255
-0.826059	0.541329	5.14325	5.12682
-0.820474	0.544614	5.1439	5.12748
-0.815874	0.551185	5.14489	5.1278
-0.815217	0.555785	5.14325	5.12616
-0.811932	0.55677	5.14193	5.1255
-0.81686	0.554799	5.14127	5.12583
-0.815546	0.551842	5.13963	5.12583
-0.805032	0.554142	5.14095	5.12583
-0.811932	0.556442	5.14357	5.12748
-0.810289	0.562027	5.14522	5.12649
-0.805032	0.566298	5.14587	5.12583
-0.803718	0.567612	5.14456	5.12616
-0.797147	0.571555	5.14423	5.12485
-0.785648	0.581411	5.14456	5.12386
-0.773821	0.587653	5.14423	5.12386
-0.760679	0.596524	5.14489	5.12386
-0.751152	0.605395	5.14555	5.12518
-0.745895	0.611308	5.14325	5.12682
-0.728811	0.621822	5.14095	5.12813
-0.722569	0.624779	5.13996	5.12945
-0.712384	0.632335	5.13996	5.12813
-0.711398	0.631349	5.1416	5.12485
-0.708113	0.630364	5.1439	5.12452
-0.707456	0.633321	5.14522	5.12485
-0.707456	0.630035	5.14719	5.12518
-0.711398	0.627078	5.1462	5.12419
-0.708113	0.627078	5.1439	5.12518
-0.704827	0.632992	5.14325	5.12715
-0.694314	0.635292	5.14423	5.12846
-0.686429	0.643177	5.14423	5.12649
-0.683144	0.644162	5.14489	5.12419
-0.689714	0.642191	5.14456	5.12255
-0.690372	0.640549	5.14127	5.1232
-0.701542	0.637592	5.13865	5.12419
-0.70877	0.62905	5.14062	5.12649
-0.724868	0.62215	5.14423	5.12846
-0.735382	0.618208	5.14522	5.12748
-0.742281	0.616894	5.14489	5.12682
-0.745895	0.607366	5.14325	5.12682
-0.742938	0.615579	5.14127	5.12583
-0.750166	0.613937	5.14226	5.12748
-0.752466	0.612623	5.14456	5.12616
-0.757394	0.608023	5.14555	5.12452
-0.759365	0.611637	5.1462	5.12353
-0.765936	0.608023	5.14555	5.12386
-0.768893	0.605395	5.14489	5.12452
-0.77185	0.614265	5.14357	5.12649
-0.775135	0.61098	5.14292	5.12583
-0.779735	0.612623	5.14325	5.12419
-0.779078	0.614265	5.14555	5.12485
-0.776449	0.625764	5.14686	5.12518
-0.778421	0.629707	5.14555	5.12583
-0.774478	0.628721	5.14423	5.12616
-0.773821	0.633321	5.14357	5.12748
-0.769878	0.627078	5.14259	5.12682
-0.763308	0.62215	5.14259	5.1278
-0.766264	0.613608	5.14259	5.12748
-0.760022	0.614265	5.14357	5.12583
-0.754766	0.610651	5.14325	5.1232
-0.757065	0.606709	5.14193	5.12222
-0.751152	0.606709	5.14193	5.12419
-0.751152	0.603752	5.14029	5.12649
-0.747209	0.609994	5.13996	5.12748
-0.739981	0.61328	5.14259	5.12682
-0.734396	0.625107	5.14456	5.12419
-0.729796	0.622479	5.14456	5.12255
-0.724211	0.623464	5.1439	5.12255
-0.717312	0.62675	5.14325	5.12452
-0.714684	0.624121	5.14259	5.12649
-0.709755	0.634635	5.14456	5.12518
-0.704827	0.62445	5.14522	5.12189
-0.701542	0.620508	5.14423	5.12189
-0.691357	0.623464	5.14095	5.12485
-0.680515	0.625764	5.13865	5.12649
-0.684129	0.632006	5.14029	5.12616
-0.668688	0.639891	5.14226	5.12649
-0.671973	0.637592	5.14522	5.12715
-0.67263	0.634635	5.14653	5.12748
-0.674602	0.633321	5.14522	5.12813
-0.673944	0.633321	5.14423	5.12715
-0.678544	0.632006	5.14325	5.12715
-0.678216	0.637592	5.14127	5.12616
-0.682815	0.64022	5.13963	5.1255
-0.685443	0.642848	5.14029	5.12518
-0.690043	0.640549	5.14357	5.1255
-0.702199	0.63562	5.14587	5.1255
-0.703842	0.637263	5.14555	5.1278
-0.708441	0.631021	5.14357	5.12846
-0.713698	0.631678	5.14226	5.12813
-0.715012	0.638906	5.14095	5.12616
-0.715012	0.639234	5.14226	5.12518
-0.716655	0.634963	5.14423	5.12386
-0.718955	0.64022	5.14489	5.12353
-0.719612	0.638906	5.14357	5.12649
-0.725525	0.641206	5.14325	5.12846
-0.72684	0.642848	5.14259	5.12912
-0.726511	0.637592	5.14423	5.12846
-0.737353	0.633321	5.14489	5.1278
-0.746223	0.620179	5.14522	5.12715
-0.756737	0.616236	5.14325	5.12715
-0.765279	0.616236	5.14325	5.12748
-0.770864	0.612623	5.14456	5.12682
-0.774478	0.611965	5.14555	5.12616
-0.775792	0.604738	5.14555	5.12485
-0.776449	0.603752	5.14555	5.1255
-0.778421	0.59751	5.14587	5.12649
-0.780063	0.59291	5.14522	5.1255
-0.775464	0.591267	5.14456	5.1255
-0.776121	0.596195	5.14325	5.12616
-0.774149	0.599152	5.14357	5.12452
-0.768893	0.611308	5.14456	5.12419
-0.769878	0.603095	5.14555	5.12485
-0.768564	0.606709	5.1439	5.1255
-0.766264	0.608023	5.14259	5.12583
-0.767579	0.603095	5.14292	5.12616
-0.771193	0.602109	5.14226	5.12649
-0.770207	0.599809	5.14259	5.12616
-0.769221	0.596195	5.14489	5.12616
-0.765607	0.594553	5.14555	5.12485
-0.759037	0.592253	5.14292	5.1255
-0.763965	0.591924	5.14226	5.12649
-0.763965	0.588639	5.14357	5.12813
-0.76495	0.578454	5.1439	5.12715
-0.75838	0.582068	5.14555	5.12682
-0.755423	0.575497	5.14653	5.12419
-0.753123	0.572869	5.14423	5.1232
-0.75608	0.575826	5.14259	5.12419
-0.75608	0.574183	5.14259	5.12485
-0.755751	0.573526	5.14456	5.12419
-0.761008	0.574183	5.14653	5.1255
-0.756737	0.569584	5.14522	5.12715
-0.75148	0.573526	5.1439	5.12715
-0.75378	0.579768	5.14357	5.1255
-0.748195	0.583382	5.14325	5.12419
-0.741624	0.592253	5.14489	5.1255
-0.74918	0.593896	5.14555	5.12748
-0.748195	0.597181	5.14489	5.12748
-0.74918	0.600138	5.14292	5.12715
-0.747209	0.60408	5.1439	5.12715
-0.745566	0.60868	5.14423	5.12813
-0.745238	0.609009	5.14259	5.12813
-0.745566	0.609994	5.14193	5.12682
-0.745895	0.611308	5.14357	5.12583
-0.757722	0.60868	5.14423	5.12748
-0.760679	0.607694	5.14522	5.12813
-0.761336	0.605395	5.14653	5.12748
-0.761993	0.605395	5.14587	5.12715
-0.769878	0.602109	5.14522	5.1278
-0.769221	0.605066	5.14325	5.12682
-0.773492	0.602438	5.1439	5.1255
-0.771193	0.600138	5.14719	5.12386
-0.773164	0.597181	5.14883	5.12353
-0.785648	0.590939	5.1485	5.12518
-0.789919	0.592253	5.14653	5.12518
-0.788605	0.587325	5.14555	5.12518
-0.785977	0.589953	5.14226	5.12583
-0.782363	0.591267	5.13996	5.12682
-0.78072	0.59291	5.14062	5.12748
-0.782363	0.59751	5.14226	5.12682
-0.785977	0.591267	5.14226	5.12452
-0.783677	0.592581	5.1416	5.12386
-0.783349	0.594224	5.14029	5.12386
-0.785977	0.594224	5.14127	5.12288
-0.787291	0.594881	5.1416	5.12222
-0.779406	0.599809	5.14062	5.12288
-0.777106	0.60868	5.14062	5.12353
-0.769221	0.610651	5.1439	5.12353
-0.767907	0.606709	5.14555	5.12353
-0.769878	0.606052	5.14325	5.12419
-0.763965	0.605395	5.14259	5.12682
-0.757065	0.603423	5.14226	5.12813
-0.758051	0.600466	5.14259	5.12879
-0.757065	0.602438	5.14259	5.12715
-0.759365	0.600466	5.14259	5.12452
-0.760351	0.59291	5.14193	5.12255
-0.761993	0.586668	5.14226	5.12419
-0.762979	0.584368	5.14226	5.12616
-0.760679	0.577797	5.14127	5.12616
-0.748852	0.573526	5.14226	5.12616
-0.745895	0.57254	5.14357	5.12649
-0.746552	0.57714	5.14456	5.12715
-0.742938	0.578783	5.14489	5.12748
-0.743595	0.587325	5.1416	5.12748
-0.744252	0.591267	5.14095	5.12715
-0.73801	0.591596	5.1416	5.12616
-0.739653	0.593567	5.14292	5.12682
-0.737353	0.595538	5.14423	5.12583
-0.738339	0.596524	5.14555	5.12485
-0.731111	0.598495	5.14653	5.12419
-0.720597	0.609337	5.14555	5.12419
-0.715669	0.621493	5.14555	5.12583
-0.713369	0.630035	5.14489	5.12813
-0.712384	0.632335	5.14456	5.12682
-0.707784	0.631349	5.14423	5.12452
-0.700228	0.637263	5.14357	5.12452
-0.698914	0.643505	5.14423	5.12682
-0.696285	0.651062	5.14423	5.1278
-0.696285	0.651719	5.14292	5.12682
-0.697271	0.659604	5.14325	5.1255
-0.697271	0.66059	5.14555	5.12419
-0.700228	0.654676	5.14752	5.12123
-0.701542	0.656647	5.14752	5.12288
-0.706799	0.654019	5.14555	5.12518
-0.709755	0.652376	5.14357	5.12813
-0.726182	0.65139	5.14226	5.1301
-0.732753	0.655004	5.14325	5.1301
-0.735382	0.652705	5.14522	5.12748
-0.739324	0.648434	5.14423	5.12518
-0.736039	0.649419	5.1439	5.12419
-0.741952	0.653033	5.14292	5.12649
-0.74031	0.655661	5.14193	5.12846
-0.747538	0.650076	5.14259	5.12945
-0.743924	0.655661	5.14489	5.12813
-0.746223	0.667489	5.14423	5.1278
-0.738339	0.66946	5.1439	5.12748
-0.735382	0.672746	5.14259	5.12846
-0.738339	0.666175	5.14259	5.1301
-0.734396	0.661247	5.14357	5.12977
-0.741295	0.659275	5.14489	5.12945
-0.744252	0.654019	5.14653	5.12879
-0.748852	0.651062	5.14653	5.12715
-0.743924	0.654019	5.14555	5.12682
-0.744909	0.649419	5.14423	5.12682
-0.744581	0.650076	5.14325	5.12616
-0.745238	0.644162	5.14423	5.1255
-0.748852	0.642848	5.14555	5.12518
-0.746552	0.644491	5.14555	5.1255
-0.743595	0.646462	5.14489	5.12748
-0.743267	0.646791	5.14325	5.12682
-0.742281	0.64482	5.14456	5.12682
-0.738996	0.643505	5.14587	5.12715
-0.735053	0.640549	5.14522	5.12945
-0.734725	0.638906	5.14357	5.13076
-0.72454	0.643834	5.14259	5.12977
-0.716983	0.646134	5.14193	5.12813
-0.713698	0.64482	5.14193	5.12616
-0.713041	0.649091	5.14226	5.1255
-0.710413	0.652047	5.14226	5.12649
-0.710413	0.659275	5.1416	5.12748
-0.71107	0.655333	5.14259	5.1255
-0.707456	0.654019	5.14423	5.1255
-0.707127	0.648762	5.14456	5.12616
-0.706799	0.648105	5.14357	5.12649
-0.711727	0.646134	5.14325	5.12748
-0.708441	0.648434	5.14259	5.12715
-0.698257	0.652705	5.14259	5.12813
-0.691357	0.649748	5.14423	5.12846
-0.693328	0.649419	5.14522	5.12715
-0.688729	0.655004	5.14522	5.12583
-0.687415	0.652376	5.14522	5.12452
-0.687743	0.649091	5.14522	5.12419
-0.690372	0.650405	5.14489	5.12682
-0.698585	0.641863	5.14522	5.12813
-0.70187	0.642191	5.14357	5.12813
-0.70877	0.634963	5.14193	5.1278
-0.712384	0.628392	5.14193	5.12748
-0.720926	0.625107	5.14259	5.12715
-0.733739	0.616894	5.14226	5.12912
-0.73801	0.620508	5.14127	5.13043
-0.740967	0.618865	5.14325	5.12879
-0.74261	0.622807	5.14423	5.12715
-0.752137	0.615908	5.14719	5.12616
-0.757722	0.619193	5.14719	5.12518
-0.75378	0.62215	5.14456	5.1255
-0.75148	0.62445	5.14292	5.12485
-0.755751	0.628064	5.1439	5.12715
-0.761336	0.634635	5.1439	5.1301
-0.763636	0.632992	5.14456	5.13109
-0.768893	0.628064	5.14423	5.12912
-0.77185	0.619522	5.14325	5.12682
-0.779735	0.619193	5.14226	5.12583
-0.779735	0.616894	5.14226	5.12813
-0.784663	0.616565	5.14357	5.12715
-0.787948	0.614594	5.14456	5.12682
-0.786305	0.612951	5.14489	5.12485
-0.788277	0.610323	5.14423	5.1255
-0.788934	0.613608	5.14292	5.12485
-0.791234	0.617222	5.14292	5.12518
-0.799447	0.61328	5.14226	5.12616
-0.797147	0.615908	5.14193	5.1255
-0.79419	0.617879	5.14259	5.12452
-0.79419	0.618536	5.14259	5.1255
-0.786634	0.617879	5.1439	5.12452
-0.788277	0.611308	5.14292	5.1255
-0.78762	0.60868	5.13996	5.12616
-0.787291	0.609337	5.13963	5.12715
-0.785648	0.609994	5.14259	5.12616
-0.779406	0.607366	5.14423	5.12649
-0.773492	0.610651	5.14555	5.12419
-0.774149	0.608351	5.1462	5.12419
-0.761993	0.616236	5.14489	5.12353
-0.75148	0.613608	5.1439	5.12419
-0.747209	0.613937	5.1439	5.1278
-0.747866	0.614594	5.14456	5.12682
-0.746223	0.61098	5.14555	5.12452
-0.741952	0.611308	5.14752	5.1232
-0.749509	0.609994	5.14785	5.12386
-0.750495	0.60638	5.14555	5.12255
-0.749837	0.608351	5.14259	5.12189
-0.747209	0.607366	5.14226	5.1209
-0.737353	0.616565	5.14095	5.12222
-0.734725	0.614594	5.14062	5.12616
-0.738667	0.616565	5.14357	5.12846
-0.738339	0.617551	5.1462	5.12813
-0.738667	0.620836	5.14587	5.12616
-0.738667	0.62215	5.14456	5.12518
-0.738339	0.631678	5.1439	5.12583
-0.735053	0.632006	5.14653	5.12748
-0.736696	0.629707	5.14817	5.12682
-0.737353	0.629378	5.14752	5.1255
-0.736367	0.62905	5.14719	5.12419
-0.737024	0.627735	5.14587	5.12288
-0.735382	0.633649	5.14292	5.12419
-0.742938	0.633649	5.14193	5.12518
-0.74918	0.636606	5.14423	5.12485
-0.75148	0.635949	5.14587	5.12288
-0.754437	0.634963	5.14555	5.12222
-0.762979	0.634306	5.14489	5.12353
-0.763965	0.633649	5.1439	5.12616
-0.768893	0.629378	5.14357	5.12748
-0.76495	0.631678	5.14259	5.12715
-0.763965	0.630364	5.14193	5.12583
-0.766922	0.631349	5.14325	5.12485
-0.778092	0.62905	5.1439	5.12419
-0.782363	0.630364	5.14489	5.12386
-0.782692	0.630035	5.14456	5.12485
-0.789919	0.625764	5.14456	5.12452
-0.797147	0.623464	5.14522	5.12419
-0.800761	0.616565	5.14555	5.1232
-0.802733	0.619193	5.14686	5.12386
-0.797147	0.620179	5.1462	5.12518
-0.795505	0.616236	5.14423	5.12419
-0.794848	0.611965	5.14226	5.12353
-0.797804	0.604738	5.1416	5.12583
-0.793862	0.604409	5.14423	5.12616
-0.790248	0.607366	5.14555	5.12485
-0.783677	0.60868	5.14653	5.1232
-0.781706	0.605723	5.14587	5.12419
-0.775135	0.605723	5.14456	5.12518
-0.774478	0.599809	5.14259	5.12616
-0.777106	0.598495	5.14292	5.12813
-0.777106	0.595538	5.1439	5.12846
-0.770207	0.591596	5.14489	5.12748
-0.764293	0.596195	5.14522	5.12452
-0.762651	0.599152	5.1416	5.12419
-0.761008	0.59291	5.14062	5.12682
-0.759365	0.600138	5.13996	5.12748
-0.757065	0.599481	5.14062	5.12682
-0.755751	0.599481	5.14193	5.12518
-0.75378	0.601781	5.14456	5.12583
-0.753123	0.599481	5.14587	5.12715
-0.744252	0.606709	5.14522	5.12682
-0.737681	0.611308	5.14325	5.12583
-0.730782	0.609009	5.14325	5.12583
-0.729139	0.616565	5.14423	5.12583
-0.725854	0.614922	5.14522	5.12419
-0.718298	0.613937	5.14489	5.12255
-0.714026	0.625764	5.14292	5.12222
-0.708113	0.631349	5.14226	5.12189
-0.702528	0.64252	5.14062	5.12386
-0.701213	0.650405	5.13963	5.12616
-0.699242	0.652705	5.14259	5.12813
-0.695957	0.650076	5.1439	5.1278
-0.693	0.655333	5.14555	5.12583
-0.694314	0.651062	5.14686	5.1232
-0.6907	0.649419	5.14719	5.12353
-0.6907	0.654019	5.14456	5.12518
-0.692343	0.651062	5.14226	5.12518
-0.699899	0.650733	5.14325	5.12583
-0.705813	0.649748	5.14555	5.12682
-0.710741	0.649748	5.14587	5.12583
-0.71107	0.65139	5.14587	5.12419
-0.713041	0.654676	5.14456	5.12386
-0.718298	0.649091	5.14292	5.12518
-0.722569	0.65369	5.14226	5.12715
-0.71994	0.65139	5.14292	5.12813
-0.729139	0.650405	5.14259	5.12682
-0.727825	0.656647	5.14193	5.12616
-0.727825	0.65369	5.14226	5.12518
-0.734396	0.651719	5.14292	5.12419
-0.74031	0.645477	5.14357	5.12452
-0.746881	0.642848	5.14489	5.12518
-0.748195	0.637263	5.14653	5.12583
-0.745238	0.63562	5.14587	5.12682
-0.746881	0.635292	5.14423	5.1278
-0.748852	0.632664	5.14357	5.12715
-0.748523	0.62905	5.14357	5.12583
-0.753451	0.628064	5.14292	5.12452
-0.759694	0.623136	5.14193	5.12485
-0.75838	0.629378	5.14226	5.12485
-0.760351	0.62675	5.14456	5.12419
-0.760679	0.62675	5.14686	5.1232
-0.762322	0.629378	5.14522	5.12353
-0.768564	0.632664	5.14259	5.12485
-0.769221	0.634963	5.14259	5.12583
-0.772507	0.629378	5.14292	5.12682
-0.778421	0.627407	5.14259	5.12682
-0.78762	0.621493	5.14259	5.12583
-0.786963	0.624121	5.1439	5.12649
-0.791891	0.618208	5.14259	5.12616
-0.788934	0.617551	5.1416	5.12583
-0.784334	0.613937	5.14095	5.12452
-0.781377	0.611965	5.1416	5.12419
-0.786305	0.603095	5.14292	5.12485
-0.790577	0.59521	5.14423	5.12485
-0.788277	0.591267	5.14555	5.12452
-0.795833	0.577797	5.1439	5.1255
-0.790905	0.573855	5.14127	5.12649
-0.791234	0.573526	5.14029	5.1278
-0.787948	0.567941	5.14325	5.12748
-0.794519	0.561042	5.14423	5.12583
-0.788605	0.560384	5.14292	5.1232
-0.791234	0.560056	5.14226	5.12255
-0.800433	0.55907	5.1416	5.12255
-0.808975	0.553485	5.14127	5.12419
-0.807004	0.550528	5.1416	5.1255
-0.810946	0.546257	5.14325	5.12649
-0.807661	0.547571	5.14555	5.12583
-0.808318	0.542972	5.14555	5.12616
-0.804375	0.543629	5.14555	5.12616
-0.804704	0.543629	5.14357	5.12616
-0.806018	0.541329	5.14259	5.12583
-0.807004	0.540015	5.14193	5.12518
-0.80339	0.536401	5.14259	5.12518
-0.807004	0.536072	5.14423	5.12255
-0.805689	0.533115	5.14489	5.12255
-0.808318	0.536072	5.14292	5.12353
-0.814889	0.538044	5.14095	5.12583
-0.817517	0.541986	5.1416	5.12715
-0.812917	0.544286	5.14292	5.12583
-0.822774	0.537387	5.14522	5.12518
-0.830659	0.533444	5.14456	5.12518
-0.836244	0.531473	5.14456	5.12419
-0.8415	0.529173	5.14456	5.12386
-0.844457	0.531144	5.14686	5.12452
-0.8438	0.533115	5.14817	5.12649
-0.840186	0.531801	5.14916	5.12879
-0.844129	0.531801	5.14949	5.1278
-0.842157	0.532458	5.14752	5.12616
-0.840843	0.541986	5.14587	5.12616
-0.839858	0.5502	5.1462	5.12583
-0.840515	0.558085	5.14555	5.12682
-0.840186	0.560384	5.14423	5.12649
-0.844457	0.552828	5.14193	5.12386
-0.840186	0.556113	5.14292	5.12419
-0.837229	0.563013	5.14522	5.12616
-0.837886	0.567941	5.14522	5.1255
-0.829673	0.569255	5.1439	5.1255
-0.828687	0.566298	5.14292	5.1255
-0.829016	0.570241	5.14423	5.12485
-0.827702	0.573198	5.14489	5.12452
-0.815217	0.58174	5.14456	5.12386
-0.815874	0.582068	5.14423	5.1232
-0.810618	0.581411	5.14325	5.12518
-0.802404	0.58174	5.14127	5.12813
-0.80109	0.583054	5.13963	5.12879
-0.790577	0.590282	5.13996	5.12813
-0.789262	0.587653	5.14292	5.12616
-0.787291	0.583054	5.14456	5.12419
-0.788277	0.578126	5.14259	5.12386
-0.788605	0.576812	5.14193	5.12255
-0.784006	0.579111	5.14357	5.12255
-0.782692	0.582397	5.14423	5.12485
-0.778421	0.578454	5.14522	5.12616
-0.777435	0.578126	5.14522	5.12715
-0.772178	0.584368	5.14587	5.1278
-0.768893	0.589953	5.14653	5.12813
-0.770207	0.59061	5.1462	5.12682
-0.767579	0.595538	5.14555	5.12682
-0.766922	0.593567	5.14325	5.12616
-0.762979	0.602438	5.1439	5.12616
-0.757722	0.606709	5.14555	5.12715
-0.749509	0.610323	5.1462	5.12846
-0.746881	0.614265	5.14587	5.12945
-0.745238	0.619193	5.14456	5.12879
-0.744581	0.620836	5.14522	5.12715
-0.744252	0.618208	5.1439	5.12583
-0.746881	0.62675	5.14325	5.12518
-0.74261	0.628064	5.14325	5.12485
-0.742281	0.625764	5.14456	5.1255
-0.743267	0.626093	5.14456	5.12583
-0.741624	0.624779	5.14226	5.12715
-0.745238	0.624779	5.14193	5.12748
-0.748195	0.625764	5.14226	5.12682
-0.757394	0.626093	5.14226	5.1255
-0.761665	0.628721	5.14259	5.12583
-0.765279	0.625107	5.14456	5.12682
-0.760022	0.631021	5.14522	5.12715
-0.753123	0.636606	5.14456	5.12583
-0.752466	0.637592	5.14489	5.12485
-0.749837	0.636935	5.14357	5.12386
-0.748852	0.644162	5.14489	5.12452
-0.75378	0.647448	5.14522	5.12518
-0.752466	0.647119	5.14587	5.12518
-0.753451	0.64482	5.14555	5.12485
-0.750495	0.652047	5.14456	5.12583
-0.747209	0.652376	5.14456	5.12583
-0.745566	0.657961	5.14522	5.12715
-0.75378	0.649419	5.14653	5.12583
-0.750495	0.647776	5.14752	5.12649
-0.750166	0.651719	5.14587	5.12616
-0.752137	0.655333	5.14325	5.12583
-0.748523	0.664204	5.1416	5.12649
-0.746552	0.666832	5.1416	5.12715
-0.736696	0.670117	5.14357	5.12583
-0.727497	0.667817	5.14325	5.12353
-0.724868	0.667489	5.14423	5.12288
-0.719612	0.662232	5.1462	5.12189
-0.721911	0.668803	5.14653	5.1232
-0.715669	0.664861	5.14456	5.12616
-0.707784	0.671103	5.14357	5.12682
-0.70647	0.66946	5.14423	5.12583
-0.704499	0.674388	5.14653	5.1232
-0.706799	0.672089	5.14752	5.12123
-0.70877	0.67176	5.14686	5.12222
-0.714684	0.673074	5.14587	5.12419
-0.715341	0.670774	5.14325	5.12583
-0.715669	0.673403	5.14127	5.12485
-0.720597	0.669132	5.13996	5.12386
-0.72224	0.667489	5.14029	5.12222
-0.721911	0.667489	5.14325	5.12156
-0.722569	0.669789	5.14456	5.1232
-0.722897	0.666832	5.1439	5.12353
-0.723554	0.664204	5.14357	5.12518
-0.722569	0.664532	5.14325	5.12485
-0.718626	0.663875	5.14226	5.12452
-0.707127	0.663875	5.14193	5.12616
-0.708441	0.66059	5.1416	5.12616
-0.706142	0.662561	5.14193	5.12419
-0.712384	0.67176	5.14292	5.12452
-0.719612	0.664861	5.14226	5.12649
-0.721583	0.663218	5.1416	5.12813
-0.722897	0.662889	5.14127	5.1278
-0.726511	0.657961	5.14029	5.12682
-0.727168	0.652376	5.1416	5.1255
-0.73341	0.64482	5.14259	5.12583
-0.743595	0.637592	5.14357	5.12616
-0.752794	0.633978	5.14423	5.12715
-0.753123	0.638249	5.14489	5.12912
-0.75838	0.638249	5.14587	5.12879
-0.755423	0.636606	5.14522	5.12583
-0.758051	0.629378	5.14555	5.12485
-0.766922	0.62905	5.14522	5.12485
-0.77185	0.633978	5.14095	5.12715
-0.785648	0.630692	5.14062	5.12813
-0.797476	0.622807	5.14325	5.12518
-0.806018	0.614594	5.14456	5.12255
-0.807989	0.613937	5.14653	5.12156
-0.813574	0.612623	5.14522	5.1232
-0.817517	0.605066	5.14357	5.12583
-0.822774	0.602438	5.14193	5.12682
-0.823431	0.603095	5.14127	5.12518
-0.829673	0.601781	5.14095	5.12419
-0.831644	0.59751	5.14127	5.12518
-0.838215	0.589953	5.14325	5.12452
-0.836244	0.594881	5.14423	5.12386
-0.837229	0.591924	5.14259	5.12353
-0.838543	0.589296	5.13963	5.1232
-0.831316	0.587325	5.14029	5.12419
-0.822445	0.593239	5.14259	5.12583
-0.81916	0.588639	5.14555	5.12715
-0.819817	0.586668	5.14686	5.12452
-0.814889	0.591596	5.1462	5.12419
-0.817517	0.586011	5.1439	5.12616
-0.820145	0.580754	5.14357	5.12748
-0.81226	0.58174	5.14522	5.1278
-0.812589	0.585354	5.14719	5.12682
-0.811603	0.582397	5.1462	5.12583
-0.809303	0.575826	5.14357	5.12353
-0.811932	0.573526	5.1416	5.12156
-0.807661	0.575497	5.14127	5.12288
-0.808646	0.573198	5.14193	5.12583
-0.813574	0.566298	5.14259	5.12715
-0.804704	0.569584	5.14357	5.12452
-0.796819	0.576812	5.14357	5.12123
-0.798461	0.575169	5.14292	5.1209
-0.791234	0.57714	5.1416	5.12189
-0.786634	0.576154	5.14292	5.12386
-0.790905	0.576812	5.14292	5.12518
-0.787291	0.579111	5.14357	5.1255
-0.792548	0.573526	5.14423	5.12485
-0.787291	0.577469	5.14423	5.12353
-0.789591	0.578126	5.1416	5.12386
-0.790248	0.57714	5.13963	5.12616
-0.78532	0.575169	5.14095	5.12649
-0.786634	0.569912	5.14226	5.12682
-0.786963	0.577797	5.14456	5.12649
-0.78302	0.581083	5.14653	5.12649
-0.791891	0.582068	5.14719	5.12715
-0.793205	0.582068	5.14522	5.12649
-0.798461	0.57944	5.14522	5.12518
-0.800761	0.58174	5.14555	5.12518
-0.801747	0.582725	5.14292	5.1255
-0.805689	0.57944	5.14325	5.12419
-0.806018	0.587325	5.14489	5.12452
-0.810289	0.593896	5.14719	5.12288
-0.810946	0.596524	5.14817	5.12255
-0.810946	0.595538	5.14653	5.12518
-0.809303	0.592581	5.14555	5.12813
-0.813903	0.594553	5.14357	5.12945
-0.813903	0.59061	5.14456	5.12945
-0.80996	0.599481	5.14325	5.1278
-0.813246	0.598167	5.1439	5.12748
-0.811275	0.601781	5.14522	5.12813
-0.808646	0.60408	5.14489	5.12649
-0.808318	0.60638	5.14357	5.12518
-0.800433	0.611308	5.14522	5.12616
-0.789919	0.614922	5.1462	5.12715
-0.78762	0.625436	5.1462	5.12748
-0.780392	0.629707	5.14587	5.12682
-0.778749	0.626421	5.14522	5.12583
-0.777106	0.627735	5.14489	5.12682
-0.772835	0.620836	5.14587	5.12748
-0.770864	0.626093	5.1439	5.12649
-0.769878	0.621493	5.1416	5.12682
-0.768893	0.625107	5.14292	5.12682
-0.761993	0.633649	5.14292	5.12649
-0.754108	0.631678	5.14325	5.12748
-0.752794	0.62905	5.14292	5.1278
-0.759037	0.621165	5.14292	5.12715
-0.754437	0.616565	5.14357	5.12715
-0.757394	0.614265	5.14259	5.12813
-0.75608	0.612623	5.14259	5.12846
-0.755751	0.603423	5.1439	5.12879
-0.754437	0.589296	5.14193	5.12977
-0.760022	0.583711	5.14029	5.12715
-0.760022	0.578454	5.14127	5.12452
-0.755094	0.590282	5.14325	5.12419
-0.755094	0.585354	5.14423	5.12419
-0.754437	0.583054	5.14555	5.12616
-0.752466	0.581411	5.14555	5.12682
-0.74918	0.586668	5.1439	5.12715
-0.747538	0.589625	5.14095	5.1278
-0.750823	0.598167	5.13963	5.1278
-0.757722	0.597838	5.1416	5.12649
-0.758051	0.600138	5.14325	5.12682
-0.761008	0.603752	5.14752	5.12649
-0.75378	0.604738	5.14916	5.1255
-0.753451	0.608351	5.14555	5.12583
-0.753451	0.607366	5.14325	5.12616
-0.758051	0.601452	5.1416	5.12715
-0.761336	0.605395	5.14226	5.12649
-0.761008	0.607694	5.14423	5.12518
-0.763965	0.603095	5.14292	5.12419
-0.761993	0.598167	5.14292	5.12583
-0.767579	0.601452	5.14292	5.12813
-0.774149	0.602438	5.14292	5.12846
-0.771521	0.609009	5.14522	5.12682
-0.769878	0.606709	5.14522	5.12518
-0.773821	0.604409	5.1439	5.1255
-0.773492	0.603752	5.14357	5.12485
-0.777435	0.601781	5.14292	5.12288
-0.780392	0.598824	5.14456	5.12353
-0.787291	0.596524	5.14587	5.12386
-0.793205	0.591596	5.14686	5.12452
-0.789919	0.585682	5.14686	5.1255
-0.784006	0.585682	5.1462	5.12649
-0.791891	0.574512	5.1462	5.12518
-0.80109	0.563013	5.14456	5.12649
-0.806346	0.560713	5.14325	5.12748
-0.815874	0.549871	5.14292	5.12748
-0.815874	0.552828	5.1439	5.12748
-0.816531	0.552499	5.14357	5.12748
-0.824088	0.552499	5.1439	5.12649
-0.818174	0.552499	5.14489	5.12649
-0.818502	0.55677	5.14489	5.12616
-0.818502	0.562684	5.14292	5.12419
-0.818831	0.563341	5.14325	5.12419
-0.818831	0.563341	5.14555	5.12583
-0.81686	0.56137	5.14456	5.12682
-0.807332	0.566627	5.1416	5.12518
-0.810618	0.571226	5.1393	5.12649
-0.81456	0.565313	5.14127	5.12715
-0.814889	0.55677	5.14127	5.12912
-0.819488	0.549543	5.14259	5.12879
-0.821788	0.5502	5.14423	5.12682
-0.820474	0.548885	5.14653	5.12616
-0.816531	0.551514	5.14653	5.12616
-0.815546	0.554142	5.14587	5.12616
-0.826059	0.548228	5.1439	5.12649
-0.827373	0.544943	5.14292	5.12518
-0.828687	0.544286	5.14325	5.12419
-0.827702	0.5433	5.1439	5.12583
-0.835915	0.53443	5.14587	5.12682
-0.839529	0.530816	5.14653	5.12748
-0.837886	0.530816	5.14489	5.12682
-0.835587	0.53213	5.14325	5.1255
-0.830659	0.531144	5.14193	5.12616
-0.82803	0.530159	5.14193	5.1278
-0.825073	0.528187	5.14292	5.12748
-0.821459	0.530159	5.14357	5.12649
-0.822116	0.531473	5.14259	5.12583
-0.824088	0.533773	5.14095	5.1255
-0.823102	0.52753	5.14193	5.12452
-0.819817	0.532458	5.1439	5.12485
-0.811603	0.537715	5.14456	5.12386
-0.808646	0.542315	5.14357	5.12386
-0.814231	0.539358	5.14325	5.1255
-0.811932	0.543629	5.1439	5.12452
-0.810618	0.542972	5.14522	5.1232
-0.803718	0.549543	5.14555	5.12353
-0.794848	0.564984	5.14522	5.12353
-0.791891	0.566627	5.14653	5.12386
-0.785648	0.570898	5.14686	5.12485
-0.782034	0.572212	5.1462	5.12616
-0.779735	0.577469	5.14653	5.12682
-0.780392	0.575826	5.14653	5.12748
-0.777763	0.581411	5.14489	5.12748
-0.773821	0.580754	5.14456	5.12682
-0.775464	0.580754	5.14587	5.12583
-0.770536	0.576483	5.14686	5.12518
-0.775135	0.580754	5.14686	5.12419
-0.774149	0.583711	5.14555	5.1255
-0.77185	0.593567	5.14522	5.12748
-0.76725	0.594224	5.14193	5.12846
-0.761993	0.598167	5.14062	5.12715
-0.766264	0.600138	5.14292	5.12419
-0.763308	0.603752	5.14555	5.12189
-0.764293	0.603752	5.14785	5.12189
-0.758051	0.615908	5.14752	5.12518
-0.751152	0.624121	5.14587	5.12945
-0.747209	0.627735	5.14423	5.13142
-0.746223	0.628392	5.14423	5.13109
-0.743267	0.633649	5.1462	5.12846
-0.731768	0.63562	5.14883	5.1255
-0.738339	0.627735	5.14785	5.12353
-0.739653	0.622479	5.14587	5.12485
-0.739981	0.616236	5.14357	5.1255
-0.739653	0.622479	5.14193	5.12682
-0.737024	0.628721	5.14226	5.12813
-0.73341	0.628392	5.14456	5.12748
-0.728811	0.632006	5.1462	5.12616
-0.728154	0.63562	5.14489	5.12616
-0.725854	0.632006	5.14357	5.12649
-0.728811	0.638249	5.14456	5.12748
-0.732753	0.638577	5.14686	5.1278
-0.723554	0.641863	5.14752	5.12616
-0.719612	0.644491	5.14555	5.12485
-0.714026	0.641534	5.14456	5.12353
-0.71107	0.637263	5.1439	5.12189
-0.706142	0.636935	5.1439	5.12156
-0.71107	0.639234	5.14357	5.12419
-0.713698	0.641863	5.14226	5.12583
-0.710084	0.639563	5.14259	5.12715
-0.712055	0.639891	5.14456	5.12649
-0.70417	0.63792	5.14555	5.12616
-0.705813	0.634635	5.14489	5.12682
-0.703185	0.636606	5.14456	5.12846
-0.709755	0.634635	5.14325	5.1278
-0.712384	0.632664	5.14193	5.12813
-0.71107	0.634963	5.14259	5.12715
-0.719612	0.636606	5.14259	5.12485
-0.718626	0.637592	5.14127	5.12386
-0.721583	0.64252	5.14226	5.12386
-0.719612	0.641206	5.14292	5.1232
-0.718626	0.638249	5.1439	5.12419
-0.714355	0.639234	5.14456	5.12353
-0.710084	0.633321	5.14522	5.1232
-0.708441	0.638577	5.14456	5.12353
-0.707784	0.645477	5.14325	5.12386
-0.70647	0.648762	5.14423	5.12386
-0.704827	0.642191	5.14555	5.12583
-0.698585	0.64252	5.14456	5.12583
-0.699899	0.641863	5.14489	5.1255
-0.697928	0.642191	5.14522	5.12518
-0.70417	0.63792	5.14522	5.12419
-0.714355	0.631021	5.14555	5.12288
-0.716655	0.633321	5.14292	5.12419
-0.724211	0.633321	5.14292	5.12452
-0.72454	0.634306	5.14357	5.1255
-0.721583	0.632335	5.14456	5.12649
-0.730125	0.633978	5.1439	5.12649
-0.734725	0.633978	5.14456	5.12583
-0.734725	0.629707	5.14292	5.12682
-0.744909	0.631678	5.14095	5.1278
-0.748195	0.633649	5.1393	5.12879
-0.756737	0.628721	5.14193	5.12715
-0.75378	0.628721	5.14522	5.12419
-0.757722	0.630692	5.14555	5.12419
-0.758051	0.630364	5.14456	5.12452
-0.760022	0.630692	5.1439	5.12485
-0.755423	0.630035	5.14456	5.12649
-0.753123	0.626093	5.1439	5.12748
-0.755423	0.62445	5.14325	5.12748
-0.753123	0.627407	5.1439	5.12748
-0.75148	0.628064	5.14325	5.12682
-0.754437	0.620836	5.14193	5.12715
-0.747866	0.62215	5.1416	5.12879
-0.747866	0.620836	5.14193	5.12813
-0.749509	0.622479	5.14193	5.12748
-0.747209	0.625436	5.14259	5.12912
-0.748852	0.633649	5.14489	5.12912
-0.746552	0.632006	5.14555	5.12912
-0.74031	0.634963	5.14587	5.12879
-0.74031	0.633649	5.14752	5.12846
-0.739653	0.638577	5.14719	5.12682
-0.74261	0.632335	5.14555	5.12682
-0.738996	0.632992	5.14489	5.12715
-0.735053	0.639234	5.14522	5.12715
-0.74031	0.633978	5.14456	5.12813
-0.737024	0.62905	5.1439	5.12977
-0.739653	0.631678	5.1416	5.12813
-0.742281	0.633978	5.1393	5.12649
-0.740967	0.629707	5.13865	5.12419
-0.744909	0.620508	5.1416	5.12583
-0.744581	0.614265	5.1439	5.12616
-0.744581	0.618865	5.14522	5.12682
-0.734725	0.622479	5.14522	5.1278
-0.732425	0.617551	5.14456	5.12977
-0.72684	0.628392	5.1439	5.1301
-0.72684	0.625436	5.14325	5.12945
-0.724211	0.625107	5.14259	5.1278
-0.718955	0.623464	5.1439	5.12649
-0.722897	0.629707	5.14423	5.12583
-0.717969	0.626093	5.14357	5.12649
-0.715998	0.627735	5.1416	5.12649
-0.724868	0.627407	5.14292	5.12649
-0.727168	0.632992	5.14423	5.12715
-0.733082	0.625107	5.1439	5.12649
-0.735382	0.624779	5.1416	5.12452
-0.735053	0.62215	5.14029	5.12419
-0.738667	0.617222	5.1416	5.12485
-0.740967	0.617551	5.14357	5.12715
-0.744909	0.605395	5.14456	5.12715
-0.746552	0.605066	5.14292	5.12616
-0.751152	0.607037	5.14193	5.12682
-0.74918	0.606052	5.14292	5.12583
-0.750823	0.607366	5.1439	5.12485
-0.75378	0.608023	5.14522	5.12616
-0.745895	0.607694	5.1439	5.12682
-0.748523	0.60638	5.14226	5.12682
-0.74261	0.60638	5.14357	5.12649
-0.742281	0.602438	5.14522	5.12583
-0.739653	0.609666	5.14719	5.12616
-0.74031	0.611637	5.14752	5.12682
-0.744252	0.607694	5.14489	5.12682
-0.752794	0.611965	5.14423	5.12452
-0.755751	0.604409	5.14522	5.12419
-0.748852	0.601124	5.14522	5.12452
-0.75148	0.597838	5.14653	5.12485
-0.751152	0.597181	5.14817	5.12485
-0.750166	0.598824	5.14752	5.1255
-0.749509	0.599809	5.14423	5.12879
-0.750823	0.603423	5.14193	5.12912
-0.750495	0.60638	5.14127	5.1278
-0.745566	0.604738	5.14127	5.12682
-0.741295	0.605066	5.14062	5.12583
-0.737353	0.607694	5.14193	5.12518
-0.737353	0.606709	5.14522	5.12583
-0.733082	0.607366	5.14555	5.12518
-0.722897	0.609337	5.14423	5.12518
-0.724211	0.612294	5.14325	5.12649
-0.721583	0.611308	5.14193	5.12518
-0.715998	0.612294	5.14325	5.12288
-0.714026	0.614594	5.14587	5.12156
-0.713041	0.618536	5.14653	5.12222
-0.708441	0.620179	5.14423	5.12518
-0.708441	0.620508	5.14325	5.12912
-0.710413	0.616565	5.1439	5.12912
-0.704499	0.621822	5.14325	5.12616
-0.703842	0.619193	5.14292	5.12386
-0.699899	0.621822	5.14423	5.12485
-0.6953	0.630364	5.14423	5.12649
-0.695957	0.631021	5.14423	5.12813
-0.698585	0.62215	5.1439	5.12846
-0.693657	0.628392	5.14489	5.12846
-0.692343	0.633978	5.14653	5.12682
-0.693	0.634963	5.14653	5.12452
-0.6907	0.640549	5.14357	5.12452
-0.690043	0.64022	5.14095	5.12583
-0.684129	0.653362	5.1416	5.12649
-0.678873	0.657304	5.14423	5.12682
-0.670002	0.658618	5.14456	5.12682
-0.670659	0.660918	5.14587	5.1255
-0.66376	0.658618	5.1462	5.12452
-0.656203	0.666175	5.14587	5.12452
-0.649961	0.666503	5.14456	5.12682
-0.654561	0.668146	5.14522	5.12715
-0.651604	0.673403	5.14555	5.12813
-0.64569	0.669789	5.14489	5.12813
-0.642405	0.662561	5.1439	5.12583
-0.64339	0.669132	5.14292	5.12386
-0.639119	0.676688	5.14127	5.1232
-0.642076	0.673074	5.14029	5.12452
-0.645033	0.670446	5.13996	5.12616
-0.638791	0.671431	5.14127	5.12452
-0.643719	0.673074	5.1439	5.12353
-0.653903	0.672746	5.14587	5.12123
-0.654232	0.678988	5.1439	5.1209
-0.655546	0.678331	5.14193	5.12452
-0.659489	0.675045	5.14062	5.12912
-0.654889	0.67176	5.14029	5.12912
-0.655218	0.668803	5.14062	5.12748
-0.657189	0.666175	5.1416	5.12682
-0.669016	0.661575	5.14259	5.12583
-0.670659	0.66059	5.14292	5.12583
-0.667702	0.660261	5.14193	5.12649
-0.661131	0.661247	5.14095	5.12748
-0.664745	0.664861	5.14095	5.12912
-0.666388	0.663218	5.14226	5.1278
-0.664745	0.663546	5.14555	5.12452
-0.660146	0.662232	5.14587	5.12386
-0.658503	0.659932	5.14325	5.12583
-0.667045	0.651062	5.1416	5.12649
-0.66606	0.650733	5.14325	5.12682
-0.659489	0.652376	5.14555	5.12583
-0.664088	0.652705	5.1462	5.12419
-0.664417	0.651719	5.14456	5.12419
-0.670659	0.652047	5.14325	5.12518
-0.67723	0.647119	5.14226	5.12616
-0.680187	0.647119	5.14325	5.12813
-0.678544	0.644162	5.14456	5.12879
-0.67953	0.639234	5.14423	5.12616
-0.680187	0.640549	5.14423	5.12353
-0.685772	0.638577	5.14522	5.12353
-0.685443	0.633321	5.14489	5.12255
-0.680187	0.631349	5.14292	5.12419
-0.685772	0.632006	5.14292	5.12419
-0.682815	0.63562	5.14259	5.12419
-0.684129	0.634306	5.14325	5.12518
-0.690372	0.63792	5.14587	5.12616
-0.685772	0.639563	5.14653	5.12682
-0.6907	0.63792	5.14522	5.12846
-0.693	0.633649	5.14259	5.12813
-0.702199	0.631678	5.13996	5.12846
-0.707784	0.628064	5.13996	5.12879
-0.713698	0.625436	5.1439	5.12583
-0.716655	0.619193	5.1462	5.1232
-0.715669	0.615251	5.14555	5.12353
-0.717969	0.613937	5.1439	5.1232
-0.719283	0.612294	5.14193	5.12452
-0.721254	0.61985	5.14095	5.12583
-0.725525	0.620836	5.14226	5.12748
-0.725854	0.616894	5.14292	5.12846
-0.727497	0.614922	5.14423	5.1278
-0.731111	0.604409	5.14357	5.12583
-0.734396	0.596195	5.14325	5.12518
-0.738996	0.596524	5.14226	5.12682
-0.743595	0.598495	5.14193	5.12846
-0.744581	0.598495	5.14292	5.12945
-0.742281	0.598824	5.14489	5.12912
-0.738996	0.595867	5.14555	5.12682
-0.734725	0.591267	5.14587	5.12583
-0.734067	0.593239	5.14522	5.12649
-0.736367	0.591924	5.14325	5.12518
-0.733739	0.595538	5.14226	5.1255
-0.739981	0.592581	5.14226	5.1255
-0.745238	0.591596	5.14357	5.12419
-0.744581	0.593896	5.14456	5.12353
-0.752137	0.59751	5.14522	5.12353
-0.759365	0.599481	5.14259	5.12419
-0.762979	0.597181	5.14127	5.12715
-0.766264	0.59521	5.14193	5.12748
-0.765936	0.596853	5.14357	5.12748
-0.777763	0.594224	5.14423	5.12715
-0.781377	0.596195	5.14587	5.12649
-0.782034	0.594881	5.14456	5.12616
-0.788934	0.597181	5.14292	5.12649
-0.789919	0.593896	5.14029	5.12518
-0.792876	0.594881	5.14029	5.12452
-0.789919	0.596524	5.14127	5.12452
-0.783349	0.602766	5.14357	5.12485
-0.777435	0.605066	5.14522	5.12386
-0.778421	0.605395	5.14489	5.1232
-0.776121	0.60638	5.14292	5.12386
-0.772178	0.61098	5.14029	5.12616
-0.778092	0.614265	5.13963	5.12879
-0.772178	0.618208	5.14292	5.12879
-0.770864	0.61328	5.14456	5.1278
-0.763308	0.612951	5.1439	5.12715
-0.751809	0.615579	5.14325	5.12419
-0.748523	0.622807	5.1439	5.12288
-0.741952	0.62445	5.14423	5.1232
-0.746552	0.620836	5.1439	5.12452
-0.747209	0.615908	5.1439	5.12583
-0.749509	0.616236	5.14292	5.12649
-0.752466	0.615251	5.14095	5.12583
-0.750823	0.615251	5.1393	5.12419
-0.752466	0.610651	5.13897	5.12386
-0.752137	0.613937	5.13996	5.12419
-0.756737	0.615251	5.14127	5.12682
-0.753451	0.615579	5.14127	5.12485
-0.761008	0.609666	5.14193	5.12156
-0.75838	0.608351	5.14423	5.12156
-0.757722	0.603423	5.1462	5.12353
-0.745566	0.600795	5.14456	5.1255
-0.739324	0.603095	5.14325	5.12846
-0.735382	0.604738	5.14489	5.12977
-0.728811	0.609666	5.14719	5.12649
-0.718298	0.614922	5.14686	5.12353
-0.711727	0.611965	5.14423	5.12419
-0.705813	0.606052	5.14259	5.12583
-0.70417	0.600795	5.14292	5.12813
-0.703513	0.603423	5.14325	5.12813
-0.702856	0.610323	5.14522	5.12748
-0.706799	0.612951	5.1485	5.12715
-0.70187	0.624121	5.14785	5.12616
-0.709427	0.625107	5.14555	5.12485
-0.708441	0.627078	5.14325	5.12616
-0.712384	0.626421	5.14062	5.12879
-0.714026	0.630692	5.14095	5.12912
-0.719612	0.631678	5.1439	5.12813
-0.725525	0.629378	5.1462	5.12616
-0.734725	0.628064	5.14555	5.12583
-0.734725	0.627078	5.14423	5.12616
-0.734067	0.630035	5.14292	5.12715
-0.734725	0.633978	5.14226	5.12715
-0.726182	0.639234	5.14357	5.12682
-0.725525	0.643834	5.14522	5.12649
-0.723226	0.644162	5.14653	5.12419
-0.721254	0.644162	5.14555	5.12485
-0.726511	0.64022	5.1439	5.1255
-0.73341	0.642848	5.14587	5.12649
-0.734725	0.645477	5.14719	5.12682
-0.729796	0.645148	5.14489	5.12682
-0.730454	0.649748	5.14357	5.12715
-0.735382	0.648105	5.14456	5.1255
-0.729468	0.657961	5.14555	5.12255
-0.73341	0.659932	5.14653	5.12123
-0.73341	0.663546	5.14522	5.12156
-0.734396	0.659604	5.14423	5.12419
-0.729468	0.662232	5.14456	5.12682
-0.72454	0.664532	5.1439	5.12649
-0.721911	0.65829	5.1439	5.12386
-0.715669	0.659275	5.14489	5.12353
-0.710741	0.66059	5.14522	5.12419
-0.711727	0.663875	5.14423	5.12682
-0.70877	0.663875	5.14325	5.12846
-0.705156	0.668146	5.14587	5.12945
-0.70877	0.672746	5.14587	5.12748
-0.707127	0.67406	5.14489	5.12616
-0.70647	0.682273	5.14456	5.12485
-0.703842	0.685559	5.14522	5.12485
-0.700556	0.680959	5.14653	5.12649
-0.694314	0.679974	5.14719	5.12813
-0.695628	0.67636	5.14719	5.12813
-0.693328	0.677345	5.14522	5.12616
-0.686429	0.674388	5.14423	5.12386
-0.682815	0.676031	5.14259	5.12386
-0.680187	0.673074	5.1416	5.12518
-0.678873	0.669132	5.1416	5.12616
-0.670988	0.669132	5.14292	5.12813
-0.671645	0.670117	5.14357	5.12912
-0.676244	0.673731	5.14357	5.12813
-0.670659	0.686544	5.14357	5.12682
-0.666717	0.688187	5.14259	5.12649
-0.670659	0.68523	5.14095	5.12715
-0.67493	0.682273	5.13996	5.1278
-0.67723	0.681945	5.14127	5.12682
-0.675259	0.677017	5.14325	5.12419
-0.677558	0.674388	5.14423	5.12419
-0.681172	0.674388	5.14522	5.12485
-0.677558	0.675045	5.14357	5.12288
-0.678873	0.67176	5.14357	5.1232
-0.680844	0.666832	5.14423	5.12583
-0.689714	0.661575	5.14489	5.12649
-0.697271	0.662232	5.14522	5.12682
-0.702856	0.665189	5.14587	5.12748
-0.712384	0.662232	5.14653	5.12748
-0.711398	0.661904	5.14423	5.12813
-0.715341	0.660261	5.14357	5.12813
-0.716983	0.660261	5.14522	5.12649
-0.721254	0.654676	5.14653	5.12419
-0.728482	0.656319	5.14653	5.12419
-0.730454	0.662889	5.14489	5.1232
-0.737353	0.663218	5.14456	5.12255
-0.74031	0.661247	5.14489	5.12222
-0.744909	0.657633	5.1439	5.12419
-0.755094	0.659275	5.1416	5.12715
-0.756737	0.656976	5.14259	5.12616
-0.760022	0.652376	5.14489	5.12485
-0.764622	0.642848	5.14587	5.12452
-0.76955	0.636606	5.14587	5.1232
-0.775135	0.636277	5.14456	5.12419
-0.776778	0.631678	5.14325	5.12715
-0.773164	0.628721	5.14357	5.12682
-0.770864	0.633321	5.14456	5.1255
-0.769878	0.630692	5.14555	5.12485
-0.769221	0.628064	5.14555	5.12649
-0.769221	0.622807	5.14423	5.1255
-0.763965	0.620836	5.14325	5.12518
-0.759037	0.618865	5.14292	5.12583
-0.755423	0.616894	5.14456	5.12748
-0.759365	0.612294	5.14555	5.12813
-0.760022	0.61328	5.14456	5.12682
-0.757722	0.615908	5.14522	5.12583
-0.756408	0.617551	5.14423	5.12748
-0.75378	0.625764	5.14456	5.12682
-0.755423	0.624121	5.14522	5.12715
-0.755423	0.622479	5.14653	5.12879
-0.753451	0.621165	5.14719	5.12748
-0.752137	0.624779	5.14752	5.12485
-0.746552	0.626093	5.14817	5.12452
-0.749509	0.625436	5.14686	5.12452
-0.749509	0.626421	5.1462	5.12649
-0.742281	0.629707	5.14489	5.12977
-0.738339	0.637263	5.14357	5.12945
-0.736039	0.637592	5.14292	5.12813
-0.734067	0.641534	5.14226	5.12748
-0.731111	0.64482	5.14226	5.1255
-0.731111	0.645805	5.1439	5.1255
-0.731111	0.645805	5.14489	5.12748
-0.728154	0.646791	5.14555	5.12813
-0.728154	0.644491	5.14587	5.12715
-0.733739	0.643505	5.14587	5.12518
-0.732096	0.647776	5.14489	5.12353
-0.732425	0.647119	5.1439	5.12156
-0.735382	0.649748	5.14325	5.12288
-0.737681	0.644491	5.14325	5.1255
-0.739324	0.646134	5.1439	5.12715
-0.743267	0.650405	5.14522	5.12715
-0.742938	0.646791	5.14587	5.12452
-0.748523	0.651062	5.14719	5.12222
-0.745895	0.662232	5.14587	5.12222
-0.751152	0.656647	5.14423	5.12419
-0.750823	0.655661	5.14259	5.12649
-0.754766	0.650405	5.14292	5.12813
-0.759694	0.647776	5.14587	5.12813
-0.759365	0.646791	5.14555	5.12649
-0.758051	0.646134	5.14423	5.12353
-0.760679	0.649419	5.14127	5.12255
-0.76495	0.651062	5.14029	5.12485
-0.767907	0.651719	5.14095	5.12583
-0.763965	0.658947	5.14292	5.12616
-0.762322	0.660918	5.1439	5.12616
-0.76495	0.661904	5.14489	5.12649
-0.768893	0.660918	5.14522	5.12452
-0.768564	0.660261	5.14423	5.12353
-0.777106	0.658947	5.14259	5.1232
-0.774478	0.664532	5.14062	5.1255
-0.777106	0.658947	5.1416	5.12649
-0.777435	0.660261	5.14423	5.1255
-0.781049	0.653362	5.14719	5.1255
-0.780392	0.644162	5.14522	5.1255
-0.774478	0.644491	5.14357	5.12616
-0.777106	0.643177	5.14456	5.12715
-0.778749	0.643505	5.14587	5.12813
-0.779406	0.639891	5.14686	5.12846
-0.782034	0.638906	5.14719	5.12813
-0.781377	0.64482	5.14686	5.12682
-0.779078	0.647776	5.14587	5.12419
-0.778421	0.649091	5.14292	5.12255
-0.78302	0.638249	5.14029	5.12452
-0.784991	0.634306	5.13897	5.12583
-0.786305	0.632992	5.13963	5.1255
-0.78762	0.636935	5.14325	5.12583
-0.784663	0.637592	5.14686	5.1255
-0.784006	0.639563	5.14719	5.12583
-0.776449	0.63792	5.14555	5.12682
-0.774807	0.637592	5.14357	5.12912
-0.774807	0.640549	5.14259	5.1301
-0.773821	0.642191	5.14226	5.12715
-0.776121	0.641206	5.14423	5.12583
-0.775135	0.642848	5.14423	5.12682
-0.779078	0.650405	5.14193	5.12846
-0.774478	0.661575	5.14095	5.12715
-0.769221	0.661247	5.1416	5.12649
-0.768236	0.668475	5.14259	5.12583
-0.768564	0.665846	5.14423	5.1255
-0.770864	0.663546	5.14555	5.12682
-0.772835	0.668803	5.14653	5.12616
-0.769878	0.67406	5.14456	5.12452
-0.769878	0.672089	5.14325	5.12518
-0.765607	0.666503	5.1416	5.12649
-0.768564	0.661575	5.14193	5.12583
-0.760022	0.662561	5.1439	5.12452
-0.754766	0.663546	5.14653	5.12485
-0.762651	0.665518	5.14587	5.12419
-0.759365	0.662561	5.14489	5.12386
-0.754108	0.664861	5.14292	5.12419
-0.755423	0.667489	5.14259	5.12419
-0.755751	0.664861	5.1439	5.12452
-0.754766	0.664861	5.14686	5.1255
-0.75838	0.662889	5.14982	5.12583
-0.759694	0.667489	5.14785	5.12583
-0.759365	0.669132	5.14489	5.12583
-0.759694	0.670117	5.1416	5.12715
-0.758708	0.670446	5.14062	5.12682
-0.754108	0.672417	5.14193	5.12485
-0.754766	0.675702	5.14226	5.12485
-0.75838	0.67406	5.14127	5.12485
-0.762322	0.675374	5.13996	5.12518
-0.760679	0.678002	5.1416	5.12485
-0.760022	0.671431	5.14292	5.12583
-0.762651	0.671103	5.14456	5.12616
-0.763965	0.671103	5.1439	5.1255
-0.76955	0.667489	5.14423	5.12518
-0.758051	0.672746	5.14555	5.12419
-0.75838	0.67176	5.14489	5.1255
-0.75608	0.667489	5.14325	5.12715
-0.757065	0.669789	5.1416	5.12649
-0.755423	0.672746	5.14226	5.12583
-0.748852	0.670774	5.14226	5.12452
-0.745238	0.675045	5.14357	5.12419
-0.743267	0.676688	5.14522	5.12353
-0.747538	0.670774	5.14357	5.12518
-0.746881	0.66716	5.14095	5.12616
-0.747209	0.671103	5.14095	5.12715
-0.74261	0.670117	5.14193	5.12682
-0.737681	0.67406	5.14127	5.12452
-0.742281	0.675374	5.14062	5.12518
-0.740967	0.682273	5.14226	5.1255
-0.737681	0.681945	5.14095	5.12616
-0.736696	0.681288	5.14095	5.12715
-0.734067	0.678988	5.14259	5.12715
-0.733739	0.678002	5.14555	5.12649
-0.731768	0.679645	5.14785	5.12682
-0.731111	0.679316	5.14752	5.12583
-0.727168	0.680959	5.14555	5.12649
-0.727497	0.684573	5.1439	5.12583
-0.728811	0.681288	5.1416	5.12485
-0.726182	0.677017	5.14226	5.12419
-0.726511	0.681288	5.14489	5.12452
-0.726182	0.678331	5.14653	5.12419
-0.721254	0.675702	5.1462	5.12353
-0.715998	0.679974	5.14522	5.12518
-0.716983	0.678659	5.14555	5.12682
-0.715998	0.681945	5.14292	5.12813
-0.721254	0.680302	5.14062	5.12977
-0.727825	0.676031	5.14193	5.1278
-0.732753	0.677017	5.14522	5.12715
-0.734396	0.675374	5.14522	5.12649
-0.737353	0.677674	5.14522	5.12649
-0.734725	0.668803	5.1439	5.12682
-0.735382	0.66946	5.14259	5.12649
-0.744252	0.658947	5.14193	5.12748
-0.733082	0.664204	5.1439	5.12715
-0.730125	0.661247	5.14489	5.12748
-0.731111	0.656319	5.14456	5.12748
-0.729796	0.660261	5.14423	5.12748
-0.733739	0.657633	5.14423	5.12649
-0.737681	0.650405	5.14325	5.12616
-0.746881	0.644491	5.14292	5.1255
-0.74918	0.641534	5.14292	5.12452
-0.755094	0.638577	5.14325	5.12255
-0.762322	0.633978	5.14423	5.12189
-0.762979	0.636606	5.14456	5.12255
-0.763965	0.635292	5.14259	5.12419
-0.77185	0.632335	5.1416	5.12649
-0.775464	0.634635	5.14357	5.12715
-0.775135	0.634963	5.14785	5.12485
-0.774149	0.633649	5.14785	5.12255
-0.779406	0.630364	5.14423	5.12123
-0.780063	0.627078	5.14095	5.12189
-0.783677	0.626093	5.14029	5.12518
-0.788277	0.626421	5.14127	5.12682
-0.788934	0.633978	5.14325	5.12583
-0.790905	0.631021	5.14357	5.12419
-0.788934	0.626093	5.14325	5.12616
-0.792876	0.61985	5.14259	5.12715
-0.786634	0.618865	5.14259	5.12748
-0.788277	0.617222	5.14259	5.12616
-0.789262	0.617551	5.14259	5.12518
-0.787948	0.617551	5.14292	5.12386
-0.787291	0.61985	5.14489	5.12353
-0.786963	0.619522	5.14522	5.12583
-0.782363	0.622479	5.14555	5.12846
-0.775135	0.628721	5.14423	5.12977
-0.771193	0.630364	5.14357	5.12912
-0.770207	0.619522	5.1462	5.12748
-0.766922	0.623464	5.14686	5.12419
-0.762979	0.623464	5.14587	5.12255
-0.76495	0.623136	5.14357	5.12419
-0.761008	0.616565	5.14193	5.1255
-0.759365	0.621493	5.1416	5.1278
-0.759037	0.62215	5.1416	5.13043
-0.760022	0.616894	5.14325	5.13076
-0.765607	0.61985	5.14587	5.13043
-0.763965	0.625764	5.14489	5.1278
-0.766593	0.623464	5.1439	5.12649
-0.768564	0.624121	5.14357	5.12649
-0.765279	0.620836	5.14325	5.12715
-0.762651	0.623136	5.14423	5.12748
-0.770536	0.616565	5.14555	5.12485
-0.77185	0.618208	5.14522	5.12419
-0.763308	0.619193	5.14489	5.12222
-0.769221	0.610651	5.14489	5.12583
-0.765607	0.616894	5.14325	5.12748
-0.760679	0.619193	5.14259	5.1278
-0.762322	0.621493	5.1439	5.12715
-0.761336	0.622807	5.14587	5.12715
-0.754437	0.625764	5.14719	5.12649
-0.750823	0.623464	5.14686	5.12419
-0.748523	0.620836	5.14259	5.12353
-0.73801	0.620508	5.13996	5.12616
-0.736696	0.62675	5.14029	5.12813
-0.741624	0.622807	5.14095	5.12912
-0.747209	0.620179	5.14325	5.12616
-0.748195	0.615251	5.1439	5.12452
-0.749837	0.616894	5.14456	5.12255
-0.758051	0.614594	5.14555	5.12386
-0.756737	0.610323	5.14489	5.12748
-0.754108	0.612951	5.1439	5.12912
-0.753451	0.612623	5.14522	5.12912
-0.757394	0.607037	5.14653	5.12748
-0.762979	0.602438	5.14719	5.12616
-0.759694	0.602109	5.14653	5.12518
-0.761993	0.604409	5.14522	5.12518
-0.767579	0.599481	5.1439	5.12485
-0.76955	0.593567	5.14292	5.12518
-0.761336	0.590939	5.14292	5.1255
-0.766264	0.58831	5.14259	5.12583
-0.766264	0.587982	5.14357	5.12583
-0.767579	0.583711	5.14292	5.12715
-0.773492	0.57944	5.14357	5.12649
-0.776778	0.572869	5.14357	5.12518
-0.775464	0.573198	5.14522	5.12485
-0.777106	0.568927	5.1462	5.12583
-0.781377	0.56137	5.14456	5.12813
-0.78302	0.560713	5.14423	5.12945
-0.779406	0.560384	5.14325	5.12715
-0.777763	0.56137	5.14325	5.12616
-0.775135	0.566627	5.14193	5.12583
-0.775792	0.558742	5.14062	5.12616
-0.780392	0.558742	5.13996	5.12748
-0.779735	0.561699	5.14127	5.12616
-0.778092	0.559399	5.1416	5.12583
-0.775135	0.556442	5.14127	5.12616
-0.773492	0.557099	5.13897	5.12748
-0.764293	0.558742	5.13667	5.12879
-0.759037	0.558085	5.13602	5.12912
-0.761665	0.557099	5.13766	5.12879
-0.764293	0.553485	5.14095	5.12748
-0.767907	0.552828	5.14226	5.12748
-0.766264	0.55677	5.14127	5.1278
-0.762651	0.555785	5.14226	5.12583
-0.767907	0.552171	5.14095	5.12616
-0.76495	0.560384	5.14292	5.12682
-0.763965	0.564655	5.14522	5.12649
-0.75838	0.56597	5.14686	5.12649
-0.762979	0.565641	5.14653	5.12682
-0.765607	0.56597	5.14259	5.1278
-0.766264	0.568269	5.13963	5.12977
-0.77185	0.565641	5.13865	5.13175
-0.766593	0.570898	5.13897	5.1301
-0.768893	0.568927	5.14259	5.12649
-0.773164	0.572212	5.14357	5.12649
-0.770207	0.570569	5.14259	5.12583
-0.774478	0.567284	5.14095	5.1255
-0.780392	0.56367	5.14127	5.12583
-0.782363	0.557099	5.14095	5.1255
-0.784006	0.558413	5.14062	5.12583
-0.78532	0.557428	5.14226	5.12518
-0.786963	0.561699	5.14226	5.12583
-0.785977	0.558413	5.14193	5.12485
-0.787948	0.558742	5.14259	5.12452
-0.789919	0.557428	5.14226	5.12616
-0.788934	0.558413	5.14423	5.12715
-0.78532	0.556442	5.14555	5.12616
-0.787291	0.542315	5.14555	5.12518
-0.786305	0.553485	5.14522	5.12583
-0.787948	0.548885	5.14423	5.12682
-0.788934	0.554799	5.14259	5.1278
-0.788605	0.552499	5.14095	5.12813
-0.79419	0.550528	5.14029	5.12813
-0.789591	0.553814	5.14095	5.12715
-0.788605	0.562356	5.14259	5.12518
-0.795505	0.558413	5.1439	5.12485
-0.79879	0.560713	5.1439	5.12715
-0.803061	0.563013	5.14259	5.12879
-0.805361	0.555128	5.14325	5.1301
-0.80339	0.556442	5.14522	5.1301
-0.80109	0.556442	5.14489	5.12912
-0.799776	0.553485	5.14456	5.12682
-0.800433	0.551185	5.14292	5.1255
-0.799447	0.556113	5.14062	5.1255
-0.802733	0.562027	5.13897	5.12452
-0.799447	0.561042	5.14095	5.12419
-0.796162	0.558413	5.1462	5.12485
-0.798461	0.548228	5.14817	5.12616
-0.793862	0.549214	5.14719	5.1255
-0.790248	0.546914	5.14555	5.12353
-0.785977	0.550857	5.14423	5.12452
-0.778749	0.550528	5.14292	5.12682
-0.775464	0.56367	5.14226	5.12616
-0.77185	0.563013	5.1416	5.1255
-0.770536	0.562027	5.1439	5.12748
-0.762651	0.568927	5.14555	5.1278
-0.759037	0.571883	5.1439	5.12616
-0.761008	0.573198	5.14193	5.12649
-0.75608	0.57254	5.14226	5.12616
-0.752794	0.566627	5.14127	5.12649
-0.746552	0.573198	5.14226	5.12583
-0.750823	0.576812	5.14292	5.1255
-0.751809	0.573526	5.1439	5.12518
-0.746223	0.57254	5.1439	5.12616
-0.737353	0.576483	5.1439	5.12583
-0.728811	0.583054	5.14226	5.1255
-0.723226	0.57944	5.14456	5.12419
-0.718955	0.580097	5.14587	5.12123
-0.725197	0.57944	5.14357	5.12156
-0.72224	0.582725	5.1416	5.12156
-0.723554	0.584696	5.14193	5.12255
-0.722569	0.586011	5.14292	5.12386
-0.720597	0.589625	5.14259	5.12518
-0.715669	0.591924	5.14325	5.12419
-0.72224	0.587653	5.14555	5.12288
-0.719612	0.585025	5.14555	5.12353
-0.715669	0.581411	5.1462	5.12583
-0.71764	0.585682	5.14522	5.12682
-0.714684	0.586011	5.14423	5.12715
-0.720597	0.588968	5.14292	5.1278
-0.722897	0.588639	5.1439	5.12813
-0.71764	0.593567	5.14686	5.12682
-0.723226	0.587653	5.14916	5.1255
-0.730454	0.591924	5.14653	5.12485
-0.726511	0.593567	5.14325	5.12485
-0.731439	0.591924	5.14193	5.12452
-0.738667	0.594553	5.14325	5.12485
-0.741624	0.586996	5.14456	5.12485
-0.745895	0.584039	5.14522	5.12419
-0.747866	0.577797	5.14587	5.12419
-0.751809	0.574512	5.14423	5.12452
-0.751152	0.58174	5.14095	5.12616
-0.752794	0.580425	5.14127	5.12748
-0.757065	0.581411	5.14423	5.12649
-0.762322	0.58174	5.1462	5.12485
-0.767579	0.578783	5.14653	5.12485
-0.769221	0.578783	5.1439	5.12485
-0.767579	0.57944	5.14029	5.12616
-0.768564	0.579111	5.13897	5.12813
-0.770536	0.575169	5.14062	5.12977
-0.77185	0.575169	5.14226	5.12879
-0.777763	0.571555	5.14259	5.12682
-0.776778	0.564984	5.14292	5.12485
-0.775135	0.567284	5.14325	5.12485
-0.773492	0.571226	5.14325	5.12616
-0.772507	0.570569	5.14259	5.12682
-0.772178	0.571555	5.14226	5.12813
-0.773492	0.572212	5.14325	5.12945
-0.763636	0.569912	5.14456	5.12715
-0.766264	0.575826	5.14489	5.12485
-0.765936	0.575826	5.14325	5.12288
-0.761665	0.58174	5.14423	5.12353
-0.754108	0.586011	5.14489	5.1255
-0.753123	0.587325	5.14423	5.1278
-0.752137	0.583711	5.14423	5.12813
-0.752794	0.585354	5.14489	5.12616
-0.759037	0.584039	5.1462	5.12386
-0.75608	0.584039	5.14653	5.12189
-0.752794	0.580754	5.14456	5.12353
-0.753123	0.581083	5.1439	5.12452
-0.75378	0.580754	5.14357	5.12452
-0.752794	0.582397	5.14325	5.12649
-0.752794	0.585025	5.14522	5.12583
-0.751152	0.58174	5.14456	5.12386
-0.747209	0.586339	5.14259	5.12386
-0.744909	0.584368	5.14292	5.12419
-0.747209	0.576154	5.14423	5.12452
-0.74031	0.585354	5.1439	5.12649
-0.74031	0.589296	5.14292	5.12748
-0.742281	0.586011	5.14193	5.12518
-0.738996	0.58831	5.14259	5.12353
-0.735053	0.59521	5.14259	5.12419
-0.733739	0.594224	5.14226	5.12616
-0.735053	0.596195	5.14325	5.12682
-0.732096	0.596195	5.14357	5.12879
-0.727825	0.599809	5.14226	5.12813
-0.730125	0.602438	5.14226	5.12682
-0.718955	0.599152	5.14259	5.12288
-0.718626	0.603752	5.14226	5.12386
-0.715669	0.601452	5.14292	5.12583
-0.721254	0.601781	5.14423	5.12813
-0.715012	0.60638	5.14325	5.1278
-0.713369	0.605066	5.14357	5.12518
-0.711398	0.600138	5.14555	5.12288
-0.713698	0.59291	5.14719	5.12255
-0.712055	0.593239	5.14522	5.1255
-0.71107	0.591267	5.14357	5.12616
-0.713041	0.588639	5.14292	5.12583
-0.710741	0.590282	5.14325	5.12748
-0.716983	0.586996	5.14325	5.12715
-0.716655	0.588968	5.14489	5.12485
-0.722897	0.583711	5.1439	5.12353
-0.725197	0.578783	5.14292	5.1232
-0.732425	0.580754	5.14193	5.12583
-0.732096	0.585682	5.14226	5.12879
-0.729796	0.586011	5.1439	5.1278
-0.729468	0.585354	5.14522	5.12649
-0.731439	0.582068	5.14587	5.12616
-0.73341	0.589953	5.14456	5.12682
-0.736367	0.587653	5.14325	5.1278
-0.740638	0.584368	5.1416	5.12945
-0.744909	0.592253	5.13963	5.12813
-0.747209	0.591924	5.1393	5.12813
-0.747538	0.589296	5.14127	5.12813
-0.751152	0.580754	5.14292	5.12748
-0.753123	0.573198	5.14292	5.12715
-0.761993	0.56597	5.14226	5.12748
-0.757065	0.562356	5.14226	5.12682
-0.757065	0.559727	5.14259	5.12879
-0.764293	0.554142	5.14456	5.12715
-0.761336	0.548885	5.14522	5.1255
-0.760679	0.546257	5.14555	5.12485
-0.759694	0.543629	5.14555	5.12485
-0.764622	0.546257	5.14587	5.1255
-0.765936	0.538372	5.14522	5.12649
-0.762322	0.538044	5.1439	5.12419
-0.765607	0.536401	5.1439	5.12189
-0.766922	0.535415	5.14456	5.12156
-0.768564	0.537715	5.14785	5.12419
-0.772835	0.539029	5.14883	5.12748
-0.771521	0.532787	5.14719	5.12682
-0.778749	0.522602	5.14456	5.12616
-0.781049	0.523916	5.14423	5.1255
-0.783349	0.525559	5.14489	5.12583
-0.772507	0.526873	5.14423	5.1255
-0.77185	0.528844	5.14357	5.12518
-0.775792	0.525231	5.14259	5.12748
-0.764622	0.522931	5.14292	5.12912
-0.760679	0.521617	5.14193	5.12977
-0.766593	0.520302	5.14259	5.12846
-0.773492	0.51406	5.14325	5.12682
-0.772178	0.510775	5.14325	5.12682
-0.763965	0.512746	5.14226	5.12715
-0.765607	0.512746	5.14029	5.12715
-0.765936	0.515046	5.14029	5.12616
-0.762651	0.521288	5.14127	5.12616
-0.761665	0.525231	5.14325	5.12419
-0.761993	0.532458	5.14423	5.12419
-0.760351	0.532458	5.14357	5.12386
-0.765936	0.528516	5.14325	5.12353
-0.766264	0.531144	5.1439	5.12583
-0.768564	0.530159	5.14522	5.12846
-0.76955	0.529173	5.14555	5.1278
-0.770864	0.525559	5.14522	5.12682
-0.769878	0.530487	5.14357	5.1255
-0.76955	0.534758	5.14489	5.1255
-0.771193	0.52753	5.14456	5.12649
-0.773164	0.520959	5.14259	5.12682
-0.773492	0.523588	5.14127	5.1255
-0.76955	0.527859	5.14127	5.12518
-0.774149	0.522931	5.14127	5.12452
-0.775135	0.520959	5.14357	5.12452
-0.776449	0.51176	5.14357	5.1278
-0.775792	0.512746	5.14259	5.1301
-0.776449	0.511103	5.1439	5.12912
-0.774478	0.51176	5.14357	5.12715
-0.769878	0.517017	5.14489	5.12583
-0.771193	0.514717	5.14423	5.12485
-0.769878	0.510446	5.14292	5.12452
-0.772507	0.519317	5.14259	5.12649
-0.772507	0.518988	5.14127	5.12813
-0.777435	0.516031	5.14193	5.13043
-0.770536	0.521617	5.14193	5.12912
-0.771193	0.51636	5.14357	5.12715
-0.769221	0.512746	5.14423	5.12649
-0.775135	0.515046	5.14456	5.12485
-0.775792	0.520631	5.14522	5.12452
-0.776449	0.520959	5.14423	5.12682
-0.767579	0.526216	5.14226	5.12879
-0.758051	0.530159	5.14193	5.12912
-0.75838	0.53213	5.14456	5.12813
-0.760679	0.538372	5.14752	5.12386
-0.759037	0.538701	5.1485	5.12288
-0.757394	0.536072	5.14587	5.12583
-0.763965	0.548557	5.1416	5.1255
-0.759365	0.553157	5.13996	5.12682
-0.753451	0.555785	5.14062	5.12748
-0.74918	0.556442	5.14259	5.12813
-0.753123	0.55907	5.14292	5.12813
-0.741624	0.56367	5.14259	5.12813
-0.739324	0.560713	5.14292	5.12715
-0.736696	0.570569	5.14456	5.12649
-0.731111	0.568269	5.14423	5.12813
-0.729468	0.567612	5.14292	5.12846
-0.726182	0.570898	5.14325	5.1278
-0.722569	0.579768	5.14357	5.12682
-0.715998	0.579768	5.1439	5.12616
-0.703513	0.584368	5.14489	5.12682
-0.703513	0.584039	5.14423	5.12715
-0.697928	0.585354	5.14259	5.12715
-0.697928	0.594553	5.14292	5.12682
-0.696285	0.59291	5.14456	5.12649
-0.70187	0.589296	5.14719	5.12518
-0.703185	0.589953	5.14587	5.12583
-0.705813	0.59291	5.14456	5.1255
-0.70187	0.601124	5.14292	5.12616
-0.693328	0.610323	5.14357	5.12649
-0.697599	0.612623	5.14456	5.12616
-0.689714	0.616565	5.14489	5.12583
-0.691686	0.62445	5.14555	5.12518
-0.688729	0.62675	5.1462	5.12518
-0.6907	0.627078	5.14555	5.12682
-0.688729	0.627735	5.14357	5.12748
-0.687743	0.632335	5.1439	5.12715
-0.687743	0.627078	5.14489	5.1255
-0.690372	0.628721	5.14522	5.12288
-0.691686	0.629378	5.1462	5.12058
-0.698585	0.623464	5.14653	5.12058
-0.700228	0.620836	5.14456	5.12058
-0.699899	0.616236	5.1416	5.12156
-0.70187	0.616565	5.14226	5.12353
-0.712712	0.615579	5.14325	5.12485
-0.714684	0.611637	5.14489	5.12419
-0.718298	0.606709	5.14555	5.12452
-0.713369	0.60638	5.14325	5.12518
-0.715669	0.603423	5.14193	5.12518
-0.711727	0.604738	5.14127	5.12485
-0.710741	0.610651	5.14127	5.12452
-0.703842	0.603752	5.14127	5.12452
-0.702528	0.609994	5.14325	5.12518
-0.705813	0.603095	5.14325	5.1255
-0.708113	0.60408	5.14292	5.12583
-0.704499	0.600466	5.14259	5.12616
-0.703842	0.598495	5.14292	5.12616
-0.713698	0.591596	5.14193	5.12518
-0.710741	0.594224	5.14029	5.12649
-0.710413	0.592581	5.14095	5.12715
-0.707456	0.592581	5.14226	5.12682
-0.708113	0.587325	5.14193	5.12748
-0.706799	0.58174	5.14357	5.12945
-0.704827	0.578783	5.14522	5.12846
-0.709755	0.577797	5.14456	5.12583
-0.70877	0.573855	5.14456	5.12452
-0.70187	0.568269	5.14423	5.12518
-0.705156	0.568927	5.14259	5.12649
-0.710084	0.564655	5.1416	5.12649
-0.714026	0.558742	5.14029	5.12682
-0.718955	0.558085	5.14095	5.12583
-0.729796	0.553814	5.14226	5.1255
-0.735382	0.545929	5.14325	5.1255
-0.73341	0.548557	5.14456	5.12583
-0.738667	0.549871	5.1439	5.1255
-0.743267	0.548228	5.14226	5.12583
-0.737353	0.5502	5.14226	5.12649
-0.74031	0.555456	5.1416	5.12682
-0.746223	0.555128	5.14259	5.1278
-0.744581	0.551842	5.1439	5.1278
-0.740967	0.557428	5.14522	5.1255
-0.743924	0.553485	5.1439	5.12288
-0.74031	0.552171	5.14193	5.12485
-0.73801	0.561699	5.14325	5.12748
-0.743267	0.55677	5.14456	5.12748
-0.74261	0.56137	5.14423	5.12518
-0.743924	0.562027	5.14357	5.1255
-0.750495	0.557099	5.14357	5.12616
-0.748852	0.554142	5.14555	5.1255
-0.746552	0.555456	5.14587	5.1255
-0.746552	0.552828	5.14423	5.12715
-0.74918	0.548228	5.14193	5.1278
-0.750495	0.557428	5.14292	5.12485
-0.752466	0.559399	5.14423	5.1232
-0.752137	0.56367	5.14555	5.12386
-0.750823	0.56597	5.14456	5.12353
-0.746552	0.564327	5.1439	5.12353
-0.757394	0.561042	5.14325	5.12353
-0.763965	0.559727	5.14325	5.12288
-0.766264	0.559399	5.14357	5.12255
-0.773492	0.55677	5.14456	5.12353
-0.770207	0.557099	5.14325	5.12452
-0.771521	0.558413	5.14357	5.12452
-0.766593	0.55677	5.14357	5.12518
-0.767907	0.556113	5.14423	5.12485
-0.774149	0.553814	5.14555	5.12518
-0.777435	0.554471	5.14653	5.1255
-0.778092	0.551842	5.14587	5.1278
-0.777435	0.548228	5.14522	5.12879
-0.774807	0.544943	5.1416	5.1278
-0.769221	0.5502	5.13996	5.12748
-0.770864	0.549871	5.14095	5.12616
-0.767579	0.552499	5.14423	5.12452
-0.765936	0.540343	5.14719	5.12386
-0.759694	0.546257	5.1462	5.12419
-0.763308	0.550528	5.14423	5.12485
-0.752466	0.553814	5.14292	5.12485
-0.748852	0.5502	5.14193	5.12616
-0.74918	0.551842	5.14259	5.12649
-0.752466	0.557756	5.14423	5.12846
-0.750166	0.561042	5.14456	5.12912
-0.748852	0.56367	5.14292	5.12813
-0.743924	0.566298	5.1416	5.12715
-0.739324	0.570569	5.14127	5.12715
-0.735053	0.572869	5.1416	5.12616
-0.731111	0.580097	5.14062	5.1255
-0.741295	0.587325	5.13996	5.12485
-0.743267	0.584696	5.14127	5.12485
-0.739653	0.588968	5.14325	5.12616
-0.739324	0.587653	5.14587	5.12682
-0.738996	0.586339	5.14555	5.12682
-0.743267	0.58174	5.1439	5.12616
-0.739981	0.580754	5.14423	5.1255
-0.741952	0.583711	5.14292	5.12255
-0.744252	0.587653	5.1416	5.12189
-0.744909	0.589953	5.14193	5.1232
-0.742281	0.591267	5.14259	5.12518
-0.744581	0.595538	5.14226	5.1255
-0.748523	0.59291	5.14226	5.12682
-0.750823	0.593896	5.14259	5.12616
-0.749837	0.594553	5.14325	5.12682
-0.743267	0.586668	5.1439	5.12715
-0.738339	0.594881	5.14292	5.1278
-0.738996	0.600795	5.14292	5.12945
-0.738339	0.604409	5.1439	5.12977
-0.741295	0.603423	5.14292	5.1278
-0.744909	0.612623	5.14127	5.12518
-0.749509	0.612294	5.14226	5.12419
-0.740967	0.614922	5.14325	5.12386
-0.740967	0.619193	5.14226	5.12452
-0.74918	0.627735	5.14193	5.12583
-0.747209	0.62675	5.1416	5.12616
-0.746552	0.629378	5.14127	5.1255
-0.744909	0.62445	5.14259	5.12452
-0.747538	0.615908	5.14489	5.12386
-0.75378	0.614594	5.14357	5.12353
-0.756737	0.616565	5.14193	5.12288
-0.760351	0.617551	5.14226	5.12419
-0.755094	0.617879	5.1439	5.1255
-0.756737	0.616894	5.14423	5.12485
-0.757394	0.620508	5.14522	5.12485
-0.760022	0.616236	5.14653	5.12583
-0.753123	0.619522	5.14653	5.12485
-0.755094	0.619522	5.14653	5.1232
-0.753123	0.619522	5.14456	5.12222
-0.754766	0.619193	5.14423	5.1232
-0.752794	0.611965	5.14456	5.12583
-0.754108	0.609666	5.14555	5.12977
-0.750495	0.611308	5.14555	5.12977
-0.74918	0.611308	5.14357	5.12682
-0.750166	0.609337	5.1439	5.1255
-0.752794	0.609337	5.14423	5.12419
-0.748523	0.608023	5.14587	5.12583
-0.742938	0.611637	5.14653	5.12682
-0.740967	0.616236	5.14653	5.12583
-0.736367	0.616236	5.14555	5.12419
-0.732096	0.615251	5.14423	5.12419
-0.738339	0.612294	5.14226	5.12419
-0.733082	0.610323	5.14095	5.12485
-0.723883	0.616894	5.14259	5.12485
-0.724211	0.62215	5.14423	5.12353
-0.718955	0.624121	5.1462	5.12255
-0.720926	0.616565	5.1485	5.12288
-0.719612	0.615251	5.14752	5.12255
-0.723883	0.625436	5.14489	5.12386
-0.715669	0.62445	5.14423	5.1255
-0.713698	0.632992	5.14357	5.12649
-0.713369	0.635949	5.1439	5.12715
-0.713041	0.638249	5.14555	5.12616
-0.715669	0.632006	5.1462	5.12649
-0.714026	0.63792	5.14587	5.12715
-0.719612	0.639563	5.14522	5.12748
-0.72224	0.642848	5.14357	5.12715
-0.727168	0.652047	5.14325	5.12649
-0.720926	0.650733	5.14489	5.12419
-0.71764	0.657304	5.14522	5.12386
-0.715012	0.660261	5.14489	5.12485
-0.721911	0.656319	5.14357	5.12616
-0.720926	0.662561	5.14325	5.12616
-0.716326	0.662561	5.14522	5.12649
-0.718955	0.658947	5.14489	5.12616
-0.720926	0.659604	5.14456	5.12616
-0.723554	0.653033	5.14522	5.12583
-0.723883	0.646134	5.14423	5.12419
-0.72684	0.648762	5.14423	5.12485
-0.730782	0.647448	5.14325	5.12583
-0.735382	0.646134	5.14127	5.12682
-0.738339	0.645805	5.14095	5.12616
-0.742281	0.644491	5.14357	5.12518
-0.745566	0.647448	5.14587	5.12518
-0.744581	0.645805	5.14489	5.12649
-0.745895	0.64022	5.14226	5.12682
-0.748195	0.639563	5.1416	5.12748
-0.755094	0.644491	5.1439	5.12616
-0.759037	0.638577	5.14456	5.1255
-0.761665	0.638249	5.14489	5.12386
-0.764622	0.634635	5.14686	5.1232
-0.761665	0.634963	5.1462	5.12452
-0.766264	0.63562	5.14423	5.1278
-0.766593	0.632335	5.14325	5.12912
-0.773164	0.622807	5.14292	5.12813
-0.777435	0.621165	5.14259	5.12682
-0.780392	0.616565	5.14357	5.12583
-0.78762	0.61328	5.14292	5.12485
-0.788934	0.612623	5.14325	5.12452
-0.786634	0.622479	5.14226	5.12616
-0.789919	0.62445	5.14193	5.12715
-0.788277	0.622807	5.14357	5.12912
-0.78762	0.622479	5.14587	5.12945
-0.787291	0.62215	5.14719	5.12715
-0.791891	0.612294	5.14555	5.12419
-0.788605	0.609009	5.1439	5.12682
-0.786963	0.606052	5.14325	5.12945
-0.789591	0.605395	5.14325	5.12846
-0.794848	0.604738	5.1439	5.12715
-0.793862	0.603752	5.14555	5.12616
-0.797147	0.59521	5.14555	5.12682
-0.799776	0.598167	5.14423	5.12682
-0.797147	0.593567	5.14095	5.12518
-0.793862	0.592253	5.13996	5.12518
-0.80339	0.584696	5.14193	5.12583
-0.807332	0.583711	5.1462	5.12649
-0.806018	0.585682	5.14785	5.12452
-0.805361	0.59291	5.14653	5.12485
-0.808646	0.589953	5.14522	5.12386
-0.811603	0.586996	5.1439	5.12419
-0.815546	0.585354	5.1439	5.12353
-0.816203	0.586339	5.14456	5.1232
-0.81456	0.593239	5.14325	5.12485
-0.819488	0.591596	5.14357	5.12583
-0.812589	0.591924	5.14292	5.12583
-0.812917	0.590282	5.14029	5.12583
-0.814889	0.592253	5.14029	5.12583
-0.813246	0.590282	5.1416	5.12748
-0.81226	0.592253	5.14259	5.12813
-0.81686	0.59061	5.14259	5.1278
-0.816203	0.586996	5.14325	5.12682
-0.812917	0.59061	5.1462	5.12485
-0.810618	0.584039	5.14785	5.12583
-0.815217	0.582725	5.14522	5.1255
-0.815874	0.584039	5.14292	5.12583
-0.81456	0.586996	5.14357	5.12583
-0.81916	0.583711	5.14522	5.12616
-0.811603	0.58174	5.14456	5.12616
-0.810618	0.578783	5.14555	5.12649
-0.804375	0.585354	5.14522	5.12616
-0.794848	0.589625	5.14423	5.12583
-0.79649	0.593567	5.14259	5.1255
-0.794848	0.594224	5.14456	5.12682
-0.792219	0.588968	5.14653	5.12682
-0.791891	0.585682	5.14456	5.1255
-0.793862	0.588968	5.14029	5.12419
-0.788934	0.59061	5.1393	5.12452
-0.78532	0.590282	5.14029	5.12518
-0.78532	0.587325	5.14259	5.12583
-0.782692	0.590939	5.14522	5.12616
-0.781049	0.599809	5.14555	5.12649
-0.778749	0.600795	5.14423	5.12649
-0.781706	0.603752	5.14259	5.12748
-0.78072	0.608023	5.14292	5.12715
-0.784006	0.605723	5.14325	5.12748
-0.78302	0.609009	5.14555	5.1278
-0.780392	0.612623	5.14752	5.1278
-0.777106	0.617222	5.1485	5.12682
-0.769878	0.615251	5.14719	5.1255
-0.766922	0.61985	5.14423	5.12419
-0.768564	0.614594	5.1416	5.12485
-0.767579	0.614922	5.14259	5.12583
-0.761008	0.612951	5.14522	5.12649
-0.758708	0.61985	5.14653	5.1278
-0.752466	0.625107	5.14686	5.12616
-0.747538	0.632006	5.14653	5.1255
-0.745566	0.632664	5.14653	5.12748
-0.745566	0.632006	5.14357	5.12977
-0.752137	0.636935	5.14226	5.12977
-0.751809	0.642191	5.14489	5.12945
-0.752466	0.638906	5.14719	5.12748
-0.749837	0.638577	5.14785	5.12452
-0.748523	0.645805	5.14653	5.12353
-0.746881	0.647776	5.14423	5.12386
-0.748523	0.646791	5.14259	5.12353
-0.748852	0.650733	5.1416	5.12419
-0.743595	0.650076	5.14259	5.12649
-0.739981	0.653033	5.14357	5.12682
-0.735382	0.661575	5.14489	5.12583
-0.738996	0.662561	5.14423	5.12583
-0.731439	0.662561	5.14325	5.12616
-0.724868	0.658947	5.14292	5.12813
-0.725525	0.65829	5.14259	5.12846
-0.720597	0.669789	5.14292	5.12616
-0.718626	0.678002	5.14325	5.12386
-0.715998	0.678331	5.14259	5.1232
-0.718955	0.672417	5.14357	5.12386
-0.723226	0.673731	5.14357	5.12649
-0.726182	0.671103	5.14259	5.12846
-0.725197	0.671431	5.14423	5.12912
-0.724211	0.674717	5.14522	5.12649
-0.72684	0.676031	5.1439	5.12189
-0.72454	0.675374	5.14325	5.1209
-0.723554	0.672089	5.14357	5.1232
-0.723554	0.671103	5.14489	5.12518
-0.720597	0.671103	5.14423	5.1255
-0.719612	0.675702	5.14292	5.12583
-0.719283	0.677674	5.14456	5.12353
-0.720597	0.681288	5.14719	5.12288
-0.723554	0.680959	5.14653	5.12452
-0.727497	0.682602	5.14423	5.1255
-0.728811	0.67636	5.14357	5.12485
-0.729139	0.675374	5.14587	5.12485
-0.729468	0.670117	5.14653	5.12616
-0.732096	0.671431	5.1462	5.12649
-0.724868	0.671103	5.1462	5.12682
-0.72224	0.672089	5.14653	5.12616
-0.715341	0.668475	5.14555	5.12649
-0.709427	0.665518	5.14423	5.1278
-0.71107	0.664532	5.14325	5.12846
-0.70417	0.670117	5.14259	5.12879
-0.709755	0.666175	5.14193	5.12715
-0.711727	0.660261	5.14292	5.12419
-0.711727	0.654019	5.14292	5.12288
-0.71994	0.654019	5.14062	5.1232
-0.731768	0.651719	5.13996	5.12353
-0.735053	0.646462	5.14259	5.12288
-0.743267	0.648105	5.14522	5.12255
-0.751152	0.646134	5.14752	5.12156
-0.74918	0.646134	5.14686	5.12288
-0.742938	0.652376	5.14587	5.12583
-0.745895	0.650405	5.14489	5.12682
-0.74918	0.647119	5.14423	5.12715
-0.753451	0.643505	5.1439	5.12846
-0.756737	0.651719	5.1439	5.1278
-0.766264	0.650076	5.14489	5.12748
-0.769221	0.650405	5.14522	5.12616
-0.763636	0.647776	5.14587	5.12452
-0.766264	0.647776	5.14555	5.12518
-0.764622	0.645805	5.14456	5.1255
-0.765936	0.642191	5.14259	5.12616
-0.773164	0.633321	5.14325	5.12715
-0.767907	0.637263	5.14325	5.12583
-0.774478	0.633649	5.1439	5.12452
-0.773164	0.634963	5.14259	5.12583
-0.777106	0.630035	5.14029	5.12649
-0.785977	0.630692	5.14193	5.12715
-0.784334	0.631021	5.14423	5.12649
-0.785648	0.631678	5.14489	5.12583
-0.784663	0.637263	5.14357	5.12485
-0.784663	0.634306	5.14325	5.1232
-0.786305	0.633321	5.1439	5.12288
-0.782034	0.629378	5.14357	5.12485
-0.779406	0.628721	5.14259	5.12748
-0.778421	0.628392	5.14226	5.1278
-0.782692	0.628392	5.14292	5.12649
-0.789591	0.619522	5.14357	5.12485
-0.786963	0.624779	5.14423	5.12452
-0.78762	0.625107	5.14325	5.12616
-0.788934	0.630364	5.14127	5.12748
-0.791234	0.630364	5.14127	5.12682
-0.792548	0.632664	5.14127	5.12518
-0.793205	0.631349	5.14062	5.12485
-0.792876	0.632335	5.14226	5.12452
-0.793533	0.625764	5.1439	5.12419
-0.788934	0.627078	5.14423	5.12485
-0.789919	0.62215	5.14522	5.1255
-0.792876	0.618865	5.14456	5.12485
-0.792548	0.617551	5.14325	5.12353
-0.794519	0.612951	5.14226	5.1209
-0.787291	0.618208	5.14062	5.12255
-0.785977	0.62215	5.14029	5.12518
-0.784991	0.621822	5.14062	5.12715
-0.782363	0.625107	5.14259	5.12879
-0.781706	0.623136	5.14357	5.1278
-0.785648	0.62445	5.1439	5.12583
-0.786634	0.619193	5.14456	5.12255
-0.791234	0.619193	5.14456	5.12222
-0.788934	0.618865	5.14357	5.12386
-0.783349	0.619193	5.14325	5.12452
-0.786634	0.61985	5.14357	5.12715
-0.785977	0.615579	5.14325	5.12715
-0.783349	0.618208	5.14292	5.12649
-0.78532	0.612951	5.14095	5.12353
-0.776449	0.61328	5.14127	5.12123
-0.780063	0.617879	5.14062	5.12288
-0.776449	0.61098	5.14029	5.12518
-0.776121	0.604409	5.14062	5.12649
-0.772507	0.601781	5.14259	5.1278
-0.775135	0.601124	5.14489	5.1278
-0.779406	0.59751	5.14357	5.12715
-0.777435	0.591267	5.1416	5.12846
-0.776778	0.594224	5.14292	5.12879
-0.774807	0.59521	5.14522	5.1278
-0.777106	0.593567	5.14555	5.12616
-0.776778	0.591267	5.14489	5.12452
-0.776449	0.591596	5.14325	5.12616
-0.773821	0.592581	5.14292	5.12715
-0.772507	0.593896	5.14357	5.12583
-0.765279	0.59751	5.14259	5.12485
-0.760351	0.599152	5.14127	5.12583
-0.761665	0.602438	5.14029	5.1255
-0.761665	0.603423	5.14292	5.12518
-0.755094	0.60638	5.14653	5.12386
-0.753451	0.615579	5.14817	5.12485
-0.752794	0.618536	5.14785	5.12682
-0.764293	0.616236	5.14522	5.12846
-0.761993	0.619193	5.14193	5.1278
-0.759037	0.620179	5.14259	5.12682
-0.757394	0.615251	5.14423	5.12649
-0.761008	0.609337	5.14555	5.12485
-0.752137	0.620508	5.1462	5.12485
-0.751809	0.61985	5.14456	5.12518
-0.745238	0.625107	5.1439	5.12419
-0.744581	0.617879	5.14357	5.12419
-0.742938	0.61328	5.14226	5.12452
-0.741624	0.615251	5.14259	5.12583
-0.739653	0.614594	5.14226	5.12583
-0.738996	0.611965	5.14292	5.12485
-0.741952	0.610651	5.14259	5.12583
-0.737681	0.619193	5.14226	5.12912
-0.741624	0.613608	5.14259	5.1301
-0.748523	0.606709	5.14325	5.1278
-0.749837	0.60408	5.1439	5.12649
-0.748852	0.599152	5.14423	5.12419
-0.75148	0.591596	5.14423	5.12189
-0.749837	0.596524	5.1439	5.1232
-0.750495	0.586339	5.14292	5.12485
-0.745566	0.591596	5.14193	5.12485
-0.743595	0.590282	5.14193	5.12419
-0.741952	0.58831	5.1439	5.12386
-0.742938	0.585354	5.14357	5.12386
-0.738667	0.590282	5.14522	5.12452
-0.741624	0.596853	5.1439	5.12649
-0.74261	0.600795	5.14127	5.12649
-0.737681	0.609009	5.14029	5.12682
-0.738996	0.609666	5.14226	5.12748
-0.738339	0.614265	5.1439	5.12846
-0.744252	0.612294	5.14456	5.12846
-0.743924	0.616565	5.14423	5.1278
-0.747538	0.618536	5.14357	5.12682
-0.748195	0.623793	5.14226	5.12748
-0.743924	0.624779	5.14127	5.12616
-0.741295	0.62215	5.14522	5.12649
-0.744252	0.623464	5.14555	5.12616
-0.744252	0.62215	5.1439	5.12616
-0.748195	0.623793	5.14226	5.12485
-0.747538	0.625107	5.14357	5.12452
-0.745566	0.627078	5.14555	5.12485
-0.744581	0.626421	5.14686	5.12649
-0.741952	0.63562	5.14653	5.12649
-0.740967	0.636935	5.1462	5.12485
-0.737681	0.641863	5.14555	5.12616
-0.734725	0.647119	5.14423	5.12682
-0.734725	0.645477	5.14259	5.12583
-0.728154	0.652047	5.1416	5.1278
-0.725197	0.656647	5.14259	5.12945
-0.718626	0.664861	5.14259	5.12945
-0.718298	0.665846	5.14259	5.12846
-0.715669	0.664861	5.14259	5.1278
-0.711398	0.662561	5.14325	5.12616
-0.705484	0.667817	5.14489	5.12649
-0.710084	0.667817	5.14555	5.12682
-0.712055	0.670117	5.14423	5.1255
-0.713041	0.672417	5.14325	5.12518
-0.71107	0.673731	5.14325	5.1255
-0.707127	0.673074	5.14357	5.12616
-0.705813	0.664204	5.14522	5.12649
-0.700556	0.658618	5.1439	5.12813
-0.694314	0.662889	5.14226	5.1278
-0.690372	0.666503	5.13963	5.12682
-0.6907	0.665518	5.13963	5.12682
-0.694971	0.662889	5.1416	5.12583
-0.692343	0.65599	5.14259	5.12419
-0.698585	0.651062	5.14259	5.12485
-0.693328	0.642848	5.14226	5.12616
-0.690043	0.648105	5.14226	5.12715
-0.6907	0.651719	5.14423	5.12715
-0.688072	0.65369	5.14423	5.12616
-0.687743	0.657633	5.14325	5.12485
-0.684458	0.659932	5.14259	5.1255
-0.693	0.652705	5.14259	5.12583
-0.6953	0.647448	5.14357	5.12583
-0.704827	0.645477	5.14423	5.12518
-0.712712	0.647119	5.14522	5.12518
-0.721583	0.642848	5.14325	5.12616
-0.722897	0.639234	5.14193	5.12846
-0.727825	0.640877	5.14193	5.1301
-0.727168	0.645477	5.14259	5.13175
-0.730125	0.64252	5.14357	5.13306
-0.739981	0.63562	5.14489	5.13207
-0.74031	0.638249	5.1485	5.12879
-0.745238	0.636277	5.1485	5.12583
-0.749837	0.638577	5.14785	5.12452
-0.754437	0.631021	5.14686	5.12353
-0.75378	0.630364	5.14522	5.12518
-0.758708	0.625436	5.14456	5.12649
-0.752466	0.631021	5.14522	5.12748
-0.754766	0.625436	5.14489	5.12616
-0.755094	0.625764	5.14357	5.12583
-0.757722	0.627078	5.14226	5.1255
-0.760022	0.620836	5.14226	5.12682
-0.761008	0.617222	5.14292	5.12846
-0.760679	0.614922	5.1439	5.12945
-0.763308	0.610651	5.1439	5.12813
-0.761008	0.605395	5.14325	5.12386
-0.763965	0.602109	5.14325	5.12222
-0.763965	0.60408	5.1439	5.12452
-0.762979	0.603752	5.1439	5.12649
-0.766264	0.596195	5.14357	5.12813
-0.763308	0.591924	5.14489	5.12977
-0.760022	0.594553	5.14587	5.12912
-0.759694	0.597181	5.14785	5.12583
-0.764293	0.590939	5.14719	5.1232
-0.762322	0.594224	5.1439	5.12386
-0.755751	0.591924	5.1416	5.12518
-0.749509	0.592253	5.14062	5.12485
-0.748195	0.593239	5.14127	5.12386
-0.752794	0.586668	5.14127	5.12255
-0.753123	0.587325	5.14259	5.12288
-0.751152	0.587653	5.14587	5.12288
-0.746881	0.586668	5.1462	5.12386
-0.747209	0.586668	5.14456	5.1255
-0.745566	0.584039	5.14292	5.12649
-0.749509	0.583054	5.14226	5.1255
-0.753123	0.582397	5.14226	5.12386
-0.757394	0.582725	5.14325	5.12452
-0.756737	0.581411	5.14357	5.12616
-0.760679	0.58831	5.14325	5.12912
-0.75608	0.597181	5.1439	5.12977
-0.753123	0.596524	5.14489	5.12748
-0.754766	0.594553	5.14522	5.12583
-0.757394	0.600795	5.14325	5.12616
-0.759037	0.597838	5.14259	5.12452
-0.759037	0.603095	5.1439	5.12419
-0.763636	0.594553	5.14489	5.12419
-0.769878	0.592253	5.14357	5.12452
-0.766922	0.587982	5.14127	5.12353
-0.766593	0.592253	5.13963	5.1232
-0.777763	0.587653	5.13996	5.1232
-0.788934	0.584039	5.14127	5.12452
-0.785977	0.59291	5.14226	5.12748
-0.793862	0.59521	5.14325	5.12879
-0.792876	0.593239	5.1439	5.12945
-0.792876	0.599152	5.14325	5.12879
-0.793205	0.602438	5.14259	5.12748
-0.795176	0.605066	5.14226	5.12616
-0.794848	0.612294	5.14226	5.12419
-0.797147	0.609994	5.14357	5.12452
-0.795833	0.607694	5.14193	5.12518
-0.796162	0.611308	5.14127	5.1255
-0.801747	0.613608	5.14259	5.12518
-0.802075	0.614922	5.1439	5.12419
-0.800433	0.61328	5.14653	5.12353
-0.802733	0.60868	5.14522	5.12353
-0.800104	0.609994	5.14127	5.12649
-0.793205	0.616236	5.14029	5.1278
-0.785648	0.625107	5.1416	5.12616
-0.78072	0.626421	5.14259	5.12649
-0.778749	0.627735	5.14292	5.12485
-0.770864	0.627407	5.14292	5.12452
-0.774807	0.633321	5.14226	5.12452
-0.770207	0.637592	5.14292	5.1255
-0.771193	0.633321	5.14423	5.12879
-0.768236	0.630035	5.14456	5.13076
-0.763965	0.638577	5.14489	5.12977
-0.762979	0.641863	5.14719	5.12616
-0.757065	0.642191	5.14752	5.12288
-0.750166	0.640877	5.14653	5.12156
-0.745238	0.641863	5.14423	5.1232
-0.746881	0.644491	5.14357	5.12419
-0.739653	0.649091	5.14456	5.12485
-0.734725	0.654676	5.14555	5.1255
-0.731768	0.65369	5.14522	5.12518
-0.72684	0.646791	5.14357	5.12288
-0.72454	0.648762	5.14259	5.1232
-0.722897	0.655661	5.14259	5.12419
-0.723226	0.651719	5.14357	5.12419
-0.724211	0.66059	5.14423	5.12386
-0.725854	0.659932	5.14653	5.12386
-0.72684	0.65599	5.14686	5.12452
-0.723883	0.656647	5.14456	5.12649
-0.723883	0.652376	5.14259	5.12682
-0.725197	0.648762	5.14127	5.12583
-0.734067	0.652705	5.14029	5.12583
-0.730125	0.654676	5.14127	5.1278
-0.736039	0.656647	5.14357	5.12813
-0.741952	0.65139	5.14489	5.12748
-0.751152	0.648762	5.14456	5.1255
-0.752794	0.648434	5.14325	5.12485
-0.760022	0.644162	5.14193	5.12682
-0.766593	0.644491	5.14292	5.1278
-0.772178	0.642848	5.14489	5.12748
-0.777435	0.647448	5.14587	5.12616
-0.775135	0.648434	5.14555	5.12419
-0.769221	0.649748	5.14423	5.12518
-0.770536	0.648105	5.14423	5.12846
-0.775792	0.646462	5.14292	5.12977
-0.774149	0.647448	5.1416	5.12715
-0.78302	0.640877	5.14127	5.12616
-0.78762	0.636277	5.14292	5.12682
-0.787291	0.642191	5.14357	5.1278
-0.789919	0.631678	5.14423	5.12846
-0.791562	0.62675	5.1439	5.12715
-0.799776	0.620179	5.14259	5.12748
-0.79879	0.619522	5.14193	5.1255
-0.797804	0.618536	5.14292	5.12419
-0.789591	0.62215	5.14325	5.12616
-0.788277	0.612294	5.14423	5.1278
-0.785977	0.610323	5.1439	5.12813
-0.791234	0.604409	5.14062	5.12879
-0.792219	0.605395	5.13897	5.12682
-0.788605	0.609337	5.13996	5.12386
-0.78532	0.601124	5.14095	5.12222
-0.793533	0.593896	5.14127	5.12123
-0.794848	0.588968	5.14193	5.12255
-0.792548	0.582397	5.14292	5.12485
-0.79419	0.577797	5.14193	5.12682
-0.795505	0.576154	5.14259	5.12715
-0.795833	0.579111	5.14292	5.12813
-0.799447	0.581083	5.14193	5.12813
-0.792548	0.575826	5.14095	5.12518
-0.791562	0.571555	5.14095	5.1255
-0.792876	0.570241	5.14193	5.12682
-0.796819	0.564327	5.14193	5.12649
-0.807661	0.561042	5.14259	5.12583
-0.805361	0.560056	5.14259	5.12485
-0.807332	0.555785	5.1439	5.12485
-0.808646	0.553485	5.1439	5.12682
-0.807661	0.551185	5.1439	5.12649
-0.809303	0.548557	5.14489	5.12748
-0.807989	0.547243	5.14522	5.12912
-0.808646	0.545929	5.14555	5.12879
-0.807332	0.541986	5.14555	5.12682
-0.813246	0.540672	5.14522	5.12518
-0.815217	0.541329	5.1462	5.12386
-0.812917	0.539686	5.14686	5.12255
-0.810618	0.533773	5.14653	5.12386
-0.808975	0.531144	5.1439	5.12616
-0.815217	0.533444	5.14095	5.12616
-0.81456	0.537715	5.14127	5.12583
-0.817845	0.541986	5.14292	5.12583
-0.821459	0.544286	5.14423	5.12649
-0.818831	0.544286	5.14456	5.12616
-0.819817	0.553814	5.14325	5.12649
-0.820802	0.560056	5.1416	5.12649
-0.823102	0.564327	5.1416	5.12748
-0.822445	0.565313	5.14489	5.12748
-0.82803	0.564655	5.14752	5.12583
-0.826059	0.568269	5.14686	5.12583
-0.822445	0.573526	5.14587	5.12682
-0.822116	0.573855	5.14423	5.12748
-0.819488	0.570241	5.14292	5.12748
-0.816531	0.570898	5.14456	5.12748
-0.814889	0.569255	5.1462	5.12583
-0.820474	0.562684	5.14587	5.12682
-0.819488	0.56597	5.1462	5.12649
-0.820474	0.566298	5.14522	5.12813
-0.816531	0.566627	5.14193	5.12813
-0.81456	0.569912	5.14095	5.12518
-0.811275	0.573198	5.14193	5.1255
-0.81226	0.572869	5.1462	5.12813
-0.816203	0.567612	5.14752	5.12945
-0.812589	0.567284	5.14686	5.12879
-0.809632	0.570569	5.14456	5.12945
-0.809632	0.574183	5.14193	5.1301
-0.804704	0.57944	5.14127	5.12945
-0.79649	0.583054	5.1416	5.12583
-0.790248	0.589296	5.14259	5.1232
-0.786963	0.592581	5.14456	5.12288
-0.787291	0.599152	5.14522	5.12353
-0.786634	0.598167	5.14456	5.12518
-0.783349	0.599152	5.14292	5.12649
-0.778421	0.601452	5.14127	5.12616
-0.77185	0.605066	5.14127	5.12485
-0.771193	0.603095	5.14095	5.12386
-0.769878	0.606709	5.1416	5.12419
-0.76495	0.611308	5.14259	5.12518
-0.761336	0.610323	5.14193	5.12485
-0.765607	0.605066	5.14062	5.12518
-0.761665	0.601781	5.14062	5.12518
-0.754766	0.607366	5.1439	5.12616
-0.761665	0.605395	5.14522	5.12583
-0.755423	0.609994	5.14489	5.12649
-0.75148	0.61098	5.14357	5.12616
-0.748195	0.61328	5.14127	5.12518
-0.747866	0.618536	5.1393	5.12583
-0.748852	0.617222	5.14062	5.12616
-0.744581	0.623136	5.14259	5.1232
-0.740967	0.616565	5.14489	5.12123
-0.739653	0.621822	5.14555	5.1232
-0.738667	0.616894	5.14489	5.12386
-0.735382	0.621822	5.14292	5.12583
-0.732753	0.617879	5.14292	5.12715
-0.734396	0.621165	5.14423	5.12715
-0.737024	0.620179	5.14456	5.12616
-0.73801	0.627078	5.14456	5.12485
-0.738667	0.623793	5.14292	5.12386
-0.734396	0.627735	5.14029	5.12419
-0.743267	0.625107	5.13996	5.12485
-0.752794	0.620508	5.13996	5.12452
-0.758708	0.617879	5.14226	5.12419
-0.768564	0.618208	5.14522	5.12386
-0.772178	0.616565	5.14785	5.12288
-0.780063	0.611965	5.14752	5.12288
-0.784006	0.612951	5.14489	5.12452
-0.79419	0.610323	5.14226	5.12386
-0.788934	0.61328	5.14259	5.12386
-0.788277	0.613937	5.14193	5.12518
-0.78762	0.62215	5.1416	5.12616
-0.794519	0.615908	5.14325	5.12518
-0.795833	0.612294	5.14555	5.12353
-0.799119	0.608351	5.14456	5.12386
-0.800104	0.607694	5.14423	5.12748
-0.804375	0.600795	5.14489	5.12813
-0.804375	0.596853	5.14555	5.12682
-0.80339	0.591924	5.1462	5.1255
-0.80109	0.594224	5.1462	5.12485
-0.79879	0.593896	5.14752	5.12485
-0.792876	0.59061	5.14653	5.1255
-0.793205	0.591267	5.14456	5.12485
-0.784334	0.598824	5.14226	5.12353
-0.778421	0.605723	5.14259	5.12353
-0.771521	0.611637	5.1439	5.12419
-0.772835	0.611637	5.14357	5.12485
-0.772178	0.61098	5.14423	5.12485
-0.768236	0.608351	5.14292	5.12419
-0.766593	0.606052	5.14193	5.12518
-0.755423	0.613608	5.14357	5.12748
-0.75608	0.613937	5.14653	5.12682
-0.750495	0.61985	5.14785	5.12485
-0.746552	0.615251	5.14719	5.12386
-0.743924	0.612294	5.14456	5.12518
-0.745238	0.608351	5.14292	5.12682
-0.741295	0.607694	5.14292	5.12682
-0.741624	0.609009	5.14259	5.1255
-0.742938	0.601781	5.14489	5.12386
-0.740638	0.605066	5.14456	5.12222
-0.743595	0.60408	5.14226	5.12222
-0.751152	0.597181	5.14095	5.1232
-0.74918	0.592581	5.14193	5.1255
-0.748852	0.594553	5.14325	5.12682
-0.74918	0.594881	5.14423	5.12813
-0.754766	0.591596	5.14456	5.12846
-0.757394	0.588968	5.14456	5.12715
-0.763308	0.583054	5.14555	5.12485
-0.765607	0.586339	5.14489	5.12386
-0.770207	0.581411	5.14259	5.12518
-0.774149	0.57254	5.14062	5.12616
-0.783677	0.56597	5.14325	5.12715
-0.781049	0.563998	5.14522	5.12616
-0.780392	0.559727	5.14587	5.12682
-0.779078	0.559727	5.1439	5.12616
-0.78532	0.558742	5.14292	5.12649
-0.788605	0.56137	5.14193	5.12682
-0.798461	0.554799	5.14095	5.12682
-0.804704	0.552828	5.14259	5.12518
-0.809632	0.563341	5.14456	5.1255
-0.811932	0.562027	5.1439	5.12518
-0.818831	0.55907	5.14292	5.12419
-0.826059	0.561042	5.1416	5.12649
-0.835587	0.557099	5.14029	5.12715
-0.841172	0.556442	5.13996	5.12682
-0.840843	0.547571	5.14127	5.12616
-0.842815	0.539029	5.14292	5.12583
-0.845114	0.532787	5.14456	5.12682
-0.846757	0.536072	5.14325	5.12813
-0.851028	0.537715	5.13996	5.12846
-0.856285	0.532787	5.1393	5.12748
-0.857599	0.529502	5.14095	5.12649
-0.860556	0.528187	5.14325	5.12583
-0.856942	0.537058	5.14555	5.12715
-0.853985	0.541986	5.14653	5.1278
-0.858584	0.534101	5.14587	5.1255
-0.860227	0.527859	5.14357	5.12386
-0.858256	0.527202	5.14259	5.12682
-0.856613	0.524902	5.14259	5.12846
-0.856285	0.523916	5.14555	5.13043
-0.854313	0.523588	5.14653	5.12879
-0.851685	0.520959	5.14423	5.12583
-0.851685	0.515703	5.14292	5.12616
-0.847086	0.516031	5.14226	5.12748
-0.842157	0.51406	5.14127	5.12846
-0.835915	0.518988	5.14259	5.12912
-0.836244	0.516688	5.14423	5.12715
-0.832301	0.507818	5.1439	5.12682
-0.830987	0.503547	5.14357	5.12616
-0.822445	0.510118	5.14423	5.12616
-0.820145	0.511103	5.14522	5.1255
-0.812917	0.512089	5.14489	5.12452
-0.805689	0.519317	5.14587	5.12386
-0.795833	0.526545	5.14686	5.12518
-0.792876	0.530816	5.14686	5.12748
-0.798461	0.534101	5.1439	5.12945
-0.801418	0.531473	5.14127	5.1301
-0.79879	0.535415	5.14292	5.12879
-0.797476	0.533444	5.14522	5.12682
-0.788934	0.535415	5.14653	5.12386
-0.783349	0.544286	5.14653	5.12386
-0.781706	0.542643	5.14587	5.12353
-0.787948	0.539686	5.14489	5.12353
-0.789919	0.533115	5.14325	5.12649
-0.786963	0.527202	5.14259	5.12912
-0.787291	0.524573	5.14357	5.12846
-0.79419	0.526545	5.14456	5.12616
-0.797147	0.528187	5.14522	5.12485
-0.801747	0.528187	5.14423	5.12419
-0.806675	0.525231	5.14325	5.12485
-0.808975	0.526216	5.14226	5.12649
-0.812917	0.527859	5.14259	5.1278
-0.806018	0.533773	5.14259	5.1278
-0.807661	0.527202	5.14423	5.1255
-0.802075	0.53213	5.14522	5.12419
-0.800104	0.536072	5.14456	5.12353
-0.800433	0.537387	5.14292	5.12288
-0.804047	0.527859	5.14226	5.12419
-0.814231	0.522602	5.14292	5.12419
-0.817845	0.520302	5.14357	5.1232
-0.821131	0.523259	5.1439	5.12353
-0.824745	0.522602	5.14193	5.12485
-0.82573	0.521945	5.14325	5.12583
-0.827702	0.519317	5.14423	5.12748
-0.825402	0.519317	5.14555	5.1278
-0.827702	0.515703	5.14357	5.12649
-0.830659	0.51176	5.14423	5.12485
-0.831316	0.510775	5.14522	5.12485
-0.828359	0.512089	5.14555	5.12649
-0.831644	0.519317	5.14522	5.12846
-0.82803	0.520631	5.1439	5.12945
-0.829016	0.51176	5.14259	5.12879
-0.831973	0.509461	5.14325	5.12977
-0.826716	0.508475	5.14522	5.12846
-0.825402	0.508475	5.14752	5.12649
-0.819817	0.51406	5.14752	5.12748
-0.815546	0.514389	5.14653	5.12945
-0.806346	0.516688	5.14522	5.12879
-0.801418	0.521945	5.14489	5.12748
-0.792219	0.522602	5.14522	5.12682
-0.782692	0.525888	5.14555	5.12813
-0.774807	0.527859	5.14587	5.12748
-0.774478	0.524245	5.14522	5.12616
-0.767579	0.524573	5.14456	5.12649
-0.766593	0.525231	5.14259	5.12616
-0.759365	0.525231	5.14127	5.12616
-0.755094	0.523259	5.1416	5.12715
-0.748195	0.528516	5.1439	5.12649
-0.741952	0.534758	5.14522	5.12485
-0.73571	0.543957	5.14489	5.12452
-0.726511	0.546914	5.1416	5.12649
-0.717969	0.553157	5.13996	5.12748
-0.717312	0.551185	5.14127	5.12879
-0.720269	0.553814	5.14357	5.12846
-0.728154	0.557428	5.14489	5.1278
-0.727168	0.563341	5.14423	5.12682
-0.725525	0.556442	5.14357	5.1278
-0.727168	0.558085	5.14193	5.12715
-0.729468	0.563341	5.14226	5.12649
-0.732753	0.560056	5.1439	5.12616
-0.735053	0.556113	5.14456	5.12485
-0.744581	0.552499	5.14357	5.12452
-0.75148	0.546586	5.14325	5.12485
-0.750166	0.550857	5.1416	5.12682
-0.754766	0.550857	5.14029	5.12748
-0.75838	0.542315	5.14127	5.12715
-0.765279	0.542643	5.14325	5.1255
-0.768564	0.5433	5.14325	5.12485
-0.772507	0.548885	5.14325	5.12485
-0.781706	0.549871	5.14193	5.12452
-0.789919	0.5502	5.14292	5.12583
-0.794848	0.547571	5.14292	5.12748
-0.801747	0.544943	5.14292	5.12715
-0.814889	0.545929	5.14357	5.12583
-0.819817	0.544943	5.14489	5.1255
-0.81916	0.546914	5.14555	5.12189
-0.822116	0.550528	5.14325	5.1209
-0.823759	0.544943	5.14226	5.12156
-0.825402	0.541329	5.1439	5.12353
-0.831316	0.540343	5.1462	5.12616
-0.838543	0.538372	5.14653	5.12715
-0.842486	0.537387	5.14752	5.12583
-0.850042	0.53443	5.14719	5.12583
-0.856613	0.528187	5.14325	5.12518
-0.85957	0.518331	5.14029	5.12518
-0.858584	0.51636	5.14062	5.12715
-0.863184	0.513074	5.14292	5.12715
-0.86187	0.507818	5.14357	5.12616
-0.856613	0.512746	5.14423	5.12452
-0.85727	0.514389	5.1416	5.12222
-0.855956	0.511103	5.1393	5.12222
-0.853328	0.507818	5.1393	5.12386
-0.846428	0.506504	5.13996	5.12419
-0.8507	0.510775	5.14259	5.12485
-0.847743	0.514389	5.14423	5.12386
-0.841829	0.508146	5.14456	5.12288
-0.837886	0.511432	5.14226	5.12419
-0.831973	0.506504	5.14095	5.12583
-0.833287	0.499276	5.14127	5.12616
-0.830659	0.501247	5.14325	5.1255
-0.820474	0.506504	5.14292	5.12485
-0.817188	0.506175	5.14292	5.12452
-0.820145	0.502561	5.14456	5.12583
-0.815874	0.509789	5.1439	5.12485
-0.812917	0.507161	5.1439	5.12353
-0.814889	0.510446	5.14489	5.12288
-0.811603	0.512089	5.14456	5.12419
-0.814231	0.503547	5.14259	5.1255
-0.811603	0.504861	5.14292	5.12682
-0.811603	0.506175	5.14489	5.1278
-0.804375	0.511103	5.14686	5.1278
-0.805689	0.513732	5.14719	5.12846
-0.80996	0.504861	5.14785	5.12813
-0.819817	0.492376	5.14719	5.12682
-0.823759	0.488762	5.14522	5.12682
-0.832958	0.485148	5.14423	5.12452
-0.840186	0.486791	5.14555	5.12353
-0.840186	0.482192	5.14752	5.12485
-0.847086	0.478578	5.14587	5.12682
-0.849714	0.478578	5.14423	5.12912
-0.852671	0.470693	5.14456	5.12813
-0.851685	0.473978	5.14522	5.12748
-0.860227	0.474635	5.14456	5.12682
-0.860556	0.475621	5.14555	5.12715
-0.858913	0.482192	5.14653	5.12682
-0.868112	0.485148	5.1462	5.12649
-0.866798	0.491062	5.14357	5.12846
-0.862527	0.495005	5.14127	5.12748
-0.867127	0.491062	5.14325	5.12452
-0.870083	0.489748	5.14456	5.12353
-0.866798	0.490405	5.1439	5.12452
-0.863513	0.488105	5.1416	5.12616
-0.865155	0.487448	5.1393	5.12452
-0.867455	0.485148	5.13897	5.12353
-0.865812	0.48712	5.14127	5.12452
-0.864498	0.492048	5.1439	5.12649
-0.862856	0.491062	5.14555	5.12682
-0.860884	0.498619	5.14587	5.1255
-0.853328	0.503218	5.14555	5.12485
-0.854313	0.504861	5.14489	5.12485
-0.854313	0.506504	5.14555	5.12649
-0.854971	0.508803	5.14653	5.12715
-0.855628	0.499604	5.1462	5.12682
-0.851028	0.50289	5.14456	5.12616
-0.842486	0.505518	5.14292	5.12715
-0.840186	0.505189	5.14357	5.12748
-0.838872	0.504532	5.14423	5.12912
-0.836901	0.506175	5.14522	5.1278
-0.831644	0.51636	5.14522	5.12682
-0.816531	0.523588	5.14555	5.1255
-0.812589	0.523259	5.14653	5.12353
-0.802733	0.527202	5.14522	5.12452
-0.79879	0.526873	5.14325	5.1278
-0.790905	0.533115	5.14193	5.12945
-0.78532	0.5433	5.14325	5.12879
-0.782363	0.544614	5.14292	5.12682
-0.776449	0.547571	5.14325	5.12583
-0.775135	0.548885	5.14325	5.12485
-0.765607	0.552171	5.14127	5.12715
-0.750495	0.558085	5.14095	5.12715
-0.742938	0.55677	5.14193	5.12649
-0.72684	0.563013	5.14325	5.12616
-0.71764	0.565313	5.14292	5.12616
-0.715998	0.570898	5.14193	5.12583
-0.714355	0.572212	5.14259	5.12452
-0.715341	0.575497	5.14423	5.1232
-0.722569	0.576812	5.1439	5.12288
-0.717969	0.585354	5.14456	5.12419
-0.721911	0.589296	5.14357	5.12583
-0.723226	0.591267	5.14193	5.12649
-0.720269	0.601452	5.14226	5.12649
-0.722569	0.608023	5.14489	5.12616
-0.726511	0.609337	5.1462	5.12715
-0.725197	0.605066	5.14719	5.12616
-0.730125	0.602766	5.14719	5.1232
-0.736696	0.599152	5.1462	5.12189
-0.739981	0.600466	5.14456	5.12386
-0.739653	0.605395	5.1439	5.12353
-0.737024	0.610323	5.14325	5.12452
-0.73571	0.614265	5.14292	5.12485
-0.73801	0.612951	5.14325	5.12518
-0.737681	0.614265	5.14292	5.1255
-0.744581	0.615908	5.1416	5.12616
-0.741952	0.620836	5.14226	5.1255
-0.744909	0.626093	5.14325	5.12616
-0.74261	0.627735	5.14259	5.12715
-0.743924	0.63562	5.14095	5.12748
-0.750823	0.638577	5.14127	5.12748
-0.74918	0.634635	5.14325	5.12715
-0.751152	0.638906	5.14555	5.12748
-0.755423	0.636935	5.1485	5.12649
-0.760679	0.631021	5.14916	5.12616
-0.761665	0.625764	5.14686	5.12419
-0.759694	0.623464	5.1462	5.12583
-0.758051	0.623136	5.14555	5.12715
-0.762322	0.62215	5.14423	5.12649
-0.754437	0.62445	5.14456	5.12616
-0.758708	0.621493	5.14423	5.12485
-0.756737	0.623136	5.14292	5.12353
-0.755751	0.622479	5.14193	5.12485
-0.758051	0.623136	5.1416	5.12452
-0.752137	0.615251	5.14259	5.12583
-0.758051	0.611965	5.14259	5.12748
-0.756737	0.616565	5.14357	5.12616
-0.755094	0.612294	5.14522	5.12583
-0.749837	0.602438	5.14423	5.12616
-0.754437	0.597181	5.14292	5.12616
-0.747866	0.597181	5.14357	5.12715
-0.749509	0.600138	5.1439	5.1278
-0.753123	0.598824	5.14423	5.12616
-0.745895	0.59751	5.14555	5.12518
-0.742938	0.599481	5.14785	5.1255
-0.740967	0.596195	5.14785	5.12518
-0.74031	0.592581	5.14522	5.12616
-0.739981	0.599481	5.14062	5.12813
-0.737353	0.592581	5.14095	5.12813
-0.732096	0.588968	5.14259	5.12616
-0.737024	0.586668	5.14226	5.12583
-0.746223	0.586996	5.1416	5.12583
-0.751152	0.585682	5.14127	5.1255
-0.758051	0.586339	5.14193	5.12616
-0.764293	0.588639	5.14325	5.12616
-0.768236	0.591267	5.14357	5.12715
-0.774807	0.587982	5.1439	5.12616
-0.777763	0.585682	5.14423	5.12386
-0.772835	0.59061	5.14325	5.12419
-0.773164	0.586996	5.14259	5.12485
-0.772178	0.583382	5.14029	5.12682
-0.781049	0.580754	5.1393	5.12846
-0.786963	0.582725	5.13963	5.12879
-0.790905	0.585682	5.1416	5.12616
-0.79419	0.581411	5.14325	5.1255
-0.793862	0.578783	5.1439	5.1255
-0.805032	0.571226	5.1439	5.1255
-0.810946	0.567284	5.14226	5.12649
-0.815874	0.563341	5.14127	5.12682
-0.812917	0.559727	5.1416	5.1278
-0.816203	0.55677	5.1439	5.12616
-0.827045	0.559727	5.14587	5.12583
-0.829344	0.560056	5.14653	5.12682
-0.827702	0.557756	5.14686	5.12813
-0.825073	0.549871	5.14522	5.12748
-0.829673	0.5502	5.14456	5.12682
-0.83263	0.550528	5.14423	5.12616
-0.837886	0.548885	5.1439	5.12452
-0.838215	0.545272	5.14423	5.12353
-0.836572	0.543957	5.14522	5.12518
-0.838872	0.540015	5.14489	5.12616
-0.835258	0.540015	5.14522	5.12583
-0.834601	0.540015	5.14423	5.12616
-0.835258	0.539686	5.14456	5.12682
-0.836572	0.542315	5.1439	5.12715
-0.836244	0.533773	5.14423	5.12715
-0.833287	0.538044	5.14456	5.12879
-0.831316	0.541658	5.14522	5.12879
-0.823102	0.547571	5.14456	5.12846
-0.825073	0.543629	5.14292	5.12813
-0.820802	0.5456	5.14226	5.12649
-0.814231	0.548557	5.14259	5.12518
-0.811932	0.550857	5.14325	5.12452
-0.800761	0.554471	5.14259	5.12485
-0.794848	0.556113	5.14226	5.12715
-0.791234	0.551842	5.14325	5.12715
-0.790248	0.553485	5.14357	5.12715
-0.793205	0.550528	5.14489	5.12649
-0.784991	0.548228	5.14587	5.12452
-0.778749	0.561042	5.14587	5.1232
-0.776778	0.569584	5.14357	5.12353
-0.780063	0.566298	5.14325	5.12485
-0.776121	0.566298	5.1439	5.12583
-0.770207	0.563013	5.14522	5.1278
-0.761665	0.566955	5.1462	5.12682
-0.759365	0.570898	5.14719	5.12682
-0.756408	0.582068	5.14587	5.12682
-0.750823	0.581083	5.14456	5.1255
-0.750823	0.587653	5.14193	5.12518
-0.746223	0.589953	5.14029	5.12616
-0.747209	0.592253	5.14095	5.12518
-0.739981	0.598167	5.14259	5.12518
-0.734396	0.59521	5.14423	5.12616
-0.730782	0.593896	5.1439	5.12813
-0.738667	0.596524	5.14226	5.12748
-0.739653	0.594553	5.14193	5.12616
-0.74261	0.586668	5.14292	5.12419
-0.747866	0.587982	5.14555	5.12386
-0.744581	0.582397	5.14653	5.12452
-0.752466	0.577469	5.14555	5.12386
-0.753451	0.577469	5.1439	5.12452
-0.759694	0.576154	5.1416	5.12583
-0.761336	0.57484	5.13996	5.12682
-0.764622	0.582397	5.14226	5.12748
-0.762979	0.589625	5.14456	5.12715
-0.768236	0.579768	5.1439	5.12485
-0.771521	0.581083	5.13996	5.12485
-0.778421	0.578126	5.13733	5.12419
-0.779078	0.576483	5.13799	5.12353
-0.778092	0.573855	5.13963	5.12452
-0.781706	0.573198	5.14127	5.12386
-0.775464	0.569912	5.14292	5.12386
-0.778092	0.571555	5.14489	5.12419
-0.781706	0.571226	5.14587	5.12485
-0.781049	0.571883	5.14522	5.12583
-0.784663	0.572212	5.14259	5.12616
-0.776778	0.571883	5.1416	5.12583
-0.778749	0.573198	5.14127	5.12715
-0.778749	0.573198	5.14062	5.12813
-0.78072	0.570898	5.14423	5.12748
-0.78072	0.577469	5.14653	5.12583
-0.779735	0.574183	5.14423	5.12452
-0.779078	0.57254	5.14259	5.1232
-0.782363	0.576812	5.14259	5.12386
-0.786305	0.576154	5.14555	5.1278
-0.781049	0.576483	5.14686	5.12912
-0.782034	0.57714	5.14489	5.12682
-0.777106	0.575169	5.14522	5.12518
-0.774478	0.572869	5.14719	5.12353
-0.770536	0.570241	5.14555	5.12452
-0.769878	0.564327	5.14423	5.1255
-0.76955	0.566955	5.1416	5.1255
-0.766922	0.569584	5.14062	5.12616
-0.757722	0.569584	5.13963	5.12518
-0.74918	0.574512	5.14095	5.12518
-0.745566	0.574512	5.14226	5.12715
-0.748852	0.574183	5.1416	5.12682
-0.748523	0.579111	5.14325	5.12518
-0.749509	0.580754	5.14653	5.12419
-0.74918	0.579111	5.14719	5.12485
-0.744909	0.581411	5.14587	5.12386
-0.744581	0.579768	5.1439	5.12288
-0.741952	0.580754	5.14259	5.12485
-0.738996	0.586011	5.1416	5.12649
-0.728811	0.587325	5.14193	5.12682
-0.733739	0.586011	5.14357	5.12616
-0.732425	0.590282	5.14325	5.12419
-0.732753	0.589625	5.14259	5.12452
-0.725854	0.591924	5.14127	5.12583
-0.728154	0.591924	5.13996	5.12846
-0.729468	0.59291	5.14062	5.12912
-0.731768	0.590282	5.14325	5.12879
-0.730454	0.59291	5.14555	5.12715
-0.736367	0.593239	5.14522	5.12616
-0.739981	0.593567	5.14489	5.12386
-0.748195	0.584696	5.14357	5.1232
-0.748852	0.582068	5.14193	5.12649
-0.74261	0.582725	5.14127	5.12682
-0.740967	0.586996	5.14226	5.12616
-0.740638	0.57944	5.14456	5.12649
-0.736696	0.586668	5.14653	5.12518
-0.738996	0.584039	5.1462	5.12485
-0.741624	0.584696	5.14653	5.1255
-0.737681	0.584039	5.1439	5.1255
-0.737024	0.587653	5.14095	5.1255
-0.744252	0.584039	5.14193	5.12518
-0.746881	0.582725	5.1439	5.12485
-0.751809	0.584368	5.14423	5.12419
-0.754108	0.582397	5.1439	5.12353
-0.760351	0.580754	5.14226	5.12518
-0.769878	0.57484	5.14095	5.1278
-0.770207	0.577469	5.14127	5.12879
-0.776778	0.573526	5.14259	5.12715
-0.777435	0.571555	5.14325	5.12419
-0.775792	0.569255	5.1439	5.12222
-0.768236	0.567941	5.14423	5.12386
-0.76725	0.575169	5.14357	5.12748
-0.766593	0.574183	5.14357	5.13142
-0.76725	0.579111	5.14292	5.13142
-0.762651	0.583054	5.14292	5.12879
-0.761993	0.578783	5.14357	5.12649
-0.762651	0.57254	5.14325	5.1255
-0.76495	0.572212	5.14226	5.12452
-0.761336	0.572212	5.1416	5.12518
-0.758708	0.573855	5.14226	5.12649
-0.754766	0.568598	5.14292	5.12912
-0.752466	0.573526	5.14226	5.12912
-0.74918	0.569584	5.14292	5.12715
-0.74918	0.567284	5.14325	5.1255
-0.746881	0.56597	5.14259	5.12353
-0.750823	0.563998	5.14292	5.12419
-0.752794	0.564984	5.14357	5.12485
-0.748195	0.556442	5.14325	5.1255
-0.750495	0.558085	5.14423	5.12649
-0.748523	0.55677	5.14587	5.12682
-0.749837	0.561042	5.14489	5.12583
-0.75838	0.553814	5.14325	5.12419
-0.756408	0.553485	5.14193	5.12583
-0.760351	0.557099	5.1416	5.12583
-0.762322	0.555785	5.1439	5.12452
-0.770207	0.555785	5.14456	5.12353
-0.768564	0.556113	5.14456	5.12189
-0.767579	0.5479	5.1439	5.12255
-0.764622	0.5479	5.14423	5.12386
-0.770536	0.545929	5.1439	5.12616
-0.763308	0.5502	5.1439	5.1278
-0.756408	0.550857	5.14292	5.12813
-0.752466	0.553485	5.14259	5.12682
-0.75378	0.553157	5.14127	5.12616
-0.74918	0.550857	5.1393	5.12485
-0.752137	0.547243	5.13963	5.12452
-0.744252	0.555456	5.1416	5.12583
-0.744581	0.562356	5.14357	5.1278
-0.746223	0.558085	5.14456	5.12616
-0.746881	0.557756	5.14357	5.1255
-0.746552	0.554471	5.14357	5.12583
-0.752137	0.554142	5.14423	5.1255
-0.757065	0.554799	5.14357	5.12616
-0.756737	0.555456	5.14423	5.12748
-0.75378	0.552171	5.14292	5.12748
-0.762322	0.551514	5.14325	5.12616
-0.761336	0.558085	5.14489	5.1255
-0.759037	0.563013	5.14522	5.12485
-0.75838	0.563998	5.1439	5.12649
-0.751809	0.569255	5.14357	5.1255
-0.754437	0.576483	5.14259	5.12452
-0.755751	0.576483	5.14062	5.12518
-0.749509	0.576154	5.13996	5.12649
-0.740638	0.587325	5.14193	5.12616
-0.740967	0.587653	5.14325	5.1255
-0.734725	0.593239	5.14357	5.12518
-0.729468	0.597181	5.14292	5.12616
-0.725525	0.600138	5.14193	5.12616
-0.722569	0.599809	5.1416	5.12419
-0.730454	0.597181	5.14489	5.12452
-0.727497	0.596195	5.14752	5.12715
-0.727168	0.596195	5.14719	5.12748
-0.727168	0.591924	5.14555	5.12682
-0.723554	0.590282	5.14522	5.12715
-0.72684	0.593896	5.14587	5.12649
-0.717969	0.594224	5.14423	5.12649
-0.717312	0.599809	5.14489	5.12715
-0.721583	0.604738	5.1462	5.12583
-0.715669	0.610651	5.14555	5.12419
-0.715669	0.61098	5.14522	5.12419
-0.715998	0.598824	5.14456	5.12616
-0.715669	0.597838	5.14555	5.12846
-0.715341	0.59751	5.14489	5.12912
-0.715669	0.59751	5.14587	5.1278
-0.71994	0.591267	5.14555	5.1278
-0.722569	0.589296	5.14522	5.1301
-0.720269	0.590939	5.14653	5.12846
-0.710084	0.59291	5.14653	5.12813
-0.70877	0.598495	5.14817	5.1278
-0.700228	0.603095	5.14949	5.12682
-0.691357	0.608023	5.14785	5.12649
-0.689057	0.61098	5.14653	5.12715
-0.683472	0.611965	5.1439	5.1301
-0.683144	0.613937	5.14292	5.13207
-0.680187	0.615908	5.14226	5.13207
-0.682158	0.618208	5.1416	5.1301
-0.680187	0.618536	5.14292	5.12748
-0.681829	0.616565	5.14456	5.1255
-0.680515	0.618208	5.14456	5.1232
-0.683801	0.622479	5.14456	5.12189
-0.687415	0.626093	5.14325	5.12386
-0.688072	0.623793	5.14095	5.12518
-0.695957	0.618536	5.14062	5.12583
-0.698585	0.620836	5.14292	5.1255
-0.696942	0.625764	5.14522	5.12518
-0.696614	0.634306	5.14226	5.12583
-0.701213	0.632006	5.14193	5.12616
-0.700885	0.62675	5.14292	5.12682
-0.707784	0.618865	5.14423	5.12748
-0.706799	0.614922	5.14357	5.12682
-0.705484	0.616236	5.14325	5.12518
-0.714026	0.611637	5.14456	5.12452
-0.714684	0.604738	5.14325	5.12583
-0.719612	0.603095	5.1416	5.12715
-0.722897	0.599809	5.14127	5.12846
-0.73571	0.596195	5.14259	5.12748
-0.729139	0.589953	5.1462	5.1255
-0.728482	0.59291	5.14785	5.12353
-0.733082	0.587653	5.14653	5.12452
-0.731111	0.580425	5.14522	5.12748
-0.728482	0.583382	5.14423	5.1301
-0.723226	0.587982	5.14357	5.12879
-0.721254	0.588639	5.14325	5.12748
-0.721583	0.589625	5.1439	5.12715
-0.725854	0.59061	5.14555	5.12715
-0.724868	0.58831	5.14752	5.12682
-0.731111	0.589625	5.14653	5.12353
-0.730125	0.586996	5.14456	5.12255
-0.726182	0.585354	5.14292	5.12353
-0.726511	0.58174	5.14292	5.12419
-0.718955	0.578454	5.14489	5.12419
-0.715012	0.576483	5.14653	5.12485
-0.715669	0.576154	5.14653	5.12715
-0.724211	0.574183	5.14489	5.1278
-0.720926	0.577469	5.14259	5.12813
-0.719283	0.578454	5.1439	5.12846
-0.715998	0.57944	5.1462	5.12879
-0.713369	0.577469	5.14785	5.12912
-0.714684	0.585025	5.14522	5.12748
-0.713369	0.588968	5.1416	5.1255
-0.712055	0.580097	5.14127	5.12518
-0.714026	0.581083	5.14226	5.12452
-0.714684	0.584696	5.14259	5.1255
-0.71764	0.587325	5.1439	5.1255
-0.711727	0.58174	5.1462	5.12419
-0.711727	0.584696	5.14719	5.12288
-0.715669	0.578126	5.1439	5.12255
-0.714355	0.577469	5.1416	5.12222
-0.719612	0.576154	5.14029	5.1232
-0.716655	0.578783	5.1416	5.12485
-0.721911	0.576812	5.1439	5.12583
-0.722569	0.576812	5.14555	5.12452
-0.722897	0.577469	5.14587	5.1255
-0.725854	0.572212	5.14587	5.12813
-0.72684	0.574512	5.14456	5.1301
-0.724211	0.582725	5.14357	5.12912
-0.730782	0.583382	5.14292	5.12682
-0.731439	0.591267	5.14357	5.12386
-0.728482	0.596853	5.14456	5.1255
-0.731111	0.598495	5.14653	5.12682
-0.728482	0.604738	5.14686	5.1255
-0.732096	0.602438	5.14489	5.12583
-0.728811	0.600466	5.14259	5.12649
-0.737353	0.602109	5.1416	5.12748
-0.74031	0.603423	5.14292	5.12846
-0.739324	0.607694	5.14325	5.12682
-0.741952	0.601781	5.14357	5.12583
-0.74261	0.595867	5.14325	5.12518
-0.745895	0.599481	5.14259	5.12485
-0.745895	0.604738	5.14292	5.12583
-0.743267	0.600138	5.14226	5.12715
-0.751809	0.595538	5.14423	5.12583
-0.765607	0.589953	5.14686	5.12353
-0.763308	0.596853	5.14522	5.12222
-0.767579	0.590939	5.14259	5.12123
-0.773164	0.587325	5.14127	5.12255
-0.78302	0.583054	5.1416	5.12583
-0.788277	0.589296	5.1439	5.12748
-0.788277	0.589625	5.1462	5.12748
-0.787291	0.585354	5.14587	5.12583
-0.788605	0.583054	5.14456	5.12518
-0.785977	0.585682	5.14423	5.12715
-0.779735	0.591596	5.14325	5.12912
-0.776449	0.596853	5.14226	5.12945
-0.776121	0.595867	5.14357	5.12879
-0.773821	0.592253	5.14522	5.1255
-0.769221	0.599809	5.14292	5.12452
-0.766922	0.600466	5.14127	5.12518
-0.768236	0.596853	5.14259	5.12583
-0.768564	0.599481	5.14423	5.12682
-0.772835	0.59521	5.14686	5.12616
-0.769221	0.590282	5.14883	5.12419
-0.768236	0.592253	5.14719	5.12222
-0.771193	0.591596	5.14456	5.12156
-0.767907	0.599152	5.14193	5.12222
-0.767579	0.603095	5.14226	5.12353
-0.76725	0.601124	5.1439	5.12616
-0.764622	0.603423	5.1439	5.1255
-0.760022	0.596195	5.1439	5.12583
-0.752137	0.59751	5.14522	5.12649
-0.748852	0.599152	5.14719	5.12649
-0.74261	0.602109	5.14817	5.12616
-0.73801	0.60868	5.14686	5.1255
-0.739653	0.61098	5.14489	5.1255
-0.736367	0.612623	5.14456	5.1255
-0.735053	0.608351	5.1439	5.1255
-0.741952	0.607366	5.14423	5.12386
-0.741952	0.609009	5.14423	5.12419
-0.73341	0.607037	5.14325	5.1255
-0.737024	0.600138	5.14423	5.12485
-0.736039	0.602766	5.14456	5.1255
-0.729796	0.608023	5.14456	5.12583
-0.726511	0.602766	5.1416	5.12386
-0.716983	0.60638	5.14193	5.12353
-0.712712	0.60868	5.14259	5.12518
-0.712055	0.603095	5.14357	5.12649
-0.716983	0.612294	5.14522	5.12616
-0.715669	0.612623	5.14522	5.12583
-0.712712	0.617879	5.1439	5.12682
-0.709098	0.620179	5.14095	5.12715
-0.704827	0.622807	5.1416	5.12616
-0.703842	0.625764	5.14259	5.12583
-0.707456	0.626093	5.14357	5.12682
-0.715998	0.625107	5.14522	5.12682
-0.713698	0.628064	5.14423	5.1255
-0.713041	0.630692	5.14226	5.12452
-0.712384	0.630692	5.14127	5.12583
-0.713369	0.628064	5.14259	5.12583
-0.713698	0.632664	5.14423	5.12649
-0.712712	0.636277	5.14292	5.12452
-0.716326	0.636277	5.14062	5.12485
-0.717312	0.636935	5.14095	5.12616
-0.72454	0.635949	5.1439	5.12583
-0.727497	0.632992	5.1485	5.12452
-0.727825	0.632992	5.14883	5.12583
-0.72684	0.635949	5.14719	5.12682
-0.720926	0.638577	5.14686	5.12682
-0.716983	0.635949	5.1462	5.1255
-0.72454	0.625436	5.14653	5.12419
-0.727168	0.62675	5.14719	5.12419
-0.731439	0.617551	5.14653	5.1232
-0.725854	0.616236	5.14522	5.12353
-0.724211	0.620508	5.1416	5.12419
-0.723883	0.618536	5.13996	5.12715
-0.725525	0.60868	5.14095	5.12682
-0.73341	0.604409	5.14127	5.12583
-0.729468	0.605395	5.14357	5.12583
-0.722569	0.605066	5.14522	5.12682
-0.723883	0.604738	5.14489	5.12846
-0.716655	0.609009	5.1439	5.12879
-0.721583	0.602438	5.14292	5.12649
-0.736367	0.596524	5.14292	5.12485
-0.735053	0.601452	5.14357	5.12452
-0.734067	0.604738	5.14456	5.12748
-0.737681	0.599481	5.1439	5.12846
-0.743595	0.599809	5.14292	5.1278
-0.748852	0.598167	5.14226	5.1255
-0.745895	0.603423	5.14325	5.12452
-0.744581	0.609666	5.14357	5.12518
-0.740638	0.611308	5.14423	5.12616
-0.744252	0.611308	5.14423	5.12583
-0.746881	0.60408	5.14357	5.12485
-0.751809	0.602438	5.14423	5.1255
-0.753451	0.603752	5.1439	5.12879
-0.74918	0.605395	5.14292	5.12879
-0.746223	0.601124	5.14193	5.12419
-0.751152	0.594881	5.14325	5.1232
-0.744581	0.594553	5.14456	5.12353
-0.738339	0.600795	5.14456	5.12353
-0.73571	0.600795	5.14456	5.12419
-0.734396	0.599481	5.14587	5.12419
-0.731439	0.606052	5.14587	5.12518
-0.729139	0.600466	5.14522	5.12649
-0.731439	0.596195	5.14489	5.12682
-0.731768	0.596195	5.14653	5.12715
-0.732753	0.592581	5.1462	5.12649
-0.739324	0.592581	5.14456	5.1255
-0.738339	0.587325	5.14259	5.1255
-0.740967	0.581411	5.14095	5.1255
-0.749509	0.57714	5.14127	5.1255
-0.743595	0.57714	5.14357	5.12583
-0.751152	0.578783	5.14555	5.12682
-0.75378	0.57714	5.1462	5.12518
-0.753123	0.578783	5.14719	5.12288
-0.755751	0.580425	5.14555	5.12353
-0.763308	0.582725	5.14259	5.12485
-0.765279	0.579768	5.14127	5.12748
-0.76725	0.577797	5.14193	5.12748
-0.767907	0.576483	5.14325	5.12583
-0.765607	0.57944	5.1439	5.1255
-0.765279	0.581411	5.14522	5.12682
-0.761008	0.581411	5.14522	5.12583
-0.76725	0.577797	5.14423	5.1255
-0.773492	0.576154	5.14325	5.12518
-0.774807	0.575169	5.14423	5.12452
-0.776449	0.573198	5.14456	5.12386
-0.784006	0.567612	5.14423	5.12452
-0.789262	0.563341	5.14292	5.1255
-0.795833	0.557756	5.14127	5.12682
-0.795505	0.550857	5.14193	5.1255
-0.794519	0.547571	5.14489	5.12222
-0.793205	0.545272	5.14686	5.12353
-0.782692	0.555456	5.14719	5.12583
-0.778092	0.558742	5.14587	5.12748
-0.782363	0.558085	5.14456	5.12616
-0.778092	0.562027	5.14226	5.12452
-0.774807	0.563998	5.14259	5.12353
-0.768564	0.562684	5.14325	5.12419
-0.768564	0.560056	5.14522	5.12518
-0.76955	0.558413	5.14686	5.12649
-0.769878	0.561042	5.14555	5.1278
-0.76955	0.555785	5.1416	5.12715
-0.774149	0.557756	5.13963	5.12682
-0.776778	0.555785	5.14292	5.12583
-0.780063	0.556113	5.14653	5.12616
-0.781377	0.558085	5.14522	5.12583
-0.777763	0.557099	5.14226	5.12616
-0.777106	0.553485	5.14226	5.12583
-0.78302	0.555128	5.14423	5.12616
-0.786963	0.551514	5.1462	5.12748
-0.790905	0.552499	5.1462	5.12846
-0.792548	0.549543	5.14555	5.1278
-0.793533	0.542972	5.14587	5.12419
-0.800104	0.53443	5.14489	5.12189
-0.805032	0.536729	5.14357	5.1232
-0.804375	0.538701	5.14423	5.12649
-0.801418	0.536072	5.14456	5.12682
-0.80339	0.535744	5.14653	5.12452
-0.80996	0.543629	5.14555	5.12386
-0.807661	0.537715	5.14522	5.12485
-0.807989	0.536072	5.14555	5.12583
-0.808318	0.537715	5.14587	5.12682
-0.810618	0.536072	5.14456	5.12682
-0.808646	0.532787	5.14522	5.12715
-0.813246	0.533773	5.14752	5.12715
-0.807332	0.540015	5.1462	5.12715
-0.802733	0.546257	5.14489	5.1255
-0.800104	0.549871	5.14456	5.12485
-0.801747	0.550857	5.14456	5.12616
-0.800761	0.560384	5.14489	5.12846
-0.802075	0.56367	5.14522	5.13109
-0.805361	0.562356	5.1462	5.13076
-0.807332	0.563341	5.14653	5.12912
-0.803718	0.563998	5.14719	5.12682
-0.805032	0.562356	5.14555	5.12452
-0.807004	0.560056	5.14489	5.12583
-0.808975	0.557099	5.14456	5.12682
-0.803718	0.559399	5.14489	5.12649
-0.802404	0.564655	5.14456	5.12452
-0.801747	0.56597	5.14489	5.1232
-0.806675	0.567284	5.14522	5.12288
-0.805032	0.563998	5.14357	5.12386
-0.806346	0.563341	5.14226	5.12485
-0.804047	0.571555	5.1416	5.12452
-0.801747	0.573198	5.14423	5.12583
-0.793533	0.577797	5.14587	5.12649
-0.792219	0.575826	5.14587	5.12649
-0.790577	0.57484	5.14653	5.12715
-0.784663	0.575826	5.14555	5.12682
-0.788934	0.575169	5.14423	5.1255
-0.782363	0.58174	5.14423	5.1255
-0.781706	0.583054	5.14423	5.12485
-0.775792	0.584039	5.14555	5.12386
-0.774149	0.585682	5.14555	5.12353
-0.773821	0.577797	5.14357	5.12288
-0.774478	0.57714	5.14259	5.12255
-0.774478	0.571226	5.14226	5.1232
-0.777435	0.568598	5.14226	5.12386
-0.779078	0.570898	5.14292	5.1232
-0.777763	0.57254	5.14587	5.12386
-0.774807	0.571226	5.14686	5.12419
-0.767579	0.566627	5.14686	5.12485
-0.773164	0.564327	5.14456	5.12419
-0.77185	0.55907	5.14193	5.12452
-0.770207	0.568598	5.13996	5.12485
-0.773492	0.560056	5.13996	5.12583
-0.779406	0.557756	5.14095	5.12682
-0.784006	0.555785	5.14127	5.12616
-0.781706	0.558085	5.14292	5.12583
-0.778092	0.561042	5.14193	5.12485
-0.776121	0.563013	5.14226	5.12288
-0.775792	0.566955	5.14357	5.12452
-0.778092	0.56367	5.14587	5.1255
-0.776121	0.563341	5.14653	5.12616
-0.771193	0.563998	5.14522	5.12649
-0.773492	0.566627	5.14489	5.12649
-0.770864	0.572869	5.14259	5.12682
-0.774807	0.581411	5.14193	5.12649
-0.776121	0.578454	5.14292	5.12518
-0.777435	0.578454	5.14456	5.12485
-0.777435	0.578126	5.14456	5.1255
-0.776121	0.578783	5.14489	5.12452
-0.772835	0.579111	5.14555	5.1255
-0.782363	0.585354	5.14357	5.12616
-0.779078	0.586339	5.14357	5.12485
-0.773492	0.591267	5.14292	5.12485
-0.770207	0.598495	5.1439	5.1255
-0.767579	0.599481	5.14456	5.12419
-0.762651	0.605395	5.14259	5.12485
-0.763308	0.604738	5.14029	5.12386
-0.759037	0.602766	5.13996	5.12386
-0.75838	0.598167	5.14127	5.12452
-0.755751	0.599152	5.14259	5.12452
-0.759694	0.592253	5.14325	5.12353
-0.762651	0.584368	5.14259	5.12288
-0.767579	0.58174	5.1416	5.12419
-0.770207	0.573855	5.14325	5.12649
-0.770864	0.576812	5.14489	5.12682
-0.772835	0.571226	5.14555	5.12518
-0.775135	0.573198	5.1439	5.12452
-0.780063	0.567284	5.14357	5.12616
-0.778092	0.566627	5.1416	5.12682
-0.777435	0.55907	5.13897	5.1255
-0.776121	0.55677	5.13963	5.12715
-0.775792	0.556113	5.14292	5.1278
-0.778421	0.556113	5.14489	5.12748
-0.776778	0.553814	5.14555	5.12616
-0.775792	0.548885	5.14357	5.12518
-0.771521	0.554799	5.1416	5.1255
-0.77185	0.560056	5.14095	5.12682
-0.770864	0.56137	5.14259	5.12715
-0.774149	0.561699	5.14325	5.12813
-0.767907	0.566955	5.14522	5.12846
-0.764622	0.567941	5.1462	5.12649
-0.770536	0.562356	5.14587	5.12616
-0.769878	0.561699	5.14292	5.1255
-0.775792	0.56367	5.14095	5.12682
-0.776778	0.562027	5.14095	5.12748
-0.770207	0.564984	5.1416	5.12813
-0.772507	0.563013	5.14226	5.12813
-0.771521	0.567612	5.14292	5.1278
-0.769221	0.571883	5.14292	5.1278
-0.773164	0.569584	5.14193	5.12879
-0.771521	0.570898	5.14127	5.12846
-0.776121	0.57944	5.14062	5.12748
-0.779078	0.571883	5.1416	5.12879
-0.78302	0.571883	5.14325	5.12977
-0.786634	0.571226	5.14555	5.12846
-0.786305	0.572212	5.14522	5.12616
-0.781706	0.577797	5.14292	5.12649
-0.783677	0.57484	5.13996	5.12715
-0.778749	0.576154	5.14062	5.12748
-0.781049	0.576483	5.14259	5.12813
-0.784334	0.574183	5.14292	5.12715
-0.781049	0.575497	5.14325	5.12912
-0.781049	0.571883	5.14292	5.1301
-0.782034	0.569584	5.14226	5.12912
-0.786634	0.576812	5.14095	5.12715
-0.789591	0.576483	5.14259	5.12715
-0.782363	0.585025	5.14292	5.12485
-0.782034	0.579111	5.1439	5.12485
-0.786963	0.575826	5.14522	5.12518
-0.784663	0.573198	5.14522	5.12616
-0.782034	0.571226	5.14456	5.12748
-0.786634	0.566955	5.14357	5.12846
-0.795176	0.559399	5.14226	5.12715
-0.795505	0.55677	5.14095	5.12583
-0.798461	0.556113	5.14193	5.12583
-0.801418	0.558085	5.1439	5.12682
-0.806018	0.554142	5.14292	5.12846
-0.808318	0.552499	5.14127	5.12977
-0.804704	0.553814	5.1416	5.12748
-0.807989	0.551514	5.14226	5.12682
-0.799447	0.551185	5.14357	5.12452
-0.800433	0.552499	5.14423	5.12419
-0.790248	0.558085	5.14325	5.12353
-0.789591	0.558742	5.14292	5.12255
-0.786634	0.565641	5.14259	5.1232
-0.798133	0.559727	5.14325	5.12386
-0.803061	0.558742	5.14423	5.12419
-0.802075	0.559399	5.14456	5.12419
-0.798461	0.559399	5.14522	5.12649
-0.805689	0.552171	5.14423	5.12813
-0.805689	0.557099	5.14259	5.12748
-0.807661	0.56137	5.1416	5.12715
-0.805032	0.564655	5.14127	5.12846
-0.808975	0.567284	5.14292	5.12748
-0.809303	0.571555	5.14653	5.1255
-0.805689	0.572869	5.14785	5.12353
-0.807004	0.575826	5.14522	5.12518
-0.805361	0.576154	5.14325	5.12846
-0.80339	0.57254	5.1416	5.1301
-0.802404	0.569912	5.1416	5.12715
-0.802075	0.562684	5.14325	5.12682
-0.796162	0.564984	5.14555	5.12682
-0.795833	0.568598	5.14653	5.12715
-0.792548	0.569584	5.14522	5.12616
-0.786305	0.575826	5.14226	5.12583
-0.785648	0.568598	5.14095	5.12485
-0.791891	0.564327	5.14095	5.12583
-0.784334	0.563013	5.14325	5.12419
-0.779078	0.565641	5.14522	5.12353
-0.776778	0.565641	5.14357	5.1255
-0.772835	0.566298	5.14226	5.12846
-0.768564	0.563998	5.14456	5.13043
-0.762651	0.561699	5.14686	5.13043
-0.759365	0.566627	5.14752	5.12945
-0.761993	0.566627	5.14719	5.12715
-0.757065	0.573526	5.14555	5.12518
-0.755751	0.572212	5.14456	5.12452
-0.755094	0.578454	5.14325	5.12485
-0.746552	0.577797	5.14226	5.12583
-0.750495	0.579111	5.14357	5.12485
-0.744252	0.583711	5.14522	5.12583
-0.74261	0.581411	5.14587	5.12583
-0.739653	0.58831	5.14587	5.12485
-0.735382	0.587982	5.14489	5.1232
-0.732425	0.592253	5.14357	5.12419
-0.729796	0.596853	5.14226	5.12616
-0.725854	0.59521	5.14292	5.12748
-0.725854	0.593239	5.14423	5.12715
-0.725525	0.595538	5.14719	5.12649
-0.724868	0.596524	5.14785	5.12748
-0.722897	0.603423	5.14719	5.12945
-0.722569	0.615579	5.14587	5.12846
-0.719283	0.613608	5.1439	5.12879
-0.713698	0.616236	5.14292	5.12846
-0.717969	0.621493	5.14292	5.12748
-0.712384	0.616894	5.14292	5.1278
-0.713698	0.613937	5.14423	5.12682
-0.712384	0.615579	5.1439	5.12682
-0.713369	0.616565	5.14226	5.12715
-0.713369	0.611965	5.1393	5.12748
-0.715012	0.615251	5.13963	5.12846
-0.70647	0.621822	5.14456	5.12977
-0.705813	0.61985	5.14653	5.12977
-0.712055	0.616236	5.14719	5.1301
-0.714684	0.614594	5.14587	5.12945
-0.713698	0.612623	5.14259	5.1278
-0.715998	0.609337	5.13996	5.1278
-0.715012	0.610651	5.14062	5.12682
-0.725525	0.611637	5.14193	5.12583
-0.728811	0.613937	5.14325	5.1255
-0.732753	0.609666	5.14489	5.1255
-0.732096	0.605395	5.14357	5.12649
-0.733082	0.604738	5.14226	5.12945
-0.735382	0.607694	5.14193	5.13109
-0.733082	0.609666	5.1439	5.12945
-0.738339	0.604409	5.14489	5.12715
-0.737024	0.604738	5.14489	5.12452
-0.738667	0.607037	5.14357	5.12353
-0.73801	0.602438	5.14226	5.12715
-0.739324	0.610323	5.14259	5.12912
-0.743595	0.602438	5.14292	5.12945
-0.743267	0.603095	5.14325	5.12715
-0.745895	0.603752	5.14292	5.12518
-0.74918	0.597838	5.1439	5.12386
-0.747209	0.602766	5.14555	5.12353
-0.744909	0.604738	5.14686	5.12353
-0.754108	0.605066	5.14686	5.12288
-0.752794	0.607366	5.14489	5.12353
-0.755423	0.606709	5.14357	5.12419
-0.755094	0.610323	5.14259	5.12386
-0.757394	0.612623	5.1439	5.12682
-0.75148	0.611308	5.14522	5.12846
-0.755751	0.613937	5.14357	5.12813
-0.75378	0.61985	5.14193	5.12748
-0.747538	0.616236	5.14259	5.12846
-0.742281	0.610323	5.14489	5.12649
-0.743267	0.609994	5.1462	5.12616
-0.743924	0.618865	5.14587	5.12583
-0.737024	0.617222	5.1462	5.12518
-0.738996	0.620508	5.14653	5.12649
-0.735053	0.620508	5.14489	5.12879
-0.732096	0.623464	5.14456	5.12879
-0.731768	0.626421	5.14423	5.12813
-0.725854	0.632006	5.1439	5.12583
-0.723226	0.633978	5.14423	5.12419
-0.721911	0.632335	5.14259	5.1255
-0.719612	0.636935	5.14259	5.1278
-0.722569	0.632006	5.14357	5.12912
-0.724868	0.630035	5.14357	5.12715
-0.729139	0.631021	5.14423	5.12255
-0.730125	0.620836	5.14587	5.12156
-0.737024	0.617222	5.14489	5.12452
-0.739324	0.614265	5.14456	5.12452
-0.741295	0.611637	5.14423	5.12386
-0.737681	0.611965	5.14423	5.12452
-0.736696	0.614594	5.14489	5.1255
-0.744252	0.61985	5.14489	5.12616
-0.747538	0.620836	5.14489	5.12715
-0.756408	0.616894	5.14456	5.12846
-0.753123	0.616894	5.14423	5.1301
-0.755094	0.612951	5.14423	5.12945
-0.761336	0.60638	5.14489	5.12879
-0.757394	0.605066	5.14752	5.12846
-0.762979	0.602109	5.14883	5.12748
-0.768236	0.59291	5.14686	5.12649
-0.763965	0.593239	5.14587	5.12682
-0.768564	0.59521	5.14489	5.1278
-0.774149	0.593239	5.14522	5.1278
-0.78072	0.592253	5.14522	5.12682
-0.779406	0.590939	5.14522	5.12748
-0.780063	0.583382	5.14653	5.12748
-0.793533	0.575497	5.14587	5.12649
-0.788277	0.569255	5.14193	5.1255
-0.785977	0.568269	5.13897	5.12518
-0.786634	0.568269	5.13996	5.12682
-0.787948	0.569255	5.14259	5.12748
-0.793205	0.564327	5.14456	5.12715
-0.795176	0.556113	5.14456	5.12682
-0.792219	0.560713	5.14325	5.12452
-0.790577	0.563341	5.14127	5.12386
-0.794848	0.56367	5.14193	5.12419
-0.792548	0.56597	5.14357	5.12255
-0.794519	0.566627	5.14522	5.12123
-0.796162	0.564984	5.14456	5.12288
-0.800761	0.570241	5.14456	5.12353
-0.79879	0.571883	5.14489	5.12452
-0.794519	0.580425	5.1462	5.12649
-0.796162	0.57944	5.14653	5.12616
-0.791562	0.584039	5.14653	5.12386
-0.78762	0.580754	5.14752	5.12353
-0.78532	0.580097	5.14752	5.12518
-0.779735	0.584039	5.14555	5.12616
-0.779735	0.585354	5.14456	5.12518
-0.774149	0.589953	5.14456	5.12518
-0.768893	0.596195	5.14489	5.12583
-0.760679	0.603095	5.1439	5.1278
-0.75378	0.604738	5.14555	5.1278
-0.750166	0.608351	5.14489	5.12518
-0.74261	0.612623	5.14555	5.12353
-0.73801	0.614922	5.14456	5.12419
-0.731439	0.614594	5.1416	5.12583
-0.731111	0.619522	5.14029	5.12715
-0.730125	0.618865	5.14127	5.12682
-0.732753	0.61985	5.14456	5.12386
-0.730125	0.620179	5.14555	5.12156
-0.731439	0.61985	5.14817	5.12123
-0.732096	0.617879	5.14752	5.12156
-0.739324	0.622807	5.14653	5.1232
-0.747866	0.619193	5.14555	5.12353
-0.747538	0.618865	5.14587	5.12485
-0.74918	0.617551	5.14817	5.12583
-0.753451	0.611965	5.14719	5.12682
-0.75148	0.612623	5.14555	5.12682
-0.745238	0.609666	5.14555	5.12748
-0.741624	0.611308	5.1462	5.12748
-0.738996	0.616894	5.14686	5.12616
-0.740967	0.616894	5.14785	5.12485
-0.742938	0.618536	5.14785	5.12386
-0.744909	0.617879	5.14752	5.12353
-0.745566	0.616894	5.14686	5.12386
-0.747209	0.616236	5.14522	5.12485
-0.745895	0.60868	5.14423	5.12715
-0.754437	0.598495	5.14522	5.12748
-0.757065	0.600138	5.14653	5.12846
-0.759037	0.597181	5.14719	5.12879
-0.759365	0.60408	5.14785	5.12813
-0.75608	0.603752	5.14752	5.12682
-0.761993	0.604738	5.14555	5.12616
-0.762979	0.604409	5.14357	5.12616
-0.759037	0.609009	5.14325	5.12682
-0.760022	0.602438	5.14259	5.1278
-0.762979	0.600138	5.14325	5.12813
-0.763308	0.60408	5.14522	5.12715
-0.766593	0.601781	5.14489	5.12813
-0.766264	0.611637	5.14292	5.12715
-0.761665	0.610651	5.14127	5.12452
-0.762979	0.612951	5.14062	5.1255
-0.761665	0.614594	5.14259	5.12518
-0.760679	0.614594	5.14522	5.12386
-0.760351	0.614594	5.14522	5.12288
-0.757394	0.615579	5.14357	5.1209
-0.754437	0.616565	5.14226	5.12156
-0.746223	0.623136	5.14127	5.1232
-0.741295	0.625107	5.14259	5.12452
-0.734725	0.623793	5.14456	5.12485
-0.728482	0.62445	5.14456	5.1255
-0.722897	0.628721	5.14522	5.12518
-0.72454	0.623793	5.14489	5.12518
-0.718298	0.620836	5.14292	5.12748
-0.715998	0.624121	5.13963	5.12813
-0.714026	0.623464	5.13897	5.12715
-0.714684	0.618208	5.14127	5.12518
-0.712712	0.616565	5.14226	5.12419
-0.705484	0.618865	5.14193	5.12386
-0.703185	0.622807	5.14226	5.12288
-0.70187	0.622479	5.14357	5.12583
-0.696614	0.621493	5.14357	5.12583
-0.693985	0.617222	5.14062	5.12452
-0.692343	0.621165	5.13897	5.12485
-0.686758	0.627735	5.13963	5.12485
-0.681829	0.628721	5.14062	5.12452
-0.684786	0.631349	5.14292	5.12419
-0.681829	0.629378	5.14456	5.12452
-0.686429	0.625107	5.14489	5.12386
-0.690043	0.621822	5.14456	5.12485
-0.688072	0.614265	5.14456	5.12616
-0.6907	0.609337	5.14292	5.12583
-0.689057	0.611965	5.14259	5.12485
-0.689714	0.61328	5.14226	5.12452
-0.688072	0.614265	5.1416	5.12682
-0.696942	0.616236	5.14226	5.1278
-0.70417	0.609009	5.14357	5.12748
-0.712055	0.611965	5.14489	5.12583
-0.715341	0.611308	5.14522	5.12583
-0.715012	0.610323	5.1439	5.12715
-0.718626	0.616236	5.14292	5.12452
-0.717969	0.62215	5.14292	5.12288
-0.720597	0.621493	5.14489	5.1232
-0.728482	0.62445	5.14653	5.12419
-0.732425	0.631021	5.14686	5.12583
-0.726511	0.637263	5.14686	5.12649
-0.732096	0.627078	5.14653	5.12583
-0.734396	0.630692	5.14555	5.12616
-0.74031	0.632335	5.14522	5.12748
-0.739653	0.639891	5.14587	5.12616
-0.745566	0.632664	5.14587	5.12682
-0.739653	0.638577	5.14653	5.12715
-0.744909	0.634963	5.14522	5.12682
-0.749837	0.63562	5.14325	5.12485
-0.749509	0.636606	5.14193	5.12386
-0.748523	0.636935	5.14259	5.12452
-0.750495	0.633649	5.14489	5.12583
-0.747866	0.633978	5.14522	5.12813
-0.747866	0.633321	5.14555	5.12912
-0.748852	0.631021	5.14423	5.12813
-0.74918	0.629707	5.14259	5.12616
-0.746881	0.625764	5.14095	5.12518
-0.746552	0.625107	5.14095	5.1255
-0.747209	0.621493	5.14259	5.12518
-0.754108	0.617879	5.14555	5.1232
-0.763636	0.616236	5.14653	5.12255
-0.761993	0.614265	5.14456	5.12419
-0.763636	0.60868	5.14522	5.12518
-0.760351	0.607037	5.14522	5.12616
-0.759365	0.601781	5.14489	5.12649
-0.761336	0.598167	5.1439	5.12583
-0.766922	0.594224	5.14423	5.1255
-0.766593	0.596524	5.14587	5.12452
-0.771521	0.591924	5.14653	5.12386
-0.770864	0.589953	5.14555	5.12518
-0.768893	0.592581	5.14259	5.12616
-0.764293	0.588968	5.14127	5.12419
-0.764622	0.590282	5.14259	5.12222
-0.77185	0.59061	5.14456	5.1209
-0.772507	0.593239	5.14653	5.12189
-0.778092	0.594224	5.14653	5.12288
-0.779406	0.59061	5.14587	5.12485
-0.779735	0.59291	5.14489	5.1255
-0.780392	0.589953	5.14522	5.12649
-0.775792	0.59061	5.14555	5.12616
-0.775135	0.59061	5.14522	5.12583
-0.782034	0.59061	5.1439	5.12518
-0.785977	0.58831	5.14062	5.12419
-0.788934	0.589625	5.13996	5.1255
-0.791562	0.593896	5.14259	5.12846
-0.794519	0.593239	5.1439	5.12846
-0.798461	0.595538	5.14555	5.1255
-0.794848	0.602109	5.14653	5.12189
-0.797804	0.597838	5.14653	5.12255
-0.805032	0.590282	5.14489	5.12452
-0.813574	0.586668	5.14292	5.12419
-0.812917	0.585682	5.1416	5.12485
-0.81456	0.593239	5.14029	5.12616
-0.813246	0.597838	5.14226	5.12846
-0.811603	0.599152	5.14357	5.12748
-0.810946	0.593239	5.14456	5.12616
-0.811275	0.594553	5.14489	5.12715
-0.816203	0.598824	5.14456	5.12682
-0.81456	0.596853	5.14522	5.12748
-0.808975	0.597181	5.14522	5.12682
-0.806675	0.596195	5.14522	5.12518
-0.79879	0.596195	5.14456	5.12419
-0.792548	0.59751	5.14456	5.12452
-0.793533	0.595867	5.1439	5.12649
-0.791234	0.597838	5.14259	5.12616
-0.786305	0.602109	5.14062	5.12452
-0.784663	0.602109	5.13996	5.12419
-0.782034	0.599809	5.14127	5.12715
-0.779406	0.603423	5.1416	5.12715
-0.779735	0.599809	5.14292	5.12682
-0.780063	0.599481	5.14259	5.12748
-0.770207	0.599809	5.14193	5.1278
-0.769878	0.600466	5.1439	5.12748
-0.766593	0.602109	5.14785	5.12649
-0.759694	0.59751	5.14719	5.1255
-0.754766	0.594224	5.1439	5.12616
-0.754108	0.593239	5.1416	5.1278
-0.747538	0.596853	5.14193	5.12912
-0.733739	0.611308	5.14259	5.12945
-0.728154	0.615908	5.14357	5.12682
-0.716983	0.623793	5.14522	5.12419
-0.708113	0.633321	5.14522	5.12452
-0.704827	0.633649	5.14193	5.12452
-0.706799	0.641534	5.13996	5.1232
-0.697599	0.640877	5.14029	5.12386
-0.682487	0.645148	5.14193	5.1255
-0.674273	0.650076	5.14357	5.12485
-0.661788	0.654676	5.14489	5.12452
-0.653246	0.651062	5.14587	5.12649
-0.646019	0.648762	5.14522	5.1278
-0.640433	0.641863	5.14062	5.12813
-0.639448	0.646134	5.13963	5.12649
-0.642405	0.641206	5.14127	5.12419
-0.643719	0.635292	5.14423	5.12583
-0.651932	0.634306	5.14555	5.12715
-0.655875	0.643834	5.14489	5.12715
-0.659817	0.638906	5.1439	5.12649
-0.660474	0.648762	5.14357	5.12879
-0.662446	0.651062	5.14292	5.12846
-0.666388	0.65829	5.14226	5.1278
-0.668031	0.659932	5.1439	5.12649
-0.670002	0.655333	5.14555	5.12419
-0.666717	0.653362	5.14686	5.12353
-0.669673	0.663546	5.14587	5.12419
-0.675259	0.662889	5.1439	5.12452
-0.678873	0.66946	5.14226	5.12583
-0.689714	0.663218	5.14423	5.12583
-0.690372	0.656319	5.14752	5.12485
-0.688729	0.652705	5.14916	5.12518
-0.690372	0.652705	5.14686	5.1255
-0.694314	0.647448	5.14456	5.12518
-0.692014	0.647776	5.14325	5.1255
-0.700556	0.644491	5.14193	5.1255
-0.70187	0.64482	5.14292	5.12452
-0.710741	0.634963	5.14555	5.12419
-0.719283	0.624779	5.1462	5.12485
-0.725854	0.617551	5.14522	5.12616
-0.728811	0.614922	5.14522	5.12616
-0.737681	0.61098	5.14522	5.12682
-0.745895	0.605066	5.14555	5.12748
-0.74918	0.594224	5.14489	5.12682
-0.748852	0.594553	5.14423	5.12616
-0.751152	0.593896	5.1462	5.12649
-0.75148	0.591924	5.1462	5.12616
-0.760351	0.584696	5.14456	5.12583
-0.763636	0.582068	5.14357	5.12649
-0.759037	0.575826	5.14357	5.12649
-0.757065	0.572212	5.14456	5.12649
-0.755751	0.572212	5.14423	5.12485
-0.754766	0.578454	5.14489	5.12419
-0.742938	0.578783	5.14522	5.12452
-0.747538	0.583382	5.14423	5.1278
-0.740967	0.586339	5.1439	5.1301
-0.746881	0.584696	5.1416	5.12977
-0.745238	0.582725	5.1416	5.1278
-0.740967	0.578783	5.14193	5.1255
-0.739981	0.577797	5.14226	5.12452
-0.74261	0.575826	5.14193	5.1255
-0.741295	0.577469	5.14029	5.12715
-0.737681	0.572212	5.14029	5.12748
-0.740638	0.573855	5.14226	5.12616
-0.746881	0.567941	5.14522	5.1255
-0.746881	0.571555	5.1462	5.1255
-0.75608	0.563341	5.14719	5.1255
-0.761008	0.561042	5.14686	5.12518
-0.767907	0.554799	5.14489	5.1255
-0.771193	0.556113	5.14357	5.1255
-0.767907	0.558742	5.1439	5.12485
-0.773492	0.552171	5.14555	5.12485
-0.775135	0.5479	5.14719	5.12748
-0.775792	0.551842	5.1462	5.12846
-0.777106	0.546914	5.14456	5.12748
-0.78072	0.551514	5.14522	5.12518
-0.784334	0.551842	5.14587	5.12386
-0.787948	0.550857	5.1462	5.12485
-0.789919	0.547243	5.14423	5.12649
-0.787291	0.545272	5.14292	5.12945
-0.790577	0.541	5.14226	5.1278
-0.793533	0.531473	5.1416	5.12518
-0.800433	0.530159	5.14062	5.1255
-0.800433	0.526545	5.13963	5.12649
-0.799447	0.526545	5.14127	5.12715
-0.805689	0.521617	5.14259	5.12649
-0.811932	0.524902	5.1439	5.12419
-0.810946	0.529502	5.1439	5.12452
-0.815217	0.52753	5.1439	5.12452
-0.81456	0.527859	5.14325	5.12583
-0.819817	0.53213	5.14259	5.12748
-0.822445	0.541	5.14226	5.12649
-0.830659	0.541329	5.14325	5.12452
-0.826716	0.553814	5.14489	5.12353
-0.827702	0.561699	5.14423	5.12353
-0.824416	0.569255	5.14423	5.12518
-0.824416	0.573526	5.14226	5.12748
-0.826387	0.569912	5.14029	5.12813
-0.825073	0.566298	5.1416	5.12846
-0.82573	0.56597	5.14357	5.1278
-0.82573	0.568269	5.1439	5.12616
-0.818831	0.576812	5.14357	5.12682
-0.815546	0.577469	5.14193	5.12879
-0.811275	0.580425	5.14226	5.12945
-0.807004	0.583711	5.14325	5.12945
-0.803718	0.585682	5.14325	5.12748
-0.798461	0.593896	5.14423	5.12616
-0.796819	0.599152	5.14423	5.12485
-0.795505	0.601781	5.14193	5.12583
-0.786963	0.60408	5.14029	5.12748
-0.779078	0.60638	5.14193	5.1278
-0.771521	0.609009	5.14489	5.12649
-0.757722	0.619193	5.14653	5.12616
-0.750823	0.620508	5.1462	5.12682
-0.747538	0.613937	5.14653	5.12649
-0.740638	0.614922	5.14456	5.12616
-0.734725	0.61328	5.14193	5.1278
-0.728811	0.614922	5.14095	5.12912
-0.721254	0.620836	5.14127	5.12846
-0.714684	0.62445	5.14292	5.12748
-0.709098	0.621822	5.14292	5.12518
-0.706799	0.624121	5.1416	5.1255
-0.702199	0.628392	5.14127	5.12649
-0.704827	0.632335	5.14292	5.12649
-0.693985	0.632664	5.14456	5.12616
-0.687743	0.639891	5.14555	5.12616
-0.678544	0.645148	5.14522	5.12583
-0.680844	0.648434	5.14456	5.12485
-0.676573	0.648105	5.14456	5.12715
-0.668031	0.65829	5.14456	5.12846
-0.669673	0.661575	5.14456	5.12748
-0.665074	0.665518	5.1439	5.12616
-0.667374	0.667817	5.14522	5.12682
-0.660474	0.670446	5.14686	5.12715
-0.664088	0.672089	5.14752	5.12715
-0.665731	0.675045	5.14456	5.1255
-0.669673	0.674717	5.1416	5.12485
-0.673944	0.677674	5.13996	5.12485
-0.681172	0.674717	5.14095	5.12518
-0.690372	0.675374	5.14456	5.12715
-0.695628	0.679645	5.14587	5.12813
-0.694314	0.685559	5.14522	5.12649
-0.700228	0.69213	5.14423	5.12583
-0.71107	0.688187	5.14325	5.1278
-0.715341	0.691801	5.14357	5.12846
-0.71994	0.695743	5.14522	5.12813
-0.726511	0.694429	5.14587	5.12583
-0.718298	0.696729	5.14555	5.12386
-0.721911	0.693444	5.14325	5.12353
-0.715669	0.694429	5.1416	5.12386
-0.716326	0.696072	5.14193	5.12518
-0.718626	0.690158	5.14357	5.12649
-0.724211	0.688844	5.14587	5.1255
-0.728811	0.688187	5.14653	5.12353
-0.731768	0.686216	5.1462	5.1232
-0.731439	0.688844	5.14423	5.12386
-0.727497	0.688516	5.14193	5.12485
-0.734396	0.690487	5.1416	5.12583
-0.730454	0.687858	5.14423	5.12353
-0.729139	0.684573	5.1462	5.1232
-0.731439	0.680302	5.1462	5.12518
-0.736039	0.674388	5.14456	5.1278
-0.737681	0.676688	5.14193	5.12715
-0.736696	0.671431	5.14127	5.12616
-0.737681	0.663218	5.14357	5.12353
-0.737024	0.662232	5.1439	5.12485
-0.737024	0.658947	5.14456	5.12715
-0.730782	0.662561	5.14489	5.12616
-0.734396	0.657304	5.14587	5.1255
-0.733739	0.651719	5.14587	5.12419
-0.730782	0.650733	5.14522	5.12419
-0.729796	0.649419	5.14423	5.12485
-0.727825	0.644491	5.14259	5.12518
-0.727168	0.647119	5.14259	5.1255
-0.730782	0.658618	5.14259	5.12452
-0.718298	0.660261	5.14292	5.12518
-0.720926	0.647119	5.14193	5.12452
-0.716983	0.648105	5.14259	5.12419
-0.718298	0.641863	5.14259	5.1232
-0.721911	0.638577	5.14357	5.12255
-0.724211	0.636606	5.14456	5.12353
-0.727168	0.627078	5.14489	5.12583
-0.730454	0.627407	5.14489	5.1255
-0.728154	0.632664	5.1439	5.12419
-0.728482	0.63792	5.14423	5.12419
-0.72454	0.637592	5.14423	5.12419
-0.72454	0.635949	5.14456	5.12485
-0.728154	0.631021	5.14456	5.12419
-0.731768	0.635292	5.14357	5.12353
-0.731111	0.637263	5.1439	5.12485
-0.739324	0.633978	5.14325	5.12649
-0.746552	0.632006	5.14226	5.12649
-0.746223	0.632664	5.14226	5.1278
-0.747866	0.630035	5.14357	5.12682
-0.746223	0.632335	5.14489	5.1255
-0.748523	0.632664	5.14587	5.12386
-0.752794	0.628064	5.1439	5.12452
-0.75148	0.631678	5.14062	5.12452
-0.752466	0.62215	5.13963	5.12353
-0.759694	0.617551	5.14029	5.12452
-0.760679	0.620836	5.14292	5.12452
-0.763308	0.616894	5.1439	5.12485
-0.770207	0.621493	5.14456	5.12386
-0.773164	0.615908	5.14325	5.12419
-0.770536	0.624121	5.14259	5.12452
-0.772835	0.621165	5.14226	5.12518
-0.780063	0.621822	5.14193	5.12419
-0.782692	0.616565	5.14259	5.12353
-0.786634	0.610651	5.14292	5.12386
-0.791562	0.601452	5.14357	5.12485
-0.792219	0.60408	5.14357	5.12583
-0.790905	0.604738	5.14292	5.12452
-0.787948	0.599809	5.1439	5.1232
-0.792876	0.596853	5.14555	5.12386
-0.795833	0.591924	5.14555	5.12353
-0.799119	0.588968	5.14423	5.12452
-0.796819	0.586339	5.14423	5.1255
-0.797476	0.590939	5.1439	5.12518
-0.791234	0.603423	5.1439	5.12452
-0.781377	0.607366	5.14555	5.12353
-0.772178	0.614922	5.14752	5.12222
-0.772507	0.615251	5.14752	5.12288
-0.763965	0.620836	5.14489	5.12485
-0.759037	0.616236	5.14062	5.12649
-0.761336	0.611308	5.13996	5.12715
-0.754766	0.615579	5.14095	5.12813
-0.760679	0.612951	5.14095	5.1278
-0.757394	0.607037	5.1416	5.12715
-0.752137	0.60408	5.1416	5.12649
-0.751152	0.602438	5.14226	5.12419
-0.746223	0.603423	5.14325	5.12452
-0.744909	0.601124	5.14325	5.12616
-0.743595	0.604409	5.14127	5.12715
-0.748523	0.605395	5.13897	5.12649
-0.739981	0.60868	5.13996	5.12452
-0.740967	0.609009	5.14193	5.12255
-0.745895	0.612294	5.1416	5.12222
-0.739324	0.609009	5.1416	5.1232
-0.732096	0.615908	5.14193	5.12485
-0.728811	0.607366	5.14292	5.1278
-0.733082	0.60638	5.14357	5.12879
-0.729139	0.611637	5.14357	5.12846
-0.726182	0.610323	5.1439	5.12813
-0.72224	0.608351	5.14292	5.12715
-0.726182	0.605066	5.14357	5.12518
-0.723554	0.602766	5.14325	5.12419
-0.722569	0.603752	5.14292	5.12386
-0.726511	0.600138	5.1439	5.12485
-0.732753	0.598824	5.1439	5.1255
-0.739653	0.602109	5.14226	5.12485
-0.734396	0.605066	5.14292	5.12485
-0.740638	0.601124	5.14325	5.12715
-0.742281	0.598167	5.14423	5.12846
-0.743267	0.597838	5.14555	5.12846
-0.745238	0.589625	5.14719	5.12649
-0.746552	0.589953	5.14719	5.12485
-0.752466	0.59061	5.14686	5.12419
-0.756737	0.598495	5.14653	5.12485
-0.753451	0.594553	5.1439	5.12485
-0.757394	0.599152	5.14193	5.12616
-0.75838	0.601781	5.1416	5.1278
-0.759037	0.599481	5.14292	5.12649
-0.755423	0.601452	5.14357	5.12452
-0.757394	0.603095	5.14423	5.1255
-0.753451	0.606709	5.14456	5.12583
-0.75378	0.609337	5.14259	5.12649
-0.756737	0.611965	5.14029	5.12682
-0.75608	0.609994	5.14127	5.12912
-0.75838	0.605723	5.14456	5.12977
-0.75378	0.610323	5.14785	5.12879
-0.746552	0.616565	5.14686	5.12682
-0.745238	0.616894	5.14325	5.12518
-0.744581	0.621822	5.14226	5.12452
-0.738996	0.623793	5.14259	5.12485
-0.731439	0.622479	5.14522	5.12682
-0.729796	0.621165	5.14686	5.12649
-0.726511	0.618865	5.14555	5.12583
-0.711727	0.622479	5.14423	5.1255
-0.711398	0.627735	5.1439	5.12485
-0.712712	0.627407	5.1439	5.1255
-0.70417	0.631678	5.14489	5.1278
-0.703185	0.635292	5.14587	5.12813
-0.694314	0.639563	5.14752	5.12682
-0.692014	0.63792	5.14653	5.1255
-0.689714	0.641534	5.1439	5.12353
-0.6907	0.638906	5.14292	5.1232
-0.687415	0.643834	5.14325	5.12386
-0.682487	0.642848	5.14292	5.12452
-0.684786	0.644491	5.14226	5.1255
-0.684129	0.642191	5.1439	5.12485
-0.682487	0.647776	5.1439	5.12518
-0.67953	0.646462	5.14456	5.12649
-0.681172	0.653362	5.14423	5.1255
-0.686758	0.656647	5.14259	5.1255
-0.691357	0.652705	5.14226	5.12682
-0.697928	0.650076	5.1416	5.12616
-0.699571	0.651719	5.1416	5.12386
-0.696614	0.653362	5.14193	5.12255
-0.704499	0.658618	5.14193	5.12452
-0.704827	0.659275	5.14127	5.12583
-0.706142	0.658947	5.14127	5.12682
-0.714355	0.652705	5.14193	5.12682
-0.72454	0.648105	5.14489	5.12583
-0.722897	0.648434	5.14555	5.12452
-0.72684	0.649419	5.14555	5.12419
-0.729796	0.649748	5.14587	5.12419
-0.727497	0.657304	5.1462	5.12715
-0.729468	0.661247	5.14489	5.1278
-0.733082	0.661247	5.1439	5.12682
-0.73341	0.662889	5.14456	5.12616
-0.733082	0.66716	5.14456	5.12649
-0.739324	0.672089	5.14292	5.12583
-0.740967	0.673731	5.14029	5.1278
-0.743595	0.67406	5.14029	5.12715
-0.744581	0.662889	5.14127	5.12649
-0.738339	0.660918	5.14095	5.12813
-0.742281	0.656647	5.14325	5.12748
-0.745566	0.650733	5.14686	5.12583
-0.746881	0.647448	5.14752	5.12386
-0.743924	0.646791	5.14522	5.12386
-0.752794	0.643834	5.14095	5.1255
-0.754437	0.639563	5.14193	5.12715
-0.758708	0.63792	5.14456	5.12616
-0.766264	0.632335	5.14555	5.12616
-0.760679	0.630035	5.14357	5.12616
-0.763308	0.628064	5.14292	5.1255
-0.766922	0.626421	5.1439	5.12682
-0.773492	0.624121	5.14456	5.1278
-0.773492	0.613937	5.14489	5.1278
-0.773492	0.611965	5.14423	5.12813
-0.777763	0.60868	5.14259	5.12912
-0.784006	0.600466	5.1416	5.12977
-0.78532	0.599809	5.14193	5.1301
-0.787948	0.599152	5.14259	5.12912
-0.790577	0.592253	5.14193	5.12682
-0.787948	0.602766	5.14292	5.12682
-0.792219	0.605066	5.14423	5.12616
-0.793533	0.601452	5.14423	5.12353
-0.796162	0.60638	5.1416	5.1232
-0.800761	0.600795	5.14062	5.1255
-0.80339	0.591267	5.14095	5.12583
-0.801418	0.586668	5.14259	5.12715
-0.804047	0.578454	5.14489	5.12813
-0.802075	0.581411	5.14489	5.12813
-0.806346	0.573198	5.14522	5.12682
-0.798133	0.576812	5.14555	5.12485
-0.799119	0.575497	5.14653	5.12353
-0.80339	0.570241	5.14489	5.12353
-0.807661	0.567612	5.14292	5.12485
-0.805689	0.566298	5.14226	5.12649
-0.805361	0.571226	5.1439	5.12583
-0.806675	0.566298	5.14423	5.12452
-0.812917	0.569912	5.14259	5.12353
-0.815546	0.572212	5.14193	5.12419
-0.821788	0.563013	5.1393	5.12485
-0.835258	0.556442	5.13996	5.12452
-0.83493	0.551185	5.14127	5.12386
-0.836572	0.543629	5.14292	5.12156
-0.844129	0.538701	5.14456	5.12123
-0.843143	0.537058	5.14456	5.1232
-0.850371	0.52983	5.14357	5.12583
-0.845443	0.53443	5.14226	5.12846
-0.842157	0.538701	5.14193	5.12945
-0.842486	0.538701	5.14357	5.12748
-0.8461	0.535744	5.14522	5.12419
-0.842815	0.541986	5.14522	5.12419
-0.8461	0.542643	5.1439	5.12518
-0.847414	0.540672	5.14292	5.12583
-0.844129	0.547571	5.14292	5.12879
-0.840515	0.547571	5.14423	5.12879
-0.836901	0.551514	5.14489	5.12715
-0.842157	0.550528	5.14555	5.12419
-0.839529	0.554799	5.14555	5.1232
-0.841172	0.554799	5.14522	5.1232
-0.840515	0.550857	5.14456	5.1255
-0.838543	0.558742	5.14259	5.12748
-0.842486	0.561042	5.14357	5.12715
-0.841172	0.566627	5.14456	5.1255
-0.842157	0.567941	5.14653	5.12518
-0.842157	0.569255	5.14653	5.12518
-0.839529	0.568598	5.14522	5.12583
-0.836572	0.56597	5.1439	5.1255
-0.827045	0.566627	5.14325	5.12452
-0.826387	0.571555	5.14357	5.12616
-0.822445	0.572212	5.1439	5.12583
-0.814889	0.576154	5.14522	5.12682
-0.81226	0.580754	5.1462	5.12682
-0.804047	0.58174	5.14489	5.12715
-0.804375	0.585025	5.14325	5.12813
-0.800761	0.592581	5.14226	5.12879
-0.789262	0.594881	5.14325	5.12846
-0.777763	0.602109	5.14489	5.12715
-0.772178	0.60408	5.14555	5.12682
-0.76725	0.615579	5.14555	5.12682
-0.761993	0.623793	5.14522	5.12715
-0.763636	0.62445	5.14423	5.12748
-0.756737	0.627407	5.14357	5.12682
-0.749837	0.632664	5.14325	5.12616
-0.739324	0.630692	5.14456	5.12518
-0.736696	0.62675	5.14587	5.12485
-0.736696	0.62445	5.1439	5.1255
-0.725197	0.632006	5.1439	5.12583
-0.720269	0.632335	5.14292	5.12649
-0.717312	0.631349	5.14095	5.12748
-0.712712	0.631678	5.14226	5.12485
-0.713369	0.63792	5.14555	5.12386
-0.71107	0.647448	5.14719	5.12485
-0.712384	0.640549	5.14653	5.1255
-0.705813	0.643177	5.14357	5.12616
-0.706142	0.642191	5.1416	5.12583
-0.709098	0.643505	5.14292	5.12485
-0.709755	0.644491	5.14522	5.12255
-0.707784	0.650733	5.1439	5.12058
-0.705156	0.66059	5.14193	5.12123
-0.710413	0.661904	5.14062	5.12222
-0.713041	0.664532	5.14029	5.12386
-0.721911	0.658618	5.14095	5.1232
-0.727168	0.659275	5.14292	5.12353
-0.72454	0.659275	5.14522	5.12419
-0.719612	0.659604	5.14587	5.12518
-0.715998	0.662232	5.14653	5.12452
-0.715998	0.662889	5.14555	5.12419
-0.71107	0.662232	5.14555	5.12485
-0.707456	0.666832	5.14522	5.12518
-0.711398	0.668146	5.1439	5.12419
-0.716326	0.661575	5.14423	5.12123
-0.715341	0.662232	5.14357	5.12189
-0.715012	0.665846	5.14357	5.12353
-0.715341	0.670117	5.14325	5.1255
-0.713041	0.668146	5.1439	5.12715
-0.712712	0.681945	5.14653	5.12682
-0.707456	0.681616	5.14817	5.12748
-0.705813	0.677345	5.14686	5.12748
-0.708113	0.67636	5.14423	5.12583
-0.708441	0.677017	5.14325	5.12419
-0.716983	0.676031	5.1439	5.12452
-0.725854	0.673403	5.14292	5.12682
-0.72684	0.672746	5.14193	5.12682
-0.727825	0.67176	5.14259	5.12649
-0.729796	0.67406	5.1439	5.1255
-0.72684	0.678988	5.14456	5.12518
-0.727168	0.672746	5.14423	5.12518
-0.728482	0.66716	5.14325	5.1255
-0.730454	0.662232	5.14193	5.1255
-0.733082	0.659604	5.14226	5.12485
-0.730454	0.656319	5.14456	5.12156
-0.731439	0.653033	5.14456	5.1186
-0.734396	0.65369	5.14259	5.12025
-0.730782	0.649091	5.14226	5.12222
-0.735053	0.642191	5.1416	5.12452
-0.737681	0.647448	5.14259	5.12616
-0.733082	0.647448	5.14456	5.12616
-0.73571	0.646134	5.14555	5.12386
-0.742281	0.642848	5.14423	5.12288
-0.739324	0.64252	5.14357	5.12353
-0.737681	0.63792	5.14357	5.12583
-0.736696	0.633978	5.14292	5.12748
-0.731439	0.632992	5.14325	5.12912
-0.740967	0.625764	5.14292	5.12682
-0.741952	0.621165	5.14292	5.12583
-0.744252	0.617222	5.14325	5.12419
-0.746881	0.614922	5.14456	5.12386
-0.752794	0.614265	5.14325	5.12353
-0.756408	0.610323	5.14292	5.12518
-0.758051	0.612623	5.14292	5.12682
-0.760351	0.606052	5.14292	5.12813
-0.759365	0.604738	5.14292	5.12649
-0.763636	0.611308	5.14522	5.12419
-0.766593	0.610651	5.14456	5.12386
-0.770207	0.611308	5.14456	5.12419
-0.774149	0.604738	5.14423	5.12616
-0.772178	0.606052	5.1416	5.12748
-0.782034	0.598167	5.14095	5.12846
-0.782363	0.601452	5.1416	5.12945
-0.78302	0.598824	5.14259	5.1278
-0.784334	0.603095	5.14193	5.12452
-0.784991	0.603095	5.14226	5.12518
-0.783677	0.600466	5.14193	5.12682
-0.788277	0.592253	5.14259	5.12748
-0.789591	0.59061	5.14325	5.12649
-0.791234	0.589953	5.14357	5.12715
-0.790905	0.59751	5.14456	5.12748
-0.787948	0.602766	5.14325	5.1278
-0.784334	0.610323	5.13996	5.12583
-0.784334	0.616894	5.13865	5.12485
-0.777763	0.622479	5.14062	5.1255
-0.775792	0.623793	5.14259	5.12518
-0.772507	0.617879	5.14489	5.1255
-0.774807	0.616236	5.1462	5.12715
-0.773821	0.609009	5.14522	5.12813
-0.775464	0.608023	5.14325	5.12748
-0.769221	0.615579	5.14226	5.12616
-0.770536	0.612294	5.14423	5.12682
-0.770207	0.615251	5.1462	5.12715
-0.774149	0.615908	5.14653	5.12813
-0.779078	0.617222	5.14522	5.12715
-0.775792	0.616894	5.14357	5.12682
-0.778421	0.61328	5.1416	5.12748
-0.776449	0.615251	5.1416	5.12879
-0.776121	0.611637	5.14489	5.1278
-0.775792	0.610323	5.14653	5.12649
-0.776449	0.605395	5.14456	5.12419
-0.783349	0.593239	5.14292	5.12353
-0.781706	0.590939	5.14193	5.12353
-0.774149	0.596195	5.14193	5.12386
-0.778749	0.58831	5.14325	5.12419
-0.773821	0.58831	5.14292	5.12419
-0.769878	0.591596	5.14325	5.12485
-0.770536	0.59291	5.14226	5.12518
-0.76495	0.59521	5.14127	5.12518
-0.764622	0.594553	5.14095	5.1255
-0.764293	0.600795	5.14193	5.12485
-0.763965	0.603423	5.1439	5.12518
-0.758708	0.60408	5.14653	5.12649
-0.75608	0.599481	5.14555	5.12682
-0.756408	0.601452	5.14325	5.12715
-0.753123	0.60868	5.14193	5.1255
-0.755751	0.604738	5.14193	5.12485
-0.759365	0.606709	5.14357	5.12419
-0.761008	0.607366	5.14522	5.12452
-0.76725	0.606052	5.14423	5.12485
-0.777106	0.604409	5.14456	5.12419
-0.778749	0.604738	5.14456	5.12353
-0.775792	0.603095	5.14259	5.12649
-0.779078	0.601452	5.14029	5.12813
-0.777763	0.598824	5.14062	5.1278
-0.778092	0.59751	5.14029	5.12583
-0.776121	0.599809	5.14062	5.12189
-0.775135	0.603423	5.14292	5.12156
-0.784991	0.601452	5.14357	5.12452
-0.780063	0.60408	5.14423	5.12649
-0.776778	0.604738	5.14456	5.12846
-0.781049	0.604409	5.14587	5.13043
-0.777763	0.609009	5.14719	5.12977
-0.782363	0.60868	5.14752	5.1278
-0.78762	0.601452	5.14555	5.1255
-0.787291	0.603423	5.1462	5.12452
-0.781049	0.604738	5.14719	5.12485
-0.776778	0.60408	5.14555	5.12649
-0.777106	0.60408	5.14555	5.12616
-0.779078	0.596195	5.14522	5.12583
-0.776121	0.594224	5.14423	5.12452
-0.771521	0.601124	5.14357	5.12485
-0.769878	0.60408	5.14357	5.1255
-0.763965	0.609994	5.1439	5.1255
-0.75378	0.617879	5.14357	5.12485
-0.752794	0.619522	5.1439	5.12518
-0.74918	0.628064	5.14423	5.12616
-0.748195	0.632335	5.14456	5.1255
-0.744909	0.636606	5.14357	5.12485
-0.744581	0.640549	5.14193	5.12419
-0.74261	0.636606	5.14029	5.12518
-0.739653	0.64022	5.13996	5.12649
-0.736367	0.644162	5.1416	5.12649
-0.72684	0.648762	5.14423	5.1255
-0.728811	0.64252	5.14259	5.1255
-0.731111	0.632335	5.14127	5.12583
-0.731111	0.631678	5.14029	5.12616
-0.725854	0.631349	5.14226	5.12616
-0.719283	0.628392	5.1439	5.12583
-0.715341	0.638249	5.14456	5.1255
-0.713369	0.63792	5.14555	5.12583
-0.712712	0.644491	5.14587	5.12682
-0.715669	0.643505	5.14325	5.1255
-0.706799	0.643177	5.14226	5.12682
-0.706142	0.641863	5.14259	5.1278
-0.710413	0.64482	5.14325	5.12748
-0.718298	0.640549	5.1439	5.1278
-0.719612	0.641863	5.14555	5.12682
-0.72224	0.643505	5.14555	5.12419
-0.718298	0.644491	5.14653	5.12419
-0.715341	0.638249	5.14587	5.12616
-0.715998	0.639234	5.14456	5.12649
-0.72454	0.633649	5.14357	5.12649
-0.727825	0.634963	5.14489	5.12518
-0.732425	0.627407	5.1462	5.12485
-0.737024	0.628721	5.1462	5.12485
-0.741295	0.628064	5.14357	5.12518
-0.745566	0.622807	5.14029	5.12813
-0.74918	0.626421	5.14062	5.1301
-0.747538	0.62905	5.14259	5.12879
-0.759037	0.622807	5.1439	5.12682
-0.761336	0.621493	5.14423	5.1255
-0.763308	0.625107	5.14522	5.12485
-0.76495	0.622807	5.14423	5.1255
-0.767907	0.620508	5.1416	5.1255
-0.772835	0.622479	5.14062	5.12649
-0.772835	0.627078	5.14127	5.12879
-0.774807	0.625107	5.14259	5.12945
-0.777763	0.619193	5.14522	5.12715
-0.780392	0.614922	5.1462	5.12682
-0.782363	0.613937	5.14522	5.12715
-0.778092	0.616894	5.14259	5.1278
-0.777763	0.610323	5.14193	5.12912
-0.781049	0.60868	5.14193	5.12846
-0.781706	0.60638	5.14259	5.12649
-0.780392	0.602766	5.1416	5.1255
-0.780392	0.610323	5.14292	5.12518
-0.778421	0.607037	5.1439	5.12485
-0.779078	0.607694	5.14489	5.12452
-0.774149	0.61098	5.14423	5.12583
-0.768893	0.607694	5.14292	5.1255
-0.769878	0.603752	5.14193	5.12419
-0.772835	0.596853	5.1416	5.12189
-0.781377	0.585682	5.14127	5.1232
-0.779735	0.582397	5.1416	5.1255
-0.785648	0.582397	5.14226	5.12649
-0.781377	0.57944	5.14292	5.12649
-0.780063	0.578454	5.14423	5.12583
-0.777763	0.567941	5.14456	5.12452
-0.782363	0.56367	5.14456	5.12353
-0.784334	0.56367	5.14292	5.12288
-0.784334	0.556442	5.1416	5.12518
-0.78302	0.554799	5.14226	5.12682
-0.78072	0.561699	5.14259	5.12748
-0.785977	0.55907	5.14325	5.12682
-0.782692	0.564655	5.14489	5.1255
-0.788934	0.551842	5.14653	5.12485
-0.78532	0.554142	5.14587	5.12386
-0.791234	0.553157	5.14292	5.12419
-0.792219	0.549214	5.14095	5.12682
-0.79879	0.545272	5.1416	5.12748
-0.804375	0.541986	5.14259	5.12616
-0.813903	0.533773	5.14423	5.12485
-0.815546	0.531144	5.1462	5.12222
-0.821459	0.531473	5.14522	5.12419
-0.826716	0.531473	5.14292	5.12748
-0.827702	0.52983	5.14127	5.12846
-0.830001	0.535087	5.14226	5.12715
-0.83033	0.531144	5.14423	5.1255
-0.833944	0.525559	5.14555	5.12288
-0.834601	0.519974	5.14522	5.12222
-0.8415	0.51866	5.1439	5.12386
-0.844129	0.521945	5.14259	5.12452
-0.8484	0.518003	5.14292	5.1255
-0.851028	0.517017	5.14489	5.12583
-0.850042	0.515703	5.14522	5.12419
-0.851685	0.516688	5.1439	5.1232
-0.847743	0.524573	5.14193	5.12485
-0.842157	0.527202	5.13996	5.12583
-0.842486	0.524902	5.13963	5.12518
-0.83493	0.536072	5.14193	5.12386
-0.834272	0.52983	5.14259	5.12485
-0.842486	0.527202	5.14259	5.12583
-0.840186	0.533444	5.14259	5.12485
-0.83263	0.538044	5.1416	5.12518
-0.832958	0.539029	5.14193	5.12715
-0.831644	0.533115	5.1416	5.12912
-0.82803	0.533115	5.14029	5.12879
-0.824745	0.528516	5.14095	5.12682
-0.823431	0.532787	5.14325	5.12353
-0.820802	0.52983	5.14259	5.12222
-0.816203	0.534758	5.14226	5.12255
-0.80996	0.535415	5.14226	5.12353
-0.809632	0.538372	5.14325	5.12518
-0.810618	0.53443	5.1439	5.12813
-0.807332	0.53443	5.14292	5.12912
-0.800761	0.540015	5.14325	5.12682
-0.794519	0.537387	5.14325	5.12419
-0.785977	0.540672	5.14259	5.12485
-0.779735	0.545272	5.1416	5.12682
-0.774807	0.545929	5.14193	5.12748
-0.774478	0.537715	5.14292	5.12616
-0.771521	0.542643	5.14357	5.12616
-0.769221	0.546586	5.14357	5.12518
-0.765607	0.541	5.1439	5.12419
-0.762979	0.544286	5.1439	5.12419
-0.75608	0.542315	5.14325	5.12485
-0.750495	0.542972	5.14226	5.12419
-0.745566	0.538372	5.1416	5.12518
-0.744581	0.542315	5.14193	5.12748
-0.738339	0.546914	5.14226	5.12649
-0.732096	0.553157	5.14325	5.12682
-0.73341	0.561699	5.14325	5.12715
-0.738667	0.562684	5.14292	5.1278
-0.732096	0.564655	5.14489	5.12748
-0.721911	0.571555	5.14587	5.12649
-0.720926	0.573198	5.14522	5.12386
-0.717312	0.578783	5.14325	5.12353
-0.716326	0.579111	5.14325	5.1232
-0.714355	0.587325	5.14193	5.1232
-0.70647	0.584368	5.13996	5.12518
-0.710741	0.589625	5.1393	5.1278
-0.709098	0.591924	5.14193	5.12682
-0.709755	0.598495	5.14522	5.12518
-0.710084	0.599481	5.14522	5.12452
-0.710413	0.605395	5.14259	5.12583
-0.711398	0.604738	5.14095	5.12813
-0.72224	0.608023	5.14127	5.12879
-0.726182	0.609337	5.14259	5.12715
-0.724211	0.612623	5.14325	5.12518
-0.729139	0.601124	5.1439	5.12419
-0.718626	0.600138	5.14456	5.12518
-0.724211	0.606709	5.14555	5.12813
-0.719612	0.601781	5.14423	5.12846
-0.717969	0.603423	5.14325	5.12748
-0.717312	0.600138	5.14259	5.12583
-0.720926	0.598824	5.14423	5.12682
-0.714026	0.597181	5.14456	5.12583
-0.711398	0.594553	5.14325	5.12518
-0.713698	0.599481	5.1416	5.12419
-0.712055	0.599152	5.14095	5.12485
-0.70877	0.603752	5.14226	5.12583
-0.707127	0.599481	5.14357	5.12518
-0.709755	0.595538	5.14555	5.12485
-0.703185	0.597181	5.1462	5.12616
-0.702856	0.600138	5.14522	5.1278
-0.699242	0.601124	5.14357	5.12813
-0.70187	0.602109	5.14357	5.12912
-0.70647	0.595867	5.1439	5.12977
-0.70877	0.590282	5.14456	5.12912
-0.713369	0.59061	5.14423	5.12715
-0.710741	0.592253	5.14292	5.12518
-0.710084	0.592581	5.14193	5.12485
-0.70647	0.590282	5.14193	5.12583
-0.699571	0.595538	5.14226	5.12649
-0.694971	0.59751	5.14193	5.12682
-0.693328	0.601781	5.14259	5.12682
-0.691029	0.594553	5.1416	5.12583
-0.693657	0.594553	5.1416	5.12386
-0.696942	0.600138	5.1416	5.12452
-0.703513	0.600138	5.14226	5.12583
-0.704827	0.604738	5.1439	5.1278
-0.70647	0.607037	5.14489	5.12682
-0.712712	0.603095	5.14489	5.12518
-0.719612	0.600795	5.14522	5.12353
-0.719612	0.600466	5.14555	5.12616
-0.715012	0.591924	5.14653	5.12813
-0.720926	0.584368	5.14555	5.12879
-0.723554	0.583382	5.14522	5.1278
-0.726182	0.583054	5.14555	5.12583
-0.723554	0.58831	5.1439	5.12682
-0.719612	0.582725	5.14325	5.12616
-0.710413	0.589953	5.14193	5.12485
-0.709098	0.592581	5.14095	5.12419
-0.705484	0.597838	5.14062	5.12485
-0.705813	0.594881	5.14029	5.12518
-0.707456	0.596195	5.14095	5.12682
-0.714684	0.594553	5.14193	5.12518
-0.717969	0.586996	5.14292	5.12452
-0.724211	0.594881	5.14292	5.12452
-0.739653	0.598167	5.14193	5.12452
-0.750495	0.594881	5.14095	5.1255
-0.759694	0.59291	5.14062	5.1278
-0.757065	0.593239	5.14193	5.12748
-0.75838	0.592253	5.1439	5.12649
-0.762322	0.588968	5.14522	5.12485
-0.76495	0.592253	5.14489	5.12419
-0.767579	0.583382	5.1439	5.12485
-0.771193	0.579111	5.1416	5.12649
-0.770207	0.576812	5.14292	5.12715
-0.770536	0.570569	5.14522	5.12649
-0.776121	0.562356	5.1462	5.12682
-0.779078	0.56367	5.14555	5.12715
-0.775135	0.563013	5.1439	5.1278
-0.778421	0.565641	5.14259	5.12748
-0.779735	0.563013	5.14127	5.12452
-0.775464	0.565313	5.14226	5.1232
-0.776121	0.568927	5.14357	5.12288
-0.779078	0.565313	5.14456	5.12419
-0.773821	0.569255	5.14423	5.12485
-0.773164	0.569912	5.14325	5.12518
-0.772178	0.568927	5.14423	5.12485
-0.770536	0.56597	5.14555	5.12485
-0.775792	0.564655	5.14555	5.1255
-0.779735	0.571555	5.14587	5.12485
-0.78072	0.567941	5.14555	5.12518
-0.779078	0.562684	5.14423	5.12485
-0.76955	0.567612	5.14292	5.12583
-0.765607	0.566298	5.14193	5.1255
-0.765607	0.574512	5.14292	5.12616
-0.761665	0.582397	5.14522	5.12682
-0.759694	0.58174	5.14555	5.12813
-0.754437	0.58174	5.14456	5.12748
-0.750823	0.582068	5.1439	5.12748
-0.752137	0.580754	5.1439	5.12715
-0.747866	0.584368	5.14292	5.12649
-0.741952	0.585354	5.14325	5.12649
-0.74261	0.586668	5.14456	5.12518
-0.73571	0.58831	5.14522	5.12583
-0.731111	0.586011	5.14456	5.1255
-0.733082	0.586011	5.1439	5.12419
-0.729139	0.581411	5.1416	5.12419
-0.725525	0.582068	5.14095	5.12485
-0.722569	0.59061	5.14226	5.1255
-0.721254	0.589625	5.14423	5.12649
-0.716983	0.586668	5.1462	5.12649
-0.709427	0.582725	5.14587	5.12682
-0.710084	0.581083	5.14325	5.12649
-0.706142	0.581411	5.14062	5.12616
-0.704827	0.585025	5.14029	5.12583
-0.709755	0.582725	5.14325	5.12452
-0.70647	0.58831	5.14587	5.12583
-0.712055	0.589625	5.14587	5.12616
-0.709098	0.595538	5.14357	5.12649
-0.716983	0.600466	5.14226	5.12452
-0.716983	0.604738	5.14325	5.12583
-0.71764	0.603752	5.14357	5.12715
-0.718955	0.60868	5.14555	5.12813
-0.723226	0.611965	5.14587	5.12682
-0.725854	0.61098	5.1439	5.12419
-0.728811	0.613937	5.14226	5.12255
-0.725525	0.621165	5.1416	5.12419
-0.726182	0.615579	5.14062	5.12583
-0.728154	0.625764	5.14095	5.12583
-0.724211	0.624779	5.14095	5.12583
-0.719612	0.629378	5.14062	5.12419
-0.718955	0.628721	5.14325	5.12353
-0.716983	0.626093	5.14522	5.12485
-0.710413	0.629707	5.14357	5.12649
-0.710413	0.628064	5.1439	5.1278
-0.704499	0.630035	5.14325	5.1278
-0.700228	0.632992	5.14259	5.12748
-0.705813	0.628392	5.14127	5.12715
-0.696614	0.638906	5.14095	5.12616
-0.700228	0.637592	5.14193	5.1255
-0.700228	0.636277	5.14259	5.1255
-0.697928	0.639891	5.14292	5.12583
-0.691357	0.646134	5.1416	5.12649
-0.691686	0.650405	5.14062	5.12518
-0.687743	0.653362	5.14226	5.12386
-0.689057	0.650076	5.14226	5.1232
-0.698585	0.646791	5.14226	5.12583
-0.6953	0.647448	5.14226	5.12748
-0.699242	0.648762	5.14292	5.12813
-0.702199	0.648762	5.14357	5.12846
-0.703513	0.643505	5.14489	5.12616
-0.70187	0.643177	5.14555	5.12353
-0.697271	0.642191	5.1439	5.1232
-0.691686	0.648434	5.1416	5.1232
-0.698914	0.652047	5.14193	5.12485
-0.695957	0.652047	5.14456	5.12485
-0.693328	0.652047	5.14653	5.1232
-0.70187	0.651062	5.14587	5.12386
-0.698257	0.653033	5.14456	5.12452
-0.698257	0.647448	5.14292	5.12583
-0.699242	0.645805	5.14325	5.12649
-0.694643	0.649748	5.14357	5.1278
-0.687415	0.647119	5.14292	5.12813
-0.699899	0.64022	5.14325	5.12879
-0.700556	0.631678	5.1439	5.12715
-0.702856	0.623464	5.14423	5.12518
-0.703513	0.623793	5.14357	5.12583
-0.707127	0.614265	5.14325	5.12616
-0.716983	0.614594	5.14423	5.12518
-0.722897	0.609666	5.14587	5.12518
-0.725854	0.615251	5.14752	5.12649
-0.729468	0.614594	5.14883	5.12813
-0.727497	0.610323	5.14686	5.12715
-0.72684	0.618208	5.14357	5.12649
-0.728154	0.615579	5.14325	5.12616
-0.729796	0.612294	5.14456	5.12616
-0.738667	0.614265	5.14456	5.12616
-0.741295	0.609009	5.14292	5.12649
-0.750166	0.597181	5.14357	5.12649
-0.754437	0.592253	5.14489	5.12682
-0.759694	0.596195	5.14522	5.12616
-0.75378	0.598167	5.14259	5.12748
-0.757065	0.59751	5.14062	5.12715
-0.760679	0.594553	5.14127	5.12649
-0.77185	0.600795	5.1439	5.1255
-0.775135	0.602766	5.14292	5.12485
-0.773821	0.591267	5.14292	5.12353
-0.778421	0.586011	5.14325	5.12386
-0.774807	0.589953	5.14522	5.12452
-0.775135	0.593896	5.14587	5.1255
-0.771521	0.588968	5.14357	5.12682
-0.770207	0.587653	5.14259	5.12518
-0.769221	0.590282	5.14423	5.12353
-0.771521	0.586996	5.14522	5.12386
-0.774149	0.583054	5.14357	5.12386
-0.772178	0.585354	5.14193	5.12386
-0.771193	0.585682	5.14357	5.12452
-0.774149	0.578126	5.14522	5.12452
-0.783677	0.578783	5.14653	5.12616
-0.781377	0.576483	5.14587	5.1278
-0.779406	0.581083	5.14456	5.12616
-0.780063	0.582068	5.14456	5.12452
-0.782363	0.577469	5.14423	5.1255
-0.781377	0.578783	5.14423	5.12748
-0.788934	0.578454	5.14456	5.12583
-0.790577	0.573855	5.14489	5.12452
-0.79419	0.576483	5.14719	5.12452
-0.790905	0.579111	5.14686	5.12715
-0.783349	0.585025	5.14522	5.12879
-0.786963	0.586996	5.14423	5.12813
-0.798133	0.581083	5.14489	5.12813
-0.804375	0.578454	5.14555	5.1255
-0.802404	0.57254	5.14653	5.12353
-0.811275	0.563013	5.14785	5.12156
-0.813903	0.560713	5.14653	5.1232
-0.815874	0.55907	5.14357	5.12616
-0.822116	0.562684	5.14325	5.1278
-0.822774	0.564655	5.14555	5.12616
-0.830001	0.55907	5.1462	5.12419
-0.83493	0.557428	5.14686	5.12353
-0.835258	0.552499	5.1462	5.12288
-0.841172	0.5479	5.14489	5.12288
-0.8415	0.546914	5.14292	5.12485
-0.844457	0.546257	5.14127	5.12518
-0.841829	0.546257	5.1416	5.1278
-0.842157	0.5479	5.14423	5.12879
-0.842815	0.547571	5.14522	5.12846
-0.842815	0.551514	5.1439	5.12518
-0.847086	0.550857	5.14456	5.12353
-0.847086	0.548557	5.1439	5.1255
-0.846428	0.550857	5.14325	5.12813
-0.844129	0.55677	5.14325	5.12846
-0.8415	0.553157	5.14522	5.12518
-0.840515	0.551842	5.14522	5.1232
-0.840186	0.552171	5.1439	5.12255
-0.840186	0.548228	5.14357	5.12386
-0.841172	0.546257	5.14423	5.12518
-0.846428	0.540343	5.14489	5.12748
-0.846757	0.547571	5.14423	5.1278
-0.852999	0.552499	5.1439	5.1278
-0.850371	0.554471	5.1439	5.1278
-0.847743	0.556442	5.14259	5.12682
-0.847743	0.558742	5.14325	5.12715
-0.847086	0.560056	5.14456	5.1255
-0.8461	0.557428	5.14522	5.12353
-0.840843	0.562356	5.14423	5.12288
-0.835258	0.567284	5.14292	5.12353
-0.831644	0.573855	5.14292	5.12353
-0.82573	0.568598	5.14226	5.12419
-0.81686	0.573526	5.13963	5.12386
-0.80996	0.573526	5.13963	5.12353
-0.807004	0.583054	5.14095	5.1255
-0.798461	0.587325	5.14259	5.12748
-0.791234	0.592581	5.14193	5.12682
-0.782363	0.598495	5.14226	5.1278
-0.779406	0.600466	5.1416	5.12912
-0.775135	0.606709	5.1416	5.12945
-0.772835	0.61098	5.14193	5.12616
-0.769221	0.611965	5.14292	5.12452
-0.756408	0.615579	5.14456	5.12386
-0.760679	0.611965	5.14489	5.12288
-0.747538	0.617551	5.14489	5.12255
-0.730782	0.623464	5.14292	5.1232
-0.72454	0.627735	5.14095	5.1255
-0.72224	0.633321	5.1416	5.12813
-0.722569	0.632006	5.14259	5.12748
-0.71764	0.630035	5.1439	5.12748
-0.715341	0.637592	5.1462	5.12682
-0.720926	0.638906	5.14587	5.12518
-0.714684	0.645148	5.14292	5.12452
-0.710413	0.65599	5.14292	5.12386
-0.707127	0.659932	5.14292	5.12452
-0.713369	0.65139	5.14325	5.12386
-0.723883	0.648762	5.14325	5.12386
-0.722897	0.645148	5.14259	5.1232
-0.719283	0.646791	5.14259	5.1232
-0.720597	0.642848	5.14127	5.12353
-0.724868	0.64252	5.1416	5.12419
-0.730125	0.637263	5.14259	5.12616
-0.736696	0.629378	5.14423	5.12813
-0.733082	0.629378	5.14555	5.1278
-0.733082	0.62675	5.14686	5.12616
-0.730782	0.631021	5.14817	5.1255
-0.737681	0.628064	5.14653	5.12649
-0.742938	0.625764	5.14325	5.12715
-0.743267	0.631678	5.1416	5.12649
-0.741624	0.636277	5.14259	5.12715
-0.744252	0.632335	5.14522	5.12846
-0.741952	0.639234	5.14587	5.12813
-0.740638	0.637263	5.14555	5.1278
-0.736367	0.637592	5.14423	5.12715
-0.734067	0.64022	5.14325	5.1255
-0.732425	0.638577	5.14456	5.12452
-0.733082	0.639234	5.14522	5.12485
-0.732753	0.638906	5.14653	5.12649
-0.729796	0.641863	5.14653	5.1255
-0.731111	0.643505	5.14489	5.12222
-0.728154	0.64022	5.14193	5.12123
-0.726182	0.644491	5.14127	5.12353
-0.73341	0.646462	5.14127	5.1255
-0.73801	0.641534	5.1416	5.12485
-0.745566	0.638249	5.1416	5.12583
-0.742281	0.640549	5.14193	5.12715
-0.74261	0.641863	5.14062	5.12649
-0.747866	0.63562	5.13963	5.1278
-0.748523	0.633978	5.14095	5.12879
-0.744252	0.631021	5.14226	5.12945
-0.741295	0.633649	5.1439	5.12813
-0.73801	0.632335	5.14653	5.12616
-0.732425	0.636606	5.14587	5.12682
-0.731111	0.635949	5.14292	5.12748
-0.730782	0.634635	5.14095	5.12715
-0.72454	0.629707	5.1416	5.12715
-0.718626	0.625764	5.14587	5.12715
-0.720597	0.620836	5.14653	5.12715
-0.720926	0.614594	5.14489	5.12649
-0.720926	0.611308	5.1416	5.12649
-0.71764	0.607037	5.13963	5.12682
-0.710413	0.607366	5.14193	5.12682
-0.713698	0.604409	5.14489	5.12682
-0.713369	0.595538	5.14423	5.1255
-0.718955	0.588639	5.1439	5.12583
-0.721911	0.581083	5.14292	5.12616
-0.724211	0.578454	5.14226	5.1255
-0.735053	0.578126	5.1416	5.12452
-0.735053	0.576154	5.14193	5.12452
-0.740638	0.574183	5.14292	5.12616
-0.736367	0.570569	5.14292	5.12813
-0.744909	0.565313	5.1439	5.1278
-0.750166	0.567612	5.14456	5.12846
-0.757065	0.563341	5.14522	5.1301
-0.765607	0.56137	5.14456	5.12977
-0.773821	0.560713	5.14062	5.12879
-0.776778	0.565641	5.14062	5.1278
-0.776449	0.567612	5.14357	5.12616
-0.775135	0.564327	5.14587	5.12452
-0.776121	0.566955	5.14587	5.12583
-0.781377	0.569255	5.1439	5.12715
-0.785648	0.56367	5.14226	5.12649
-0.788605	0.560713	5.14193	5.12649
-0.791891	0.557428	5.14423	5.1255
-0.793862	0.554471	5.14587	5.12419
-0.804704	0.5456	5.14653	5.12353
-0.807661	0.546257	5.14587	5.1255
-0.803718	0.541986	5.14423	5.12846
-0.805032	0.542643	5.14259	5.12945
-0.797476	0.547243	5.14226	5.12748
-0.803061	0.545272	5.1416	5.12715
-0.808318	0.544943	5.14259	5.12715
-0.808318	0.547571	5.1439	5.12616
-0.811275	0.5502	5.1439	5.12583
-0.809303	0.546586	5.14259	5.12813
-0.812917	0.547571	5.14325	5.12813
-0.810946	0.551514	5.14555	5.12715
-0.808975	0.542643	5.14587	5.12649
-0.803061	0.5456	5.14653	5.12715
-0.797476	0.550528	5.14653	5.1255
-0.791891	0.557428	5.14587	5.12353
-0.791891	0.549214	5.14423	5.12419
-0.788277	0.552499	5.1416	5.12715
-0.788605	0.551185	5.14226	5.12879
-0.784663	0.552171	5.14292	5.1278
-0.786305	0.545272	5.14325	5.12616
-0.783677	0.546257	5.1439	5.12518
-0.782034	0.5456	5.14325	5.12419
-0.779735	0.542972	5.14292	5.12452
-0.78302	0.537715	5.1416	5.12485
-0.776121	0.5456	5.14193	5.1255
-0.768564	0.546257	5.14325	5.12583
-0.771193	0.550528	5.14357	5.12682
-0.770207	0.549214	5.14292	5.12748
-0.765607	0.555785	5.14357	5.12846
-0.767907	0.557099	5.14489	5.12846
-0.770536	0.555785	5.14555	5.12682
-0.764622	0.557428	5.14686	5.1255
-0.758051	0.563341	5.14752	5.12485
-0.760679	0.565313	5.14686	5.12649
-0.760679	0.561699	5.14456	5.1278
-0.758051	0.563341	5.14259	5.12748
-0.754108	0.570241	5.14226	5.1255
-0.754108	0.572212	5.14357	5.12485
-0.753451	0.570241	5.14522	5.12419
-0.75838	0.574512	5.14489	5.1232
-0.760022	0.574183	5.14456	5.12452
-0.765936	0.57714	5.1439	5.12616
-0.764293	0.584368	5.14325	5.12748
-0.765279	0.584368	5.14292	5.12813
-0.762651	0.585682	5.14292	5.12912
-0.761665	0.591596	5.1439	5.12649
-0.76495	0.59291	5.14489	5.12419
-0.763636	0.592581	5.14357	5.12288
-0.768564	0.596195	5.14292	5.12452
-0.774807	0.596195	5.14095	5.12682
-0.772835	0.595867	5.14029	5.12649
-0.768564	0.59521	5.14193	5.12485
-0.764622	0.601452	5.14325	5.12386
-0.766264	0.603752	5.1439	5.12452
-0.764293	0.613608	5.14292	5.12518
-0.761336	0.620836	5.14226	5.12583
-0.759694	0.618536	5.1416	5.12616
-0.765936	0.614594	5.14292	5.12616
-0.768236	0.61098	5.14193	5.12583
-0.766593	0.614265	5.14193	5.12583
-0.765607	0.616565	5.14292	5.1255
-0.763636	0.616565	5.1439	5.12616
-0.754437	0.624779	5.14292	5.12715
-0.748523	0.627735	5.14292	5.12748
-0.74261	0.627078	5.14292	5.1278
-0.736696	0.625107	5.14226	5.12583
-0.737024	0.622479	5.14193	5.12452
-0.730125	0.622479	5.1416	5.12419
-0.725197	0.624121	5.14259	5.12452
-0.709755	0.628392	5.14357	5.12419
-0.699899	0.632992	5.14259	5.12452
-0.694314	0.62905	5.14062	5.12518
-0.689057	0.634306	5.14029	5.12583
-0.682487	0.646134	5.14292	5.12682
-0.67723	0.647776	5.1439	5.12583
-0.678873	0.649091	5.14292	5.12583
-0.669673	0.650076	5.14226	5.12682
-0.665402	0.654676	5.14357	5.12682
-0.664745	0.653362	5.14522	5.12715
-0.657846	0.657961	5.14555	5.12583
-0.658503	0.661247	5.14587	5.12255
-0.653246	0.669132	5.1462	5.12058
-0.650618	0.672417	5.14456	5.11992
-0.649304	0.672089	5.14423	5.12123
-0.654561	0.672746	5.14325	5.12255
-0.653575	0.675374	5.1439	5.12255
-0.652589	0.677017	5.1462	5.12123
-0.654561	0.678988	5.14752	5.12058
-0.653246	0.674717	5.14587	5.12189
-0.662446	0.66716	5.1462	5.12386
-0.668359	0.667817	5.1462	5.12485
-0.671973	0.661247	5.14555	5.12288
-0.673944	0.659932	5.14456	5.1232
-0.674273	0.656647	5.14555	5.12419
-0.683144	0.66059	5.14522	5.12419
-0.687415	0.663875	5.14423	5.12485
-0.700885	0.655004	5.14292	5.12616
-0.700556	0.649091	5.14292	5.12682
-0.713041	0.642848	5.14423	5.12649
-0.719283	0.636606	5.14456	5.12485
-0.722569	0.637592	5.1439	5.1232
-0.725525	0.633649	5.14456	5.12222
-0.73341	0.636277	5.14423	5.12288
-0.736696	0.62905	5.14127	5.12288
-0.74031	0.634963	5.1393	5.12452
-0.73341	0.636606	5.14127	5.12518
-0.736039	0.639891	5.14259	5.12255
-0.733082	0.641863	5.14193	5.1232
-0.737681	0.643505	5.14127	5.12452
-0.738996	0.641863	5.1416	5.12616
-0.733739	0.643834	5.14292	5.12682
-0.731439	0.644491	5.1439	5.12518
-0.736367	0.638906	5.14423	5.12386
-0.742938	0.632335	5.1462	5.1255
-0.74918	0.624779	5.14686	5.12715
-0.752466	0.625436	5.14653	5.12715
-0.756408	0.62445	5.14489	5.12715
-0.760351	0.626421	5.1439	5.12748
-0.762651	0.631349	5.14259	5.12583
-0.760351	0.625436	5.14226	5.12452
-0.755423	0.626421	5.1439	5.12353
-0.755423	0.624779	5.14522	5.12419
-0.752466	0.624121	5.14522	5.1255
-0.757394	0.620508	5.14423	5.12715
-0.759037	0.614594	5.14292	5.12846
-0.754437	0.618208	5.14292	5.13043
-0.74918	0.617551	5.14325	5.12945
-0.745895	0.616236	5.14357	5.1278
-0.742938	0.614265	5.14522	5.12748
-0.73571	0.617551	5.14653	5.1278
-0.739324	0.61328	5.14489	5.12945
-0.741952	0.613937	5.14127	5.1301
-0.732096	0.609337	5.1393	5.13076
-0.725197	0.615251	5.14029	5.1301
-0.718298	0.612951	5.14357	5.12879
-0.715998	0.61328	5.14555	5.12649
-0.712384	0.620508	5.14522	5.12616
-0.705156	0.616894	5.14456	5.12616
-0.712055	0.615251	5.14193	5.12583
-0.715998	0.612951	5.14029	5.1255
-0.71764	0.615908	5.14226	5.12616
-0.721254	0.617551	5.1439	5.12485
-0.723883	0.625107	5.14456	5.12353
-0.727825	0.626093	5.14357	5.12452
-0.732753	0.616565	5.14259	5.12748
-0.732425	0.618208	5.14259	5.1301
-0.732753	0.613608	5.14357	5.12879
-0.73341	0.607366	5.14292	5.12748
-0.737353	0.607037	5.14292	5.12682
-0.73571	0.60408	5.14423	5.12649
-0.736367	0.602766	5.1462	5.1278
-0.736696	0.600138	5.14555	5.12846
-0.745566	0.602438	5.14292	5.12748
-0.744252	0.607366	5.14226	5.1255
-0.748195	0.605066	5.14292	5.12452
-0.744581	0.608023	5.1439	5.12583
-0.746552	0.611308	5.1439	5.12715
-0.747209	0.613608	5.14259	5.12846
-0.74261	0.625107	5.14325	5.12945
-0.742281	0.623136	5.14292	5.13109
-0.743595	0.625436	5.14357	5.1301
-0.746223	0.623793	5.14259	5.12715
-0.750166	0.620508	5.14292	5.12485
-0.754437	0.614922	5.1439	5.12583
-0.761993	0.618536	5.14489	5.1278
-0.765936	0.617879	5.14357	5.12813
-0.770864	0.619522	5.14127	5.12748
-0.771521	0.616565	5.1416	5.1255
-0.770864	0.620836	5.14127	5.12386
-0.778092	0.616894	5.1416	5.1255
-0.778749	0.615579	5.14325	5.12813
-0.774807	0.610651	5.14489	5.1278
-0.775792	0.605723	5.14357	5.12748
-0.783349	0.598167	5.14226	5.12583
-0.785977	0.599152	5.14292	5.12616
-0.782034	0.603095	5.1439	5.12616
-0.782692	0.603423	5.1439	5.1255
-0.779078	0.601124	5.1439	5.1255
-0.778421	0.603095	5.14489	5.12682
-0.773492	0.602109	5.14489	5.12813
-0.774807	0.60408	5.14719	5.12813
-0.775792	0.602109	5.14785	5.12715
-0.777435	0.605395	5.14587	5.12353
-0.777435	0.603095	5.1439	5.12353
-0.775792	0.60408	5.14292	5.1255
-0.774478	0.600466	5.14193	5.12945
-0.77185	0.602438	5.1416	5.13175
-0.769878	0.601781	5.14259	5.13273
-0.76955	0.599152	5.14325	5.12945
-0.763965	0.605066	5.14325	5.12682
-0.763965	0.609666	5.14292	5.12485
-0.757722	0.614265	5.14325	5.1255
-0.752794	0.613608	5.14325	5.12616
-0.748852	0.611965	5.14193	5.12649
-0.740638	0.604738	5.14095	5.12682
-0.73341	0.609337	5.14292	5.12682
-0.731768	0.61985	5.14456	5.12715
-0.72684	0.624779	5.14423	5.12616
-0.720269	0.631021	5.14325	5.1255
-0.716655	0.627078	5.14325	5.12616
-0.714355	0.631349	5.1439	5.1255
-0.711727	0.63792	5.14522	5.12485
-0.711727	0.641534	5.14522	5.12288
-0.713369	0.64482	5.1439	5.12025
-0.721254	0.641534	5.14259	5.12156
-0.725854	0.638577	5.14325	5.12452
-0.736696	0.63562	5.14357	5.1255
-0.736367	0.634963	5.14423	5.12419
-0.73571	0.634306	5.14456	5.12222
-0.738667	0.633978	5.14423	5.1209
-0.743267	0.625764	5.14357	5.12222
-0.752137	0.617879	5.14292	5.12485
-0.755751	0.60868	5.14259	5.12616
-0.759037	0.609666	5.14193	5.12813
-0.761336	0.610651	5.14193	5.1278
-0.765279	0.612294	5.14292	5.12616
-0.762979	0.613608	5.14259	5.12419
-0.765936	0.615579	5.14193	5.12518
-0.766264	0.617879	5.14193	5.12715
-0.761008	0.623793	5.14292	5.12846
-0.761336	0.620836	5.14456	5.1278
-0.761665	0.624779	5.14555	5.12616
-0.761665	0.617879	5.14423	5.12649
-0.756737	0.623793	5.14357	5.12485
-0.75608	0.624779	5.14423	5.12485
-0.762322	0.620508	5.14292	5.12583
-0.766264	0.616236	5.14062	5.12682
-0.774478	0.60868	5.14226	5.12649
-0.781706	0.606709	5.14522	5.12452
-0.78302	0.609337	5.14719	5.1232
-0.792219	0.60868	5.14653	5.12419
-0.790905	0.612951	5.14456	5.12616
-0.787291	0.610323	5.14357	5.1278
-0.790905	0.611308	5.14259	5.12813
-0.790905	0.614922	5.14357	5.12945
-0.782363	0.622807	5.14423	5.12879
-0.775135	0.629707	5.1462	5.12682
-0.772507	0.631349	5.14653	5.12452
-0.767579	0.636935	5.14522	5.12386
-0.760022	0.641534	5.14357	5.12616
-0.748523	0.646134	5.14226	5.12813
-0.740638	0.645477	5.1416	5.12748
-0.736696	0.643834	5.14259	5.12616
-0.733739	0.649748	5.14489	5.1255
-0.725525	0.646791	5.14489	5.12583
-0.72224	0.643177	5.14357	5.12649
-0.718626	0.646134	5.14259	5.12715
-0.717969	0.636606	5.14292	5.12583
-0.722569	0.627735	5.14292	5.12485
-0.726182	0.627735	5.1439	5.1255
-0.730125	0.628721	5.14259	5.12518
-0.733082	0.626421	5.14029	5.12485
-0.732425	0.621822	5.13996	5.12353
-0.735053	0.623136	5.14259	5.12485
-0.736367	0.622807	5.14259	5.1255
-0.739324	0.625764	5.1416	5.1255
-0.736696	0.623793	5.14127	5.12583
-0.738339	0.621165	5.14259	5.1255
-0.747866	0.619522	5.14292	5.12419
-0.748523	0.617551	5.14292	5.1255
-0.747538	0.615251	5.14292	5.12912
-0.747538	0.620179	5.14226	5.12977
-0.753451	0.614594	5.13996	5.1278
-0.757722	0.617222	5.13996	5.12485
-0.755423	0.620508	5.14193	5.12255
-0.74918	0.625764	5.14456	5.12255
-0.748523	0.630035	5.14522	5.12583
-0.753123	0.628392	5.14259	5.12616
-0.758051	0.628064	5.14127	5.12649
-0.761008	0.62675	5.1416	5.12583
-0.767907	0.628064	5.1439	5.12485
-0.776449	0.622807	5.14522	5.12353
-0.78532	0.615908	5.14423	5.12386
-0.792219	0.617551	5.14292	5.1255
-0.802404	0.616894	5.14193	5.12715
-0.809303	0.611965	5.14226	5.1278
-0.811932	0.614594	5.14456	5.1255
-0.811275	0.619522	5.14555	5.1255
-0.816203	0.62215	5.14555	5.12715
-0.81226	0.626421	5.14456	5.12813
-0.807661	0.632335	5.14226	5.12813
-0.802733	0.634306	5.13996	5.12682
-0.802733	0.630692	5.14029	5.12616
-0.798461	0.638906	5.14292	5.12616
-0.795833	0.644162	5.14522	5.12583
-0.78762	0.647119	5.1462	5.12419
-0.784663	0.643177	5.14489	5.12386
-0.779735	0.637592	5.14292	5.12485
-0.775135	0.631021	5.1416	5.12419
-0.76725	0.61985	5.14292	5.12485
-0.767579	0.61328	5.14522	5.1255
-0.763636	0.610651	5.14555	5.1232
-0.764622	0.606709	5.14587	5.12419
-0.755423	0.598495	5.14555	5.12583
-0.755094	0.591924	5.14456	5.12682
-0.759365	0.591924	5.14456	5.12649
-0.760351	0.590939	5.14555	5.12386
-0.75838	0.589953	5.14785	5.12353
-0.761665	0.59291	5.14653	5.12386
-0.762979	0.594881	5.14226	5.12485
-0.767907	0.59521	5.13832	5.1255
-0.769878	0.597181	5.13799	5.12583
-0.768564	0.59521	5.13996	5.1255
-0.774807	0.589953	5.14226	5.12583
-0.77185	0.593239	5.14292	5.12452
-0.773821	0.591596	5.14259	5.1232
-0.776449	0.593567	5.1416	5.12189
-0.770207	0.591596	5.14226	5.12353
-0.768236	0.595867	5.14325	5.12452
-0.761008	0.598495	5.14522	5.12386
-0.760022	0.596195	5.14423	5.1255
-0.757065	0.599481	5.14226	5.12616
-0.752466	0.604738	5.14292	5.12649
-0.752466	0.599809	5.14456	5.1255
-0.751809	0.603423	5.1439	5.12485
-0.760351	0.606709	5.14325	5.12518
-0.768236	0.600138	5.1439	5.12649
-0.768893	0.601124	5.14555	5.12682
-0.776121	0.603095	5.14653	5.12813
-0.783677	0.603752	5.14357	5.12649
-0.790577	0.597181	5.1416	5.12583
-0.797147	0.59291	5.14193	5.12715
-0.80109	0.593896	5.14423	5.12649
-0.798461	0.594881	5.14259	5.12452
-0.804375	0.598824	5.13996	5.1232
-0.80996	0.59751	5.13963	5.12583
-0.807661	0.599152	5.14127	5.12649
-0.810289	0.594881	5.14325	5.12583
-0.810618	0.595538	5.14489	5.12353
-0.805032	0.600138	5.14456	5.12025
-0.807661	0.597838	5.14423	5.11926
-0.806346	0.595867	5.14587	5.1209
-0.806018	0.593896	5.1462	5.1232
-0.801747	0.589625	5.1462	5.12485
-0.79879	0.588968	5.14423	5.12419
-0.797476	0.587653	5.14193	5.12386
-0.796819	0.586668	5.14259	5.1255
-0.798461	0.578454	5.1439	5.12518
-0.803718	0.571226	5.14325	5.12485
-0.80339	0.561042	5.14325	5.12583
-0.79649	0.567941	5.14095	5.12583
-0.79879	0.559727	5.13996	5.12485
-0.792548	0.564327	5.14062	5.12583
-0.788277	0.564655	5.14259	5.12715
-0.788605	0.564984	5.14423	5.12682
-0.788605	0.566627	5.14456	5.12682
-0.784006	0.565313	5.14522	5.12715
-0.780392	0.563341	5.14489	5.12715
-0.776121	0.563998	5.14489	5.12748
-0.770864	0.575169	5.14423	5.12649
-0.770207	0.580097	5.14423	5.1255
-0.759037	0.586011	5.14423	5.12485
-0.760679	0.59061	5.14555	5.12485
-0.765279	0.587653	5.14522	5.12452
-0.769878	0.587325	5.1439	5.12518
-0.770864	0.583711	5.14423	5.12518
-0.772835	0.580425	5.14522	5.1255
-0.776449	0.577469	5.14587	5.12452
-0.778749	0.574512	5.14653	5.12222
-0.782692	0.575169	5.1462	5.12583
-0.786305	0.577797	5.14423	5.12748
-0.787948	0.580425	5.14193	5.12748
-0.795505	0.57254	5.14259	5.1278
-0.794519	0.583382	5.1439	5.1278
-0.790248	0.584039	5.1439	5.1255
-0.789262	0.591924	5.14226	5.12485
-0.788605	0.592581	5.14062	5.12452
-0.783677	0.595538	5.13897	5.1255
-0.776121	0.599809	5.13963	5.1255
-0.772178	0.601124	5.14062	5.12649
-0.772507	0.593896	5.14292	5.1278
-0.764293	0.600138	5.14489	5.1278
-0.761993	0.600795	5.14653	5.12682
-0.759694	0.600795	5.14522	5.12649
-0.764622	0.601124	5.14522	5.12879
-0.757722	0.603095	5.14423	5.12912
-0.754108	0.603752	5.1439	5.12846
-0.750166	0.60638	5.14456	5.12912
-0.750166	0.602766	5.14489	5.12748
-0.749837	0.603752	5.14555	5.12616
-0.742938	0.601452	5.14456	5.12583
-0.746552	0.603423	5.14226	5.12419
-0.754437	0.603423	5.14193	5.12386
-0.760351	0.594881	5.14259	5.12616
-0.768893	0.59061	5.1439	5.12912
-0.771193	0.585354	5.1439	5.12813
-0.772178	0.591596	5.14325	5.12715
-0.764622	0.594553	5.1439	5.12682
-0.761008	0.601452	5.14456	5.1278
-0.762979	0.598167	5.14357	5.1301
-0.756737	0.601124	5.14226	5.12945
-0.755094	0.609994	5.1416	5.12813
-0.752466	0.608023	5.1416	5.12682
-0.753451	0.609666	5.14259	5.1255
-0.755423	0.610323	5.1439	5.12649
-0.751152	0.612951	5.14325	5.12682
-0.752466	0.613608	5.14226	5.12715
-0.748852	0.615908	5.14226	5.12813
-0.743595	0.618536	5.14357	5.12715
-0.751152	0.620179	5.14456	5.12616
-0.745238	0.620179	5.1439	5.12452
-0.741624	0.617222	5.14127	5.12386
-0.741952	0.614265	5.13963	5.12419
-0.742281	0.613608	5.14029	5.12452
-0.743924	0.615251	5.14226	5.12583
-0.745895	0.609337	5.1439	5.12649
-0.750166	0.607366	5.14587	5.12649
-0.754108	0.605395	5.14653	5.12616
-0.757722	0.607037	5.14653	5.12485
-0.757722	0.611308	5.14423	5.12452
-0.757394	0.615579	5.14259	5.1255
-0.752794	0.619522	5.14259	5.12748
-0.75378	0.621165	5.14357	5.1278
-0.751152	0.620508	5.14357	5.12682
-0.749509	0.630364	5.14259	5.12386
-0.747538	0.629707	5.14226	5.12452
-0.750823	0.621822	5.14095	5.1255
-0.743924	0.620179	5.14292	5.12715
-0.740638	0.614922	5.14423	5.12682
-0.748523	0.60868	5.14423	5.12616
-0.747538	0.611965	5.14325	5.12452
-0.748852	0.609009	5.1416	5.12583
-0.749837	0.609994	5.14259	5.1255
-0.755423	0.605723	5.14489	5.1255
-0.762322	0.598495	5.14522	5.12452
-0.76725	0.595538	5.14587	5.12189
-0.772507	0.592253	5.14587	5.12156
-0.78072	0.590282	5.14489	5.12255
-0.784991	0.589625	5.1462	5.12419
-0.789919	0.589953	5.14719	5.12583
-0.795505	0.59291	5.14325	5.12682
-0.795833	0.594224	5.14095	5.12583
-0.799776	0.596195	5.14127	5.1255
-0.802404	0.601781	5.14325	5.12583
-0.804704	0.601781	5.14587	5.12649
-0.802404	0.604409	5.14587	5.12649
-0.801418	0.60408	5.1439	5.12616
-0.79649	0.614265	5.14456	5.12583
-0.793533	0.61985	5.14555	5.12518
-0.797147	0.615908	5.14522	5.12386
-0.799119	0.611637	5.1462	5.12222
-0.795176	0.609994	5.14522	5.12156
-0.79879	0.609009	5.14522	5.12255
-0.791562	0.607037	5.14423	5.12583
-0.790248	0.606709	5.14325	5.12945
-0.792219	0.612294	5.14259	5.12748
-0.787948	0.609994	5.14357	5.12452
-0.777106	0.61328	5.1439	5.12353
-0.776778	0.614265	5.14325	5.1232
-0.782034	0.611965	5.14226	5.12288
-0.777435	0.611965	5.14029	5.12419
-0.774478	0.613608	5.13963	5.12715
-0.76955	0.618536	5.14193	5.12583
-0.765936	0.624121	5.1439	5.12485
-0.775135	0.623464	5.14456	5.12485
-0.773821	0.622807	5.14423	5.12485
-0.775464	0.61985	5.1439	5.12649
-0.782034	0.618208	5.14292	5.12715
-0.777106	0.619522	5.14292	5.12748
-0.763308	0.617879	5.14522	5.12715
-0.765936	0.615579	5.14752	5.12583
-0.755423	0.614594	5.14587	5.12583
-0.750823	0.618208	5.14587	5.12616
-0.752794	0.617551	5.1439	5.12879
-0.749837	0.616236	5.14193	5.12945
-0.747866	0.617222	5.14193	5.1278
-0.743595	0.62215	5.14226	5.12583
-0.741295	0.628064	5.1439	5.1255
-0.738339	0.629378	5.1439	5.12682
-0.735053	0.630035	5.14423	5.12649
-0.732753	0.625107	5.14193	5.12813
-0.73571	0.626093	5.13996	5.12879
-0.73571	0.627078	5.14127	5.1278
-0.738339	0.627078	5.14226	5.12682
-0.744252	0.625436	5.14357	5.12649
-0.74261	0.632006	5.14325	5.12353
-0.743595	0.625107	5.14226	5.12255
-0.742938	0.621493	5.14292	5.12452
-0.747538	0.622479	5.14325	5.12715
-0.750495	0.620179	5.14522	5.1278
-0.749837	0.622479	5.14456	5.12715
-0.753123	0.625436	5.14522	5.12419
-0.747538	0.625107	5.14555	5.12288
-0.751152	0.627407	5.14555	5.12288
-0.748852	0.628721	5.14489	5.1232
-0.745238	0.632335	5.14456	5.12419
-0.736039	0.636277	5.14357	5.1255
-0.728482	0.636935	5.14522	5.12649
-0.733739	0.634963	5.1462	5.12583
-0.734725	0.631021	5.14522	5.12485
-0.727497	0.637592	5.14325	5.12485
-0.729796	0.637263	5.14226	5.12715
-0.725854	0.634635	5.14062	5.12879
-0.726511	0.63562	5.14095	5.12715
-0.730454	0.634306	5.14357	5.12649
-0.724211	0.632992	5.14555	5.12583
-0.726511	0.623793	5.14555	5.12452
-0.725197	0.625436	5.14292	5.12649
-0.719612	0.627735	5.14226	5.12846
-0.71764	0.619193	5.14292	5.12682
-0.726511	0.618865	5.14555	5.12649
-0.727168	0.62445	5.1462	5.12485
-0.726182	0.625436	5.14686	5.12452
-0.731768	0.62675	5.14522	5.12682
-0.74031	0.623793	5.14587	5.12846
-0.743924	0.62445	5.14357	5.12813
-0.745566	0.61985	5.1439	5.12518
-0.751152	0.615579	5.14423	5.12419
-0.74918	0.611308	5.14587	5.12452
-0.749509	0.615579	5.14522	5.12616
-0.748523	0.615908	5.14292	5.1255
-0.749509	0.611965	5.14193	5.12616
-0.741295	0.611637	5.14193	5.13043
-0.734067	0.612951	5.14357	5.13076
-0.733082	0.619522	5.14456	5.12813
-0.744252	0.609009	5.14555	5.12583
-0.746552	0.608023	5.14555	5.12518
-0.746223	0.61098	5.14522	5.12419
-0.747866	0.608351	5.14489	5.12353
-0.750166	0.611965	5.14456	5.12386
-0.757394	0.613937	5.14423	5.12485
-0.765279	0.616236	5.14456	5.1255
-0.767579	0.617222	5.14325	5.12452
-0.76495	0.611965	5.14193	5.12452
-0.76495	0.612623	5.14226	5.1255
-0.769221	0.623793	5.14193	5.12485
-0.773821	0.621493	5.14292	5.12485
-0.774807	0.618536	5.14423	5.12616
-0.781049	0.612623	5.14357	5.12715
-0.78302	0.61098	5.14357	5.12682
-0.778421	0.609666	5.14292	5.1278
-0.772507	0.603095	5.14292	5.12945
-0.774149	0.602109	5.1416	5.13043
-0.773164	0.601124	5.14259	5.12977
-0.772178	0.604738	5.14423	5.1278
-0.766593	0.605066	5.14456	5.1255
-0.766593	0.603095	5.14456	5.12452
-0.774478	0.595538	5.14423	5.12485
-0.774807	0.598495	5.1439	5.12452
-0.776449	0.601124	5.14259	5.12353
-0.777435	0.600795	5.1416	5.12288
-0.775464	0.60408	5.14095	5.12255
-0.77185	0.607037	5.14127	5.1232
-0.771521	0.606052	5.14193	5.12485
-0.769221	0.608351	5.14259	5.12715
-0.765607	0.607694	5.14456	5.12583
-0.763308	0.605395	5.14226	5.12419
-0.761665	0.607694	5.13996	5.12386
-0.763308	0.614594	5.1416	5.12452
-0.763308	0.613937	5.14456	5.12583
-0.769221	0.612294	5.14686	5.12682
-0.763636	0.612294	5.1485	5.12748
-0.757722	0.616565	5.14587	5.12846
-0.761008	0.617551	5.14226	5.12977
-0.759365	0.612623	5.1416	5.1301
-0.763636	0.616236	5.14292	5.12879
-0.761665	0.61328	5.14653	5.12682
-0.765607	0.606709	5.14653	5.1255
-0.757394	0.61328	5.14587	5.12682
-0.750166	0.617879	5.14522	5.12715
-0.747538	0.62215	5.14456	5.12649
-0.744581	0.627407	5.14522	5.12485
-0.744252	0.627407	5.14785	5.12583
-0.74261	0.629707	5.14785	5.12649
-0.741295	0.634635	5.14686	5.12682
-0.738996	0.636277	5.14357	5.12748
-0.741624	0.633321	5.14062	5.1255
-0.748852	0.636277	5.14095	5.12583
-0.750166	0.633649	5.14292	5.12452
-0.748852	0.638577	5.14456	5.12419
-0.745895	0.635949	5.14522	5.12485
-0.750823	0.632006	5.1439	5.12682
-0.750495	0.631021	5.14259	5.12748
-0.752794	0.626421	5.14292	5.1278
-0.755094	0.616236	5.14292	5.12748
-0.758708	0.613608	5.14325	5.12649
-0.761008	0.612623	5.14522	5.12452
-0.759365	0.607694	5.14423	5.12419
-0.768564	0.602109	5.14325	5.12386
-0.767907	0.600138	5.14226	5.12583
-0.76955	0.598167	5.14259	5.12715
-0.774149	0.597181	5.14193	5.12649
-0.780392	0.596524	5.14292	5.12419
-0.780392	0.591596	5.14522	5.12288
-0.782692	0.594553	5.1462	5.12255
-0.781377	0.59751	5.1462	5.12452
-0.78302	0.594553	5.14489	5.1255
-0.784663	0.588968	5.14522	5.12748
-0.783677	0.587325	5.14489	5.12715
-0.791234	0.585354	5.14555	5.12616
-0.793205	0.586011	5.14522	5.12452
-0.798133	0.57944	5.14555	5.12485
-0.798461	0.580425	5.14357	5.1255
-0.797147	0.578454	5.1416	5.12386
-0.805032	0.579111	5.1439	5.1232
-0.802404	0.583382	5.14719	5.12452
-0.799776	0.586668	5.1485	5.12649
-0.802404	0.586339	5.14686	5.12583
-0.805361	0.586996	5.14423	5.12452
-0.799447	0.588968	5.1439	5.1255
-0.79419	0.588639	5.14259	5.12813
-0.792876	0.585354	5.14193	5.12813
-0.78532	0.587325	5.14325	5.12682
-0.784006	0.589953	5.14325	5.12616
-0.776778	0.602438	5.14423	5.12452
-0.775792	0.605395	5.1439	5.1232
-0.776778	0.607037	5.14423	5.12386
-0.768893	0.613608	5.1439	5.12452
-0.76495	0.616236	5.1439	5.1255
-0.772507	0.611637	5.1439	5.12682
-0.772835	0.603752	5.14423	5.1255
-0.768564	0.600138	5.14456	5.12386
-0.76955	0.59751	5.1439	5.1232
-0.762322	0.602766	5.1439	5.12583
-0.757722	0.601124	5.1439	5.12682
-0.753451	0.60638	5.14522	5.1278
-0.749837	0.607037	5.14587	5.12616
-0.745238	0.605066	5.14555	5.12386
-0.745566	0.60638	5.14719	5.12189
-0.742281	0.611637	5.14719	5.12189
-0.737024	0.615579	5.14555	5.12485
-0.737024	0.611308	5.14259	5.1278
-0.73571	0.616565	5.14259	5.12748
-0.732753	0.617879	5.14423	5.12583
-0.729796	0.618208	5.14489	5.12485
-0.73801	0.616565	5.14423	5.1255
-0.738996	0.621822	5.1416	5.12583
-0.73341	0.626421	5.13963	5.12649
-0.730125	0.62675	5.13963	5.12518
-0.734725	0.625764	5.14259	5.12452
-0.733739	0.631349	5.14522	5.12419
-0.735382	0.633978	5.14489	5.12485
-0.733082	0.638577	5.14357	5.12682
-0.733739	0.637592	5.14193	5.12748
-0.732096	0.640549	5.14127	5.12813
-0.736039	0.63562	5.14325	5.12945
-0.736367	0.636935	5.14522	5.12846
-0.736696	0.634306	5.14719	5.12485
-0.741952	0.639234	5.14752	5.12189
-0.742938	0.633321	5.14719	5.12288
-0.743924	0.631021	5.14555	5.12518
-0.740967	0.632992	5.14292	5.12846
-0.739981	0.631349	5.14226	5.12879
-0.746552	0.633321	5.14357	5.12715
-0.742938	0.633649	5.1439	5.12353
-0.743267	0.625436	5.14292	5.12058
-0.744909	0.625436	5.14127	5.12123
-0.752466	0.62445	5.14226	5.12419
-0.747209	0.620508	5.14325	5.12715
-0.743595	0.621493	5.1439	5.12945
-0.749509	0.615579	5.14456	5.12813
-0.754437	0.614265	5.14423	5.12715
-0.753451	0.617879	5.1439	5.12748
-0.752137	0.619522	5.14259	5.12813
-0.761008	0.616236	5.14292	5.12879
-0.76495	0.615579	5.14325	5.12846
-0.765936	0.613937	5.14292	5.12813
-0.761008	0.61985	5.14325	5.12649
-0.763308	0.616236	5.14423	5.12485
-0.761993	0.613937	5.14357	5.12353
-0.765279	0.614594	5.14292	5.12288
-0.76495	0.616894	5.14456	5.12353
-0.759694	0.612294	5.14489	5.12583
-0.754766	0.609994	5.14423	5.12649
-0.752794	0.617879	5.14292	5.12649
-0.746223	0.621493	5.14325	5.12485
-0.746881	0.619522	5.14259	5.12419
-0.740967	0.618536	5.14095	5.12682
-0.739653	0.616565	5.1416	5.12879
-0.732753	0.619522	5.14292	5.12813
-0.731111	0.618536	5.14489	5.12649
-0.736039	0.615908	5.1462	5.1255
-0.741624	0.610651	5.14489	5.1255
-0.741952	0.614265	5.14259	5.12616
-0.746881	0.612294	5.14259	5.12649
-0.753123	0.605066	5.14325	5.12649
-0.752466	0.609009	5.1439	5.12616
-0.747538	0.605723	5.14489	5.1232
-0.747538	0.610651	5.14555	5.12123
-0.752137	0.608023	5.14555	5.12025
-0.757065	0.607694	5.14456	5.12189
-0.754766	0.611637	5.14292	5.1232
-0.755751	0.60868	5.14226	5.1255
-0.75378	0.60868	5.14423	5.12649
-0.752137	0.60638	5.14522	5.12616
-0.754108	0.612951	5.14686	5.1278
-0.760022	0.607366	5.14752	5.12846
-0.763965	0.599481	5.14587	5.12748
-0.772507	0.591596	5.14522	5.12649
-0.772507	0.594224	5.14456	5.12583
-0.78072	0.589296	5.14325	5.12682
-0.790248	0.585682	5.14095	5.1255
-0.794519	0.578126	5.1416	5.1232
-0.803061	0.573855	5.14292	5.12353
-0.80339	0.574512	5.1439	5.12518
-0.802075	0.578454	5.14292	5.12748
-0.810289	0.568927	5.14489	5.12912
-0.811932	0.57254	5.14587	5.1278
-0.812917	0.564984	5.14555	5.12682
-0.811275	0.567284	5.14325	5.12682
-0.817517	0.567941	5.14259	5.12879
-0.817517	0.573855	5.14259	5.12977
-0.828359	0.563998	5.14489	5.12977
-0.835587	0.555128	5.14423	5.12879
-0.837229	0.553485	5.1439	5.12748
-0.839201	0.556113	5.14292	5.12682
-0.840515	0.549543	5.14259	5.12682
-0.839201	0.548228	5.14456	5.12682
-0.849057	0.541329	5.1439	5.12682
-0.852014	0.539358	5.1439	5.12748
-0.848071	0.540015	5.14292	5.1278
-0.851028	0.537058	5.1439	5.1278
-0.848728	0.536401	5.14686	5.12649
-0.848071	0.531473	5.14686	5.12715
-0.847414	0.538044	5.14522	5.12616
-0.849057	0.539029	5.1439	5.12485
-0.843143	0.541986	5.14325	5.12485
-0.841172	0.541658	5.14325	5.12518
-0.840843	0.544614	5.14456	5.12419
-0.837229	0.547571	5.14587	5.12616
-0.83493	0.551185	5.14489	5.12715
-0.835258	0.556442	5.14259	5.12682
-0.833287	0.553485	5.14193	5.12452
-0.828359	0.557428	5.14029	5.12419
-0.824745	0.561042	5.14127	5.12583
-0.824416	0.563341	5.14193	5.12813
-0.820802	0.563998	5.14456	5.12846
-0.822116	0.564984	5.14752	5.12616
-0.819817	0.563998	5.14686	5.12616
-0.81916	0.565641	5.14325	5.12715
-0.815874	0.561699	5.14292	5.12912
-0.810946	0.570569	5.14357	5.12846
-0.81226	0.575169	5.14325	5.12715
-0.811932	0.573855	5.14357	5.12353
-0.810289	0.573526	5.14259	5.12255
-0.808975	0.576812	5.14095	5.12255
-0.806346	0.584696	5.13963	5.12452
-0.809303	0.588639	5.14029	5.12682
-0.807332	0.592581	5.14127	5.12682
-0.798461	0.598824	5.14292	5.1232
-0.800104	0.606052	5.14292	5.1209
-0.799447	0.606709	5.14292	5.12156
-0.79649	0.607037	5.14292	5.12452
-0.791891	0.609994	5.14357	5.12682
-0.784334	0.61328	5.14292	5.12452
-0.787948	0.612294	5.14193	5.12222
-0.78762	0.616565	5.14522	5.12222
-0.784006	0.619522	5.14587	5.12255
-0.78302	0.620836	5.14522	5.12353
-0.775135	0.630364	5.14423	5.12649
-0.768893	0.635949	5.14325	5.1301
-0.773492	0.635292	5.14259	5.13043
-0.773164	0.635292	5.14325	5.12977
-0.774149	0.643177	5.14292	5.12912
-0.775135	0.641534	5.14325	5.12616
-0.771193	0.63792	5.14325	5.12649
-0.774149	0.636606	5.14357	5.12715
-0.776778	0.639234	5.14226	5.12748
-0.780392	0.640549	5.1416	5.1278
-0.780063	0.64252	5.14423	5.12616
-0.782692	0.645477	5.14489	5.12485
-0.775464	0.648762	5.14292	5.12419
-0.772835	0.651062	5.14127	5.12419
-0.77185	0.652047	5.13897	5.12485
-0.777106	0.650405	5.13865	5.12748
-0.772178	0.659275	5.14095	5.12912
-0.76955	0.659275	5.14423	5.12977
-0.764622	0.659932	5.14456	5.12813
-0.763308	0.66059	5.14587	5.12616
-0.768893	0.654347	5.14555	5.12616
-0.769221	0.651062	5.14259	5.12649
-0.769221	0.648434	5.14095	5.1255
-0.766264	0.649419	5.1416	5.12616
-0.75838	0.651062	5.14357	5.1278
-0.754437	0.651062	5.14456	5.1278
-0.75378	0.654347	5.14456	5.12748
-0.753123	0.65829	5.14325	5.12748
-0.753451	0.655661	5.14292	5.1278
-0.755423	0.657633	5.14259	5.12649
-0.759365	0.655333	5.14095	5.12222
-0.754437	0.65599	5.13963	5.12156
-0.741952	0.65139	5.1393	5.12386
-0.735382	0.655004	5.14095	5.12452
-0.732753	0.65829	5.14226	5.12419
-0.722897	0.65829	5.14259	5.12353
-0.718955	0.65599	5.14357	5.12518
-0.710084	0.661247	5.14325	5.12518
-0.707127	0.662889	5.14325	5.12518
-0.708113	0.663218	5.1439	5.12583
-0.707784	0.662561	5.14489	5.12649
-0.709755	0.656319	5.14456	5.1255
-0.713041	0.650733	5.14555	5.12452
-0.714684	0.654019	5.14752	5.12518
-0.713698	0.656319	5.1462	5.1255
-0.716983	0.652376	5.14686	5.12518
-0.716326	0.648105	5.14752	5.12452
-0.717312	0.646462	5.14522	5.1255
-0.718298	0.643834	5.14259	5.12616
-0.72224	0.650733	5.14095	5.12583
-0.72684	0.647119	5.14259	5.1255
-0.724211	0.645805	5.14423	5.12485
-0.726182	0.644162	5.14456	5.1232
-0.721254	0.646462	5.14423	5.12419
-0.728811	0.646791	5.14489	5.12485
-0.731111	0.640877	5.14226	5.12518
-0.739653	0.635949	5.13996	5.12485
-0.745238	0.633978	5.14259	5.12452
-0.745238	0.630035	5.14587	5.12419
-0.754108	0.632006	5.14949	5.12419
-0.748195	0.630364	5.1485	5.12419
-0.754437	0.630035	5.14587	5.12419
-0.760022	0.628721	5.14653	5.12485
-0.762322	0.626421	5.14719	5.1255
-0.76495	0.623464	5.14752	5.12583
-0.767579	0.62445	5.1485	5.1255
-0.772507	0.626421	5.14719	5.12518
-0.775792	0.62215	5.14522	5.12649
-0.78302	0.62215	5.14259	5.1278
-0.782692	0.616894	5.14259	5.12616
-0.784991	0.616236	5.14193	5.12518
-0.788934	0.613937	5.14259	5.1232
-0.792219	0.613608	5.14522	5.12255
-0.795833	0.609994	5.14587	5.12485
-0.801747	0.600795	5.14423	5.12715
-0.797804	0.600138	5.1439	5.12879
-0.79879	0.59751	5.14522	5.12945
-0.805032	0.590939	5.14555	5.12912
-0.806675	0.591596	5.1462	5.12813
-0.804047	0.585682	5.14686	5.12748
-0.80996	0.579111	5.14653	5.12748
-0.812589	0.580754	5.14522	5.1278
-0.813246	0.575826	5.14259	5.12748
-0.815546	0.581083	5.14127	5.12813
-0.819488	0.58174	5.14127	5.12715
-0.816203	0.582725	5.14259	5.12583
-0.810946	0.580097	5.1416	5.1255
-0.811932	0.578126	5.13963	5.12649
-0.811275	0.577797	5.14095	5.12748
-0.808975	0.575826	5.14456	5.12649
-0.810618	0.573526	5.14456	5.12649
-0.805032	0.583711	5.14587	5.12748
-0.801747	0.584368	5.14686	5.12846
-0.800104	0.584368	5.14653	5.12649
-0.800433	0.581411	5.14456	5.12452
-0.803061	0.569912	5.14226	5.12419
-0.801418	0.578126	5.14193	5.12485
-0.79649	0.577469	5.14325	5.12386
-0.794519	0.583382	5.14423	5.12386
-0.788934	0.586996	5.1439	5.12353
-0.789591	0.590282	5.14489	5.1255
-0.78532	0.597838	5.1439	5.12682
-0.789262	0.597838	5.14325	5.12715
-0.786634	0.594881	5.14259	5.12715
-0.788605	0.597838	5.14259	5.12485
-0.781706	0.599809	5.14325	5.12583
-0.782363	0.602109	5.14423	5.12682
-0.78532	0.599481	5.14522	5.12616
-0.785977	0.600138	5.14653	5.12419
-0.779078	0.605066	5.1462	5.12419
-0.774478	0.606709	5.1439	5.12485
-0.769878	0.607366	5.14423	5.12452
-0.771521	0.602766	5.14686	5.12452
-0.766922	0.609009	5.1485	5.12419
-0.774478	0.606052	5.14653	5.12616
-0.775135	0.611308	5.14522	5.12649
-0.77185	0.620179	5.14292	5.12485
-0.772507	0.619193	5.14325	5.12452
-0.767579	0.621822	5.14357	5.12419
-0.76495	0.619522	5.14357	5.12452
-0.762651	0.616236	5.14456	5.12682
-0.769221	0.615579	5.14357	5.12715
-0.769878	0.615251	5.14292	5.12649
-0.768893	0.60638	5.14193	5.12748
-0.773821	0.600795	5.1416	5.12813
-0.774149	0.602109	5.14357	5.12583
-0.775792	0.603423	5.14522	5.12452
-0.774478	0.607037	5.14423	5.12288
-0.775792	0.608351	5.14357	5.12288
-0.777106	0.610651	5.1439	5.12649
-0.770207	0.616236	5.14456	5.12715
-0.76725	0.61098	5.14423	5.12616
-0.771521	0.611308	5.14259	5.12583
-0.77185	0.611637	5.14226	5.12452
-0.770536	0.605395	5.14292	5.12386
-0.770207	0.605066	5.14357	5.12485
-0.771193	0.609994	5.14292	5.12682
-0.771521	0.610323	5.14292	5.1255
-0.776778	0.60638	5.14423	5.12518
-0.774478	0.603752	5.14423	5.12452
-0.777435	0.60408	5.1439	5.12386
-0.776121	0.603752	5.14357	5.1232
-0.775135	0.601124	5.14423	5.12353
-0.774478	0.593896	5.1439	5.12419
-0.76955	0.597838	5.14489	5.12419
-0.768564	0.602109	5.14423	5.12452
-0.774478	0.598167	5.14259	5.12485
-0.76955	0.605066	5.14095	5.12485
-0.767907	0.600466	5.1416	5.1255
-0.763636	0.59751	5.14226	5.12616
-0.755094	0.605066	5.14226	5.12715
-0.756408	0.603095	5.1439	5.12846
-0.75148	0.608351	5.1439	5.12879
-0.748852	0.605066	5.14522	5.12846
-0.745238	0.607366	5.14522	5.12715
-0.748195	0.611637	5.14325	5.12616
-0.737681	0.609994	5.14226	5.12616
-0.734725	0.616565	5.1416	5.1255
-0.730454	0.615251	5.14226	5.12682
-0.730454	0.615251	5.14226	5.12977
-0.732425	0.618208	5.14456	5.12813
-0.734725	0.621822	5.14587	5.12649
-0.729468	0.62905	5.14489	5.12583
-0.729139	0.62675	5.14456	5.12485
-0.729139	0.622807	5.1439	5.12649
-0.735053	0.617879	5.14555	5.1278
-0.733739	0.619193	5.14686	5.12682
-0.739653	0.617879	5.1485	5.12452
-0.744909	0.609994	5.14719	5.12386
-0.746552	0.609009	5.14555	5.12616
-0.744252	0.609009	5.1439	5.12912
-0.745566	0.600795	5.14259	5.12846
-0.741624	0.613937	5.14095	5.12846
-0.740638	0.618865	5.14357	5.1278
-0.748195	0.615251	5.14522	5.12518
-0.753123	0.618536	5.14456	5.12419
-0.755423	0.62215	5.14259	5.12518
-0.763308	0.617222	5.14193	5.12485
-0.763965	0.61328	5.14226	5.12616
-0.768893	0.613608	5.14259	5.12813
-0.775135	0.608023	5.1439	5.12813
-0.781049	0.617222	5.14259	5.12649
-0.786963	0.611965	5.14292	5.12616
-0.79879	0.608351	5.14226	5.12485
-0.799447	0.609994	5.1416	5.12485
-0.804704	0.608023	5.1416	5.12485
-0.811603	0.601124	5.14325	5.1255
-0.81456	0.602109	5.14555	5.12583
-0.815217	0.599481	5.14686	5.1255
-0.821788	0.59521	5.14587	5.12682
-0.812917	0.594224	5.14357	5.12977
-0.815217	0.592581	5.14259	5.12945
-0.817188	0.590939	5.14029	5.12682
-0.814231	0.59521	5.14226	5.12583
-0.815217	0.594224	5.14489	5.12583
-0.815546	0.594553	5.14522	5.12649
-0.813574	0.588968	5.1439	5.12682
-0.812589	0.586668	5.14357	5.12649
-0.807661	0.587325	5.14357	5.12813
-0.809632	0.58174	5.14423	5.12879
-0.811603	0.577797	5.1462	5.12715
-0.813903	0.57714	5.14653	5.1255
-0.818502	0.574512	5.14587	5.12518
-0.822774	0.568927	5.14522	5.1255
-0.823759	0.565313	5.14357	5.12485
-0.827373	0.568269	5.14456	5.12485
-0.81916	0.570569	5.14587	5.12616
-0.818502	0.571226	5.14719	5.12616
-0.817845	0.571883	5.14817	5.1255
-0.81686	0.578783	5.14719	5.12255
-0.813574	0.576154	5.14555	5.12222
-0.813246	0.574512	5.1439	5.12386
-0.814231	0.573198	5.14357	5.12452
-0.80996	0.576483	5.14456	5.12386
-0.810946	0.577797	5.14489	5.1232
-0.808975	0.572212	5.14555	5.12255
-0.806346	0.570898	5.14587	5.12255
-0.802075	0.57484	5.14489	5.1255
-0.798461	0.576483	5.14423	5.12813
-0.794848	0.575497	5.14357	5.12846
-0.797476	0.57254	5.14259	5.12748
-0.797476	0.564984	5.14259	5.12583
-0.802404	0.565641	5.1439	5.12485
-0.803061	0.563013	5.14423	5.12419
-0.801747	0.557099	5.14522	5.12353
-0.806675	0.552499	5.14456	5.12485
-0.811275	0.551842	5.1416	5.12616
-0.81686	0.554142	5.14259	5.12912
-0.81686	0.549871	5.14357	5.1301
-0.818502	0.554471	5.14423	5.12945
-0.822445	0.554142	5.14259	5.12846
-0.827045	0.555785	5.14062	5.12977
-0.836572	0.553485	5.14127	5.13043
-0.842815	0.546257	5.14292	5.12912
-0.852999	0.542315	5.14456	5.12715
-0.854971	0.535087	5.14423	5.12518
-0.860884	0.528844	5.14423	5.12419
-0.860227	0.531473	5.14259	5.1255
-0.858584	0.537715	5.14029	5.12715
-0.860884	0.537058	5.13963	5.12682
-0.867127	0.531801	5.1416	5.12682
-0.87074	0.530487	5.14653	5.12715
-0.865812	0.527859	5.14883	5.12715
-0.871069	0.523588	5.1485	5.12682
-0.871726	0.525888	5.14653	5.12649
-0.872712	0.527859	5.14489	5.12386
-0.873369	0.521288	5.14489	5.1232
-0.873697	0.519645	5.1439	5.12452
-0.873369	0.522602	5.14423	5.12452
-0.87074	0.528516	5.14489	5.1255
-0.864827	0.525888	5.14653	5.12485
-0.862856	0.521945	5.14653	5.1232
-0.857927	0.526216	5.14555	5.12518
-0.855299	0.529502	5.14489	5.12649
-0.846428	0.533773	5.14555	5.12715
-0.848071	0.530159	5.14686	5.12748
-0.852671	0.528516	5.14522	5.12715
-0.852671	0.53213	5.14325	5.12748
-0.850371	0.531801	5.14259	5.12715
-0.8484	0.526216	5.1439	5.12715
-0.8438	0.532458	5.14522	5.12715
-0.847086	0.534758	5.14423	5.12813
-0.840515	0.52983	5.14423	5.12715
-0.841829	0.520631	5.14357	5.12485
-0.842157	0.516688	5.1416	5.12386
-0.842486	0.518988	5.14259	5.12452
-0.838872	0.518331	5.14292	5.12682
-0.835587	0.523259	5.14259	5.12945
-0.836572	0.529502	5.14357	5.12846
-0.829673	0.527859	5.14423	5.12616
-0.828359	0.53213	5.14489	5.12485
-0.83493	0.53443	5.14489	5.12353
-0.834272	0.535744	5.14357	5.12485
-0.830987	0.543957	5.1416	5.12649
-0.83033	0.549871	5.14127	5.12649
-0.830001	0.547571	5.14226	5.12748
-0.829016	0.556113	5.14357	5.12748
-0.821459	0.555456	5.14259	5.12518
-0.824088	0.553485	5.14127	5.12386
-0.81916	0.55907	5.14062	5.12452
-0.817845	0.564984	5.1416	5.1255
-0.821131	0.56367	5.14193	5.1278
-0.81916	0.566298	5.14193	5.12682
-0.821459	0.562027	5.14292	5.12518
-0.81456	0.567612	5.14522	5.12748
-0.816531	0.568598	5.14259	5.12846
-0.815546	0.570569	5.14127	5.12813
-0.812589	0.575826	5.14226	5.12748
-0.804047	0.576483	5.1439	5.12715
-0.804704	0.573855	5.14489	5.12813
-0.800761	0.579768	5.14489	5.12912
-0.797147	0.582068	5.1439	5.12748
-0.79649	0.580425	5.1439	5.12715
-0.791891	0.589625	5.14292	5.12748
-0.792876	0.586668	5.14259	5.12945
-0.793205	0.583054	5.1439	5.1301
-0.784991	0.586668	5.14423	5.12846
-0.782034	0.58831	5.14423	5.1278
-0.778092	0.59061	5.14259	5.12748
-0.773164	0.593239	5.14062	5.1278
-0.769878	0.590282	5.13897	5.12945
-0.77185	0.594224	5.13963	5.1301
-0.766264	0.601452	5.14259	5.1278
-0.772835	0.602438	5.14555	5.12846
-0.768236	0.59521	5.14752	5.12879
-0.763965	0.606052	5.1462	5.12649
-0.764293	0.607366	5.14423	5.12583
-0.762651	0.609337	5.14292	5.12813
-0.760022	0.60638	5.14193	5.1301
-0.75378	0.609994	5.14259	5.12748
-0.745566	0.606709	5.1462	5.12518
-0.741952	0.609009	5.14719	5.1232
-0.745895	0.60638	5.14587	5.1232
-0.741295	0.602109	5.14259	5.12485
-0.743267	0.603752	5.14193	5.12583
-0.735053	0.610323	5.14292	5.12518
-0.73571	0.611308	5.14489	5.12485
-0.739653	0.609009	5.14587	5.12255
-0.740967	0.60868	5.14587	5.12189
-0.739653	0.610323	5.14653	5.12419
-0.745238	0.612294	5.14587	5.12452
-0.745895	0.609009	5.14456	5.12353
-0.750495	0.601781	5.14456	5.12452
-0.753451	0.602766	5.14555	5.12583
-0.746552	0.599809	5.14555	5.12485
-0.746223	0.598824	5.1439	5.12583
-0.75148	0.60408	5.14259	5.12748
-0.752466	0.607366	5.14226	5.12846
-0.750495	0.603752	5.14226	5.12912
-0.748195	0.602109	5.14259	5.12945
-0.747538	0.594553	5.14489	5.12912
-0.745238	0.594553	5.14653	5.12682
-0.745895	0.593567	5.14555	5.12288
-0.747866	0.593567	5.14456	5.12123
-0.753123	0.587982	5.14226	5.12452
-0.748852	0.587325	5.14127	5.12715
-0.752794	0.583711	5.14193	5.12813
-0.752794	0.590282	5.1416	5.12649
-0.758051	0.586668	5.14127	5.12616
-0.760679	0.582725	5.1416	5.12616
-0.767907	0.574183	5.14193	5.12748
-0.772835	0.569255	5.14029	5.12748
-0.769878	0.57714	5.14095	5.1278
-0.779735	0.572212	5.14325	5.12846
-0.782363	0.573855	5.14456	5.12649
-0.783349	0.574512	5.1439	5.12583
-0.786634	0.581083	5.14292	5.12419
-0.794519	0.585354	5.14292	5.12222
-0.796819	0.580097	5.14259	5.1232
-0.804704	0.57714	5.14259	5.12583
-0.807989	0.574183	5.14357	5.12748
-0.808975	0.572869	5.14587	5.12846
-0.80996	0.570569	5.14522	5.1278
-0.809303	0.570241	5.14292	5.12748
-0.811932	0.572869	5.14357	5.12879
-0.820474	0.563341	5.14423	5.13076
-0.825073	0.561699	5.14456	5.1301
-0.819817	0.562356	5.14489	5.12616
-0.822445	0.563341	5.14489	5.12386
-0.823759	0.563013	5.14587	5.12353
-0.818502	0.567612	5.14653	5.12616
-0.815874	0.570569	5.1439	5.12715
-0.814231	0.567612	5.14127	5.12715
-0.824416	0.557099	5.13996	5.12813
-0.82573	0.555785	5.14127	5.12813
-0.822116	0.553814	5.14292	5.12616
-0.813246	0.55907	5.14522	5.12419
-0.817845	0.556113	5.14423	5.12419
-0.814231	0.554471	5.14226	5.12583
-0.811603	0.553157	5.14095	5.12583
-0.807332	0.557428	5.14062	5.12616
-0.810289	0.557756	5.14193	5.12616
-0.811603	0.552828	5.1439	5.12616
-0.810618	0.553157	5.1439	5.12616
-0.810289	0.55677	5.14456	5.12649
-0.807661	0.561699	5.14522	5.12813
-0.802075	0.564984	5.14456	5.12813
-0.798133	0.572212	5.14423	5.1278
-0.789591	0.575169	5.1462	5.12616
-0.785977	0.578783	5.1462	5.12485
-0.782692	0.580754	5.14489	5.12485
-0.780392	0.583054	5.1439	5.12748
-0.777106	0.586011	5.1439	5.12879
-0.777435	0.582725	5.14357	5.12879
-0.776449	0.587653	5.14587	5.1278
-0.776778	0.589296	5.14686	5.12518
-0.776121	0.589625	5.14752	5.12419
-0.77185	0.592253	5.14653	5.1255
-0.774807	0.596524	5.14423	5.12715
-0.77185	0.599152	5.14259	5.12813
-0.766264	0.60408	5.1416	5.12879
-0.760022	0.608351	5.14357	5.12715
-0.75608	0.606709	5.14522	5.12419
-0.752137	0.609666	5.14489	5.12222
-0.752137	0.619522	5.14259	5.12156
-0.751152	0.620836	5.14127	5.12419
-0.744909	0.622479	5.1416	5.12649
-0.747866	0.626421	5.14489	5.12682
-0.747209	0.631021	5.14653	5.12715
-0.742938	0.638249	5.14522	5.12616
-0.734396	0.638577	5.14357	5.12452
-0.731439	0.641863	5.14226	5.12616
-0.735382	0.642848	5.14226	5.12616
-0.734725	0.642191	5.14357	5.1255
-0.730125	0.64482	5.14587	5.12583
-0.732096	0.646462	5.14719	5.12616
-0.733082	0.649091	5.14653	5.12616
-0.73341	0.649748	5.14357	5.12583
-0.726182	0.655004	5.1416	5.12518
-0.728154	0.653362	5.14062	5.12452
-0.725525	0.65369	5.1416	5.12518
-0.726511	0.654019	5.14489	5.12583
-0.727825	0.658947	5.14653	5.12583
-0.724868	0.656647	5.14587	5.12649
-0.725854	0.65139	5.14423	5.1278
-0.724868	0.655661	5.14259	5.12846
-0.727825	0.65599	5.14226	5.1301
-0.729796	0.651062	5.14292	5.12977
-0.730125	0.648434	5.14423	5.12945
-0.728482	0.648105	5.1462	5.12813
-0.733082	0.643834	5.14587	5.12649
-0.731439	0.647119	5.14456	5.12813
-0.732096	0.650076	5.14423	5.12813
-0.736039	0.649419	5.14686	5.12682
-0.728811	0.653033	5.14587	5.12583
-0.730454	0.648762	5.14522	5.12518
-0.733082	0.642848	5.14423	5.12419
-0.738667	0.638906	5.1439	5.12419
-0.729796	0.642191	5.14489	5.1255
-0.730125	0.642848	5.14357	5.12583
-0.72684	0.639563	5.1416	5.12583
-0.72684	0.637592	5.14127	5.1278
-0.736367	0.631349	5.14357	5.1278
-0.74261	0.627078	5.14522	5.12649
-0.74918	0.624779	5.14489	5.12419
-0.751152	0.620179	5.14292	5.12288
-0.75148	0.627078	5.14095	5.12288
-0.75378	0.623793	5.14193	5.1232
-0.757065	0.623136	5.14423	5.12419
-0.755094	0.626421	5.14555	5.12616
-0.759037	0.630035	5.14456	5.12715
-0.757394	0.636277	5.14259	5.12682
-0.766593	0.634635	5.1439	5.1255
-0.76495	0.631349	5.14423	5.12386
-0.76495	0.627735	5.14325	5.12353
-0.766922	0.627407	5.14292	5.12353
-0.770536	0.62675	5.14555	5.12452
-0.772178	0.621493	5.14653	5.12616
-0.768893	0.624121	5.14653	5.1278
-0.771521	0.618208	5.14325	5.1278
-0.763636	0.613937	5.14095	5.12649
-0.77185	0.614922	5.14095	5.12485
-0.766264	0.621822	5.14226	5.12386
-0.768893	0.624121	5.14357	5.12386
-0.768564	0.628721	5.14325	5.1255
-0.772507	0.62905	5.14193	5.12616
-0.775135	0.631349	5.14226	5.12715
-0.775135	0.631021	5.14292	5.12649
-0.777435	0.634635	5.1439	5.1255
-0.776121	0.637263	5.14456	5.1232
-0.772178	0.634306	5.14489	5.12419
-0.76955	0.638906	5.14522	5.12419
-0.76725	0.64252	5.14357	5.12386
-0.764622	0.646791	5.14193	5.12485
-0.759365	0.64252	5.14193	5.12583
-0.761336	0.64252	5.14292	5.12715
-0.762322	0.648762	5.14259	5.12748
-0.762979	0.648434	5.14325	5.12682
-0.760679	0.649419	5.14522	5.12715
-0.763636	0.64482	5.14456	5.12748
-0.760351	0.646791	5.14259	5.12846
-0.75608	0.649419	5.14095	5.12846
-0.755094	0.645805	5.14259	5.12813
-0.753451	0.648762	5.14587	5.12846
-0.752794	0.650405	5.14555	5.12945
-0.746552	0.654019	5.14292	5.12879
-0.745895	0.647776	5.14127	5.12616
-0.746881	0.646791	5.14193	5.1255
-0.746223	0.655661	5.14357	5.12715
-0.752794	0.650405	5.14489	5.12715
-0.754437	0.654676	5.1439	5.12649
-0.755094	0.654019	5.14357	5.1255
-0.752466	0.653362	5.14292	5.1255
-0.748195	0.659932	5.14226	5.12616
-0.743595	0.664204	5.14259	5.12748
-0.741295	0.665189	5.14292	5.12912
-0.736367	0.663218	5.14325	5.12912
-0.738339	0.662561	5.14555	5.12715
-0.743595	0.659275	5.14653	5.1255
-0.745238	0.656976	5.14456	5.12518
-0.747538	0.65139	5.14095	5.12583
-0.743924	0.651062	5.14095	5.1255
-0.743924	0.652047	5.14062	5.12583
-0.743595	0.648762	5.14226	5.12452
-0.747209	0.649419	5.14456	5.12419
-0.745566	0.646791	5.14456	5.12353
-0.742281	0.638906	5.14259	5.1232
-0.743924	0.634635	5.14226	5.12386
-0.748852	0.631021	5.14325	5.12583
-0.748852	0.630692	5.14423	5.12583
-0.75148	0.628721	5.14456	5.12452
-0.756408	0.625764	5.14456	5.12386
-0.761665	0.627078	5.1439	5.12189
-0.761993	0.621493	5.1439	5.12222
-0.769221	0.616565	5.14357	5.12518
-0.778749	0.610323	5.14226	5.12649
-0.782034	0.609666	5.14357	5.12616
-0.784334	0.605723	5.14456	5.12583
-0.791562	0.607694	5.1439	5.1255
-0.796162	0.601452	5.1416	5.12583
-0.803061	0.599481	5.14127	5.12682
-0.808975	0.594553	5.14127	5.12748
-0.808646	0.597838	5.1416	5.12748
-0.807661	0.590282	5.14193	5.12649
-0.815217	0.584039	5.14226	5.12649
-0.81456	0.583054	5.14456	5.12583
-0.814889	0.577797	5.14456	5.12583
-0.807004	0.577469	5.14325	5.12682
-0.806346	0.580097	5.14259	5.12649
-0.804704	0.572869	5.14292	5.12649
-0.79879	0.575826	5.14357	5.1255
-0.790905	0.58174	5.14259	5.12419
-0.784991	0.586011	5.14193	5.12452
-0.786305	0.583382	5.14292	5.12583
-0.789591	0.578454	5.14423	5.12715
-0.793533	0.575497	5.14423	5.12682
-0.790905	0.580754	5.14456	5.12485
-0.789262	0.57944	5.14686	5.12255
-0.788277	0.580097	5.1485	5.12189
-0.791234	0.578783	5.14785	5.12156
-0.78532	0.582068	5.14686	5.12156
-0.78762	0.578126	5.14555	5.12419
-0.786963	0.577469	5.14489	5.12682
-0.781377	0.580425	5.14489	5.12846
-0.775792	0.582725	5.14555	5.12813
-0.76725	0.584039	5.14817	5.12616
-0.76495	0.583711	5.14817	5.12616
-0.761993	0.590282	5.14752	5.12616
-0.761336	0.582397	5.14555	5.1255
-0.762979	0.585682	5.14456	5.1255
-0.761008	0.588968	5.1439	5.12485
-0.761336	0.582397	5.14423	5.1255
-0.761993	0.582397	5.1439	5.12649
-0.752466	0.585354	5.14357	5.1255
-0.752466	0.58831	5.14489	5.1255
-0.754766	0.594881	5.1462	5.12682
-0.757394	0.596524	5.14555	5.1278
-0.75838	0.59291	5.14522	5.12682
-0.75608	0.590282	5.14489	5.12616
-0.749837	0.587325	5.14522	5.12583
-0.74918	0.590939	5.1439	5.12518
-0.736039	0.606052	5.1439	5.12583
-0.734725	0.605066	5.14259	5.12649
-0.736696	0.604738	5.14193	5.1278
-0.741295	0.603095	5.14292	5.12715
-0.734396	0.608351	5.14456	5.1278
-0.733082	0.607366	5.14489	5.12813
-0.730782	0.612623	5.1439	5.12682
-0.734396	0.615579	5.14226	5.12518
-0.740967	0.61328	5.14062	5.12649
-0.735382	0.612623	5.14029	5.12813
-0.729468	0.618865	5.1439	5.12748
-0.718955	0.62445	5.14522	5.1255
-0.716326	0.62215	5.14456	5.12518
-0.716655	0.627735	5.14226	5.12485
-0.713369	0.631678	5.14127	5.12649
-0.718626	0.630364	5.14193	5.1278
-0.716983	0.634963	5.1439	5.12748
-0.72454	0.634635	5.1439	5.12715
-0.728482	0.636277	5.14357	5.12682
-0.733082	0.636935	5.1416	5.12583
-0.730782	0.63792	5.14259	5.12616
-0.729139	0.639563	5.14357	5.1278
-0.729468	0.64252	5.14522	5.12715
-0.733082	0.641206	5.14522	5.12715
-0.726182	0.64022	5.14423	5.12649
-0.727497	0.638577	5.14423	5.12649
-0.722569	0.630035	5.14456	5.12682
-0.723883	0.623464	5.14292	5.12748
-0.722897	0.624779	5.14193	5.1278
-0.720269	0.631021	5.14259	5.1278
-0.727825	0.62675	5.14259	5.12682
-0.727497	0.612951	5.14193	5.1255
-0.730782	0.609337	5.14259	5.12386
-0.72684	0.609009	5.14325	5.12288
-0.734725	0.603423	5.14259	5.12353
-0.737024	0.611308	5.14259	5.12419
-0.737353	0.60408	5.14292	5.12452
-0.738996	0.603752	5.14357	5.12616
-0.746881	0.596853	5.14292	5.12616
-0.753123	0.599809	5.14325	5.1255
-0.750495	0.596853	5.14226	5.12616
-0.760022	0.593896	5.14095	5.12682
-0.765607	0.59061	5.14029	5.12715
-0.769878	0.590282	5.14259	5.12616
-0.766593	0.590939	5.14522	5.1255
-0.771193	0.595867	5.14587	5.12715
-0.776778	0.594881	5.14587	5.12846
-0.773821	0.592581	5.1439	5.12715
-0.773492	0.586011	5.1416	5.12518
-0.773492	0.581411	5.14292	5.12386
-0.776778	0.584368	5.14587	5.12419
-0.772507	0.584696	5.14719	5.12485
-0.775135	0.583711	5.1462	5.1255
-0.774807	0.58174	5.14456	5.12518
-0.777763	0.584039	5.14259	5.12419
-0.780392	0.582397	5.1416	5.12583
-0.782363	0.581411	5.14193	5.12879
-0.785648	0.57484	5.14292	5.12715
-0.792219	0.573198	5.14357	5.12583
-0.789262	0.575169	5.14226	5.1255
-0.795833	0.571226	5.14259	5.1255
-0.797476	0.569584	5.14325	5.12649
-0.797804	0.569584	5.14226	5.1255
-0.799447	0.570241	5.1416	5.12353
-0.808318	0.56597	5.14292	5.12386
-0.81456	0.569584	5.1439	5.12419
-0.818831	0.563998	5.1439	5.12518
-0.821131	0.564327	5.14325	5.1255
-0.824416	0.561042	5.14292	5.12616
-0.827373	0.551842	5.1416	5.1278
-0.831973	0.546586	5.14127	5.12846
-0.831644	0.544614	5.14193	5.12813
-0.835258	0.541329	5.14226	5.12583
-0.836244	0.539686	5.14292	5.12485
-0.835587	0.545929	5.1439	5.1255
-0.835915	0.549214	5.1439	5.12813
-0.842815	0.545929	5.14193	5.12748
-0.8438	0.542972	5.1416	5.12682
-0.844457	0.536401	5.14292	5.12452
-0.839529	0.537058	5.1462	5.12353
-0.839529	0.530159	5.14752	5.1255
-0.838543	0.52983	5.1462	5.12715
-0.8438	0.527202	5.14325	5.12813
-0.8461	0.528844	5.14193	5.12616
-0.841172	0.52753	5.14456	5.12583
-0.835258	0.527202	5.14686	5.12682
-0.829673	0.529173	5.14522	5.12748
-0.827373	0.52753	5.14357	5.12616
-0.824745	0.529502	5.14226	5.12518
-0.82573	0.522931	5.14259	5.12353
-0.823431	0.525559	5.14226	5.12353
-0.822774	0.527202	5.14292	5.12485
-0.822445	0.526216	5.14423	5.12583
-0.817845	0.524902	5.14357	5.12386
-0.816531	0.527859	5.1439	5.12353
-0.817188	0.52753	5.14292	5.12386
-0.817517	0.525231	5.14259	5.12485
-0.814889	0.521288	5.14325	5.12616
-0.813903	0.526545	5.14357	5.12682
-0.817517	0.524902	5.14226	5.12682
-0.814231	0.530816	5.14259	5.1278
-0.811275	0.531801	5.14259	5.12813
-0.811932	0.533773	5.14226	5.1278
-0.815546	0.535087	5.14292	5.12748
-0.808975	0.541	5.14292	5.12616
-0.804047	0.542643	5.14193	5.12616
-0.804704	0.542972	5.14226	5.1255
-0.813574	0.544286	5.14325	5.12583
-0.809632	0.541329	5.14292	5.12879
-0.803061	0.546257	5.14062	5.12879
-0.802075	0.548557	5.1393	5.1278
-0.800433	0.555456	5.14127	5.12715
-0.800104	0.563013	5.14456	5.12583
-0.795176	0.567941	5.14686	5.12386
-0.788277	0.564655	5.14522	5.1232
-0.785648	0.567284	5.14325	5.12288
-0.786634	0.569584	5.14226	5.12518
-0.782363	0.568598	5.14226	5.12912
-0.781377	0.570241	5.14357	5.12945
-0.785648	0.570241	5.14357	5.12813
-0.781377	0.577797	5.14292	5.12748
-0.776449	0.571883	5.14193	5.12616
-0.770536	0.573855	5.14193	5.12715
-0.771193	0.57484	5.14292	5.12649
-0.767907	0.57944	5.14456	5.12649
-0.758708	0.586339	5.14555	5.12485
-0.760351	0.593239	5.14423	5.12452
-0.762651	0.593896	5.14226	5.12353
-0.762979	0.594553	5.1416	5.12452
-0.76495	0.59521	5.14259	5.1255
-0.760679	0.596195	5.14193	5.12715
-0.75838	0.596524	5.14127	5.12813
-0.75838	0.59521	5.14292	5.1278
-0.759694	0.599809	5.14226	5.12682
-0.759037	0.604409	5.14127	5.1255
-0.757722	0.609009	5.13963	5.12616
-0.756408	0.605723	5.14095	5.1255
-0.75378	0.599809	5.1439	5.12485
-0.755423	0.602766	5.14686	5.12583
-0.753123	0.605395	5.14686	5.12682
-0.74031	0.61098	5.14456	5.12715
-0.741952	0.615908	5.1439	5.12649
-0.739981	0.61328	5.14357	5.12485
-0.739324	0.620508	5.1439	5.12616
-0.736039	0.620508	5.14259	5.12879
-0.732425	0.614594	5.14095	5.12945
-0.727168	0.621493	5.14062	5.13076
-0.730125	0.624779	5.14259	5.12977
-0.723554	0.627407	5.14489	5.12649
-0.71107	0.630364	5.14489	5.12452
-0.721583	0.622479	5.14292	5.1232
-0.714355	0.623464	5.14259	5.12353
-0.709755	0.621822	5.14423	5.12452
-0.709755	0.625436	5.14587	5.12452
-0.701542	0.629378	5.1439	5.12518
-0.700228	0.632992	5.14292	5.12715
-0.703842	0.634635	5.14226	5.12649
-0.707784	0.631021	5.14226	5.12649
-0.709427	0.625436	5.14193	5.12616
-0.703842	0.626093	5.1416	5.12682
-0.70417	0.624779	5.14259	5.12518
-0.710084	0.627407	5.14226	5.12386
-0.714684	0.622479	5.14325	5.12222
-0.716655	0.617222	5.14226	5.1232
-0.725854	0.621165	5.14226	5.12518
-0.729139	0.623464	5.14325	5.1255
-0.730782	0.621165	5.14292	5.12386
-0.739981	0.622479	5.14193	5.12288
-0.741952	0.622807	5.14062	5.1232
-0.741295	0.618865	5.14127	5.12682
-0.738339	0.622479	5.14259	5.12846
-0.741624	0.629378	5.14259	5.12682
-0.738667	0.628721	5.14226	5.12452
-0.73801	0.630364	5.14423	5.12518
-0.736039	0.626421	5.14555	5.1255
-0.740967	0.624779	5.14653	5.12485
-0.737681	0.631678	5.1462	5.12518
-0.737353	0.633649	5.14587	5.12452
-0.734396	0.632664	5.14522	5.12518
-0.740638	0.626421	5.14423	5.12518
-0.735382	0.62675	5.14522	5.12616
-0.73801	0.623136	5.14587	5.12682
-0.742281	0.61328	5.1439	5.12846
-0.744252	0.614265	5.14127	5.12715
-0.74261	0.614265	5.14127	5.12583
-0.747209	0.615908	5.14193	5.12386
-0.747866	0.612623	5.14357	5.12419
-0.751809	0.608023	5.14555	5.1255
-0.754437	0.606709	5.14555	5.12616
-0.754437	0.609994	5.14489	5.12649
-0.750823	0.609337	5.14062	5.12649
-0.749509	0.602438	5.13897	5.12682
-0.750166	0.607366	5.1393	5.12715
-0.753123	0.61328	5.14226	5.12813
-0.760679	0.614922	5.14653	5.12682
-0.756737	0.612951	5.14916	5.12386
-0.755094	0.616565	5.14752	5.12419
-0.752794	0.616236	5.14259	5.12583
-0.755751	0.610323	5.13897	5.12748
-0.765936	0.60868	5.14095	5.1278
-0.770864	0.601124	5.14325	5.12616
-0.771521	0.60408	5.14423	5.12353
-0.772507	0.600138	5.1439	5.12255
-0.770536	0.596853	5.14423	5.12255
-0.770864	0.591596	5.14423	5.12452
-0.768893	0.594553	5.1439	5.12452
-0.768893	0.589296	5.14226	5.12386
-0.765607	0.591267	5.14062	5.1255
-0.769878	0.594553	5.14259	5.12583
-0.76955	0.599481	5.14686	5.1255
-0.770864	0.599809	5.14719	5.1255
-0.770536	0.602438	5.14587	5.1278
-0.769221	0.606709	5.1439	5.12912
-0.771521	0.603095	5.1416	5.12748
-0.772178	0.609337	5.13996	5.12518
-0.771521	0.60868	5.14226	5.12353
-0.772835	0.607037	5.14423	5.12485
-0.77185	0.608351	5.14325	5.12649
-0.768236	0.61328	5.14062	5.12649
-0.773821	0.612294	5.14127	5.12616
-0.774478	0.612951	5.14259	5.1255
-0.775135	0.607694	5.14456	5.12485
-0.77185	0.60868	5.14522	5.12485
-0.770207	0.610323	5.14522	5.12386
-0.774149	0.614922	5.1439	5.12583
-0.772507	0.614265	5.14292	5.12912
-0.768236	0.619193	5.14259	5.12846
-0.766922	0.615251	5.14292	5.1255
-0.765936	0.60868	5.14423	5.12518
-0.769878	0.604738	5.1439	5.12649
-0.77185	0.602438	5.14193	5.12813
-0.777106	0.599809	5.14226	5.1301
-0.774807	0.591596	5.14259	5.1301
-0.782034	0.583382	5.14292	5.12813
-0.78072	0.583054	5.14292	5.12583
-0.78532	0.582397	5.14456	5.12452
-0.790905	0.588639	5.14587	5.12386
-0.788605	0.592581	5.14456	5.12682
-0.790905	0.595538	5.14292	5.1255
-0.795833	0.598167	5.14127	5.12518
-0.80109	0.59751	5.14127	5.12518
-0.802733	0.600138	5.1439	5.12485
-0.796819	0.601781	5.14653	5.12452
-0.791234	0.602438	5.14587	5.12485
-0.78762	0.601781	5.14489	5.12452
-0.786634	0.603423	5.14489	5.1255
-0.789591	0.596853	5.14587	5.1278
-0.783677	0.602766	5.14456	5.12945
-0.784006	0.599481	5.14357	5.12846
-0.786305	0.593239	5.14423	5.12583
-0.782034	0.597181	5.14522	5.1232
-0.784663	0.597838	5.1462	5.12222
-0.784006	0.598495	5.14489	5.12485
-0.785977	0.598167	5.14325	5.12682
-0.791234	0.598824	5.14325	5.12682
-0.790905	0.59751	5.14292	5.12518
-0.788934	0.592253	5.14292	5.12288
-0.789262	0.586996	5.14357	5.1232
-0.793533	0.583711	5.14423	5.12485
-0.792219	0.584696	5.14489	5.12682
-0.788605	0.586011	5.14357	5.12748
-0.789262	0.580425	5.14456	5.12813
-0.789591	0.570569	5.1462	5.1278
-0.789919	0.574183	5.14587	5.12879
-0.788605	0.576154	5.14489	5.12846
-0.790905	0.574512	5.14292	5.12846
-0.789919	0.576154	5.14259	5.12813
-0.786634	0.576154	5.1439	5.12715
-0.789262	0.578126	5.14653	5.12649
-0.794519	0.576154	5.14817	5.12715
-0.795833	0.580097	5.14785	5.12748
-0.79419	0.583711	5.14653	5.12748
-0.788934	0.582725	5.14522	5.12813
-0.786305	0.585025	5.14456	5.12748
-0.788277	0.594224	5.14292	5.12518
-0.78302	0.595867	5.14325	5.12452
-0.785648	0.596853	5.1439	5.12452
-0.781377	0.595867	5.14555	5.1232
-0.774149	0.605723	5.14653	5.12255
-0.770536	0.605066	5.14587	5.12386
-0.765607	0.616565	5.14423	5.12452
-0.763965	0.616236	5.14292	5.12616
-0.761336	0.617551	5.1439	5.12616
-0.763965	0.617551	5.14555	5.12419
-0.763965	0.616894	5.1462	5.12485
-0.760679	0.615908	5.14423	5.12485
-0.758708	0.620179	5.1416	5.1255
-0.755094	0.623464	5.1416	5.12616
-0.758051	0.621165	5.14259	5.12616
-0.756737	0.627407	5.14357	5.12682
-0.759365	0.62445	5.14226	5.12813
-0.759365	0.620179	5.14193	5.12748
-0.76495	0.617551	5.14193	5.12649
-0.75608	0.620179	5.14292	5.12649
-0.757394	0.618536	5.14357	5.12583
-0.757394	0.622807	5.1439	5.12518
-0.756737	0.618208	5.14456	5.12452
-0.752794	0.620836	5.1439	5.12386
-0.745238	0.623136	5.14456	5.12288
-0.740638	0.620508	5.14489	5.12353
-0.734725	0.621822	5.14456	5.12518
-0.732096	0.620836	5.1439	5.12583
-0.728482	0.627078	5.14325	5.12649
-0.726182	0.62445	5.1439	5.12452
-0.725854	0.614594	5.14653	5.12156
-0.727825	0.60868	5.14522	5.12189
-0.730454	0.60638	5.14193	5.12485
-0.732096	0.606709	5.14095	5.12879
-0.74031	0.603095	5.14193	5.12912
-0.744581	0.605723	5.14423	5.12616
-0.747209	0.608023	5.14587	5.12353
-0.74918	0.610323	5.14653	5.12386
-0.747866	0.606052	5.14423	5.12682
-0.742281	0.611637	5.1416	5.12879
-0.743595	0.609337	5.14095	5.12813
-0.745895	0.59751	5.14259	5.12616
-0.741295	0.603752	5.14357	5.12485
-0.747538	0.601781	5.14357	5.12255
-0.750166	0.591267	5.14456	5.12255
-0.746881	0.593239	5.14325	5.12518
-0.745238	0.594553	5.14259	5.12715
-0.748852	0.59521	5.14259	5.12813
-0.750166	0.592253	5.14357	5.1278
-0.75148	0.585682	5.14325	5.12649
-0.753123	0.583382	5.14456	5.12682
-0.744252	0.586011	5.14587	5.12813
-0.74261	0.582725	5.14522	5.1278
-0.74031	0.586011	5.1439	5.12748
-0.737353	0.583711	5.14193	5.12715
-0.746223	0.582725	5.14226	5.12682
-0.754766	0.583382	5.14587	5.12649
-0.75378	0.582068	5.1485	5.12682
-0.756408	0.57944	5.14719	5.12616
-0.752794	0.573198	5.1462	5.1255
-0.749837	0.578454	5.14555	5.12419
-0.754108	0.574183	5.14325	5.12419
-0.752466	0.578126	5.1439	5.12452
-0.759365	0.580097	5.14555	5.12583
-0.767907	0.575169	5.14653	5.12452
-0.776449	0.572869	5.14423	5.12452
-0.784334	0.572869	5.14095	5.12748
-0.791234	0.57714	5.13897	5.12912
-0.793533	0.57484	5.13996	5.1301
-0.788277	0.573526	5.14259	5.1278
-0.789591	0.567941	5.14522	5.12485
-0.790248	0.564984	5.14456	5.12386
-0.789919	0.555128	5.14193	5.12419
-0.791891	0.553485	5.13996	5.12518
-0.793533	0.546914	5.14029	5.12616
-0.794848	0.552499	5.14325	5.12682
-0.80339	0.546914	5.14325	5.12616
-0.803061	0.548885	5.14423	5.12485
-0.807661	0.548228	5.14325	5.12518
-0.807661	0.549871	5.14127	5.1255
-0.806675	0.540672	5.14127	5.12649
-0.814231	0.534758	5.14127	5.12715
-0.825402	0.529173	5.14127	5.12583
-0.83033	0.528844	5.14325	5.12452
-0.83263	0.521288	5.14522	5.1232
-0.836244	0.524573	5.14423	5.12386
-0.843143	0.529173	5.14193	5.12616
-0.843143	0.527202	5.14062	5.1278
-0.850042	0.52983	5.14259	5.1278
-0.847414	0.531144	5.1439	5.12583
-0.845443	0.531144	5.14555	5.12353
-0.842815	0.533115	5.14423	5.12386
-0.844457	0.536401	5.14325	5.12583
-0.840843	0.53443	5.14423	5.12748
-0.843472	0.536401	5.14423	5.12813
-0.8438	0.531801	5.14325	5.12748
-0.845114	0.533444	5.14292	5.12518
-0.850042	0.528844	5.14226	5.12452
-0.854642	0.528516	5.1439	5.12485
-0.852342	0.528187	5.14489	5.12419
-0.851357	0.53213	5.14357	5.1255
-0.8484	0.537715	5.14325	5.1278
-0.847414	0.539358	5.14357	5.12748
-0.852014	0.541658	5.1439	5.12485
-0.850371	0.541329	5.14325	5.12288
-0.843472	0.550528	5.14456	5.12189
-0.845114	0.553814	5.1462	5.12222
-0.843143	0.562356	5.14785	5.12386
-0.842486	0.566298	5.1462	5.12452
-0.839858	0.568598	5.14226	5.12649
-0.837229	0.575826	5.14062	5.12846
-0.831644	0.579111	5.14325	5.12715
-0.824088	0.580097	5.14489	5.12583
-0.822445	0.580097	5.14456	5.1255
-0.814231	0.57714	5.14292	5.12452
-0.81226	0.581083	5.14127	5.12485
-0.810618	0.584368	5.14029	5.12583
-0.805361	0.586011	5.14095	5.1255
-0.805689	0.580097	5.14193	5.12485
-0.802404	0.58174	5.14292	5.12616
-0.803718	0.578783	5.14226	5.12813
-0.804704	0.584696	5.14062	5.12912
-0.802075	0.586996	5.14062	5.12945
-0.805032	0.586996	5.1416	5.12912
-0.79879	0.590939	5.14193	5.12649
-0.803061	0.587653	5.14127	5.12518
-0.794848	0.59751	5.14259	5.12583
-0.79419	0.598495	5.14423	5.12846
-0.794848	0.596853	5.14489	5.12879
-0.795176	0.602438	5.14456	5.12748
-0.792548	0.605395	5.14587	5.12649
-0.792219	0.607694	5.14752	5.12518
-0.796162	0.61328	5.14883	5.12649
-0.792219	0.617551	5.14719	5.12748
-0.794848	0.619522	5.14522	5.12813
-0.790577	0.623464	5.14456	5.12977
-0.787948	0.623136	5.14522	5.1301
-0.784663	0.622807	5.14522	5.12977
-0.785648	0.621822	5.1462	5.12682
-0.787948	0.621165	5.14719	5.1232
-0.788934	0.622807	5.14587	5.12222
-0.788277	0.619193	5.14456	5.12419
-0.786305	0.621822	5.1439	5.12649
-0.788605	0.616894	5.14423	5.12682
-0.787948	0.613937	5.14456	5.12616
-0.788277	0.60868	5.14259	5.12616
-0.78762	0.598495	5.1416	5.12485
-0.78762	0.599481	5.14259	5.12649
-0.784991	0.594224	5.1439	5.12682
-0.783349	0.590939	5.14357	5.12616
-0.780063	0.594553	5.14292	5.12485
-0.784006	0.592581	5.14193	5.12485
-0.783349	0.587653	5.14095	5.12353
-0.785648	0.582725	5.14259	5.12485
-0.791234	0.572212	5.14357	5.12518
-0.799776	0.569584	5.14423	5.12485
-0.796819	0.567284	5.14292	5.12583
-0.797147	0.569912	5.14127	5.12748
-0.803061	0.568269	5.1416	5.12682
-0.808975	0.568927	5.14423	5.12748
-0.802733	0.570898	5.14587	5.12813
-0.79879	0.564655	5.14325	5.12616
-0.79419	0.566627	5.14029	5.12485
-0.79649	0.563341	5.13832	5.12419
-0.793862	0.564655	5.1416	5.12419
-0.797476	0.568598	5.14522	5.12452
-0.802404	0.569255	5.14653	5.12222
-0.805689	0.565313	5.14817	5.12288
-0.81456	0.561042	5.14817	5.12452
-0.817517	0.556113	5.14555	5.12616
-0.815874	0.5502	5.14259	5.12518
-0.824088	0.5502	5.14193	5.1232
-0.819817	0.548885	5.1439	5.12255
-0.81686	0.546257	5.14555	5.12353
-0.814231	0.548228	5.14719	5.12715
-0.814889	0.542972	5.14522	5.12879
-0.814889	0.543629	5.14259	5.12813
-0.821459	0.536072	5.14193	5.1278
-0.81686	0.53213	5.14193	5.12616
-0.818831	0.537715	5.14193	5.12419
-0.812917	0.544614	5.14259	5.12452
-0.81226	0.548557	5.14193	5.12649
-0.806675	0.551842	5.14325	5.12846
-0.804704	0.554471	5.14292	5.13043
-0.799119	0.560713	5.14456	5.12879
-0.793205	0.568269	5.14522	5.12715
-0.789591	0.570898	5.14357	5.12583
-0.789262	0.570241	5.14259	5.12715
-0.791891	0.567941	5.13996	5.12748
-0.791234	0.566298	5.1393	5.1278
-0.790577	0.560384	5.13897	5.1278
-0.790248	0.560384	5.13996	5.12912
-0.786963	0.554471	5.14325	5.1301
-0.790248	0.553814	5.14456	5.12879
-0.792219	0.557099	5.14456	5.12748
-0.796162	0.557756	5.14357	5.12682
-0.788277	0.561042	5.14357	5.12748
-0.789591	0.565641	5.14292	5.13076
-0.791562	0.555128	5.14292	5.1301
-0.79419	0.557428	5.14357	5.12813
-0.800433	0.556442	5.14325	5.1255
-0.800433	0.55907	5.14259	5.12353
-0.804047	0.563013	5.14193	5.12485
-0.805689	0.564655	5.14193	5.1255
-0.809303	0.567284	5.14325	5.12583
-0.813574	0.564984	5.14423	5.1255
-0.813903	0.563341	5.14357	5.1255
-0.814231	0.561042	5.14259	5.12419
-0.817845	0.555128	5.1416	5.12452
-0.818831	0.556113	5.13963	5.1255
-0.819817	0.556442	5.13799	5.12616
-0.814889	0.557099	5.13865	5.12715
-0.820145	0.561699	5.14357	5.12715
-0.822445	0.561042	5.14752	5.12616
-0.827373	0.557428	5.14916	5.12485
-0.829673	0.551514	5.14817	5.1255
-0.830659	0.5502	5.14555	5.1255
-0.833615	0.554471	5.1439	5.12583
-0.835915	0.557428	5.14423	5.12616
-0.8415	0.554142	5.14522	5.1255
-0.836244	0.559399	5.14555	5.12353
-0.840515	0.553814	5.14522	5.1255
-0.8415	0.553485	5.14555	5.12748
-0.840515	0.552499	5.14423	5.13076
-0.840186	0.552171	5.14226	5.12977
-0.843143	0.550857	5.14062	5.12616
-0.840843	0.558085	5.14127	5.12518
-0.843472	0.561042	5.14127	5.12649
-0.8415	0.558085	5.14292	5.12846
-0.83493	0.563341	5.1416	5.12945
-0.82803	0.56597	5.14062	5.1301
-0.82573	0.570241	5.14193	5.12748
-0.825073	0.571883	5.1439	5.12485
-0.825402	0.573855	5.1462	5.12288
-0.823431	0.579111	5.14719	5.12255
-0.822116	0.581411	5.14522	5.12419
-0.823102	0.582397	5.14226	5.1255
-0.815217	0.591924	5.14127	5.12616
-0.811275	0.587653	5.1416	5.12682
-0.807661	0.586339	5.14325	5.1278
-0.806018	0.586339	5.14489	5.12616
-0.805689	0.587982	5.14653	5.12452
-0.801747	0.593239	5.14752	5.12353
-0.79879	0.597838	5.14653	5.12485
-0.795833	0.596195	5.14555	5.12813
-0.792548	0.597838	5.14357	5.12846
-0.79419	0.59291	5.14193	5.12715
-0.796162	0.59521	5.14292	5.12452
-0.791562	0.593239	5.14522	5.1232
-0.792219	0.594224	5.1439	5.1232
-0.791562	0.594881	5.14259	5.12386
-0.787948	0.594881	5.14193	5.12485
-0.782692	0.59751	5.14193	5.12583
-0.781377	0.59521	5.14193	5.12715
-0.782363	0.598824	5.14357	5.12649
-0.779406	0.598824	5.14357	5.12616
-0.781377	0.602109	5.14325	5.1255
-0.781706	0.606052	5.1416	5.12452
-0.781049	0.609994	5.1416	5.12583
-0.779078	0.610651	5.14193	5.12748
-0.775464	0.611637	5.14193	5.12715
-0.779406	0.609994	5.14292	5.12616
-0.776778	0.615908	5.14357	5.12583
-0.778092	0.614922	5.14292	5.1255
-0.774478	0.609994	5.14357	5.12616
-0.78072	0.603423	5.14522	5.12616
-0.778092	0.612294	5.14587	5.12386
-0.784663	0.611965	5.14489	5.12386
-0.789919	0.60638	5.14193	5.1255
-0.788605	0.609009	5.14193	5.12649
-0.792548	0.601781	5.14226	5.12682
-0.797147	0.598167	5.14357	5.12682
-0.805361	0.597181	5.14456	5.12616
-0.808646	0.594224	5.14653	5.1278
-0.810946	0.598495	5.14785	5.1278
-0.810289	0.605066	5.14785	5.12748
-0.807989	0.60868	5.14555	5.1278
-0.802075	0.616236	5.14522	5.12748
-0.79649	0.615579	5.14489	5.12682
-0.789591	0.624121	5.14357	5.12748
-0.790248	0.62445	5.14423	5.12813
-0.788934	0.628721	5.14522	5.12682
-0.785648	0.624779	5.1462	5.12649
-0.784991	0.62215	5.14555	5.12748
-0.783677	0.616565	5.14292	5.12813
-0.78302	0.615251	5.13963	5.12715
-0.784334	0.614594	5.14029	5.1278
-0.78762	0.610323	5.14062	5.12879
-0.788605	0.609666	5.14292	5.12879
-0.787948	0.607694	5.14423	5.12583
-0.789262	0.607366	5.14522	5.12288
-0.784334	0.60868	5.14522	5.12156
-0.779078	0.60408	5.14423	5.12485
-0.777106	0.606709	5.14522	5.12715
-0.783677	0.602109	5.14522	5.12813
-0.784334	0.599481	5.14456	5.12748
-0.784991	0.595538	5.14456	5.1255
-0.78072	0.594553	5.14489	5.12485
-0.777763	0.594881	5.14423	5.12518
-0.778092	0.59291	5.14325	5.12715
-0.782692	0.591596	5.1439	5.12649
-0.779078	0.588639	5.14456	5.12485
-0.772835	0.59061	5.14555	5.12419
-0.769878	0.591924	5.14587	5.1255
-0.76725	0.593239	5.14522	5.12616
-0.761993	0.58831	5.14357	5.12649
-0.759037	0.586339	5.14325	5.1255
-0.762322	0.594553	5.14259	5.1255
-0.762651	0.605395	5.14325	5.12583
-0.762322	0.607694	5.14325	5.12649
-0.759037	0.609009	5.14095	5.12485
-0.751152	0.612951	5.14095	5.12386
-0.751152	0.615251	5.14193	5.12452
-0.75148	0.617222	5.14095	5.1255
-0.755751	0.614265	5.14259	5.12485
-0.752466	0.615579	5.14522	5.12485
-0.755751	0.613608	5.14686	5.12419
-0.751809	0.614594	5.14785	5.12452
-0.756408	0.615579	5.14653	5.12583
-0.759694	0.614594	5.14423	5.12616
-0.769878	0.614922	5.14259	5.12616
-0.769221	0.617551	5.14325	5.1278
-0.771521	0.617551	5.14456	5.12846
-0.781377	0.616236	5.14522	5.12715
-0.784334	0.617551	5.14423	5.12452
-0.787948	0.615908	5.14259	5.1232
-0.789591	0.616236	5.14292	5.12583
-0.786634	0.622807	5.14357	5.12682
-0.779735	0.621165	5.14587	5.12583
-0.781377	0.620508	5.14785	5.12419
-0.782034	0.620508	5.14785	5.1232
-0.788605	0.614922	5.14522	5.12288
-0.779078	0.616565	5.14292	5.12649
-0.775464	0.620836	5.14226	5.12912
-0.776778	0.617879	5.14292	5.12912
-0.779406	0.614594	5.14555	5.1278
-0.781706	0.604409	5.14555	5.12715
-0.785977	0.608023	5.14489	5.12748
-0.793205	0.604738	5.14325	5.12748
-0.796162	0.603095	5.14259	5.12583
-0.797147	0.604409	5.14325	5.12419
-0.799776	0.604738	5.14325	5.12485
-0.804047	0.598824	5.14555	5.12452
-0.803718	0.59291	5.14752	5.12419
-0.807661	0.592253	5.14686	5.12518
-0.81226	0.589625	5.14292	5.12518
-0.812589	0.582397	5.14193	5.1232
-0.811603	0.583711	5.14292	5.12419
-0.810289	0.578126	5.14325	5.12353
-0.813246	0.573198	5.14325	5.12386
-0.814889	0.569912	5.14226	5.12583
-0.813574	0.566627	5.14292	5.12616
-0.806346	0.564327	5.14522	5.12649
-0.808318	0.564327	5.14555	5.12912
-0.803061	0.56597	5.14325	5.12879
-0.804047	0.562684	5.14357	5.12649
-0.807661	0.560056	5.14489	5.12452
-0.808646	0.558742	5.14555	5.12419
-0.816203	0.560713	5.14259	5.12649
-0.821788	0.559727	5.1416	5.12715
-0.828687	0.552171	5.14456	5.12748
-0.830659	0.546586	5.14719	5.12682
-0.827045	0.5502	5.14719	5.1278
-0.826059	0.541	5.14489	5.12715
-0.829344	0.541658	5.14292	5.12649
-0.835587	0.538044	5.14193	5.12419
-0.842157	0.531801	5.14127	5.12419
-0.849057	0.525231	5.14259	5.12583
-0.851357	0.522602	5.14423	5.12748
-0.851685	0.523916	5.14456	5.12715
-0.8507	0.526216	5.14357	5.12813
-0.856285	0.524245	5.14292	5.12813
-0.859899	0.519317	5.14325	5.12813
-0.858256	0.516031	5.14292	5.12912
-0.862856	0.512417	5.14259	5.12748
-0.867127	0.506832	5.14226	5.12518
-0.866469	0.514717	5.14456	5.12583
-0.871069	0.515046	5.14423	5.12682
-0.875012	0.508803	5.14292	5.1255
-0.877968	0.504204	5.14062	5.1255
-0.879283	0.498947	5.14095	5.1255
-0.881582	0.500261	5.14226	5.12452
-0.876326	0.505518	5.14357	5.12485
-0.872712	0.509132	5.14522	5.1255
-0.877311	0.506832	5.14292	5.12616
-0.870412	0.513732	5.1416	5.12583
-0.871726	0.513732	5.14193	5.12518
-0.871726	0.514389	5.14357	5.1255
-0.869755	0.512746	5.14522	5.12813
-0.872712	0.515046	5.14456	5.12649
-0.873369	0.51866	5.1439	5.12485
-0.870412	0.524573	5.1439	5.12452
-0.866469	0.523259	5.14456	5.12353
-0.862856	0.524245	5.14423	5.12353
-0.860556	0.524902	5.14423	5.12485
-0.863841	0.521617	5.14489	5.12649
-0.860227	0.521617	5.14489	5.12616
-0.859899	0.520959	5.14489	5.12616
-0.851685	0.523916	5.14555	5.12649
-0.847743	0.521945	5.1462	5.12616
-0.841172	0.532458	5.14489	5.12649
-0.837886	0.532458	5.14325	5.12682
-0.834272	0.531801	5.14489	5.12649
-0.829673	0.53443	5.14587	5.12583
-0.823759	0.541329	5.14555	5.12452
-0.817517	0.547571	5.14259	5.12255
-0.809303	0.5456	5.14127	5.12386
-0.804375	0.5502	5.14095	5.12452
-0.801747	0.554799	5.13963	5.12616
-0.797476	0.553157	5.13963	5.12583
-0.796819	0.561042	5.14062	5.12485
-0.793205	0.564327	5.14193	5.12452
-0.788277	0.571226	5.1416	5.1255
-0.786305	0.571555	5.14062	5.12649
-0.786305	0.567941	5.14127	5.12715
-0.788934	0.570898	5.1416	5.12879
-0.786305	0.57714	5.14357	5.12912
-0.771521	0.591924	5.14587	5.12616
-0.770536	0.596195	5.14555	5.12386
-0.76495	0.600466	5.14423	5.12452
-0.764622	0.603423	5.14292	5.12748
-0.770864	0.602109	5.14226	5.12813
-0.761336	0.614922	5.14259	5.12748
-0.754108	0.617551	5.14259	5.12682
-0.753451	0.617879	5.14193	5.12649
-0.754437	0.61985	5.14193	5.12649
-0.751809	0.619522	5.14325	5.12485
-0.752466	0.624779	5.14325	5.1232
-0.750823	0.623136	5.14062	5.12419
-0.748852	0.625107	5.13996	5.12485
-0.749509	0.628064	5.14325	5.12518
-0.73801	0.631678	5.14587	5.1255
-0.728811	0.632664	5.14522	5.12616
-0.735053	0.635292	5.14325	5.12583
-0.727497	0.634306	5.14062	5.12616
-0.723226	0.633978	5.14193	5.12616
-0.725854	0.64482	5.14423	5.1255
-0.729796	0.642848	5.14752	5.1255
-0.733739	0.642848	5.14916	5.12386
-0.734725	0.639234	5.14719	5.12255
-0.737353	0.636606	5.14423	5.12222
-0.742281	0.63562	5.14127	5.12419
-0.747866	0.632992	5.13996	5.12682
-0.746223	0.628721	5.14127	5.12846
-0.741624	0.628064	5.14292	5.12715
-0.732753	0.632006	5.14489	5.12616
-0.73341	0.628064	5.14489	5.12616
-0.73571	0.628392	5.14325	5.12649
-0.731439	0.625764	5.14095	5.12748
-0.733082	0.625107	5.13963	5.12715
-0.734067	0.622807	5.14095	5.12715
-0.731768	0.620508	5.14325	5.12485
-0.736367	0.621165	5.14456	5.12419
-0.726511	0.626093	5.14555	5.12419
-0.731439	0.618208	5.14522	5.12485
-0.734396	0.618865	5.1439	5.12715
-0.734396	0.613937	5.14226	5.12977
-0.727168	0.618536	5.14292	5.13175
-0.728154	0.608351	5.14193	5.12977
-0.738667	0.602438	5.1416	5.12748
-0.734067	0.601452	5.14062	5.12386
-0.729139	0.604738	5.14062	5.12353
-0.731439	0.604738	5.1416	5.12419
-0.74261	0.598824	5.14193	5.12616
-0.741952	0.601124	5.14029	5.12715
-0.748195	0.597181	5.13996	5.12748
-0.752794	0.600138	5.14292	5.12616
-0.753451	0.601781	5.14489	5.12452
-0.763965	0.602109	5.1439	5.12386
-0.759694	0.602438	5.14292	5.12419
-0.761336	0.600138	5.1439	5.1255
-0.761336	0.601452	5.14456	5.1255
-0.762979	0.601452	5.14489	5.12386
-0.763636	0.608023	5.14522	5.12353
-0.762979	0.605066	5.1439	5.12518
-0.758708	0.610323	5.14292	5.12813
-0.760679	0.613937	5.14357	5.12813
-0.762979	0.609666	5.14325	5.12583
-0.761993	0.611308	5.1439	5.12583
-0.762651	0.617222	5.1439	5.12682
-0.766593	0.612951	5.14292	5.12682
-0.770536	0.617551	5.1416	5.12879
-0.776121	0.613608	5.14226	5.12977
-0.777435	0.612951	5.14193	5.12879
-0.787948	0.609337	5.14325	5.12715
-0.784663	0.611965	5.14587	5.12583
-0.787948	0.610323	5.14719	5.12682
-0.790905	0.611965	5.1462	5.12879
-0.790248	0.60868	5.14555	5.12945
-0.788934	0.608023	5.14423	5.12846
-0.789262	0.609009	5.14423	5.12879
-0.791562	0.608351	5.14226	5.12518
-0.795505	0.607037	5.14029	5.12419
-0.799447	0.60868	5.14062	5.12353
-0.793862	0.612623	5.14193	5.12452
-0.797476	0.60868	5.14127	5.1255
-0.799119	0.605723	5.14193	5.12715
-0.797804	0.60868	5.14095	5.12748
-0.798461	0.602109	5.1416	5.12583
-0.797476	0.60868	5.14325	5.12419
-0.797147	0.609009	5.14489	5.12518
-0.795176	0.613608	5.14456	5.12649
-0.799119	0.609009	5.14357	5.12715
-0.799447	0.609337	5.14357	5.1255
-0.807989	0.612951	5.1439	5.12452
-0.807661	0.612294	5.14423	5.12583
-0.804375	0.611308	5.1439	5.12649
-0.803718	0.616565	5.14325	5.12583
-0.805032	0.613608	5.1439	5.12682
-0.799119	0.616236	5.14522	5.12682
-0.797147	0.613937	5.14522	5.12583
-0.793205	0.616894	5.14489	5.1255
-0.786963	0.619193	5.14423	5.12485
-0.784663	0.614922	5.14259	5.12386
-0.784006	0.617222	5.14127	5.12452
-0.789591	0.612294	5.1416	5.12715
-0.784334	0.613608	5.14259	5.12846
-0.784334	0.611308	5.1439	5.12813
-0.784663	0.609994	5.14423	5.12649
-0.787948	0.60868	5.14423	5.12452
-0.785648	0.613608	5.14456	5.12485
-0.78302	0.609337	5.14423	5.1255
-0.778421	0.611637	5.14259	5.12682
-0.776121	0.612951	5.14193	5.12583
-0.780392	0.612623	5.14259	5.12715
-0.784663	0.617222	5.14292	5.12715
-0.780392	0.617222	5.14357	5.12616
-0.777763	0.619193	5.14423	5.1255
-0.779078	0.618208	5.14259	5.12616
-0.772835	0.618536	5.13963	5.12616
-0.767579	0.623136	5.13897	5.12583
-0.763636	0.625107	5.13996	5.12682
-0.766593	0.61985	5.14127	5.12649
-0.760022	0.624121	5.14259	5.12616
-0.763965	0.626093	5.14259	5.12682
-0.765936	0.627078	5.14226	5.12649
-0.760351	0.630364	5.1416	5.12485
-0.759037	0.634306	5.14095	5.1255
-0.761336	0.636935	5.14127	5.12452
-0.761993	0.634635	5.14325	5.12419
-0.76495	0.631021	5.14357	5.12452
-0.767579	0.617879	5.14193	5.12452
-0.761008	0.618865	5.14095	5.1255
-0.763308	0.622807	5.14062	5.12715
-0.76725	0.627078	5.14127	5.12682
-0.762651	0.630364	5.14325	5.12583
-0.763308	0.625436	5.14489	5.12518
-0.764622	0.628392	5.1462	5.12419
-0.772178	0.623464	5.14555	5.12485
-0.778092	0.625436	5.14357	5.1278
-0.776449	0.626421	5.14259	5.12682
-0.773164	0.628392	5.14193	5.12583
-0.771521	0.631021	5.14423	5.12518
-0.773164	0.624121	5.1439	5.12518
-0.775135	0.624121	5.14456	5.12386
-0.781706	0.626421	5.14357	5.12452
-0.779735	0.631678	5.14325	5.12649
-0.780063	0.632006	5.14325	5.1278
-0.780392	0.631678	5.14357	5.12748
-0.779406	0.631349	5.14456	5.12682
-0.771193	0.637592	5.14489	5.12649
-0.769221	0.63562	5.14587	5.12748
-0.768236	0.632992	5.14719	5.12813
-0.765936	0.631349	5.14653	5.1278
-0.763308	0.629707	5.14522	5.12715
-0.759365	0.627407	5.14357	5.12583
-0.760351	0.623136	5.1439	5.12518
-0.763636	0.61985	5.14325	5.12419
-0.761008	0.621165	5.1416	5.12518
-0.756737	0.622479	5.14029	5.12748
-0.757394	0.625107	5.13996	5.12846
-0.75608	0.623136	5.14095	5.1278
-0.745895	0.628721	5.14193	5.12945
-0.742938	0.628721	5.14292	5.12715
-0.73801	0.630364	5.1439	5.12419
-0.743595	0.62905	5.1439	5.12156
-0.748195	0.625107	5.14292	5.12255
-0.746552	0.631678	5.14259	5.12419
-0.745895	0.627078	5.14423	5.1255
-0.747538	0.625764	5.14423	5.12616
-0.739653	0.629707	5.1439	5.12583
-0.740638	0.628392	5.14423	5.12649
-0.738667	0.628392	5.14587	5.12649
-0.732425	0.637592	5.14522	5.12682
-0.727497	0.637263	5.14489	5.12879
-0.724211	0.643177	5.14653	5.12912
-0.718298	0.642191	5.14719	5.12813
-0.716983	0.638906	5.14423	5.12649
-0.720926	0.639891	5.14292	5.12583
-0.725525	0.64252	5.14259	5.12616
-0.732096	0.637263	5.14259	5.12616
-0.731111	0.638906	5.14357	5.12616
-0.734725	0.634306	5.14587	5.1255
-0.734067	0.631021	5.14719	5.1232
-0.732425	0.631021	5.14719	5.12288
-0.725525	0.630692	5.14555	5.12518
-0.725854	0.63792	5.14423	5.12813
-0.718955	0.638577	5.14325	5.12846
-0.718626	0.637592	5.14259	5.12715
-0.715341	0.635949	5.14127	5.12452
-0.721254	0.632335	5.14062	5.12189
-0.714684	0.635292	5.14226	5.12255
-0.718626	0.632992	5.1439	5.12452
-0.717312	0.627078	5.14423	5.12583
-0.713698	0.622807	5.14456	5.12583
-0.712055	0.627735	5.14555	5.12682
-0.718626	0.618536	5.14653	5.12682
-0.727168	0.61098	5.14817	5.12748
-0.729139	0.608023	5.14817	5.12682
-0.731111	0.612294	5.14752	5.12485
-0.731111	0.620179	5.14456	5.12485
-0.730782	0.619522	5.14193	5.12485
-0.737681	0.620836	5.14193	5.1255
-0.735382	0.623136	5.14193	5.12715
-0.74031	0.630364	5.14456	5.12649
-0.744909	0.627735	5.14555	5.12452
-0.747538	0.629707	5.14522	5.12485
-0.743595	0.633649	5.14259	5.1255
-0.745238	0.633649	5.14193	5.12682
-0.752466	0.627735	5.14095	5.12715
-0.754437	0.629707	5.14193	5.12649
-0.759694	0.624121	5.1439	5.12715
-0.763636	0.620179	5.14653	5.1278
-0.763308	0.623136	5.14752	5.12649
-0.760022	0.624779	5.14817	5.1255
-0.765279	0.61985	5.14686	5.12682
-0.766922	0.626421	5.14489	5.12583
-0.764622	0.623136	5.14357	5.12386
-0.763308	0.62445	5.14522	5.1232
-0.757394	0.630364	5.14653	5.12386
-0.762322	0.622807	5.14686	5.1255
-0.769221	0.613608	5.14489	5.12649
-0.768893	0.615579	5.14357	5.12682
-0.776121	0.611308	5.14423	5.12682
-0.778092	0.611637	5.14555	5.12649
-0.781377	0.609994	5.14686	5.12583
-0.779735	0.611965	5.14522	5.12518
-0.782692	0.605395	5.14226	5.12353
-0.786963	0.602766	5.14193	5.12222
-0.794519	0.59521	5.14325	5.12353
-0.795833	0.588639	5.14489	5.1255
-0.799119	0.575497	5.14653	5.12616
-0.799447	0.573855	5.14653	5.12583
-0.800433	0.570898	5.14522	5.12616
-0.803061	0.571226	5.1439	5.12583
-0.802733	0.571555	5.14357	5.12485
-0.804704	0.570569	5.14325	5.12386
-0.795833	0.577469	5.14456	5.12222
-0.800433	0.57484	5.1462	5.12222
-0.801418	0.57254	5.14719	5.12386
-0.805032	0.571226	5.1462	5.12452
-0.807004	0.569584	5.14292	5.12649
-0.807004	0.574183	5.14127	5.12748
-0.805361	0.577797	5.14193	5.12813
-0.803718	0.578454	5.14325	5.12583
-0.805361	0.578454	5.14456	5.12353
-0.806346	0.575497	5.14555	5.12353
-0.802733	0.576483	5.14522	5.12518
-0.803061	0.570569	5.14522	5.1255
-0.802404	0.577469	5.14522	5.12419
-0.809632	0.578783	5.14522	5.12649
-0.806346	0.585025	5.14423	5.12518
-0.804375	0.59061	5.14423	5.12353
-0.808975	0.585682	5.14489	5.12222
-0.807004	0.585682	5.1462	5.12485
-0.807989	0.583711	5.14587	5.12715
-0.808318	0.582068	5.14555	5.13109
-0.810946	0.584039	5.14423	5.13175
-0.805361	0.583711	5.14423	5.12846
-0.806346	0.586339	5.14522	5.12583
-0.807004	0.582397	5.14555	5.12485
-0.809632	0.582397	5.14785	5.12583
-0.80996	0.580754	5.14686	5.1255
-0.815546	0.584696	5.14555	5.12616
-0.817188	0.580097	5.14489	5.12616
-0.816531	0.575826	5.1439	5.12583
-0.818502	0.573526	5.14423	5.1255
-0.81686	0.580425	5.14325	5.12616
-0.81226	0.586011	5.14193	5.1255
-0.806675	0.588639	5.13963	5.12583
-0.805032	0.584039	5.1416	5.12649
-0.808646	0.580425	5.14522	5.12748
-0.805689	0.581411	5.14653	5.12682
-0.802733	0.583054	5.14752	5.12649
-0.807661	0.585354	5.14752	5.12616
-0.808975	0.573526	5.1462	5.1278
-0.802404	0.575497	5.14325	5.12616
-0.800433	0.577797	5.1416	5.12616
-0.800761	0.570898	5.14259	5.12452
-0.796819	0.57254	5.14456	5.12255
-0.792219	0.575826	5.14423	5.12288
-0.790905	0.580097	5.14456	5.12485
-0.790577	0.583054	5.14522	5.12485
-0.791562	0.589296	5.14456	5.12485
-0.784991	0.594881	5.14127	5.12419
-0.782692	0.601124	5.14127	5.12649
-0.786963	0.600138	5.14325	5.1278
-0.788277	0.602109	5.14456	5.12518
-0.781049	0.601124	5.1462	5.12386
-0.78072	0.604409	5.14653	5.12386
-0.775792	0.605723	5.14555	5.12386
-0.77185	0.614265	5.14522	5.12386
-0.763965	0.625436	5.14587	5.12485
-0.761008	0.626421	5.1462	5.12485
-0.759365	0.625764	5.14456	5.1255
-0.758708	0.627735	5.1439	5.12616
-0.752466	0.635949	5.14325	5.12682
-0.741295	0.636935	5.1439	5.12616
-0.73571	0.636606	5.14555	5.1232
-0.734067	0.639234	5.14587	5.12025
-0.728482	0.639563	5.14456	5.1209
-0.736696	0.641206	5.14489	5.12353
-0.733082	0.647119	5.1439	5.12419
-0.72684	0.647119	5.14423	5.1255
-0.721254	0.653033	5.14292	5.12419
-0.715012	0.654019	5.14259	5.12419
-0.711398	0.66059	5.14292	5.12419
-0.711398	0.650733	5.14357	5.12353
-0.709755	0.645805	5.14259	5.12419
-0.702856	0.643505	5.14292	5.12518
-0.70417	0.643505	5.14325	5.12649
-0.703513	0.64022	5.14226	5.12616
-0.698585	0.638249	5.14095	5.12616
-0.696942	0.631349	5.14193	5.12518
-0.700228	0.628064	5.14587	5.12518
-0.698914	0.630035	5.14555	5.12583
-0.694314	0.623793	5.14423	5.12583
-0.698914	0.621165	5.14423	5.12682
-0.709755	0.618208	5.14456	5.12583
-0.713369	0.614922	5.14456	5.12419
-0.72224	0.611965	5.14522	5.12419
-0.725197	0.609994	5.14555	5.1232
-0.732753	0.609009	5.14456	5.12255
-0.734725	0.604409	5.1439	5.12386
-0.744581	0.601452	5.14292	5.12616
-0.748523	0.596853	5.1416	5.12682
-0.761993	0.58831	5.1416	5.1278
-0.767579	0.593239	5.14325	5.12682
-0.776121	0.585354	5.14259	5.12583
-0.783677	0.58831	5.1416	5.12682
-0.785977	0.584039	5.14259	5.12583
-0.788277	0.585354	5.1439	5.12518
-0.78762	0.586996	5.14522	5.12583
-0.788934	0.592253	5.14489	5.1255
-0.791234	0.589625	5.1439	5.1255
-0.792548	0.595867	5.14456	5.12682
-0.789919	0.597838	5.14292	5.12748
-0.792876	0.600138	5.14127	5.12682
-0.791234	0.603423	5.14226	5.12649
-0.792219	0.607694	5.1439	5.12485
-0.794519	0.603423	5.14587	5.1232
-0.790248	0.603095	5.14489	5.12222
-0.784663	0.605066	5.14357	5.12288
-0.786305	0.598824	5.14489	5.1232
-0.790905	0.58831	5.14555	5.12518
-0.795505	0.591924	5.14522	5.12715
-0.792219	0.591596	5.14423	5.12813
-0.791562	0.599481	5.14325	5.12748
-0.788277	0.600466	5.14259	5.12485
-0.791891	0.594224	5.14259	5.12419
-0.799447	0.596853	5.14292	5.12518
-0.804047	0.594553	5.14259	5.12715
-0.803061	0.59521	5.1416	5.12846
-0.794519	0.591596	5.1416	5.12715
-0.792219	0.594224	5.1439	5.12518
-0.791891	0.594881	5.14489	5.12353
-0.792876	0.586996	5.14325	5.12386
-0.800104	0.579768	5.1416	5.12518
-0.79649	0.584368	5.1416	5.12715
-0.797804	0.580097	5.14259	5.12748
-0.802733	0.578454	5.14423	5.12583
-0.802075	0.576812	5.14489	5.12485
-0.798133	0.574183	5.14423	5.1255
-0.807332	0.571883	5.14489	5.12616
-0.807989	0.567284	5.14423	5.12846
-0.806018	0.56367	5.14325	5.12879
-0.811275	0.556113	5.14325	5.12813
-0.814231	0.550528	5.14555	5.12583
-0.81456	0.552828	5.14653	5.12485
-0.81456	0.548885	5.1462	5.12485
-0.819488	0.543957	5.14357	5.12649
-0.829016	0.541658	5.14259	5.12518
-0.831973	0.543629	5.14489	5.12518
-0.842486	0.542643	5.14686	5.12583
-0.838872	0.539029	5.14456	5.12583
-0.842815	0.537387	5.14127	5.12583
-0.843143	0.539686	5.13897	5.12682
-0.845771	0.537715	5.13865	5.12682
-0.843472	0.543957	5.13996	5.12616
-0.8507	0.536072	5.14292	5.12583
-0.852671	0.538044	5.14489	5.12518
-0.85727	0.540015	5.14653	5.12583
-0.860884	0.533115	5.14752	5.12813
-0.858913	0.533773	5.14587	5.12846
-0.862527	0.533444	5.14423	5.1278
-0.864498	0.534758	5.14226	5.12879
-0.865484	0.531144	5.14193	5.12912
-0.867455	0.531801	5.14226	5.12977
-0.865155	0.538701	5.14259	5.12879
-0.868441	0.535415	5.14259	5.12518
-0.868441	0.530487	5.14456	5.12288
-0.86417	0.533115	5.14325	5.1255
-0.863184	0.53213	5.14226	5.12748
-0.855628	0.536072	5.14259	5.12682
-0.854971	0.540015	5.1439	5.12518
-0.854642	0.540672	5.14489	5.12485
-0.8507	0.539358	5.14522	5.12616
-0.8484	0.536729	5.14226	5.12649
-0.8415	0.534758	5.13996	5.12649
-0.837558	0.537715	5.1393	5.12813
-0.830659	0.537058	5.14029	5.12846
-0.820145	0.535415	5.14127	5.1278
-0.812589	0.5456	5.14193	5.12583
-0.808318	0.552499	5.14357	5.12616
-0.805361	0.557756	5.1439	5.12748
-0.798461	0.56137	5.14325	5.12977
-0.790577	0.562356	5.14325	5.12879
-0.784006	0.567941	5.14456	5.12583
-0.779078	0.563998	5.14325	5.12419
-0.772178	0.569912	5.14226	5.12419
-0.761993	0.579768	5.14325	5.12518
-0.754766	0.585682	5.14292	5.12682
-0.745566	0.591267	5.14325	5.12682
-0.741624	0.595538	5.14292	5.12485
-0.739981	0.589625	5.14292	5.12419
-0.733739	0.595538	5.14259	5.12583
-0.732425	0.602109	5.14226	5.12879
-0.731111	0.606709	5.14095	5.12912
-0.737353	0.612294	5.13996	5.12715
-0.734396	0.617222	5.1416	5.12616
-0.730454	0.623464	5.14292	5.12748
-0.727825	0.630692	5.14292	5.12846
-0.729139	0.62905	5.14226	5.12715
-0.719283	0.640877	5.14325	5.12682
-0.717312	0.645477	5.14259	5.12715
-0.714026	0.656647	5.14226	5.12813
-0.717312	0.653362	5.14193	5.12813
-0.724211	0.650405	5.13996	5.12715
-0.725854	0.647776	5.13996	5.12682
-0.727168	0.648105	5.14423	5.12518
-0.729139	0.649748	5.1462	5.12419
-0.722897	0.656647	5.1462	5.12386
-0.718626	0.657304	5.14587	5.1255
-0.721254	0.657633	5.14423	5.12386
-0.726182	0.654347	5.14423	5.12288
-0.730782	0.657633	5.14489	5.12485
-0.732753	0.662232	5.14522	5.12583
-0.738339	0.658618	5.1439	5.12518
-0.741952	0.659932	5.14029	5.1255
-0.747866	0.654676	5.13996	5.12583
-0.750495	0.650405	5.14193	5.12715
-0.750166	0.648105	5.1439	5.12813
-0.757065	0.639891	5.14653	5.12649
-0.754437	0.638249	5.14653	5.12715
-0.754766	0.637592	5.14555	5.12813
-0.752794	0.629707	5.14653	5.1278
-0.75378	0.62215	5.14653	5.12813
-0.759694	0.61985	5.14489	5.12912
-0.761993	0.618208	5.14456	5.12813
-0.762651	0.62215	5.1439	5.12682
-0.762979	0.616236	5.14292	5.12518
-0.763965	0.618865	5.14489	5.12419
-0.763308	0.616236	5.14522	5.1255
-0.763636	0.615908	5.1439	5.12649
-0.761336	0.612623	5.1416	5.12649
-0.760351	0.61328	5.14193	5.12748
-0.757394	0.61098	5.14325	5.12616
-0.756408	0.610651	5.14522	5.12649
-0.752794	0.613608	5.14785	5.12682
-0.745566	0.612294	5.14817	5.12616
-0.748523	0.617879	5.14719	5.12485
-0.746881	0.618208	5.14522	5.12452
-0.745566	0.616894	5.14522	5.1255
-0.744252	0.623136	5.14456	5.12485
-0.742938	0.619193	5.14489	5.1255
-0.743924	0.61098	5.1439	5.1255
-0.739981	0.613937	5.14259	5.12583
-0.735382	0.612951	5.14259	5.1278
-0.734725	0.615908	5.14555	5.12748
-0.732425	0.614922	5.14653	5.12846
-0.735053	0.61328	5.14686	5.12879
-0.733082	0.611308	5.14423	5.12846
-0.727497	0.613937	5.13963	5.12813
-0.728482	0.615908	5.13996	5.12813
-0.731768	0.618536	5.14193	5.12813
-0.730125	0.615251	5.14423	5.12945
-0.732753	0.609009	5.14489	5.12945
-0.738667	0.610651	5.14522	5.12682
-0.741624	0.611308	5.14456	5.12485
-0.735053	0.613608	5.14357	5.12485
-0.738339	0.607037	5.1439	5.12682
-0.743924	0.605066	5.14357	5.12879
-0.74261	0.606709	5.14489	5.12846
-0.748852	0.607694	5.14522	5.12682
-0.749837	0.606709	5.14555	5.12419
-0.750166	0.603752	5.14456	5.12222
-0.747538	0.60408	5.14193	5.12189
-0.744909	0.604409	5.14095	5.12419
-0.74918	0.599152	5.1416	5.12518
-0.753451	0.598495	5.14423	5.12353
-0.757722	0.59291	5.14587	5.12255
-0.75838	0.595867	5.14653	5.12353
-0.769221	0.594553	5.14587	5.1255
-0.767579	0.594224	5.14357	5.12649
-0.769878	0.594553	5.14127	5.12583
-0.770536	0.598167	5.14095	5.12616
-0.773164	0.595867	5.1439	5.12715
-0.769878	0.596524	5.14719	5.12813
-0.778421	0.590282	5.14916	5.12748
-0.784663	0.591924	5.14587	5.12649
-0.784663	0.593896	5.14423	5.12748
-0.787291	0.59751	5.14226	5.1278
-0.798133	0.59061	5.1439	5.12879
-0.809303	0.585682	5.14522	5.12813
-0.822774	0.583382	5.14456	5.1255
-0.827045	0.573855	5.14423	5.1255
-0.827045	0.570898	5.14489	5.12616
-0.819817	0.578454	5.14522	5.12682
-0.818831	0.578126	5.14587	5.12682
-0.820145	0.577797	5.14785	5.12583
-0.816531	0.579111	5.14883	5.12583
-0.819488	0.575497	5.14653	5.12616
-0.817517	0.578454	5.14489	5.12616
-0.816203	0.578454	5.14292	5.12419
-0.811603	0.58174	5.14127	5.12452
-0.807661	0.586011	5.1393	5.12485
-0.802733	0.586668	5.14095	5.12452
-0.797476	0.584696	5.14226	5.12419
-0.795833	0.589953	5.14456	5.12419
-0.789919	0.586339	5.1462	5.12288
-0.789591	0.582725	5.14686	5.12419
-0.782363	0.584696	5.14489	5.12583
-0.777763	0.589625	5.14292	5.12813
-0.773164	0.59521	5.1439	5.12682
-0.760679	0.597838	5.14587	5.12419
-0.759694	0.597838	5.14489	5.1255
-0.754766	0.599809	5.14292	5.12748
-0.754108	0.60868	5.14095	5.12945
-0.754766	0.606052	5.14029	5.12879
-0.755751	0.601452	5.1416	5.1278
-0.753451	0.603095	5.14456	5.12682
-0.745895	0.606709	5.1462	5.12616
-0.747538	0.60638	5.14587	5.12682
-0.741624	0.611965	5.14522	5.12649
-0.728154	0.621822	5.14522	5.12748
-0.720269	0.633321	5.1462	5.12715
-0.716983	0.636935	5.14555	5.12518
-0.712712	0.643505	5.14522	5.12518
-0.709098	0.645148	5.14259	5.12682
-0.707127	0.647119	5.14259	5.12977
-0.707456	0.647119	5.14226	5.1301
-0.700556	0.65369	5.14292	5.12715
-0.70187	0.652047	5.14423	5.12518
-0.700556	0.656976	5.14489	5.12715
-0.700228	0.664204	5.14555	5.12977
-0.693985	0.667817	5.14719	5.1278
-0.692671	0.672089	5.14587	5.12715
-0.693657	0.66716	5.14357	5.12649
-0.690043	0.674388	5.14292	5.12682
-0.6907	0.673074	5.14325	5.12583
-0.689057	0.677345	5.14357	5.12518
-0.695628	0.67636	5.14357	5.12485
-0.695957	0.673074	5.14522	5.12485
-0.689714	0.675374	5.14555	5.12353
-0.692014	0.672089	5.1439	5.12452
-0.696942	0.66946	5.14259	5.12682
-0.693985	0.673074	5.14292	5.12945
-0.690372	0.674388	5.14456	5.12879
-0.689386	0.674388	5.14653	5.1278
-0.692014	0.673074	5.14653	5.12682
-0.693657	0.67406	5.14259	5.12748
-0.702199	0.671103	5.1416	5.12682
-0.700228	0.669132	5.1416	5.12715
-0.701213	0.667817	5.14325	5.12846
-0.703185	0.667817	5.14357	5.12912
-0.700228	0.670446	5.1439	5.12846
-0.690372	0.675045	5.14522	5.1278
-0.689714	0.680959	5.14587	5.1278
-0.688729	0.679645	5.14653	5.1278
-0.686429	0.682602	5.1462	5.12813
-0.680187	0.679974	5.14555	5.12879
-0.682487	0.678659	5.14456	5.12616
-0.678216	0.678659	5.14292	5.12386
-0.673944	0.67636	5.14029	5.1232
-0.662446	0.675702	5.13963	5.12518
-0.657189	0.673403	5.14127	5.12813
-0.654232	0.67406	5.14226	5.12813
-0.653246	0.674388	5.14456	5.12846
-0.646347	0.670446	5.14719	5.12715
-0.644376	0.668475	5.14522	5.1255
-0.64339	0.666503	5.14456	5.12452
-0.641747	0.668146	5.1439	5.12485
-0.643719	0.666503	5.1439	5.12616
-0.646347	0.667489	5.14226	5.12583
-0.651932	0.664532	5.1416	5.12715
-0.650947	0.663546	5.14259	5.12616
-0.656203	0.659275	5.14456	5.12715
-0.657846	0.657633	5.14292	5.12813
-0.651932	0.661247	5.13963	5.1278
-0.659489	0.658618	5.1393	5.12649
-0.659817	0.656976	5.14127	5.12715
-0.660803	0.65139	5.14259	5.12715
-0.668688	0.645805	5.14555	5.12616
-0.666388	0.64252	5.14489	5.12616
-0.66606	0.64482	5.14357	5.12518
-0.666717	0.643505	5.1416	5.12583
-0.66146	0.646791	5.14357	5.12682
-0.658832	0.644491	5.14357	5.12748
-0.66606	0.64482	5.14456	5.12649
-0.666388	0.643834	5.1462	5.12485
-0.67263	0.636606	5.14423	5.12222
-0.672302	0.637592	5.1416	5.12288
-0.676244	0.637592	5.14095	5.1255
-0.67723	0.631678	5.14259	5.12649
-0.682158	0.628721	5.14423	5.12649
-0.692014	0.627078	5.14587	5.12485
-0.694643	0.630692	5.14653	5.12189
-0.698257	0.633649	5.14555	5.12288
-0.700228	0.633649	5.14357	5.12386
-0.704827	0.631349	5.1416	5.12386
-0.709098	0.62675	5.13996	5.12452
-0.714684	0.630364	5.14029	5.12518
-0.72224	0.632335	5.14062	5.12386
-0.723554	0.630692	5.14292	5.12419
-0.728154	0.623136	5.1439	5.1255
-0.733739	0.615579	5.14489	5.1255
-0.74261	0.611965	5.14522	5.12649
-0.754766	0.607037	5.14555	5.12649
-0.766922	0.600466	5.14522	5.12583
-0.773821	0.600138	5.14423	5.12419
-0.776778	0.596524	5.14292	5.12353
-0.786963	0.586668	5.14423	5.12452
-0.790248	0.586668	5.14489	5.12616
-0.793533	0.585354	5.14522	5.12879
-0.792876	0.582068	5.14555	5.12945
-0.797476	0.579768	5.14423	5.12879
-0.80109	0.578783	5.14259	5.12682
-0.805361	0.575826	5.14226	5.12452
-0.80109	0.569584	5.14259	5.12485
-0.796162	0.571555	5.14127	5.1255
-0.799776	0.569255	5.14226	5.12616
-0.793862	0.569255	5.14423	5.12715
-0.804704	0.56367	5.1439	5.1255
-0.804047	0.562027	5.14423	5.12419
-0.813246	0.544614	5.14357	5.1255
-0.818502	0.535744	5.14357	5.12583
-0.820145	0.537058	5.14292	5.12518
-0.819488	0.532458	5.14259	5.12518
-0.820145	0.533444	5.14259	5.12518
-0.818502	0.533444	5.14292	5.12485
-0.81916	0.529173	5.1439	5.12485
-0.823759	0.526216	5.14489	5.12518
-0.819817	0.529173	5.14423	5.12452
-0.824745	0.519974	5.14259	5.1255
-0.821131	0.521945	5.14062	5.12518
-0.822445	0.515374	5.14259	5.12813
-0.821788	0.514717	5.14555	5.12846
-0.822116	0.506832	5.14785	5.12583
-0.819488	0.508803	5.14785	5.12419
-0.817517	0.511103	5.14653	5.12419
-0.813246	0.511103	5.14489	5.12682
-0.808646	0.51636	5.1439	5.12846
-0.808318	0.515046	5.14193	5.12912
-0.804375	0.521288	5.14193	5.12682
-0.803718	0.523588	5.14292	5.12518
-0.796819	0.531144	5.14357	5.12485
-0.795176	0.53443	5.14292	5.1255
-0.789919	0.531144	5.14259	5.12649
-0.785977	0.534101	5.14325	5.12616
-0.784334	0.539358	5.14423	5.12649
-0.78532	0.535744	5.14653	5.12616
-0.78302	0.540343	5.14785	5.12583
-0.78532	0.543629	5.14719	5.12616
-0.789591	0.540672	5.1462	5.12879
-0.795505	0.541	5.14456	5.13076
-0.80339	0.539358	5.14423	5.12977
-0.801747	0.541329	5.14325	5.12583
-0.800761	0.542315	5.14423	5.12452
-0.804704	0.544943	5.14423	5.12222
-0.80109	0.544614	5.14522	5.12288
-0.802075	0.549214	5.14653	5.12189
-0.804704	0.546586	5.14555	5.12222
-0.803718	0.546586	5.14522	5.12353
-0.802733	0.555128	5.14752	5.1255
-0.802075	0.557428	5.14653	5.12583
-0.797147	0.560384	5.14489	5.12616
-0.798133	0.564984	5.1416	5.1255
-0.798133	0.570898	5.13865	5.12649
-0.801418	0.57484	5.1393	5.12682
-0.797147	0.576483	5.14292	5.1255
-0.793205	0.583054	5.1462	5.12452
-0.788605	0.57714	5.14817	5.12518
-0.779735	0.576483	5.14719	5.12583
-0.781377	0.579768	5.1439	5.1278
-0.776121	0.585682	5.14259	5.12945
-0.768236	0.585354	5.14325	5.12813
-0.766922	0.594553	5.14456	5.12452
-0.761665	0.605723	5.14555	5.1232
-0.759365	0.609994	5.14423	5.1232
-0.756737	0.616236	5.14259	5.12583
-0.751809	0.60638	5.14193	5.12715
-0.747209	0.603423	5.14292	5.12649
-0.741295	0.605066	5.14292	5.12616
-0.732425	0.606052	5.1439	5.12616
-0.730454	0.60868	5.14423	5.1255
-0.722569	0.613608	5.14522	5.12485
-0.716326	0.613608	5.14489	5.12616
-0.716655	0.610651	5.14522	5.1278
-0.713041	0.607366	5.14357	5.12715
-0.71107	0.605066	5.14259	5.12518
-0.70877	0.600795	5.14226	5.12452
-0.699571	0.609009	5.1416	5.12353
-0.701542	0.600466	5.14226	5.12353
-0.698585	0.603095	5.14489	5.1255
-0.701542	0.602766	5.14719	5.12846
-0.700228	0.599481	5.14522	5.12945
-0.690043	0.602438	5.14292	5.12748
-0.693985	0.601781	5.14325	5.1255
-0.687086	0.605395	5.14653	5.12353
-0.686101	0.615908	5.14522	5.12222
-0.690043	0.614265	5.14292	5.12288
-0.691686	0.614922	5.13963	5.12583
-0.689714	0.616236	5.13865	5.12813
-0.694971	0.615251	5.13963	5.12977
-0.706142	0.610651	5.14095	5.12945
-0.706142	0.610323	5.14259	5.12715
-0.710741	0.60408	5.14456	5.12485
-0.718626	0.598824	5.14423	5.12452
-0.715998	0.600795	5.14522	5.12452
-0.729796	0.597181	5.14587	5.12583
-0.729468	0.59061	5.14752	5.1255
-0.734725	0.585682	5.14949	5.12649
-0.738339	0.579111	5.14982	5.12715
-0.741624	0.580754	5.14752	5.12649
-0.754108	0.577469	5.1439	5.12682
-0.756737	0.579768	5.13963	5.12813
-0.762651	0.577469	5.13897	5.12846
-0.768236	0.571226	5.1416	5.12748
-0.771193	0.568269	5.14259	5.1255
-0.78072	0.566627	5.14357	5.12222
-0.785977	0.56597	5.14292	5.12452
-0.781706	0.562356	5.14226	5.12583
-0.786963	0.559727	5.14357	5.12485
-0.794848	0.551185	5.14522	5.1232
-0.799776	0.554799	5.14489	5.1232
-0.799119	0.552171	5.14325	5.12353
-0.798461	0.562027	5.14357	5.12419
-0.796819	0.559399	5.14325	5.12452
-0.792219	0.558085	5.14357	5.12485
-0.794519	0.553485	5.14193	5.12485
-0.797476	0.555456	5.14029	5.12616
-0.797476	0.554142	5.1416	5.12452
-0.801747	0.556442	5.14423	5.12518
-0.807332	0.551185	5.1439	5.12419
-0.811932	0.547243	5.14259	5.12386
-0.808975	0.545272	5.14127	5.12518
-0.807661	0.543629	5.14127	5.1278
-0.810618	0.536401	5.14226	5.1301
-0.81686	0.530816	5.14456	5.12879
-0.820802	0.524902	5.1462	5.12583
-0.818502	0.529502	5.14555	5.12452
-0.820802	0.522931	5.14292	5.12452
-0.820145	0.521617	5.14127	5.12353
-0.821131	0.520302	5.14226	5.12288
-0.818174	0.521945	5.14555	5.12353
-0.823102	0.51636	5.14489	5.1255
-0.822116	0.512417	5.1439	5.12583
-0.823102	0.511103	5.14259	5.1255
-0.821459	0.517346	5.14193	5.12255
-0.824416	0.517346	5.14226	5.12419
-0.821131	0.518003	5.14226	5.12748
-0.818502	0.525559	5.14259	5.12813
-0.813246	0.525888	5.14226	5.1255
-0.811932	0.522931	5.14325	5.12452
-0.807332	0.524245	5.1439	5.12583
-0.813246	0.522931	5.14357	5.12715
-0.807332	0.524245	5.14357	5.12715
-0.81456	0.522602	5.14325	5.12583
-0.814889	0.531144	5.14456	5.12518
-0.81686	0.537058	5.1462	5.12583
-0.820474	0.532787	5.14686	5.12748
-0.826059	0.532787	5.14555	5.12748
-0.816531	0.541986	5.14357	5.12715
-0.817188	0.545272	5.1416	5.12715
-0.817845	0.547243	5.1416	5.12682
-0.817188	0.546914	5.14423	5.12485
-0.811275	0.546586	5.14489	5.12353
-0.808318	0.544286	5.14423	5.12419
-0.807004	0.546914	5.14325	5.12583
-0.806346	0.548228	5.14127	5.12813
-0.797804	0.551514	5.14095	5.1301
-0.797476	0.551842	5.14292	5.12879
-0.79879	0.547243	5.14489	5.12583
-0.799447	0.546586	5.1462	5.12419
-0.797147	0.548885	5.14489	5.12386
-0.791891	0.554799	5.14259	5.12518
-0.793205	0.554142	5.14325	5.12715
-0.785648	0.556113	5.1439	5.12682
-0.782363	0.551185	5.14456	5.12386
-0.784663	0.554799	5.14456	5.12288
-0.78532	0.548228	5.14555	5.12419
-0.784006	0.555456	5.14587	5.12518
-0.786305	0.551185	5.14456	5.12649
-0.779735	0.554471	5.14357	5.12748
-0.780392	0.548228	5.14226	5.12616
-0.782034	0.549871	5.1439	5.12485
-0.779735	0.551185	5.14555	5.12419
-0.782363	0.544286	5.14423	5.1255
-0.782692	0.536401	5.1416	5.12583
-0.775135	0.539029	5.14193	5.12386
-0.771521	0.541	5.14226	5.12288
-0.771193	0.550528	5.14259	5.12419
-0.768236	0.551514	5.14423	5.12616
-0.765607	0.550528	5.14587	5.12715
-0.767579	0.546586	5.14653	5.12682
-0.765936	0.554142	5.14686	5.1255
-0.762979	0.553157	5.14587	5.12616
-0.761665	0.556113	5.14752	5.12649
-0.756737	0.561042	5.14785	5.12419
-0.744909	0.571555	5.14555	5.12222
-0.740967	0.582725	5.14555	5.12419
-0.74031	0.578126	5.14522	5.12518
-0.730782	0.583382	5.14259	5.1255
-0.726182	0.588639	5.13963	5.12813
-0.722897	0.590939	5.13996	5.12879
-0.717312	0.59521	5.13996	5.12813
-0.71994	0.587982	5.14127	5.12715
-0.72454	0.587982	5.14193	5.12583
-0.723883	0.584368	5.14127	5.12682
-0.72684	0.579111	5.13963	5.12813
-0.729139	0.580425	5.13963	5.12846
-0.732425	0.580754	5.13996	5.1278
-0.733082	0.585682	5.14259	5.12682
-0.734067	0.592581	5.14325	5.1255
-0.734067	0.59291	5.14325	5.12583
-0.731439	0.595538	5.14127	5.12682
-0.72454	0.591924	5.14127	5.12616
-0.727168	0.597181	5.1416	5.12518
-0.730454	0.59521	5.14062	5.12649
-0.730454	0.597838	5.1393	5.12649
-0.732096	0.596524	5.13996	5.12649
-0.731111	0.601452	5.14127	5.12518
-0.720597	0.606709	5.14226	5.1255
-0.723554	0.603423	5.14226	5.12813
-0.71994	0.602438	5.1416	5.1301
-0.72684	0.601124	5.14325	5.13142
-0.726182	0.604738	5.14522	5.1301
-0.729139	0.598495	5.14817	5.12748
-0.733739	0.599152	5.14587	5.1255
-0.736696	0.602109	5.14226	5.12748
-0.73571	0.60408	5.13996	5.12879
-0.731111	0.609994	5.14095	5.12846
-0.734396	0.611308	5.14259	5.12715
-0.731439	0.611965	5.14423	5.12485
-0.737024	0.60638	5.1439	5.12649
-0.740967	0.602766	5.14325	5.12879
-0.744252	0.603095	5.14226	5.12879
-0.748195	0.603752	5.14259	5.12682
-0.748852	0.603752	5.14259	5.12813
-0.754108	0.604738	5.1439	5.12879
-0.755751	0.60408	5.14653	5.12813
-0.756737	0.594224	5.14522	5.1278
-0.762651	0.592581	5.14193	5.12649
-0.763965	0.589625	5.13766	5.12518
-0.764622	0.587653	5.13733	5.12518
-0.762651	0.584039	5.14095	5.12452
-0.765607	0.582397	5.14423	5.1255
-0.761993	0.582397	5.1462	5.12583
-0.760351	0.588639	5.14555	5.12452
-0.761336	0.588639	5.14456	5.12452
-0.761336	0.594224	5.1439	5.12518
-0.762979	0.589953	5.14357	5.12715
-0.761993	0.587653	5.14423	5.12813
-0.764293	0.586339	5.1439	5.12748
-0.761665	0.587325	5.14719	5.12748
-0.759037	0.588968	5.14686	5.1255
-0.754766	0.586339	5.14423	5.12518
-0.760679	0.582725	5.14127	5.12518
-0.76725	0.579768	5.13865	5.12649
-0.769878	0.579111	5.13832	5.12682
-0.769221	0.585682	5.14062	5.12682
-0.768564	0.584368	5.14325	5.1255
-0.765936	0.576812	5.1439	5.12419
-0.763965	0.578454	5.14489	5.12288
-0.767579	0.582397	5.1439	5.12485
-0.766264	0.587325	5.14292	5.12616
-0.765936	0.58174	5.14325	5.12583
-0.765936	0.586339	5.14259	5.12583
-0.768564	0.586011	5.1439	5.12386
-0.770207	0.586011	5.14456	5.12255
-0.770207	0.586339	5.14357	5.12616
-0.770207	0.586339	5.14193	5.12813
-0.768236	0.590282	5.13996	5.12649
-0.779078	0.591267	5.14029	5.12518
-0.786634	0.586668	5.14357	5.12386
-0.783677	0.587325	5.14423	5.1232
-0.782363	0.582397	5.14259	5.12452
-0.78532	0.588639	5.14029	5.12452
-0.781706	0.586011	5.13996	5.12353
-0.784334	0.585354	5.14095	5.12222
-0.775792	0.591924	5.14357	5.12255
-0.776449	0.593896	5.14587	5.12222
-0.774478	0.599152	5.14587	5.12222
-0.779078	0.59521	5.14423	5.12419
-0.770864	0.591596	5.14325	5.12715
-0.771193	0.59061	5.1439	5.1301
-0.775135	0.597181	5.1462	5.12945
-0.779735	0.596524	5.14489	5.1278
-0.778421	0.596195	5.14259	5.12813
-0.779078	0.598824	5.14226	5.12813
-0.781049	0.600138	5.14292	5.12715
-0.78302	0.59751	5.14292	5.1278
-0.789262	0.59291	5.14127	5.12616
-0.782692	0.593239	5.13996	5.12583
-0.789919	0.584696	5.14095	5.12583
-0.798133	0.58174	5.14259	5.1255
-0.797476	0.578454	5.1439	5.12583
-0.797147	0.58174	5.14522	5.12518
-0.795505	0.57714	5.14357	5.1255
-0.804375	0.57254	5.14127	5.12649
-0.80339	0.575497	5.14226	5.12649
-0.804047	0.578126	5.14489	5.12616
-0.797147	0.582725	5.14423	5.1255
-0.80109	0.576483	5.1439	5.12583
-0.801747	0.583054	5.14292	5.12649
-0.799119	0.584696	5.14193	5.12649
-0.793533	0.59061	5.14127	5.12616
-0.787291	0.589625	5.14325	5.12518
-0.787291	0.584039	5.14522	5.12485
-0.783349	0.592581	5.14456	5.12485
-0.781377	0.589296	5.1439	5.12419
-0.781706	0.591596	5.14193	5.12419
-0.781049	0.59061	5.14193	5.12518
-0.784663	0.595867	5.14259	5.12485
-0.790248	0.594881	5.14555	5.12386
-0.789591	0.596195	5.14653	5.12485
-0.78762	0.597181	5.14883	5.12583
-0.782692	0.599152	5.14817	5.12485
-0.775464	0.599809	5.14423	5.1255
-0.774807	0.598495	5.1416	5.12583
-0.769221	0.596524	5.14062	5.12682
-0.763308	0.593567	5.14127	5.12616
-0.757065	0.597181	5.14259	5.12583
-0.755423	0.602766	5.14489	5.12583
-0.747866	0.605395	5.14587	5.12452
-0.743267	0.608023	5.14423	5.12452
-0.737024	0.613937	5.14193	5.1255
-0.737353	0.618208	5.14127	5.12649
-0.739324	0.623793	5.14095	5.12583
-0.730125	0.635949	5.14226	5.12616
-0.724211	0.634306	5.1439	5.1255
-0.722897	0.639563	5.14456	5.12583
-0.720269	0.638249	5.14423	5.12682
-0.720597	0.631349	5.14292	5.12715
-0.721583	0.633978	5.1439	5.12715
-0.723883	0.630035	5.14555	5.12649
-0.720926	0.630364	5.14587	5.12452
-0.725854	0.635949	5.14325	5.12485
-0.728482	0.63792	5.14127	5.12518
-0.729796	0.643834	5.14062	5.12518
-0.725525	0.647448	5.14259	5.12715
-0.721911	0.650405	5.14292	5.1278
-0.720597	0.655333	5.14193	5.12583
-0.71764	0.664204	5.14259	5.12386
-0.718298	0.664532	5.14259	5.12288
-0.724868	0.666175	5.14325	5.12353
-0.724211	0.665518	5.14292	5.1255
-0.719283	0.666832	5.14489	5.12682
-0.715012	0.675702	5.14587	5.12649
-0.714026	0.67406	5.1462	5.12583
-0.71107	0.682602	5.14785	5.12485
-0.710741	0.690158	5.1462	5.12452
-0.707456	0.691801	5.1416	5.12485
-0.712384	0.691144	5.13897	5.12452
-0.706142	0.696401	5.13996	5.12518
-0.708441	0.696401	5.1439	5.1255
-0.708113	0.698043	5.1462	5.12386
-0.706142	0.695743	5.14653	5.12452
-0.716655	0.69213	5.14423	5.12353
-0.716326	0.692787	5.1439	5.12353
-0.711398	0.689501	5.14522	5.12649
-0.710084	0.684902	5.14489	5.1278
-0.71107	0.678659	5.14325	5.1278
-0.713698	0.677674	5.14259	5.12715
-0.716326	0.674388	5.14095	5.12616
-0.714684	0.676688	5.14226	5.12715
-0.713369	0.679645	5.14259	5.12879
-0.709427	0.680959	5.1416	5.1278
-0.707784	0.681945	5.14193	5.12353
-0.70417	0.680631	5.14259	5.1232
-0.697271	0.682273	5.14325	5.12419
-0.696942	0.686873	5.14522	5.1232
-0.700556	0.686216	5.1462	5.12419
-0.6884	0.691801	5.14653	5.12715
-0.687086	0.689173	5.14522	5.1301
-0.683144	0.684902	5.1462	5.12945
-0.681172	0.681945	5.1462	5.12813
-0.684458	0.66716	5.14653	5.12616
-0.689057	0.664532	5.1462	5.12583
-0.689714	0.662889	5.14489	5.12419
-0.688072	0.655661	5.14259	5.12518
-0.698914	0.654019	5.14062	5.12616
-0.689714	0.661904	5.1416	5.12682
-0.696285	0.66059	5.14357	5.1278
-0.702528	0.654676	5.14489	5.12813
-0.708441	0.661247	5.14423	5.12846
-0.713369	0.659932	5.14325	5.12879
-0.716326	0.659604	5.14292	5.12977
-0.720926	0.65829	5.14292	5.12977
-0.726182	0.654347	5.14423	5.12945
-0.732753	0.653033	5.14193	5.1278
-0.733739	0.65599	5.14062	5.1255
-0.734396	0.659604	5.1416	5.1255
-0.733082	0.656647	5.14325	5.12583
-0.737353	0.655333	5.14325	5.1255
-0.735382	0.65369	5.14357	5.12485
-0.737353	0.655333	5.14522	5.12583
-0.731439	0.656976	5.14587	5.12682
-0.73571	0.655661	5.14522	5.12813
-0.737681	0.654347	5.14522	5.12715
-0.734396	0.662561	5.14587	5.12682
-0.737024	0.659932	5.14555	5.12715
-0.734396	0.65829	5.14456	5.12748
-0.738339	0.657633	5.14423	5.12682
-0.738667	0.656647	5.1439	5.12485
-0.739324	0.652705	5.14357	5.12353
-0.737353	0.646791	5.14423	5.12255
-0.744252	0.641206	5.14489	5.12419
-0.740638	0.635292	5.14357	5.12682
-0.745238	0.629378	5.1439	5.1278
-0.741295	0.627078	5.14357	5.12649
-0.742938	0.627078	5.14522	5.12353
-0.74918	0.621822	5.14489	5.12452
-0.74918	0.625764	5.14423	5.1255
-0.746881	0.620836	5.14325	5.1255
-0.742938	0.615908	5.14423	5.12583
-0.744252	0.618536	5.14456	5.12616
-0.74261	0.619193	5.14456	5.12649
-0.741295	0.615908	5.14587	5.12682
-0.748852	0.611637	5.14686	5.12715
-0.747209	0.608023	5.14686	5.1278
-0.745895	0.60868	5.14423	5.12846
-0.74918	0.608351	5.14095	5.12912
-0.754108	0.603095	5.14193	5.12748
-0.756408	0.59521	5.14456	5.12616
-0.758708	0.594553	5.14555	5.12583
-0.761008	0.59061	5.1462	5.12649
-0.760351	0.589296	5.14423	5.12682
-0.760679	0.586339	5.14226	5.12649
-0.761993	0.578783	5.14226	5.12616
-0.765936	0.575169	5.14489	5.12649
-0.770536	0.57254	5.14817	5.12616
-0.768564	0.575497	5.1485	5.12452
-0.776121	0.575169	5.14522	5.1232
-0.780392	0.573198	5.14357	5.1255
-0.781377	0.573526	5.14456	5.12616
-0.78072	0.569255	5.14555	5.12616
-0.779735	0.563998	5.14555	5.12649
-0.78072	0.570241	5.14587	5.12649
-0.780063	0.566627	5.14555	5.12583
-0.776449	0.563341	5.14423	5.12616
-0.782034	0.563341	5.14325	5.12616
-0.787948	0.56137	5.14259	5.12748
-0.790577	0.562684	5.14357	5.12912
-0.799447	0.561699	5.14456	5.12846
-0.805361	0.554142	5.14456	5.12715
-0.80339	0.558742	5.14292	5.12583
-0.804375	0.561699	5.14292	5.12583
-0.802733	0.566298	5.1439	5.1255
-0.803061	0.569255	5.14456	5.12583
-0.799447	0.568927	5.14522	5.1255
-0.803718	0.565313	5.14489	5.1255
-0.798133	0.567284	5.14423	5.12715
-0.796162	0.569584	5.14325	5.1278
-0.793533	0.576154	5.1439	5.12682
-0.795176	0.579768	5.14357	5.12616
-0.795833	0.57944	5.14259	5.12682
-0.80109	0.584696	5.14226	5.12682
-0.795833	0.589953	5.14522	5.1255
-0.793205	0.58831	5.14785	5.12419
-0.790248	0.590939	5.14653	5.12616
-0.780392	0.590939	5.14522	5.12945
-0.781049	0.589953	5.14522	5.1324
-0.777763	0.589953	5.14555	5.13142
-0.772178	0.597838	5.1462	5.12879
-0.773492	0.594224	5.14555	5.1255
-0.770207	0.595867	5.14555	5.12518
-0.770864	0.602109	5.14423	5.12616
-0.768564	0.603752	5.14292	5.12485
-0.765607	0.60638	5.14357	5.1255
-0.765279	0.608351	5.1439	5.12518
-0.754437	0.617222	5.14325	5.12583
-0.74918	0.616565	5.14226	5.12649
-0.745238	0.625107	5.14325	5.12583
-0.736039	0.621493	5.14357	5.12649
-0.737681	0.623136	5.14325	5.12813
-0.739981	0.624779	5.14062	5.12846
-0.732753	0.625436	5.14029	5.1278
-0.72454	0.630364	5.14357	5.1278
-0.725525	0.631678	5.1462	5.12583
-0.720597	0.636606	5.14653	5.12419
-0.719612	0.638249	5.14653	5.1255
-0.713369	0.641863	5.14653	5.12748
-0.713369	0.639234	5.14522	5.12879
-0.713041	0.644162	5.14456	5.12879
-0.710741	0.651719	5.14489	5.12813
-0.70647	0.647776	5.14653	5.12649
-0.701542	0.648434	5.14719	5.12682
-0.70187	0.643177	5.14555	5.12879
-0.696614	0.652047	5.14357	5.12945
-0.697599	0.655333	5.14193	5.12912
-0.700228	0.652376	5.14193	5.12715
-0.696614	0.653033	5.14357	5.12649
-0.693985	0.655333	5.14489	5.12682
-0.697599	0.651719	5.14357	5.12649
-0.702528	0.65369	5.14226	5.12682
-0.704827	0.652047	5.14127	5.12813
-0.707456	0.652705	5.1439	5.12616
-0.71107	0.655004	5.14653	5.12518
-0.715998	0.652705	5.14653	5.12353
-0.716983	0.65369	5.14456	5.12485
-0.715669	0.653033	5.14325	5.12682
-0.717969	0.655661	5.14259	5.12846
-0.716655	0.664861	5.14259	5.12912
-0.711398	0.670117	5.14325	5.12879
-0.717969	0.672417	5.14456	5.12715
-0.723226	0.66946	5.14522	5.12485
-0.728811	0.664204	5.14489	5.12485
-0.728482	0.659275	5.14325	5.12518
-0.72224	0.65599	5.14292	5.12682
-0.724868	0.650076	5.14226	5.13076
-0.725525	0.650076	5.14259	5.13109
-0.730125	0.651719	5.14357	5.12846
-0.729468	0.655661	5.14555	5.12616
-0.734396	0.663218	5.14522	5.12518
-0.729796	0.670117	5.14423	5.1255
-0.725854	0.671431	5.14292	5.12715
-0.736367	0.662232	5.1416	5.12813
-0.73571	0.659604	5.1416	5.1278
-0.732425	0.656319	5.14325	5.12748
-0.731439	0.658947	5.14456	5.12649
-0.732753	0.661904	5.14292	5.12452
-0.736696	0.65369	5.14226	5.12452
-0.743595	0.643834	5.14259	5.12485
-0.746552	0.64482	5.14357	5.12485
-0.757722	0.637263	5.14325	5.12682
-0.75608	0.639234	5.14193	5.12583
-0.752137	0.643505	5.13996	5.1255
-0.757722	0.637592	5.13865	5.1255
-0.75608	0.630364	5.14029	5.12583
-0.757722	0.624121	5.14325	5.12715
-0.764622	0.620836	5.14555	5.12879
-0.757065	0.62215	5.14489	5.12813
-0.76495	0.619193	5.14357	5.1255
-0.768236	0.621493	5.14259	5.12189
-0.768236	0.616894	5.14127	5.12189
-0.770864	0.615579	5.14193	5.12485
-0.774149	0.614594	5.14292	5.12682
-0.776121	0.612623	5.14357	5.12616
-0.781377	0.610651	5.14423	5.12583
-0.78302	0.605723	5.1439	5.12452
-0.78762	0.607366	5.14522	5.12452
-0.788934	0.605395	5.14456	5.1255
-0.785977	0.602109	5.14226	5.12682
-0.791562	0.601124	5.14127	5.12682
-0.794519	0.59521	5.14193	5.12748
-0.797147	0.591924	5.14423	5.12583
-0.799119	0.590939	5.1462	5.12386
-0.800433	0.593567	5.14719	5.12452
-0.805689	0.59521	5.14587	5.1278
-0.803061	0.596524	5.14325	5.12748
-0.808646	0.597181	5.1416	5.12616
-0.81226	0.596524	5.14226	5.12649
-0.816203	0.595538	5.14325	5.12616
-0.818174	0.594224	5.14456	5.1255
-0.81686	0.59521	5.14522	5.12518
-0.81916	0.591267	5.14489	5.12583
-0.813574	0.59521	5.14325	5.12715
-0.807989	0.596524	5.14456	5.12813
-0.80996	0.592581	5.14653	5.12813
-0.811932	0.585682	5.1462	5.1278
-0.805032	0.580097	5.14522	5.1278
-0.810289	0.581083	5.14456	5.12715
-0.806346	0.586996	5.14292	5.12748
-0.806675	0.587653	5.1416	5.12682
-0.810289	0.591267	5.14127	5.12715
-0.81456	0.590939	5.14259	5.12748
-0.817188	0.589625	5.1439	5.12616
-0.818831	0.591267	5.14456	5.12485
-0.818502	0.594881	5.14423	5.1255
-0.817517	0.598824	5.14357	5.12649
-0.817188	0.606709	5.14062	5.12846
-0.814889	0.60638	5.14095	5.12945
-0.810946	0.60868	5.14292	5.12813
-0.803061	0.617879	5.14423	5.12649
-0.794848	0.620508	5.14522	5.12583
-0.790248	0.620836	5.14555	5.12583
-0.790577	0.619522	5.14587	5.12682
-0.784663	0.624779	5.14522	5.1278
-0.782692	0.631349	5.14522	5.12715
-0.777106	0.634306	5.14423	5.12682
-0.774807	0.639234	5.14357	5.12583
-0.776449	0.634963	5.14325	5.12583
-0.775792	0.633649	5.1416	5.12649
-0.778421	0.629707	5.1416	5.1278
-0.779735	0.634963	5.14259	5.12879
-0.782692	0.627735	5.1439	5.12846
-0.782363	0.625764	5.14456	5.12682
-0.78072	0.622479	5.14423	5.12419
-0.781706	0.626093	5.14357	5.12583
-0.790905	0.621493	5.14325	5.1255
-0.796819	0.618865	5.14357	5.12616
-0.794848	0.620179	5.14456	5.12715
-0.793205	0.623464	5.14325	5.12813
-0.785977	0.626093	5.14292	5.1278
-0.776778	0.626421	5.1439	5.12715
-0.770207	0.629707	5.14489	5.12649
-0.766264	0.630692	5.1439	5.12616
-0.763308	0.638249	5.14292	5.12748
-0.766593	0.634306	5.14259	5.12616
-0.764622	0.636277	5.1439	5.12386
-0.76495	0.634306	5.14522	5.12386
-0.76955	0.627078	5.14555	5.12616
-0.767579	0.624121	5.14522	5.12813
-0.774478	0.621493	5.1439	5.12945
-0.773821	0.623793	5.14357	5.13076
-0.774807	0.620179	5.14292	5.12945
-0.774807	0.623136	5.14292	5.12649
-0.770864	0.621822	5.14357	5.12419
-0.773164	0.628721	5.14456	5.12386
-0.77185	0.630364	5.14456	5.12518
-0.774478	0.626093	5.14555	5.12715
-0.771193	0.623464	5.14686	5.12846
-0.767579	0.627078	5.14522	5.1278
-0.769878	0.630692	5.14489	5.12715
-0.764622	0.634635	5.14587	5.12583
-0.76955	0.625764	5.14555	5.12715
-0.771193	0.621493	5.14719	5.12748
-0.766593	0.625764	5.1462	5.1278
-0.766593	0.62905	5.14489	5.12813
-0.763308	0.630364	5.14456	5.12813
-0.75608	0.631021	5.14489	5.12715
-0.75378	0.631349	5.14489	5.12419
-0.753451	0.627407	5.14292	5.12386
-0.754437	0.627078	5.14456	5.12748
-0.75838	0.625436	5.14653	5.12912
-0.757065	0.627078	5.14522	5.12977
-0.759694	0.633321	5.14325	5.12748
-0.759365	0.63562	5.14325	5.12518
-0.755423	0.638577	5.14522	5.1255
-0.75378	0.643505	5.14587	5.12583
-0.757065	0.648762	5.14555	5.12715
-0.757065	0.648762	5.14587	5.12748
-0.761665	0.643177	5.14587	5.12682
-0.763308	0.638249	5.14226	5.12452
-0.76495	0.633649	5.13963	5.12452
-0.762979	0.633321	5.14127	5.12616
-0.760022	0.640549	5.14127	5.12715
-0.765936	0.640877	5.14193	5.1278
-0.759037	0.64022	5.14325	5.12715
-0.752466	0.641206	5.14555	5.12583
-0.754437	0.639891	5.14686	5.12288
-0.75608	0.633978	5.14489	5.12156
-0.753123	0.633978	5.14325	5.12255
-0.744252	0.636935	5.14325	5.1255
-0.743267	0.64022	5.14193	5.12682
-0.745566	0.64022	5.14095	5.12682
-0.744252	0.644162	5.14095	5.12616
-0.741952	0.644491	5.14292	5.12616
-0.736039	0.641534	5.14522	5.1255
-0.732096	0.641206	5.14555	5.12649
-0.738339	0.636606	5.14292	5.12682
-0.736696	0.636277	5.1416	5.12616
-0.725854	0.64252	5.14226	5.12649
-0.728154	0.634306	5.1439	5.12715
-0.724211	0.634963	5.14423	5.1255
-0.723226	0.637263	5.14357	5.12518
-0.724211	0.636277	5.14029	5.12616
-0.726511	0.635949	5.13865	5.12748
-0.730454	0.638906	5.14095	5.12879
-0.733739	0.640549	5.1439	5.12912
-0.736039	0.63562	5.14489	5.12682
-0.735053	0.634963	5.14456	5.12485
-0.732753	0.643834	5.14456	5.1232
-0.725525	0.643505	5.14456	5.1232
-0.72454	0.641863	5.14292	5.1255
-0.721254	0.647119	5.14193	5.12879
-0.715998	0.645805	5.14357	5.12912
-0.719283	0.635292	5.14555	5.12945
-0.71994	0.633978	5.1462	5.12682
-0.722897	0.633321	5.14489	5.12715
-0.725854	0.636606	5.14259	5.12813
-0.735382	0.630692	5.14062	5.12518
-0.739324	0.631678	5.14029	5.12452
-0.735382	0.633649	5.1416	5.12452
-0.733082	0.632006	5.14325	5.12222
-0.735382	0.629378	5.14423	5.12222
-0.73801	0.628721	5.14292	5.1232
-0.741624	0.631021	5.14193	5.12288
-0.744909	0.635949	5.14292	5.12353
-0.747538	0.636606	5.14193	5.12583
-0.752137	0.63792	5.14127	5.1255
-0.749509	0.63562	5.14259	5.12386
-0.755751	0.635949	5.1439	5.1232
-0.751809	0.636935	5.14456	5.12386
-0.752794	0.635292	5.14489	5.1255
-0.75148	0.635949	5.1439	5.12748
-0.750495	0.631678	5.14292	5.12879
-0.755423	0.634963	5.14259	5.12616
-0.752137	0.634306	5.1439	5.12353
-0.744909	0.636935	5.14653	5.1232
-0.741952	0.63792	5.14785	5.12386
-0.746552	0.638906	5.14686	5.12518
-0.748852	0.636277	5.14423	5.12649
-0.749509	0.639234	5.14325	5.12715
-0.750823	0.635949	5.1439	5.12715
-0.748195	0.636935	5.14587	5.12649
-0.749509	0.632335	5.14423	5.12682
-0.75378	0.62905	5.14259	5.1255
-0.75838	0.621493	5.14357	5.12386
-0.760679	0.617551	5.14357	5.12419
-0.760022	0.60868	5.1439	5.12583
-0.764293	0.612294	5.1439	5.1255
-0.773164	0.610651	5.14325	5.12518
-0.774478	0.612294	5.1439	5.12485
-0.779735	0.609337	5.14456	5.12583
-0.781049	0.613937	5.14587	5.12649
-0.784663	0.611965	5.14489	5.12813
-0.786963	0.614265	5.1439	5.12813
-0.788934	0.613937	5.14292	5.12846
-0.788277	0.619193	5.14456	5.12912
-0.790905	0.610651	5.1439	5.12715
-0.795505	0.608351	5.14259	5.12452
-0.796162	0.60638	5.1416	5.12452
-0.790905	0.610323	5.14062	5.12485
-0.784663	0.609009	5.14029	5.1255
-0.788277	0.605723	5.14095	5.12715
-0.787948	0.601781	5.14292	5.12715
-0.789919	0.591924	5.14357	5.12616
-0.789262	0.59291	5.14193	5.1255
-0.789919	0.591267	5.1416	5.12649
-0.79419	0.584368	5.14292	5.12649
-0.79879	0.582068	5.14423	5.12583
-0.797147	0.584696	5.14653	5.12616
-0.796162	0.586339	5.14522	5.12715
-0.790577	0.588968	5.14522	5.12485
-0.791891	0.591924	5.14423	5.12518
-0.788605	0.593567	5.14259	5.12748
-0.786963	0.597181	5.14292	5.12912
-0.78532	0.600466	5.1439	5.12682
-0.782363	0.603423	5.14423	5.1255
-0.783349	0.604738	5.14325	5.12616
-0.775464	0.607366	5.14292	5.1278
-0.768893	0.615579	5.14325	5.12813
-0.764622	0.61985	5.14325	5.12616
-0.773164	0.612951	5.14325	5.12518
-0.773821	0.607694	5.14226	5.12485
-0.777435	0.610651	5.14423	5.12485
-0.78302	0.617551	5.14456	5.12452
-0.782034	0.620508	5.1439	5.12288
-0.781706	0.618536	5.14357	5.12189
-0.780063	0.626093	5.14193	5.12353
-0.777763	0.627735	5.14292	5.12682
-0.772507	0.630364	5.14522	5.12682
-0.773164	0.628721	5.14456	5.12616
-0.773821	0.62445	5.14325	5.12485
-0.774478	0.630692	5.14259	5.12419
-0.782034	0.627078	5.14292	5.12485
-0.779078	0.624779	5.14226	5.12518
-0.776121	0.627407	5.1416	5.1255
-0.777435	0.627078	5.1439	5.12485
-0.776449	0.622807	5.14686	5.12353
-0.771521	0.623136	5.14686	5.12419
-0.773821	0.623793	5.14456	5.12452
-0.768564	0.627735	5.14127	5.12485
-0.76495	0.631021	5.13963	5.12583
-0.759037	0.624779	5.14095	5.12649
-0.755751	0.627735	5.14325	5.12616
-0.761993	0.62445	5.14456	5.12485
-0.766264	0.619522	5.14423	5.12485
-0.764293	0.62675	5.14456	5.12518
-0.760022	0.632335	5.14423	5.1255
-0.754766	0.627078	5.1439	5.12748
-0.748852	0.628064	5.1439	5.12715
-0.74918	0.621822	5.14456	5.12715
-0.750823	0.626093	5.14456	5.1278
-0.748195	0.629707	5.14423	5.1278
-0.741624	0.634635	5.14357	5.12813
-0.75148	0.633321	5.14193	5.12945
-0.749837	0.63562	5.14127	5.12879
-0.751152	0.63562	5.14095	5.1278
-0.746552	0.63562	5.14193	5.12616
-0.745895	0.627407	5.14456	5.12452
-0.750495	0.628392	5.1462	5.12419
-0.741624	0.62905	5.14522	5.1232
-0.745238	0.630035	5.14357	5.12288
-0.743924	0.627078	5.14357	5.12386
-0.743595	0.628392	5.14489	5.12649
-0.74261	0.632992	5.14489	5.12649
-0.748195	0.630035	5.14456	5.12616
-0.747866	0.634306	5.1439	5.12485
-0.744909	0.632006	5.14259	5.12452
-0.745238	0.632992	5.14029	5.12353
-0.748852	0.626421	5.14062	5.12156
-0.749837	0.623464	5.14522	5.1209
-0.73801	0.630692	5.1485	5.12189
-0.741295	0.627407	5.14785	5.1255
-0.74031	0.624121	5.14522	5.12748
-0.729139	0.627735	5.1439	5.1278
-0.717312	0.634635	5.14292	5.1278
-0.71994	0.638906	5.14325	5.1278
-0.715669	0.643505	5.14522	5.12748
-0.721254	0.643505	5.14686	5.12616
-0.719283	0.643177	5.14587	5.12518
-0.713369	0.636935	5.14587	5.12682
-0.708441	0.636606	5.14489	5.12813
-0.702528	0.633978	5.1439	5.12682
-0.695957	0.638249	5.14292	5.1255
-0.695628	0.632992	5.14259	5.12353
-0.692671	0.635292	5.14095	5.1209
-0.687086	0.630035	5.1416	5.11959
-0.690372	0.625107	5.14325	5.12189
-0.691029	0.622807	5.14193	5.12583
-0.697271	0.618536	5.13963	5.12912
-0.691686	0.622479	5.13963	5.1301
-0.692343	0.620508	5.14292	5.1278
-0.6953	0.616894	5.14489	5.1255
-0.698257	0.615579	5.14456	5.12485
-0.698257	0.624121	5.14325	5.12518
-0.714026	0.619522	5.14292	5.12583
-0.718626	0.616894	5.14522	5.12353
-0.728482	0.613608	5.14653	5.12386
-0.725854	0.609994	5.14719	5.12518
-0.73341	0.606709	5.14555	5.1255
-0.739653	0.600466	5.1439	5.12583
-0.74261	0.601781	5.14325	5.12715
-0.748195	0.599809	5.14292	5.12583
-0.748523	0.596195	5.14357	5.12485
-0.753451	0.59291	5.14325	5.12518
-0.75148	0.593567	5.14423	5.12452
-0.759037	0.586339	5.14456	5.12419
-0.753123	0.581083	5.14653	5.12748
-0.753123	0.574183	5.14456	5.12879
-0.75148	0.576812	5.14423	5.1278
-0.756408	0.582725	5.14456	5.1255
-0.760351	0.58174	5.1439	5.12386
-0.76495	0.577797	5.14555	5.12222
-0.765607	0.573526	5.14587	5.12419
-0.761336	0.576812	5.14653	5.12682
-0.763636	0.580097	5.14555	5.1278
-0.768564	0.583711	5.14423	5.1255
-0.773492	0.578783	5.14226	5.1255
-0.770207	0.581083	5.1416	5.12583
-0.766922	0.586339	5.14259	5.12518
-0.768893	0.583054	5.14259	5.12485
-0.765607	0.585025	5.14226	5.12682
-0.763308	0.587325	5.14193	5.1278
-0.756408	0.587982	5.14325	5.12616
-0.751809	0.589625	5.1439	5.12485
-0.742938	0.59061	5.14587	5.12616
-0.743595	0.591596	5.14555	5.12715
-0.737681	0.592253	5.14423	5.12813
-0.739324	0.597181	5.14357	5.12748
-0.735382	0.597181	5.14259	5.12715
-0.735382	0.593567	5.14226	5.12649
-0.734396	0.594881	5.14325	5.12649
-0.732425	0.597181	5.14555	5.12485
-0.735053	0.598495	5.14653	5.12583
-0.728482	0.594553	5.14357	5.12748
-0.72684	0.588639	5.14062	5.12748
-0.734067	0.585025	5.14062	5.12682
-0.733082	0.593567	5.14095	5.12452
-0.730782	0.592253	5.14226	5.12419
-0.726511	0.596195	5.14292	5.1255
-0.725854	0.606709	5.14325	5.1255
-0.728811	0.603095	5.1439	5.1255
-0.727825	0.60408	5.14522	5.12649
-0.729796	0.602109	5.14686	5.12583
-0.736039	0.599809	5.14653	5.1255
-0.743924	0.597838	5.1462	5.12583
-0.750166	0.598495	5.14686	5.1255
-0.75608	0.595867	5.14686	5.12649
-0.754108	0.594881	5.14653	5.12748
-0.755423	0.601452	5.14522	5.1278
-0.759694	0.603752	5.14325	5.12682
-0.761993	0.596524	5.14325	5.12649
-0.767579	0.600138	5.14456	5.12452
-0.763965	0.604738	5.14653	5.1232
-0.765279	0.600795	5.14489	5.12518
-0.761008	0.59291	5.14325	5.12715
-0.764293	0.59291	5.14193	5.12912
-0.770536	0.593567	5.14325	5.12945
-0.76955	0.596195	5.14489	5.12748
-0.769878	0.592581	5.1462	5.1278
-0.777106	0.591924	5.14555	5.12879
-0.782034	0.590282	5.14456	5.12813
-0.782692	0.591267	5.1439	5.12846
-0.782363	0.589296	5.14292	5.12748
-0.781377	0.594224	5.14423	5.12813
-0.780392	0.59521	5.14456	5.1278
-0.784006	0.595867	5.14522	5.12649
-0.783677	0.598495	5.14522	5.12386
-0.785648	0.597838	5.14489	5.12518
-0.779406	0.599809	5.14259	5.12583
-0.779078	0.607366	5.14325	5.12616
-0.779406	0.60638	5.14423	5.12649
-0.775792	0.609994	5.14292	5.12583
-0.775135	0.604738	5.14193	5.12419
-0.772178	0.597838	5.14325	5.12452
-0.766264	0.602109	5.14292	5.12189
-0.769221	0.605395	5.14259	5.12123
-0.765607	0.608023	5.14292	5.1232
-0.768564	0.604409	5.1439	5.12616
-0.766922	0.608023	5.14522	5.12715
-0.770864	0.612294	5.14489	5.12649
-0.76955	0.613937	5.14292	5.12452
-0.764293	0.615251	5.1416	5.12419
-0.763965	0.612623	5.13963	5.12715
-0.770207	0.610323	5.13865	5.12748
-0.765279	0.615579	5.13963	5.12715
-0.761665	0.612294	5.14029	5.12518
-0.75608	0.61328	5.14193	5.1255
-0.757065	0.611965	5.14456	5.1255
-0.751152	0.615908	5.14423	5.12879
-0.743595	0.615908	5.14193	5.13076
-0.740638	0.619522	5.14095	5.12977
-0.728482	0.628721	5.14127	5.12682
-0.723554	0.633649	5.14357	5.1255
-0.718955	0.635949	5.14325	5.12583
-0.709427	0.636606	5.14259	5.12649
-0.70417	0.629707	5.14095	5.12616
-0.697271	0.631678	5.14127	5.12583
-0.694971	0.631349	5.14193	5.12583
-0.6907	0.630364	5.14456	5.12452
-0.688072	0.632006	5.14555	5.12485
-0.688729	0.632664	5.14752	5.12485
-0.691357	0.627735	5.1462	5.1255
-0.6953	0.625764	5.14259	5.12616
-0.694971	0.628392	5.13865	5.12616
-0.689714	0.627078	5.13897	5.12682
-0.685772	0.631349	5.14292	5.12715
-0.685443	0.632664	5.14489	5.12419
-0.687743	0.632006	5.14522	5.12189
-0.693985	0.631678	5.14423	5.12386
-0.696285	0.636277	5.14259	5.1278
-0.696285	0.633649	5.14259	5.12879
-0.705156	0.625764	5.14325	5.12813
-0.711398	0.634635	5.14423	5.12748
-0.709755	0.633978	5.14522	5.12616
-0.718626	0.629378	5.14456	5.12583
-0.71994	0.625764	5.14357	5.12682
-0.726182	0.618536	5.1416	5.12715
-0.725525	0.62215	5.14127	5.12682
-0.727497	0.627078	5.14029	5.12813
-0.730782	0.62905	5.1416	5.1278
-0.733739	0.625107	5.1416	5.12682
-0.731768	0.625107	5.14062	5.1255
-0.739324	0.620836	5.14259	5.12583
-0.733739	0.616236	5.14259	5.12715
-0.741952	0.616894	5.14325	5.12748
-0.735053	0.626421	5.14259	5.1255
-0.736367	0.627078	5.14325	5.12255
-0.736039	0.627407	5.14423	5.12255
-0.730782	0.630692	5.1462	5.12452
-0.73801	0.633649	5.14555	5.12649
-0.732425	0.630035	5.14325	5.1255
-0.731768	0.625107	5.14226	5.12353
-0.728154	0.620836	5.14357	5.12288
-0.732753	0.61985	5.1439	5.12386
-0.732096	0.615251	5.14423	5.12353
-0.735382	0.61328	5.14489	5.12518
-0.735053	0.607694	5.14489	5.12879
-0.738667	0.609666	5.14259	5.13076
-0.741952	0.605723	5.14226	5.12945
-0.745566	0.602766	5.14456	5.12813
-0.74918	0.595867	5.14522	5.12715
-0.749509	0.594553	5.1439	5.12649
-0.750166	0.593896	5.14259	5.12682
-0.747209	0.591267	5.14259	5.12813
-0.745895	0.59291	5.14259	5.12682
-0.740967	0.596195	5.14193	5.12583
-0.740967	0.592253	5.14292	5.1255
-0.74031	0.593567	5.1439	5.1255
-0.744909	0.596195	5.14423	5.1255
-0.743595	0.595538	5.14423	5.12518
-0.736696	0.594553	5.14489	5.12583
-0.742938	0.586668	5.14522	5.12649
-0.744581	0.583382	5.14686	5.12715
-0.748195	0.586996	5.1462	5.12682
-0.744909	0.59061	5.14522	5.12649
-0.742938	0.590282	5.14587	5.1255
-0.752794	0.586339	5.14587	5.12518
-0.754766	0.584039	5.14522	5.12485
-0.754766	0.585354	5.14456	5.12682
-0.759365	0.57944	5.14423	5.12649
-0.762651	0.57714	5.1439	5.1255
-0.763308	0.579111	5.14456	5.12715
-0.76955	0.578126	5.14456	5.12748
-0.76955	0.578783	5.14456	5.12945
-0.767907	0.575497	5.14357	5.1301
-0.771193	0.579111	5.14357	5.12945
-0.777763	0.57944	5.14193	5.12682
-0.78762	0.571883	5.1416	5.12583
-0.79879	0.564984	5.14029	5.1255
-0.797804	0.560713	5.1416	5.12682
-0.792548	0.55907	5.14456	5.12846
-0.795833	0.55907	5.14456	5.1278
-0.79879	0.558742	5.1416	5.12682
-0.802733	0.561699	5.14193	5.12748
-0.802733	0.555785	5.14719	5.1278
-0.799119	0.55907	5.14752	5.12682
-0.797804	0.56367	5.14555	5.12485
-0.801747	0.560056	5.14325	5.12386
-0.798461	0.56367	5.14357	5.1255
-0.793533	0.56367	5.14489	5.12715
-0.784006	0.571883	5.1439	5.1255
-0.781377	0.577469	5.14522	5.12419
-0.778092	0.576812	5.14587	5.1255
-0.775135	0.576483	5.14522	5.12748
-0.767907	0.586996	5.14357	5.12813
-0.770207	0.591596	5.14325	5.12649
-0.764293	0.592581	5.1439	5.12452
-0.762979	0.598824	5.14456	5.1255
-0.764293	0.590939	5.14653	5.12583
-0.759694	0.597838	5.14752	5.1255
-0.754766	0.600795	5.14752	5.12485
-0.745566	0.607694	5.14587	5.12518
-0.749509	0.606052	5.14357	5.12419
-0.744909	0.609337	5.14259	5.1255
-0.742938	0.606052	5.14259	5.12583
-0.746881	0.603752	5.14292	5.12682
-0.746223	0.608023	5.14193	5.12616
-0.739324	0.61098	5.14226	5.12485
-0.732096	0.612951	5.14259	5.12255
-0.734725	0.614594	5.14292	5.12288
-0.734396	0.614594	5.14456	5.12452
-0.738667	0.614594	5.14522	5.12518
-0.739981	0.615251	5.14587	5.12518
-0.743595	0.623464	5.14555	5.12518
-0.742938	0.621493	5.1439	5.12518
-0.750166	0.613608	5.14292	5.12616
-0.750166	0.613937	5.14325	5.12616
-0.75148	0.614922	5.1439	5.12616
-0.747866	0.617222	5.14357	5.12649
-0.751152	0.620179	5.14259	5.12616
-0.75148	0.622479	5.14259	5.12518
-0.756408	0.621822	5.14193	5.12485
-0.763636	0.622479	5.14127	5.12715
-0.760679	0.62215	5.14292	5.12846
-0.75378	0.625107	5.14292	5.12748
-0.752137	0.62675	5.14292	5.12583
-0.756408	0.62905	5.14292	5.12518
-0.762322	0.627735	5.14193	5.12616
-0.760679	0.632006	5.14062	5.12715
-0.762322	0.62905	5.14095	5.12715
-0.768893	0.623793	5.14325	5.1278
-0.77185	0.624121	5.14522	5.12649
-0.776449	0.622479	5.14587	5.1255
-0.784663	0.628064	5.14653	5.12583
-0.78532	0.625107	5.14522	5.1255
-0.783349	0.617879	5.14292	5.12616
-0.78532	0.614265	5.14259	5.12583
-0.782363	0.616565	5.1439	5.12583
-0.782692	0.614265	5.14489	5.12485
-0.782363	0.609666	5.1462	5.12485
-0.781377	0.61098	5.14719	5.12518
-0.777435	0.61098	5.14423	5.12485
-0.774807	0.610323	5.14357	5.12616
-0.776778	0.61328	5.1439	5.12715
-0.778421	0.61328	5.14423	5.12813
-0.773492	0.623793	5.14587	5.1278
-0.772178	0.624779	5.14522	5.12748
-0.766922	0.626421	5.14489	5.1278
-0.762979	0.630692	5.14522	5.12879
-0.753451	0.633978	5.14522	5.12879
-0.751809	0.628721	5.14653	5.1278
-0.747538	0.625107	5.1462	5.1255
-0.745238	0.62905	5.14292	5.12386
-0.746881	0.632006	5.1416	5.12222
-0.74918	0.631021	5.14325	5.12255
-0.746552	0.629378	5.14522	5.12485
-0.749509	0.624779	5.14686	5.12715
-0.741952	0.624121	5.14653	5.12649
-0.737024	0.624121	5.14653	5.12616
-0.728811	0.623793	5.14653	5.12616
-0.725525	0.623464	5.14522	5.12682
-0.723226	0.627078	5.14193	5.12813
-0.720269	0.625436	5.13996	5.12748
-0.718955	0.627735	5.14226	5.1278
-0.709098	0.630035	5.14357	5.12715
-0.699571	0.632335	5.14456	5.12616
-0.697599	0.631349	5.14686	5.12485
-0.693	0.627407	5.1462	5.12288
-0.696285	0.622479	5.1462	5.1232
-0.700228	0.621822	5.14489	5.12518
-0.70877	0.62445	5.14357	5.12583
-0.706142	0.625107	5.14292	5.12649
-0.70877	0.62445	5.14095	5.12485
-0.716326	0.621165	5.13996	5.12485
-0.718298	0.618865	5.14259	5.12485
-0.72224	0.620508	5.14292	5.12583
-0.723554	0.620836	5.14325	5.12583
-0.722897	0.617222	5.14259	5.1255
-0.730454	0.617879	5.1416	5.12386
-0.733739	0.614265	5.14259	5.12353
-0.73801	0.610651	5.14456	5.1232
-0.740967	0.607366	5.1439	5.12518
-0.740638	0.59751	5.14259	5.12649
-0.749837	0.597838	5.14292	5.12649
-0.753451	0.602109	5.14325	5.1255
-0.757722	0.607037	5.14357	5.12353
-0.759365	0.598167	5.14423	5.12222
-0.765607	0.608023	5.1439	5.1232
-0.768236	0.606052	5.14456	5.12583
-0.775464	0.598167	5.14456	5.12682
-0.778421	0.599152	5.14423	5.1278
-0.785977	0.598495	5.14489	5.12649
-0.791891	0.595538	5.14259	5.12485
-0.793862	0.595538	5.14259	5.12485
-0.795505	0.589625	5.1439	5.12616
-0.795176	0.589625	5.14423	5.12616
-0.792219	0.59061	5.14555	5.12583
-0.799119	0.587982	5.14555	5.12748
-0.800104	0.578126	5.1439	5.12748
-0.804704	0.582397	5.14325	5.12616
-0.806346	0.57714	5.14062	5.12682
-0.808318	0.577469	5.14095	5.12616
-0.806346	0.577469	5.14259	5.12616
-0.807989	0.575826	5.14357	5.12583
-0.802075	0.572869	5.14325	5.12452
-0.803061	0.561699	5.14193	5.1232
-0.804704	0.553485	5.1439	5.12222
-0.805032	0.549871	5.14686	5.12386
-0.794519	0.546586	5.14686	5.12518
-0.795505	0.544943	5.14489	5.12583
-0.794848	0.5456	5.14259	5.12518
-0.797147	0.541	5.14357	5.12518
-0.79419	0.537058	5.14587	5.12485
-0.795505	0.538701	5.14522	5.12583
-0.79649	0.543957	5.14325	5.12715
-0.797804	0.541	5.14062	5.12945
-0.796162	0.540672	5.14029	5.12846
-0.797147	0.538372	5.14259	5.12846
-0.800433	0.537058	5.14456	5.12682
-0.802404	0.53213	5.14489	5.12583
-0.802075	0.534101	5.1462	5.12485
-0.797147	0.536729	5.1462	5.1232
-0.799776	0.541329	5.14555	5.12485
-0.792219	0.543629	5.14522	5.1278
-0.791891	0.5433	5.14456	5.1278
-0.797476	0.540015	5.14489	5.12748
-0.795833	0.532458	5.14587	5.12748
-0.793862	0.541329	5.14522	5.12616
-0.795505	0.539686	5.1439	5.1255
-0.799447	0.533773	5.14259	5.12682
-0.797476	0.540672	5.14193	5.12748
-0.799776	0.5456	5.14193	5.12846
-0.797804	0.5456	5.14226	5.12813
-0.802075	0.544943	5.1439	5.12616
-0.808646	0.547571	5.14522	5.12452
-0.806346	0.544943	5.14522	5.12452
-0.808318	0.544286	5.1439	5.12616
-0.813903	0.541658	5.14193	5.12945
-0.814889	0.539686	5.1416	5.1324
-0.818831	0.546257	5.14357	5.1301
-0.81226	0.5502	5.14555	5.12748
-0.805361	0.554471	5.14555	5.12715
-0.799776	0.560384	5.14489	5.12715
-0.792876	0.560056	5.14226	5.12649
-0.791234	0.569912	5.14127	5.12649
-0.792548	0.570241	5.14259	5.12649
-0.792219	0.567284	5.1439	5.12649
-0.793862	0.560384	5.14456	5.12813
-0.79419	0.561042	5.14719	5.12879
-0.790248	0.560384	5.14949	5.1278
-0.787948	0.561042	5.14653	5.12813
-0.790248	0.558413	5.14259	5.1278
-0.793533	0.556113	5.14127	5.12846
-0.790905	0.560713	5.1416	5.12748
-0.781706	0.56597	5.14423	5.12485
-0.78072	0.567612	5.1439	5.12386
-0.78532	0.562356	5.1439	5.12288
-0.783677	0.56367	5.14226	5.12353
-0.78302	0.565313	5.14292	5.12616
-0.774149	0.568598	5.14292	5.12715
-0.763965	0.578454	5.14292	5.12518
-0.759694	0.574512	5.14423	5.1232
-0.758051	0.575169	5.14357	5.12222
-0.754108	0.580097	5.14325	5.12255
-0.744581	0.585025	5.14423	5.12353
-0.741295	0.596195	5.14522	5.12452
-0.737353	0.595867	5.14522	5.12518
-0.743924	0.587982	5.14522	5.12452
-0.73801	0.58831	5.1462	5.12353
-0.724211	0.590282	5.14587	5.12353
-0.722569	0.588968	5.14456	5.12485
-0.718298	0.584696	5.14226	5.12682
-0.718626	0.582397	5.1416	5.12682
-0.720926	0.579768	5.14226	5.12583
-0.715341	0.580425	5.14456	5.12386
-0.716326	0.568927	5.14555	5.1232
-0.715669	0.567284	5.14456	5.12485
-0.715341	0.566627	5.14325	5.12649
-0.71994	0.567612	5.14127	5.12616
-0.717969	0.570241	5.13996	5.12748
-0.718955	0.582397	5.14193	5.1255
-0.715669	0.583382	5.14489	5.12419
-0.719612	0.582068	5.14489	5.1232
-0.723883	0.579768	5.14292	5.12419
-0.730454	0.582725	5.14259	5.12485
-0.732096	0.589296	5.14456	5.12518
-0.733082	0.587653	5.14686	5.12452
-0.730125	0.586668	5.14817	5.12353
-0.73571	0.586011	5.14719	5.12255
-0.733082	0.591267	5.14555	5.12288
-0.733739	0.594553	5.14357	5.12583
-0.743924	0.586011	5.14292	5.12748
-0.752466	0.580425	5.14259	5.1278
-0.752466	0.583711	5.14587	5.12748
-0.758708	0.579768	5.14752	5.12616
-0.763308	0.573855	5.14817	5.12485
-0.768564	0.570569	5.14489	5.12386
-0.767579	0.571555	5.1416	5.12616
-0.765936	0.563013	5.13996	5.12715
-0.771521	0.557756	5.14062	5.12912
-0.766264	0.554142	5.14292	5.1278
-0.766593	0.55677	5.14555	5.12715
-0.760679	0.562684	5.14719	5.12682
-0.760022	0.559727	5.14587	5.12485
-0.761993	0.560713	5.14489	5.12353
-0.765607	0.552828	5.14489	5.12386
-0.768564	0.549214	5.14555	5.12518
-0.766922	0.548885	5.1462	5.12649
-0.763308	0.550528	5.14653	5.12715
-0.762322	0.557756	5.14653	5.12715
-0.76725	0.558413	5.1439	5.12616
-0.762322	0.555128	5.14029	5.12616
-0.761336	0.551514	5.13865	5.12649
-0.760022	0.544614	5.1393	5.12715
-0.756737	0.536401	5.14127	5.12715
-0.756408	0.539029	5.1439	5.12452
-0.757722	0.547243	5.1439	5.12288
-0.757065	0.545272	5.14325	5.12353
-0.756408	0.547243	5.14127	5.12452
-0.750823	0.550528	5.1393	5.12583
-0.746223	0.545272	5.14095	5.12583
-0.746881	0.5433	5.14325	5.12583
-0.747209	0.540343	5.14456	5.12748
-0.744909	0.547243	5.14259	5.12912
-0.739324	0.541658	5.14193	5.1278
-0.745895	0.541986	5.14259	5.12452
-0.739981	0.544286	5.14357	5.12419
-0.732425	0.549543	5.14292	5.12485
-0.725854	0.5433	5.14325	5.12485
-0.722569	0.547243	5.14357	5.12452
-0.715998	0.547571	5.14325	5.12452
-0.717969	0.554799	5.14193	5.12452
-0.713041	0.556442	5.14489	5.12583
-0.715012	0.55907	5.14555	5.12682
-0.717312	0.553814	5.14522	5.12813
-0.716326	0.559727	5.14259	5.12649
-0.715669	0.560056	5.14193	5.12419
-0.718955	0.559727	5.14357	5.1232
-0.725854	0.557756	5.1439	5.12452
-0.724211	0.55677	5.1439	5.12682
-0.730454	0.553814	5.14325	5.12879
-0.74261	0.549214	5.14259	5.12977
-0.748523	0.5502	5.14325	5.12846
-0.75378	0.551185	5.14587	5.12682
-0.755094	0.551842	5.14587	5.12616
-0.759365	0.547243	5.14489	5.1255
-0.760351	0.545272	5.14325	5.12616
-0.759694	0.546586	5.14325	5.12649
-0.770207	0.5456	5.14456	5.12616
-0.769878	0.547243	5.14653	5.12682
-0.772507	0.548557	5.14719	5.12748
-0.770536	0.546257	5.14555	5.12682
-0.773492	0.549543	5.14357	5.12846
-0.772507	0.553814	5.14226	5.12945
-0.782692	0.5479	5.14259	5.12813
-0.78532	0.542315	5.14456	5.12649
-0.789919	0.541329	5.14587	5.12616
-0.788934	0.540343	5.14587	5.12649
-0.788934	0.538372	5.14423	5.12813
-0.789262	0.537387	5.14325	5.12879
-0.788605	0.530487	5.14226	5.12912
-0.784334	0.534101	5.1416	5.12846
-0.788605	0.530487	5.1439	5.12649
-0.788934	0.531473	5.14555	5.1255
-0.794848	0.523259	5.14292	5.12583
-0.797476	0.52753	5.14062	5.12452
-0.800761	0.524573	5.1393	5.12485
-0.802404	0.53213	5.1393	5.1255
-0.79419	0.536401	5.14095	5.1255
-0.795505	0.530159	5.14456	5.1255
-0.794848	0.531144	5.14587	5.12518
-0.784991	0.534101	5.14522	5.12583
-0.781049	0.535415	5.14292	5.12649
-0.789262	0.531144	5.14226	5.1278
-0.786634	0.536401	5.14259	5.12682
-0.783349	0.539686	5.1439	5.12485
-0.784991	0.534101	5.14127	5.12419
-0.773492	0.531144	5.13897	5.12452
-0.77185	0.530487	5.14062	5.1255
-0.766922	0.530487	5.14325	5.12485
-0.761665	0.534101	5.14456	5.12583
-0.759694	0.541329	5.14456	5.12682
-0.761993	0.542643	5.14423	5.12682
-0.76495	0.551514	5.14423	5.12485
-0.759037	0.553814	5.14325	5.12419
-0.760351	0.553814	5.14325	5.12353
-0.765936	0.549871	5.14325	5.12485
-0.76725	0.549214	5.14456	5.12616
-0.765936	0.552499	5.14456	5.12715
-0.766593	0.545272	5.1462	5.12715
-0.772507	0.544943	5.14522	5.12682
-0.768236	0.545272	5.14423	5.12649
-0.770864	0.538372	5.14489	5.12386
-0.769878	0.542315	5.14489	5.12353
-0.76955	0.542643	5.14423	5.12386
-0.765607	0.5456	5.14423	5.12485
-0.771521	0.548885	5.14522	5.12452
-0.76955	0.549214	5.14587	5.12518
-0.76955	0.5502	5.14653	5.12616
-0.772835	0.551185	5.14423	5.12715
-0.777435	0.552171	5.14489	5.1278
-0.778749	0.551514	5.14555	5.12682
-0.781049	0.546257	5.14555	5.1255
-0.784006	0.543629	5.14489	5.12583
-0.774807	0.555785	5.14522	5.12616
-0.777435	0.554799	5.14456	5.12682
-0.780063	0.549543	5.14423	5.12682
-0.776449	0.546914	5.14357	5.1278
-0.785977	0.542643	5.1439	5.12846
-0.791562	0.542315	5.14489	5.12583
-0.797804	0.544614	5.14456	5.12386
-0.802404	0.549543	5.14555	5.12353
-0.797476	0.556442	5.14357	5.12419
-0.80339	0.560713	5.1416	5.12715
-0.797476	0.567612	5.14062	5.12846
-0.804047	0.568598	5.1416	5.12715
-0.807004	0.562027	5.14226	5.12518
-0.804047	0.55907	5.1439	5.12452
-0.800761	0.563341	5.14686	5.12616
-0.800104	0.562684	5.1485	5.12715
-0.800104	0.560056	5.1462	5.12748
-0.798461	0.564655	5.14522	5.12682
-0.798133	0.565313	5.14522	5.12748
-0.794519	0.562356	5.1462	5.12715
-0.787948	0.563013	5.14489	5.1278
-0.788934	0.565313	5.1439	5.12846
-0.784663	0.565641	5.14292	5.12879
-0.786634	0.563998	5.14029	5.12879
-0.784334	0.56137	5.14095	5.1301
-0.787291	0.569255	5.14193	5.12977
-0.782034	0.571555	5.14325	5.12748
-0.78072	0.56367	5.14456	5.12682
-0.774149	0.565641	5.14325	5.12748
-0.769221	0.561699	5.13996	5.12682
-0.762651	0.563341	5.13865	5.12715
-0.761008	0.564655	5.13963	5.12583
-0.759037	0.555785	5.14193	5.12485
-0.751152	0.561699	5.14259	5.12485
-0.735053	0.566627	5.14259	5.1255
-0.739324	0.563341	5.14325	5.12583
-0.734067	0.565313	5.14226	5.12616
-0.733082	0.561699	5.14193	5.12419
-0.730125	0.568269	5.14292	5.12386
-0.730782	0.568269	5.14522	5.12353
-0.732425	0.569912	5.14456	5.12452
-0.73801	0.566955	5.14522	5.12518
-0.741952	0.569584	5.14522	5.1255
-0.745566	0.565641	5.14423	5.12518
-0.743595	0.562684	5.14193	5.12452
-0.745238	0.56367	5.1439	5.12452
-0.744581	0.567941	5.14522	5.12583
-0.746881	0.566298	5.14653	5.12616
-0.745895	0.570241	5.14719	5.12518
-0.747209	0.570241	5.14555	5.12485
-0.752466	0.573855	5.14325	5.12616
-0.744909	0.573855	5.14357	5.12682
-0.741624	0.582397	5.14522	5.1255
-0.742938	0.589296	5.14522	5.12583
-0.748523	0.590939	5.14555	5.12583
-0.748195	0.596524	5.14555	5.12518
-0.747209	0.59751	5.14423	5.12682
-0.750166	0.597838	5.14522	5.12846
-0.751152	0.600795	5.14522	5.12748
-0.754437	0.597181	5.14522	5.12649
-0.760022	0.598824	5.14456	5.12748
-0.768564	0.592581	5.14325	5.12715
-0.771521	0.599152	5.14193	5.12616
-0.774478	0.594224	5.1416	5.12583
-0.774807	0.593239	5.14325	5.12518
-0.777106	0.591924	5.14226	5.1255
-0.778749	0.589296	5.14292	5.12583
-0.781706	0.583382	5.14587	5.12583
-0.781049	0.586668	5.14719	5.12649
-0.783349	0.583711	5.14785	5.12616
-0.78302	0.581411	5.14456	5.12485
-0.781377	0.576154	5.14292	5.12682
-0.777435	0.579111	5.14259	5.12879
-0.782692	0.581083	5.14423	5.12879
-0.779406	0.582725	5.14489	5.12649
-0.78072	0.573855	5.14423	5.1255
-0.781377	0.575826	5.14259	5.12518
-0.778421	0.575826	5.14127	5.12649
-0.774807	0.573198	5.14259	5.12649
-0.773821	0.572869	5.14456	5.12452
-0.76955	0.568598	5.14686	5.12452
-0.772178	0.564655	5.14916	5.1255
-0.774149	0.567941	5.14817	5.12813
-0.774807	0.566955	5.14325	5.12912
-0.781377	0.563998	5.14029	5.12945
-0.781049	0.562027	5.14226	5.12748
-0.780063	0.551185	5.14555	5.1255
-0.784663	0.542643	5.14719	5.12452
-0.788934	0.5433	5.1462	5.12583
-0.785648	0.5456	5.14587	5.12682
-0.788934	0.541329	5.14489	5.12682
-0.785977	0.547243	5.14325	5.12715
-0.787948	0.547571	5.14325	5.12715
-0.78762	0.546257	5.14456	5.1278
-0.788277	0.541	5.14555	5.12813
-0.792876	0.540015	5.14686	5.12649
-0.788934	0.542643	5.14686	5.12452
-0.795176	0.542315	5.14752	5.12452
-0.795833	0.548228	5.14719	5.12452
-0.800104	0.5456	5.14653	5.1232
-0.795176	0.546914	5.14456	5.12353
-0.799776	0.546914	5.14555	5.12255
-0.801418	0.5456	5.14489	5.12222
-0.800104	0.548228	5.14325	5.1232
-0.798461	0.542315	5.14193	5.12386
-0.79649	0.544943	5.13996	5.12485
-0.791562	0.542972	5.13963	5.12649
-0.78302	0.542972	5.14029	5.12748
-0.785648	0.5433	5.14127	5.1278
-0.787948	0.544614	5.14357	5.12846
-0.791891	0.541329	5.1439	5.12748
-0.794848	0.537387	5.14193	5.1255
-0.798461	0.539358	5.14095	5.12452
-0.798133	0.5456	5.14226	5.12583
-0.795176	0.547571	5.14489	5.1255
-0.799447	0.549214	5.14522	5.12419
-0.799119	0.550528	5.14522	5.12255
-0.798133	0.547571	5.14423	5.1232
-0.79879	0.546257	5.14259	5.1255
-0.798133	0.543957	5.14193	5.1278
-0.802075	0.544286	5.14325	5.12846
-0.80109	0.544943	5.14587	5.12748
-0.793205	0.548228	5.14785	5.12813
-0.789262	0.555456	5.14587	5.12715
-0.793533	0.560056	5.14259	5.12616
-0.792219	0.560056	5.14062	5.12452
-0.786305	0.558085	5.14193	5.12353
-0.778749	0.560713	5.14489	5.12255
-0.773164	0.569912	5.14587	5.1232
-0.774478	0.566627	5.1462	5.12222
-0.766922	0.570569	5.14489	5.12419
-0.758708	0.574183	5.14292	5.12518
-0.761665	0.581083	5.14193	5.12682
-0.761336	0.578454	5.14259	5.12715
-0.762651	0.576812	5.14292	5.12715
-0.762322	0.575169	5.14325	5.12485
-0.763636	0.572869	5.14292	5.12452
-0.764622	0.568269	5.14456	5.12616
-0.765279	0.56137	5.14423	5.12846
-0.766922	0.557099	5.14193	5.1278
-0.76495	0.561042	5.14193	5.12649
-0.759365	0.56137	5.14292	5.12485
-0.749837	0.561699	5.14522	5.12583
-0.746223	0.564327	5.14555	5.12649
-0.744581	0.567284	5.14423	5.12616
-0.744909	0.568927	5.1439	5.12518
-0.738339	0.57484	5.14325	5.12386
-0.732096	0.570569	5.1439	5.12386
-0.725197	0.571555	5.14325	5.12419
-0.721583	0.57484	5.14095	5.12452
-0.721583	0.572869	5.14127	5.1255
-0.721911	0.572212	5.14259	5.12583
-0.713698	0.570569	5.14423	5.12583
-0.709755	0.572869	5.14357	5.12518
-0.709098	0.567284	5.14423	5.12518
-0.712384	0.570898	5.1462	5.12583
-0.714684	0.573526	5.14719	5.1278
-0.716983	0.572212	5.14653	5.12748
-0.715012	0.573526	5.14555	5.12583
-0.718626	0.574512	5.14456	5.12583
-0.723554	0.573526	5.14423	5.12649
-0.724211	0.57714	5.14325	5.12649
-0.727168	0.571883	5.14292	5.12649
-0.72684	0.568927	5.14357	5.12452
-0.727168	0.561042	5.14325	5.12485
-0.739981	0.560384	5.14193	5.12616
-0.738667	0.562027	5.14259	5.12748
-0.748523	0.554142	5.14292	5.12813
-0.754766	0.551842	5.14193	5.12748
-0.761336	0.551185	5.14127	5.12485
-0.761336	0.559399	5.14292	5.12353
-0.77185	0.551514	5.1439	5.12518
-0.776778	0.551514	5.14095	5.12583
-0.768236	0.553814	5.13832	5.12616
-0.772507	0.558742	5.13897	5.12518
-0.772835	0.558413	5.14095	5.12485
-0.780063	0.553157	5.14423	5.12353
-0.787291	0.551514	5.1439	5.12386
-0.784991	0.5502	5.1439	5.12485
-0.783677	0.549543	5.14325	5.12452
-0.780392	0.551514	5.14325	5.12649
-0.78302	0.555128	5.14489	5.12616
-0.78072	0.55677	5.14555	5.12616
-0.78072	0.554471	5.14522	5.12386
-0.789262	0.548228	5.14423	5.12255
-0.788934	0.549543	5.14259	5.12452
-0.791234	0.546914	5.14226	5.12846
-0.795505	0.545929	5.14292	5.12846
-0.803718	0.5456	5.14489	5.1278
-0.804047	0.547243	5.14522	5.12715
-0.805032	0.552828	5.14489	5.12649
-0.806346	0.553157	5.14522	5.1255
-0.807004	0.552171	5.14587	5.1232
-0.809303	0.554142	5.1439	5.1232
-0.808975	0.554799	5.1416	5.12485
-0.808975	0.557428	5.14095	5.12485
-0.810946	0.558085	5.14259	5.12255
-0.811275	0.560056	5.14522	5.1232
-0.807661	0.566298	5.14522	5.12616
-0.809632	0.567941	5.14456	5.12748
-0.81226	0.561042	5.14325	5.12813
-0.817517	0.555456	5.14292	5.12715
-0.81456	0.559727	5.14357	5.12682
-0.81226	0.560056	5.14489	5.12419
-0.805361	0.559727	5.14423	5.12222
-0.80339	0.557428	5.14292	5.12353
-0.810289	0.557099	5.14127	5.12649
-0.806675	0.561699	5.14029	5.12879
-0.805361	0.564327	5.14127	5.12813
-0.799447	0.570569	5.14292	5.12715
-0.797804	0.57484	5.14226	5.12715
-0.801418	0.575497	5.14193	5.12518
-0.802075	0.576812	5.14226	5.12485
-0.800761	0.577797	5.14325	5.12485
-0.795833	0.576483	5.14259	5.1255
-0.79419	0.583382	5.14292	5.12583
-0.793862	0.584696	5.14357	5.12682
-0.791234	0.583382	5.14423	5.12583
-0.797147	0.586668	5.14357	5.12386
-0.797804	0.582397	5.1439	5.12386
-0.798461	0.585682	5.14522	5.12715
-0.797804	0.584039	5.14423	5.13076
-0.804704	0.582725	5.14325	5.13109
-0.806346	0.580425	5.14522	5.1301
-0.804047	0.575169	5.14555	5.12912
-0.805361	0.578783	5.14587	5.1278
-0.810289	0.573198	5.14522	5.12813
-0.813574	0.574183	5.14587	5.1278
-0.819488	0.574512	5.14456	5.12715
-0.820474	0.575497	5.14357	5.12715
-0.824745	0.573198	5.14489	5.12518
-0.816531	0.573855	5.14686	5.12419
-0.814231	0.582068	5.14817	5.12386
-0.810946	0.586011	5.14686	5.12649
-0.810289	0.587982	5.14522	5.12748
-0.807004	0.58831	5.14357	5.1278
-0.808646	0.581083	5.14193	5.1255
-0.801747	0.59061	5.14127	5.12353
-0.801418	0.594224	5.14127	5.12353
-0.806018	0.590939	5.1416	5.12386
-0.804047	0.588968	5.14292	5.12485
-0.803718	0.592253	5.14423	5.1255
-0.79879	0.595538	5.14522	5.12419
-0.795176	0.602109	5.14489	5.12386
-0.799776	0.599809	5.14292	5.12485
-0.794848	0.603423	5.14325	5.12616
-0.792219	0.607037	5.14325	5.12616
-0.792876	0.603423	5.14226	5.12715
-0.796819	0.603095	5.14193	5.12748
-0.796162	0.60638	5.14325	5.12715
-0.791562	0.610323	5.1439	5.12419
-0.788277	0.609994	5.1439	5.1232
-0.796162	0.612294	5.1416	5.12386
-0.800761	0.605723	5.1416	5.12649
-0.798461	0.60638	5.1416	5.12846
-0.787948	0.613937	5.14127	5.12879
-0.787291	0.616565	5.14259	5.12977
-0.785648	0.616565	5.14555	5.12583
-0.787291	0.615579	5.14686	5.12255
-0.778421	0.618865	5.1439	5.1232
-0.780392	0.611308	5.14292	5.12518
-0.772507	0.611637	5.14193	5.12616
-0.773821	0.61098	5.14259	5.12485
-0.768893	0.60868	5.14423	5.12485
-0.768236	0.606709	5.14423	5.12452
-0.767579	0.601124	5.14423	5.12353
-0.76495	0.593567	5.14456	5.12386
-0.760351	0.597838	5.14587	5.12616
-0.751809	0.603752	5.14489	5.12715
-0.747866	0.611637	5.1439	5.12682
-0.748195	0.609994	5.14226	5.12616
-0.748523	0.609994	5.14193	5.12419
-0.752794	0.605395	5.14226	5.1232
-0.752137	0.596195	5.14259	5.12583
-0.75838	0.587982	5.14259	5.12715
-0.759365	0.58831	5.1439	5.12649
-0.75838	0.590282	5.14489	5.1255
-0.76495	0.586011	5.14522	5.1255
-0.764293	0.587653	5.14555	5.12452
-0.764622	0.590282	5.14587	5.12485
-0.766264	0.587325	5.14555	5.12518
-0.762979	0.586996	5.1439	5.12616
-0.759037	0.59751	5.14259	5.12682
-0.756737	0.596524	5.14325	5.12583
-0.755423	0.599809	5.14456	5.12386
-0.753451	0.598495	5.14456	5.12419
-0.763308	0.595538	5.14226	5.12419
-0.768564	0.589953	5.14226	5.12452
-0.768236	0.587982	5.14193	5.12583
-0.76725	0.591267	5.14292	5.12649
-0.770207	0.596524	5.1439	5.12649
-0.765936	0.600466	5.14522	5.12682
-0.773492	0.599152	5.14489	5.12616
-0.775792	0.603423	5.14259	5.12616
-0.781377	0.601452	5.14226	5.12682
-0.777106	0.603095	5.14226	5.12583
-0.777435	0.599481	5.14226	5.12583
-0.776121	0.601124	5.1416	5.12518
-0.772178	0.599481	5.14226	5.12518
-0.770864	0.59521	5.1439	5.12485
-0.776449	0.585025	5.14456	5.12583
-0.773164	0.58831	5.14357	5.12518
-0.776449	0.587982	5.14423	5.12748
-0.780063	0.583382	5.14357	5.12912
-0.781706	0.575497	5.14456	5.12813
-0.784663	0.576483	5.14522	5.12846
-0.783349	0.576483	5.14489	5.12912
-0.789591	0.572212	5.1439	5.12748
-0.789919	0.565313	5.14127	5.12649
-0.793205	0.566298	5.13996	5.12583
-0.795833	0.568269	5.14193	5.12419
-0.792876	0.569912	5.1439	5.12255
-0.795833	0.574183	5.14489	5.12386
-0.792876	0.580097	5.14456	5.12518
-0.791891	0.582725	5.14259	5.12485
-0.781377	0.586996	5.14292	5.12386
-0.788277	0.583054	5.1439	5.12288
-0.786963	0.580425	5.1439	5.12288
-0.784334	0.566298	5.1439	5.12518
-0.786963	0.557428	5.14292	5.12682
-0.784991	0.560056	5.14226	5.12616
-0.782034	0.56137	5.14127	5.12353
-0.786963	0.562027	5.14062	5.12386
-0.784663	0.553157	5.14226	5.12616
-0.793205	0.552499	5.14325	5.12649
-0.793533	0.553485	5.14357	5.12583
-0.79879	0.548557	5.14522	5.12485
-0.797147	0.552171	5.1462	5.12485
-0.803718	0.5456	5.14653	5.12616
-0.805689	0.541658	5.14456	5.1255
-0.809303	0.537058	5.14259	5.12452
-0.812917	0.538701	5.14127	5.12518
-0.808646	0.544614	5.14226	5.12616
-0.811932	0.548557	5.14456	5.12452
-0.815546	0.543957	5.14686	5.1255
-0.814889	0.542643	5.1462	5.12649
-0.818831	0.540343	5.14456	5.12616
-0.826387	0.537058	5.14062	5.1255
-0.818831	0.541	5.14062	5.12715
-0.821788	0.541329	5.14292	5.12682
-0.823102	0.540015	5.14555	5.12682
-0.828687	0.538701	5.14522	5.12616
-0.831644	0.534101	5.14325	5.12518
-0.83033	0.537715	5.14095	5.12583
-0.827045	0.542315	5.1416	5.12616
-0.827373	0.548885	5.14292	5.12748
-0.827702	0.552171	5.14193	5.12879
-0.826716	0.550857	5.14029	5.12813
-0.824088	0.557428	5.13963	5.12649
-0.817188	0.556113	5.14127	5.12518
-0.81456	0.558085	5.14259	5.12518
-0.811932	0.560384	5.14423	5.12583
-0.811275	0.560056	5.14292	5.12649
-0.813246	0.55907	5.1439	5.12682
-0.814889	0.556113	5.14522	5.12616
-0.81456	0.559399	5.1462	5.12485
-0.812917	0.562356	5.14489	5.12485
-0.807989	0.563013	5.14259	5.12583
-0.809632	0.560384	5.14325	5.12715
-0.819488	0.558413	5.14522	5.12715
-0.81916	0.552171	5.14653	5.12616
-0.81686	0.545272	5.1462	5.12518
-0.813574	0.548557	5.14456	5.12583
-0.816203	0.546586	5.14292	5.1255
-0.819488	0.5502	5.14259	5.12485
-0.819817	0.552499	5.14357	5.12452
-0.81686	0.555456	5.1439	5.12419
-0.81916	0.547571	5.14357	5.12485
-0.808975	0.550857	5.14423	5.12616
-0.807989	0.5479	5.14522	5.12649
-0.802733	0.552828	5.14489	5.12748
-0.798133	0.55907	5.14357	5.12715
-0.799447	0.554799	5.14325	5.12649
-0.800104	0.551514	5.14489	5.12715
-0.80109	0.549871	5.14587	5.12583
-0.803718	0.549543	5.14522	5.12485
-0.808975	0.547571	5.14489	5.12452
-0.807332	0.552171	5.14555	5.12386
-0.811275	0.547243	5.14555	5.12419
-0.805032	0.553157	5.14587	5.12485
-0.794848	0.556442	5.14686	5.12616
-0.792219	0.556442	5.14719	5.12682
-0.788934	0.560713	5.14587	5.12715
-0.795176	0.551514	5.14489	5.12583
-0.800761	0.548557	5.14456	5.12616
-0.801747	0.5502	5.1439	5.1255
-0.799776	0.548885	5.1439	5.12485
-0.791234	0.553814	5.14456	5.12485
-0.786963	0.560384	5.1439	5.12156
-0.780063	0.56597	5.14193	5.12058
-0.778749	0.568598	5.1416	5.12255
-0.782034	0.570898	5.14259	5.12682
-0.777763	0.572212	5.14325	5.1278
-0.774807	0.569584	5.14522	5.12682
-0.775464	0.570569	5.14522	5.1255
-0.778421	0.565641	5.14423	5.12583
-0.776121	0.572212	5.14259	5.12616
-0.774807	0.57944	5.14095	5.12616
-0.773492	0.583382	5.14127	5.12682
-0.769878	0.587325	5.14127	5.12715
-0.761336	0.586011	5.14259	5.12649
-0.762651	0.595538	5.14555	5.12452
-0.75838	0.595538	5.14752	5.12452
-0.757722	0.602109	5.14817	5.12518
-0.754766	0.600795	5.14653	5.12616
-0.75148	0.608023	5.14456	5.12715
-0.744581	0.607694	5.14292	5.12518
-0.742281	0.609994	5.1416	5.12386
-0.741295	0.61985	5.13963	5.12386
-0.739981	0.618865	5.13733	5.1232
-0.731768	0.62215	5.13963	5.12353
-0.72454	0.628721	5.1416	5.12616
-0.725197	0.632664	5.14292	5.1278
-0.715012	0.642191	5.14456	5.12912
-0.715012	0.64252	5.14785	5.1301
-0.716655	0.649419	5.14785	5.1301
-0.708113	0.652705	5.14456	5.12846
-0.709755	0.656319	5.14259	5.12748
-0.699899	0.655661	5.14226	5.12748
-0.699899	0.655333	5.14325	5.12748
-0.701542	0.65139	5.14357	5.12748
-0.701213	0.655004	5.14522	5.12583
-0.705813	0.648105	5.1462	5.12485
-0.709427	0.646791	5.14555	5.1255
-0.70187	0.648434	5.14292	5.1255
-0.702856	0.651719	5.14259	5.12682
-0.698585	0.649091	5.14292	5.1278
-0.699242	0.65139	5.14456	5.12649
-0.703842	0.651062	5.14489	5.12518
-0.709427	0.650405	5.1439	5.12649
-0.720269	0.637263	5.14292	5.12616
-0.722897	0.636277	5.1416	5.1255
-0.724211	0.638906	5.1416	5.12452
-0.729139	0.641206	5.14259	5.12485
-0.73801	0.63562	5.14292	5.1255
-0.737353	0.634635	5.14456	5.12386
-0.73341	0.632664	5.14456	5.1232
-0.739981	0.63562	5.14357	5.1232
-0.746223	0.627735	5.14292	5.12419
-0.750166	0.617222	5.14292	5.12518
-0.750166	0.616894	5.14259	5.12649
-0.748195	0.611965	5.1439	5.12682
-0.746881	0.609666	5.14555	5.12748
-0.749837	0.610323	5.14555	5.12912
-0.753123	0.611637	5.14555	5.12846
-0.746881	0.610323	5.14555	5.1278
-0.751809	0.610651	5.14423	5.12616
-0.757394	0.61328	5.14522	5.12419
-0.760022	0.609666	5.14653	5.12386
-0.761665	0.605723	5.14587	5.12419
-0.764293	0.600466	5.14423	5.1232
-0.767579	0.600466	5.1416	5.12386
-0.771193	0.598495	5.1416	5.12649
-0.776778	0.602438	5.14325	5.12715
-0.768236	0.606052	5.14423	5.12649
-0.766593	0.605723	5.14522	5.12649
-0.765936	0.602766	5.14423	5.1255
-0.772507	0.59751	5.14325	5.12616
-0.778092	0.593239	5.14127	5.12748
-0.778092	0.592253	5.14062	5.12846
-0.780392	0.587653	5.1416	5.12813
-0.780063	0.586668	5.1439	5.12748
-0.775464	0.587325	5.14423	5.12518
-0.779735	0.585354	5.14325	5.12222
-0.778092	0.587325	5.14292	5.12189
-0.777763	0.578454	5.14193	5.12288
-0.777763	0.580754	5.14226	5.12452
-0.773164	0.579768	5.14259	5.12518
-0.770536	0.576483	5.1439	5.1255
-0.769221	0.577469	5.14555	5.12715
-0.769878	0.57254	5.1462	5.1278
-0.768236	0.576812	5.14555	5.1278
-0.763308	0.569584	5.14226	5.1278
-0.76725	0.567284	5.14062	5.12682
-0.776449	0.56597	5.14029	5.12452
-0.777106	0.571226	5.14259	5.12452
-0.772507	0.562684	5.14522	5.12583
-0.772178	0.563998	5.14686	5.12649
-0.768236	0.569912	5.14555	5.12715
-0.773492	0.574183	5.14423	5.12879
-0.776121	0.582068	5.14292	5.12879
-0.772835	0.583711	5.14357	5.12715
-0.775135	0.580425	5.14456	5.1255
-0.776449	0.57714	5.1439	5.12419
-0.778421	0.571226	5.14456	5.12386
-0.776778	0.573198	5.1439	5.12353
-0.782034	0.56597	5.14259	5.12485
-0.791562	0.560713	5.1416	5.1255
-0.793205	0.558413	5.14292	5.1255
-0.79649	0.554142	5.14555	5.1255
-0.805689	0.551514	5.14587	5.12485
-0.810946	0.548885	5.14423	5.12583
-0.815546	0.554471	5.14292	5.12715
-0.820802	0.5479	5.14292	5.1278
-0.825073	0.548885	5.14325	5.1278
-0.825073	0.554142	5.1439	5.12813
-0.824088	0.545929	5.14456	5.12813
-0.824745	0.551514	5.14423	5.12616
-0.827702	0.549871	5.1416	5.12518
-0.818174	0.558413	5.14127	5.1255
-0.813903	0.562684	5.14226	5.12419
-0.808975	0.56367	5.14357	5.12353
-0.810946	0.56137	5.14423	5.12518
-0.817845	0.562356	5.14423	5.12386
-0.820802	0.569912	5.14489	5.1232
-0.814231	0.571226	5.14325	5.12583
-0.808318	0.574183	5.14029	5.12649
-0.806346	0.57714	5.1416	5.12649
-0.811932	0.573855	5.14226	5.12353
-0.80996	0.576154	5.14357	5.12058
-0.804704	0.57714	5.14423	5.12156
-0.803718	0.577469	5.14259	5.12288
-0.802075	0.580425	5.14095	5.1255
-0.789591	0.579768	5.13897	5.12583
-0.778749	0.582725	5.1393	5.1255
-0.770207	0.57944	5.14062	5.12386
-0.764622	0.586011	5.1416	5.12288
-0.761008	0.589625	5.14292	5.12353
-0.751152	0.587982	5.14357	5.12222
-0.743924	0.591596	5.1439	5.12419
-0.743595	0.59751	5.14686	5.12649
-0.734725	0.606709	5.1485	5.12682
-0.731111	0.605395	5.14686	5.12682
-0.723226	0.606709	5.14719	5.1255
-0.715341	0.609666	5.14686	5.12452
-0.713698	0.615579	5.14522	5.12583
-0.70877	0.612951	5.14292	5.12583
-0.698257	0.617222	5.14292	5.12419
-0.694314	0.62905	5.14357	5.12419
-0.692343	0.63562	5.14555	5.12583
-0.6907	0.638249	5.14587	5.12682
-0.6884	0.64252	5.14456	5.12649
-0.681501	0.647119	5.14292	5.1255
-0.679201	0.647776	5.14259	5.12485
-0.685115	0.64252	5.14423	5.12715
-0.6907	0.642848	5.14489	5.12879
-0.685115	0.644491	5.14489	5.1278
-0.6907	0.646134	5.14423	5.12748
-0.699899	0.647448	5.14423	5.12748
-0.705156	0.646791	5.14127	5.12748
-0.711727	0.645805	5.13996	5.12846
-0.715341	0.646134	5.14127	5.12813
-0.717969	0.642848	5.14489	5.12649
-0.725525	0.642191	5.14522	5.12715
-0.725197	0.640549	5.14423	5.12682
-0.729468	0.636277	5.14522	5.12715
-0.737024	0.63562	5.14423	5.12682
-0.743924	0.634306	5.14292	5.12748
-0.749837	0.636935	5.14325	5.1278
-0.756737	0.636277	5.14522	5.1278
-0.761008	0.636606	5.14752	5.12682
-0.757722	0.639234	5.14785	5.1255
-0.75378	0.634306	5.14587	5.1255
-0.75378	0.630692	5.14259	5.1255
-0.767907	0.627078	5.14226	5.1255
-0.766593	0.62675	5.14325	5.12518
-0.760022	0.628392	5.14653	5.12452
-0.757722	0.626093	5.14752	5.12386
-0.757722	0.62905	5.14719	5.12386
-0.759365	0.621165	5.1462	5.12419
-0.753451	0.615251	5.14357	5.12682
-0.75608	0.614265	5.14193	5.12748
-0.75378	0.615908	5.14259	5.1255
-0.755423	0.617551	5.14489	5.12419
-0.755094	0.619193	5.14522	5.12419
-0.74918	0.620508	5.14489	5.12419
-0.749509	0.627407	5.14357	5.12452
-0.751809	0.628721	5.1416	5.12583
-0.748195	0.62445	5.14127	5.12846
-0.747538	0.620508	5.14259	5.12813
-0.753123	0.621165	5.14522	5.12649
-0.746223	0.623136	5.14555	5.12419
-0.754108	0.618536	5.1439	5.12452
-0.749837	0.621165	5.14127	5.12518
-0.748195	0.612623	5.14029	5.12518
-0.74261	0.610323	5.1416	5.12419
-0.748523	0.609009	5.14423	5.12485
-0.744252	0.612623	5.1462	5.12649
-0.739981	0.612951	5.1462	5.12616
-0.74031	0.612623	5.14357	5.12518
-0.728811	0.609337	5.14095	5.12616
-0.730125	0.60638	5.14062	5.12813
-0.725197	0.608023	5.14127	5.12912
-0.724868	0.609994	5.14259	5.12846
-0.725525	0.61098	5.14456	5.12715
-0.731111	0.606052	5.1462	5.12583
-0.730125	0.606709	5.1462	5.12649
-0.716326	0.608023	5.14587	5.12649
-0.71764	0.608351	5.1439	5.12616
-0.722569	0.60868	5.1416	5.12616
-0.725854	0.605066	5.14325	5.12616
-0.728154	0.609337	5.14522	5.12485
-0.729468	0.603423	5.14555	5.12386
-0.734396	0.594224	5.14489	5.12419
-0.729139	0.595538	5.14456	5.1232
-0.730125	0.595538	5.14292	5.12255
-0.739653	0.594881	5.14193	5.12518
-0.745895	0.59521	5.14357	5.12583
-0.754108	0.594553	5.14522	5.12616
-0.757722	0.591596	5.14456	5.12616
-0.757065	0.59291	5.14292	5.12649
-0.760022	0.594553	5.14325	5.12813
-0.756408	0.598495	5.14193	5.12846
-0.753451	0.602766	5.1416	5.12715
-0.755423	0.599481	5.1416	5.12583
-0.761665	0.596853	5.14226	5.12419
-0.755751	0.603752	5.14259	5.12386
-0.758708	0.605395	5.1416	5.12583
-0.765607	0.600795	5.14062	5.12715
-0.765279	0.609009	5.14292	5.1278
-0.767907	0.607366	5.14555	5.12715
-0.762979	0.61098	5.1462	5.12715
-0.76495	0.608351	5.1439	5.12616
-0.767907	0.61098	5.14259	5.12518
-0.769221	0.61098	5.14193	5.12583
-0.765936	0.614265	5.14193	5.12682
-0.765936	0.610651	5.14325	5.12419
-0.762322	0.611965	5.14456	5.12288
-0.762979	0.616894	5.1462	5.12288
-0.762322	0.61098	5.14555	5.12419
-0.756737	0.61985	5.14522	5.1232
-0.749837	0.625436	5.14522	5.12386
-0.750495	0.628392	5.14555	5.1255
-0.751152	0.621822	5.14357	5.12518
-0.744581	0.623464	5.14423	5.12419
-0.738996	0.626093	5.14456	5.12518
-0.736367	0.631349	5.1462	5.12419
-0.726182	0.634306	5.14719	5.12452
-0.725525	0.634963	5.14686	5.12649
-0.729468	0.632335	5.14587	5.12616
-0.725197	0.633321	5.14456	5.12649
-0.727825	0.629707	5.14423	5.12649
-0.726511	0.624779	5.14357	5.12715
-0.722569	0.629707	5.1439	5.12748
-0.713369	0.633321	5.14489	5.12682
-0.708441	0.630035	5.14489	5.12485
-0.712055	0.633649	5.1439	5.12485
-0.708113	0.632664	5.14226	5.12518
-0.706799	0.63792	5.1416	5.1232
-0.700228	0.639234	5.14259	5.12452
-0.699571	0.640877	5.14292	5.12682
-0.692671	0.644162	5.14226	5.12649
-0.693985	0.645148	5.14226	5.1255
-0.700556	0.648434	5.14259	5.12682
-0.700885	0.645477	5.1439	5.1278
-0.700885	0.647119	5.14456	5.12846
-0.700885	0.649091	5.14587	5.12748
-0.691029	0.652705	5.1462	5.12682
-0.691029	0.653362	5.14555	5.12616
-0.6953	0.65829	5.1439	5.1255
-0.70187	0.654347	5.14357	5.12583
-0.704827	0.649091	5.14357	5.12649
-0.709427	0.643505	5.14423	5.12682
-0.719283	0.633649	5.14522	5.12649
-0.71994	0.634635	5.14587	5.12452
-0.72684	0.639234	5.1462	5.1232
-0.730454	0.638249	5.14423	5.12419
-0.732753	0.62905	5.14325	5.1255
-0.734067	0.628392	5.14325	5.12813
-0.738339	0.628721	5.1439	5.12879
-0.745566	0.629707	5.14489	5.12748
-0.752794	0.628064	5.14522	5.12518
-0.757722	0.624121	5.14489	5.12353
-0.75148	0.625764	5.1439	5.1232
-0.758708	0.619193	5.14456	5.12123
-0.761008	0.622807	5.1439	5.1209
-0.754766	0.617879	5.14292	5.12386
-0.755423	0.616565	5.14357	5.12616
-0.757065	0.623793	5.14522	5.1278
-0.760679	0.628721	5.1462	5.1278
-0.760351	0.628721	5.14555	5.12583
-0.757722	0.628392	5.1462	5.12452
-0.761008	0.625764	5.14456	5.12288
-0.762651	0.630692	5.14292	5.12255
-0.765607	0.629378	5.14292	5.12419
-0.762979	0.633978	5.14423	5.12583
-0.758051	0.636606	5.14423	5.1255
-0.755751	0.629707	5.14456	5.12682
-0.750495	0.625764	5.14423	5.12813
-0.747866	0.629707	5.1439	5.12879
-0.751152	0.623793	5.14522	5.1278
-0.754766	0.627735	5.14555	5.12682
-0.755094	0.626093	5.14456	5.12616
-0.755751	0.623464	5.14357	5.1255
-0.75378	0.624121	5.14325	5.12616
-0.75148	0.623793	5.14423	5.12485
-0.74261	0.626093	5.14489	5.12485
-0.738339	0.632992	5.14653	5.12419
-0.736696	0.628721	5.14653	5.1255
-0.724211	0.631021	5.14423	5.12846
-0.71994	0.633978	5.1439	5.12879
-0.710741	0.636935	5.1439	5.12879
-0.712055	0.643834	5.14325	5.12846
-0.712055	0.64252	5.1439	5.12649
-0.711727	0.647119	5.14489	5.12616
-0.705484	0.655004	5.14423	5.12583
-0.699571	0.662889	5.14259	5.12452
-0.694643	0.671103	5.1416	5.12386
-0.693985	0.678659	5.14325	5.12353
-0.693328	0.683587	5.14423	5.12452
-0.697599	0.686544	5.1439	5.12419
-0.6884	0.691472	5.14489	5.12419
-0.691357	0.690815	5.14456	5.12452
-0.693657	0.688844	5.14423	5.1255
-0.692343	0.69213	5.14292	5.12583
-0.690372	0.689173	5.1439	5.12485
-0.699899	0.688187	5.14555	5.12386
-0.701213	0.677345	5.14423	5.12353
-0.698585	0.68523	5.14555	5.1232
-0.699571	0.690158	5.1462	5.12353
-0.698914	0.684245	5.14522	5.12616
-0.704499	0.678002	5.14423	5.12813
-0.711727	0.673074	5.14357	5.1278
-0.710741	0.674717	5.14292	5.12715
-0.716326	0.673731	5.14226	5.1255
-0.72224	0.67176	5.14292	5.12485
-0.730782	0.67176	5.14357	5.12616
-0.732096	0.668475	5.14226	5.12879
-0.740967	0.664861	5.14193	5.1278
-0.750166	0.665189	5.14259	5.12715
-0.750166	0.662232	5.14259	5.12649
-0.751152	0.659932	5.14325	5.12715
-0.757722	0.658618	5.14456	5.12649
-0.766922	0.657961	5.14357	5.12616
-0.773164	0.657961	5.14292	5.12616
-0.773492	0.66059	5.14325	5.12649
-0.774807	0.662232	5.1462	5.12583
-0.776778	0.663875	5.14686	5.12682
-0.770864	0.65599	5.14653	5.12748
-0.773164	0.652376	5.14423	5.12748
-0.775464	0.648434	5.14259	5.12682
-0.777106	0.643505	5.14292	5.12583
-0.777435	0.636935	5.1439	5.1255
-0.783349	0.633649	5.1439	5.12583
-0.782363	0.63562	5.1439	5.12616
-0.779078	0.630035	5.1439	5.12715
-0.784663	0.631021	5.14292	5.12748
-0.78762	0.628721	5.14456	5.12682
-0.781706	0.631349	5.14489	5.12649
-0.784991	0.632664	5.14522	5.1278
-0.789591	0.632664	5.14522	5.12813
-0.786634	0.627407	5.14456	5.12616
-0.787291	0.627735	5.14193	5.12518
-0.787948	0.630692	5.1393	5.12649
-0.785648	0.625436	5.13963	5.12813
-0.784991	0.624779	5.14292	5.12813
-0.782692	0.623464	5.14719	5.1278
-0.782034	0.623136	5.14817	5.12583
-0.780063	0.619522	5.14653	5.12485
-0.780392	0.613937	5.14423	5.1255
-0.782034	0.614594	5.14456	5.12682
-0.784334	0.616894	5.14456	5.12682
-0.784663	0.618536	5.14193	5.12452
-0.788277	0.614922	5.14292	5.12288
-0.78532	0.617879	5.14423	5.12353
-0.783677	0.622479	5.14555	5.12485
-0.782034	0.620508	5.14522	5.12715
-0.782034	0.616236	5.14259	5.12879
-0.784334	0.616894	5.14193	5.1278
-0.784991	0.615579	5.14325	5.12846
-0.789919	0.611965	5.14489	5.1278
-0.790248	0.61098	5.14587	5.12583
-0.789262	0.609994	5.14456	5.12288
-0.795833	0.607694	5.14423	5.12189
-0.795833	0.607366	5.14423	5.12419
-0.791234	0.606052	5.14193	5.12715
-0.794848	0.602438	5.14127	5.12813
-0.796819	0.598167	5.14292	5.12846
-0.795505	0.599809	5.14489	5.12813
-0.795505	0.602766	5.14423	5.12748
-0.799447	0.603752	5.14259	5.12715
-0.80109	0.602438	5.14193	5.12813
-0.801747	0.598167	5.1439	5.12748
-0.807661	0.597181	5.14522	5.12616
-0.811603	0.597181	5.14555	5.1255
-0.807661	0.600795	5.14489	5.1255
-0.800761	0.61328	5.14423	5.12485
-0.802733	0.616236	5.14259	5.12682
-0.805689	0.619193	5.14259	5.12715
-0.800761	0.617879	5.14259	5.12715
-0.799447	0.620179	5.14127	5.1278
-0.806346	0.614594	5.14127	5.12879
-0.805689	0.611637	5.14357	5.12682
-0.804047	0.611965	5.14522	5.12583
-0.803718	0.614265	5.14423	5.12485
-0.799447	0.616565	5.14357	5.1255
-0.801418	0.610651	5.1439	5.12748
-0.793533	0.614922	5.14522	5.12813
-0.794519	0.614594	5.14489	5.12419
-0.796162	0.613608	5.1439	5.12288
-0.794519	0.620508	5.14357	5.12386
-0.79879	0.615579	5.14325	5.12616
-0.795505	0.607694	5.14095	5.1278
-0.792219	0.615251	5.13963	5.1278
-0.786634	0.614594	5.13996	5.12715
-0.789591	0.611637	5.14226	5.12813
-0.78532	0.60868	5.14489	5.12977
-0.781706	0.609666	5.1462	5.13043
-0.778749	0.612951	5.14456	5.13142
-0.772835	0.62215	5.1416	5.12879
-0.781377	0.620508	5.14226	5.12748
-0.774149	0.627078	5.14555	5.12583
-0.767579	0.62905	5.14949	5.12452
-0.762322	0.637592	5.14982	5.12485
-0.760679	0.636277	5.1485	5.12583
-0.75378	0.638249	5.1462	5.12616
-0.745895	0.636935	5.14357	5.12682
-0.737024	0.634306	5.14193	5.1278
-0.738667	0.631349	5.14226	5.12715
-0.738667	0.62905	5.14325	5.12682
-0.736696	0.633321	5.1439	5.12715
-0.732425	0.639563	5.14259	5.12748
-0.73571	0.638577	5.14193	5.12813
-0.737681	0.64022	5.1416	5.12715
-0.735053	0.641863	5.1439	5.12682
-0.731439	0.645805	5.14785	5.12649
-0.73801	0.650076	5.14719	5.12518
-0.745238	0.646462	5.14423	5.12583
-0.748195	0.645148	5.14226	5.12682
-0.750823	0.645805	5.14193	5.1278
-0.75148	0.647776	5.1416	5.12912
-0.760022	0.646791	5.14226	5.12977
-0.761665	0.646791	5.1416	5.12846
-0.76725	0.64482	5.14095	5.1255
-0.76955	0.64482	5.1416	5.12452
-0.775135	0.638906	5.14193	5.1232
-0.772178	0.635292	5.14325	5.12452
-0.777106	0.636935	5.14325	5.1278
-0.782034	0.63792	5.1439	5.12813
-0.788934	0.633321	5.1439	5.12682
-0.789919	0.635292	5.1439	5.12518
-0.793533	0.632664	5.14292	5.12452
-0.792548	0.633321	5.1439	5.12452
-0.793862	0.626093	5.14423	5.12616
-0.791234	0.62215	5.14325	5.12518
-0.788277	0.621493	5.1439	5.12419
-0.788277	0.618208	5.14325	5.12353
-0.781706	0.617879	5.14292	5.12419
-0.787291	0.614265	5.14259	5.12583
-0.787291	0.616565	5.14226	5.1278
-0.793533	0.615579	5.14259	5.12813
-0.796162	0.612294	5.14292	5.12682
-0.797476	0.608351	5.14456	5.12518
-0.802075	0.602438	5.14456	5.12419
-0.805689	0.604409	5.14259	5.12452
-0.810618	0.599481	5.14193	5.12616
-0.81456	0.591924	5.14259	5.12715
-0.815217	0.585025	5.14489	5.12813
-0.815546	0.58174	5.14653	5.12748
-0.818174	0.578126	5.1485	5.12518
-0.823759	0.577797	5.14719	5.12353
-0.820474	0.57944	5.14456	5.12255
-0.824745	0.576154	5.14325	5.12288
-0.825402	0.571555	5.14259	5.12583
-0.824088	0.568927	5.14226	5.12682
-0.821459	0.571555	5.14226	5.12682
-0.817188	0.569912	5.14292	5.12583
-0.812589	0.566627	5.14292	5.12452
-0.810289	0.560056	5.14226	5.12288
-0.815217	0.554471	5.14029	5.12353
-0.815874	0.549543	5.14095	5.12386
-0.815546	0.551842	5.14423	5.12386
-0.814231	0.5502	5.14522	5.12518
-0.810946	0.544943	5.14456	5.12452
-0.808318	0.547571	5.14357	5.12518
-0.803718	0.5502	5.14325	5.12419
-0.804047	0.5502	5.14226	5.12485
-0.805689	0.554471	5.1416	5.12682
-0.801747	0.560384	5.14423	5.12879
-0.809632	0.560056	5.14423	5.12813
-0.80339	0.56367	5.14325	5.12583
-0.800104	0.570569	5.14259	5.12518
-0.801418	0.576154	5.14456	5.12583
-0.797147	0.574183	5.14423	5.12715
-0.797804	0.578454	5.14325	5.1278
-0.803718	0.565641	5.14423	5.12846
-0.802733	0.568269	5.14489	5.1278
-0.799119	0.57484	5.14456	5.12649
-0.80109	0.575169	5.1439	5.12518
-0.800761	0.572869	5.14325	5.12485
-0.798133	0.579768	5.14489	5.12485
-0.800761	0.576812	5.1462	5.1255
-0.802733	0.584696	5.14653	5.12682
-0.808318	0.586339	5.14522	5.12649
-0.802404	0.593896	5.14555	5.12353
-0.797476	0.596195	5.14456	5.12353
-0.795505	0.603423	5.14259	5.12419
-0.791562	0.603752	5.13996	5.12518
-0.791562	0.603423	5.13963	5.12813
-0.799776	0.597838	5.14226	5.12977
-0.800104	0.59521	5.14456	5.1278
-0.799447	0.596195	5.14489	5.12583
-0.799776	0.595867	5.14423	5.1255
-0.798133	0.596195	5.14423	5.1255
-0.803718	0.595538	5.14325	5.12682
-0.802075	0.593239	5.14259	5.1278
-0.798461	0.591267	5.14292	5.12846
-0.796162	0.601124	5.14522	5.12813
-0.790248	0.604738	5.14522	5.12748
-0.78532	0.604738	5.14193	5.12649
-0.782034	0.605066	5.14062	5.12649
-0.782034	0.60408	5.14226	5.12682
-0.779406	0.600795	5.14325	5.12518
-0.771521	0.603423	5.14193	5.12485
-0.770207	0.60638	5.14127	5.12485
-0.76725	0.610651	5.14259	5.1255
-0.768564	0.613608	5.14292	5.12682
-0.760679	0.615251	5.14259	5.12748
-0.760679	0.613608	5.14292	5.1255
-0.760351	0.613608	5.14325	5.12288
-0.756408	0.609994	5.14292	5.12123
-0.75838	0.615908	5.14193	5.12353
-0.758051	0.609337	5.14193	5.12682
-0.764293	0.616565	5.14226	5.12649
-0.763636	0.619193	5.14259	5.12616
-0.765936	0.615908	5.14292	5.12748
-0.765936	0.614594	5.14522	5.12682
-0.765279	0.611637	5.14489	5.12485
-0.76495	0.61985	5.14292	5.12255
-0.765607	0.617551	5.14062	5.12288
-0.755423	0.61985	5.14193	5.12485
-0.750823	0.626093	5.14423	5.12452
-0.743267	0.630364	5.14555	5.12485
-0.738667	0.632664	5.14456	5.12649
-0.73571	0.636277	5.14193	5.12748
-0.739653	0.642191	5.14127	5.12748
-0.74261	0.63792	5.1416	5.1278
-0.744252	0.632664	5.14357	5.12813
-0.738667	0.634306	5.14489	5.12715
-0.732425	0.634963	5.14587	5.12813
-0.737353	0.636277	5.14522	5.1278
-0.736696	0.632006	5.14522	5.12715
-0.733082	0.628392	5.14423	5.12649
-0.725525	0.625436	5.14325	5.12616
-0.726182	0.626421	5.14292	5.12583
-0.730125	0.630035	5.1416	5.12715
-0.735053	0.629378	5.14127	5.12846
-0.737353	0.632664	5.14193	5.12879
-0.738667	0.634635	5.14555	5.12715
-0.737353	0.624121	5.14653	5.12583
-0.736039	0.629707	5.14587	5.12518
-0.734725	0.62905	5.1439	5.12649
-0.731111	0.626093	5.14292	5.12846
-0.730454	0.62445	5.14259	5.12912
-0.728154	0.623464	5.14226	5.1278
-0.721583	0.622807	5.14325	5.12748
-0.722897	0.628721	5.14456	5.12682
-0.718626	0.631021	5.14489	5.12715
-0.724868	0.633321	5.14226	5.12583
-0.729468	0.636606	5.14062	5.12616
-0.732425	0.637263	5.14029	5.12682
-0.739324	0.632992	5.1416	5.12616
-0.729796	0.638249	5.1439	5.12583
-0.72684	0.64252	5.14423	5.12748
-0.729468	0.643177	5.1439	5.12813
-0.730125	0.643177	5.1439	5.12813
-0.729796	0.64482	5.14259	5.12715
-0.732425	0.647119	5.14226	5.12583
-0.729139	0.644491	5.14292	5.12518
-0.725197	0.652705	5.14259	5.12616
-0.72684	0.649091	5.14423	5.12583
-0.727825	0.645148	5.14555	5.12715
-0.727497	0.647776	5.14587	5.12977
-0.72454	0.647448	5.14587	5.12912
-0.731111	0.640549	5.1462	5.12813
-0.731439	0.638577	5.14555	5.12649
-0.727168	0.641534	5.14587	5.12485
-0.72454	0.644491	5.14587	5.1232
-0.722897	0.650405	5.14325	5.12288
-0.723883	0.641863	5.14226	5.1232
-0.727825	0.642191	5.14226	5.12485
-0.729139	0.639563	5.14292	5.12583
-0.725854	0.642848	5.14489	5.12452
-0.727168	0.648434	5.14259	5.12452
-0.720597	0.653033	5.14029	5.12419
-0.720926	0.65599	5.1416	5.12518
-0.729139	0.652705	5.1439	5.12616
-0.726182	0.647119	5.1439	5.12748
-0.722569	0.650076	5.14423	5.12813
-0.720926	0.652376	5.14456	5.12748
-0.717969	0.653033	5.14522	5.1278
-0.716655	0.655004	5.14489	5.1278
-0.72684	0.652047	5.14325	5.12748
-0.731111	0.652376	5.14127	5.12682
-0.728482	0.659604	5.14259	5.1255
-0.727168	0.659932	5.14357	5.12518
-0.727825	0.660918	5.14456	5.12353
-0.728154	0.661575	5.14325	5.12419
-0.730782	0.658947	5.1416	5.12715
-0.732753	0.655333	5.14193	5.12846
-0.731439	0.650076	5.14357	5.1278
-0.731111	0.650076	5.14489	5.12748
-0.732425	0.649419	5.14522	5.12813
-0.729468	0.647119	5.14489	5.12813
-0.732096	0.641534	5.14555	5.12682
-0.736367	0.641863	5.14423	5.12616
-0.73341	0.64252	5.14357	5.12583
-0.731439	0.640877	5.14325	5.12649
-0.730125	0.645805	5.1439	5.12518
-0.731111	0.642191	5.14357	5.12419
-0.728811	0.639891	5.1439	5.12255
-0.729468	0.640549	5.1439	5.12025
-0.728811	0.64252	5.14259	5.1209
-0.730125	0.639234	5.14127	5.12288
-0.730782	0.638906	5.14127	5.12452
-0.730454	0.630035	5.14259	5.12518
-0.725197	0.625107	5.14357	5.12518
-0.728811	0.61985	5.14522	5.1255
-0.732096	0.618865	5.14653	5.12649
-0.735382	0.621165	5.14686	5.12715
-0.742281	0.620836	5.14555	5.12649
-0.743267	0.61985	5.14555	5.1255
-0.748852	0.611965	5.14423	5.12452
-0.745895	0.607694	5.1439	5.12255
-0.74918	0.60638	5.14325	5.12353
-0.749509	0.605723	5.14226	5.12616
-0.754437	0.603752	5.14292	5.1278
-0.753451	0.599809	5.14325	5.1278
-0.757065	0.593239	5.14456	5.12748
-0.762651	0.593239	5.14522	5.12616
-0.763308	0.593239	5.14489	5.12485
-0.766264	0.588639	5.1462	5.12518
-0.768564	0.584368	5.14489	5.12813
-0.769221	0.580097	5.14325	5.13109
-0.768893	0.583711	5.14325	5.12977
-0.768236	0.582397	5.14522	5.12715
-0.771193	0.582068	5.14587	5.12518
-0.767579	0.583711	5.14522	5.12485
-0.772507	0.582068	5.14357	5.12518
-0.780063	0.577797	5.14325	5.12518
-0.778092	0.578783	5.14456	5.12649
-0.778092	0.57944	5.14489	5.12649
-0.778749	0.581083	5.14489	5.12649
-0.777435	0.579768	5.14555	5.12583
-0.778749	0.580097	5.14653	5.12649
-0.776121	0.57944	5.14555	5.12616
-0.776778	0.578783	5.14456	5.12583
-0.779078	0.574512	5.14522	5.12518
-0.779406	0.568927	5.1462	5.12583
-0.784334	0.562027	5.14555	5.12813
-0.786305	0.559727	5.14587	5.12945
-0.78302	0.560056	5.14587	5.1278
-0.786634	0.565313	5.14489	5.12649
-0.789262	0.564984	5.14522	5.12649
-0.788605	0.562027	5.14522	5.12583
-0.789262	0.564984	5.14686	5.12682
-0.785648	0.567284	5.14653	5.12813
-0.783677	0.569912	5.1462	5.12912
-0.78302	0.57484	5.14653	5.12846
-0.790248	0.569584	5.14522	5.12879
-0.790248	0.570898	5.14357	5.12846
-0.792548	0.57254	5.14193	5.12813
-0.795505	0.570241	5.14193	5.12977
-0.793862	0.572212	5.14456	5.12846
-0.791891	0.571226	5.14817	5.1255
-0.789591	0.565313	5.14916	5.12353
-0.797147	0.562356	5.14587	5.12419
-0.794519	0.566955	5.14456	5.1255
-0.792219	0.568927	5.14423	5.1278
-0.797476	0.564655	5.14456	5.12682
-0.795833	0.562027	5.14555	5.12682
-0.796162	0.560384	5.14357	5.12649
-0.803061	0.560713	5.14062	5.12616
-0.798133	0.563341	5.13865	5.12682
-0.797804	0.563341	5.13865	5.12682
-0.800761	0.560056	5.14062	5.12715
-0.800104	0.567284	5.14423	5.12682
-0.797804	0.567612	5.14719	5.12846
-0.79649	0.564655	5.14752	5.12715
-0.793533	0.572212	5.14587	5.1255
-0.793533	0.574512	5.1439	5.12583
-0.791234	0.569255	5.14259	5.12846
-0.791234	0.569912	5.1416	5.12912
-0.791562	0.57254	5.14292	5.12879
-0.790577	0.572869	5.1439	5.12715
-0.791234	0.572869	5.14423	5.12616
-0.792219	0.574183	5.14522	5.1278
-0.791234	0.576483	5.1439	5.12846
-0.792876	0.580097	5.1439	5.1278
-0.791891	0.579111	5.14456	5.12616
-0.787948	0.576812	5.1439	5.12485
-0.784663	0.578126	5.14259	5.12419
-0.784991	0.575826	5.13996	5.12452
-0.785648	0.572212	5.13865	5.12485
-0.790248	0.568927	5.1393	5.12682
-0.785648	0.574512	5.13996	5.12846
-0.783677	0.566298	5.13996	5.12748
-0.781706	0.566298	5.14127	5.12583
-0.788934	0.563013	5.14357	5.1255
-0.793205	0.563341	5.14423	5.1255
-0.791234	0.560384	5.14423	5.12748
-0.795176	0.560384	5.1439	5.1278
-0.79879	0.562356	5.1439	5.12518
-0.799119	0.556442	5.1439	5.1232
-0.795505	0.559727	5.14522	5.12255
-0.794848	0.560384	5.14555	5.1232
-0.788605	0.560056	5.1439	5.12485
-0.789591	0.559727	5.1416	5.12682
-0.788934	0.559727	5.14095	5.12682
-0.791891	0.560384	5.14259	5.1255
-0.783349	0.559727	5.14522	5.12419
-0.782034	0.565313	5.14522	5.12288
-0.778749	0.566955	5.14357	5.12222
-0.773821	0.571883	5.14193	5.12255
-0.766593	0.571883	5.13897	5.12386
-0.769221	0.57254	5.1393	5.12485
-0.763308	0.575169	5.14095	5.12518
-0.75378	0.580097	5.14259	5.12583
-0.752794	0.584368	5.14423	5.12616
-0.752137	0.59521	5.14555	5.12583
-0.748852	0.595867	5.14653	5.12452
-0.747538	0.603095	5.14489	5.12485
-0.754108	0.596524	5.14193	5.12649
-0.758051	0.601124	5.1416	5.12813
-0.752466	0.60408	5.14292	5.12715
-0.751809	0.600795	5.14357	5.12616
-0.751152	0.601781	5.1439	5.1232
-0.742938	0.605395	5.14292	5.1232
-0.745566	0.606052	5.14095	5.12419
-0.751152	0.607037	5.13963	5.12518
-0.745238	0.609337	5.1416	5.12583
-0.753123	0.609009	5.14357	5.1255
-0.757722	0.607694	5.14423	5.12419
-0.754108	0.612623	5.14423	5.12518
-0.759037	0.607694	5.1439	5.12715
-0.750166	0.608023	5.14423	5.12748
-0.73801	0.608351	5.14456	5.12846
-0.734067	0.605066	5.14489	5.12715
-0.730782	0.61328	5.14587	5.12452
-0.732096	0.615251	5.14587	5.12156
-0.730125	0.612623	5.14686	5.11992
-0.729139	0.616236	5.14587	5.12058
-0.722897	0.615908	5.14456	5.12189
-0.723883	0.613608	5.14456	5.12419
-0.721911	0.614265	5.1439	5.12583
-0.722897	0.612294	5.1439	5.12518
-0.725197	0.611637	5.14555	5.12518
-0.733082	0.609994	5.14522	5.12485
-0.735053	0.607366	5.14423	5.12583
-0.733082	0.611965	5.14456	5.12682
-0.734725	0.615251	5.14653	5.12682
-0.741295	0.616565	5.14817	5.1278
-0.743595	0.621165	5.14719	5.12649
-0.752794	0.613608	5.14522	5.12715
-0.760679	0.616894	5.14226	5.12846
-0.762979	0.617222	5.14127	5.12879
-0.761993	0.621822	5.13996	5.1278
-0.761993	0.622479	5.13996	5.12649
-0.765607	0.62445	5.14226	5.12485
-0.76955	0.62215	5.14292	5.12485
-0.76955	0.620179	5.13996	5.12353
-0.779078	0.615908	5.1393	5.1232
-0.774807	0.617222	5.13963	5.12353
-0.77185	0.623793	5.1416	5.12419
-0.770864	0.62215	5.14423	5.12419
-0.765607	0.625764	5.14522	5.12518
-0.761336	0.62905	5.1462	5.12616
-0.757722	0.623793	5.14686	5.12682
-0.753451	0.62215	5.14555	5.1278
-0.748523	0.621493	5.14357	5.12748
-0.745238	0.621165	5.14259	5.12682
-0.747538	0.625436	5.14325	5.12616
-0.746552	0.62675	5.14357	5.12583
-0.739324	0.626093	5.14522	5.12682
-0.737353	0.629707	5.14653	5.12748
-0.732096	0.629707	5.14719	5.12616
-0.73571	0.627407	5.14785	5.12485
-0.729139	0.632006	5.14653	5.12649
-0.724211	0.636935	5.14423	5.12649
-0.714684	0.640877	5.14325	5.12583
-0.708113	0.639234	5.14325	5.12419
-0.699899	0.637592	5.14226	5.12189
-0.70417	0.631021	5.14292	5.12156
-0.696614	0.63792	5.14193	5.12353
-0.696614	0.635292	5.14259	5.12386
-0.703185	0.634635	5.14325	5.12386
-0.698585	0.633649	5.14357	5.12452
-0.697599	0.628392	5.14325	5.12452
-0.693985	0.630364	5.14259	5.12518
-0.694971	0.627078	5.14325	5.12813
-0.693	0.628392	5.14423	5.1278
-0.692343	0.633321	5.14456	5.12748
-0.693985	0.633978	5.14423	5.12583
-0.705156	0.631678	5.14325	5.12353
-0.706799	0.624779	5.14226	5.12353
-0.712055	0.625764	5.14193	5.12386
-0.710413	0.624121	5.14292	5.1255
-0.714355	0.621822	5.14292	5.12682
-0.713698	0.623136	5.14259	5.12682
-0.714355	0.623793	5.14423	5.1255
-0.714026	0.62445	5.14522	5.12485
-0.715669	0.62675	5.14555	5.12485
-0.71107	0.628721	5.14555	5.1255
-0.718298	0.629378	5.14357	5.12649
-0.725197	0.622807	5.14193	5.12748
-0.728154	0.628064	5.14127	5.12846
-0.718626	0.631349	5.14292	5.12748
-0.72684	0.625107	5.14357	5.12649
-0.732753	0.620836	5.14357	5.12583
-0.733082	0.620179	5.14357	5.12682
-0.739324	0.625436	5.14325	5.12583
-0.745238	0.622479	5.14127	5.12682
-0.753123	0.616894	5.14062	5.12879
-0.752466	0.616236	5.14292	5.1278
-0.750495	0.611965	5.14522	5.12518
-0.752466	0.613608	5.14522	5.12419
-0.760022	0.612951	5.14357	5.12583
-0.760679	0.60868	5.14226	5.12715
-0.761993	0.604409	5.14292	5.12912
-0.769221	0.599481	5.14489	5.12682
-0.773821	0.59521	5.14555	5.12518
-0.775792	0.593567	5.14587	5.1232
-0.779735	0.59521	5.14522	5.12255
-0.784991	0.59291	5.14522	5.12452
-0.78532	0.590282	5.14456	5.12715
-0.790577	0.580097	5.14423	5.12846
-0.790577	0.577797	5.14489	5.12715
-0.785977	0.574512	5.14653	5.12419
-0.778749	0.578454	5.14555	5.1232
-0.77185	0.583382	5.14357	5.12419
-0.762651	0.582068	5.14226	5.12682
-0.753123	0.583382	5.14456	5.12813
-0.747538	0.59061	5.14555	5.12813
-0.748523	0.585682	5.14522	5.12715
-0.754437	0.588639	5.1439	5.12583
-0.748852	0.590939	5.14357	5.12616
-0.746223	0.585025	5.14489	5.1278
-0.744909	0.586011	5.14686	5.1301
-0.74031	0.584039	5.14719	5.12879
-0.737024	0.583382	5.1462	5.12682
-0.739653	0.585025	5.14489	5.12583
-0.741295	0.589953	5.14292	5.1255
-0.736039	0.595538	5.14423	5.12452
-0.735382	0.593567	5.14522	5.1255
-0.732753	0.596195	5.14522	5.12748
-0.725854	0.596524	5.1439	5.12715
-0.72454	0.593239	5.14325	5.12649
-0.729796	0.592581	5.14423	5.12748
-0.726182	0.596524	5.14752	5.12748
-0.725197	0.60408	5.14719	5.12813
-0.731439	0.602109	5.14587	5.1278
-0.736696	0.596195	5.14719	5.12715
-0.73801	0.598824	5.14752	5.12813
-0.733082	0.60408	5.14719	5.12748
-0.73801	0.607037	5.14522	5.12649
-0.74918	0.60408	5.14489	5.12583
-0.751809	0.60408	5.14555	5.12452
-0.760022	0.596195	5.14587	5.12288
-0.764293	0.589625	5.14522	5.12419
-0.772835	0.583054	5.1462	5.12485
-0.777763	0.578783	5.14587	5.1232
-0.776121	0.578454	5.14456	5.12288
-0.778749	0.580754	5.14653	5.12386
-0.775792	0.58174	5.14587	5.1255
-0.773492	0.579111	5.14489	5.12715
-0.774478	0.58831	5.1439	5.12846
-0.777435	0.581411	5.14522	5.12813
-0.778421	0.584368	5.14522	5.12748
-0.778749	0.57944	5.14423	5.12813
-0.771193	0.575826	5.14325	5.12912
-0.776778	0.571555	5.14193	5.12977
-0.78072	0.564655	5.14127	5.12912
-0.788934	0.557428	5.1416	5.12649
-0.789591	0.564327	5.14259	5.12452
-0.792219	0.561699	5.14193	5.12452
-0.790577	0.563013	5.14095	5.1255
-0.784334	0.568598	5.14062	5.12748
-0.784006	0.566955	5.14226	5.12682
-0.790577	0.569255	5.14226	5.12616
-0.785977	0.570569	5.1416	5.12682
-0.784006	0.575169	5.14259	5.12649
-0.781706	0.574512	5.14423	5.12616
-0.785648	0.580754	5.14587	5.12649
-0.780392	0.579768	5.14456	5.12583
-0.780392	0.584039	5.14325	5.12485
-0.782034	0.579111	5.14193	5.12485
-0.780392	0.577469	5.14226	5.12649
-0.779406	0.572869	5.14423	5.1278
-0.778749	0.575169	5.14522	5.12813
-0.770864	0.57254	5.14423	5.12649
-0.772178	0.565313	5.1439	5.12189
-0.770207	0.564655	5.14325	5.12222
-0.763308	0.568598	5.14292	5.12518
-0.760351	0.580097	5.14325	5.12649
-0.760351	0.584696	5.1439	5.12616
-0.75608	0.589953	5.14292	5.1255
-0.75608	0.592581	5.1416	5.12715
-0.754766	0.593896	5.1393	5.12813
-0.746223	0.597181	5.13865	5.12715
-0.73341	0.603095	5.13996	5.12813
-0.726511	0.608023	5.1416	5.12748
-0.715669	0.60638	5.14259	5.12583
-0.718298	0.60408	5.1416	5.1232
-0.721254	0.61098	5.14127	5.12386
-0.722569	0.616565	5.14292	5.12353
-0.720269	0.60868	5.14325	5.12189
-0.726511	0.606709	5.14456	5.12353
-0.727825	0.609009	5.14423	5.12682
-0.731768	0.605066	5.14325	5.12945
-0.741624	0.601124	5.14259	5.12748
-0.744581	0.59521	5.14193	5.12583
-0.746552	0.595867	5.14325	5.12616
-0.745238	0.594881	5.14226	5.12583
-0.750495	0.590282	5.14127	5.12353
-0.757722	0.580754	5.14292	5.12288
-0.770207	0.575497	5.1439	5.12222
-0.776449	0.573198	5.14423	5.12386
-0.78072	0.573198	5.14522	5.1255
-0.785977	0.572869	5.14357	5.12452
-0.790248	0.564655	5.14095	5.12419
-0.792219	0.566298	5.13865	5.1278
-0.793533	0.563998	5.13996	5.12846
-0.794519	0.564655	5.14127	5.12682
-0.79649	0.564655	5.14259	5.12452
-0.799776	0.560713	5.14292	5.12452
-0.806018	0.555785	5.14259	5.12583
-0.80996	0.56137	5.14423	5.12649
-0.815874	0.559399	5.14555	5.12616
-0.823431	0.557756	5.14587	5.12583
-0.827373	0.558742	5.14752	5.12485
-0.831973	0.550528	5.14587	5.1255
-0.835915	0.545929	5.14193	5.12682
-0.842157	0.533773	5.13996	5.12846
-0.839529	0.530816	5.1416	5.12682
-0.840515	0.531473	5.14456	5.1255
-0.845114	0.529173	5.14587	5.12583
-0.849385	0.525559	5.14357	5.12682
-0.853328	0.520302	5.1416	5.12682
-0.85727	0.522274	5.14193	5.12715
-0.860556	0.519317	5.14325	5.12682
-0.862198	0.513074	5.14555	5.12616
-0.858256	0.514389	5.14587	5.12715
-0.863184	0.511103	5.14423	5.12583
-0.859899	0.508475	5.14325	5.12485
-0.855299	0.513074	5.14127	5.1255
-0.8507	0.515703	5.14127	5.12649
-0.840515	0.521288	5.14325	5.12813
-0.833615	0.527859	5.14522	5.12846
-0.829673	0.528516	5.14522	5.12748
-0.826059	0.52753	5.14456	5.12616
-0.820802	0.531801	5.14259	5.12715
-0.815874	0.534101	5.14292	5.12748
-0.80996	0.534758	5.14226	5.12748
-0.805032	0.534758	5.14127	5.12682
-0.806346	0.534101	5.14127	5.12518
-0.805032	0.543957	5.14259	5.12386
-0.808975	0.539686	5.14325	5.12452
-0.810618	0.538044	5.14292	5.12485
-0.810946	0.537715	5.14226	5.12715
-0.806018	0.536729	5.14127	5.12813
-0.806675	0.536072	5.14062	5.1255
-0.806675	0.53213	5.1416	5.1255
-0.804047	0.538044	5.14292	5.12616
-0.805689	0.542643	5.1439	5.12485
-0.805689	0.548228	5.14325	5.12485
-0.807661	0.543629	5.14193	5.12452
-0.807332	0.543629	5.13996	5.12452
-0.803061	0.556442	5.13996	5.12616
-0.802733	0.564984	5.14062	5.12748
-0.804704	0.567612	5.14292	5.12813
-0.812917	0.568598	5.14456	5.12682
-0.808646	0.575497	5.14522	5.12583
-0.808646	0.580425	5.1462	5.12452
-0.809632	0.582725	5.14489	5.12419
-0.806675	0.582068	5.14292	5.12518
-0.807332	0.578454	5.1439	5.1255
-0.804704	0.580425	5.1439	5.12583
-0.80339	0.580097	5.1439	5.12649
-0.79419	0.587653	5.14226	5.12748
-0.793205	0.586668	5.1416	5.12649
-0.798461	0.589953	5.14127	5.12649
-0.802075	0.586339	5.14095	5.12748
-0.810289	0.581083	5.14292	5.12813
-0.813246	0.580425	5.1439	5.12715
-0.812917	0.579111	5.14456	5.12682
-0.810946	0.57484	5.14522	5.12682
-0.808318	0.576154	5.14522	5.12682
-0.80996	0.574512	5.14555	5.1278
-0.811275	0.571883	5.14489	5.12879
-0.810289	0.57484	5.1439	5.12846
-0.804375	0.581411	5.14357	5.12616
-0.806018	0.584039	5.1462	5.12616
-0.811275	0.580097	5.14719	5.12649
-0.817845	0.578126	5.14555	5.12715
-0.815217	0.583054	5.14193	5.12682
-0.813574	0.588639	5.13996	5.12583
-0.813246	0.584696	5.1416	5.12452
-0.807332	0.590282	5.14193	5.12386
-0.807661	0.587982	5.14193	5.1255
-0.805361	0.591267	5.14292	5.12715
-0.80339	0.592581	5.14226	5.1278
-0.790905	0.597181	5.14029	5.12748
-0.791234	0.594881	5.14062	5.12616
-0.788934	0.593567	5.1439	5.1255
-0.784991	0.592253	5.14555	5.12583
-0.784991	0.587653	5.1462	5.12583
-0.780063	0.591267	5.14357	5.12452
-0.774149	0.585025	5.14095	5.12452
-0.770864	0.584696	5.14193	5.1255
-0.768564	0.584368	5.1439	5.12419
-0.763308	0.589953	5.14489	5.12353
-0.769221	0.59061	5.14357	5.1232
-0.774478	0.592581	5.14062	5.12288
-0.76955	0.592581	5.13996	5.12518
-0.769221	0.594224	5.14193	5.12649
-0.762979	0.597181	5.14292	5.12616
-0.764293	0.594224	5.1439	5.12616
-0.762979	0.59291	5.14522	5.12748
-0.76495	0.593239	5.14653	5.1278
-0.770536	0.589296	5.14653	5.12846
-0.770207	0.584696	5.14555	5.12715
-0.767579	0.592253	5.14456	5.1255
-0.770536	0.592581	5.14325	5.12386
-0.773821	0.585354	5.14325	5.12386
-0.770207	0.584368	5.14522	5.12419
-0.779735	0.584039	5.1462	5.1255
-0.784663	0.585682	5.14555	5.12616
-0.783349	0.586011	5.1439	5.12715
-0.788934	0.587653	5.14456	5.12682
-0.795505	0.586339	5.14555	5.1278
-0.801747	0.587653	5.14555	5.1278
-0.806018	0.586668	5.14489	5.12649
-0.805032	0.59291	5.14456	5.12583
-0.807989	0.593567	5.14423	5.12682
-0.810289	0.594553	5.1439	5.12813
-0.817845	0.593567	5.14423	5.1278
-0.823759	0.591267	5.14292	5.12649
-0.821788	0.59521	5.14226	5.1255
-0.819488	0.594553	5.14259	5.12485
-0.819488	0.592581	5.14325	5.12386
-0.813246	0.593896	5.1439	5.12419
-0.809632	0.592581	5.14292	5.12485
-0.813903	0.593239	5.14259	5.12583
-0.815217	0.597181	5.14259	5.12715
-0.815546	0.59751	5.14259	5.12583
-0.813903	0.600466	5.1416	5.12386
-0.811932	0.598495	5.14325	5.12419
-0.807332	0.602109	5.14292	5.12485
-0.809632	0.605723	5.14193	5.12485
-0.812917	0.606052	5.14292	5.1255
-0.808318	0.602109	5.14489	5.12452
-0.815217	0.592253	5.1462	5.12518
-0.813903	0.589953	5.14686	5.12649
-0.811275	0.594224	5.14587	5.12583
-0.808975	0.599481	5.1439	5.12485
-0.802404	0.602109	5.14292	5.1255
-0.794519	0.603423	5.14357	5.12419
-0.790248	0.602109	5.14587	5.12353
-0.795176	0.59751	5.1462	5.12419
-0.79419	0.594224	5.14489	5.1232
-0.789591	0.596195	5.14292	5.12386
-0.788277	0.593239	5.14226	5.12518
-0.783349	0.597181	5.14259	5.12583
-0.783349	0.596524	5.14423	5.12518
-0.773164	0.602109	5.14653	5.12452
-0.768893	0.609009	5.14587	5.12485
-0.769221	0.610651	5.14489	5.12452
-0.762322	0.614922	5.14522	5.12386
-0.761008	0.613937	5.14226	5.12419
-0.758051	0.611637	5.14095	5.12616
-0.758708	0.609994	5.14193	5.1278
-0.755423	0.609666	5.14357	5.12682
-0.75378	0.607037	5.1439	5.1255
-0.760022	0.603423	5.14292	5.12649
-0.759037	0.603423	5.14325	5.12682
-0.758708	0.601452	5.14325	5.12715
-0.761008	0.603752	5.1416	5.12649
-0.76725	0.602438	5.14193	5.12616
-0.773492	0.609009	5.14423	5.1255
-0.779406	0.611637	5.14456	5.12616
-0.788277	0.608023	5.14555	5.12616
-0.784006	0.609994	5.14587	5.12682
-0.782692	0.611637	5.14587	5.12583
-0.786963	0.61098	5.14292	5.12583
-0.788277	0.616565	5.14029	5.12616
-0.78532	0.613608	5.14029	5.12616
-0.788277	0.613937	5.14193	5.12485
-0.791234	0.615579	5.14226	5.12682
-0.791562	0.615251	5.14193	5.12715
-0.794519	0.618536	5.14193	5.12616
-0.79419	0.621493	5.14325	5.12485
-0.802404	0.622479	5.14456	5.12386
-0.804375	0.618208	5.14587	5.12419
-0.802075	0.627735	5.14785	5.12452
-0.79879	0.630035	5.14817	5.12518
-0.799447	0.631349	5.14785	5.12583
-0.79879	0.63562	5.14489	5.12748
-0.800761	0.631349	5.1439	5.12682
-0.802733	0.62905	5.14292	5.12682
-0.803061	0.628721	5.14489	5.12813
-0.802404	0.629378	5.1485	5.1278
-0.80109	0.628721	5.14982	5.12715
-0.793862	0.630364	5.14686	5.12715
-0.792876	0.632335	5.14423	5.12715
-0.787948	0.637592	5.14456	5.12616
-0.790577	0.63792	5.1462	5.1255
-0.790248	0.638577	5.14555	5.12386
-0.790248	0.636935	5.14357	5.12485
-0.78762	0.634306	5.14226	5.12616
-0.784663	0.634635	5.14292	5.12616
-0.778421	0.634306	5.14325	5.1255
-0.772835	0.636935	5.14325	5.12452
-0.762322	0.641206	5.1439	5.12288
-0.75608	0.647448	5.14489	5.12288
-0.757394	0.643177	5.1462	5.12518
-0.757722	0.641534	5.14653	5.12682
-0.751152	0.643834	5.14686	5.1278
-0.745566	0.636935	5.14653	5.12682
-0.750823	0.632992	5.14587	5.12616
-0.751152	0.634306	5.14686	5.12452
-0.749509	0.639891	5.14653	5.12353
-0.75378	0.63562	5.14489	5.12353
-0.744252	0.633978	5.14259	5.12485
-0.739653	0.633321	5.14127	5.12583
-0.73801	0.631349	5.14357	5.12485
-0.732096	0.631678	5.14653	5.12452
-0.728154	0.630035	5.14752	5.12419
-0.726182	0.628064	5.14522	5.12353
-0.731768	0.629378	5.14456	5.1255
-0.730454	0.630364	5.14325	5.12583
-0.727825	0.628721	5.1416	5.1255
-0.726511	0.622479	5.14325	5.12583
-0.721254	0.625764	5.14456	5.12715
-0.725854	0.622807	5.14555	5.12682
-0.730454	0.626093	5.14456	5.1255
-0.73341	0.61985	5.14456	5.12452
-0.734396	0.623793	5.14555	5.12485
-0.73341	0.623464	5.14489	5.1255
-0.735382	0.629378	5.14259	5.12485
-0.727825	0.633649	5.14226	5.12518
-0.729139	0.630692	5.14325	5.12649
-0.73341	0.628392	5.14325	5.12682
-0.730782	0.630692	5.14193	5.12715
-0.734067	0.634306	5.14095	5.12616
-0.740638	0.631021	5.14029	5.1255
-0.744252	0.630035	5.13996	5.12583
-0.743595	0.632006	5.14259	5.12616
-0.746223	0.629378	5.1439	5.12649
-0.752794	0.626421	5.14456	5.12813
-0.755751	0.631678	5.14522	5.12715
-0.758051	0.633649	5.14587	5.12682
-0.756408	0.631349	5.14489	5.12748
-0.753123	0.637592	5.14325	5.12616
-0.755423	0.636935	5.14423	5.12518
-0.755423	0.63792	5.14555	5.1255
-0.758708	0.64022	5.14489	5.12682
-0.755423	0.63562	5.14325	5.12748
-0.756737	0.640549	5.14226	5.12682
-0.758051	0.64022	5.14226	5.12485
-0.754108	0.642191	5.14357	5.12419
-0.744909	0.635292	5.14522	5.1255
-0.742938	0.638906	5.14489	5.12518
-0.742938	0.642848	5.14489	5.12452
-0.740638	0.647776	5.14653	5.1255
-0.74261	0.649419	5.14653	5.1278
-0.744581	0.646791	5.14522	5.12912
-0.740967	0.647448	5.14522	5.12912
-0.737353	0.652705	5.14489	5.12649
-0.736039	0.653362	5.14423	5.12583
-0.729139	0.654019	5.14456	5.1278
-0.724868	0.645148	5.14423	5.12813
-0.72224	0.649091	5.14127	5.1278
-0.719283	0.649091	5.14062	5.12715
-0.709098	0.650076	5.14259	5.1255
-0.700228	0.648762	5.14357	5.1232
-0.700885	0.642848	5.1439	5.12419
-0.697599	0.648105	5.14357	5.12715
-0.6953	0.652047	5.14292	5.12945
-0.695628	0.652376	5.14193	5.12846
-0.703185	0.649748	5.14095	5.12682
-0.70187	0.647448	5.1416	5.12616
-0.697599	0.651719	5.14226	5.1255
-0.705813	0.648434	5.14259	5.12485
-0.712384	0.642191	5.14127	5.12353
-0.715998	0.638249	5.1416	5.12485
-0.717312	0.632335	5.14127	5.12682
-0.714355	0.634963	5.14095	5.1278
-0.713369	0.63792	5.14259	5.12682
-0.714684	0.637263	5.14325	5.12452
-0.717312	0.638577	5.14456	5.12419
-0.725197	0.641206	5.1439	5.12485
-0.727497	0.638906	5.14193	5.12583
-0.728154	0.634306	5.14127	5.12748
-0.729796	0.63562	5.13996	5.12682
-0.731768	0.633321	5.1416	5.12419
-0.737353	0.628721	5.14259	5.12288
-0.745238	0.624779	5.14489	5.12288
-0.744581	0.622807	5.14522	5.12419
-0.751809	0.622479	5.14456	5.12715
-0.754108	0.620179	5.14489	5.12715
-0.758708	0.622479	5.14522	5.12649
-0.75838	0.61985	5.14489	5.1255
-0.76495	0.617879	5.14357	5.12485
-0.761336	0.614922	5.14259	5.12616
-0.76725	0.614594	5.14357	5.12813
-0.770864	0.613937	5.14325	5.12813
-0.774149	0.611965	5.14226	5.12715
-0.776121	0.60868	5.1439	5.12813
-0.781049	0.607366	5.14587	5.1278
-0.782034	0.607037	5.14752	5.12616
-0.784006	0.608023	5.1462	5.12649
-0.788934	0.602766	5.1439	5.12616
-0.79419	0.599481	5.14259	5.12485
-0.795176	0.598167	5.14357	5.12485
-0.801418	0.595538	5.14555	5.1255
-0.795176	0.59291	5.1462	5.12518
-0.795505	0.585025	5.14587	5.12518
-0.79419	0.584368	5.14456	5.12583
-0.79419	0.578454	5.1439	5.12616
-0.796162	0.57714	5.1439	5.12682
-0.792548	0.580425	5.14456	5.12616
-0.79419	0.576483	5.14587	5.12485
-0.786963	0.574183	5.1462	5.12485
-0.789919	0.579768	5.14587	5.12649
-0.783349	0.590282	5.14522	5.12879
-0.781377	0.590282	5.1439	5.13076
-0.779078	0.591924	5.14259	5.13109
-0.777763	0.591267	5.14587	5.12912
-0.779406	0.589296	5.1485	5.12649
-0.778749	0.586339	5.14785	5.12485
-0.774807	0.586996	5.14423	5.1255
-0.775464	0.583054	5.14029	5.12583
-0.765936	0.586339	5.13865	5.1278
-0.763308	0.594553	5.14193	5.12879
-0.766264	0.587325	5.14587	5.12715
-0.772835	0.588968	5.14817	5.1255
-0.777763	0.589296	5.14653	5.12583
-0.773821	0.596524	5.14456	5.12649
-0.774807	0.594553	5.1439	5.1278
-0.772507	0.600795	5.1439	5.12912
-0.765279	0.594553	5.14456	5.1278
-0.762979	0.595867	5.14456	5.12649
-0.755751	0.596524	5.14555	5.12583
-0.74918	0.595538	5.14555	5.12518
-0.75148	0.596195	5.1439	5.12386
-0.752137	0.605066	5.14127	5.12518
-0.750166	0.607694	5.14259	5.12682
-0.751152	0.603423	5.1462	5.12846
-0.75148	0.605395	5.14785	5.12912
-0.751809	0.606709	5.14785	5.12748
-0.755751	0.602438	5.14653	5.12616
-0.757065	0.596853	5.1439	5.12583
-0.755094	0.602109	5.14259	5.12616
-0.75378	0.604409	5.14095	5.12682
-0.756737	0.603752	5.14226	5.12879
-0.755423	0.603095	5.14456	5.12879
-0.752466	0.609337	5.14785	5.12748
-0.758708	0.609009	5.1462	5.12715
-0.763636	0.609666	5.14456	5.12682
-0.768564	0.612951	5.14226	5.12616
-0.765607	0.614594	5.14259	5.12846
-0.75838	0.61098	5.14456	5.12748
-0.753123	0.617551	5.14653	5.12649
-0.747538	0.62215	5.14555	5.12452
-0.754437	0.619522	5.14357	5.12288
-0.757394	0.621165	5.14226	5.1232
-0.754108	0.623136	5.1416	5.12386
-0.748852	0.623464	5.1439	5.12419
-0.752137	0.623793	5.14719	5.1255
-0.747866	0.632992	5.14949	5.1255
-0.745566	0.632335	5.14686	5.12288
-0.745566	0.635292	5.14587	5.12222
-0.743595	0.634306	5.14456	5.12452
-0.739324	0.63792	5.14357	5.12682
-0.734067	0.635949	5.14292	5.12715
-0.730125	0.638577	5.14259	5.12518
-0.731111	0.639234	5.14259	5.12419
-0.728482	0.633649	5.14062	5.12485
-0.730782	0.629378	5.13865	5.12419
-0.73341	0.623793	5.14062	5.12485
-0.728811	0.62445	5.14029	5.12682
-0.730454	0.621493	5.14095	5.12748
-0.731439	0.622479	5.14193	5.12813
-0.732425	0.617879	5.1416	5.12813
-0.726511	0.617551	5.13996	5.12649
-0.728154	0.613937	5.13963	5.12616
-0.725525	0.608023	5.14062	5.12616
-0.72454	0.609009	5.14259	5.12682
-0.727825	0.599481	5.14522	5.12748
-0.724868	0.592253	5.14489	5.12682
-0.723883	0.59061	5.14226	5.12583
-0.724211	0.58831	5.14259	5.12518
-0.726182	0.589953	5.1439	5.12682
-0.728154	0.598167	5.14489	5.12682
-0.734396	0.590282	5.14423	5.12715
-0.736039	0.587982	5.14423	5.12846
-0.732753	0.589953	5.14587	5.12682
-0.731768	0.593239	5.14489	5.1255
-0.736696	0.591924	5.14226	5.12485
-0.734396	0.593239	5.14193	5.12485
-0.74031	0.594553	5.14193	5.12485
-0.743924	0.594224	5.14127	5.12583
-0.743595	0.587653	5.14127	5.12616
-0.743267	0.589953	5.14522	5.12518
-0.748852	0.586339	5.14686	5.1255
-0.749837	0.587653	5.14456	5.12485
-0.744252	0.589625	5.14325	5.12452
-0.741624	0.59751	5.14292	5.12452
-0.739324	0.605723	5.14325	5.12386
-0.740638	0.610323	5.14127	5.12485
-0.739981	0.612294	5.13996	5.12518
-0.73571	0.612294	5.14029	5.12419
-0.742938	0.611965	5.14259	5.12452
-0.746881	0.608351	5.14259	5.12748
-0.747209	0.611965	5.14127	5.12846
-0.744252	0.614265	5.14029	5.12846
-0.745895	0.614594	5.14193	5.12748
-0.750495	0.610651	5.14522	5.12485
-0.750823	0.609337	5.14587	5.12353
-0.750495	0.611965	5.1439	5.12518
-0.752466	0.610651	5.1439	5.12649
-0.754108	0.617879	5.14423	5.12518
-0.754108	0.609337	5.14555	5.12485
-0.759037	0.602766	5.1439	5.12386
-0.761008	0.604738	5.14193	5.1232
-0.765279	0.599481	5.14062	5.12386
-0.75608	0.606709	5.14029	5.12518
-0.748523	0.608351	5.1416	5.12682
-0.744909	0.609666	5.1439	5.12748
-0.737681	0.611308	5.1462	5.12682
-0.74031	0.608023	5.14555	5.12649
-0.739324	0.609009	5.14357	5.1255
-0.739981	0.604738	5.14193	5.12485
-0.743267	0.60408	5.1416	5.12616
-0.739981	0.599481	5.14226	5.12682
-0.747538	0.59291	5.14423	5.12682
-0.746223	0.594881	5.14522	5.12649
-0.747209	0.598167	5.14423	5.1255
-0.737681	0.59521	5.14456	5.12649
-0.73571	0.594224	5.14587	5.12518
-0.741624	0.584368	5.14325	5.1232
-0.744581	0.57714	5.14226	5.12386
-0.745895	0.584039	5.14259	5.12682
-0.738339	0.586668	5.14292	5.12912
-0.740638	0.584696	5.14259	5.12846
-0.743595	0.582397	5.14325	5.12715
-0.747538	0.577469	5.14522	5.12649
-0.750823	0.570569	5.14653	5.12649
-0.753451	0.568598	5.1462	5.12813
-0.754108	0.565641	5.14423	5.12813
-0.752466	0.567941	5.14292	5.12715
-0.75608	0.562684	5.14259	5.12682
-0.75378	0.564327	5.14292	5.1255
-0.764622	0.569584	5.14357	5.12518
-0.765607	0.57254	5.14292	5.12419
-0.768564	0.573198	5.14292	5.12518
-0.774478	0.571226	5.14226	5.12452
-0.776778	0.56597	5.1439	5.12518
-0.778421	0.56137	5.14555	5.1255
-0.786963	0.559727	5.14653	5.1255
-0.782692	0.555456	5.14456	5.1255
-0.789262	0.552828	5.14259	5.12452
-0.794848	0.550857	5.14292	5.12583
-0.800433	0.555128	5.14423	5.1255
-0.800761	0.557099	5.14522	5.12485
-0.801418	0.561042	5.14325	5.12452
-0.802733	0.557099	5.14226	5.1255
-0.80109	0.565641	5.14193	5.12813
-0.80339	0.565641	5.14259	5.13043
-0.800433	0.565313	5.14423	5.12945
-0.798461	0.568927	5.14587	5.12748
-0.798133	0.572212	5.14752	5.12715
-0.794848	0.578783	5.14587	5.12452
-0.798133	0.577797	5.14489	5.12353
-0.794848	0.577797	5.14522	5.12419
-0.788277	0.587325	5.14423	5.12583
-0.781377	0.590282	5.14357	5.12616
-0.777763	0.594553	5.14292	5.12583
-0.770864	0.599809	5.14325	5.12616
-0.768236	0.601452	5.1462	5.12583
-0.776449	0.599152	5.14653	5.12485
-0.781377	0.598824	5.14423	5.12518
-0.784334	0.599809	5.1416	5.12748
-0.791234	0.598824	5.14292	5.12912
-0.796162	0.593896	5.14456	5.12846
-0.795833	0.597838	5.14555	5.12518
-0.800104	0.593567	5.1462	5.12452
-0.80109	0.596195	5.1439	5.12485
-0.79649	0.599481	5.14062	5.12682
-0.802733	0.59291	5.14029	5.1278
-0.804047	0.594224	5.14292	5.12649
-0.80339	0.591924	5.14423	5.1255
-0.806675	0.590282	5.14489	5.12419
-0.806346	0.594224	5.14752	5.1232
-0.801747	0.594553	5.14456	5.1232
-0.793533	0.598167	5.14127	5.12353
-0.788934	0.598495	5.14095	5.12222
-0.78072	0.599809	5.14193	5.12419
-0.777435	0.608023	5.1439	5.12813
-0.774149	0.609666	5.14555	5.1278
-0.769878	0.610323	5.14555	5.12649
-0.769878	0.610651	5.14259	5.12518
-0.766922	0.614265	5.14325	5.12386
-0.762979	0.60408	5.14522	5.12353
-0.758708	0.602766	5.14555	5.12485
-0.755751	0.601452	5.14522	5.1255
-0.750166	0.601452	5.14522	5.12518
-0.751152	0.594881	5.14555	5.12386
-0.757722	0.591924	5.14456	5.12353
-0.761665	0.585025	5.14259	5.12682
-0.761665	0.585682	5.13996	5.12813
-0.762651	0.58831	5.14095	5.12583
-0.75838	0.592581	5.1439	5.12452
-0.762979	0.592581	5.14555	5.12419
-0.767579	0.590282	5.14522	5.12518
-0.773164	0.591267	5.14489	5.12616
-0.773164	0.589953	5.14325	5.12649
-0.780063	0.589296	5.14226	5.12518
-0.785977	0.596853	5.14325	5.12518
-0.788605	0.593239	5.1462	5.12616
-0.78532	0.59521	5.14883	5.12616
-0.782034	0.591267	5.14752	5.12616
-0.779735	0.589625	5.1462	5.12583
-0.778421	0.585025	5.14653	5.12452
-0.782363	0.588639	5.14785	5.12485
-0.779735	0.594224	5.14752	5.1255
-0.778421	0.591267	5.14686	5.12583
-0.76725	0.590282	5.1439	5.12583
-0.765607	0.589625	5.14259	5.12616
-0.756408	0.596524	5.13963	5.12649
-0.754437	0.59291	5.1393	5.12912
-0.754108	0.591924	5.14193	5.12912
-0.754108	0.587982	5.14292	5.12879
-0.757065	0.585025	5.14456	5.12748
-0.759365	0.587325	5.14357	5.12583
-0.761336	0.584039	5.14259	5.12452
-0.759694	0.577797	5.14292	5.12452
-0.765607	0.574512	5.14259	5.12353
-0.760351	0.576483	5.14357	5.1232
-0.763308	0.581411	5.14423	5.12616
-0.761993	0.583382	5.1439	5.12748
-0.76725	0.581083	5.14226	5.12813
-0.760022	0.586339	5.14095	5.12912
-0.759365	0.584696	5.14325	5.12912
-0.763965	0.593567	5.14357	5.12583
-0.764293	0.590282	5.14259	5.12288
-0.766264	0.591596	5.14357	5.12386
-0.75608	0.58831	5.14587	5.12419
-0.754108	0.58174	5.14489	5.12485
-0.752794	0.585025	5.14193	5.12452
-0.75148	0.591924	5.14226	5.1255
-0.75148	0.588639	5.14456	5.12616
-0.746552	0.590282	5.14522	5.12485
-0.745566	0.59061	5.14522	5.12288
-0.748852	0.587982	5.1439	5.12255
-0.748523	0.588968	5.14325	5.12452
-0.750166	0.586339	5.14259	5.12583
-0.748195	0.589953	5.14193	5.12682
-0.746881	0.586996	5.14193	5.1278
-0.74261	0.588639	5.14292	5.12813
-0.739324	0.594224	5.14423	5.12846
-0.743924	0.595538	5.14423	5.1278
-0.744909	0.594224	5.1439	5.1278
-0.746223	0.586996	5.14325	5.12879
-0.75378	0.582397	5.1416	5.1301
-0.753123	0.584039	5.14226	5.12945
-0.761336	0.581083	5.14522	5.1278
-0.758708	0.580425	5.14752	5.12583
-0.760351	0.582397	5.1462	5.12616
-0.763965	0.575169	5.14555	5.12649
-0.759037	0.57714	5.14456	5.12813
-0.766264	0.568927	5.14357	5.12879
-0.768236	0.571555	5.14193	5.1278
-0.772178	0.573526	5.14095	5.12518
-0.772835	0.572212	5.14127	5.12452
-0.765279	0.569912	5.14095	5.12452
-0.768893	0.56597	5.14127	5.12616
-0.762322	0.560384	5.1439	5.12682
-0.766264	0.554471	5.14653	5.12649
-0.770864	0.555785	5.14719	5.1255
-0.771521	0.55677	5.14587	5.12386
-0.772507	0.551514	5.14456	5.12419
-0.77185	0.548885	5.1439	5.12715
-0.771193	0.545272	5.14226	5.1278
-0.771193	0.5479	5.14325	5.12748
-0.764293	0.551185	5.14555	5.12649
-0.762979	0.556113	5.14522	5.1255
-0.75838	0.557756	5.14357	5.12386
-0.756408	0.563013	5.1416	5.12419
-0.757722	0.565313	5.13897	5.1255
-0.75838	0.561699	5.14029	5.12813
-0.750495	0.558413	5.14259	5.1278
-0.745895	0.561699	5.14357	5.12649
-0.73571	0.559727	5.14226	5.12452
-0.745566	0.557428	5.14292	5.12353
-0.744252	0.55907	5.14456	5.1232
-0.744909	0.560384	5.14357	5.12452
-0.746552	0.557428	5.14292	5.12616
-0.747209	0.563341	5.1439	5.12715
-0.747209	0.561699	5.1462	5.12649
-0.745566	0.563341	5.14653	5.12583
-0.748523	0.560384	5.14456	5.12518
-0.75148	0.565641	5.14259	5.12452
-0.746552	0.564655	5.1416	5.12583
-0.747866	0.568598	5.14259	5.12748
-0.743595	0.564984	5.14456	5.1278
-0.74261	0.566627	5.14587	5.12748
-0.734396	0.566298	5.14752	5.12616
-0.730782	0.569584	5.14653	5.12485
-0.725854	0.578783	5.14489	5.12452
-0.725197	0.580425	5.1439	5.12419
-0.719283	0.58174	5.14292	5.12616
-0.718298	0.588968	5.14423	5.12813
-0.725854	0.584039	5.14785	5.12715
-0.727825	0.577469	5.1485	5.12616
-0.732753	0.572212	5.14587	5.1255
-0.729139	0.572869	5.14357	5.12452
-0.734725	0.574183	5.14292	5.12353
-0.743267	0.57714	5.14325	5.12419
-0.743267	0.579768	5.14522	5.1255
-0.752466	0.580754	5.14522	5.12715
-0.754108	0.580097	5.14357	5.12649
-0.754108	0.578454	5.1439	5.12419
-0.760022	0.580754	5.14325	5.12452
-0.759037	0.583054	5.14292	5.12518
-0.750823	0.579111	5.14423	5.12649
-0.74918	0.579111	5.1439	5.12715
-0.74918	0.585354	5.14325	5.12649
-0.750166	0.587653	5.14489	5.12583
-0.752137	0.590939	5.14489	5.12518
-0.758051	0.589953	5.1439	5.12485
-0.757394	0.593567	5.14226	5.12583
-0.753451	0.591924	5.14062	5.12748
-0.750166	0.597838	5.14127	5.12682
-0.748852	0.602109	5.14423	5.12419
-0.743924	0.602438	5.14456	5.12419
-0.741952	0.599481	5.14226	5.1255
-0.737353	0.602438	5.13996	5.12715
-0.737353	0.602109	5.13996	5.12846
-0.734725	0.599809	5.14193	5.12912
-0.731439	0.611965	5.14423	5.12846
-0.731111	0.609337	5.14653	5.1278
-0.728482	0.609994	5.14489	5.12682
-0.722569	0.613937	5.14259	5.12616
-0.717312	0.602766	5.14193	5.12583
-0.72224	0.598167	5.1416	5.12485
-0.724868	0.593567	5.14193	5.12583
-0.727825	0.591924	5.14423	5.12616
-0.724211	0.593239	5.14653	5.1255
-0.725854	0.595867	5.14752	5.12386
-0.721911	0.595867	5.1485	5.12518
-0.719283	0.600138	5.1485	5.12715
-0.715012	0.599152	5.14686	5.1278
-0.713369	0.601781	5.14522	5.12715
-0.715012	0.596195	5.1439	5.1255
-0.714355	0.594553	5.14226	5.12485
-0.715012	0.597181	5.1416	5.12485
-0.713369	0.599152	5.14095	5.12583
-0.711727	0.599481	5.14062	5.12583
-0.709098	0.599481	5.14423	5.12583
-0.70647	0.597838	5.14555	5.12485
-0.70877	0.599481	5.14522	5.12485
-0.71107	0.597838	5.14555	5.12419
-0.717312	0.599481	5.14555	5.12419
-0.718626	0.59751	5.14423	5.12386
-0.716326	0.596195	5.14292	5.1255
-0.720926	0.595538	5.1416	5.1255
-0.726511	0.589625	5.14292	5.12616
-0.727168	0.590939	5.14522	5.12583
-0.720597	0.580097	5.14686	5.12583
-0.724211	0.580754	5.14752	5.12649
-0.729796	0.583711	5.1462	5.12748
-0.737024	0.581411	5.14193	5.1278
-0.737024	0.584039	5.14062	5.12879
-0.740967	0.583382	5.14193	5.12879
-0.743595	0.58831	5.14423	5.12715
-0.747209	0.589296	5.14489	5.12583
-0.752137	0.586996	5.14555	5.12452
-0.751152	0.588968	5.14522	5.12616
-0.752137	0.583711	5.14456	5.12813
-0.754766	0.582725	5.1439	5.12649
-0.758708	0.578783	5.14357	5.12485
-0.761993	0.57254	5.14226	5.12452
-0.768564	0.574512	5.14325	5.12583
-0.769878	0.573855	5.14423	5.1255
-0.772507	0.571226	5.14456	5.12583
-0.767579	0.570898	5.14456	5.12583
-0.768564	0.572212	5.14357	5.12715
-0.77185	0.575497	5.14325	5.1278
-0.778749	0.570569	5.14226	5.12649
-0.78302	0.56597	5.14193	5.12386
-0.784006	0.562356	5.14226	5.12353
-0.791234	0.561699	5.14292	5.12353
-0.785977	0.557756	5.14325	5.12452
-0.789591	0.560384	5.14357	5.12518
-0.788277	0.560713	5.1439	5.1255
-0.78302	0.562684	5.14292	5.12616
-0.775464	0.558742	5.14292	5.12715
-0.770536	0.563013	5.14259	5.1278
-0.776778	0.559727	5.14193	5.1301
-0.779735	0.558085	5.1416	5.13076
-0.779735	0.555128	5.14292	5.1278
-0.778092	0.554799	5.14489	5.12518
-0.777435	0.554142	5.14555	5.12353
-0.778421	0.554799	5.14653	5.12353
-0.774149	0.557428	5.14785	5.12353
-0.775792	0.552171	5.14653	5.12583
-0.784991	0.5502	5.14587	5.1255
-0.784006	0.546257	5.14686	5.12452
-0.779735	0.548557	5.14686	5.12419
-0.774807	0.546257	5.1462	5.1255
-0.777435	0.542315	5.14456	5.1278
-0.776449	0.542643	5.14259	5.12813
-0.778421	0.545929	5.14095	5.12682
-0.776778	0.541329	5.13996	5.12616
-0.776449	0.538372	5.14062	5.12682
-0.775792	0.536072	5.1416	5.1278
-0.772507	0.537058	5.14292	5.12715
-0.778092	0.53213	5.14226	5.12583
-0.778749	0.535087	5.14095	5.12583
-0.777435	0.536401	5.14259	5.12715
-0.784991	0.536401	5.14489	5.12748
-0.783349	0.537058	5.14423	5.12715
-0.782363	0.533773	5.1439	5.12748
-0.778092	0.542972	5.1439	5.12748
-0.779078	0.549871	5.14325	5.12715
-0.778749	0.551514	5.14292	5.1301
-0.778749	0.553814	5.14292	5.13076
-0.779078	0.557428	5.14193	5.1278
-0.778092	0.558085	5.14325	5.12518
-0.783677	0.560056	5.1439	5.1255
-0.788934	0.557428	5.14522	5.1278
-0.786634	0.553485	5.1439	5.12945
-0.791891	0.546586	5.14357	5.12945
-0.791891	0.539686	5.14292	5.12945
-0.789591	0.5433	5.14456	5.12879
-0.796162	0.542315	5.14686	5.12485
-0.801418	0.535415	5.14883	5.12222
-0.800433	0.535744	5.14686	5.12255
-0.802733	0.539358	5.1439	5.12485
-0.803718	0.542972	5.14062	5.1255
-0.804047	0.544614	5.14127	5.12616
-0.810618	0.543629	5.14259	5.1255
-0.813246	0.542643	5.14325	5.12452
-0.814889	0.539358	5.14325	5.12452
-0.819488	0.533773	5.14456	5.12419
-0.823102	0.529173	5.14423	5.12518
-0.828359	0.52753	5.14522	5.1255
-0.824416	0.530487	5.14423	5.12419
-0.819488	0.529173	5.14555	5.12353
-0.81456	0.533444	5.14587	5.12386
-0.815874	0.532787	5.14489	5.12616
-0.815546	0.53213	5.14357	5.1278
-0.807989	0.52983	5.14226	5.12912
-0.803718	0.534101	5.14193	5.1301
-0.806346	0.533773	5.14095	5.1301
-0.806346	0.532787	5.14357	5.12748
-0.800433	0.537715	5.14456	5.12386
-0.805032	0.538701	5.14357	5.12353
-0.806675	0.537058	5.14193	5.12583
-0.807004	0.538044	5.13996	5.12649
-0.80339	0.542643	5.13832	5.12715
-0.805689	0.538701	5.13897	5.12583
-0.811932	0.53443	5.13963	5.1232
-0.806675	0.540672	5.1393	5.12288
-0.804047	0.541329	5.1416	5.12386
-0.796819	0.544943	5.14259	5.12452
-0.792219	0.548885	5.14259	5.12682
-0.794519	0.545929	5.14127	5.12846
-0.791891	0.549871	5.14095	5.12682
-0.780392	0.55677	5.14325	5.12649
-0.778092	0.558413	5.14555	5.12682
-0.771521	0.556113	5.1462	5.12813
-0.761993	0.561042	5.14456	5.12715
-0.755094	0.563998	5.14423	5.12485
-0.747866	0.568927	5.1439	5.12386
-0.740967	0.570241	5.14423	5.12419
-0.738339	0.575826	5.1439	5.12485
-0.737681	0.577797	5.14423	5.1255
-0.740967	0.576483	5.14456	5.12682
-0.734067	0.584368	5.14325	5.12649
-0.727825	0.58831	5.14127	5.1255
-0.730454	0.584368	5.14226	5.12583
-0.739324	0.580754	5.14522	5.12452
-0.739324	0.576154	5.14719	5.12386
-0.738339	0.581083	5.14653	5.12386
-0.746881	0.588639	5.14456	5.12386
-0.747538	0.584368	5.14325	5.12583
-0.752137	0.583711	5.1439	5.12682
-0.75838	0.575826	5.1439	5.12583
-0.75838	0.574183	5.14456	5.12518
-0.760351	0.571883	5.14522	5.12452
-0.761993	0.57484	5.14587	5.12189
-0.759694	0.569912	5.14357	5.12189
-0.762651	0.567941	5.14127	5.12485
-0.761665	0.572869	5.14062	5.12649
-0.76725	0.574183	5.14095	5.12715
-0.765936	0.573198	5.14325	5.12616
-0.762651	0.571883	5.14653	5.12485
-0.761665	0.57254	5.14653	5.12583
-0.769221	0.568598	5.14423	5.12616
-0.767907	0.564655	5.14193	5.12616
-0.771521	0.561699	5.14193	5.12813
-0.775792	0.56137	5.14357	5.12912
-0.781377	0.560713	5.14456	5.12682
-0.778749	0.563341	5.14555	5.1255
-0.778749	0.560713	5.14325	5.1255
-0.777435	0.556113	5.1416	5.12616
-0.778092	0.555456	5.14029	5.12879
-0.776449	0.559399	5.13996	5.12945
-0.776778	0.561042	5.14127	5.12813
-0.775135	0.562027	5.14226	5.12748
-0.781377	0.555785	5.14127	5.12583
-0.781377	0.553814	5.14193	5.12518
-0.780392	0.558742	5.14062	5.12616
-0.770864	0.563013	5.13963	5.12879
-0.76955	0.556442	5.14127	5.13142
-0.76495	0.551514	5.14325	5.13076
-0.766264	0.547571	5.14555	5.12715
-0.763308	0.541986	5.14653	5.12583
-0.75838	0.548557	5.14752	5.12518
-0.763636	0.543957	5.14587	5.12616
-0.770536	0.541986	5.14357	5.12813
-0.769221	0.540343	5.14325	5.1278
-0.768236	0.537058	5.14259	5.12583
-0.769221	0.538372	5.14423	5.12419
-0.768236	0.5433	5.14423	5.12386
-0.766922	0.537715	5.14357	5.12452
-0.765936	0.537058	5.14259	5.12748
-0.768893	0.535744	5.14259	5.12977
-0.769221	0.535744	5.14357	5.12912
-0.765279	0.536401	5.1439	5.12912
-0.765936	0.53443	5.14325	5.12715
-0.764293	0.530487	5.14259	5.12386
-0.768236	0.534101	5.14062	5.1232
-0.767579	0.533773	5.14062	5.12485
-0.764622	0.539029	5.14226	5.12748
-0.760679	0.539029	5.14489	5.12945
-0.75838	0.540015	5.14719	5.12945
-0.753123	0.535087	5.14686	5.12649
-0.750495	0.531473	5.14653	5.12353
-0.756737	0.524902	5.1439	5.12386
-0.764622	0.525888	5.14127	5.12518
-0.773492	0.524573	5.1416	5.12813
-0.776121	0.526216	5.14259	5.12846
-0.775792	0.527859	5.14423	5.12715
-0.772507	0.530159	5.14653	5.12518
-0.772178	0.52983	5.1462	5.12518
-0.769221	0.531473	5.14489	5.12518
-0.775464	0.526545	5.14226	5.12452
-0.777763	0.526873	5.14127	5.12353
-0.78072	0.51866	5.14226	5.12255
-0.78302	0.523588	5.14489	5.12419
-0.786634	0.526545	5.14522	5.12748
-0.79419	0.529502	5.14456	5.12813
-0.799447	0.532458	5.14325	5.12748
-0.804704	0.535087	5.1416	5.12715
-0.807332	0.53213	5.14193	5.12649
-0.808646	0.528516	5.14226	5.12419
-0.811603	0.524245	5.14062	5.12452
-0.813574	0.522931	5.13963	5.1255
-0.811932	0.524573	5.14095	5.12649
-0.815546	0.530159	5.14193	5.12485
-0.810618	0.534101	5.1416	5.12518
-0.809632	0.533115	5.14127	5.12583
-0.815217	0.531801	5.14226	5.12518
-0.814889	0.536401	5.14292	5.12419
-0.819488	0.534758	5.1439	5.12353
-0.825402	0.53213	5.14325	5.12452
-0.824088	0.531144	5.14357	5.12616
-0.822116	0.532458	5.1439	5.12879
-0.820474	0.537058	5.14423	5.12715
-0.819488	0.529502	5.14456	5.12682
-0.819488	0.533115	5.14522	5.1278
-0.81686	0.538044	5.14522	5.1278
-0.80996	0.534758	5.14489	5.12649
-0.811275	0.530159	5.14456	5.12616
-0.806675	0.525888	5.14259	5.12616
-0.804375	0.520302	5.14226	5.1255
-0.807004	0.513403	5.14325	5.12452
-0.81226	0.516688	5.14456	5.12386
-0.813246	0.51636	5.14325	5.12353
-0.80996	0.521288	5.1416	5.12419
-0.809303	0.515374	5.14062	5.12583
-0.799447	0.523259	5.14193	5.12419
-0.797476	0.522274	5.14292	5.1232
-0.792876	0.531144	5.14325	5.12189
-0.786963	0.538044	5.14259	5.1232
-0.784991	0.541658	5.1416	5.12485
-0.792219	0.532458	5.14226	5.12748
-0.790577	0.534758	5.1439	5.12846
-0.788605	0.534101	5.14785	5.12748
-0.784334	0.533773	5.14883	5.12452
-0.784006	0.541	5.14719	5.12386
-0.781377	0.5456	5.14719	5.12386
-0.779735	0.551514	5.14522	5.12353
-0.773821	0.558085	5.14357	5.12452
-0.777763	0.553485	5.14292	5.12715
-0.780392	0.552499	5.14423	5.12748
-0.777435	0.557428	5.14423	5.12518
-0.78072	0.56137	5.14423	5.12452
-0.784334	0.556113	5.14423	5.12616
-0.784991	0.556113	5.14193	5.12813
-0.788605	0.551514	5.14259	5.12748
-0.789591	0.551185	5.14423	5.1255
-0.788934	0.550857	5.14653	5.12583
-0.78532	0.558085	5.14719	5.12583
-0.793205	0.554471	5.14555	5.12485
-0.796819	0.553485	5.14325	5.12583
-0.786634	0.559727	5.14193	5.12879
-0.781706	0.554471	5.14325	5.12912
-0.791234	0.552828	5.1462	5.1278
-0.793862	0.554471	5.14653	5.12583
-0.78762	0.555128	5.14522	5.1255
-0.792548	0.546257	5.14456	5.12518
-0.79649	0.539358	5.14522	5.12518
-0.800433	0.543957	5.14522	5.12748
-0.803718	0.549543	5.14653	5.12846
-0.814231	0.542315	5.14587	5.12846
-0.812917	0.542643	5.14522	5.12682
-0.815874	0.546914	5.14489	5.12682
-0.815546	0.553157	5.14489	5.12649
-0.821788	0.546586	5.14423	5.12583
-0.820802	0.546914	5.14522	5.12649
-0.81916	0.5502	5.14522	5.12879
-0.818174	0.552828	5.14423	5.13076
-0.813574	0.552499	5.14456	5.12945
-0.811603	0.554471	5.14522	5.1255
-0.807332	0.55677	5.14522	5.12222
-0.797804	0.55677	5.14226	5.12058
-0.790905	0.558413	5.14029	5.12222
-0.785648	0.563998	5.14095	5.12518
-0.779406	0.568269	5.14259	5.12583
-0.773821	0.568927	5.14489	5.12518
-0.76955	0.571883	5.14423	5.12485
-0.778092	0.571883	5.14292	5.12485
-0.781377	0.57484	5.14259	5.12452
-0.776449	0.575826	5.14259	5.12485
-0.778749	0.575497	5.14292	5.12616
-0.777435	0.57484	5.14357	5.12649
-0.776449	0.576812	5.14292	5.12616
-0.775792	0.580425	5.14259	5.12452
-0.777106	0.585354	5.14292	5.12485
-0.777435	0.582068	5.14522	5.12649
-0.78302	0.58174	5.14522	5.12912
-0.776449	0.58174	5.1439	5.12912
-0.778092	0.576483	5.14193	5.12616
-0.777763	0.578783	5.14226	5.12156
-0.78072	0.578454	5.14259	5.12156
-0.775464	0.584039	5.14226	5.12485
-0.775135	0.584039	5.14226	5.12649
-0.780392	0.589953	5.14292	5.12616
-0.781706	0.585025	5.14587	5.12748
-0.78072	0.589625	5.14522	5.12616
-0.783349	0.586996	5.14522	5.12353
-0.781706	0.587653	5.14357	5.12189
-0.778749	0.591596	5.14423	5.12353
-0.783677	0.589953	5.14226	5.12616
-0.786963	0.585682	5.14325	5.12715
-0.791562	0.586996	5.14325	5.12649
-0.80109	0.586668	5.14423	5.12518
-0.810618	0.584368	5.14522	5.12452
-0.817188	0.579768	5.1462	5.12452
-0.819817	0.573855	5.14489	5.12813
-0.821459	0.570569	5.14423	5.12945
-0.820474	0.569912	5.1439	5.12846
-0.820474	0.568269	5.14325	5.12912
-0.820145	0.563998	5.14292	5.12912
-0.821788	0.564984	5.14259	5.12715
-0.81916	0.564984	5.14292	5.12616
-0.817845	0.568927	5.1439	5.12649
-0.829016	0.564655	5.14357	5.12649
-0.833287	0.564655	5.14423	5.12649
-0.835587	0.560713	5.14357	5.1278
-0.837229	0.560056	5.14587	5.12682
-0.835258	0.560384	5.14719	5.12616
-0.832958	0.565313	5.14489	5.12419
-0.838872	0.566955	5.14292	5.12419
-0.835915	0.568269	5.14259	5.1255
-0.834272	0.569255	5.14357	5.12649
-0.83493	0.567612	5.14325	5.12616
-0.828687	0.566627	5.14127	5.12583
-0.823431	0.565313	5.14095	5.12715
-0.816531	0.57254	5.14127	5.12715
-0.815217	0.57484	5.14226	5.12682
-0.81456	0.567941	5.14226	5.12583
-0.81456	0.569912	5.14292	5.12485
-0.81456	0.56597	5.14325	5.1255
-0.809632	0.570241	5.14489	5.1255
-0.807004	0.566955	5.14456	5.12649
-0.809303	0.564984	5.14357	5.12649
-0.806346	0.562684	5.14292	5.1255
-0.804704	0.573198	5.14259	5.12583
-0.806675	0.57254	5.14522	5.12682
-0.810946	0.567612	5.14653	5.12715
-0.808975	0.567941	5.14522	5.12813
-0.807989	0.563998	5.1439	5.12846
-0.807661	0.55907	5.1439	5.12715
-0.80339	0.557428	5.14357	5.12649
-0.800761	0.557099	5.1439	5.12485
-0.800104	0.556113	5.14522	5.12485
-0.796162	0.554799	5.14686	5.1255
-0.793205	0.554471	5.14719	5.12583
-0.789919	0.552828	5.14587	5.12583
-0.789591	0.550528	5.14423	5.12649
-0.790577	0.546914	5.14325	5.12813
-0.787948	0.549543	5.14292	5.12846
-0.783349	0.544286	5.14292	5.12715
-0.782692	0.553814	5.14357	5.1255
-0.78302	0.552828	5.1439	5.12353
-0.778749	0.554799	5.14357	5.12353
-0.770207	0.560713	5.14226	5.12452
-0.773492	0.56367	5.1416	5.12682
-0.769221	0.56367	5.14226	5.12977
-0.774478	0.561699	5.14325	5.12945
-0.781049	0.562356	5.1462	5.12813
-0.782692	0.560056	5.1462	5.12748
-0.782363	0.568269	5.14423	5.12715
-0.788277	0.568927	5.14325	5.12846
-0.786634	0.559727	5.1439	5.12945
-0.787948	0.56137	5.1462	5.12846
-0.790577	0.560384	5.14587	5.12583
-0.795833	0.560056	5.14587	5.1255
-0.791234	0.562356	5.14587	5.12616
-0.798133	0.55907	5.14522	5.1278
-0.806018	0.55677	5.14292	5.12813
-0.810618	0.553157	5.14226	5.12813
-0.813903	0.553157	5.14259	5.12682
-0.816531	0.557099	5.14325	5.12682
-0.81686	0.560384	5.14522	5.12649
-0.811275	0.564327	5.14522	5.12452
-0.80996	0.57254	5.14456	5.12518
-0.815217	0.576483	5.14423	5.12583
-0.811932	0.576154	5.14423	5.12682
-0.80996	0.572212	5.14555	5.12715
-0.81226	0.568927	5.1462	5.12748
-0.814889	0.571555	5.14522	5.12682
-0.811603	0.570241	5.14325	5.12813
-0.805689	0.570241	5.14095	5.12616
-0.79649	0.575497	5.14292	5.12485
-0.794519	0.580425	5.14456	5.12518
-0.791562	0.57714	5.14423	5.12485
-0.787948	0.580097	5.14259	5.12386
-0.781049	0.580754	5.14127	5.12288
-0.779078	0.583711	5.14127	5.12386
-0.780063	0.584368	5.1416	5.12485
-0.770864	0.586011	5.14062	5.12715
-0.776121	0.585025	5.1393	5.12715
-0.774807	0.595867	5.14193	5.12649
-0.772507	0.588968	5.1439	5.12485
-0.771521	0.595867	5.14357	5.12452
-0.768236	0.600138	5.14062	5.12518
-0.767579	0.59751	5.13897	5.1255
-0.768236	0.602766	5.13897	5.12616
-0.763965	0.603752	5.14127	5.12715
-0.762979	0.594881	5.14259	5.12748
-0.762651	0.594224	5.14357	5.12813
-0.761993	0.596524	5.14357	5.12649
-0.759694	0.596524	5.1416	5.12616
-0.76495	0.598824	5.14292	5.12485
-0.768236	0.591267	5.14522	5.12485
-0.767907	0.595867	5.14522	5.12419
-0.765936	0.598167	5.14456	5.1232
-0.762322	0.601452	5.14489	5.1255
-0.760022	0.605066	5.14489	5.12649
-0.761336	0.606709	5.14555	5.12518
-0.754437	0.608351	5.14423	5.12616
-0.750166	0.611637	5.14489	5.12649
-0.745566	0.618536	5.14522	5.12583
-0.743267	0.614265	5.14752	5.12518
-0.736696	0.619193	5.14817	5.12419
-0.739324	0.619522	5.14719	5.1232
-0.741295	0.618536	5.1462	5.12485
-0.743267	0.617879	5.14423	5.12682
-0.742281	0.621493	5.14062	5.12846
-0.744581	0.624121	5.1416	5.12813
-0.741624	0.617222	5.14456	5.12616
-0.753451	0.611637	5.14456	5.12616
-0.753123	0.606052	5.14587	5.12518
-0.75378	0.604738	5.14555	5.12452
-0.761336	0.604738	5.1439	5.12485
-0.769878	0.607694	5.14193	5.12715
-0.777106	0.609009	5.1416	5.12879
-0.773821	0.605066	5.14292	5.12715
-0.768236	0.603423	5.14357	5.12419
-0.767579	0.603752	5.1439	5.12189
-0.766593	0.60868	5.14423	5.12255
-0.760679	0.611637	5.14292	5.12485
-0.75608	0.614265	5.14325	5.1255
-0.755751	0.61328	5.14357	5.12616
-0.75378	0.610323	5.14423	5.12583
-0.752466	0.610323	5.14522	5.1255
-0.754437	0.610323	5.14423	5.12616
-0.758708	0.612294	5.14292	5.12682
-0.758708	0.614594	5.1416	5.12583
-0.751152	0.62215	5.14292	5.12682
-0.751152	0.620836	5.14456	5.1255
-0.753451	0.622479	5.14456	5.12452
-0.755423	0.626421	5.14489	5.12386
-0.759365	0.621165	5.14423	5.1232
-0.757722	0.620836	5.1439	5.12419
-0.762979	0.616894	5.14357	5.12715
-0.762979	0.618536	5.14357	5.12846
-0.763965	0.618865	5.14489	5.12813
-0.76955	0.611637	5.1462	5.12813
-0.774149	0.611637	5.14653	5.12583
-0.777106	0.606052	5.14686	5.12485
-0.778421	0.598167	5.14653	5.12452
-0.769878	0.600795	5.14489	5.12518
-0.769221	0.599809	5.14489	5.12485
-0.774149	0.592253	5.14357	5.12353
-0.773164	0.600466	5.14325	5.1232
-0.772178	0.601781	5.14456	5.12419
-0.762979	0.609666	5.14555	5.12649
-0.765936	0.60868	5.1439	5.12715
-0.763308	0.609994	5.14226	5.12813
-0.757065	0.615908	5.14292	5.12846
-0.761665	0.60868	5.14489	5.12879
-0.763636	0.603095	5.14555	5.12682
-0.76495	0.596195	5.14489	5.12715
-0.768893	0.589953	5.1439	5.12682
-0.765607	0.598824	5.1439	5.12682
-0.768236	0.610323	5.14423	5.12649
-0.761665	0.612951	5.14489	5.12616
-0.760022	0.616236	5.14587	5.12682
-0.765279	0.617551	5.14653	5.12649
-0.765936	0.616894	5.14489	5.1255
-0.76955	0.616894	5.14292	5.12583
-0.772835	0.617222	5.14325	5.12813
-0.768564	0.618536	5.14325	5.12945
-0.770536	0.618208	5.14357	5.12813
-0.767907	0.624121	5.1439	5.12649
-0.763965	0.631349	5.14555	5.12452
-0.764622	0.62445	5.1439	5.12452
-0.765279	0.623793	5.14127	5.1255
-0.767579	0.627407	5.14095	5.12583
-0.766922	0.628392	5.14325	5.12748
-0.767907	0.630364	5.14522	5.12748
-0.769221	0.628392	5.14522	5.12649
-0.770207	0.62905	5.14423	5.12583
-0.773164	0.625436	5.14193	5.12649
-0.775464	0.62675	5.14095	5.12616
-0.773821	0.629707	5.14259	5.12616
-0.769221	0.626093	5.14325	5.12485
-0.757394	0.626421	5.14325	5.12452
-0.75838	0.626421	5.14292	5.12485
-0.760679	0.626093	5.14226	5.12485
-0.763308	0.623464	5.14062	5.12485
-0.761336	0.625764	5.14029	5.12583
-0.758708	0.62215	5.14259	5.12649
-0.756408	0.62215	5.14325	5.12616
-0.75378	0.630035	5.14423	5.12583
-0.74918	0.630035	5.14456	5.12419
-0.743595	0.632664	5.1439	5.1255
-0.743924	0.62215	5.14259	5.12649
-0.743595	0.621165	5.14325	5.12583
-0.744581	0.620508	5.1439	5.12616
-0.749509	0.619522	5.14292	5.12649
-0.757065	0.614265	5.1439	5.12518
-0.757065	0.616565	5.14752	5.12715
-0.765936	0.611965	5.14752	5.12945
-0.767907	0.605395	5.1462	5.12879
-0.76725	0.607366	5.14259	5.12879
-0.771193	0.60638	5.1416	5.12912
-0.765279	0.608023	5.1416	5.12813
-0.762979	0.609666	5.14226	5.12616
-0.764622	0.612294	5.14325	5.12386
-0.760679	0.61328	5.1439	5.1232
-0.760679	0.610323	5.14325	5.12452
-0.760022	0.613608	5.1439	5.1255
-0.758708	0.616894	5.14423	5.1255
-0.756408	0.619193	5.14489	5.1255
-0.756737	0.614922	5.14555	5.12518
-0.759694	0.614922	5.14686	5.12583
-0.760679	0.614265	5.14587	5.12715
-0.760679	0.618208	5.14456	5.12715
-0.759365	0.620836	5.14292	5.1255
-0.759694	0.617879	5.14259	5.12518
-0.759365	0.620508	5.14357	5.12452
-0.757065	0.615251	5.14489	5.1232
-0.760351	0.612951	5.14555	5.12288
-0.757394	0.618536	5.1439	5.12452
-0.751152	0.62215	5.14193	5.12518
-0.747866	0.618536	5.14193	5.12682
-0.753123	0.620179	5.14292	5.12616
-0.746881	0.626093	5.14325	5.12452
-0.734725	0.624779	5.14325	5.12353
-0.733739	0.629707	5.14292	5.1232
-0.735382	0.63562	5.14226	5.12353
-0.73341	0.640549	5.14259	5.12419
-0.735053	0.643505	5.14259	5.12485
-0.734067	0.641863	5.14357	5.1255
-0.732096	0.647119	5.14456	5.12518
-0.727168	0.650733	5.14325	5.12518
-0.728811	0.65599	5.14325	5.12452
-0.729796	0.660261	5.14456	5.1255
-0.725525	0.666503	5.14423	5.1255
-0.727825	0.66716	5.14325	5.12485
-0.729468	0.667817	5.14325	5.12485
-0.728154	0.666175	5.14325	5.12485
-0.72454	0.660261	5.14357	5.12386
-0.723554	0.666175	5.14292	5.12419
-0.719283	0.66716	5.14423	5.12485
-0.718626	0.667489	5.14587	5.12518
-0.720269	0.663546	5.14587	5.12353
-0.718298	0.664861	5.14489	5.12386
-0.716326	0.663218	5.14423	5.12419
-0.716983	0.664532	5.14325	5.12518
-0.715998	0.666503	5.14193	5.12583
-0.719612	0.663875	5.14193	5.12682
-0.716655	0.656319	5.14292	5.12616
-0.715669	0.657304	5.1439	5.12715
-0.719283	0.660918	5.14259	5.1255
-0.714026	0.656647	5.14259	5.12419
-0.714026	0.659275	5.14226	5.12419
-0.713041	0.661247	5.14325	5.12682
-0.717312	0.657961	5.14456	5.1278
-0.716326	0.659604	5.14653	5.12682
-0.716983	0.660918	5.14785	5.12748
-0.720926	0.65599	5.14817	5.12583
-0.714684	0.656647	5.14785	5.12353
-0.716983	0.657633	5.1462	5.1232
-0.718298	0.661247	5.14456	5.12518
-0.716326	0.664532	5.14522	5.12682
-0.719612	0.672417	5.14522	5.12813
-0.710741	0.674717	5.1462	5.12715
-0.707456	0.675374	5.14587	5.12518
-0.706799	0.671103	5.14587	5.12616
-0.709427	0.680959	5.14489	5.12682
-0.707456	0.683259	5.1416	5.12616
-0.704499	0.687858	5.13996	5.12715
-0.70647	0.685559	5.14062	5.1278
-0.707784	0.685887	5.1416	5.12813
-0.707456	0.691801	5.14325	5.1278
-0.707127	0.698372	5.14456	5.12616
-0.705813	0.694429	5.14226	5.12485
-0.703842	0.695743	5.1393	5.12583
-0.701213	0.695415	5.1393	5.12682
-0.697271	0.699029	5.14127	5.12682
-0.695957	0.700672	5.14259	5.12649
-0.698585	0.701657	5.14555	5.12583
-0.699899	0.698043	5.14653	5.12353
-0.695628	0.698043	5.14653	5.12386
-0.6953	0.699357	5.14522	5.12452
-0.690043	0.703628	5.1439	5.12419
-0.693985	0.704943	5.1439	5.12485
-0.689057	0.704943	5.14292	5.12583
-0.692343	0.699686	5.14292	5.12419
-0.695628	0.702971	5.1416	5.12353
-0.688729	0.701	5.14325	5.1255
-0.686429	0.698372	5.14522	5.12846
-0.6907	0.690487	5.14653	5.12879
-0.693	0.693772	5.14555	5.1278
-0.692671	0.686873	5.14357	5.12583
-0.702199	0.677674	5.14193	5.12485
-0.70417	0.675702	5.14029	5.12485
-0.705484	0.668803	5.14029	5.12616
-0.710413	0.666503	5.14127	5.12616
-0.713041	0.661247	5.14357	5.12485
-0.714684	0.657304	5.14489	5.12452
-0.71107	0.661904	5.14653	5.12452
-0.716326	0.659932	5.14719	5.12386
-0.718298	0.656976	5.14686	5.12353
-0.721583	0.652047	5.14489	5.12353
-0.722897	0.645148	5.14193	5.12452
-0.729796	0.646462	5.14259	5.12485
-0.727497	0.649419	5.14423	5.12485
-0.72684	0.647119	5.14587	5.12419
-0.730125	0.648434	5.14555	5.12419
-0.734725	0.642848	5.1439	5.12419
-0.735382	0.643834	5.14357	5.12616
-0.730782	0.644162	5.14292	5.12748
-0.731439	0.645805	5.14259	5.1278
-0.730782	0.645148	5.1439	5.12748
-0.729468	0.641863	5.14456	5.12846
-0.730782	0.646791	5.14587	5.12649
-0.728154	0.643834	5.14423	5.1255
-0.728811	0.639234	5.14193	5.12682
-0.73801	0.636606	5.14062	5.12715
-0.747538	0.634963	5.14095	5.12682
-0.746223	0.628721	5.14292	5.12518
-0.748852	0.627735	5.14456	5.12353
-0.753123	0.61985	5.14653	5.12452
-0.752137	0.61328	5.14719	5.12748
-0.755094	0.618865	5.1462	5.1278
-0.753451	0.617551	5.14357	5.12715
-0.744252	0.623793	5.13996	5.12616
-0.746881	0.630035	5.1393	5.12682
-0.741624	0.627407	5.14127	5.12715
-0.745566	0.62675	5.14325	5.12485
-0.744581	0.630692	5.14325	5.12353
-0.741295	0.630035	5.14325	5.1255
-0.737353	0.632006	5.14357	5.12715
-0.732425	0.636277	5.14423	5.12649
-0.724868	0.636277	5.14423	5.12485
-0.720597	0.641863	5.14292	5.1232
-0.718298	0.646134	5.14226	5.12255
-0.713041	0.646134	5.13996	5.12419
-0.70877	0.64482	5.14095	5.12682
-0.70877	0.646791	5.14127	5.12682
-0.715012	0.641206	5.14062	5.12682
-0.713369	0.643834	5.1416	5.12616
-0.717312	0.640877	5.1439	5.12485
-0.714026	0.639234	5.14423	5.1255
-0.720597	0.631678	5.14259	5.12748
-0.726182	0.639563	5.14062	5.12879
-0.730454	0.63562	5.1416	5.1278
-0.738339	0.628392	5.14357	5.12649
-0.742281	0.625764	5.14423	5.12452
-0.747538	0.625764	5.14489	5.12452
-0.744252	0.625764	5.14456	5.1255
-0.742281	0.628392	5.14259	5.12813
-0.743595	0.622807	5.14226	5.12912
-0.741295	0.627078	5.14456	5.12715
-0.736696	0.62445	5.14653	5.12518
-0.744581	0.618208	5.14719	5.12452
-0.746552	0.611965	5.14555	5.1255
-0.747538	0.616894	5.14423	5.12715
-0.743924	0.61328	5.14325	5.12912
-0.739653	0.61328	5.14456	5.1278
-0.738339	0.616565	5.14653	5.12682
-0.742938	0.617879	5.14719	5.12583
-0.742938	0.614265	5.14719	5.12452
-0.742938	0.616565	5.14522	5.12452
-0.745566	0.610323	5.14292	5.1255
-0.746223	0.612623	5.14292	5.12616
-0.744909	0.609994	5.14423	5.12649
-0.750823	0.60868	5.14555	5.12649
-0.747538	0.608023	5.14522	5.12485
-0.750166	0.602438	5.1439	5.12419
-0.759694	0.600138	5.14456	5.12518
-0.764293	0.595538	5.14522	5.12715
-0.766922	0.598167	5.14522	5.1278
-0.767579	0.606052	5.14555	5.12879
-0.767579	0.601781	5.14456	5.12912
-0.767907	0.59521	5.14357	5.12912
-0.770864	0.598495	5.14292	5.12715
-0.770536	0.605395	5.14357	5.12583
-0.76955	0.601452	5.14522	5.12616
-0.767579	0.606052	5.14587	5.12682
-0.763965	0.607366	5.14522	5.12682
-0.760679	0.610323	5.14456	5.12518
-0.753451	0.60868	5.14587	5.12386
-0.746881	0.60638	5.14752	5.12288
-0.741624	0.603752	5.1462	5.1232
-0.74918	0.603423	5.14423	5.1255
-0.749837	0.602766	5.14226	5.12748
-0.745895	0.603423	5.1416	5.12715
-0.739324	0.609337	5.14226	5.12386
-0.732425	0.611308	5.14325	5.12288
-0.731439	0.608351	5.1439	5.12353
-0.732753	0.603423	5.14456	5.12616
-0.737024	0.598495	5.14587	5.1255
-0.734396	0.597838	5.14817	5.1255
-0.732753	0.601781	5.15014	5.12419
-0.736367	0.602109	5.14916	5.1232
-0.734725	0.597838	5.1462	5.1232
-0.733082	0.600466	5.14292	5.1232
-0.731439	0.60408	5.1416	5.1232
-0.723226	0.607037	5.14292	5.12419
-0.721254	0.61098	5.14489	5.12583
-0.723554	0.613608	5.14555	5.12616
-0.723554	0.612951	5.14555	5.12682
-0.72224	0.619193	5.14292	5.1255
-0.72454	0.624779	5.14226	5.12518
-0.718626	0.627735	5.14259	5.12518
-0.723226	0.627078	5.14522	5.12682
-0.721911	0.62445	5.14555	5.1278
-0.726182	0.622479	5.14587	5.12748
-0.72454	0.621493	5.14555	5.12649
-0.725854	0.625764	5.1439	5.12682
-0.721911	0.62905	5.14423	5.12649
-0.726182	0.626093	5.14489	5.12485
-0.727825	0.626093	5.14489	5.12419
-0.730125	0.625107	5.14522	5.12419
-0.734067	0.620508	5.14587	5.12353
-0.734067	0.621493	5.14587	5.12386
-0.729796	0.627407	5.14325	5.1255
-0.727168	0.632006	5.14193	5.12616
-0.728154	0.632006	5.14127	5.12649
-0.732753	0.633978	5.14357	5.12682
-0.733739	0.633978	5.14555	5.12715
-0.738667	0.62905	5.14522	5.12649
-0.739324	0.625107	5.14522	5.12583
-0.740967	0.627078	5.14522	5.12616
-0.747209	0.618865	5.14522	5.12715
-0.752137	0.611965	5.14325	5.12813
-0.74918	0.612294	5.14325	5.12715
-0.748523	0.609994	5.14292	5.12682
-0.744581	0.60868	5.14489	5.1255
-0.742281	0.606709	5.14489	5.12485
-0.750823	0.600466	5.14456	5.1255
-0.75378	0.599809	5.14489	5.12649
-0.757394	0.591596	5.1462	5.12715
-0.757722	0.586996	5.14555	5.12715
-0.752466	0.593567	5.14423	5.12813
-0.755423	0.595538	5.14292	5.12748
-0.760022	0.597838	5.14226	5.12715
-0.762979	0.596195	5.14193	5.12715
-0.762322	0.602109	5.14226	5.12682
-0.759037	0.602438	5.14193	5.12583
-0.755423	0.605723	5.1439	5.12583
-0.754108	0.608023	5.14653	5.1255
-0.752466	0.610323	5.14785	5.1232
-0.749509	0.604409	5.14719	5.12156
-0.748852	0.601452	5.14423	5.12189
-0.739981	0.601124	5.14259	5.12353
-0.741295	0.600795	5.14127	5.1255
-0.737353	0.602766	5.14029	5.1278
-0.743595	0.599809	5.14292	5.12846
-0.742281	0.594553	5.14456	5.12813
-0.734067	0.599481	5.14489	5.12616
-0.729796	0.596853	5.14325	5.12583
-0.732753	0.597838	5.14325	5.1255
-0.730125	0.589625	5.14325	5.12583
-0.734725	0.590282	5.14226	5.12583
-0.732753	0.593567	5.14357	5.12649
-0.732425	0.591924	5.14325	5.12583
-0.729468	0.592253	5.14226	5.12222
-0.738667	0.586339	5.14259	5.12288
-0.741624	0.589296	5.14226	5.12518
-0.739981	0.589625	5.14259	5.12682
-0.738996	0.592581	5.14226	5.12748
-0.743595	0.588639	5.14292	5.12715
-0.756737	0.589296	5.14456	5.12715
-0.760351	0.590939	5.1462	5.12748
-0.762322	0.580097	5.14456	5.12813
-0.768564	0.577469	5.1416	5.12813
-0.770536	0.575497	5.14062	5.12715
-0.767579	0.575826	5.14226	5.12682
-0.765607	0.57484	5.14456	5.12616
-0.764293	0.576483	5.14522	5.12485
-0.77185	0.569584	5.14653	5.12485
-0.778092	0.564655	5.14522	5.12649
-0.784006	0.566298	5.14489	5.12682
-0.779078	0.57254	5.1439	5.12682
-0.783349	0.570898	5.14357	5.12518
-0.784663	0.573855	5.14423	5.12288
-0.784006	0.575826	5.14423	5.12452
-0.789262	0.576812	5.14489	5.12485
-0.792219	0.570569	5.14522	5.1255
-0.795176	0.572869	5.14423	5.12518
-0.799447	0.573526	5.14522	5.12353
-0.804704	0.566955	5.14587	5.1232
-0.804704	0.568598	5.14653	5.12386
-0.80339	0.567612	5.14653	5.12419
-0.801418	0.568927	5.14489	5.1255
-0.79879	0.573855	5.14555	5.12715
-0.794848	0.580425	5.14587	5.12846
-0.78762	0.585025	5.14555	5.12846
-0.790905	0.586011	5.14555	5.12715
-0.796162	0.586339	5.14555	5.12518
-0.799776	0.582725	5.14489	5.12353
-0.803718	0.584039	5.1439	5.12452
-0.807989	0.58174	5.14259	5.12419
-0.807661	0.580754	5.14292	5.12419
-0.810289	0.573526	5.14292	5.1232
-0.807332	0.578454	5.1439	5.12288
-0.800761	0.584368	5.14357	5.12452
-0.797804	0.583382	5.14193	5.12518
-0.79419	0.583382	5.13963	5.1255
-0.794519	0.578126	5.14259	5.1278
-0.789262	0.585025	5.14522	5.13207
-0.788934	0.587325	5.14686	5.1324
-0.78302	0.590939	5.14587	5.13109
-0.783349	0.589296	5.14522	5.12977
-0.778092	0.596524	5.14587	5.12748
-0.773492	0.601124	5.14587	5.1278
-0.767579	0.602109	5.14522	5.12715
-0.759037	0.605395	5.14456	5.12616
-0.757065	0.602766	5.14259	5.12682
-0.749509	0.600466	5.14127	5.1278
-0.750823	0.595867	5.14193	5.1278
-0.750823	0.601124	5.1416	5.12715
-0.746881	0.602109	5.14226	5.12715
-0.741952	0.604409	5.14259	5.12715
-0.731439	0.611308	5.14259	5.12813
-0.733082	0.613937	5.14292	5.12748
-0.732425	0.614922	5.14522	5.12649
-0.724868	0.615908	5.14555	5.12715
-0.726182	0.621822	5.14325	5.12879
-0.724868	0.627407	5.14193	5.12846
-0.727497	0.629707	5.1416	5.1278
-0.728811	0.632992	5.14357	5.12715
-0.736039	0.629378	5.14456	5.12583
-0.737024	0.627735	5.14555	5.12583
-0.734396	0.629707	5.14555	5.12583
-0.730454	0.638906	5.1439	5.12649
-0.730454	0.639563	5.14325	5.12813
-0.730454	0.643177	5.14325	5.12682
-0.725525	0.644162	5.14555	5.12682
-0.729139	0.64252	5.14555	5.12682
-0.731111	0.642848	5.14357	5.12649
-0.730454	0.645805	5.14226	5.12649
-0.732096	0.64482	5.14029	5.12583
-0.728811	0.640549	5.13996	5.12682
-0.725854	0.643177	5.14029	5.1278
-0.734396	0.63792	5.14193	5.12748
-0.738996	0.633978	5.14423	5.12649
-0.738667	0.638577	5.14522	5.12616
-0.735382	0.637592	5.14357	5.12682
-0.735382	0.645477	5.14325	5.12616
-0.729139	0.645477	5.14489	5.1255
-0.727168	0.647448	5.14489	5.12649
-0.720926	0.654676	5.1439	5.12616
-0.71764	0.65139	5.14292	5.12452
-0.717969	0.650076	5.14292	5.12616
-0.707784	0.651719	5.14325	5.1278
-0.70647	0.646134	5.14357	5.1278
-0.709755	0.645148	5.14226	5.12715
-0.706142	0.645148	5.14226	5.12452
-0.701213	0.643505	5.14325	5.12386
-0.706142	0.638577	5.14423	5.12485
-0.700885	0.636277	5.1439	5.12452
-0.699242	0.63562	5.14423	5.12485
-0.705813	0.634963	5.1416	5.12386
-0.706142	0.643177	5.1416	5.12386
-0.701213	0.638249	5.14325	5.12353
-0.700885	0.637263	5.14522	5.12353
-0.701542	0.634306	5.14522	5.1255
-0.707456	0.631021	5.14325	5.1255
-0.704827	0.631349	5.14062	5.1232
-0.696942	0.629707	5.14095	5.12156
-0.694971	0.628721	5.14127	5.12485
-0.698914	0.620836	5.14292	5.12682
-0.697599	0.619193	5.14456	5.12649
-0.705813	0.616565	5.14423	5.12682
-0.707784	0.611965	5.14325	5.12715
-0.711398	0.608351	5.1439	5.12649
-0.707127	0.60408	5.14456	5.12583
-0.707127	0.611637	5.14522	5.12452
-0.705484	0.610651	5.14555	5.12452
-0.705813	0.612951	5.1462	5.12452
-0.707127	0.617551	5.1462	5.12583
-0.706142	0.612294	5.14587	5.12616
-0.712712	0.60868	5.14686	5.12748
-0.712384	0.610323	5.14653	5.1278
-0.719612	0.606052	5.14555	5.12879
-0.725525	0.609666	5.14423	5.12649
-0.732425	0.60868	5.14456	5.12452
-0.743595	0.609009	5.14653	5.12386
-0.750495	0.599152	5.14719	5.12485
-0.759365	0.601452	5.14456	5.1255
-0.758051	0.596195	5.14226	5.12682
-0.763965	0.59521	5.14193	5.12879
-0.765279	0.599809	5.1439	5.12846
-0.773164	0.593567	5.14489	5.12879
-0.774149	0.59291	5.14489	5.12879
-0.767579	0.589296	5.14489	5.12715
-0.76725	0.593567	5.14259	5.12649
-0.774149	0.587653	5.14226	5.12649
-0.776449	0.586996	5.14292	5.1255
-0.773821	0.583711	5.14357	5.1255
-0.781377	0.580754	5.14423	5.12485
-0.779735	0.579111	5.14423	5.12353
-0.775464	0.572869	5.14357	5.12353
-0.779735	0.571883	5.14226	5.1232
-0.780392	0.57254	5.14127	5.12353
-0.787291	0.565313	5.14062	5.12452
-0.792876	0.56137	5.14259	5.12353
-0.788605	0.56367	5.14423	5.12419
-0.790248	0.557099	5.14489	5.12452
-0.790248	0.554799	5.14522	5.12419
-0.79419	0.554471	5.14522	5.12419
-0.784991	0.558742	5.14357	5.12485
-0.78532	0.569912	5.14357	5.12419
-0.784334	0.563013	5.14423	5.12452
-0.779735	0.560056	5.1439	5.12419
-0.777106	0.566627	5.14127	5.1255
-0.774149	0.569255	5.13963	5.12583
-0.775792	0.567941	5.13897	5.12518
-0.772507	0.569912	5.1393	5.12452
-0.770864	0.573526	5.1416	5.12583
-0.773821	0.569584	5.1439	5.12649
-0.772835	0.568269	5.14456	5.12583
-0.768893	0.573855	5.14259	5.12583
-0.768236	0.577469	5.14029	5.12748
-0.76725	0.578454	5.13996	5.12682
-0.762651	0.571226	5.14062	5.1255
-0.759365	0.573198	5.14292	5.1255
-0.757065	0.573198	5.14522	5.12452
-0.750495	0.572869	5.14587	5.12222
-0.755751	0.573855	5.1439	5.12288
-0.75838	0.577469	5.14226	5.12452
-0.750166	0.58831	5.14292	5.12583
-0.75148	0.593239	5.1439	5.12518
-0.742938	0.596853	5.14653	5.1232
-0.739653	0.601452	5.1462	5.12419
-0.741952	0.602438	5.14456	5.12353
-0.741952	0.602766	5.14259	5.12288
-0.739981	0.600466	5.14193	5.12353
-0.739653	0.606052	5.14127	5.12386
-0.739324	0.608351	5.14127	5.12485
-0.741624	0.612623	5.14226	5.1255
-0.742938	0.616894	5.14357	5.12583
-0.739981	0.617551	5.14456	5.12419
-0.735382	0.612294	5.14357	5.1232
-0.735382	0.610651	5.1416	5.12518
-0.744252	0.609337	5.14127	5.12748
-0.747866	0.605723	5.14489	5.12813
-0.751152	0.611308	5.1462	5.12616
-0.755423	0.611965	5.14587	5.12452
-0.757065	0.609994	5.14522	5.12616
-0.755751	0.606052	5.14423	5.12682
-0.759365	0.607366	5.14259	5.12715
-0.762322	0.606052	5.1416	5.1278
-0.762979	0.604738	5.14292	5.12715
-0.763636	0.598824	5.14325	5.1255
-0.764293	0.598824	5.14259	5.12485
-0.760351	0.601124	5.14325	5.1255
-0.75838	0.602438	5.14325	5.12518
-0.762651	0.605723	5.14226	5.12715
-0.757065	0.609666	5.14127	5.12715
-0.754766	0.612623	5.14062	5.12649
-0.753123	0.616894	5.14259	5.12452
-0.743924	0.62215	5.14555	5.12353
-0.746881	0.623136	5.14456	5.12419
-0.742281	0.627407	5.14292	5.12583
-0.736039	0.624121	5.14029	5.1255
-0.731439	0.619193	5.14029	5.12419
-0.73571	0.612623	5.14226	5.12222
-0.731768	0.613937	5.14357	5.12156
-0.732425	0.617551	5.14325	5.12353
-0.727497	0.62215	5.14325	5.12649
-0.725197	0.62215	5.14259	5.12879
-0.717969	0.621165	5.14193	5.12879
-0.706799	0.623793	5.14292	5.12715
-0.710084	0.627078	5.1439	5.12649
-0.702856	0.629378	5.14357	5.12583
-0.699899	0.627407	5.1416	5.12748
-0.689714	0.627407	5.13897	5.12813
-0.691357	0.630035	5.13963	5.12813
-0.687415	0.630035	5.14127	5.12813
-0.692343	0.625436	5.1439	5.12846
-0.695628	0.626093	5.1462	5.12715
-0.698257	0.617222	5.14653	5.12452
-0.6953	0.615251	5.1439	5.12353
-0.697599	0.615251	5.14193	5.12452
-0.70187	0.604738	5.14193	5.12419
-0.699571	0.599809	5.14292	5.12452
-0.698585	0.601124	5.14423	5.12649
-0.705813	0.595538	5.1462	5.12945
-0.710741	0.591596	5.14752	5.12912
-0.712055	0.598495	5.14686	5.12715
-0.711727	0.599481	5.14259	5.12583
-0.71107	0.595867	5.14127	5.1255
-0.71764	0.594224	5.1416	5.12419
-0.71994	0.596853	5.14587	5.12452
-0.721254	0.598167	5.14686	5.12353
-0.72224	0.595538	5.1462	5.12386
-0.721911	0.592581	5.14456	5.12485
-0.72454	0.598824	5.14423	5.12485
-0.729468	0.600466	5.14522	5.1255
-0.729139	0.603752	5.14456	5.12682
-0.735382	0.597838	5.14357	5.12616
-0.739324	0.601124	5.14423	5.12616
-0.737681	0.595538	5.1439	5.12485
-0.747866	0.59291	5.14423	5.12649
-0.74918	0.590939	5.14456	5.12813
-0.760679	0.589296	5.14522	5.12879
-0.767579	0.580754	5.14259	5.1278
-0.770536	0.582397	5.14226	5.12583
-0.76495	0.586339	5.14292	5.12583
-0.770207	0.588968	5.14292	5.12682
-0.776449	0.587982	5.14292	5.12649
-0.777763	0.590939	5.1439	5.12419
-0.780392	0.588968	5.14456	5.12452
-0.784334	0.591596	5.14357	5.1255
-0.777763	0.590282	5.14423	5.12485
-0.784663	0.587982	5.14423	5.12518
-0.786963	0.586339	5.14489	5.12682
-0.791234	0.578454	5.14423	5.12813
-0.795176	0.57484	5.14325	5.12748
-0.791891	0.575497	5.14357	5.12649
-0.794519	0.573526	5.14456	5.1255
-0.797476	0.57254	5.14522	5.1255
-0.797804	0.565641	5.14587	5.12518
-0.801747	0.562027	5.1462	5.12485
-0.801747	0.565313	5.14587	5.12583
-0.799447	0.569912	5.14686	5.12682
-0.800433	0.566955	5.14522	5.12682
-0.796819	0.571555	5.14456	5.12583
-0.793533	0.574183	5.14489	5.12583
-0.791234	0.573526	5.14522	5.1278
-0.790248	0.571883	5.1439	5.12879
-0.786305	0.568927	5.14292	5.12748
-0.783349	0.564327	5.14259	5.1278
-0.790248	0.563341	5.14325	5.12879
-0.789262	0.55677	5.14357	5.12879
-0.790905	0.547243	5.14259	5.12583
-0.792219	0.551842	5.14292	5.1232
-0.792219	0.551842	5.14292	5.12419
-0.793533	0.551842	5.14193	5.12649
-0.79649	0.5502	5.1416	5.12879
-0.797804	0.553814	5.14325	5.12846
-0.792876	0.558413	5.14423	5.12616
-0.793205	0.55907	5.14555	5.12452
-0.790577	0.561042	5.14752	5.12255
-0.785648	0.565641	5.1485	5.12386
-0.786634	0.563013	5.14653	5.12485
-0.796819	0.552828	5.14325	5.12485
-0.793205	0.556442	5.14062	5.12419
-0.795505	0.562027	5.14193	5.12353
-0.795176	0.556113	5.14489	5.12222
-0.792548	0.554471	5.14587	5.12452
-0.793205	0.558742	5.14423	5.12518
-0.799119	0.562027	5.14193	5.12452
-0.801418	0.564655	5.1439	5.1232
-0.802733	0.562684	5.14489	5.12156
-0.80109	0.559399	5.14456	5.12025
-0.800761	0.556113	5.1439	5.12189
-0.804704	0.551185	5.14357	5.12518
-0.809632	0.546257	5.14325	5.12649
-0.806675	0.552828	5.14325	5.12813
-0.805689	0.554471	5.14357	5.12813
-0.810289	0.555785	5.14292	5.12813
-0.804375	0.564655	5.14226	5.12715
-0.806018	0.564327	5.14357	5.12649
-0.811603	0.561699	5.14456	5.1255
-0.810946	0.556113	5.1439	5.12616
-0.807989	0.551842	5.14259	5.1255
-0.810946	0.551185	5.14226	5.12583
-0.810946	0.5479	5.14357	5.12583
-0.803718	0.540343	5.1439	5.12518
-0.806346	0.540343	5.14456	5.12452
-0.799119	0.546586	5.14587	5.12452
-0.795505	0.550528	5.14522	5.12452
-0.795176	0.554142	5.14259	5.12485
-0.792548	0.555128	5.14127	5.12583
-0.791562	0.559399	5.14193	5.12682
-0.792548	0.564327	5.14357	5.12616
-0.791891	0.571555	5.14456	5.12616
-0.786963	0.575169	5.14456	5.12583
-0.779078	0.583054	5.14193	5.12616
-0.778092	0.587653	5.1393	5.12846
-0.773492	0.587653	5.14029	5.1301
-0.772507	0.579768	5.14127	5.13043
-0.766593	0.579111	5.13996	5.1301
-0.767579	0.579111	5.1393	5.12813
-0.762979	0.574183	5.13996	5.12846
-0.760679	0.571555	5.14193	5.13043
-0.759694	0.574183	5.1439	5.12912
-0.757065	0.577469	5.14357	5.12715
-0.750166	0.572212	5.14489	5.12419
-0.744252	0.577469	5.14522	5.12452
-0.743267	0.580425	5.14423	5.12485
-0.744581	0.578783	5.14259	5.12813
-0.743924	0.582397	5.14193	5.12813
-0.745238	0.579768	5.1439	5.1278
-0.738667	0.57714	5.14357	5.12748
-0.74261	0.573855	5.14357	5.12616
-0.748852	0.575169	5.14226	5.12616
-0.752466	0.577469	5.14095	5.12616
-0.747209	0.579111	5.14062	5.12649
-0.749509	0.572869	5.14259	5.12813
-0.746223	0.578454	5.1439	5.12813
-0.750166	0.575169	5.14456	5.12386
-0.750495	0.566955	5.1439	5.12255
-0.752466	0.567284	5.14259	5.12288
-0.746552	0.573855	5.14259	5.12452
-0.744909	0.575826	5.14226	5.12715
-0.750166	0.578454	5.14357	5.12846
-0.747538	0.589296	5.14489	5.1278
-0.746552	0.596195	5.1439	5.12616
-0.746223	0.598167	5.14259	5.12583
-0.744909	0.602766	5.14259	5.12616
-0.747866	0.607037	5.14095	5.12715
-0.751809	0.607366	5.13996	5.1278
-0.749509	0.60638	5.14029	5.1301
-0.746552	0.61098	5.14259	5.13109
-0.741952	0.609337	5.14522	5.12813
-0.740967	0.609994	5.14555	5.12682
-0.745895	0.605395	5.14522	5.1255
-0.753123	0.601452	5.1439	5.1255
-0.746223	0.602109	5.1439	5.12846
-0.751809	0.601452	5.14357	5.12879
-0.748523	0.604409	5.14456	5.12682
-0.754108	0.606052	5.14325	5.12353
-0.758708	0.605066	5.14226	5.12353
-0.761008	0.605723	5.14193	5.12518
-0.759365	0.610323	5.14095	5.12518
-0.757394	0.611965	5.14095	5.12583
-0.750823	0.615251	5.14259	5.12649
-0.751152	0.616565	5.14325	5.12649
-0.759037	0.614265	5.14456	5.12452
-0.75838	0.611637	5.14587	5.12353
-0.759037	0.610323	5.1462	5.12583
-0.755423	0.607037	5.14555	5.12846
-0.751809	0.607694	5.14456	5.12813
-0.748195	0.605395	5.14456	5.12748
-0.743924	0.607694	5.1462	5.12682
-0.745895	0.605723	5.14752	5.12616
-0.738996	0.606052	5.14489	5.12419
-0.736696	0.611637	5.14292	5.12288
-0.739324	0.609009	5.14357	5.12255
-0.73801	0.609337	5.14489	5.1232
-0.741624	0.616236	5.14522	5.12485
-0.740967	0.609337	5.14357	5.12649
-0.741952	0.612951	5.14292	5.12846
-0.748195	0.610651	5.14127	5.12748
-0.75148	0.609666	5.14127	5.12616
-0.754437	0.609337	5.14226	5.12616
-0.756408	0.608023	5.14193	5.12583
-0.757394	0.604409	5.14522	5.12386
-0.757394	0.599481	5.14817	5.12189
-0.754108	0.600466	5.1485	5.12189
-0.749837	0.600795	5.1439	5.1232
-0.760679	0.602109	5.13963	5.12452
-0.757394	0.604738	5.13865	5.12452
-0.755094	0.603095	5.14193	5.12715
-0.750495	0.605066	5.14423	5.12748
-0.757394	0.601452	5.14489	5.12682
-0.760022	0.607694	5.14555	5.12518
-0.761993	0.599809	5.14456	5.12518
-0.767907	0.590282	5.14193	5.12583
-0.773164	0.59061	5.14062	5.12715
-0.781377	0.587325	5.14259	5.12846
-0.788605	0.586668	5.14357	5.12616
-0.793205	0.587325	5.14555	5.12485
-0.80109	0.580097	5.14719	5.12452
-0.805361	0.570569	5.14522	5.1232
-0.806675	0.568269	5.1439	5.1255
-0.805689	0.562684	5.14226	5.12715
-0.806346	0.56137	5.1416	5.12616
-0.813574	0.560713	5.14325	5.12386
-0.813574	0.55907	5.14587	5.12419
-0.811275	0.560713	5.14653	5.12649
-0.813903	0.554799	5.1439	5.1301
-0.816203	0.560384	5.14095	5.13109
-0.817188	0.559727	5.13996	5.12846
-0.829016	0.555128	5.13963	5.1255
-0.827045	0.553814	5.14029	5.12452
-0.824416	0.557428	5.14259	5.1255
-0.826059	0.553814	5.14292	5.12649
-0.826059	0.551514	5.14193	5.12748
-0.827045	0.551185	5.14062	5.12912
-0.827045	0.552171	5.14029	5.1301
-0.824088	0.550857	5.14357	5.12846
-0.821788	0.548557	5.14653	5.12682
-0.81686	0.551842	5.14555	5.12616
-0.818174	0.552499	5.1439	5.12518
-0.816531	0.552828	5.14325	5.12518
-0.811275	0.555128	5.14259	5.1255
-0.811275	0.557099	5.14325	5.12419
-0.807989	0.561042	5.14325	5.12353
-0.813574	0.559727	5.14226	5.12452
-0.808318	0.561699	5.1416	5.12616
-0.805361	0.560713	5.14292	5.12616
-0.799776	0.558742	5.14357	5.12616
-0.79649	0.558413	5.14423	5.1255
-0.795833	0.555456	5.14325	5.12616
-0.793533	0.551842	5.14423	5.1255
-0.790577	0.555456	5.14522	5.1255
-0.791562	0.553485	5.14587	5.1255
-0.78532	0.556442	5.14653	5.12616
-0.775464	0.559399	5.14555	5.12682
-0.773821	0.564327	5.14357	5.12715
-0.771193	0.566955	5.14193	5.12813
-0.763636	0.570898	5.14423	5.12813
-0.761336	0.57254	5.14555	5.12682
-0.76495	0.574512	5.14456	5.12616
-0.763308	0.573855	5.14226	5.12649
-0.762322	0.577469	5.1416	5.12748
-0.763308	0.580754	5.14127	5.12616
-0.762651	0.584368	5.1416	5.12485
-0.758708	0.58831	5.14292	5.12649
-0.750166	0.59061	5.14423	5.12715
-0.751809	0.591924	5.14423	5.12616
-0.749509	0.595867	5.14325	5.12682
-0.747866	0.607037	5.14259	5.12616
-0.745895	0.607366	5.14259	5.12485
-0.745566	0.605066	5.14325	5.12485
-0.744909	0.602438	5.14522	5.12452
-0.738996	0.607366	5.1462	5.12189
-0.731439	0.609009	5.14555	5.12156
-0.727168	0.607037	5.14259	5.12386
-0.72224	0.613937	5.14193	5.12616
-0.723883	0.620836	5.14292	5.12748
-0.724211	0.620836	5.14325	5.12813
-0.727497	0.62445	5.14259	5.1255
-0.727497	0.628721	5.14226	5.12353
-0.729796	0.628392	5.1416	5.12419
-0.736039	0.628721	5.14062	5.12616
-0.737024	0.633649	5.1416	5.1255
-0.731439	0.630035	5.14357	5.12485
-0.729796	0.634306	5.14292	5.12386
-0.728482	0.63562	5.14095	5.12485
-0.725197	0.639563	5.14095	5.1255
-0.725197	0.647448	5.14127	5.12353
-0.718298	0.647776	5.1439	5.12288
-0.71764	0.647119	5.14522	5.12386
-0.716326	0.648762	5.14587	5.12353
-0.716326	0.647776	5.14587	5.12353
-0.713369	0.648434	5.14489	5.12485
-0.71107	0.645148	5.14325	5.12682
-0.70877	0.64482	5.14456	5.12682
-0.706799	0.645805	5.14423	5.1255
-0.709098	0.64252	5.14357	5.12518
-0.702199	0.641206	5.14357	5.12616
-0.705156	0.639563	5.14357	5.12485
-0.708113	0.636606	5.14226	5.12518
-0.706799	0.637592	5.14357	5.12518
-0.710084	0.635292	5.14357	5.12682
-0.707456	0.630692	5.14193	5.12715
-0.707127	0.62905	5.14226	5.12748
-0.704827	0.632006	5.14489	5.12649
-0.706799	0.621493	5.14653	5.12518
-0.713369	0.617879	5.1462	5.12485
-0.720926	0.616894	5.14522	5.12288
-0.72224	0.615579	5.14357	5.12386
-0.72684	0.610323	5.14292	5.12518
-0.727497	0.609337	5.14226	5.1255
-0.736039	0.607037	5.14357	5.12288
-0.736696	0.610651	5.1462	5.1209
-0.744252	0.60638	5.14686	5.12025
-0.743924	0.599152	5.14423	5.12156
-0.74918	0.587325	5.14127	5.12386
-0.754108	0.584039	5.13897	5.12616
-0.756737	0.583711	5.13996	5.12879
-0.761336	0.583054	5.14325	5.12748
-0.759037	0.579111	5.14489	5.12353
-0.765279	0.581083	5.14456	5.12386
-0.773821	0.585354	5.14325	5.12583
-0.782692	0.587653	5.14226	5.12583
-0.776449	0.591596	5.14325	5.12419
-0.782363	0.591924	5.14423	5.12386
-0.782692	0.589625	5.14357	5.12452
-0.788277	0.586996	5.14325	5.12616
-0.790577	0.586996	5.14357	5.1255
-0.789591	0.594553	5.14357	5.12583
-0.794848	0.586996	5.14292	5.12715
-0.805032	0.577797	5.14127	5.12649
-0.803718	0.579111	5.14127	5.12682
-0.804047	0.577797	5.14456	5.12649
-0.805689	0.580097	5.14719	5.12715
-0.801418	0.585354	5.14653	5.12682
-0.800761	0.587325	5.14785	5.12715
-0.800433	0.578783	5.14555	5.12682
-0.806018	0.57944	5.14489	5.12715
-0.806675	0.574512	5.14522	5.12748
-0.806018	0.573198	5.14587	5.12485
-0.804047	0.56597	5.14587	5.12189
-0.798133	0.567284	5.14522	5.12025
-0.803061	0.572212	5.14357	5.1209
-0.800104	0.570898	5.14226	5.12255
-0.800761	0.564984	5.14095	5.12419
-0.799447	0.562356	5.14292	5.12386
-0.803718	0.55907	5.14522	5.12386
-0.804704	0.558742	5.14555	5.1232
-0.806346	0.560384	5.1439	5.12518
-0.804704	0.566955	5.14357	5.12846
-0.801418	0.566298	5.14292	5.12748
-0.808646	0.558413	5.14357	5.12518
-0.809632	0.551514	5.14522	5.12518
-0.814889	0.55677	5.14653	5.12583
-0.813574	0.554471	5.14555	5.12583
-0.81226	0.558742	5.14423	5.12813
-0.811603	0.560056	5.14357	5.12879
-0.817517	0.555456	5.14489	5.12715
-0.815546	0.556442	5.14423	5.12682
-0.81456	0.553157	5.14423	5.12649
-0.811275	0.560056	5.14587	5.12518
-0.810618	0.563013	5.14489	5.12452
-0.807004	0.564984	5.14259	5.12386
-0.80109	0.568269	5.14193	5.12386
-0.799447	0.568927	5.14357	5.12386
-0.796819	0.570569	5.14522	5.12419
-0.794848	0.571226	5.14587	5.12419
-0.800433	0.569255	5.14522	5.12452
-0.800433	0.572212	5.14456	5.1255
-0.799119	0.570241	5.14456	5.12583
-0.79879	0.573198	5.14292	5.12616
-0.798133	0.574183	5.14259	5.12682
-0.787291	0.580754	5.14357	5.12649
-0.78302	0.580425	5.1439	5.12715
-0.779735	0.581083	5.1439	5.12583
-0.777763	0.587653	5.14292	5.1255
-0.782034	0.584696	5.14259	5.12682
-0.781706	0.588968	5.14226	5.12715
-0.774478	0.591924	5.14357	5.12682
-0.773164	0.591267	5.14423	5.12616
-0.774478	0.593896	5.14357	5.12485
-0.775464	0.594224	5.14456	5.12583
-0.777106	0.596195	5.1439	5.12715
-0.776449	0.601452	5.14292	5.12682
-0.777435	0.602109	5.14193	5.1255
-0.779078	0.600795	5.14259	5.1255
-0.779078	0.601124	5.14259	5.12353
-0.782363	0.602766	5.1439	5.12419
-0.784334	0.60638	5.14259	5.12518
-0.780063	0.61098	5.14029	5.12583
-0.779406	0.609009	5.14127	5.12748
-0.779735	0.615908	5.1416	5.12879
-0.78302	0.610651	5.14259	5.12846
-0.784006	0.612951	5.14423	5.12715
-0.781049	0.614594	5.14423	5.12715
-0.774149	0.620836	5.14522	5.12682
-0.775792	0.623464	5.14456	5.12748
-0.780392	0.618208	5.14357	5.12649
-0.784334	0.611308	5.14456	5.12583
-0.784991	0.614922	5.14587	5.12452
-0.784991	0.615908	5.14719	5.12353
-0.782363	0.615579	5.14719	5.12452
-0.779406	0.621493	5.14489	5.12616
-0.773821	0.623793	5.14259	5.12945
-0.76725	0.626421	5.14193	5.13076
-0.765607	0.62675	5.14226	5.13043
-0.765607	0.625107	5.14423	5.1278
-0.761993	0.616236	5.1462	5.12616
-0.759694	0.618208	5.14587	5.12616
-0.750495	0.627078	5.14259	5.12616
-0.744909	0.628392	5.14259	5.12682
-0.748523	0.626421	5.1416	5.12977
-0.746223	0.623793	5.14095	5.12945
-0.749509	0.62445	5.14193	5.12682
-0.751152	0.623793	5.14325	5.12583
-0.748852	0.626093	5.14489	5.12682
-0.745895	0.631021	5.14489	5.12649
-0.749509	0.624779	5.14226	5.12682
-0.745238	0.626421	5.14226	5.1255
-0.745566	0.625107	5.1439	5.12485
-0.75148	0.624779	5.14555	5.12419
-0.747538	0.623136	5.14456	5.12386
-0.747209	0.628392	5.1439	5.12518
-0.743924	0.626093	5.14127	5.12419
-0.737681	0.62445	5.13865	5.12353
-0.73801	0.630364	5.13963	5.12485
-0.738339	0.627407	5.14325	5.12583
-0.740967	0.628721	5.14587	5.12485
-0.745566	0.62905	5.14456	5.12386
-0.735382	0.642191	5.14423	5.12485
-0.736696	0.641206	5.14423	5.12518
-0.730782	0.63792	5.14456	5.1255
-0.731111	0.640877	5.14325	5.12682
-0.729796	0.644162	5.14292	5.12715
-0.728482	0.642191	5.14522	5.12748
-0.731439	0.641206	5.1462	5.12715
-0.738996	0.641206	5.14456	5.12715
-0.74261	0.640549	5.14193	5.12649
-0.743595	0.644162	5.14029	5.12583
-0.741952	0.647776	5.14029	5.12583
-0.748523	0.641206	5.14357	5.12616
-0.746552	0.639891	5.14555	5.12583
-0.74031	0.640549	5.14587	5.12518
-0.739981	0.642848	5.14555	5.1255
-0.743924	0.638906	5.1439	5.12649
-0.743267	0.641206	5.14193	5.12748
-0.739324	0.648434	5.14127	5.12879
-0.734725	0.649748	5.14095	5.12945
-0.737353	0.647776	5.14292	5.12616
-0.744909	0.645805	5.14489	5.12452
-0.743924	0.643177	5.14555	5.12616
-0.746223	0.640877	5.1439	5.12583
-0.747209	0.63562	5.14292	5.12583
-0.750495	0.632664	5.14259	5.12748
-0.74918	0.632992	5.14423	5.12748
-0.756408	0.635949	5.14456	5.12649
-0.754766	0.638249	5.14325	5.1255
-0.751152	0.639891	5.1416	5.12616
-0.752466	0.640549	5.14226	5.12682
-0.750823	0.638249	5.14357	5.12748
-0.748523	0.64022	5.14587	5.12715
-0.741295	0.642191	5.1485	5.12748
-0.743267	0.641534	5.14752	5.12649
-0.750166	0.643177	5.14522	5.12682
-0.743924	0.641534	5.14325	5.12616
-0.746552	0.63792	5.14259	5.12649
-0.745566	0.638906	5.14062	5.1278
-0.734725	0.640549	5.1416	5.12813
-0.740638	0.632992	5.14292	5.12715
-0.743595	0.632006	5.14325	5.12616
-0.742281	0.634963	5.14095	5.12748
-0.743595	0.632006	5.14095	5.12879
-0.750495	0.636606	5.14226	5.12846
-0.75148	0.632335	5.1439	5.12879
-0.743267	0.641206	5.14357	5.1278
-0.743595	0.641206	5.14522	5.12715
-0.747209	0.640877	5.14489	5.12715
-0.750166	0.633321	5.14522	5.1278
-0.74918	0.62675	5.1439	5.1278
-0.75148	0.620836	5.14193	5.12912
-0.75378	0.617879	5.14127	5.1278
-0.754766	0.614265	5.14259	5.12583
-0.75838	0.609666	5.14456	5.12518
-0.761665	0.60638	5.14489	5.12583
-0.764293	0.599152	5.14127	5.12715
-0.765607	0.596524	5.13963	5.12813
-0.774149	0.592581	5.14095	5.12682
-0.773492	0.593567	5.14259	5.12353
-0.781706	0.59061	5.14292	5.12189
-0.792548	0.58831	5.14456	5.12353
-0.799119	0.586339	5.14686	5.12452
-0.807004	0.587982	5.1462	5.12518
-0.805361	0.581083	5.14456	5.12682
-0.803718	0.586011	5.14423	5.12682
-0.801747	0.589625	5.14522	5.12682
-0.802733	0.585354	5.14587	5.12715
-0.810289	0.579111	5.14522	5.12682
-0.808646	0.577797	5.14587	5.12485
-0.819488	0.572212	5.14587	5.12419
-0.820145	0.571883	5.14522	5.12649
-0.815546	0.568269	5.14423	5.12846
-0.813903	0.570241	5.14292	5.12879
-0.809303	0.57714	5.14226	5.1278
-0.811932	0.577469	5.14292	5.12583
-0.817845	0.573855	5.14259	5.12485
-0.815874	0.580754	5.14127	5.12386
-0.819817	0.576812	5.14029	5.12452
-0.817188	0.57254	5.14029	5.12616
-0.818502	0.573855	5.1416	5.12518
-0.820802	0.573198	5.14423	5.12386
-0.81916	0.579768	5.14489	5.12419
-0.812917	0.585354	5.14325	5.12518
-0.81456	0.585682	5.14259	5.12518
-0.815874	0.585354	5.14423	5.12715
-0.812917	0.585354	5.14325	5.12813
-0.808646	0.587325	5.14259	5.12649
-0.807332	0.585025	5.14193	5.12682
-0.809303	0.585354	5.14259	5.12682
-0.805032	0.586339	5.14259	5.1278
-0.802404	0.587982	5.14357	5.12912
-0.793205	0.58831	5.1439	5.1301
-0.790577	0.583382	5.14423	5.1278
-0.791234	0.579768	5.14522	5.1255
-0.788934	0.583711	5.14555	5.12485
-0.786634	0.582725	5.14423	5.12353
-0.788934	0.57714	5.1439	5.12386
-0.788605	0.577469	5.14456	5.1278
-0.791562	0.573855	5.14555	5.1301
-0.792219	0.574512	5.14653	5.13043
-0.797147	0.583054	5.14752	5.1301
-0.794848	0.588639	5.14752	5.12813
-0.79649	0.591596	5.1462	5.12616
-0.796819	0.589296	5.14522	5.12386
-0.790905	0.594881	5.14357	5.12353
-0.783349	0.599152	5.14193	5.12419
-0.780392	0.604409	5.14259	5.12616
-0.778749	0.601124	5.14226	5.1255
-0.770864	0.605066	5.14095	5.12485
-0.765936	0.611308	5.14193	5.12452
-0.766264	0.607694	5.14292	5.12616
-0.764293	0.607037	5.14226	5.1278
-0.760351	0.603095	5.14259	5.12813
-0.757394	0.60408	5.14456	5.12682
-0.753451	0.614594	5.14555	5.12518
-0.757722	0.612951	5.14522	5.12353
-0.755423	0.615251	5.14325	5.12419
-0.754108	0.616894	5.1416	5.12616
-0.74918	0.619193	5.1416	5.12682
-0.753123	0.619193	5.14292	5.12583
-0.747209	0.618865	5.14325	5.12485
-0.75148	0.618536	5.1462	5.12452
-0.751809	0.61098	5.14883	5.12518
-0.75148	0.61328	5.14719	5.12616
-0.753451	0.612294	5.14456	5.12616
-0.753123	0.61985	5.14193	5.12583
-0.752466	0.62675	5.14193	5.12452
-0.753451	0.625764	5.1439	5.12353
-0.750495	0.62905	5.14357	5.12419
-0.748852	0.627078	5.14325	5.12616
-0.745238	0.636935	5.14423	5.12682
-0.747209	0.642191	5.14456	5.12583
-0.744252	0.652376	5.14522	5.12616
-0.740638	0.656647	5.14555	5.12616
-0.743267	0.659275	5.14522	5.12682
-0.74261	0.658947	5.14653	5.1278
-0.744252	0.654347	5.14719	5.12616
-0.743267	0.651719	5.14489	5.12583
-0.739981	0.649419	5.14193	5.12748
-0.742938	0.644491	5.13996	5.12879
-0.735053	0.650076	5.14095	5.12879
-0.736696	0.648105	5.14292	5.12649
-0.734396	0.65139	5.14226	5.12452
-0.728811	0.651062	5.14226	5.12518
-0.729139	0.65139	5.14193	5.1278
-0.725197	0.649419	5.14029	5.1278
-0.723226	0.652047	5.14127	5.1278
-0.727825	0.646791	5.14357	5.12682
-0.722897	0.653362	5.1462	5.12583
-0.721254	0.657304	5.14686	5.12518
-0.717969	0.655004	5.14423	5.12616
-0.718955	0.651062	5.14259	5.1255
-0.724868	0.649748	5.14226	5.12682
-0.726182	0.652376	5.14226	5.1278
-0.731111	0.646134	5.14423	5.12616
-0.731439	0.649748	5.14357	5.12583
-0.728482	0.648762	5.14325	5.1255
-0.734725	0.652376	5.1439	5.12485
-0.741624	0.645148	5.1416	5.12452
-0.743267	0.646462	5.14029	5.12386
-0.747866	0.648105	5.14193	5.12353
-0.750166	0.643177	5.14555	5.1232
-0.755751	0.645148	5.14752	5.12288
-0.756408	0.646791	5.14489	5.12485
-0.759365	0.645805	5.14193	5.12649
-0.760022	0.641206	5.14127	5.12583
-0.757065	0.641206	5.14292	5.12485
-0.76495	0.63792	5.1439	5.12288
-0.762322	0.633649	5.14357	5.12156
-0.763308	0.631021	5.14357	5.12353
-0.764293	0.632664	5.14357	5.12452
-0.764293	0.631349	5.14127	5.12419
-0.768893	0.636277	5.14095	5.12518
-0.770536	0.630035	5.14259	5.12715
-0.774807	0.636277	5.14456	5.12977
-0.772178	0.638906	5.14423	5.12879
-0.774478	0.632664	5.14522	5.12616
-0.772835	0.629378	5.14522	5.12386
-0.775792	0.626093	5.14423	5.12452
-0.78072	0.623793	5.14325	5.12419
-0.784991	0.630692	5.14226	5.12485
-0.788605	0.631021	5.14325	5.12748
-0.788934	0.631349	5.14456	5.1278
-0.791891	0.629707	5.14587	5.12452
-0.796162	0.625764	5.14686	5.12288
-0.802733	0.626421	5.14456	5.12419
-0.807989	0.62445	5.14095	5.12583
-0.805689	0.626093	5.1393	5.12748
-0.804047	0.627407	5.14127	5.12682
-0.807989	0.622479	5.14292	5.12419
-0.807989	0.621822	5.14522	5.12353
-0.814889	0.611965	5.14489	5.12518
-0.817188	0.614922	5.14489	5.12583
-0.814231	0.616894	5.14357	5.12649
-0.812917	0.603752	5.14357	5.12616
-0.814231	0.600138	5.14456	5.1255
-0.809303	0.601452	5.14489	5.12583
-0.809632	0.59061	5.14292	5.12682
-0.81226	0.585025	5.1416	5.1278
-0.814231	0.576483	5.14226	5.1278
-0.817188	0.577469	5.14193	5.12813
-0.819488	0.575497	5.14259	5.12649
-0.821131	0.576483	5.14423	5.1255
-0.820802	0.578454	5.14587	5.12452
-0.823759	0.574512	5.14555	5.12485
-0.824088	0.577469	5.1439	5.12485
-0.828359	0.575169	5.14292	5.12452
-0.831316	0.568598	5.14292	5.1255
-0.83033	0.569584	5.14259	5.12583
-0.835258	0.565641	5.1439	5.1255
-0.836244	0.563341	5.1439	5.12715
-0.839529	0.560056	5.14259	5.12846
-0.841829	0.565641	5.14127	5.1278
-0.843472	0.567941	5.14127	5.12813
-0.8461	0.568269	5.14292	5.12813
-0.847086	0.570569	5.1439	5.12682
-0.849385	0.575169	5.14357	5.1232
-0.847743	0.578126	5.14357	5.12123
-0.853985	0.584039	5.14489	5.12123
-0.860556	0.578126	5.14456	5.12452
-0.864498	0.575826	5.14357	5.12583
-0.862198	0.579111	5.14325	5.1255
-0.865155	0.573855	5.14423	5.12715
-0.864827	0.571555	5.14522	5.1278
-0.866141	0.570898	5.14456	5.1278
-0.861213	0.576154	5.14325	5.12879
-0.858256	0.577469	5.14062	5.12977
-0.853656	0.578454	5.13865	5.12715
-0.852999	0.583054	5.14029	5.12485
-0.851028	0.580754	5.14292	5.12386
-0.856285	0.574183	5.14423	5.12485
-0.854313	0.573855	5.14226	5.12583
-0.852671	0.57254	5.13996	5.12419
-0.845771	0.578454	5.14062	5.12386
-0.845114	0.573198	5.14193	5.12616
-0.842486	0.564327	5.14456	5.12682
-0.844129	0.562684	5.14653	5.12583
-0.840186	0.562684	5.14653	5.12452
-0.834601	0.566627	5.14522	5.1255
-0.835258	0.568269	5.14325	5.12682
-0.83033	0.569912	5.14292	5.12649
-0.826716	0.572212	5.14226	5.12583
-0.823759	0.572212	5.1416	5.12616
-0.823431	0.572212	5.14193	5.12616
-0.816531	0.57484	5.14357	5.12452
-0.808646	0.573198	5.14522	5.12288
-0.804704	0.571555	5.14522	5.12419
-0.801418	0.570569	5.14423	5.12715
-0.798461	0.573198	5.14456	5.12649
-0.79879	0.577469	5.14555	5.12518
-0.802404	0.582068	5.14555	5.12649
-0.798133	0.586996	5.14357	5.12583
-0.799119	0.58174	5.1416	5.1255
-0.795833	0.591596	5.14193	5.12616
-0.792219	0.599152	5.1439	5.12583
-0.786634	0.603752	5.14489	5.12583
-0.786305	0.614265	5.1462	5.12485
-0.786305	0.615579	5.14522	5.12452
-0.789919	0.616236	5.1439	5.12353
-0.78532	0.614594	5.14489	5.12419
-0.783677	0.615251	5.14456	5.12583
-0.787291	0.617551	5.14489	5.12485
-0.790905	0.613937	5.14456	5.1255
-0.793205	0.614594	5.14456	5.12649
-0.787948	0.618208	5.14456	5.12715
-0.783677	0.62215	5.14456	5.12616
-0.781377	0.623136	5.14456	5.12485
-0.78302	0.627078	5.1439	5.12419
-0.782692	0.623464	5.14292	5.1255
-0.777763	0.628721	5.14555	5.12616
-0.775464	0.630035	5.14555	5.1255
-0.778092	0.625107	5.14522	5.12518
-0.773492	0.625764	5.14522	5.12715
-0.77185	0.619522	5.14522	5.12945
-0.772178	0.616894	5.14423	5.12945
-0.763965	0.610323	5.14423	5.12813
-0.757394	0.609666	5.14423	5.1255
-0.764293	0.601781	5.14555	5.12419
-0.763636	0.604409	5.14489	5.12353
-0.766922	0.603095	5.14423	5.12485
-0.770864	0.601452	5.14292	5.1255
-0.777435	0.59521	5.1416	5.12649
-0.77185	0.601781	5.14357	5.12616
-0.777763	0.594553	5.1439	5.12682
-0.778092	0.602109	5.14555	5.12715
-0.779735	0.596195	5.14686	5.12715
-0.776121	0.594881	5.14719	5.12583
-0.779735	0.593896	5.14555	5.12616
-0.780392	0.594224	5.1439	5.12879
-0.777435	0.59751	5.14292	5.13207
-0.780063	0.594881	5.14325	5.13175
-0.78072	0.591924	5.14259	5.12879
-0.777106	0.593567	5.14127	5.12616
-0.782363	0.595538	5.1393	5.12715
-0.790905	0.592253	5.13865	5.12945
-0.790248	0.591924	5.1416	5.12879
-0.795505	0.588968	5.14357	5.12912
-0.800761	0.59061	5.14423	5.12748
-0.808318	0.59061	5.1439	5.1255
-0.808975	0.582397	5.14423	5.12485
-0.806346	0.581411	5.14653	5.12485
-0.806018	0.579111	5.1462	5.12452
-0.811275	0.563998	5.1439	5.12583
-0.813574	0.562684	5.1439	5.12583
-0.817188	0.558742	5.14292	5.12583
-0.816203	0.562684	5.14325	5.12682
-0.821131	0.567284	5.14489	5.12748
-0.827373	0.560056	5.14489	5.1278
-0.833287	0.555128	5.14325	5.12616
-0.836901	0.551185	5.1416	5.12583
-0.840186	0.553157	5.14259	5.12616
-0.838215	0.552499	5.1439	5.12518
-0.842157	0.558742	5.14522	5.12518
-0.837229	0.560056	5.14653	5.12649
-0.837886	0.56367	5.1462	5.12879
-0.844129	0.560384	5.14522	5.12945
-0.836901	0.562684	5.1439	5.12977
-0.8438	0.559727	5.14226	5.12748
-0.840843	0.559727	5.14325	5.12518
-0.840186	0.557099	5.14357	5.12353
-0.839201	0.556113	5.14357	5.1232
-0.836244	0.555128	5.1416	5.1255
-0.838215	0.553814	5.14127	5.12912
-0.843143	0.552499	5.14292	5.12945
-0.840843	0.553485	5.1462	5.12879
-0.841829	0.5502	5.14555	5.12715
-0.841172	0.551185	5.14489	5.12583
-0.839858	0.556113	5.14456	5.12518
-0.839201	0.554799	5.14456	5.12616
-0.833944	0.557756	5.14489	5.12649
-0.834272	0.560056	5.14489	5.12649
-0.837229	0.562684	5.14489	5.1255
-0.836901	0.566955	5.1462	5.12485
-0.837229	0.570898	5.14719	5.1255
-0.838215	0.569912	5.14555	5.12583
-0.833287	0.574512	5.14259	5.1255
-0.836244	0.574512	5.13865	5.12452
-0.837886	0.570898	5.13865	5.12485
-0.835915	0.568598	5.13996	5.12419
-0.834272	0.57714	5.14127	5.12353
-0.835915	0.572212	5.14292	5.12452
-0.838543	0.574183	5.1439	5.12616
-0.838215	0.57254	5.14325	5.1278
-0.836244	0.575826	5.14357	5.12813
-0.838543	0.57254	5.14456	5.12715
-0.831973	0.577797	5.14587	5.12649
-0.836572	0.579111	5.1462	5.12583
-0.83033	0.578783	5.14653	5.12485
-0.830659	0.580754	5.14555	5.12452
-0.83263	0.584368	5.14357	5.12649
-0.829344	0.582725	5.14259	5.12682
-0.828359	0.589296	5.14259	5.12682
-0.824088	0.588968	5.14456	5.12682
-0.823759	0.585354	5.1439	5.1255
-0.825073	0.584368	5.14226	5.12353
-0.825073	0.583382	5.14095	5.12156
-0.817845	0.578783	5.14062	5.12255
-0.819488	0.57484	5.14325	5.12288
-0.818502	0.574183	5.14587	5.1232
-0.815874	0.571883	5.14752	5.12255
-0.816531	0.566298	5.14686	5.12288
-0.817517	0.571883	5.14555	5.12485
-0.815217	0.572869	5.14325	5.1278
-0.817845	0.571226	5.1416	5.1301
-0.815546	0.576483	5.14226	5.12813
-0.816203	0.574512	5.14357	5.12583
-0.818502	0.578126	5.14587	5.12452
-0.820145	0.573855	5.1462	5.12288
-0.820474	0.573198	5.14522	5.12353
-0.821131	0.562684	5.14325	5.12616
-0.821459	0.570241	5.14423	5.12715
-0.816203	0.575497	5.14587	5.12616
-0.81456	0.57484	5.14587	5.1255
-0.814889	0.575169	5.14555	5.12583
-0.815874	0.570898	5.1439	5.12715
-0.819488	0.569584	5.14325	5.12846
-0.811275	0.578783	5.14226	5.12748
-0.812589	0.577797	5.14193	5.12649
-0.805689	0.576483	5.14357	5.12682
-0.802404	0.578126	5.14456	5.12682
-0.807661	0.576154	5.14423	5.12813
-0.810946	0.572212	5.14325	5.12748
-0.805689	0.568598	5.14259	5.12649
-0.810946	0.569255	5.14193	5.12485
-0.818502	0.56597	5.14226	5.1232
-0.81456	0.570898	5.14127	5.12189
-0.821131	0.563998	5.1416	5.12255
-0.822116	0.56367	5.1439	5.12255
-0.82803	0.563998	5.14522	5.12386
-0.82803	0.563013	5.14357	5.12649
-0.829673	0.563998	5.1393	5.12879
-0.831316	0.556442	5.13897	5.12977
-0.833944	0.554142	5.14226	5.13043
-0.835258	0.551185	5.14489	5.12682
-0.831644	0.553485	5.14456	5.1255
-0.836901	0.554799	5.14259	5.12452
-0.835915	0.555456	5.14226	5.12583
-0.833615	0.561042	5.14292	5.12616
-0.82573	0.567284	5.14325	5.12583
-0.818831	0.567284	5.14127	5.12485
-0.814889	0.574183	5.14193	5.12452
-0.807661	0.57484	5.14292	5.12419
-0.804047	0.583711	5.14357	5.12353
-0.798461	0.591267	5.14357	5.12353
-0.79879	0.594224	5.14226	5.12649
-0.797804	0.594224	5.14226	5.12748
-0.791891	0.605723	5.14325	5.12682
-0.786963	0.610651	5.14357	5.12682
-0.780392	0.612294	5.14226	5.12715
-0.775464	0.617551	5.14062	5.12879
-0.76725	0.623136	5.14095	5.12945
-0.759037	0.632664	5.14259	5.12813
-0.752794	0.636277	5.14423	5.12649
-0.748523	0.643505	5.14489	5.12452
-0.753451	0.64482	5.14522	5.12288
-0.747538	0.649419	5.1439	5.12255
-0.741952	0.655004	5.14259	5.12386
-0.74261	0.652705	5.14095	5.12353
-0.73801	0.657961	5.14127	5.1255
-0.736696	0.659275	5.14193	5.12649
-0.742938	0.654676	5.14259	5.12583
-0.738339	0.658947	5.14292	5.12583
-0.738996	0.661904	5.14325	5.12583
-0.738667	0.662561	5.14292	5.12616
-0.73801	0.666503	5.14259	5.12583
-0.742281	0.668146	5.14062	5.1255
-0.744909	0.665846	5.14259	5.12485
-0.754766	0.662561	5.14357	5.12386
-0.755751	0.656976	5.14456	5.12386
-0.755423	0.657304	5.14456	5.12288
-0.757394	0.660918	5.1439	5.12255
-0.759037	0.656319	5.14423	5.12288
-0.759037	0.652705	5.14456	5.12353
-0.761665	0.646791	5.14456	5.12419
-0.766264	0.646134	5.14259	5.12485
-0.771193	0.646134	5.14325	5.12419
-0.774807	0.644491	5.14423	5.1232
-0.777106	0.641206	5.14357	5.12255
-0.780392	0.63792	5.1439	5.12288
-0.778092	0.638249	5.14325	5.12353
-0.78302	0.634963	5.14325	5.12419
-0.784006	0.631021	5.14423	5.12353
-0.784006	0.630692	5.14489	5.12419
-0.781377	0.634306	5.14325	5.12288
-0.781377	0.634635	5.14259	5.12419
-0.784006	0.638249	5.14325	5.1255
-0.784663	0.639891	5.1439	5.12649
-0.788277	0.63792	5.14522	5.1255
-0.788605	0.638249	5.1462	5.1232
-0.790577	0.630364	5.14489	5.12255
-0.79419	0.620836	5.14259	5.12452
-0.794848	0.613608	5.1416	5.12583
-0.79649	0.610651	5.14325	5.12485
-0.802733	0.597181	5.14357	5.12386
-0.801747	0.598824	5.14489	5.1255
-0.804047	0.594224	5.1462	5.12419
-0.808646	0.594553	5.14752	5.12485
-0.807661	0.592253	5.1462	5.12682
-0.805032	0.591924	5.14226	5.1301
-0.80339	0.59291	5.14029	5.13076
-0.802733	0.594224	5.14259	5.1301
-0.804704	0.586339	5.1439	5.12813
-0.808646	0.578454	5.14423	5.12353
-0.809632	0.575497	5.14357	5.12288
-0.813246	0.568927	5.14292	5.1255
-0.815874	0.562027	5.14357	5.12813
-0.815874	0.565313	5.14522	5.12912
-0.808975	0.570569	5.1462	5.12748
-0.802075	0.575169	5.14555	5.12649
-0.803061	0.574183	5.1439	5.12583
-0.810618	0.563341	5.1416	5.12518
-0.809303	0.564984	5.14095	5.12353
-0.80996	0.557428	5.14226	5.12386
-0.807661	0.554799	5.14357	5.12518
-0.800433	0.560713	5.14423	5.12518
-0.79879	0.555128	5.14423	5.12353
-0.802733	0.556442	5.14423	5.12288
-0.799447	0.55907	5.14325	5.12616
-0.796819	0.564655	5.14095	5.12945
-0.802404	0.560384	5.14062	5.12945
-0.806675	0.553157	5.1416	5.12846
-0.808975	0.558413	5.14357	5.12649
-0.811932	0.558413	5.14587	5.12616
-0.818831	0.560056	5.14555	5.12518
-0.81686	0.559727	5.14456	5.12485
-0.815874	0.562356	5.14423	5.12583
-0.818174	0.55907	5.1439	5.12813
-0.818174	0.556113	5.1416	5.1278
-0.81916	0.553157	5.14259	5.1255
-0.820145	0.560056	5.14292	5.1255
-0.821459	0.564984	5.14226	5.12616
-0.823431	0.563341	5.14193	5.12748
-0.824416	0.56367	5.14292	5.12977
-0.824088	0.564984	5.14259	5.12945
-0.821131	0.565313	5.14292	5.12846
-0.818502	0.570898	5.14423	5.12813
-0.820474	0.568598	5.14522	5.1278
-0.826387	0.569255	5.1439	5.1278
-0.824088	0.568598	5.14292	5.12616
-0.820802	0.57254	5.14423	5.12485
-0.818502	0.578454	5.14686	5.12518
-0.820145	0.582725	5.14752	5.12485
-0.824745	0.584368	5.14653	5.12452
-0.820145	0.590282	5.1462	5.12485
-0.822445	0.580425	5.14555	5.12649
-0.821459	0.584368	5.14587	5.12682
-0.820474	0.582068	5.14653	5.12682
-0.818831	0.580754	5.14587	5.12715
-0.812917	0.58831	5.14587	5.12583
-0.807004	0.587325	5.14587	5.12583
-0.813246	0.586011	5.14522	5.12583
-0.810618	0.591924	5.14587	5.12485
-0.809632	0.598824	5.14555	5.1232
-0.809303	0.597838	5.14456	5.12419
-0.811275	0.594224	5.14357	5.12353
-0.804047	0.600138	5.14292	5.1232
-0.80339	0.59291	5.14325	5.12419
-0.795833	0.592581	5.14193	5.12288
-0.791562	0.586011	5.1393	5.12452
-0.788934	0.585025	5.1393	5.12616
-0.786305	0.582725	5.14029	5.12649
-0.782363	0.582068	5.14193	5.12583
-0.780063	0.589296	5.14292	5.12616
-0.774149	0.593896	5.14325	5.1255
-0.768564	0.595867	5.14292	5.12485
-0.759037	0.605066	5.1416	5.12485
-0.762979	0.604409	5.1416	5.12616
-0.760679	0.598167	5.14357	5.12682
-0.755751	0.599152	5.14555	5.1255
-0.75378	0.600795	5.14555	5.12452
-0.750166	0.599481	5.1416	5.12616
-0.747209	0.604738	5.1393	5.12583
-0.743924	0.607694	5.14029	5.12682
-0.735382	0.617551	5.14226	5.12748
-0.73571	0.616236	5.14292	5.12813
-0.734396	0.620179	5.14325	5.12813
-0.72684	0.621493	5.14325	5.12748
-0.730454	0.622807	5.1439	5.12715
-0.737024	0.626421	5.14357	5.12748
-0.741295	0.632335	5.14357	5.12912
-0.734725	0.636606	5.14357	5.12945
-0.728482	0.639891	5.14423	5.12715
-0.721911	0.644162	5.14456	5.1255
-0.722897	0.642191	5.14325	5.12485
-0.732753	0.635949	5.14193	5.12452
-0.736367	0.629707	5.13963	5.12485
-0.74261	0.625436	5.13996	5.12485
-0.741624	0.627078	5.14062	5.12715
-0.744252	0.628064	5.14062	5.12682
-0.753451	0.625764	5.14226	5.12682
-0.753123	0.628392	5.14292	5.12583
-0.756408	0.627735	5.1416	5.12616
-0.760351	0.629378	5.14062	5.12715
-0.762322	0.634306	5.14226	5.12682
-0.765279	0.630692	5.14325	5.12813
-0.778749	0.622479	5.14325	5.12879
-0.781049	0.622807	5.14489	5.12682
-0.790905	0.618536	5.14587	5.12616
-0.793533	0.619193	5.14587	5.12616
-0.792876	0.617222	5.14325	5.12583
-0.795176	0.616894	5.1416	5.12583
-0.796819	0.619193	5.14259	5.12649
-0.799776	0.616565	5.14325	5.12715
-0.804704	0.619193	5.14325	5.12583
-0.800104	0.621165	5.14423	5.12583
-0.802075	0.616565	5.14423	5.12518
-0.812589	0.605395	5.14193	5.12616
-0.81456	0.602438	5.1416	5.12649
-0.805689	0.610323	5.1416	5.12715
-0.80109	0.610323	5.14193	5.12485
-0.795505	0.609994	5.14193	5.12452
-0.802075	0.613608	5.14226	5.12616
-0.80109	0.61328	5.1416	5.12583
-0.793862	0.61985	5.14226	5.12485
-0.795505	0.615908	5.14292	5.12485
-0.798133	0.612951	5.14127	5.1255
-0.796162	0.610651	5.1416	5.12485
-0.789262	0.613937	5.14259	5.12518
-0.78532	0.613937	5.14325	5.12682
-0.784663	0.61328	5.14325	5.12715
-0.789919	0.607694	5.14193	5.1278
-0.787948	0.607366	5.14062	5.12846
-0.786963	0.609337	5.14029	5.13043
-0.786305	0.608023	5.14292	5.1301
-0.785977	0.606709	5.1439	5.12813
-0.78532	0.602109	5.14357	5.12485
-0.786963	0.598824	5.1416	5.12518
-0.784663	0.598167	5.13996	5.1255
-0.783349	0.600138	5.14029	5.1255
-0.78762	0.596853	5.14029	5.1278
-0.78532	0.593239	5.14292	5.12813
-0.787948	0.592253	5.14325	5.12616
-0.786963	0.593239	5.14226	5.1255
-0.786305	0.59291	5.14095	5.12682
-0.781377	0.597838	5.14062	5.12977
-0.78302	0.603095	5.14127	5.13043
-0.78072	0.605723	5.14489	5.12846
-0.782692	0.610323	5.14522	5.12616
-0.786305	0.605723	5.14423	5.12419
-0.791562	0.600138	5.14325	5.12386
-0.788605	0.602766	5.14259	5.12518
-0.784663	0.607037	5.14226	5.12616
-0.794848	0.605066	5.1439	5.1278
-0.797804	0.598495	5.14456	5.12846
-0.803718	0.601124	5.14489	5.12879
-0.807332	0.589296	5.14423	5.12715
-0.810618	0.584039	5.14357	5.12813
-0.817188	0.584368	5.14259	5.12748
-0.816203	0.586011	5.14226	5.1278
-0.814889	0.59521	5.14325	5.1301
-0.818502	0.591924	5.14489	5.12846
-0.81686	0.591924	5.14555	5.1255
-0.818174	0.592253	5.14555	5.12419
-0.825073	0.59291	5.14423	5.1255
-0.827373	0.594881	5.14423	5.12748
-0.832958	0.595538	5.1439	5.12977
-0.83493	0.590939	5.1439	5.12977
-0.838543	0.58831	5.14522	5.1278
-0.836901	0.586011	5.1462	5.12649
-0.840186	0.587982	5.14423	5.12485
-0.846757	0.584039	5.1416	5.12452
-0.844457	0.586996	5.13865	5.1255
-0.841829	0.588639	5.13865	5.1255
-0.836572	0.58831	5.14029	5.12452
-0.833615	0.589953	5.14259	5.1232
-0.833615	0.596524	5.14423	5.12288
-0.825073	0.600466	5.14522	5.12452
-0.818831	0.595538	5.14226	5.12583
-0.808975	0.594881	5.14029	5.12518
-0.806018	0.597181	5.1393	5.1255
-0.80109	0.599809	5.13996	5.12715
-0.803061	0.595538	5.14226	5.12846
-0.799447	0.59291	5.14423	5.12846
-0.788934	0.594881	5.14489	5.12583
-0.786305	0.592581	5.14489	5.12518
-0.787291	0.595538	5.14423	5.12616
-0.788934	0.596524	5.14357	5.12813
-0.791562	0.590282	5.14292	5.12682
-0.793205	0.582068	5.1439	5.12583
-0.796162	0.575826	5.14489	5.12485
-0.793862	0.578454	5.14423	5.12485
-0.794848	0.571226	5.14357	5.12715
-0.796819	0.563341	5.14357	5.12813
-0.796819	0.561699	5.1439	5.12715
-0.797804	0.564655	5.14489	5.12616
-0.801747	0.56137	5.14587	5.1255
-0.798133	0.565641	5.14555	5.12649
-0.802404	0.559399	5.14259	5.12879
-0.795833	0.562684	5.14226	5.12912
-0.803061	0.557099	5.14259	5.1301
-0.804704	0.559727	5.1439	5.13076
-0.804704	0.561699	5.14456	5.12879
-0.79879	0.563341	5.14325	5.1255
-0.798461	0.565641	5.14325	5.12353
-0.79649	0.564655	5.1416	5.12255
-0.799447	0.566298	5.13832	5.12419
-0.804047	0.564655	5.13667	5.12748
-0.805361	0.567612	5.13865	5.12748
-0.811932	0.570569	5.1416	5.12518
-0.811932	0.574183	5.14259	5.1255
-0.810946	0.576154	5.14226	5.12715
-0.809303	0.577797	5.14226	5.12748
-0.811275	0.57714	5.14325	5.12682
-0.815546	0.579768	5.14555	5.12452
-0.816203	0.58174	5.14522	5.12419
-0.814231	0.583382	5.14292	5.12288
-0.816203	0.584039	5.13996	5.12255
-0.819488	0.577797	5.13897	5.12452
-0.823102	0.575497	5.14062	5.12649
-0.824088	0.571555	5.14193	5.12715
-0.826387	0.571226	5.1439	5.12616
-0.822116	0.568598	5.14686	5.12485
-0.826716	0.567612	5.14752	5.12485
-0.820474	0.570569	5.14587	5.12485
-0.822445	0.570569	5.14456	5.12452
-0.823759	0.570569	5.1439	5.1255
-0.826387	0.57254	5.14423	5.12682
-0.82573	0.572869	5.14522	5.12682
-0.824088	0.578783	5.14555	5.12649
-0.822116	0.586668	5.14817	5.1255
-0.822774	0.57944	5.1485	5.12518
-0.816531	0.583054	5.14653	5.12485
-0.804704	0.595538	5.14653	5.1255
-0.797804	0.596524	5.14456	5.12813
-0.795176	0.600466	5.14226	5.12945
-0.789591	0.607694	5.14127	5.12715
-0.784006	0.60638	5.14325	5.1255
-0.773492	0.614265	5.14423	5.12485
-0.765607	0.62215	5.14357	5.1255
-0.761008	0.62905	5.14423	5.12616
-0.755423	0.630364	5.14522	5.12682
-0.752137	0.628392	5.1462	5.12813
-0.742938	0.624779	5.14752	5.1278
-0.735382	0.627078	5.14752	5.12649
-0.732753	0.628392	5.14719	5.12649
-0.731768	0.625436	5.14686	5.12583
-0.73801	0.62445	5.14456	5.12452
-0.74261	0.62905	5.1439	5.12452
-0.74261	0.627407	5.14357	5.12649
-0.74031	0.627407	5.14653	5.12879
-0.739324	0.631678	5.14719	5.12715
-0.734067	0.636935	5.14653	5.12485
-0.731439	0.639563	5.14423	5.12288
-0.720926	0.644162	5.1439	5.12255
-0.718298	0.644162	5.14522	5.12189
-0.72224	0.645805	5.14686	5.12288
-0.727497	0.641863	5.14522	5.1255
-0.726511	0.637263	5.1439	5.12649
-0.726182	0.637592	5.14357	5.12518
-0.722569	0.646462	5.1439	5.12353
-0.729796	0.643505	5.14456	5.12419
-0.726182	0.646462	5.14456	5.12518
-0.726182	0.645477	5.1439	5.12452
-0.734396	0.64482	5.14456	5.12386
-0.731439	0.642191	5.1462	5.12518
-0.735053	0.642191	5.14653	5.1255
-0.73571	0.643834	5.14357	5.12649
-0.74261	0.643505	5.14127	5.12977
-0.749509	0.64022	5.14226	5.13076
-0.750823	0.643505	5.14357	5.13043
-0.759365	0.637263	5.14292	5.12813
-0.763965	0.629378	5.14456	5.12682
-0.766264	0.623464	5.14456	5.12518
-0.773164	0.621165	5.14325	5.12583
-0.778092	0.620508	5.1416	5.12846
-0.779406	0.621822	5.14259	5.12945
-0.781377	0.621493	5.14325	5.12846
-0.787948	0.620836	5.1439	5.12583
-0.786634	0.620836	5.14259	5.12518
-0.789262	0.619522	5.14226	5.12616
-0.790248	0.616565	5.14193	5.12682
-0.796819	0.617551	5.14193	5.12748
-0.797147	0.618865	5.14357	5.12813
-0.796162	0.623136	5.1439	5.12813
-0.79879	0.619522	5.14423	5.1278
-0.794519	0.619522	5.14423	5.12682
-0.791891	0.618208	5.1439	5.1255
-0.790248	0.624121	5.14292	5.12616
-0.791562	0.625436	5.1439	5.12649
-0.786963	0.628721	5.14555	5.12682
-0.784334	0.628721	5.1462	5.12748
-0.785977	0.632006	5.14522	5.12813
-0.781049	0.633321	5.14522	5.1278
-0.778421	0.632664	5.1439	5.12748
-0.777435	0.632664	5.1416	5.12846
-0.772835	0.631349	5.14193	5.1278
-0.773492	0.623464	5.14325	5.12649
-0.770536	0.625436	5.14423	5.12649
-0.77185	0.624779	5.1439	5.12616
-0.773821	0.626093	5.14292	5.12616
-0.776449	0.621493	5.14226	5.12813
-0.770864	0.621165	5.14095	5.12945
-0.768236	0.618536	5.13996	5.12879
-0.767579	0.614594	5.14226	5.12616
-0.760351	0.614922	5.14292	5.12419
-0.75608	0.61328	5.14357	5.12518
-0.75608	0.611637	5.1416	5.1278
-0.761993	0.608351	5.1393	5.12682
-0.768564	0.60638	5.14062	5.12682
-0.770864	0.598824	5.14226	5.12748
-0.770864	0.601781	5.14292	5.12649
-0.771521	0.599481	5.1416	5.12583
-0.771521	0.602766	5.14325	5.1255
-0.769878	0.602766	5.14489	5.1255
-0.77185	0.599809	5.14423	5.12583
-0.76955	0.602766	5.14325	5.12616
-0.773821	0.601124	5.14423	5.12616
-0.770864	0.605723	5.14423	5.12682
-0.76955	0.603752	5.14357	5.12583
-0.768893	0.609009	5.14325	5.1255
-0.770536	0.610323	5.14325	5.12649
-0.765279	0.614265	5.14423	5.12583
-0.762979	0.614922	5.14555	5.12616
-0.76725	0.615579	5.14686	5.12616
-0.771521	0.621165	5.14752	5.12583
-0.768236	0.620836	5.14653	5.12649
-0.772835	0.617551	5.14555	5.12649
-0.774478	0.61985	5.1439	5.12879
-0.780392	0.62675	5.14325	5.12879
-0.783677	0.627407	5.14292	5.12945
-0.782034	0.631678	5.14357	5.12977
-0.782363	0.636277	5.14456	5.12945
-0.786634	0.629707	5.1462	5.12912
-0.78532	0.631021	5.1462	5.12748
-0.788277	0.623136	5.14423	5.12682
-0.789262	0.620508	5.14226	5.12715
-0.790577	0.617222	5.14127	5.12682
-0.785977	0.617879	5.14226	5.12715
-0.786634	0.615908	5.14423	5.12748
-0.78302	0.616236	5.14555	5.12846
-0.787948	0.618208	5.14423	5.1301
-0.781049	0.628392	5.1416	5.13076
-0.774478	0.627735	5.1416	5.12879
-0.772507	0.62445	5.13996	5.12518
-0.766264	0.623793	5.13996	5.12255
-0.762979	0.625436	5.14193	5.12353
-0.754108	0.628064	5.14423	5.12649
-0.75148	0.628721	5.14489	5.1278
-0.749837	0.628064	5.14357	5.12649
-0.748195	0.631678	5.14259	5.12682
-0.737024	0.625764	5.14292	5.12748
-0.734067	0.631021	5.14489	5.1255
-0.732753	0.627078	5.14522	5.12452
-0.72684	0.62905	5.14357	5.12485
-0.725854	0.633321	5.14292	5.12616
-0.717312	0.631678	5.14325	5.12682
-0.715012	0.634635	5.14292	5.12616
-0.705484	0.63562	5.14423	5.12583
-0.707127	0.634306	5.14587	5.1255
-0.709755	0.637263	5.14555	5.1255
-0.707127	0.63562	5.14292	5.12649
-0.698914	0.636606	5.14226	5.12682
-0.696285	0.640877	5.14292	5.1255
-0.691029	0.636606	5.14127	5.12583
-0.690372	0.644491	5.14095	5.1255
-0.692671	0.643505	5.14259	5.12485
-0.689714	0.643505	5.14292	5.1255
-0.690043	0.64252	5.14325	5.12616
-0.685443	0.643505	5.14226	5.12485
-0.691029	0.638577	5.14193	5.12386
-0.692343	0.64022	5.14062	5.12419
-0.691029	0.641206	5.1439	5.12583
-0.693985	0.646462	5.14785	5.12485
-0.699571	0.648105	5.14817	5.12452
-0.702856	0.64482	5.14522	5.12518
-0.700228	0.648434	5.14357	5.12682
-0.70647	0.647448	5.14423	5.12682
-0.710084	0.640549	5.14686	5.1255
-0.716326	0.638906	5.14817	5.12288
-0.715669	0.634306	5.14752	5.1209
-0.716655	0.632664	5.1462	5.1232
-0.715341	0.632664	5.14555	5.12715
-0.722569	0.631349	5.14686	5.12846
-0.72224	0.634306	5.14752	5.12715
-0.729139	0.634306	5.14719	5.12649
-0.738996	0.634306	5.14653	5.12748
-0.741295	0.626421	5.14587	5.12682
-0.744909	0.625436	5.14456	5.12583
-0.746223	0.623464	5.14259	5.12583
-0.750495	0.62215	5.1416	5.12583
-0.744252	0.618536	5.14127	5.12748
-0.74261	0.620508	5.14325	5.12813
-0.74261	0.619522	5.14653	5.12813
-0.749837	0.614922	5.14719	5.12879
-0.753451	0.614922	5.14587	5.12846
-0.760679	0.609994	5.1439	5.12649
-0.762322	0.61098	5.14357	5.1255
-0.760679	0.619193	5.14456	5.12518
-0.762651	0.618208	5.14456	5.12452
-0.763308	0.621493	5.14522	5.12485
-0.762322	0.622479	5.14555	5.12452
-0.756737	0.627407	5.14456	5.12583
-0.759037	0.628392	5.14325	5.1278
-0.755751	0.629707	5.14423	5.1278
-0.749837	0.623136	5.14456	5.12715
-0.743595	0.627078	5.14522	5.12682
-0.738996	0.631678	5.14752	5.12583
-0.73571	0.635292	5.14522	5.1255
-0.725854	0.639891	5.14193	5.12518
-0.723226	0.638577	5.14095	5.12583
-0.71764	0.645148	5.14127	5.12715
-0.720269	0.640549	5.14292	5.12715
-0.724868	0.637263	5.14489	5.12649
-0.730454	0.633978	5.14555	5.12386
-0.725197	0.64022	5.14423	5.12386
-0.724211	0.635292	5.14226	5.12485
-0.727825	0.634963	5.14259	5.1255
-0.731439	0.632006	5.14357	5.12616
-0.734725	0.62905	5.14555	5.12616
-0.738996	0.62675	5.14653	5.12485
-0.74261	0.62905	5.14587	5.12353
-0.734725	0.632992	5.14325	5.12353
-0.738339	0.636935	5.14062	5.12518
-0.738996	0.632664	5.14062	5.12748
-0.736696	0.631021	5.14292	5.12879
-0.742281	0.629707	5.1439	5.12682
-0.747209	0.620836	5.14423	5.1232
-0.750823	0.623136	5.1439	5.12189
-0.75608	0.621493	5.14456	5.12288
-0.765936	0.609666	5.14292	5.12452
-0.770536	0.610323	5.14062	5.12583
-0.776449	0.615579	5.14226	5.12485
-0.778749	0.613937	5.14456	5.12353
-0.778749	0.611965	5.1462	5.12419
-0.78302	0.611308	5.14653	5.12485
-0.784006	0.612951	5.14587	5.12518
-0.785977	0.609994	5.14456	5.12452
-0.792219	0.606709	5.14325	5.12452
-0.788934	0.606052	5.14292	5.12616
-0.797147	0.604409	5.14423	5.12715
-0.793862	0.603752	5.14456	5.12485
-0.794519	0.606709	5.14259	5.12288
-0.804047	0.600138	5.1416	5.12222
-0.808975	0.606709	5.1416	5.12419
-0.807989	0.601781	5.1416	5.12583
-0.813574	0.598824	5.14259	5.1278
-0.815546	0.594881	5.14456	5.12912
-0.813246	0.595867	5.14587	5.12748
-0.815217	0.596853	5.14357	5.12616
-0.821459	0.590282	5.1416	5.12682
-0.820474	0.588968	5.14029	5.12715
-0.822774	0.58831	5.13897	5.12945
-0.827702	0.585682	5.14062	5.13043
-0.83033	0.585354	5.1439	5.1278
-0.829016	0.584039	5.14489	5.12649
-0.831316	0.576812	5.14456	5.12419
-0.834272	0.570569	5.14325	5.1232
-0.835258	0.563998	5.14325	5.12419
-0.838215	0.564655	5.14489	5.12583
-0.839201	0.561699	5.1462	5.12748
-0.834272	0.562684	5.14752	5.12715
-0.835587	0.55677	5.14686	5.12846
-0.833287	0.548557	5.14555	5.12846
-0.824745	0.552499	5.14489	5.1278
-0.823759	0.546914	5.14325	5.12912
-0.820802	0.545272	5.14292	5.1278
-0.808318	0.540015	5.14423	5.12649
-0.811275	0.537387	5.14522	5.12452
-0.815217	0.539358	5.14686	5.1232
-0.808975	0.537715	5.14686	5.12353
-0.800761	0.542972	5.14522	5.12419
-0.797476	0.547243	5.14357	5.12583
-0.789919	0.552499	5.14423	5.12715
-0.795176	0.5433	5.14686	5.12616
-0.788277	0.544943	5.14719	5.12518
-0.784991	0.548228	5.1439	5.12583
-0.78302	0.549543	5.14127	5.12583
-0.784334	0.547243	5.13963	5.12452
-0.783349	0.552171	5.14127	5.1255
-0.784006	0.554142	5.14292	5.12485
-0.781377	0.557099	5.14423	5.1232
-0.784334	0.569255	5.14456	5.12419
-0.788277	0.568598	5.14587	5.12419
-0.789591	0.570898	5.14555	5.12353
-0.786305	0.574512	5.14522	5.12288
-0.78532	0.577469	5.14522	5.12353
-0.78532	0.584368	5.14357	5.12452
-0.784334	0.590939	5.14325	5.12583
-0.789591	0.585354	5.1439	5.12518
-0.786305	0.584696	5.14325	5.12452
-0.787948	0.581083	5.14193	5.12583
-0.796162	0.575497	5.14062	5.12649
-0.79649	0.579768	5.1416	5.12616
-0.798461	0.579768	5.14226	5.12616
-0.800433	0.579768	5.14456	5.12452
-0.806018	0.575169	5.14686	5.12288
-0.803061	0.568927	5.14719	5.12353
-0.799447	0.570241	5.14456	5.12386
-0.799776	0.578126	5.1416	5.12485
-0.800433	0.578454	5.14095	5.12518
-0.79879	0.581411	5.14325	5.12518
-0.799776	0.582397	5.14653	5.12583
-0.80109	0.581083	5.14752	5.1255
-0.794519	0.58174	5.14719	5.12649
-0.791562	0.585354	5.1462	5.12912
-0.797147	0.580425	5.1439	5.13207
-0.801747	0.57484	5.14127	5.13109
-0.800433	0.57484	5.14127	5.12945
-0.804704	0.572869	5.14423	5.1278
-0.804047	0.574183	5.14653	5.12682
-0.80109	0.577469	5.14752	5.12682
-0.795833	0.584368	5.14555	5.12649
-0.797804	0.578783	5.14325	5.12616
-0.796819	0.578454	5.1416	5.12452
-0.79649	0.57944	5.14357	5.1232
-0.792876	0.584696	5.14522	5.12189
-0.793862	0.592581	5.1462	5.12485
-0.791891	0.586339	5.14423	5.12682
-0.789919	0.589625	5.14193	5.12682
-0.786963	0.594881	5.14292	5.12682
-0.784006	0.597181	5.14489	5.12616
-0.782034	0.596524	5.14489	5.12485
-0.772178	0.603423	5.14357	5.12583
-0.761008	0.612951	5.14259	5.12518
-0.750823	0.611308	5.14193	5.12518
-0.743595	0.615908	5.14193	5.12616
-0.74031	0.611965	5.14062	5.1255
-0.741295	0.616894	5.14259	5.12583
-0.73801	0.61985	5.14489	5.1255
-0.739981	0.618536	5.14653	5.12518
-0.736039	0.617222	5.14423	5.12616
-0.731768	0.618208	5.1416	5.12616
-0.731111	0.618536	5.14095	5.12649
-0.731111	0.620179	5.14062	5.12649
-0.727825	0.617551	5.14193	5.12616
-0.729796	0.621493	5.14357	5.1255
-0.734725	0.618208	5.14489	5.12485
-0.727497	0.613608	5.1439	5.12353
-0.731111	0.602766	5.14127	5.12353
-0.741952	0.599809	5.14095	5.12419
-0.740967	0.603752	5.14226	5.12682
-0.745895	0.600466	5.14357	5.12813
-0.746881	0.60638	5.14357	5.12616
-0.75148	0.601452	5.14357	5.12353
-0.754437	0.600795	5.14259	5.12255
-0.75608	0.601452	5.14095	5.12485
-0.761336	0.598824	5.14127	5.12583
-0.76725	0.599809	5.14226	5.12583
-0.773492	0.605395	5.14292	5.12682
-0.774149	0.611308	5.14587	5.12813
-0.781706	0.60408	5.14719	5.12879
-0.782692	0.598824	5.14653	5.12846
-0.787948	0.594553	5.14456	5.12715
-0.791234	0.596524	5.14489	5.12485
-0.799119	0.597181	5.14522	5.1232
-0.797804	0.595538	5.1462	5.12222
-0.796819	0.597181	5.14719	5.1232
-0.792876	0.60638	5.14456	5.12682
-0.793205	0.606709	5.14325	5.12649
-0.795176	0.606709	5.14193	5.12419
-0.794848	0.603752	5.14095	5.12485
-0.797476	0.60408	5.14226	5.12682
-0.798133	0.602438	5.14423	5.12813
-0.797476	0.597181	5.14489	5.12813
-0.798133	0.591596	5.14357	5.12748
-0.802733	0.586011	5.14292	5.12452
-0.805689	0.59061	5.1416	5.12485
-0.806675	0.587653	5.14127	5.12386
-0.807661	0.585682	5.14127	5.12419
-0.806346	0.586339	5.14259	5.12616
-0.804375	0.586011	5.14423	5.12682
-0.800104	0.592253	5.14423	5.12518
-0.80109	0.587653	5.14193	5.12419
-0.796819	0.585025	5.14095	5.12353
-0.792876	0.586011	5.14193	5.12616
-0.792876	0.583382	5.14226	5.1278
-0.791562	0.582068	5.14325	5.1255
-0.791891	0.583711	5.14423	5.12419
-0.787948	0.588968	5.14226	5.12485
-0.788277	0.583382	5.14127	5.12616
-0.782692	0.582725	5.13996	5.12616
-0.780392	0.581083	5.14127	5.12485
-0.778421	0.570569	5.14325	5.12353
-0.772835	0.569912	5.14522	5.12255
-0.770536	0.567941	5.14555	5.12353
-0.773821	0.557099	5.14555	5.12419
-0.775792	0.554142	5.14357	5.12583
-0.783349	0.546586	5.14587	5.12452
-0.783349	0.543629	5.14653	5.12353
-0.78302	0.545929	5.14587	5.12419
-0.790905	0.5433	5.14259	5.12222
-0.791234	0.544943	5.14062	5.12222
-0.795505	0.551514	5.14095	5.12485
-0.800104	0.546914	5.14193	5.12682
-0.797476	0.544286	5.14292	5.12682
-0.799447	0.5433	5.14325	5.12583
-0.803718	0.541986	5.14325	5.12518
-0.80109	0.544943	5.14522	5.12353
-0.801418	0.550528	5.14587	5.12452
-0.799119	0.555128	5.1439	5.12682
-0.800433	0.559399	5.14193	5.12715
-0.80109	0.560384	5.14226	5.12616
-0.797147	0.56367	5.1439	5.12386
-0.802733	0.557099	5.14292	5.12288
-0.800433	0.56367	5.14226	5.12419
-0.810946	0.555456	5.1416	5.12419
-0.811603	0.560384	5.14127	5.12353
-0.815217	0.55677	5.1416	5.12452
-0.816203	0.559399	5.14259	5.12649
-0.823431	0.558742	5.14292	5.12518
-0.821131	0.563341	5.14226	5.12452
-0.822774	0.563998	5.14127	5.12419
-0.823102	0.56367	5.13996	5.12452
-0.822774	0.558085	5.14029	5.12616
-0.822445	0.559399	5.1416	5.12616
-0.817517	0.560056	5.14292	5.12616
-0.81456	0.56137	5.1439	5.12649
-0.812917	0.556442	5.14489	5.12616
-0.814231	0.555456	5.14357	5.12583
-0.811275	0.552499	5.14193	5.12583
-0.811275	0.555128	5.1416	5.1255
-0.808646	0.551842	5.14325	5.12485
-0.804375	0.557756	5.14653	5.12518
-0.806018	0.557756	5.14785	5.12518
-0.806018	0.550528	5.14653	5.12485
-0.806018	0.554142	5.1439	5.12419
-0.805032	0.557099	5.14193	5.12485
-0.801747	0.562684	5.1416	5.12748
-0.804375	0.558742	5.1416	5.12945
-0.798461	0.560713	5.14325	5.12715
-0.794519	0.552499	5.14489	5.12485
-0.796162	0.551185	5.1439	5.12353
-0.79419	0.551185	5.14259	5.12222
-0.793533	0.546586	5.1416	5.12222
-0.783677	0.550857	5.1416	5.12452
-0.782034	0.558413	5.14325	5.12452
-0.781706	0.564327	5.14292	5.12485
-0.777763	0.567941	5.14357	5.12386
-0.770536	0.574183	5.14522	5.12353
-0.763308	0.583711	5.14587	5.12419
-0.758051	0.585025	5.14555	5.12452
-0.757722	0.593896	5.14686	5.12583
-0.74918	0.600138	5.14719	5.12715
-0.742281	0.602766	5.14587	5.12583
-0.737024	0.606709	5.14489	5.12189
-0.740967	0.609994	5.14456	5.1209
-0.737024	0.61098	5.14555	5.12189
-0.73341	0.615579	5.14489	5.12353
-0.729796	0.615908	5.14522	5.1255
-0.729139	0.620179	5.14555	5.12715
-0.732425	0.626421	5.14522	5.12715
-0.736039	0.628064	5.14489	5.12583
-0.733739	0.628064	5.14292	5.12452
-0.734396	0.634635	5.1416	5.12255
-0.731111	0.64022	5.1416	5.12288
-0.734725	0.641534	5.14259	5.12353
-0.736039	0.64482	5.14423	5.12353
-0.74031	0.641206	5.14653	5.12353
-0.737024	0.638577	5.14653	5.1232
-0.738667	0.636277	5.14653	5.12353
-0.739324	0.636606	5.14686	5.12616
-0.738996	0.634963	5.1462	5.12748
-0.739324	0.64022	5.14555	5.12583
-0.734725	0.638249	5.14423	5.12616
-0.727497	0.635292	5.1462	5.12583
-0.728482	0.632664	5.14982	5.12649
-0.727497	0.633649	5.14883	5.12649
-0.734396	0.636277	5.14719	5.1278
-0.727497	0.638249	5.14325	5.12879
-0.715669	0.636935	5.14226	5.12879
-0.71764	0.640549	5.14456	5.12583
-0.71107	0.649419	5.14686	5.12452
-0.70187	0.65599	5.14719	5.12386
-0.700556	0.653362	5.14522	5.12616
-0.705484	0.652705	5.14357	5.1278
-0.707127	0.654676	5.14292	5.1301
-0.71107	0.654347	5.14259	5.1278
-0.716655	0.650405	5.14423	5.12748
-0.720597	0.645805	5.14489	5.12715
-0.720926	0.643505	5.14357	5.12748
-0.717969	0.643177	5.14325	5.12846
-0.720597	0.639891	5.14325	5.12715
-0.726511	0.634306	5.14357	5.12616
-0.734725	0.627735	5.14489	5.12682
-0.73341	0.62905	5.14522	5.12715
-0.736367	0.627407	5.14456	5.12649
-0.737024	0.629707	5.14423	5.12616
-0.741295	0.624121	5.14357	5.12386
-0.747538	0.617551	5.14325	5.12485
-0.747538	0.614265	5.14095	5.12715
-0.752466	0.61328	5.13996	5.1278
-0.758708	0.610323	5.14095	5.12715
-0.761665	0.606052	5.14226	5.12813
-0.76495	0.603095	5.14259	5.12649
-0.762979	0.593896	5.14292	5.12518
-0.763636	0.595867	5.14357	5.12485
-0.760679	0.589953	5.14325	5.12616
-0.764293	0.58831	5.14357	5.12715
-0.77185	0.585354	5.14357	5.12583
-0.775792	0.580425	5.14292	5.12288
-0.777106	0.579111	5.14423	5.12222
-0.775135	0.582397	5.14423	5.12222
-0.775792	0.582725	5.14357	5.12189
-0.781377	0.576812	5.14226	5.1232
-0.783349	0.576154	5.14127	5.12616
-0.793205	0.570241	5.14193	5.12682
-0.799447	0.563013	5.14456	5.12616
-0.803061	0.555456	5.14555	5.12583
-0.800433	0.553157	5.14522	5.12715
-0.798461	0.547571	5.14489	5.1278
-0.800104	0.542643	5.14587	5.12649
-0.798133	0.537387	5.14555	5.12353
-0.803061	0.536072	5.1439	5.12386
-0.79649	0.535087	5.14193	5.12386
-0.790248	0.540343	5.14357	5.1255
-0.795833	0.541	5.14456	5.12748
-0.804375	0.541329	5.14555	5.12879
-0.807004	0.537058	5.14719	5.1278
-0.811603	0.533773	5.1462	5.12583
-0.817845	0.530816	5.14456	5.12452
-0.81916	0.525231	5.14423	5.12288
-0.828359	0.523916	5.14456	5.12353
-0.827702	0.524573	5.14489	5.12649
-0.833615	0.514717	5.14423	5.12616
-0.834272	0.520302	5.14357	5.12616
-0.838872	0.514389	5.14292	5.12452
-0.839858	0.513732	5.14127	5.12353
-0.840515	0.518003	5.14226	5.12452
-0.837558	0.519645	5.14226	5.1255
-0.837558	0.523259	5.14226	5.12485
-0.840515	0.515046	5.1439	5.1255
-0.837558	0.518988	5.14555	5.12583
-0.840515	0.515374	5.14719	5.12649
-0.8438	0.51176	5.1462	5.12583
-0.841829	0.507161	5.14292	5.12583
-0.843472	0.514717	5.1416	5.1255
-0.843472	0.513403	5.14193	5.12649
-0.846428	0.508146	5.14357	5.12846
-0.8461	0.510775	5.14653	5.1278
-0.844129	0.508475	5.14653	5.1278
-0.840843	0.510446	5.14719	5.12715
-0.841829	0.515374	5.14653	5.12452
-0.840186	0.518003	5.14456	5.12616
-0.840843	0.517674	5.1439	5.12715
-0.837558	0.514389	5.14226	5.12715
-0.837558	0.509461	5.14127	5.12583
-0.833615	0.512417	5.14193	5.12518
-0.830001	0.519317	5.1439	5.12419
-0.830987	0.525231	5.14423	5.12419
-0.828687	0.525231	5.14292	5.12649
-0.824745	0.531801	5.14062	5.12977
-0.820474	0.530159	5.13963	5.12945
-0.817188	0.534101	5.14029	5.1278
-0.811603	0.5433	5.14259	5.1255
-0.811603	0.538701	5.14193	5.12485
-0.805689	0.541658	5.14259	5.12452
-0.806346	0.547571	5.14259	5.1255
-0.797804	0.548228	5.14259	5.12715
-0.790577	0.554471	5.1439	5.1255
-0.784006	0.564655	5.14555	5.12386
-0.778092	0.567941	5.14719	5.12419
-0.772178	0.576154	5.14555	5.12419
-0.768893	0.57484	5.14325	5.12518
-0.766922	0.580754	5.14226	5.1278
-0.762979	0.582725	5.1416	5.12879
-0.762651	0.583711	5.14292	5.12813
-0.757394	0.586668	5.14522	5.12616
-0.754437	0.586339	5.14587	5.12452
-0.75378	0.590939	5.14522	5.12485
-0.747209	0.588968	5.14325	5.1255
-0.746552	0.59291	5.14292	5.12682
-0.744909	0.598167	5.14357	5.12583
-0.738667	0.604409	5.14325	5.12682
-0.73341	0.609009	5.1439	5.12583
-0.728811	0.611308	5.1439	5.12518
-0.725197	0.607366	5.14423	5.12485
-0.728482	0.605723	5.1439	5.1255
-0.731768	0.608351	5.14259	5.1255
-0.725197	0.618536	5.14325	5.12616
-0.721911	0.61985	5.14456	5.12715
-0.71764	0.617551	5.14555	5.12748
-0.721583	0.614265	5.14587	5.12518
-0.720269	0.612294	5.14423	5.1255
-0.72454	0.614594	5.14226	5.12649
-0.721911	0.612951	5.1416	5.12682
-0.724211	0.615251	5.14193	5.12616
-0.725525	0.619522	5.14292	5.12485
-0.731111	0.618208	5.1439	5.12386
-0.726511	0.614594	5.1439	5.12485
-0.725525	0.612294	5.14292	5.12616
-0.723226	0.60868	5.14127	5.12649
-0.727168	0.609994	5.14095	5.12715
-0.729796	0.60868	5.14095	5.12715
-0.73341	0.605723	5.14325	5.12748
-0.732425	0.60638	5.14456	5.12748
-0.734396	0.609994	5.14456	5.12649
-0.73801	0.611965	5.14259	5.12452
-0.739653	0.614265	5.14193	5.12518
-0.743267	0.611308	5.14423	5.12715
-0.747866	0.609666	5.14752	5.12715
-0.750823	0.607037	5.14949	5.12748
-0.74918	0.606709	5.14916	5.12813
-0.743595	0.606052	5.14719	5.12649
-0.751152	0.604738	5.14489	5.12583
-0.745566	0.610323	5.14292	5.12616
-0.744581	0.612294	5.14259	5.12649
-0.744909	0.614594	5.1439	5.12485
-0.746881	0.611965	5.14653	5.12419
-0.741295	0.614922	5.14949	5.12189
-0.741952	0.611965	5.15014	5.12222
-0.73801	0.608351	5.14785	5.12288
-0.73571	0.612623	5.14456	5.1255
-0.738339	0.60868	5.14259	5.12715
-0.738667	0.60868	5.14226	5.12583
-0.737353	0.601124	5.14456	5.12518
-0.731768	0.598167	5.14555	5.12616
-0.736367	0.595867	5.14325	5.1278
-0.73801	0.598167	5.14259	5.12879
-0.738339	0.598824	5.1416	5.12846
-0.74031	0.600466	5.14259	5.12518
-0.735382	0.596524	5.14522	5.12255
-0.732425	0.596195	5.14686	5.12222
-0.730454	0.593567	5.1462	5.12386
-0.728154	0.585682	5.14325	5.12649
-0.725854	0.586339	5.14095	5.12879
-0.725525	0.586011	5.13996	5.1278
-0.714684	0.59061	5.14193	5.12583
-0.715669	0.587325	5.14325	5.12518
-0.714684	0.593567	5.14489	5.12518
-0.714684	0.598495	5.14555	5.12616
-0.715998	0.596853	5.14489	5.12715
-0.715998	0.593896	5.14489	5.1278
-0.717312	0.591596	5.14522	5.12715
-0.732425	0.578454	5.14587	5.12649
-0.732425	0.583054	5.1462	5.12353
-0.728811	0.586668	5.14587	5.12255
-0.73801	0.587653	5.14587	5.12353
-0.745238	0.583711	5.14423	5.12518
-0.746881	0.586339	5.14095	5.12715
-0.754766	0.583382	5.13897	5.12616
-0.761665	0.581083	5.14062	5.12419
-0.770864	0.584696	5.14357	5.12452
-0.765936	0.583382	5.14587	5.12452
-0.768236	0.583711	5.14522	5.12649
-0.776778	0.572212	5.14522	5.12879
-0.785977	0.573526	5.14193	5.13076
-0.792876	0.573855	5.14095	5.13043
-0.793205	0.578126	5.14193	5.12879
-0.797147	0.578454	5.14357	5.12485
-0.802733	0.574183	5.14292	5.12222
-0.809303	0.573855	5.14226	5.12485
-0.809303	0.579111	5.1416	5.12715
-0.812917	0.576154	5.14127	5.12682
-0.815546	0.578454	5.14226	5.12748
-0.817845	0.577797	5.1439	5.12682
-0.814231	0.582397	5.14423	5.12419
-0.81686	0.580754	5.14456	5.12386
-0.818831	0.581411	5.14489	5.12452
-0.824416	0.578126	5.14522	5.12583
-0.829673	0.571226	5.1462	5.12748
-0.830001	0.573855	5.14752	5.12813
-0.831316	0.570898	5.14653	5.12682
-0.831973	0.563998	5.14489	5.1255
-0.83033	0.561042	5.14325	5.12452
-0.838543	0.563341	5.14127	5.12485
-0.835587	0.56137	5.1393	5.12879
-0.83033	0.569584	5.14062	5.13207
-0.829673	0.56597	5.14357	5.13109
-0.831973	0.557756	5.14489	5.12682
-0.830659	0.554471	5.14357	5.12485
-0.824416	0.554471	5.14325	5.12452
-0.824745	0.558742	5.1439	5.12583
-0.827702	0.56367	5.14325	5.12715
-0.823759	0.563341	5.1416	5.12813
-0.818831	0.559727	5.14127	5.12879
-0.818174	0.558085	5.14259	5.12813
-0.80996	0.565313	5.14423	5.12616
-0.806675	0.574512	5.14259	5.12452
-0.801747	0.572212	5.1393	5.12682
-0.79649	0.575169	5.13766	5.12846
-0.795505	0.576154	5.13865	5.12945
-0.791891	0.576812	5.1416	5.12879
-0.786634	0.577469	5.14292	5.12649
-0.776778	0.590939	5.14357	5.12452
-0.767907	0.599152	5.14259	5.12419
-0.761993	0.605723	5.14259	5.12485
-0.768236	0.606709	5.14259	5.12518
-0.767579	0.612623	5.14226	5.12583
-0.762651	0.611965	5.14325	5.12649
-0.755423	0.618536	5.14423	5.1278
-0.752794	0.621493	5.14357	5.12682
-0.758708	0.618208	5.14226	5.12518
-0.759365	0.615251	5.14095	5.12485
-0.765936	0.614265	5.1416	5.12616
-0.768236	0.612623	5.14357	5.12813
-0.769878	0.615579	5.14423	5.12945
-0.76955	0.621493	5.14325	5.12846
-0.774807	0.62445	5.14193	5.1278
-0.775792	0.620508	5.13963	5.12813
-0.77185	0.623793	5.14193	5.12649
-0.774807	0.620508	5.14489	5.12616
-0.77185	0.628721	5.14555	5.12518
-0.777763	0.622807	5.14456	5.12452
-0.774149	0.628392	5.14357	5.12682
-0.774807	0.630364	5.14259	5.12715
-0.771521	0.632664	5.14226	5.12748
-0.769878	0.634635	5.1416	5.12879
-0.765607	0.632335	5.14127	5.12945
-0.767579	0.626093	5.14292	5.12715
-0.766593	0.62445	5.14522	5.12452
-0.770864	0.623136	5.14555	5.1232
-0.772507	0.621822	5.14522	5.12485
-0.769878	0.625764	5.14259	5.12715
-0.775135	0.627078	5.14127	5.12682
-0.773492	0.630692	5.14095	5.12583
-0.774807	0.627735	5.14259	5.12649
-0.773492	0.62675	5.14423	5.12616
-0.769878	0.627735	5.14423	5.12649
-0.768564	0.627407	5.14325	5.12649
-0.769878	0.62905	5.14292	5.12583
-0.772835	0.62675	5.14193	5.12649
-0.765607	0.629378	5.14226	5.12748
-0.765936	0.632006	5.14423	5.12715
-0.760679	0.631678	5.14719	5.12682
-0.760351	0.628721	5.14489	5.12583
-0.759694	0.627078	5.14259	5.12452
-0.753123	0.629707	5.14226	5.12485
-0.75148	0.629707	5.14127	5.12649
-0.741952	0.631349	5.14095	5.1278
-0.738667	0.633978	5.1416	5.12715
-0.734725	0.634635	5.14193	5.12616
-0.729796	0.639234	5.14226	5.1255
-0.72454	0.640549	5.14292	5.12583
-0.717312	0.641206	5.1439	5.1278
-0.708113	0.64252	5.1439	5.1301
-0.707127	0.645477	5.14357	5.1301
-0.70187	0.648105	5.14456	5.12616
-0.698585	0.653362	5.14555	5.12353
-0.695628	0.65829	5.14423	5.12485
-0.692343	0.66059	5.14292	5.12813
-0.689386	0.656647	5.14357	5.12977
-0.687086	0.655004	5.14357	5.12912
-0.6907	0.662561	5.1439	5.12715
-0.687086	0.663875	5.14423	5.12419
-0.689386	0.663218	5.14456	5.1232
-0.689386	0.656976	5.14522	5.1255
-0.688729	0.661575	5.14489	5.1278
-0.6907	0.665189	5.1439	5.12813
-0.689714	0.66946	5.14292	5.12616
-0.702856	0.672417	5.14489	5.12386
-0.714026	0.675045	5.14587	5.12222
-0.719283	0.67176	5.14423	5.12353
-0.724211	0.672746	5.1416	5.12452
-0.726182	0.674717	5.1393	5.12386
-0.732753	0.667489	5.14193	5.12386
-0.734725	0.666503	5.14555	5.12419
-0.732096	0.668146	5.14555	5.12485
-0.739324	0.667817	5.14489	5.12353
-0.749837	0.66946	5.14423	5.12288
-0.752137	0.666175	5.14456	5.12222
-0.753123	0.659932	5.14259	5.12353
-0.757722	0.655661	5.14193	5.1255
-0.762651	0.649091	5.1416	5.1255
-0.761993	0.652376	5.14292	5.12583
-0.769221	0.646462	5.1439	5.1255
-0.779406	0.645477	5.1462	5.12616
-0.784663	0.642191	5.14489	5.12583
-0.785977	0.640549	5.14193	5.12616
-0.79649	0.632006	5.14062	5.1255
-0.799776	0.626421	5.1416	5.12649
-0.805689	0.625764	5.14259	5.12583
-0.803718	0.618536	5.14423	5.12518
-0.813574	0.61328	5.14555	5.1255
-0.815217	0.60868	5.14259	5.12485
-0.81456	0.609994	5.14062	5.12419
-0.813246	0.60868	5.1393	5.12288
-0.818174	0.608023	5.1416	5.12419
-0.813903	0.602766	5.1462	5.12518
-0.816531	0.604738	5.14916	5.12682
-0.817188	0.608023	5.14653	5.12715
-0.81686	0.609666	5.14259	5.12419
-0.820474	0.604409	5.14193	5.12255
-0.822116	0.600138	5.14489	5.12353
-0.820474	0.604409	5.1462	5.12485
-0.824088	0.605395	5.14587	5.12518
-0.823102	0.596853	5.14489	5.1255
-0.817517	0.59521	5.1439	5.1255
-0.811275	0.596853	5.14357	5.12485
-0.806675	0.599152	5.14489	5.1255
-0.804704	0.592253	5.14456	5.12583
-0.79879	0.589625	5.14423	5.1255
-0.795176	0.592253	5.14423	5.12518
-0.791891	0.600466	5.14292	5.1255
-0.788934	0.60408	5.1416	5.12846
-0.786634	0.603095	5.14095	5.12879
-0.789919	0.60868	5.1416	5.12813
-0.791234	0.61098	5.14456	5.12649
-0.793533	0.604738	5.1462	5.12583
-0.791891	0.605066	5.14555	5.12485
-0.788605	0.605066	5.14489	5.12485
-0.785648	0.608023	5.14423	5.12583
-0.776449	0.608351	5.14259	5.12583
-0.780063	0.612951	5.13996	5.1255
-0.781706	0.613608	5.13996	5.12452
-0.790905	0.612951	5.14226	5.12485
-0.791234	0.609994	5.1462	5.12583
-0.788277	0.612294	5.14653	5.12616
-0.790905	0.614265	5.14325	5.12649
-0.79419	0.619522	5.14127	5.12748
-0.796162	0.616236	5.14259	5.12813
-0.795833	0.612951	5.14489	5.12715
-0.795505	0.619193	5.14653	5.12452
-0.804704	0.617879	5.1439	5.12353
-0.803061	0.616894	5.1416	5.1232
-0.80996	0.616565	5.14127	5.12485
-0.80996	0.616894	5.14259	5.12583
-0.813246	0.620179	5.14587	5.12583
-0.818502	0.618865	5.14752	5.12353
-0.817845	0.615251	5.14489	5.12255
-0.819817	0.617879	5.14259	5.12156
-0.818174	0.617551	5.14259	5.1232
-0.817845	0.620179	5.14226	5.12583
-0.824088	0.616894	5.1416	5.12583
-0.830987	0.614265	5.14259	5.12518
-0.833287	0.610651	5.1439	5.12353
-0.834272	0.612623	5.14456	5.12353
-0.827045	0.617879	5.14555	5.12419
-0.822116	0.625764	5.14489	5.1255
-0.818174	0.627735	5.14292	5.12583
-0.815874	0.627407	5.14127	5.12682
-0.818831	0.633321	5.14062	5.12682
-0.811932	0.634963	5.14029	5.1255
-0.812917	0.632664	5.14259	5.12386
-0.81456	0.634306	5.14423	5.12189
-0.818502	0.633321	5.14423	5.12419
-0.807004	0.63792	5.14357	5.12748
-0.800761	0.643834	5.14292	5.12715
-0.798461	0.646791	5.14522	5.12682
-0.789591	0.646791	5.14456	5.12748
-0.789919	0.645477	5.14193	5.12616
-0.78762	0.64482	5.14325	5.12452
-0.789262	0.643177	5.14193	5.12419
-0.783349	0.64482	5.14095	5.12386
-0.778092	0.650076	5.14062	5.12649
-0.768893	0.652047	5.14259	5.12813
-0.76955	0.647776	5.14325	5.12715
-0.760022	0.654019	5.14226	5.12583
-0.749509	0.659275	5.14226	5.1255
-0.737681	0.66716	5.1439	5.12485
-0.736039	0.673074	5.14489	5.12485
-0.723554	0.679316	5.1439	5.1255
-0.715341	0.681945	5.1439	5.12452
-0.708113	0.686873	5.14325	5.12452
-0.696614	0.688516	5.14325	5.12452
-0.695957	0.691801	5.14357	5.12419
-0.690372	0.700343	5.1416	5.12485
-0.686429	0.7079	5.14095	5.12616
-0.682487	0.716113	5.14127	5.1255
-0.682158	0.714799	5.1416	5.12583
-0.676901	0.715785	5.14292	5.12616
-0.676244	0.713156	5.14456	5.12682
-0.676901	0.711842	5.14489	5.12649
-0.677887	0.713813	5.1439	5.12583
-0.676901	0.717427	5.14325	5.12485
-0.675916	0.722027	5.14292	5.12485
-0.669345	0.724327	5.14357	5.12616
-0.674602	0.723341	5.1439	5.1255
-0.677887	0.719398	5.14193	5.12452
-0.684458	0.71907	5.1416	5.12419
-0.6907	0.716113	5.14325	5.1255
-0.693985	0.719398	5.14456	5.12846
-0.700228	0.714142	5.14555	5.1301
-0.70647	0.707242	5.14587	5.12977
-0.705156	0.708557	5.14686	5.12616
-0.708441	0.702314	5.14522	5.12419
-0.716326	0.699686	5.14423	5.12419
-0.720597	0.694758	5.14193	5.12682
-0.721254	0.691144	5.14259	5.12813
-0.723554	0.689173	5.14325	5.12682
-0.72684	0.689173	5.14357	5.12616
-0.729468	0.692458	5.14292	5.12583
-0.736696	0.69213	5.14292	5.1255
-0.741295	0.690487	5.14193	5.12616
-0.745238	0.688187	5.14095	5.1255
-0.746552	0.686544	5.13963	5.12485
-0.75378	0.681616	5.1416	5.12419
-0.757394	0.677674	5.14456	5.12288
-0.759694	0.673074	5.14357	5.12189
-0.761336	0.672417	5.14259	5.12189
-0.761336	0.675374	5.14029	5.12353
-0.759365	0.67636	5.14095	5.12682
-0.766264	0.669132	5.14127	5.1278
-0.763636	0.662561	5.1439	5.12616
-0.773164	0.654019	5.14522	5.12386
-0.778092	0.652705	5.1462	5.12386
-0.780392	0.651719	5.14587	5.12255
-0.773164	0.648105	5.1439	5.12419
-0.776778	0.639234	5.1439	5.1255
-0.771521	0.641863	5.14423	5.12649
-0.77185	0.639234	5.1439	5.12748
-0.782692	0.630364	5.14456	5.12715
-0.780392	0.628064	5.1462	5.12748
-0.778092	0.632006	5.14587	5.12846
-0.779735	0.621822	5.14456	5.12846
-0.774807	0.622479	5.14456	5.12616
-0.773492	0.627735	5.14587	5.1255
-0.768564	0.625107	5.14522	5.12485
-0.766922	0.620179	5.14686	5.12386
-0.763965	0.614594	5.1462	5.12485
-0.765607	0.614922	5.14456	5.12583
-0.763965	0.620836	5.14193	5.12649
-0.760679	0.621493	5.14127	5.12813
-0.76495	0.614922	5.14456	5.12682
-0.761993	0.621822	5.14752	5.12583
-0.765936	0.616894	5.14686	5.12518
-0.765279	0.613937	5.14456	5.12616
-0.762651	0.617222	5.14292	5.12715
-0.770864	0.618536	5.14325	5.12748
-0.764293	0.616894	5.1439	5.12583
-0.766593	0.615251	5.14423	5.12518
-0.768893	0.609009	5.14325	5.12748
-0.770864	0.611308	5.14193	5.12879
-0.775135	0.611965	5.14127	5.1301
-0.775464	0.609666	5.14095	5.1301
-0.779078	0.612951	5.13897	5.1278
-0.776449	0.612951	5.13832	5.12583
-0.782034	0.609009	5.13897	5.12485
-0.792219	0.603423	5.14062	5.12288
-0.801747	0.598495	5.14095	5.12419
-0.805689	0.598824	5.14226	5.12616
-0.806346	0.595867	5.1416	5.12616
-0.813246	0.588968	5.14127	5.12616
-0.816203	0.591924	5.14127	5.12583
-0.816531	0.591596	5.1416	5.12485
-0.820145	0.589953	5.14259	5.12583
-0.827045	0.589953	5.1439	5.12518
-0.827045	0.589953	5.14456	5.12452
-0.822445	0.590282	5.14456	5.12649
-0.825402	0.59061	5.14292	5.12846
-0.823102	0.59521	5.14259	5.12649
-0.819817	0.594224	5.14259	5.12649
-0.815874	0.595538	5.14226	5.12649
-0.815217	0.591924	5.14127	5.12616
-0.81916	0.590282	5.14029	5.12682
-0.815217	0.598824	5.13996	5.12682
-0.819488	0.59521	5.13865	5.12912
-0.814889	0.594553	5.13865	5.13043
-0.804375	0.606052	5.14029	5.12912
-0.801418	0.606709	5.14423	5.12748
-0.798461	0.607366	5.14587	5.12649
-0.800104	0.60408	5.14357	5.12485
-0.79419	0.606709	5.14193	5.12353
-0.790577	0.61098	5.14357	5.12386
-0.789919	0.612951	5.14357	5.12518
-0.783677	0.612623	5.14226	5.12485
-0.776449	0.612951	5.14259	5.12485
-0.777763	0.617222	5.14226	5.1255
-0.762979	0.626093	5.14259	5.12748
-0.759037	0.624779	5.14226	5.1278
-0.75608	0.62445	5.14292	5.12649
-0.759694	0.618208	5.14325	5.12419
-0.750166	0.622479	5.14357	5.1232
-0.749509	0.626421	5.14423	5.12452
-0.745566	0.625436	5.14456	5.12386
-0.743595	0.62445	5.14292	5.12452
-0.738339	0.628392	5.14193	5.12583
-0.734067	0.630364	5.14325	5.12977
-0.730125	0.637592	5.14489	5.1301
-0.716326	0.641206	5.1462	5.12715
-0.717312	0.64252	5.14522	5.12583
-0.706142	0.648105	5.14325	5.12649
-0.698914	0.641863	5.14062	5.12912
-0.698585	0.645805	5.14127	5.12945
-0.704499	0.647776	5.14325	5.12879
-0.707127	0.646462	5.14423	5.12649
-0.706142	0.649091	5.14456	5.1232
-0.697928	0.646462	5.14357	5.12156
-0.702856	0.646134	5.14259	5.12058
-0.703185	0.645148	5.14226	5.12189
-0.702528	0.656976	5.14062	5.12386
-0.702199	0.664532	5.14062	5.12518
-0.701213	0.661904	5.14292	5.12583
-0.704499	0.668803	5.14423	5.12583
-0.711727	0.666175	5.14292	5.12419
-0.713698	0.662232	5.14095	5.12452
-0.715998	0.663546	5.14095	5.12583
-0.721911	0.664532	5.14193	5.1278
-0.726182	0.661575	5.14226	5.12813
-0.729796	0.661904	5.1439	5.1278
-0.732425	0.666175	5.14522	5.12649
-0.736039	0.66716	5.14423	5.12682
-0.73801	0.670774	5.14325	5.12583
-0.745238	0.670774	5.14259	5.1255
-0.751809	0.668146	5.14226	5.12518
-0.75148	0.670446	5.14325	5.12452
-0.750823	0.671431	5.14489	5.12419
-0.746223	0.670117	5.14325	5.12419
-0.753451	0.665846	5.14062	5.12485
-0.758708	0.668146	5.13996	5.1255
-0.763308	0.664532	5.14193	5.12616
-0.767579	0.65829	5.14489	5.12748
-0.763965	0.654019	5.14555	5.12452
-0.763965	0.657961	5.14587	5.12288
-0.753451	0.656647	5.14653	5.1232
-0.759365	0.661247	5.14522	5.12452
-0.756408	0.662561	5.14325	5.12715
-0.749509	0.665846	5.1416	5.12813
-0.746881	0.673074	5.14226	5.12682
-0.741624	0.675702	5.14292	5.12419
-0.744909	0.671431	5.14587	5.12189
-0.738339	0.664532	5.1462	5.12386
-0.726511	0.668803	5.14357	5.1255
-0.724868	0.665518	5.14226	5.1255
-0.72224	0.655661	5.14325	5.12682
-0.727168	0.653362	5.14522	5.12715
-0.725854	0.650076	5.14587	5.1255
-0.728482	0.644491	5.14522	5.12452
-0.725854	0.650733	5.1439	5.12452
-0.728154	0.653033	5.14226	5.12583
-0.737681	0.654347	5.14127	5.12649
-0.734396	0.650076	5.14226	5.12583
-0.737024	0.646791	5.1439	5.1255
-0.733739	0.644162	5.1439	5.12649
-0.728154	0.646134	5.14423	5.12682
-0.736367	0.642848	5.14522	5.12616
-0.73801	0.643177	5.14489	5.12649
-0.734067	0.641863	5.14325	5.12583
-0.734067	0.639563	5.14357	5.12485
-0.730454	0.634963	5.14555	5.1255
-0.730454	0.632006	5.14587	5.12616
-0.729139	0.630692	5.1462	5.12419
-0.727497	0.632335	5.14489	5.1232
-0.721583	0.631349	5.14292	5.12485
-0.727168	0.627735	5.14292	5.1278
-0.726511	0.631021	5.14357	5.12912
-0.731111	0.629378	5.14555	5.1278
-0.728154	0.630692	5.14555	5.1278
-0.727497	0.630692	5.1439	5.12846
-0.730782	0.634306	5.14325	5.1278
-0.730125	0.640549	5.14292	5.12715
-0.73801	0.642191	5.1439	5.1278
-0.74031	0.642848	5.14489	5.12616
-0.745238	0.640549	5.14587	5.1255
-0.747209	0.638906	5.14522	5.12485
-0.750823	0.641863	5.14292	5.12353
-0.761993	0.63792	5.14062	5.1255
-0.774807	0.628721	5.14095	5.12813
-0.780392	0.62675	5.14357	5.12813
-0.786305	0.623136	5.14456	5.12748
-0.795833	0.618208	5.14587	5.12846
-0.799776	0.616894	5.14653	5.12715
-0.797147	0.623793	5.14653	5.12616
-0.799119	0.622479	5.14357	5.1255
-0.800761	0.619193	5.14095	5.12583
-0.802404	0.609994	5.13996	5.12649
-0.803061	0.613937	5.14029	5.12846
-0.806346	0.608023	5.1416	5.1278
-0.808975	0.609009	5.14423	5.12583
-0.810618	0.605066	5.14555	5.12419
-0.813574	0.604738	5.14423	5.12386
-0.812589	0.605723	5.14127	5.1255
-0.813246	0.601781	5.14029	5.12518
-0.816203	0.592581	5.14062	5.12353
-0.814231	0.587325	5.14226	5.1232
-0.812917	0.589625	5.14259	5.12452
-0.811603	0.584039	5.1416	5.12649
-0.804375	0.587325	5.14062	5.12813
-0.803061	0.588968	5.14127	5.12879
-0.806346	0.584039	5.14259	5.12846
-0.804704	0.582068	5.14423	5.12879
-0.80339	0.581411	5.14456	5.12682
-0.797476	0.585025	5.14522	5.12583
-0.80339	0.580425	5.14456	5.12682
-0.799447	0.581083	5.14226	5.12682
-0.800761	0.580097	5.14127	5.12682
-0.793205	0.579768	5.14259	5.12649
-0.792876	0.576812	5.14325	5.12715
-0.78762	0.574512	5.1439	5.12485
-0.784006	0.57254	5.14456	5.12452
-0.777106	0.568927	5.1439	5.12485
-0.781049	0.558742	5.14226	5.12649
-0.775792	0.558413	5.14127	5.12912
-0.775464	0.561042	5.14292	5.12945
-0.776121	0.561042	5.14489	5.12649
-0.777763	0.558085	5.14587	5.12452
-0.770536	0.560384	5.14325	5.1255
-0.76725	0.570241	5.14226	5.12682
-0.761336	0.57484	5.1416	5.12846
-0.756737	0.582397	5.14423	5.12813
-0.75378	0.591924	5.14686	5.12485
-0.75378	0.58831	5.14686	5.1232
-0.755094	0.594881	5.14489	5.12288
-0.757394	0.593567	5.14325	5.12386
-0.763636	0.593239	5.14292	5.12518
-0.766593	0.589296	5.14226	5.12649
-0.769878	0.59291	5.14193	5.1278
-0.768564	0.600138	5.14325	5.12748
-0.78072	0.600466	5.14292	5.12649
-0.786634	0.594881	5.14127	5.12485
-0.78762	0.603095	5.14127	5.12452
-0.790248	0.602766	5.14193	5.12485
-0.788605	0.603423	5.14292	5.12485
-0.785977	0.609009	5.14489	5.12485
-0.790905	0.604738	5.1462	5.12419
-0.792548	0.601124	5.14555	5.12386
-0.790577	0.604738	5.14522	5.12288
-0.790577	0.605723	5.14423	5.12419
-0.789591	0.609994	5.14357	5.12715
-0.789919	0.615579	5.14226	5.12846
-0.791234	0.614594	5.14259	5.12583
-0.786963	0.616894	5.1439	5.12419
-0.781706	0.619522	5.14456	5.12452
-0.782363	0.616894	5.14423	5.12616
-0.776121	0.621493	5.14259	5.12682
-0.773492	0.622807	5.1416	5.12649
-0.770536	0.620508	5.1416	5.12616
-0.762979	0.626421	5.14325	5.12616
-0.758708	0.627407	5.14489	5.12386
-0.757722	0.636277	5.14456	5.12189
-0.744252	0.645805	5.1439	5.12222
-0.743595	0.651062	5.14357	5.12222
-0.733082	0.65599	5.14357	5.12288
-0.721583	0.66059	5.14423	5.12288
-0.717969	0.662232	5.14456	5.12255
-0.713698	0.661247	5.14653	5.12386
-0.702528	0.665846	5.1462	5.1255
-0.702528	0.666175	5.14522	5.12583
-0.695628	0.669132	5.14489	5.12616
-0.687415	0.674717	5.14489	5.12616
-0.67723	0.674388	5.14423	5.1255
-0.670988	0.674388	5.14325	5.12748
-0.660803	0.679316	5.14325	5.12912
-0.661788	0.679316	5.14423	5.1278
-0.660803	0.680959	5.14522	5.12715
-0.655546	0.68753	5.14522	5.12616
-0.653575	0.686216	5.14522	5.12485
-0.652261	0.691144	5.14653	5.1255
-0.655875	0.690815	5.1462	5.12715
-0.653246	0.692787	5.14555	5.12682
-0.652918	0.693772	5.14456	5.12649
-0.647661	0.695086	5.14325	5.12616
-0.645361	0.697386	5.14127	5.1255
-0.647661	0.692787	5.14226	5.12682
-0.650618	0.682602	5.14193	5.12452
-0.651932	0.686544	5.14193	5.12123
-0.658503	0.688844	5.14226	5.12288
-0.659489	0.687201	5.1439	5.12452
-0.661788	0.694758	5.1439	5.12616
-0.665074	0.693772	5.1439	5.12682
-0.668359	0.694101	5.14423	5.1278
-0.671645	0.690815	5.14325	5.12682
-0.680844	0.690487	5.14292	5.12748
-0.687086	0.691472	5.14292	5.1278
-0.694314	0.691144	5.1439	5.12715
-0.695957	0.694101	5.1439	5.12715
-0.703513	0.695743	5.14555	5.12583
-0.710741	0.68983	5.14653	5.1232
-0.719283	0.686873	5.14587	5.12353
-0.726511	0.679316	5.14423	5.1232
-0.733082	0.673403	5.14325	5.12452
-0.73801	0.670446	5.1439	5.12682
-0.750495	0.66716	5.14456	5.12715
-0.749837	0.660918	5.14423	5.12682
-0.75608	0.655004	5.14325	5.12616
-0.760679	0.654676	5.14423	5.12715
-0.766593	0.65139	5.14653	5.12846
-0.779078	0.639563	5.14686	5.12879
-0.782692	0.639234	5.14456	5.12879
-0.788277	0.631349	5.14127	5.1278
-0.796162	0.623136	5.14127	5.12682
-0.794848	0.627407	5.14292	5.12715
-0.799776	0.62675	5.14555	5.12846
-0.805032	0.616894	5.14489	5.12846
-0.810618	0.609337	5.14325	5.12715
-0.813903	0.601452	5.14292	5.12682
-0.815874	0.603095	5.14193	5.1278
-0.821788	0.603752	5.14095	5.12682
-0.823431	0.603752	5.14456	5.12616
-0.817517	0.602109	5.14752	5.12518
-0.821459	0.595867	5.14817	5.12419
-0.817517	0.585354	5.14653	5.12419
-0.812589	0.588639	5.14325	5.12386
-0.807332	0.593896	5.14095	5.12353
-0.805689	0.591596	5.14127	5.12452
-0.800433	0.591596	5.14325	5.12583
-0.800433	0.589625	5.14522	5.12649
-0.79879	0.587653	5.14456	5.12649
-0.797147	0.589296	5.14456	5.12518
-0.793533	0.583382	5.14423	5.12452
-0.789591	0.588639	5.14423	5.12485
-0.788605	0.585682	5.1462	5.12452
-0.785648	0.592253	5.14456	5.12419
-0.784991	0.600138	5.14325	5.12583
-0.781049	0.600138	5.14226	5.12682
-0.783677	0.598495	5.14292	5.12682
-0.781377	0.594881	5.14489	5.1278
-0.781706	0.595538	5.14489	5.12715
-0.789591	0.594881	5.14456	5.12518
-0.789262	0.599481	5.14522	5.12255
-0.787291	0.597838	5.14686	5.12189
-0.781706	0.601452	5.14653	5.12156
-0.784334	0.606709	5.14489	5.12189
-0.785977	0.611637	5.1439	5.12189
-0.791891	0.610651	5.14357	5.12189
-0.792548	0.607037	5.14423	5.12518
-0.79419	0.605066	5.14456	5.12682
-0.791562	0.615251	5.14423	5.12616
-0.792876	0.616565	5.14489	5.12583
-0.79649	0.614594	5.14456	5.1255
-0.798133	0.617879	5.14456	5.12518
-0.797147	0.615579	5.14325	5.1255
-0.793533	0.613937	5.14259	5.12682
-0.789919	0.617222	5.14259	5.12649
-0.780063	0.621822	5.1439	5.12485
-0.78072	0.62905	5.14259	5.12452
-0.769878	0.632992	5.14292	5.12715
-0.775792	0.631349	5.14292	5.12813
-0.780063	0.623793	5.14292	5.12682
-0.781377	0.621493	5.14325	5.12616
-0.78532	0.626093	5.14357	5.1255
-0.794848	0.626093	5.14423	5.1255
-0.795833	0.631349	5.14423	5.12485
-0.794848	0.630035	5.14325	5.12485
-0.799447	0.633649	5.14292	5.12682
-0.800761	0.635292	5.14292	5.12715
-0.802404	0.631678	5.14259	5.12616
-0.805032	0.62905	5.1439	5.12583
-0.812589	0.626421	5.14292	5.12485
-0.813903	0.628392	5.14259	5.12518
-0.816531	0.627078	5.1416	5.12583
-0.812917	0.630035	5.14292	5.12682
-0.804375	0.633649	5.14555	5.12583
-0.804375	0.632335	5.14686	5.12288
-0.804375	0.637263	5.14686	5.12288
-0.79649	0.64022	5.14719	5.12419
-0.785977	0.642848	5.14785	5.12748
-0.78302	0.645148	5.14719	5.12846
-0.778092	0.652047	5.14489	5.12715
-0.775464	0.645477	5.14456	5.12485
-0.777763	0.638906	5.14587	5.12353
-0.773492	0.631021	5.14522	5.12222
-0.767579	0.636277	5.14423	5.12222
-0.762651	0.637592	5.14325	5.12386
-0.755094	0.634963	5.14259	5.12452
-0.757394	0.630035	5.14259	5.12419
-0.756737	0.627735	5.14259	5.12386
-0.757394	0.630364	5.1439	5.12419
-0.755423	0.625436	5.14357	5.1255
-0.760351	0.626421	5.14259	5.12649
-0.755423	0.629707	5.14489	5.12715
-0.75838	0.628721	5.14489	5.12846
-0.756737	0.631678	5.14325	5.1301
-0.752794	0.633321	5.14259	5.1278
-0.758708	0.632006	5.1439	5.12616
-0.759037	0.636935	5.14489	5.12616
-0.754108	0.637263	5.14489	5.12583
-0.755751	0.636277	5.14423	5.12583
-0.755094	0.634635	5.14259	5.12616
-0.757722	0.636277	5.14193	5.12616
-0.763308	0.635292	5.14292	5.12649
-0.768893	0.638906	5.14325	5.12583
-0.766264	0.640549	5.14095	5.12518
-0.770536	0.640877	5.14062	5.12386
-0.776121	0.645477	5.14127	5.12353
-0.781706	0.646462	5.14062	5.12288
-0.786305	0.645477	5.14292	5.12386
-0.792876	0.638249	5.14456	5.12419
-0.800104	0.634635	5.14489	5.12419
-0.801747	0.636277	5.14489	5.12386
-0.799776	0.633978	5.14357	5.12255
-0.800433	0.630364	5.14259	5.12353
-0.802733	0.632335	5.14127	5.12583
-0.80996	0.625436	5.14292	5.12715
-0.809303	0.629378	5.14587	5.12518
-0.809303	0.633321	5.14719	5.12353
-0.812589	0.632006	5.14522	5.12222
-0.808318	0.632006	5.1439	5.12222
-0.814889	0.632335	5.14357	5.12419
-0.81456	0.632992	5.14489	5.12583
-0.80996	0.633978	5.14423	5.12649
-0.812589	0.62905	5.14489	5.12616
-0.817845	0.631349	5.14489	5.12518
-0.813574	0.636277	5.14555	5.12485
-0.819488	0.62445	5.14456	5.12419
-0.819817	0.628721	5.14259	5.1232
-0.818174	0.627407	5.1416	5.12353
-0.817845	0.627078	5.14325	5.12419
-0.818831	0.625107	5.14423	5.12485
-0.822445	0.615908	5.14653	5.12452
-0.825073	0.608351	5.1462	5.12386
-0.823431	0.609009	5.14522	5.12386
-0.81686	0.610323	5.14292	5.12452
-0.814231	0.61098	5.1416	5.12583
-0.813903	0.609666	5.14259	5.12616
-0.813246	0.604738	5.14555	5.1255
-0.808975	0.60868	5.1485	5.12485
-0.805032	0.618865	5.14817	5.12518
-0.804047	0.616565	5.14555	5.12518
-0.801418	0.615251	5.14357	5.12649
-0.797476	0.616236	5.14259	5.1255
-0.790905	0.61328	5.1439	5.12485
-0.782692	0.610651	5.14587	5.12386
-0.787948	0.609666	5.14686	5.12288
-0.787948	0.608351	5.14555	5.12386
-0.778749	0.60868	5.14292	5.12386
-0.778749	0.603752	5.1416	5.12452
-0.78302	0.605723	5.14259	5.12485
-0.778092	0.607694	5.14357	5.1255
-0.780392	0.605723	5.14489	5.12485
-0.780063	0.611637	5.14522	5.12485
-0.778092	0.613608	5.14325	5.1232
-0.783349	0.611308	5.1416	5.12288
-0.779735	0.609666	5.14226	5.12452
-0.784006	0.614922	5.14456	5.12682
-0.786634	0.611965	5.14587	5.12715
-0.782692	0.612951	5.14456	5.12616
-0.781377	0.616565	5.14456	5.12682
-0.78762	0.613608	5.14325	5.12748
-0.79419	0.610323	5.14193	5.1278
-0.804704	0.608351	5.14292	5.12715
-0.805689	0.601781	5.14489	5.12452
-0.810618	0.59291	5.1462	5.1232
-0.815874	0.591267	5.14653	5.12288
-0.813246	0.597838	5.14325	5.12353
-0.81456	0.599481	5.1393	5.12518
-0.816203	0.595867	5.13996	5.1278
-0.822116	0.591596	5.14259	5.12912
-0.823431	0.588968	5.14456	5.12945
-0.82573	0.585354	5.14489	5.12846
-0.834272	0.585354	5.1416	5.12813
-0.837886	0.578454	5.14029	5.12715
-0.842157	0.577469	5.1416	5.12715
-0.845114	0.571226	5.14423	5.12715
-0.8484	0.569912	5.14489	5.12748
-0.8507	0.56367	5.14456	5.12583
-0.856942	0.557756	5.14423	5.12452
-0.862527	0.554471	5.14423	5.12419
-0.861541	0.557099	5.14456	5.12649
-0.85727	0.558085	5.14357	5.12649
-0.858584	0.560056	5.14423	5.12748
-0.86417	0.563013	5.14456	5.12748
-0.864827	0.564655	5.1439	5.12649
-0.860556	0.567941	5.14522	5.12682
-0.861213	0.561042	5.14686	5.12616
-0.85957	0.563013	5.1462	5.12485
-0.857599	0.568269	5.14292	5.1255
-0.854971	0.570898	5.1416	5.1255
-0.856285	0.56597	5.1416	5.12649
-0.857927	0.567284	5.14357	5.12616
-0.857599	0.562684	5.14555	5.12518
-0.85727	0.558742	5.14686	5.12518
-0.855299	0.555456	5.14456	5.12485
-0.852671	0.563998	5.13996	5.1255
-0.852671	0.563341	5.13799	5.12583
-0.849714	0.565313	5.14127	5.1255
-0.851357	0.56367	5.14587	5.12419
-0.8415	0.563341	5.14752	5.1232
-0.836572	0.563341	5.1462	5.12288
-0.83263	0.56367	5.14292	5.12353
-0.830987	0.562684	5.14226	5.1255
-0.825073	0.567284	5.14292	5.12583
-0.815217	0.570241	5.14423	5.12485
-0.81456	0.570241	5.14653	5.12452
-0.805361	0.575826	5.14785	5.12452
-0.808318	0.578783	5.14785	5.12452
-0.81456	0.575826	5.14357	5.12583
-0.811603	0.581083	5.14062	5.12485
-0.809303	0.57944	5.14062	5.12649
-0.801747	0.577469	5.14259	5.12518
-0.803718	0.578454	5.14522	5.12288
-0.807332	0.576812	5.14489	5.12255
-0.798461	0.586011	5.14292	5.1232
-0.802733	0.583711	5.14193	5.12123
-0.808646	0.585025	5.14226	5.12156
-0.812917	0.583054	5.14259	5.12419
-0.814231	0.582068	5.1439	5.12616
-0.811275	0.589296	5.1462	5.12748
-0.805032	0.587325	5.14653	5.12682
-0.806018	0.594224	5.14489	5.12682
-0.803718	0.600795	5.14325	5.1278
-0.802404	0.595538	5.1439	5.12748
-0.797147	0.598824	5.1462	5.12485
-0.802075	0.606052	5.14653	5.12353
-0.792876	0.609009	5.14653	5.12419
-0.790577	0.612623	5.14325	5.12419
-0.791234	0.611965	5.1416	5.1255
-0.783677	0.62215	5.14062	5.12879
-0.78532	0.622479	5.13996	5.12945
-0.779406	0.626093	5.14029	5.12813
-0.777435	0.629707	5.14226	5.1255
-0.768564	0.634963	5.14555	5.12419
-0.761993	0.642191	5.14653	5.12386
-0.755423	0.65139	5.14555	5.12452
-0.748852	0.656647	5.14522	5.12583
-0.750823	0.657304	5.14325	5.12715
-0.755751	0.656647	5.14292	5.1278
-0.754437	0.661904	5.14423	5.12583
-0.751152	0.665189	5.14555	5.12649
-0.748852	0.666503	5.14489	5.12616
-0.74918	0.665189	5.14489	5.12649
-0.744581	0.661575	5.14423	5.12682
-0.734396	0.661575	5.14423	5.12748
-0.720926	0.666503	5.1439	5.12682
-0.718955	0.663875	5.14226	5.12419
-0.716983	0.662561	5.14127	5.1232
-0.713369	0.659275	5.14193	5.12452
-0.713369	0.657633	5.14193	5.12682
-0.712384	0.663218	5.14193	5.12649
-0.715998	0.668146	5.14193	5.12583
-0.712384	0.668475	5.14325	5.12583
-0.709098	0.669789	5.14522	5.12485
-0.704827	0.667489	5.14653	5.12419
-0.701542	0.668475	5.14522	5.1255
-0.700885	0.666503	5.14456	5.12616
-0.70187	0.667817	5.14423	5.12649
-0.694643	0.663875	5.14456	5.12813
-0.694643	0.665846	5.14653	5.12945
-0.687415	0.666175	5.14719	5.12846
-0.6907	0.668146	5.14489	5.12682
-0.694643	0.664861	5.14226	5.12616
-0.696614	0.664204	5.14226	5.12649
-0.701213	0.662889	5.14456	5.12748
-0.709098	0.65829	5.14522	5.12649
-0.708441	0.66059	5.1462	5.12583
-0.711398	0.657633	5.14522	5.12649
-0.708441	0.656319	5.14259	5.12518
-0.71107	0.65369	5.14292	5.12715
-0.717312	0.646462	5.14423	5.12813
-0.725525	0.646791	5.14259	5.12715
-0.728154	0.644162	5.14259	5.1278
-0.727497	0.644162	5.14423	5.12846
-0.736696	0.636606	5.14522	5.12649
-0.743267	0.636277	5.14423	5.12485
-0.749837	0.638577	5.14325	5.12419
-0.752466	0.643505	5.14292	5.12616
-0.752794	0.644491	5.14325	5.12846
-0.760679	0.64022	5.1439	5.12846
-0.763636	0.638906	5.14456	5.12715
-0.77185	0.634306	5.14489	5.12748
-0.76955	0.634963	5.1439	5.1278
-0.769221	0.635292	5.14292	5.12846
-0.768236	0.641863	5.14325	5.12879
-0.773821	0.635292	5.14357	5.12748
-0.777435	0.630364	5.1439	5.12616
-0.78072	0.630692	5.14587	5.1255
-0.781377	0.633978	5.14587	5.1255
-0.784334	0.631678	5.14357	5.12682
-0.780063	0.627078	5.14259	5.12879
-0.778092	0.627735	5.14259	5.12879
-0.784991	0.622807	5.14357	5.12715
-0.782692	0.616894	5.14555	5.12485
-0.784663	0.619522	5.14522	5.12485
-0.787291	0.616894	5.14357	5.12452
-0.779078	0.612623	5.14357	5.12583
-0.777763	0.614922	5.14325	5.12715
-0.773164	0.610651	5.1439	5.12616
-0.763636	0.613608	5.14489	5.12616
-0.770864	0.607037	5.14653	5.12386
-0.767579	0.607366	5.1462	5.12255
-0.766593	0.607366	5.14587	5.1232
-0.767579	0.610323	5.14489	5.12386
-0.76955	0.606709	5.14456	5.12518
-0.768893	0.609337	5.1439	5.1278
-0.766264	0.610323	5.14193	5.12715
-0.759037	0.610323	5.14127	5.1255
-0.755751	0.611965	5.1416	5.12452
-0.754766	0.612951	5.14259	5.12419
-0.760022	0.605066	5.14292	5.12583
-0.755423	0.609337	5.14259	5.12715
-0.758051	0.61098	5.14522	5.12682
-0.757394	0.610323	5.14653	5.12583
-0.764293	0.610323	5.14653	5.12485
-0.76725	0.603423	5.14587	5.12452
-0.76495	0.605066	5.14522	5.12452
-0.771521	0.60408	5.14292	5.12419
-0.771521	0.600138	5.14226	5.12419
-0.773492	0.605395	5.14357	5.1255
-0.77185	0.601452	5.14522	5.12682
-0.777435	0.599152	5.14587	5.12715
-0.780063	0.591596	5.14226	5.12846
-0.779078	0.597181	5.13996	5.1301
-0.775135	0.598167	5.13963	5.12846
-0.776778	0.600466	5.1416	5.12649
-0.780063	0.601452	5.14292	5.12419
-0.776778	0.596853	5.1439	5.12288
-0.786634	0.601781	5.1439	5.12485
-0.789262	0.599481	5.14259	5.12715
-0.796819	0.596524	5.1416	5.12846
-0.79879	0.596524	5.14095	5.13043
-0.802733	0.596853	5.14259	5.12945
-0.806675	0.598167	5.14357	5.12715
-0.81226	0.592253	5.14522	5.1255
-0.813246	0.591924	5.14489	5.12419
-0.812589	0.59291	5.14423	5.12419
-0.81916	0.583054	5.14292	5.12485
-0.818502	0.583711	5.14259	5.12715
-0.820802	0.57944	5.14226	5.12649
-0.824416	0.573198	5.14095	5.1255
-0.819817	0.582068	5.1416	5.12419
-0.812917	0.583711	5.14292	5.12288
-0.80996	0.584368	5.14423	5.12518
-0.810618	0.583054	5.1416	5.12748
-0.804704	0.586011	5.14062	5.12682
-0.802075	0.594224	5.14193	5.12616
-0.802075	0.600138	5.14325	5.1255
-0.800761	0.610323	5.14423	5.1255
-0.79879	0.610651	5.14423	5.12616
-0.800433	0.611965	5.14489	5.12583
-0.795505	0.615908	5.14456	5.12616
-0.795176	0.614922	5.14522	5.12616
-0.789919	0.618208	5.14522	5.12715
-0.786305	0.624121	5.14456	5.1278
-0.791891	0.620179	5.14522	5.1255
-0.791562	0.617551	5.14522	5.12452
-0.787948	0.617879	5.14423	5.1255
-0.790248	0.618865	5.14127	5.12813
-0.789919	0.616565	5.14062	5.12912
-0.789262	0.614594	5.14226	5.1301
-0.789919	0.612623	5.14456	5.12977
-0.786963	0.611637	5.14555	5.12715
-0.775464	0.613937	5.14456	5.12419
-0.772178	0.615251	5.14226	5.12452
-0.765279	0.622807	5.14193	5.12452
-0.761336	0.617551	5.14357	5.12616
-0.761008	0.620836	5.14489	5.1255
-0.757065	0.625107	5.1462	5.12649
-0.75378	0.618536	5.14587	5.12748
-0.753451	0.62445	5.1462	5.12748
-0.750823	0.632992	5.14587	5.12682
-0.742281	0.636935	5.14522	5.12518
-0.737681	0.632006	5.14522	5.12222
-0.73571	0.624779	5.14423	5.12156
-0.727168	0.631349	5.14423	5.12189
-0.723554	0.636606	5.14423	5.12255
-0.717312	0.636606	5.14489	5.12386
-0.712384	0.642848	5.14522	5.12485
-0.709755	0.64252	5.14587	5.12583
-0.713369	0.639891	5.1462	5.12583
-0.715998	0.634306	5.14785	5.12583
-0.716983	0.638249	5.14817	5.12419
-0.718626	0.635949	5.14686	5.12386
-0.718955	0.632664	5.14489	5.12386
-0.726511	0.633321	5.14325	5.12419
-0.713698	0.641206	5.14489	5.12715
-0.708113	0.647776	5.14587	5.1301
-0.710413	0.646134	5.14653	5.12879
-0.717969	0.644491	5.14587	5.12813
-0.723883	0.64022	5.14423	5.12682
-0.723554	0.639234	5.14325	5.12649
-0.722897	0.64482	5.1416	5.12748
-0.72224	0.642848	5.14226	5.12912
-0.719612	0.639563	5.14226	5.12912
-0.720597	0.643177	5.14325	5.1278
-0.723554	0.639234	5.14423	5.12518
-0.718626	0.645148	5.1439	5.12485
-0.718955	0.635949	5.14325	5.1278
-0.71994	0.640549	5.14259	5.13109
-0.71764	0.639563	5.14226	5.13142
-0.716983	0.640877	5.14325	5.12748
-0.715669	0.645805	5.14522	5.12485
-0.712712	0.65369	5.14719	5.12419
-0.707784	0.656976	5.14785	5.12583
-0.711727	0.660261	5.14752	5.1278
-0.71107	0.659604	5.14719	5.12813
-0.710741	0.654676	5.14752	5.12846
-0.720269	0.650076	5.14587	5.12715
-0.725854	0.654347	5.1439	5.12518
-0.724868	0.655004	5.14423	5.12419
-0.728811	0.655004	5.14456	5.12288
-0.734396	0.659932	5.14752	5.1255
-0.740638	0.65599	5.1485	5.12912
-0.738339	0.65369	5.14653	5.1301
-0.730125	0.652047	5.14456	5.12748
-0.726182	0.654676	5.14587	5.12485
-0.732096	0.649748	5.14719	5.12452
-0.727168	0.644491	5.14522	5.12583
-0.728811	0.641534	5.1439	5.12682
-0.730125	0.638906	5.14095	5.12846
-0.726182	0.644491	5.13865	5.1278
-0.723226	0.639563	5.13996	5.12715
-0.723883	0.639563	5.14193	5.12583
-0.729796	0.634963	5.14259	5.12649
-0.730454	0.630364	5.1416	5.1278
-0.73801	0.623793	5.14062	5.12846
-0.740638	0.618208	5.14062	5.12879
-0.747209	0.614594	5.14226	5.12649
-0.747866	0.613608	5.14259	5.12419
-0.750823	0.609994	5.14292	5.12419
-0.759037	0.60638	5.14259	5.12452
-0.759365	0.599152	5.14423	5.12715
-0.759037	0.597838	5.14522	5.12879
-0.761008	0.594224	5.14259	5.12846
-0.752466	0.592581	5.1416	5.1255
-0.752794	0.587653	5.14292	5.12386
-0.761336	0.580425	5.14489	5.12518
-0.763636	0.580097	5.1462	5.12518
-0.767579	0.573855	5.14653	5.12813
-0.769221	0.575826	5.14587	5.1301
-0.771521	0.566955	5.14489	5.12912
-0.770207	0.566298	5.14555	5.12682
-0.766922	0.564655	5.14587	5.12649
-0.770536	0.568927	5.1439	5.1278
-0.767579	0.566627	5.14226	5.13043
-0.768236	0.571555	5.14193	5.1301
-0.768236	0.571883	5.14259	5.1301
-0.776449	0.57254	5.14193	5.12846
-0.785977	0.571555	5.14193	5.1255
-0.784334	0.576154	5.1439	5.12452
-0.789591	0.572869	5.14456	5.12616
-0.797476	0.568927	5.14259	5.12616
-0.802075	0.563341	5.14062	5.12682
-0.809303	0.554799	5.14095	5.12616
-0.814231	0.549871	5.1416	5.1255
-0.821459	0.548228	5.14325	5.12386
-0.825073	0.551514	5.14259	5.12288
-0.82803	0.55677	5.14193	5.12419
-0.820474	0.555128	5.14226	5.1255
-0.820474	0.563998	5.1439	5.12649
-0.822445	0.560056	5.14456	5.12583
-0.818831	0.561699	5.14522	5.12583
-0.813246	0.556442	5.14522	5.12813
-0.815546	0.561042	5.14653	5.12682
-0.81456	0.563013	5.14817	5.12583
-0.817517	0.561042	5.14719	5.1255
-0.813246	0.56367	5.14456	5.12583
-0.812917	0.561699	5.14357	5.12649
-0.809632	0.564984	5.14423	5.1278
-0.808318	0.558742	5.14653	5.12682
-0.806018	0.554142	5.14653	5.12748
-0.803718	0.552828	5.14522	5.1278
-0.800104	0.551185	5.14259	5.12748
-0.79419	0.553814	5.14193	5.12748
-0.796819	0.5479	5.14259	5.12715
-0.797476	0.550528	5.14522	5.1255
-0.803718	0.551514	5.14555	5.12452
-0.797147	0.555785	5.14653	5.12485
-0.792219	0.55907	5.14587	5.12583
-0.786305	0.557099	5.14325	5.12879
-0.788934	0.560713	5.14259	5.12846
-0.786963	0.561699	5.14226	5.12715
-0.784006	0.568598	5.14062	5.1255
-0.782034	0.568269	5.14127	5.12452
-0.777435	0.571883	5.14357	5.12386
-0.767579	0.56367	5.14489	5.12485
-0.765607	0.56137	5.14423	5.12485
-0.761665	0.564327	5.14259	5.12485
-0.765936	0.565313	5.14292	5.12649
-0.767907	0.562684	5.1439	5.12682
-0.765279	0.566955	5.14357	5.12452
-0.756737	0.573855	5.14292	5.12419
-0.752466	0.574183	5.14226	5.12452
-0.753123	0.570569	5.14193	5.1255
-0.747538	0.576812	5.14357	5.12715
-0.747866	0.582397	5.14292	5.12846
-0.746552	0.582725	5.14292	5.12715
-0.754437	0.584368	5.14325	5.12649
-0.755751	0.586011	5.14259	5.12518
-0.75608	0.586668	5.14193	5.12485
-0.756408	0.589296	5.1416	5.12715
-0.762651	0.585682	5.14193	5.12748
-0.757065	0.594224	5.1439	5.12649
-0.759694	0.594881	5.14555	5.1255
-0.754108	0.602766	5.14686	5.12288
-0.750823	0.598495	5.14686	5.12222
-0.745566	0.606709	5.14456	5.12518
-0.748852	0.60868	5.14325	5.12649
-0.750823	0.604738	5.14456	5.12616
-0.748852	0.612951	5.14522	5.12485
-0.745238	0.615579	5.14489	5.12386
-0.745895	0.616565	5.14226	5.12583
-0.74031	0.620836	5.13963	5.12649
-0.740967	0.61985	5.14029	5.12715
-0.739653	0.623464	5.14193	5.12518
-0.737024	0.62445	5.14226	5.12518
-0.736039	0.621493	5.14292	5.1255
-0.739981	0.622479	5.14325	5.1255
-0.734067	0.626093	5.14357	5.12353
-0.737353	0.626421	5.14423	5.1232
-0.748523	0.624121	5.14489	5.12649
-0.746881	0.62905	5.1462	5.12912
-0.749509	0.634635	5.14522	5.12748
-0.75148	0.634963	5.14489	5.12649
-0.752137	0.633321	5.14522	5.12518
-0.751152	0.631678	5.14719	5.12419
-0.751152	0.633649	5.14785	5.12649
-0.748195	0.632992	5.1462	5.12748
-0.755751	0.629707	5.14357	5.12682
-0.757722	0.628392	5.14259	5.12682
-0.752794	0.627078	5.14292	5.12518
-0.753123	0.631021	5.14489	5.12616
-0.753123	0.633978	5.14686	5.12748
-0.759694	0.631678	5.14587	5.12813
-0.763308	0.628721	5.14325	5.12748
-0.768893	0.625764	5.1416	5.12583
-0.764293	0.629378	5.1416	5.12518
-0.766922	0.631349	5.14357	5.12419
-0.768236	0.62905	5.14555	5.1232
-0.768236	0.627078	5.14489	5.12419
-0.76725	0.626421	5.1439	5.12682
-0.766922	0.626421	5.14292	5.12813
-0.766922	0.623793	5.1416	5.12846
-0.766593	0.620836	5.14127	5.12912
-0.765936	0.61985	5.14325	5.12813
-0.761336	0.615251	5.14456	5.1278
-0.761665	0.617222	5.14292	5.12748
-0.766593	0.611637	5.14062	5.12715
-0.763308	0.61098	5.1393	5.12682
-0.763965	0.610323	5.14029	5.1255
-0.766264	0.59751	5.14357	5.12583
-0.768893	0.601452	5.1439	5.12485
-0.774807	0.598167	5.14292	5.12452
-0.76955	0.596195	5.14292	5.12485
-0.774807	0.592581	5.1439	5.12649
-0.76955	0.596195	5.14325	5.12945
-0.767907	0.593567	5.14259	5.12879
-0.778421	0.594553	5.14292	5.12682
-0.777106	0.591596	5.14325	5.12452
-0.779406	0.592253	5.14357	5.12452
-0.777763	0.591596	5.14325	5.12682
-0.777763	0.59061	5.14423	5.12945
-0.78072	0.586996	5.14522	5.12846
-0.787948	0.590282	5.14522	5.12485
-0.789919	0.592253	5.14555	5.12419
-0.786634	0.591924	5.14587	5.12616
-0.788934	0.585682	5.14555	5.12748
-0.792219	0.590939	5.14325	5.12813
-0.788605	0.591924	5.14226	5.12813
-0.789919	0.589953	5.14226	5.1255
-0.782363	0.593896	5.14325	5.12452
-0.785977	0.59291	5.1439	5.12452
-0.788277	0.59061	5.14456	5.12386
-0.785977	0.590282	5.14489	5.12353
-0.781377	0.594881	5.14456	5.12452
-0.787291	0.595538	5.14292	5.12813
-0.793533	0.592253	5.14357	5.12912
-0.797804	0.588968	5.1439	5.1278
-0.79649	0.590282	5.14456	5.12583
-0.796162	0.593896	5.14325	5.12583
-0.791891	0.598824	5.14423	5.12518
-0.795833	0.595867	5.1439	5.12452
-0.795176	0.594881	5.14292	5.12485
-0.797804	0.586668	5.14489	5.12649
-0.799776	0.587982	5.14817	5.12583
-0.807004	0.580097	5.14752	5.12583
-0.805689	0.585025	5.14423	5.12616
-0.801418	0.586339	5.1416	5.12616
-0.805032	0.582068	5.13996	5.12518
-0.81226	0.572212	5.14062	5.12353
-0.81456	0.567941	5.14127	5.12386
-0.81226	0.562027	5.1439	5.12386
-0.814231	0.56137	5.14587	5.12288
-0.805032	0.563998	5.14423	5.12189
-0.812589	0.563998	5.14292	5.12255
-0.812917	0.561042	5.14259	5.12386
-0.810289	0.557428	5.14127	5.12649
-0.808646	0.556442	5.14029	5.12748
-0.811932	0.554471	5.14292	5.12518
-0.805689	0.560384	5.14357	5.12485
-0.802733	0.553157	5.14489	5.12583
-0.80339	0.548885	5.14456	5.12616
-0.80339	0.546586	5.14292	5.12583
-0.808975	0.545929	5.14226	5.12485
-0.812917	0.542643	5.14226	5.12518
-0.804704	0.542643	5.14456	5.1255
-0.807004	0.546257	5.14456	5.1255
-0.80339	0.550528	5.14357	5.12518
-0.804375	0.552171	5.14292	5.1255
-0.804047	0.558742	5.14259	5.12518
-0.802404	0.563998	5.14193	5.12583
-0.802404	0.565641	5.14226	5.12879
-0.801747	0.568598	5.14522	5.12945
-0.79879	0.568927	5.14686	5.12682
-0.791891	0.576483	5.14719	5.12452
-0.796819	0.575826	5.14555	5.12255
-0.802733	0.583054	5.14423	5.12386
-0.806675	0.584368	5.14423	5.12583
-0.805361	0.582397	5.14587	5.12485
-0.800104	0.579768	5.14719	5.12386
-0.805361	0.582068	5.14587	5.12518
-0.80109	0.586668	5.1439	5.12583
-0.795505	0.578126	5.14325	5.12682
-0.796819	0.581083	5.14357	5.1278
-0.79419	0.58174	5.14587	5.12715
-0.792876	0.580425	5.14653	5.12846
-0.791891	0.582725	5.14587	5.12846
-0.786963	0.582725	5.14489	5.12715
-0.787948	0.586011	5.14456	5.12748
-0.788934	0.587325	5.1439	5.12879
-0.790577	0.578783	5.14292	5.12813
-0.787948	0.583382	5.14357	5.12616
-0.78762	0.586668	5.14522	5.12583
-0.779406	0.595538	5.14719	5.12518
-0.776121	0.59521	5.14653	5.1255
-0.774149	0.595867	5.14587	5.12748
-0.774149	0.593567	5.1439	5.12715
-0.773164	0.593567	5.14456	5.12649
-0.765607	0.600466	5.14555	5.12616
-0.761665	0.601124	5.1462	5.1255
-0.756408	0.600795	5.14555	5.12353
-0.750495	0.595867	5.14423	5.12288
-0.757394	0.592581	5.14259	5.12255
-0.755094	0.594881	5.14193	5.12485
-0.755751	0.59291	5.14292	5.12813
-0.752137	0.594881	5.14423	5.12748
-0.753123	0.594553	5.14456	5.1255
-0.751152	0.599809	5.1439	5.12386
-0.747866	0.591924	5.14259	5.12485
-0.744909	0.586996	5.14127	5.12682
-0.743595	0.590282	5.14127	5.12748
-0.747866	0.591924	5.14259	5.12616
-0.737024	0.59521	5.14259	5.12452
-0.728482	0.600795	5.14193	5.12288
-0.726511	0.592253	5.1416	5.12156
-0.723226	0.59061	5.14062	5.12386
-0.728482	0.590282	5.14062	5.12813
-0.731439	0.589953	5.14095	5.12977
-0.735382	0.589953	5.14325	5.1301
-0.731768	0.586339	5.14587	5.12846
-0.731111	0.587325	5.14653	5.12682
-0.729468	0.592253	5.1462	5.12583
-0.726182	0.591596	5.14357	5.12452
-0.722569	0.600138	5.13996	5.12353
-0.725854	0.599809	5.137	5.12452
-0.721911	0.59521	5.1393	5.12485
-0.729468	0.597181	5.14357	5.12485
-0.733082	0.593896	5.14587	5.12452
-0.733082	0.592581	5.14522	5.12419
-0.739324	0.589625	5.14193	5.12452
-0.743267	0.59291	5.14062	5.1278
-0.74261	0.593567	5.14029	5.12912
-0.742938	0.592253	5.14095	5.12813
-0.744909	0.600138	5.14193	5.12682
-0.74918	0.596524	5.14292	5.12518
-0.745238	0.596853	5.14325	5.12518
-0.740638	0.602438	5.14357	5.12649
-0.744909	0.601124	5.14127	5.12715
-0.744252	0.602109	5.14127	5.12879
-0.752794	0.600466	5.1439	5.12846
-0.758051	0.599809	5.14587	5.12682
-0.763308	0.592253	5.14555	5.12452
-0.763965	0.586668	5.14226	5.12386
-0.76955	0.579768	5.14062	5.12419
-0.768893	0.575169	5.14095	5.12419
-0.76495	0.57254	5.14456	5.12649
-0.770207	0.570569	5.14686	5.12682
-0.775135	0.562684	5.14653	5.12748
-0.781706	0.559727	5.14489	5.12715
-0.792876	0.553485	5.14325	5.12649
-0.793862	0.552171	5.14193	5.12583
-0.797476	0.551185	5.14226	5.12518
-0.800761	0.552171	5.14587	5.1232
-0.806346	0.544286	5.14653	5.12485
-0.807004	0.538701	5.14555	5.12682
-0.807661	0.539358	5.14522	5.1255
-0.812917	0.541986	5.14423	5.12583
-0.824416	0.53443	5.1439	5.12813
-0.822116	0.532787	5.14456	5.1301
-0.824088	0.52753	5.14292	5.12846
-0.829016	0.528187	5.14292	5.12616
-0.831973	0.521945	5.14489	5.12518
-0.833615	0.51866	5.14522	5.12583
-0.8415	0.515374	5.14226	5.1255
-0.840843	0.519645	5.1393	5.12583
-0.848071	0.515046	5.137	5.12813
-0.845114	0.513403	5.1393	5.12813
-0.844129	0.513732	5.14357	5.12813
-0.841172	0.518331	5.14522	5.12813
-0.840843	0.523588	5.14325	5.12813
-0.836901	0.523916	5.14095	5.12748
-0.838872	0.526216	5.14095	5.12879
-0.836244	0.519317	5.14226	5.12813
-0.838543	0.509789	5.14259	5.1278
-0.8438	0.509461	5.14259	5.12682
-0.839201	0.510775	5.14259	5.12583
-0.838872	0.517017	5.14127	5.12583
-0.838543	0.518003	5.14062	5.12583
-0.839529	0.515703	5.1416	5.12419
-0.843143	0.514717	5.14325	5.12452
-0.837886	0.515374	5.14456	5.1255
-0.835258	0.51636	5.14489	5.1255
-0.840843	0.51176	5.14423	5.1255
-0.838215	0.516031	5.14259	5.12583
-0.835587	0.519645	5.14226	5.12583
-0.83263	0.519974	5.14127	5.12616
-0.840515	0.51866	5.14292	5.12649
-0.836244	0.524573	5.1439	5.1255
-0.835587	0.525559	5.14555	5.12288
-0.830659	0.525888	5.14522	5.12058
-0.823759	0.531144	5.14357	5.12123
-0.826716	0.530487	5.14127	5.1255
-0.820802	0.532787	5.14029	5.12649
-0.822116	0.532458	5.14062	5.12518
-0.818174	0.525888	5.1416	5.12452
-0.815217	0.532787	5.14357	5.12255
-0.814231	0.533773	5.14522	5.12156
-0.818174	0.535415	5.14489	5.12288
-0.817517	0.535087	5.14226	5.12485
-0.817845	0.537058	5.14095	5.12518
-0.819817	0.545272	5.14095	5.12288
-0.822116	0.5479	5.14193	5.12156
-0.821131	0.555785	5.14127	5.1232
-0.815546	0.561042	5.14226	5.12419
-0.819817	0.555456	5.14423	5.12386
-0.822774	0.566298	5.14522	5.12288
-0.810946	0.574512	5.14456	5.12353
-0.805361	0.57484	5.14489	5.12419
-0.805689	0.576154	5.14555	5.1232
-0.799776	0.582725	5.14555	5.12288
-0.800433	0.585354	5.14423	5.12485
-0.797147	0.586668	5.14226	5.12748
-0.790905	0.587325	5.1416	5.12813
-0.789919	0.589625	5.14325	5.12748
-0.793862	0.59061	5.14555	5.12616
-0.788277	0.59521	5.14719	5.12518
-0.787291	0.59291	5.14817	5.12386
-0.786963	0.595867	5.14752	5.12518
-0.781377	0.592253	5.14653	5.12748
-0.778421	0.598167	5.14456	5.12879
-0.780063	0.596853	5.14489	5.12879
-0.775464	0.602109	5.14555	5.12649
-0.768236	0.607037	5.14653	5.12419
-0.767579	0.610651	5.14686	5.12485
-0.770207	0.615908	5.14752	5.12583
-0.762322	0.62215	5.14522	5.12682
-0.757065	0.621493	5.14423	5.1278
-0.754437	0.623793	5.14522	5.12912
-0.75148	0.622479	5.14587	5.1278
-0.750166	0.617222	5.14555	5.12715
-0.746223	0.620836	5.14456	5.12748
-0.745238	0.613608	5.14259	5.1278
-0.744581	0.612294	5.14062	5.12715
-0.744909	0.613937	5.14029	5.12616
-0.743595	0.621165	5.14095	5.12682
-0.745238	0.623136	5.14062	5.12748
-0.744252	0.620836	5.14127	5.1278
-0.750166	0.616236	5.14193	5.12616
-0.754108	0.609666	5.14193	5.12583
-0.747538	0.60638	5.1416	5.12616
-0.748852	0.606709	5.14292	5.12682
-0.743924	0.603752	5.14456	5.1278
-0.738339	0.605066	5.14587	5.12715
-0.734067	0.602109	5.14555	5.12682
-0.728154	0.609337	5.14423	5.12616
-0.727825	0.609994	5.14259	5.12748
-0.734067	0.606709	5.14095	5.1278
-0.732753	0.603423	5.1416	5.12748
-0.726182	0.60408	5.14325	5.12583
-0.732425	0.599152	5.14522	5.12583
-0.73341	0.598824	5.14587	5.12715
-0.738339	0.604738	5.14555	5.12813
-0.744252	0.602109	5.14423	5.12912
-0.746881	0.60638	5.1439	5.13109
-0.750823	0.604738	5.1416	5.13076
-0.749837	0.599481	5.14062	5.12813
-0.748852	0.596524	5.14357	5.12682
-0.751152	0.599152	5.14423	5.12583
-0.755751	0.608351	5.14259	5.12682
-0.760351	0.603095	5.1416	5.12748
-0.754437	0.607366	5.14062	5.12452
-0.755751	0.609666	5.14193	5.1232
-0.75608	0.609009	5.14259	5.1232
-0.76955	0.603423	5.14357	5.12353
-0.768236	0.603752	5.14456	5.12419
-0.776778	0.600466	5.14259	5.12649
-0.780063	0.599481	5.14193	5.12715
-0.784334	0.599152	5.14357	5.12715
-0.781706	0.602109	5.14587	5.12682
-0.790577	0.593239	5.14555	5.12485
-0.794848	0.593567	5.14423	5.12485
-0.793205	0.593567	5.1439	5.12518
-0.792876	0.592253	5.1439	5.12419
-0.795505	0.590282	5.14423	5.12452
-0.790248	0.586339	5.14325	5.12386
-0.786963	0.582725	5.14226	5.12288
-0.78302	0.586339	5.1439	5.12123
-0.777106	0.583054	5.14522	5.12255
-0.779406	0.579111	5.1462	5.12419
-0.779078	0.573855	5.14456	5.12485
-0.783677	0.575826	5.14226	5.12419
-0.788277	0.571555	5.14193	5.12452
-0.781049	0.577469	5.14259	5.12485
-0.779078	0.576812	5.14292	5.12518
-0.777435	0.571883	5.14259	5.12583
-0.782034	0.569584	5.14259	5.12649
-0.780063	0.575169	5.1416	5.12682
-0.784006	0.574183	5.14029	5.12813
-0.780063	0.582068	5.14325	5.12813
-0.777106	0.576154	5.14555	5.12748
-0.773164	0.573855	5.14587	5.12649
-0.775792	0.572212	5.14555	5.12682
-0.773164	0.567284	5.14423	5.12682
-0.775135	0.570898	5.14325	5.12813
-0.772178	0.572212	5.14489	5.12912
-0.770536	0.57254	5.14587	5.1278
-0.768564	0.567941	5.1462	5.1255
-0.76955	0.565641	5.14653	5.12419
-0.769878	0.567612	5.14587	5.12419
-0.772507	0.568269	5.14555	5.1255
-0.777435	0.563341	5.14423	5.12715
-0.777763	0.563341	5.14226	5.1278
-0.774807	0.569255	5.1416	5.12748
-0.780392	0.567612	5.14259	5.12682
-0.780392	0.563998	5.14456	5.12616
-0.782034	0.56597	5.14719	5.12616
-0.779078	0.566298	5.14686	5.12715
-0.784006	0.555785	5.14325	5.12616
-0.785977	0.55677	5.14127	5.1255
-0.788934	0.5502	5.14127	5.12616
-0.793862	0.5479	5.14325	5.12682
-0.789919	0.55907	5.14522	5.12518
-0.78532	0.559399	5.14456	5.12518
-0.789919	0.560713	5.14423	5.12583
-0.798461	0.561699	5.14456	5.12879
-0.799776	0.56137	5.14357	5.13109
-0.802733	0.555456	5.14292	5.13076
-0.80339	0.557099	5.14489	5.1278
-0.80339	0.555456	5.14653	5.12518
-0.802733	0.554142	5.1462	5.12419
-0.804704	0.554471	5.1416	5.1255
-0.806018	0.558085	5.14127	5.12813
-0.809632	0.563013	5.14292	5.1301
-0.816203	0.558085	5.14423	5.13043
-0.822116	0.552171	5.14423	5.13043
-0.823102	0.553814	5.14357	5.12879
-0.829344	0.551514	5.1439	5.12846
-0.825073	0.547571	5.14522	5.12813
-0.827373	0.541658	5.14686	5.12649
-0.827702	0.542972	5.14686	5.12649
-0.822445	0.551514	5.14522	5.12518
-0.823102	0.552499	5.14292	5.12419
-0.822445	0.557099	5.14127	5.12485
-0.823102	0.556113	5.1416	5.12649
-0.830001	0.546914	5.1439	5.12682
-0.831316	0.541658	5.1462	5.12715
-0.831316	0.536729	5.14752	5.12682
-0.830001	0.53443	5.14522	5.1255
-0.823431	0.531801	5.14259	5.12682
-0.825073	0.524573	5.14095	5.1255
-0.823759	0.519974	5.14127	5.12452
-0.826387	0.517017	5.14193	5.12419
-0.825402	0.519645	5.14193	5.12419
-0.820802	0.51866	5.14292	5.12518
-0.812917	0.517017	5.14325	5.12682
-0.815546	0.523916	5.1439	5.12715
-0.823759	0.521288	5.14325	5.12518
-0.823759	0.526873	5.1439	5.12583
-0.812589	0.530487	5.14423	5.12715
-0.808975	0.52983	5.14489	5.12748
-0.804375	0.530816	5.14522	5.1232
-0.803061	0.530487	5.1439	5.12156
-0.79879	0.528844	5.14325	5.12189
-0.799447	0.534758	5.14357	5.12485
-0.798461	0.535087	5.14357	5.12682
-0.794848	0.538044	5.14423	5.12813
-0.786305	0.544286	5.1416	5.12879
-0.775792	0.549214	5.14226	5.12748
-0.775464	0.556442	5.14456	5.12616
-0.771521	0.552499	5.14653	5.12386
-0.769878	0.548557	5.1439	5.12222
-0.772835	0.542315	5.14127	5.12255
-0.77185	0.543629	5.14127	5.12288
-0.772507	0.541	5.14357	5.12189
-0.771521	0.540015	5.14456	5.12288
-0.772507	0.537058	5.14653	5.12386
-0.766922	0.541986	5.14719	5.12452
-0.767579	0.555456	5.14423	5.12583
-0.76725	0.551514	5.14226	5.12748
-0.767579	0.553814	5.14127	5.12813
-0.768236	0.561042	5.14095	5.12912
-0.764293	0.563013	5.14357	5.12715
-0.774149	0.554799	5.14686	5.12419
-0.771193	0.550528	5.14522	5.12353
-0.772178	0.553814	5.14193	5.12485
-0.770864	0.55907	5.13996	5.12583
-0.777763	0.56137	5.1416	5.1255
-0.778092	0.562684	5.14292	5.12485
-0.775135	0.562027	5.14423	5.1255
-0.767907	0.571555	5.14522	5.12682
-0.761665	0.571555	5.14522	5.12846
-0.761008	0.576812	5.14423	5.12846
-0.761665	0.576812	5.14423	5.12649
-0.751152	0.584368	5.14456	5.12485
-0.744581	0.584039	5.14423	5.12419
-0.738339	0.586996	5.14226	5.12386
-0.732753	0.589296	5.14259	5.12222
-0.730782	0.594224	5.14489	5.12288
-0.725525	0.598167	5.14686	5.1255
-0.720269	0.609009	5.14555	5.12682
-0.726182	0.611308	5.14292	5.12616
-0.719283	0.613608	5.14193	5.12485
-0.72224	0.615579	5.14325	5.12485
-0.721583	0.614922	5.14456	5.12715
-0.717312	0.60638	5.1439	5.12748
-0.714026	0.605066	5.14259	5.1278
-0.715669	0.608023	5.14259	5.12715
-0.719283	0.601452	5.14259	5.12518
-0.715341	0.602766	5.14226	5.12353
-0.714355	0.595867	5.14095	5.12419
-0.715669	0.589625	5.14226	5.12518
-0.714355	0.586668	5.14325	5.12616
-0.718626	0.583711	5.14292	5.12748
-0.714026	0.582725	5.14193	5.12813
-0.711727	0.576483	5.14127	5.12583
-0.713041	0.577797	5.14062	5.12485
-0.713041	0.57484	5.13996	5.12419
-0.712384	0.578783	5.14029	5.12288
-0.709427	0.567941	5.14193	5.12255
-0.707127	0.569912	5.14226	5.12452
-0.70417	0.574512	5.14127	5.12682
-0.710741	0.567941	5.14292	5.12813
-0.712384	0.568927	5.14555	5.12912
-0.713041	0.56597	5.14587	5.12813
-0.709427	0.573198	5.14456	5.12715
-0.705484	0.579111	5.14259	5.1278
-0.702199	0.582068	5.14259	5.12846
-0.707127	0.582725	5.14489	5.12912
-0.70877	0.58831	5.14587	5.1278
-0.712055	0.590282	5.1462	5.12616
-0.71764	0.590282	5.14719	5.12682
-0.714355	0.596524	5.14719	5.12813
-0.71764	0.589296	5.14719	5.12748
-0.721583	0.584696	5.14456	5.12682
-0.727497	0.583711	5.1416	5.12452
-0.729468	0.590939	5.1393	5.12518
-0.736039	0.59061	5.13996	5.12682
-0.739981	0.585025	5.14095	5.1255
-0.742281	0.580097	5.13996	5.12452
-0.748195	0.575497	5.13996	5.12649
-0.756737	0.579768	5.13996	5.12977
-0.762651	0.580425	5.13963	5.13175
-0.768236	0.575826	5.14127	5.13076
-0.768564	0.571226	5.1439	5.12682
-0.772507	0.569912	5.14456	5.12419
-0.774478	0.561042	5.1439	5.12353
-0.777763	0.562684	5.14522	5.1255
-0.777435	0.563341	5.14522	5.12682
-0.788277	0.561699	5.14489	5.12682
-0.789262	0.566955	5.14423	5.12452
-0.790905	0.562684	5.14357	5.1255
-0.788605	0.557756	5.14357	5.12682
-0.796162	0.547243	5.14489	5.12616
-0.791891	0.5479	5.14357	5.12485
-0.790248	0.551185	5.14062	5.12485
-0.790905	0.554142	5.13897	5.12649
-0.788934	0.552499	5.13996	5.12682
-0.788277	0.5502	5.14292	5.12616
-0.792219	0.544943	5.14325	5.12419
-0.789591	0.542315	5.14292	5.12419
-0.788934	0.541658	5.14095	5.12583
-0.794848	0.541986	5.1393	5.12649
-0.791891	0.5456	5.13897	5.12649
-0.784991	0.544286	5.1393	5.12518
-0.782692	0.549543	5.14062	5.12485
-0.785648	0.542315	5.14292	5.12649
-0.792548	0.536401	5.14357	5.12715
-0.796819	0.533773	5.1439	5.12649
-0.79879	0.533773	5.14325	5.12748
-0.799119	0.53443	5.14292	5.1278
-0.791891	0.533773	5.14226	5.12616
-0.793862	0.533444	5.14325	5.12452
-0.793533	0.535744	5.14357	5.12485
-0.796819	0.539686	5.1439	5.12682
-0.800433	0.536729	5.14357	5.12879
-0.797804	0.5433	5.1416	5.12879
-0.804047	0.538701	5.14193	5.12846
-0.796819	0.534101	5.14423	5.12748
-0.796819	0.542972	5.14653	5.12583
-0.793533	0.545929	5.14653	5.12616
-0.791562	0.547571	5.14423	5.12846
-0.785977	0.549214	5.1416	5.12813
-0.786963	0.549543	5.14292	5.12813
-0.784334	0.5456	5.14456	5.12616
-0.783677	0.543957	5.14555	5.12452
-0.78762	0.528516	5.14522	5.12485
-0.790248	0.532458	5.14456	5.12485
-0.79419	0.530816	5.14423	5.12518
-0.79879	0.525231	5.14357	5.12452
-0.805361	0.525231	5.14259	5.1232
-0.804704	0.526873	5.1439	5.12353
-0.804375	0.520631	5.14292	5.1255
-0.806675	0.524245	5.14259	5.12649
-0.804704	0.531801	5.14357	5.12518
-0.806346	0.533444	5.1439	5.12518
-0.806018	0.531801	5.14423	5.12485
-0.81456	0.533773	5.14423	5.12616
-0.819488	0.542315	5.1439	5.1278
-0.820145	0.544286	5.14325	5.12682
-0.820145	0.541986	5.14259	5.12583
-0.815874	0.541986	5.14259	5.1255
-0.810618	0.553485	5.14193	5.12682
-0.810618	0.555785	5.14029	5.12616
-0.808318	0.557428	5.14226	5.12682
-0.814231	0.554142	5.14653	5.1255
-0.81686	0.556442	5.14949	5.12419
-0.819488	0.554142	5.14587	5.12452
-0.815217	0.556113	5.14062	5.12485
-0.812917	0.564655	5.13766	5.12715
-0.816203	0.566627	5.13963	5.12846
-0.811603	0.570898	5.14292	5.12682
-0.809632	0.576812	5.14555	5.12518
-0.806346	0.580425	5.14555	5.12419
-0.808318	0.576483	5.14522	5.12353
-0.805689	0.585025	5.14423	5.12452
-0.806018	0.583054	5.14325	5.12583
-0.799776	0.585354	5.14357	5.12616
-0.793533	0.587653	5.14456	5.12616
-0.782692	0.59751	5.14456	5.12616
-0.778092	0.604409	5.14357	5.12616
-0.778421	0.600466	5.14226	5.12518
-0.783349	0.596524	5.14259	5.12485
-0.78532	0.594224	5.14325	5.12518
-0.784006	0.593567	5.14522	5.12616
-0.781049	0.596524	5.14555	5.12518
-0.781706	0.59521	5.14489	5.1232
-0.769878	0.601124	5.1439	5.12419
-0.763308	0.600466	5.14193	5.1255
-0.762979	0.593567	5.14029	5.12682
-0.763965	0.59521	5.14292	5.12682
-0.760022	0.589296	5.14489	5.12649
-0.756737	0.594224	5.14555	5.1232
-0.753451	0.592581	5.1462	5.1232
-0.753451	0.59521	5.14423	5.12452
-0.754437	0.590939	5.14357	5.12518
-0.746881	0.599481	5.14292	5.12616
-0.745566	0.59751	5.14292	5.12813
-0.743924	0.602109	5.1439	5.12813
-0.743924	0.60868	5.14555	5.12748
-0.747538	0.605395	5.14653	5.12748
-0.745895	0.605066	5.14686	5.12846
-0.744252	0.606709	5.1439	5.12879
-0.746552	0.612951	5.14062	5.12813
-0.745566	0.61985	5.1416	5.12682
-0.745895	0.627735	5.14259	5.12616
-0.748852	0.627735	5.1439	5.12649
-0.749509	0.628721	5.14357	5.12616
-0.755423	0.627735	5.14456	5.12485
-0.763965	0.620179	5.14587	5.12583
-0.766264	0.624121	5.14423	5.12583
-0.76955	0.623464	5.14325	5.12715
-0.77185	0.625107	5.14423	5.12649
-0.774478	0.632335	5.1462	5.1255
-0.773164	0.631678	5.14785	5.1255
-0.778421	0.631678	5.14949	5.12485
-0.784006	0.634963	5.14785	5.12485
-0.786963	0.634635	5.14587	5.12485
-0.784991	0.63562	5.14653	5.12288
-0.779735	0.639234	5.14916	5.12255
-0.778092	0.638577	5.14916	5.12386
-0.774807	0.641206	5.14686	5.12682
-0.78072	0.63562	5.14522	5.12945
-0.782034	0.637592	5.14587	5.13076
-0.781377	0.63562	5.14653	5.12945
-0.784006	0.64022	5.1462	5.12682
-0.783349	0.643505	5.14653	5.12419
-0.788605	0.633321	5.1462	5.12288
-0.789591	0.630364	5.14456	5.12419
-0.789591	0.625436	5.14325	5.1255
-0.786305	0.626421	5.14259	5.12616
-0.785648	0.627407	5.14522	5.12715
-0.784663	0.626421	5.14587	5.1278
-0.781049	0.625764	5.14423	5.12649
-0.779406	0.625107	5.14325	5.12649
-0.775135	0.625764	5.14456	5.12682
-0.768564	0.624779	5.14456	5.12682
-0.76955	0.615908	5.14456	5.1255
-0.76495	0.615251	5.14456	5.12452
-0.768893	0.616894	5.14522	5.12288
-0.775135	0.610651	5.14653	5.12353
-0.776449	0.60638	5.1485	5.12518
-0.775464	0.609994	5.14653	5.12748
-0.774807	0.604738	5.14259	5.12879
-0.778092	0.606052	5.14226	5.12715
-0.778092	0.602438	5.1439	5.12386
-0.777763	0.601781	5.14456	5.12156
-0.776449	0.604409	5.14522	5.12222
-0.776449	0.604738	5.14522	5.12452
-0.78072	0.598167	5.14522	5.12748
-0.782363	0.59521	5.14423	5.12879
-0.788277	0.594881	5.14522	5.12945
-0.792548	0.59751	5.1439	5.12846
-0.792219	0.599152	5.14325	5.12583
-0.793205	0.588968	5.1439	5.1232
-0.794519	0.582725	5.14357	5.12353
-0.798133	0.582397	5.14259	5.12452
-0.802404	0.582725	5.14226	5.12485
-0.809303	0.57944	5.1416	5.12452
-0.810946	0.572212	5.14259	5.12386
-0.809632	0.567284	5.14522	5.12386
-0.81226	0.570569	5.14719	5.12419
-0.81226	0.573855	5.1462	5.12353
-0.817517	0.574512	5.14423	5.12419
-0.823431	0.574183	5.14259	5.12518
-0.822445	0.568269	5.14357	5.12485
-0.821131	0.570569	5.14555	5.12288
-0.826059	0.557756	5.14456	5.12222
-0.823102	0.558413	5.14357	5.12255
-0.824416	0.557099	5.14325	5.12452
-0.831316	0.548557	5.14193	5.12682
-0.825073	0.548228	5.14095	5.1278
-0.824088	0.549543	5.14357	5.12813
-0.821459	0.552171	5.14456	5.12879
-0.822445	0.555785	5.14653	5.12748
-0.817188	0.558085	5.14817	5.12682
-0.815546	0.555785	5.14719	5.12682
-0.814889	0.556442	5.14423	5.1255
-0.817517	0.554799	5.14127	5.12485
-0.814889	0.556113	5.14193	5.12715
-0.814231	0.555128	5.14423	5.12748
-0.818831	0.551842	5.14555	5.12583
-0.824088	0.550528	5.14325	5.1255
-0.819817	0.554142	5.14226	5.12583
-0.818502	0.557099	5.14095	5.12715
-0.818502	0.558413	5.14193	5.1255
-0.815546	0.555456	5.14423	5.12419
-0.816531	0.558742	5.14752	5.12386
-0.818174	0.562684	5.14916	5.12353
-0.81916	0.571883	5.14719	5.1232
-0.808318	0.57484	5.1439	5.12583
-0.801747	0.576483	5.14062	5.12879
-0.798133	0.575826	5.1393	5.12748
-0.788277	0.578783	5.14095	5.12616
-0.787948	0.585682	5.1439	5.12583
-0.78532	0.585025	5.14522	5.12682
-0.775792	0.589953	5.14456	5.1278
-0.776449	0.585682	5.14456	5.12813
-0.774149	0.589296	5.14489	5.12715
-0.769221	0.589625	5.14653	5.12583
-0.763636	0.591267	5.14686	5.1255
-0.766922	0.590282	5.14555	5.12583
-0.768564	0.591267	5.14489	5.12583
-0.762979	0.591924	5.14325	5.12583
-0.761993	0.591596	5.1416	5.12485
-0.763965	0.591924	5.14226	5.12518
-0.76725	0.592581	5.14193	5.12616
-0.763636	0.589953	5.14193	5.12616
-0.763308	0.594224	5.14226	5.12649
-0.75838	0.591267	5.14325	5.12518
-0.75148	0.591924	5.14456	5.12419
-0.746552	0.598167	5.14489	5.12616
-0.746881	0.595867	5.14292	5.1278
-0.740967	0.599809	5.14259	5.1278
-0.737024	0.601781	5.14489	5.12616
-0.738339	0.602438	5.14653	5.12419
-0.741624	0.595867	5.14587	5.12583
-0.743924	0.59751	5.14522	5.12748
-0.748852	0.599481	5.14357	5.1278
-0.753451	0.599809	5.14193	5.12715
-0.760022	0.59521	5.14325	5.12485
-0.757065	0.600138	5.14522	5.12583
-0.757065	0.599152	5.14653	5.1255
-0.762651	0.602438	5.14522	5.12419
-0.772507	0.604738	5.14292	5.12353
-0.76725	0.610651	5.14193	5.12583
-0.763308	0.610651	5.14259	5.12715
-0.762979	0.609994	5.14357	5.12682
-0.764622	0.616565	5.14325	5.12715
-0.763308	0.621822	5.14357	5.12649
-0.765936	0.618536	5.14423	5.12583
-0.760351	0.620836	5.14292	5.1255
-0.756408	0.630364	5.14226	5.12649
-0.753451	0.632664	5.14292	5.12748
-0.757394	0.632335	5.1439	5.12748
-0.757394	0.627078	5.1439	5.12583
-0.75378	0.629378	5.14357	5.12616
-0.746552	0.634963	5.14357	5.12583
-0.745895	0.633978	5.14292	5.12485
-0.743595	0.633978	5.14357	5.12616
-0.746881	0.631678	5.14423	5.12715
-0.746223	0.641534	5.14357	5.12748
-0.741952	0.647448	5.1439	5.12715
-0.741295	0.650733	5.14489	5.12649
-0.737353	0.654019	5.14555	5.12616
-0.734396	0.650733	5.14653	5.12616
-0.736039	0.651062	5.14423	5.12616
-0.74031	0.647448	5.14226	5.12583
-0.739653	0.642191	5.14127	5.12616
-0.739653	0.639563	5.14259	5.12748
-0.73341	0.638249	5.14325	5.12715
-0.735382	0.640549	5.1439	5.12748
-0.739981	0.641534	5.14456	5.13076
-0.739981	0.641863	5.14423	5.13175
-0.740638	0.640877	5.14489	5.12977
-0.745566	0.64022	5.14785	5.12715
-0.749837	0.635949	5.14817	5.12386
-0.75148	0.628392	5.14785	5.12485
-0.754766	0.628721	5.14456	5.12715
-0.754108	0.622479	5.14357	5.12846
-0.75378	0.62215	5.14456	5.12846
-0.752466	0.618208	5.14587	5.12748
-0.754437	0.618865	5.14555	5.1255
-0.751809	0.622479	5.14653	5.12583
-0.75838	0.619193	5.14555	5.12452
-0.763965	0.618208	5.14325	5.12353
-0.761993	0.61985	5.1439	5.12452
-0.765936	0.61985	5.14489	5.12748
-0.772835	0.611308	5.14489	5.12748
-0.768564	0.60868	5.14423	5.12616
-0.768893	0.61098	5.14423	5.1255
-0.770207	0.609337	5.14555	5.12485
-0.774807	0.609337	5.14653	5.12682
-0.782363	0.604409	5.14456	5.1278
-0.782363	0.607037	5.14325	5.12715
-0.790248	0.600138	5.1439	5.12583
-0.797147	0.599809	5.1439	5.1255
-0.802404	0.603095	5.14325	5.12485
-0.802733	0.596853	5.14325	5.12583
-0.804047	0.598167	5.14325	5.12583
-0.806346	0.594224	5.14357	5.12616
-0.80996	0.585682	5.14456	5.12682
-0.805689	0.586668	5.14489	5.12649
-0.811603	0.582725	5.14587	5.12715
-0.810946	0.584696	5.14587	5.12715
-0.80339	0.586996	5.14522	5.1255
-0.806018	0.586996	5.14456	5.12616
-0.815874	0.580754	5.14489	5.12813
-0.815217	0.583711	5.14489	5.12682
-0.817188	0.578783	5.14489	5.12419
-0.818502	0.57254	5.14325	5.12419
-0.822445	0.572869	5.14292	5.12419
-0.826059	0.568269	5.14226	5.1278
-0.828687	0.567284	5.14259	5.13142
-0.831316	0.570569	5.14357	5.12912
-0.832301	0.572869	5.14489	5.1278
-0.830987	0.569912	5.14653	5.12682
-0.83033	0.565313	5.14686	5.12682
-0.831316	0.561699	5.1462	5.12616
-0.830001	0.560384	5.14489	5.12682
-0.83493	0.563013	5.14292	5.12616
-0.833944	0.558085	5.14292	5.12583
-0.828687	0.558413	5.1439	5.12616
-0.834272	0.555456	5.14292	5.12419
-0.836572	0.546586	5.14127	5.12386
-0.839201	0.547571	5.14029	5.12386
-0.83493	0.544614	5.14127	5.12583
-0.835915	0.549543	5.1416	5.12682
-0.839201	0.540343	5.14357	5.12583
-0.840843	0.543957	5.14357	5.12518
-0.835587	0.541986	5.14423	5.12452
-0.837886	0.538044	5.14357	5.12485
-0.840515	0.535415	5.14292	5.12682
-0.838872	0.528516	5.14423	5.12912
-0.838543	0.523259	5.14357	5.12912
-0.843143	0.520631	5.1439	5.12813
-0.842486	0.524245	5.14357	5.12649
-0.849057	0.518988	5.14456	5.12452
-0.846428	0.520302	5.14555	5.12452
-0.844786	0.526216	5.14456	5.12616
-0.842157	0.533444	5.14325	5.1278
-0.835587	0.538044	5.14193	5.1278
-0.831973	0.544286	5.14095	5.12616
-0.830659	0.545929	5.14029	5.12419
-0.836244	0.542972	5.13996	5.12353
-0.837558	0.545929	5.1393	5.12419
-0.840515	0.550528	5.14095	5.12518
-0.833287	0.562356	5.14292	5.12682
-0.83263	0.561699	5.1439	5.12682
-0.834272	0.560713	5.14522	5.12485
-0.827373	0.570898	5.14555	5.12353
-0.831316	0.568598	5.14325	5.12518
-0.827702	0.574512	5.14029	5.12649
-0.825073	0.577797	5.13963	5.12813
-0.820145	0.578783	5.14062	5.12879
-0.823102	0.580425	5.14226	5.12846
-0.820802	0.586996	5.14292	5.12813
-0.816531	0.587653	5.1439	5.12616
-0.817517	0.59061	5.14522	5.12419
-0.811932	0.592581	5.14653	5.12419
-0.802404	0.595867	5.14785	5.1255
-0.799776	0.602109	5.14686	5.12715
-0.79649	0.605723	5.1462	5.12879
-0.797804	0.602766	5.14587	5.12846
-0.799776	0.605395	5.1462	5.12583
-0.799119	0.600466	5.14555	5.12288
-0.792219	0.600138	5.14292	5.12386
-0.781049	0.601124	5.14193	5.12682
-0.78302	0.609009	5.1439	5.12846
-0.777435	0.617222	5.14489	5.1278
-0.770207	0.624121	5.1439	5.12386
-0.767907	0.627078	5.14325	5.12386
-0.769221	0.631349	5.14193	5.12616
-0.764293	0.628721	5.14095	5.12813
-0.766264	0.640549	5.14193	5.12912
-0.762651	0.638577	5.14292	5.12748
-0.750166	0.644162	5.14259	5.12616
-0.742938	0.649091	5.14325	5.12485
-0.737681	0.653362	5.14325	5.1255
-0.738339	0.655004	5.14193	5.12485
-0.735053	0.651062	5.14127	5.12518
-0.734396	0.647448	5.14029	5.12452
-0.732753	0.645805	5.14029	5.12485
-0.729139	0.65599	5.14095	5.12682
-0.727497	0.65829	5.14226	5.12715
-0.71994	0.656319	5.14357	5.12748
-0.71764	0.662561	5.14555	5.12583
-0.720597	0.660261	5.14456	5.1232
-0.722897	0.656647	5.14587	5.1232
-0.723226	0.656976	5.14785	5.12419
-0.72224	0.65599	5.14752	5.12386
-0.721254	0.652705	5.14719	5.12419
-0.730782	0.647776	5.14785	5.12485
-0.735382	0.636606	5.14555	5.12452
-0.731439	0.631349	5.14325	5.12518
-0.734396	0.627078	5.14226	5.12386
-0.735053	0.618208	5.14292	5.12123
-0.736039	0.620836	5.14357	5.1209
-0.740638	0.615908	5.1439	5.12123
-0.745895	0.612623	5.14193	5.12189
-0.745238	0.615579	5.14062	5.12419
-0.749837	0.618865	5.14029	5.1255
-0.746881	0.620508	5.13897	5.1255
-0.747209	0.624121	5.13897	5.12452
-0.746881	0.629378	5.13897	5.12353
-0.746552	0.632335	5.14127	5.12419
-0.755094	0.631678	5.14292	5.12485
-0.755423	0.634306	5.1416	5.12452
-0.755751	0.631349	5.14062	5.12189
-0.756737	0.628392	5.1416	5.12189
-0.754108	0.621493	5.14259	5.1232
-0.752794	0.62215	5.14522	5.12518
-0.765607	0.621165	5.1462	5.12518
-0.76955	0.621822	5.14456	5.12485
-0.772835	0.614594	5.14489	5.12518
-0.774149	0.612951	5.14423	5.12649
-0.773164	0.612623	5.13996	5.12813
-0.773164	0.616894	5.13799	5.12813
-0.770864	0.616236	5.13799	5.12715
-0.770207	0.608023	5.14226	5.12583
-0.773492	0.606052	5.14423	5.12583
-0.777435	0.605723	5.14259	5.12649
-0.776449	0.610323	5.14062	5.12748
-0.772835	0.615251	5.14095	5.12715
-0.773164	0.617879	5.14095	5.12649
-0.773164	0.614594	5.14292	5.12649
-0.775135	0.604409	5.14423	5.12715
-0.78072	0.598167	5.14325	5.12813
-0.784006	0.595538	5.14127	5.12846
-0.78532	0.594881	5.14193	5.12813
-0.778749	0.59751	5.14456	5.12649
-0.780063	0.594224	5.14587	5.12583
-0.787948	0.595867	5.1462	5.12715
-0.792548	0.598824	5.14587	5.12715
-0.791562	0.589953	5.14456	5.12649
-0.786305	0.595867	5.14456	5.12616
-0.781706	0.600795	5.14423	5.12518
-0.777106	0.603752	5.14522	5.12353
-0.787291	0.59521	5.1462	5.12583
-0.782363	0.596524	5.14752	5.12682
-0.779078	0.602766	5.14719	5.12715
-0.776121	0.606709	5.14555	5.12682
-0.776121	0.602438	5.14423	5.12485
-0.779078	0.596853	5.14489	5.12353
-0.782692	0.596195	5.14522	5.12353
-0.788277	0.597181	5.14555	5.12452
-0.78302	0.599809	5.14522	5.12616
-0.78302	0.602766	5.14456	5.12715
-0.782692	0.607366	5.14226	5.12748
-0.789262	0.605723	5.14226	5.12682
-0.792219	0.598824	5.14292	5.12682
-0.792219	0.59751	5.1439	5.1278
-0.785648	0.595867	5.14456	5.12813
-0.786963	0.591596	5.1462	5.12748
-0.784334	0.593896	5.1485	5.12649
-0.783349	0.594881	5.14719	5.12682
-0.784334	0.589296	5.14587	5.12682
-0.78762	0.585354	5.14522	5.12616
-0.792876	0.578126	5.14456	5.12715
-0.795833	0.57944	5.14489	5.1278
-0.792876	0.581083	5.14423	5.12682
-0.795505	0.583054	5.14325	5.12715
-0.80339	0.579111	5.1439	5.12682
-0.807332	0.580754	5.14456	5.1255
-0.807332	0.577797	5.14456	5.1255
-0.806675	0.576812	5.14555	5.12715
-0.803061	0.584696	5.14686	5.1278
-0.803061	0.584696	5.14719	5.1278
-0.79879	0.586668	5.14456	5.1278
-0.803718	0.581411	5.1416	5.12813
-0.804047	0.572212	5.14127	5.12813
-0.806675	0.564327	5.13996	5.12583
-0.807004	0.565313	5.14325	5.12288
-0.805361	0.56137	5.14587	5.12255
-0.805032	0.561699	5.14489	5.12419
-0.811275	0.558742	5.14259	5.1255
-0.81226	0.556113	5.14292	5.12912
-0.815546	0.55677	5.14325	5.12945
-0.817845	0.556113	5.14489	5.12748
-0.81456	0.559399	5.14522	5.12583
-0.810618	0.556113	5.1439	5.12386
-0.810289	0.558413	5.14325	5.12419
-0.808975	0.563013	5.14193	5.12485
-0.810289	0.566627	5.13996	5.1255
-0.807989	0.564655	5.1393	5.1255
-0.803718	0.562356	5.14095	5.12518
-0.803061	0.558413	5.14226	5.12452
-0.797804	0.56137	5.14259	5.1232
-0.793862	0.559727	5.14357	5.12386
-0.791891	0.56367	5.14193	5.12452
-0.793205	0.567284	5.14193	5.12485
-0.79419	0.570569	5.14292	5.1255
-0.793533	0.57254	5.14522	5.12616
-0.790577	0.576483	5.14719	5.12452
-0.794519	0.569912	5.14785	5.12419
-0.798461	0.569912	5.14817	5.12452
-0.798133	0.570241	5.14686	5.12485
-0.79419	0.575826	5.14555	5.12419
-0.797804	0.574512	5.14555	5.12386
-0.789591	0.579768	5.14456	5.1255
-0.783677	0.57944	5.14522	5.12649
-0.775464	0.585354	5.14555	5.12813
-0.777435	0.588968	5.14423	5.12682
-0.782692	0.590282	5.1439	5.12616
-0.779078	0.596524	5.14259	5.12649
-0.780392	0.599481	5.14325	5.1255
-0.779406	0.59751	5.14456	5.1232
-0.773492	0.605395	5.14489	5.12222
-0.770207	0.606709	5.14587	5.12386
-0.76725	0.60638	5.14653	5.12583
-0.760679	0.61328	5.14522	5.12583
-0.755094	0.615908	5.14489	5.12485
-0.754108	0.615908	5.14489	5.12353
-0.752794	0.61985	5.14555	5.12222
-0.747866	0.626421	5.1439	5.12288
-0.747866	0.631678	5.14423	5.12419
-0.740638	0.640877	5.14522	5.12518
-0.734067	0.64482	5.14357	5.12583
-0.737353	0.649419	5.14292	5.12748
-0.733739	0.654347	5.14522	5.12583
-0.730782	0.654676	5.14653	5.12518
-0.73341	0.650405	5.14555	5.12518
-0.739324	0.655004	5.14226	5.12353
-0.738339	0.655333	5.14193	5.1232
-0.734067	0.655333	5.14292	5.12353
-0.731768	0.654676	5.14292	5.12386
-0.729468	0.652047	5.14456	5.12485
-0.724868	0.654019	5.14489	5.12353
-0.718298	0.650733	5.14522	5.12288
-0.714355	0.65599	5.14456	5.12419
-0.706142	0.660918	5.1439	5.1255
-0.698914	0.663546	5.14259	5.12518
-0.697599	0.66716	5.14259	5.12583
-0.693328	0.666503	5.14325	5.1232
-0.690372	0.672417	5.14456	5.12386
-0.688729	0.678988	5.14489	5.12452
-0.6953	0.680631	5.14423	5.12452
-0.700885	0.678331	5.1439	5.12485
-0.709098	0.675374	5.14325	5.12616
-0.714684	0.672417	5.14489	5.12682
-0.725854	0.668146	5.1439	5.12682
-0.722569	0.66716	5.1439	5.12518
-0.716983	0.668803	5.14292	5.12288
-0.719283	0.663875	5.14325	5.12189
-0.719612	0.662232	5.14423	5.12288
-0.724868	0.655661	5.14522	5.1255
-0.727825	0.651062	5.14587	5.12649
-0.729468	0.648762	5.14522	5.12386
-0.72684	0.652705	5.14555	5.12156
-0.729139	0.656319	5.1439	5.1209
-0.723554	0.656647	5.14193	5.1232
-0.728482	0.650405	5.14226	5.12616
-0.729139	0.649419	5.14423	5.12846
-0.730454	0.644162	5.1462	5.12715
-0.732425	0.643505	5.14653	5.12452
-0.742281	0.637592	5.14489	5.12419
-0.744581	0.63562	5.1439	5.12518
-0.748523	0.633978	5.14259	5.12649
-0.751152	0.629707	5.1439	5.12616
-0.763965	0.62445	5.14555	5.12649
-0.767579	0.618536	5.14555	5.12583
-0.775464	0.615908	5.14522	5.12748
-0.779735	0.609666	5.14555	5.12977
-0.781377	0.60638	5.14456	5.13076
-0.790248	0.599809	5.14456	5.12977
-0.798461	0.588639	5.14226	5.12813
-0.799776	0.585354	5.14259	5.1255
-0.796819	0.585025	5.14423	5.12583
-0.802733	0.581411	5.14522	5.12616
-0.799119	0.58174	5.14423	5.12583
-0.794848	0.579768	5.14292	5.12649
-0.799447	0.583711	5.14193	5.12583
-0.803718	0.584696	5.1416	5.12583
-0.802404	0.582068	5.14357	5.12682
-0.806018	0.586011	5.14686	5.1278
-0.805361	0.589953	5.14719	5.12649
-0.804375	0.59061	5.14423	5.12616
-0.805361	0.595538	5.14193	5.1278
-0.804047	0.592581	5.14259	5.1301
-0.804704	0.590939	5.14456	5.12977
-0.806018	0.595867	5.14522	5.12748
-0.805361	0.590282	5.14423	5.1255
-0.808318	0.587653	5.1439	5.12452
-0.806018	0.586668	5.14357	5.12386
-0.809632	0.580754	5.1416	5.12452
-0.813574	0.571555	5.13996	5.12485
-0.814231	0.571226	5.1393	5.12649
-0.815546	0.574183	5.14095	5.12879
-0.828687	0.569912	5.14127	5.13043
-0.828359	0.570241	5.14292	5.12682
-0.829673	0.563013	5.14292	5.12419
-0.834272	0.563998	5.14259	5.12616
-0.838872	0.563998	5.1416	5.12748
-0.830987	0.56137	5.14325	5.12682
-0.830001	0.562356	5.14555	5.12583
-0.82803	0.551185	5.1462	5.12518
-0.830001	0.551514	5.1439	5.1255
-0.829673	0.5502	5.14062	5.12649
-0.828687	0.549871	5.14062	5.12846
-0.827702	0.546257	5.14226	5.1278
-0.83033	0.549214	5.14456	5.12649
-0.831644	0.549543	5.14752	5.12485
-0.830987	0.5502	5.14522	5.1232
-0.831973	0.552171	5.14522	5.12255
-0.83033	0.545929	5.14489	5.12386
-0.825402	0.548228	5.14522	5.12649
-0.827702	0.545272	5.1439	5.12715
-0.822445	0.548557	5.14292	5.12682
-0.825073	0.555128	5.14423	5.12682
-0.828359	0.555128	5.14555	5.12715
-0.833287	0.551514	5.14423	5.1255
-0.833287	0.548557	5.1439	5.12452
-0.835915	0.548228	5.14259	5.12583
-0.837886	0.552828	5.14325	5.12813
-0.837886	0.560056	5.14456	5.12945
-0.834601	0.566955	5.14752	5.12748
-0.833615	0.568598	5.14653	5.12583
-0.833615	0.572212	5.1462	5.1255
-0.83263	0.575169	5.1462	5.12682
-0.830659	0.578126	5.14653	5.12813
-0.831644	0.580097	5.14653	5.12715
-0.828359	0.585025	5.14522	5.12419
-0.825402	0.585682	5.14456	5.12288
-0.824416	0.588639	5.14686	5.12353
-0.819817	0.598495	5.1462	5.1255
-0.819817	0.601452	5.14423	5.1255
-0.819488	0.598824	5.14357	5.1255
-0.813246	0.599481	5.14292	5.12583
-0.81226	0.599481	5.14259	5.12583
-0.807661	0.601781	5.14357	5.12452
-0.796819	0.60868	5.14325	5.12419
-0.788277	0.611308	5.14456	5.12583
-0.78532	0.61328	5.14489	5.12715
-0.779735	0.619522	5.14423	5.12682
-0.772835	0.616236	5.14456	5.12813
-0.765279	0.611965	5.14489	5.12846
-0.76495	0.608351	5.14555	5.1255
-0.758051	0.614922	5.1462	5.12353
-0.756408	0.612623	5.14489	5.12518
-0.754766	0.615908	5.14456	5.12748
-0.753123	0.617879	5.14423	5.12813
-0.750495	0.618208	5.14456	5.12682
-0.74261	0.617879	5.14587	5.12518
-0.743595	0.616894	5.14587	5.12452
-0.743595	0.615579	5.14456	5.12649
-0.734725	0.621493	5.14456	5.12748
-0.73341	0.620836	5.14489	5.12879
-0.730454	0.62675	5.14357	5.12879
-0.721911	0.63562	5.14456	5.12649
-0.723883	0.640549	5.14423	5.12452
-0.72684	0.642848	5.14423	5.12353
-0.725197	0.644162	5.14423	5.12189
-0.721583	0.646791	5.14587	5.12485
-0.725854	0.642191	5.14555	5.12616
-0.720926	0.649419	5.1439	5.1255
-0.728482	0.651719	5.14357	5.12518
-0.726511	0.657961	5.1439	5.12649
-0.72454	0.661904	5.14489	5.1255
-0.722569	0.660261	5.14259	5.12583
-0.725854	0.663218	5.14062	5.12583
-0.725854	0.666175	5.14095	5.12616
-0.730454	0.664861	5.14292	5.12748
-0.729796	0.660918	5.14456	5.12649
-0.736696	0.658947	5.14522	5.12616
-0.738996	0.653362	5.14522	5.12518
-0.743924	0.646134	5.1439	5.1255
-0.742281	0.641534	5.14259	5.12452
-0.741624	0.634306	5.14357	5.12452
-0.746552	0.632664	5.1439	5.12518
-0.749837	0.632335	5.14226	5.12682
-0.752794	0.628721	5.14062	5.12748
-0.755423	0.627407	5.14062	5.12518
-0.762322	0.624779	5.14193	5.12419
-0.768893	0.619193	5.14292	5.12485
-0.777763	0.614594	5.14193	5.1255
-0.775792	0.624779	5.14193	5.1255
-0.778749	0.623464	5.14127	5.12485
-0.774478	0.626093	5.14325	5.1232
-0.777106	0.617879	5.14489	5.1232
-0.779078	0.616565	5.14587	5.12386
-0.778749	0.614265	5.14489	5.12419
-0.781377	0.615251	5.14357	5.12485
-0.780392	0.611965	5.14423	5.1255
-0.78072	0.609337	5.14489	5.12715
-0.783349	0.601781	5.14719	5.12715
-0.782034	0.595867	5.14752	5.12682
-0.779735	0.598495	5.14555	5.12583
-0.784334	0.589625	5.1439	5.1255
-0.788934	0.590282	5.14325	5.12583
-0.793205	0.589625	5.14489	5.12452
-0.795833	0.591924	5.14555	5.12452
-0.789919	0.588968	5.14456	5.12386
-0.783677	0.586668	5.14456	5.12222
-0.784006	0.585025	5.1439	5.1232
-0.784334	0.586011	5.14127	5.12649
-0.784334	0.592253	5.13897	5.12715
-0.783349	0.58831	5.13897	5.12682
-0.781706	0.584368	5.14292	5.12419
-0.784663	0.580425	5.14522	5.12189
-0.785977	0.583711	5.14489	5.1232
-0.785977	0.582725	5.14292	5.12715
-0.786305	0.580425	5.14226	5.12879
-0.789262	0.578454	5.14325	5.12813
-0.788934	0.576812	5.14522	5.12583
-0.792219	0.574183	5.14752	5.12419
-0.793862	0.567612	5.14752	5.12583
-0.801418	0.56137	5.14686	5.12715
-0.803718	0.55907	5.14325	5.12715
-0.806675	0.560056	5.14423	5.12682
-0.813246	0.56367	5.14653	5.1255
-0.818174	0.558413	5.14653	5.1255
-0.81686	0.562027	5.14522	5.12616
-0.812917	0.56367	5.14522	5.1255
-0.815546	0.560713	5.14456	5.12518
-0.818174	0.563013	5.14489	5.12583
-0.820474	0.557428	5.14423	5.12518
-0.831316	0.551514	5.1416	5.12715
-0.833287	0.546586	5.14226	5.12813
-0.833615	0.543629	5.14292	5.1255
-0.834272	0.539029	5.14226	5.12419
-0.834272	0.535744	5.14259	5.12485
-0.840843	0.532787	5.14357	5.12682
-0.8438	0.526216	5.14555	5.12879
-0.845114	0.519645	5.14587	5.12748
-0.847086	0.523259	5.14522	5.12452
-0.853656	0.520631	5.14522	5.12485
-0.85727	0.525559	5.1439	5.12583
-0.858913	0.519974	5.14259	5.12715
-0.857927	0.519974	5.14095	5.1278
-0.856285	0.522274	5.1393	5.1278
-0.856285	0.521945	5.1416	5.12682
-0.855956	0.521288	5.14587	5.12616
-0.85957	0.513732	5.14587	5.12748
-0.854313	0.515703	5.1416	5.12813
-0.856613	0.51176	5.14062	5.12912
-0.850371	0.522602	5.14029	5.1301
-0.848071	0.52753	5.13963	5.12879
-0.845443	0.531801	5.14029	5.12748
-0.847743	0.538701	5.14325	5.12583
-0.843143	0.540015	5.14555	5.12288
-0.844457	0.543957	5.14555	5.1232
-0.850042	0.549543	5.14325	5.1255
-0.851357	0.551185	5.14456	5.12715
-0.8484	0.553485	5.14587	5.12846
-0.842157	0.55907	5.14653	5.12813
-0.841172	0.558413	5.14423	5.12616
-0.838215	0.557428	5.14325	5.12518
-0.833287	0.562356	5.14259	5.12682
-0.827702	0.562027	5.14193	5.12813
-0.820802	0.567941	5.14325	5.12813
-0.817845	0.574512	5.14325	5.12682
-0.811603	0.571883	5.14357	5.12452
-0.807332	0.571555	5.14489	5.12452
-0.805032	0.573198	5.14522	5.12419
-0.80109	0.575826	5.14522	5.12452
-0.795176	0.58174	5.14357	5.12583
-0.795176	0.580754	5.14292	5.12616
-0.793205	0.575826	5.14423	5.12583
-0.78532	0.583382	5.14456	5.12649
-0.779735	0.588639	5.14357	5.12649
-0.776778	0.597838	5.14193	5.12485
-0.772507	0.596195	5.14259	5.12419
-0.765607	0.599809	5.1439	5.12419
-0.759365	0.594553	5.14456	5.12583
-0.762979	0.603423	5.14456	5.12616
-0.763965	0.600795	5.14489	5.12485
-0.772178	0.59751	5.14489	5.12288
-0.775135	0.593896	5.14423	5.12386
-0.772507	0.592581	5.1439	5.12452
-0.772178	0.596853	5.14423	5.12649
-0.775464	0.601452	5.14456	5.12879
-0.787948	0.599481	5.1439	5.12748
-0.785977	0.591267	5.14423	5.12715
-0.788605	0.591596	5.14292	5.12682
-0.788277	0.592253	5.14193	5.12649
-0.780392	0.592253	5.14325	5.12748
-0.780392	0.597181	5.14489	5.12682
-0.778092	0.600138	5.14555	5.1255
-0.773821	0.60638	5.1439	5.1255
-0.770536	0.602438	5.14456	5.12649
-0.768564	0.598824	5.14555	5.12682
-0.765607	0.602438	5.14292	5.12616
-0.768893	0.598495	5.13963	5.1255
-0.776121	0.598167	5.13996	5.12583
-0.782692	0.600466	5.14062	5.1278
-0.781377	0.605066	5.14193	5.1278
-0.784991	0.605395	5.14325	5.12649
-0.792219	0.599152	5.14259	5.12616
-0.797476	0.596853	5.13996	5.12583
-0.79419	0.609337	5.14095	5.12649
-0.788934	0.61328	5.14259	5.12715
-0.790248	0.615908	5.14325	5.12649
-0.788605	0.617551	5.14259	5.1255
-0.787948	0.615579	5.14292	5.12452
-0.785977	0.618865	5.14357	5.1232
-0.779406	0.623464	5.14456	5.12386
-0.772178	0.627407	5.14226	5.12748
-0.767579	0.625436	5.14127	5.12977
-0.763636	0.617551	5.14357	5.13109
-0.764622	0.61328	5.14456	5.12879
-0.762651	0.613937	5.14522	5.12616
-0.760022	0.612951	5.14423	5.12452
-0.763636	0.609994	5.14226	5.12452
-0.763965	0.608351	5.14193	5.12518
-0.763308	0.60868	5.14292	5.12485
-0.754108	0.618208	5.14522	5.12583
-0.748195	0.623136	5.14423	5.12616
-0.747209	0.614265	5.14226	5.12748
-0.745238	0.615579	5.14062	5.12583
-0.74031	0.613608	5.13996	5.12452
-0.735053	0.615908	5.14062	5.12386
-0.729139	0.622807	5.14259	5.12353
-0.725525	0.61985	5.1439	5.12518
-0.727825	0.619193	5.14456	5.12649
-0.730454	0.615579	5.14522	5.12649
-0.728154	0.619522	5.14456	5.12616
-0.729796	0.62215	5.14423	5.12616
-0.726511	0.626093	5.14357	5.12485
-0.731768	0.622807	5.14357	5.12452
-0.736039	0.623136	5.14522	5.12616
-0.733082	0.62445	5.14686	5.12452
-0.732096	0.622807	5.14752	5.12518
-0.735382	0.624779	5.14587	5.12485
-0.743595	0.622807	5.14259	5.12583
-0.757065	0.616565	5.14193	5.12715
-0.762651	0.61098	5.14325	5.12748
-0.768236	0.607366	5.14555	5.12518
-0.770864	0.607366	5.14587	5.12288
-0.777435	0.603752	5.14423	5.12485
-0.785648	0.599809	5.14029	5.12682
-0.792548	0.594224	5.14029	5.12616
-0.790905	0.599481	5.14292	5.12518
-0.799776	0.598167	5.14423	5.12386
-0.805361	0.593239	5.14226	5.12222
-0.812589	0.592253	5.14127	5.12419
-0.807989	0.595867	5.14226	5.12583
-0.81686	0.586339	5.14292	5.12682
-0.822445	0.582068	5.14357	5.12846
-0.829344	0.576812	5.14259	5.12879
-0.83033	0.569255	5.14292	5.12977
-0.844129	0.565313	5.14489	5.12846
-0.848071	0.558085	5.1462	5.12616
-0.849385	0.557099	5.14686	5.1255
-0.855628	0.557099	5.14587	5.1255
-0.86187	0.551514	5.14587	5.12518
-0.860227	0.550528	5.14489	5.12583
-0.865812	0.5456	5.14489	5.12649
-0.873697	0.537715	5.14522	5.12485
-0.878625	0.535744	5.14489	5.12518
-0.881254	0.528516	5.14357	5.12583
-0.877968	0.521617	5.14259	5.12682
-0.873369	0.528516	5.14226	5.12748
-0.874354	0.528187	5.14456	5.12879
-0.877968	0.521288	5.14587	5.12912
-0.880597	0.519317	5.14555	5.12846
-0.880925	0.520631	5.14456	5.12715
-0.879611	0.517346	5.14456	5.12583
-0.877311	0.515703	5.1462	5.12649
-0.879283	0.51406	5.14653	5.12518
-0.882239	0.519645	5.14653	5.12518
-0.873369	0.518988	5.1485	5.12583
-0.867784	0.518988	5.14916	5.12616
-0.860227	0.519317	5.14719	5.12682
-0.863513	0.518988	5.14423	5.12846
-0.854642	0.519974	5.14259	5.12813
-0.850042	0.522274	5.14127	5.12813
-0.851028	0.524573	5.14193	5.1255
-0.847086	0.52983	5.14423	5.12452
-0.845114	0.53443	5.14587	5.12485
-0.839529	0.53213	5.14653	5.1255
-0.831973	0.524902	5.14489	5.1255
-0.838215	0.523259	5.1439	5.12485
-0.844129	0.521288	5.1439	5.12419
-0.8461	0.518331	5.14456	5.12419
-0.843143	0.517346	5.14653	5.12452
-0.840515	0.512089	5.14817	5.12452
-0.838215	0.512746	5.14719	5.12353
-0.837558	0.515374	5.14456	5.1255
-0.831973	0.51866	5.14226	5.12649
-0.830659	0.525231	5.14127	5.12518
-0.833287	0.522602	5.14029	5.12485
-0.834272	0.526216	5.14193	5.12419
-0.837229	0.532787	5.14226	5.1232
-0.838215	0.539358	5.14226	5.12386
-0.844786	0.53443	5.14292	5.12616
-0.842157	0.538372	5.14325	5.12682
-0.841829	0.544614	5.1439	5.12518
-0.838872	0.550528	5.14489	5.12485
-0.83493	0.553814	5.14555	5.12649
-0.831316	0.555128	5.14555	5.12649
-0.834272	0.553814	5.14522	5.12616
-0.839201	0.554799	5.14522	5.12616
-0.839529	0.555456	5.14325	5.12616
-0.841172	0.554799	5.14292	5.12649
-0.8461	0.555128	5.14325	5.12649
-0.845771	0.562356	5.1439	5.12583
-0.847743	0.562684	5.14292	5.12649
-0.844786	0.567284	5.14292	5.12649
-0.844129	0.574512	5.14325	5.1255
-0.847414	0.573526	5.14423	5.12518
-0.839529	0.576812	5.14555	5.12616
-0.834272	0.579768	5.14587	5.12649
-0.83493	0.585682	5.1462	5.12583
-0.833615	0.592581	5.14587	5.12583
-0.833615	0.58831	5.14325	5.12649
-0.828687	0.588968	5.1416	5.12715
-0.823102	0.591596	5.14193	5.12649
-0.822445	0.588639	5.14259	5.1255
-0.820145	0.587982	5.14555	5.12452
-0.813246	0.591596	5.14719	5.12616
-0.818174	0.595867	5.14555	5.12813
-0.818174	0.59751	5.1439	5.12813
-0.815874	0.595538	5.14423	5.12682
-0.812917	0.594881	5.14423	5.12452
-0.801747	0.597838	5.14522	5.1232
-0.796819	0.601781	5.1439	5.12386
-0.79419	0.607037	5.1416	5.12583
-0.788277	0.614922	5.14095	5.12715
-0.78302	0.624121	5.1416	5.12748
-0.772835	0.628392	5.14226	5.12583
-0.766593	0.633649	5.1439	5.12616
-0.763636	0.635949	5.14522	5.12386
-0.761665	0.637592	5.14555	5.12255
-0.75608	0.642848	5.14423	5.12386
-0.747866	0.636606	5.14292	5.12616
-0.743267	0.637592	5.1439	5.12682
-0.735053	0.635292	5.14357	5.12583
-0.73341	0.63562	5.1439	5.12616
-0.728482	0.641206	5.14555	5.1278
-0.727497	0.642848	5.14555	5.12813
-0.721911	0.640549	5.14456	5.12715
-0.727825	0.640549	5.14325	5.12715
-0.726511	0.640549	5.14325	5.12682
-0.734067	0.639563	5.14456	5.12682
-0.743595	0.633649	5.14653	5.1255
-0.739653	0.631678	5.1485	5.12583
-0.73801	0.632664	5.14817	5.12715
-0.740638	0.634635	5.14587	5.12715
-0.745566	0.634963	5.14259	5.12649
-0.749509	0.62445	5.14226	5.12715
-0.750495	0.623464	5.14292	5.12813
-0.753123	0.620508	5.14423	5.1278
-0.756408	0.616565	5.14522	5.12682
-0.762651	0.615251	5.14423	5.12485
-0.768564	0.616236	5.1439	5.12419
-0.771521	0.614265	5.14489	5.12452
-0.77185	0.613608	5.14489	5.12452
-0.774807	0.614922	5.14423	5.12452
-0.776449	0.615251	5.14587	5.12419
-0.788277	0.61985	5.14587	5.12485
-0.790905	0.621822	5.14456	5.12386
-0.792219	0.621165	5.14555	5.12288
-0.792219	0.613937	5.14423	5.12288
-0.795833	0.613608	5.14357	5.12353
-0.801747	0.618208	5.14423	5.12616
-0.800433	0.617879	5.14587	5.12649
-0.802404	0.623464	5.14653	5.12813
-0.804047	0.614922	5.14653	5.12649
-0.808975	0.60868	5.14555	5.1255
-0.806675	0.614594	5.14423	5.12518
-0.806018	0.617551	5.14423	5.12748
-0.801418	0.617551	5.14423	5.12846
-0.804704	0.617222	5.1439	5.12682
-0.805032	0.61328	5.14259	5.12452
-0.802733	0.613937	5.14259	5.12222
-0.806346	0.609994	5.14226	5.12353
-0.805361	0.60638	5.14127	5.12518
-0.808646	0.605066	5.14029	5.12616
-0.80996	0.603423	5.13996	5.1255
-0.816531	0.603095	5.14095	5.1255
-0.812917	0.607694	5.14193	5.12386
-0.814231	0.603752	5.14259	5.12518
-0.803061	0.61098	5.14226	5.1255
-0.798133	0.61098	5.14259	5.12518
-0.795833	0.611965	5.14456	5.12682
-0.790248	0.614594	5.14522	5.12748
-0.784006	0.617551	5.14555	5.12649
-0.775792	0.617551	5.1439	5.12748
-0.767907	0.619522	5.1416	5.12682
-0.762979	0.617222	5.14062	5.12682
-0.755094	0.619193	5.14193	5.12649
-0.751152	0.623793	5.14423	5.12682
-0.755423	0.626093	5.14653	5.12682
-0.753123	0.629707	5.14522	5.12485
-0.752466	0.627078	5.14423	5.12353
-0.756408	0.622807	5.14423	5.12353
-0.750166	0.619522	5.14423	5.12386
-0.746552	0.61985	5.14127	5.12419
-0.752466	0.624121	5.14095	5.12452
-0.746881	0.624779	5.1416	5.12649
-0.74918	0.622807	5.14325	5.12649
-0.748852	0.626421	5.14423	5.12715
-0.749509	0.630364	5.14357	5.12682
-0.748195	0.632992	5.14357	5.12748
-0.746223	0.635292	5.14259	5.12518
-0.750495	0.639234	5.14193	5.12419
-0.758708	0.633321	5.14325	5.12353
-0.764622	0.628064	5.1439	5.12419
-0.76495	0.626421	5.14292	5.12452
-0.763636	0.622807	5.14325	5.12485
-0.772507	0.624121	5.14357	5.12485
-0.776449	0.61985	5.14292	5.12682
-0.782692	0.616894	5.14259	5.12879
-0.783677	0.620179	5.14325	5.12846
-0.782692	0.611965	5.1439	5.12715
-0.792548	0.60638	5.14555	5.12485
-0.804375	0.60638	5.14653	5.12452
-0.806018	0.612623	5.1462	5.12583
-0.807661	0.618208	5.14522	5.12485
-0.811603	0.619193	5.14555	5.12386
-0.813574	0.615579	5.14522	5.12353
-0.820474	0.611637	5.14522	5.12386
-0.822774	0.603752	5.14587	5.12386
-0.826716	0.600466	5.14555	5.12386
-0.831316	0.596524	5.14587	5.12386
-0.836901	0.589625	5.14555	5.12485
-0.836244	0.588639	5.14259	5.12518
-0.835915	0.585682	5.14193	5.12682
-0.83263	0.586339	5.14292	5.12748
-0.832958	0.585682	5.14423	5.12846
-0.830987	0.591924	5.1439	5.12813
-0.82573	0.586339	5.14489	5.12846
-0.827045	0.575826	5.1462	5.12715
-0.829016	0.573198	5.14686	5.1255
-0.823431	0.568269	5.1462	5.12419
-0.824416	0.567941	5.14555	5.12485
-0.814231	0.566298	5.14423	5.12452
-0.814231	0.56137	5.14193	5.12485
-0.811603	0.55677	5.14292	5.12485
-0.804047	0.561699	5.1439	5.12485
-0.801418	0.56137	5.14522	5.12419
-0.797147	0.56367	5.1462	5.12419
-0.795833	0.563341	5.14785	5.1255
-0.79419	0.565313	5.14719	5.12748
-0.792548	0.566298	5.14423	5.12649
-0.78532	0.564327	5.14357	5.12452
-0.781706	0.569912	5.14555	5.12419
-0.779406	0.574183	5.14653	5.12353
-0.771193	0.586339	5.14423	5.12288
-0.773164	0.58174	5.14259	5.12452
-0.767579	0.578783	5.14226	5.12485
-0.763636	0.577797	5.14522	5.1255
-0.756408	0.582725	5.14686	5.1255
-0.753123	0.589625	5.14587	5.12485
-0.747538	0.59751	5.14423	5.12353
-0.73801	0.603095	5.1439	5.12452
-0.734396	0.602766	5.14193	5.12518
-0.730454	0.605723	5.14292	5.12583
-0.730782	0.611308	5.14325	5.12649
-0.724211	0.616236	5.14456	5.12583
-0.723883	0.620508	5.14555	5.12583
-0.717969	0.619193	5.14686	5.12386
-0.715669	0.626421	5.1462	5.1232
-0.71764	0.627078	5.14423	5.12419
-0.713698	0.631021	5.14095	5.12583
-0.717312	0.62905	5.13865	5.12682
-0.717312	0.628064	5.13832	5.12846
-0.723554	0.623464	5.14062	5.1278
-0.725854	0.625436	5.14522	5.12583
-0.72684	0.621822	5.1462	5.12583
-0.731768	0.617222	5.14456	5.12715
-0.748852	0.616236	5.14259	5.12748
-0.746223	0.620836	5.14259	5.12748
-0.747866	0.624121	5.14325	5.12616
-0.746881	0.622479	5.14357	5.12485
-0.746552	0.625764	5.14357	5.12386
-0.749837	0.625764	5.14259	5.12419
-0.752794	0.625764	5.14259	5.12353
-0.757722	0.627407	5.14127	5.1255
-0.756408	0.630035	5.14193	5.1278
-0.753123	0.633649	5.14193	5.12846
-0.755423	0.629378	5.14226	5.12912
-0.759037	0.630692	5.14357	5.12945
-0.761665	0.632992	5.14357	5.12879
-0.764293	0.633321	5.14456	5.12616
-0.763965	0.637263	5.14325	5.12682
-0.76495	0.632006	5.14226	5.12583
-0.760679	0.639234	5.1439	5.12649
-0.760679	0.633649	5.1439	5.12583
-0.761665	0.631349	5.14357	5.12616
-0.766593	0.628721	5.1439	5.1255
-0.763636	0.629378	5.1439	5.12485
-0.760679	0.631349	5.14292	5.12616
-0.75148	0.632992	5.1439	5.12813
-0.750166	0.630692	5.14587	5.12846
-0.752794	0.628392	5.14587	5.12813
-0.74918	0.627078	5.14423	5.12748
-0.751809	0.623464	5.14325	5.12616
-0.746223	0.619193	5.14292	5.1255
-0.743267	0.617222	5.14357	5.12616
-0.736696	0.62215	5.14489	5.12583
-0.736696	0.625764	5.14489	5.12452
-0.733739	0.624779	5.14423	5.12353
-0.732425	0.626093	5.14259	5.1232
-0.733082	0.625436	5.14193	5.12452
-0.729139	0.631021	5.1416	5.12518
-0.730125	0.626093	5.14292	5.12452
-0.731111	0.62905	5.1439	5.12485
-0.718626	0.628721	5.14555	5.12682
-0.71994	0.62445	5.14489	5.12682
-0.715012	0.620179	5.14325	5.12616
-0.714026	0.612951	5.14226	5.12485
-0.720269	0.61098	5.1439	5.12452
-0.715998	0.613608	5.14423	5.12485
-0.713369	0.615579	5.1462	5.12583
-0.714026	0.61328	5.14587	5.12616
-0.714026	0.609666	5.14555	5.12583
-0.713369	0.60868	5.14555	5.12353
-0.716983	0.614265	5.14357	5.1232
-0.723226	0.605395	5.1416	5.12518
-0.723226	0.603752	5.14062	5.12616
-0.730125	0.598824	5.14226	5.12649
-0.734396	0.597181	5.14555	5.12715
-0.737681	0.593239	5.14522	5.12682
-0.739324	0.59061	5.14325	5.12649
-0.749509	0.586011	5.14259	5.12649
-0.752794	0.586996	5.14127	5.12616
-0.756408	0.587982	5.14029	5.12583
-0.757065	0.583054	5.1416	5.12452
-0.761993	0.586011	5.14456	5.12222
-0.762322	0.582068	5.14555	5.12288
-0.770207	0.584696	5.14456	5.1255
-0.777763	0.582725	5.1439	5.12813
-0.788934	0.580097	5.14357	5.12879
-0.793533	0.579111	5.14456	5.12945
-0.796162	0.57714	5.14522	5.12879
-0.805361	0.569255	5.14686	5.12813
-0.807989	0.567284	5.14653	5.12715
-0.808646	0.569584	5.14292	5.12715
-0.811275	0.562356	5.1393	5.12649
-0.810618	0.556113	5.13799	5.1278
-0.815874	0.553814	5.14127	5.12616
-0.816203	0.551842	5.14357	5.12616
-0.812917	0.543957	5.14522	5.12616
-0.820474	0.542315	5.14489	5.12583
-0.817188	0.546586	5.14456	5.12583
-0.811603	0.548885	5.14325	5.12616
-0.805689	0.545929	5.14127	5.12616
-0.807004	0.5433	5.14226	5.12649
-0.80996	0.546914	5.14423	5.12649
-0.807661	0.549543	5.14719	5.12616
-0.806018	0.551185	5.14719	5.12748
-0.800104	0.556113	5.14587	5.12846
-0.800761	0.558742	5.14292	5.12748
-0.806346	0.560056	5.1416	5.12583
-0.803718	0.554799	5.14193	5.1255
-0.79649	0.564984	5.1416	5.12583
-0.79419	0.570241	5.14062	5.1255
-0.793862	0.576154	5.13996	5.1255
-0.78532	0.573855	5.14193	5.1255
-0.785977	0.572212	5.1439	5.12715
-0.785648	0.57714	5.14423	5.12879
-0.781049	0.57714	5.14456	5.12649
-0.784006	0.582725	5.14423	5.12485
-0.776121	0.589953	5.14456	5.12419
-0.773164	0.58831	5.14522	5.1255
-0.772835	0.59291	5.14423	5.12518
-0.76495	0.592253	5.14357	5.12452
-0.761665	0.591267	5.14259	5.12518
-0.760022	0.59291	5.14292	5.12715
-0.755094	0.594881	5.14423	5.12748
-0.750823	0.598824	5.14522	5.12682
-0.744909	0.60408	5.14193	5.1278
-0.738339	0.607037	5.13963	5.12879
-0.738996	0.607366	5.13897	5.12813
-0.739981	0.604409	5.14127	5.12813
-0.736367	0.606709	5.14226	5.12715
-0.734396	0.609666	5.14226	5.12518
-0.732753	0.61098	5.14193	5.1255
-0.735382	0.613937	5.1416	5.12682
-0.737681	0.613937	5.1416	5.12518
-0.744581	0.610323	5.14259	5.1255
-0.748852	0.612294	5.14423	5.12386
-0.748852	0.617551	5.14456	5.12353
-0.75608	0.613937	5.14259	5.12419
-0.75608	0.609337	5.14127	5.12583
-0.764293	0.597838	5.14095	5.12616
-0.761008	0.598824	5.1416	5.12649
-0.761336	0.594881	5.1416	5.12616
-0.765279	0.595538	5.14095	5.12649
-0.766922	0.603752	5.1393	5.12649
-0.765936	0.605395	5.1393	5.12353
-0.760022	0.60408	5.13996	5.1232
-0.764622	0.605723	5.14127	5.12583
-0.762651	0.60868	5.14292	5.12846
-0.768564	0.607366	5.14456	5.12945
-0.76725	0.607037	5.1462	5.12813
-0.771521	0.606709	5.1462	5.12682
-0.76955	0.604738	5.14456	5.1278
-0.762322	0.607037	5.14226	5.12813
-0.757722	0.61098	5.14193	5.12649
-0.761665	0.60638	5.14292	5.12583
-0.761665	0.601452	5.14456	5.12616
-0.761665	0.605066	5.14489	5.12715
-0.754108	0.609009	5.14423	5.12715
-0.746552	0.614265	5.14423	5.12583
-0.738996	0.616236	5.14423	5.1255
-0.733082	0.618208	5.14325	5.12748
-0.731768	0.616565	5.14292	5.1278
-0.728811	0.620836	5.14357	5.12748
-0.723226	0.621493	5.14489	5.12616
-0.71764	0.627078	5.14653	5.12616
-0.713041	0.64022	5.14653	5.12649
-0.702856	0.639891	5.14555	5.12879
-0.689057	0.641206	5.14259	5.12912
-0.689057	0.640877	5.1439	5.12977
-0.688072	0.639891	5.14653	5.12715
-0.680187	0.645805	5.14719	5.12583
-0.684786	0.644162	5.14653	5.12682
-0.682815	0.650733	5.1462	5.12682
-0.675916	0.655333	5.14489	5.12518
-0.67493	0.666175	5.14423	5.12419
-0.670002	0.673403	5.14456	5.12518
-0.672302	0.675374	5.14423	5.1255
-0.669345	0.679645	5.14456	5.1255
-0.675587	0.674717	5.14423	5.12583
-0.676901	0.674717	5.14423	5.12518
-0.671973	0.681616	5.14653	5.12649
-0.673616	0.677345	5.14752	5.12813
-0.668688	0.683587	5.14587	5.12879
-0.667374	0.680302	5.14226	5.1278
-0.669016	0.68293	5.14193	5.1255
-0.660474	0.690158	5.1439	5.1255
-0.658832	0.68523	5.14555	5.1255
-0.659489	0.687858	5.14489	5.12715
-0.664088	0.690815	5.14456	5.12748
-0.665074	0.698043	5.14423	5.12748
-0.66376	0.693772	5.14357	5.12518
-0.669345	0.691472	5.14357	5.12222
-0.665731	0.694758	5.14555	5.12419
-0.673944	0.701986	5.14555	5.12583
-0.675916	0.699686	5.14587	5.12715
-0.682158	0.702314	5.14719	5.12748
-0.6884	0.6987	5.14653	5.12715
-0.687415	0.696401	5.14587	5.12748
-0.6884	0.698043	5.14357	5.12715
-0.694971	0.691472	5.1416	5.12813
-0.699571	0.69213	5.14193	5.12879
-0.698585	0.689501	5.1416	5.12977
-0.705156	0.682602	5.14259	5.13043
-0.712055	0.684573	5.14292	5.1301
-0.718955	0.681616	5.14456	5.12813
-0.725854	0.67636	5.14587	5.12485
-0.730125	0.669789	5.14423	5.12518
-0.738667	0.663546	5.14423	5.12682
-0.743595	0.658947	5.14555	5.12912
-0.747209	0.650733	5.14555	5.12846
-0.754108	0.652047	5.14423	5.12715
-0.75608	0.643177	5.14193	5.1255
-0.757065	0.638906	5.14193	5.12649
-0.755751	0.63792	5.14357	5.12682
-0.763636	0.63792	5.14555	5.12715
-0.762651	0.635292	5.14456	5.12682
-0.767907	0.632006	5.14423	5.12715
-0.769221	0.631021	5.14587	5.1255
-0.770864	0.624121	5.14686	5.12353
-0.76725	0.629378	5.14719	5.12189
-0.761665	0.631021	5.14587	5.12288
-0.763636	0.632992	5.14259	5.1255
-0.760679	0.628721	5.14029	5.12748
-0.759037	0.627078	5.14095	5.12813
-0.75608	0.628721	5.14226	5.12748
-0.757394	0.622479	5.14259	5.1255
-0.763636	0.617879	5.14456	5.1232
-0.762651	0.619193	5.14587	5.12386
-0.766593	0.613608	5.1439	5.12616
-0.762322	0.615251	5.14127	5.12583
-0.761336	0.610323	5.13996	5.12715
-0.760351	0.604409	5.14029	5.12715
-0.76495	0.602438	5.14325	5.12649
-0.763308	0.600795	5.14259	5.12616
-0.766264	0.601452	5.14127	5.12715
-0.76495	0.599809	5.14095	5.12846
-0.760679	0.603423	5.14325	5.12879
-0.756408	0.603095	5.14423	5.12583
-0.757722	0.602109	5.14522	5.12485
-0.763308	0.598495	5.14522	5.12616
-0.760679	0.597181	5.14719	5.12748
-0.761008	0.591924	5.14653	5.1278
-0.757394	0.591267	5.1439	5.1278
-0.76495	0.585354	5.14193	5.12715
-0.774149	0.58831	5.14292	5.12583
-0.783677	0.585682	5.14423	5.12682
-0.783677	0.585354	5.1462	5.12748
-0.789591	0.590939	5.14522	5.12649
-0.789919	0.58831	5.14423	5.1255
-0.78762	0.59061	5.14259	5.12419
-0.789919	0.593896	5.14325	5.12386
-0.793862	0.597838	5.14423	5.12452
-0.792219	0.602766	5.14587	5.12518
-0.792876	0.605066	5.14719	5.12485
-0.791562	0.606709	5.14522	5.1255
-0.790905	0.608023	5.14226	5.12583
-0.795505	0.60638	5.14193	5.12616
-0.794848	0.60408	5.1439	5.12682
-0.792548	0.60638	5.14522	5.12452
-0.799776	0.608351	5.14489	5.12353
-0.797476	0.613608	5.14357	5.12518
-0.800104	0.616565	5.14292	5.12682
-0.800104	0.616894	5.14325	5.12682
-0.800104	0.613937	5.14357	5.12748
-0.803061	0.612951	5.14292	5.12616
-0.800433	0.607366	5.1439	5.12485
-0.800104	0.601781	5.14456	5.12485
-0.799776	0.597838	5.1439	5.1255
-0.794848	0.594881	5.1416	5.12748
-0.795505	0.585354	5.1393	5.12977
-0.793205	0.584368	5.13963	5.12813
-0.795833	0.585682	5.14193	5.12616
-0.799776	0.584696	5.14292	5.12452
-0.805032	0.580097	5.14357	5.12353
-0.802404	0.576154	5.14292	5.12452
-0.799119	0.575826	5.1416	5.1255
-0.794848	0.575826	5.13996	5.12649
-0.792876	0.577797	5.13897	5.12682
-0.787948	0.576812	5.14029	5.12748
-0.777763	0.578783	5.14226	5.12682
-0.773821	0.58174	5.14423	5.1255
-0.773821	0.586668	5.14325	5.12419
-0.771521	0.58831	5.14259	5.12353
-0.768564	0.592581	5.14193	5.1255
-0.760351	0.59521	5.14226	5.12715
-0.764293	0.595538	5.14292	5.12748
-0.766593	0.591924	5.14259	5.12616
-0.768236	0.598167	5.14423	5.12518
-0.771193	0.595867	5.14456	5.1255
-0.762651	0.601452	5.14292	5.12748
-0.756737	0.609009	5.14292	5.1278
-0.756408	0.609337	5.14489	5.12715
-0.756408	0.60868	5.14587	5.12583
-0.754766	0.607037	5.14555	5.1232
-0.747538	0.611965	5.14555	5.12452
-0.736696	0.616565	5.14357	5.12682
-0.724211	0.621165	5.14095	5.12813
-0.720926	0.62445	5.14095	5.12583
-0.716983	0.626093	5.14325	5.1232
-0.719612	0.624121	5.14653	5.12255
-0.71107	0.631349	5.14719	5.12353
-0.714026	0.639563	5.1439	5.12452
-0.716326	0.638249	5.14193	5.1255
-0.716983	0.636277	5.14193	5.12518
-0.715012	0.635292	5.14292	5.12748
-0.721911	0.635949	5.1439	5.12879
-0.721254	0.642848	5.14456	5.12813
-0.721254	0.643177	5.14587	5.1278
-0.719612	0.64252	5.14555	5.12518
-0.717969	0.642848	5.14555	5.12452
-0.713698	0.641534	5.14456	5.12583
-0.71994	0.638249	5.14423	5.1255
-0.718298	0.63562	5.14456	5.12583
-0.729796	0.631021	5.14686	5.1255
-0.733082	0.631021	5.14719	5.12616
-0.736367	0.633321	5.14587	5.12682
-0.737681	0.633321	5.14259	5.12715
-0.732753	0.632335	5.1416	5.1255
-0.73571	0.630692	5.14193	5.12386
-0.744252	0.628392	5.14226	5.12485
-0.743924	0.636277	5.14193	5.12419
-0.74031	0.637263	5.14095	5.12583
-0.737353	0.640549	5.1416	5.1278
-0.738339	0.643834	5.14226	5.12715
-0.739981	0.645805	5.14095	5.1278
-0.745566	0.637592	5.14062	5.12813
-0.74918	0.632992	5.14259	5.12649
-0.746552	0.633649	5.1439	5.1255
-0.741295	0.632664	5.14489	5.12353
-0.734067	0.63562	5.14522	5.12518
-0.728482	0.63792	5.14555	5.12748
-0.725854	0.63562	5.14456	5.12846
-0.729468	0.636935	5.14325	5.12977
-0.727825	0.636606	5.1439	5.12879
-0.728482	0.638906	5.14522	5.12715
-0.730454	0.63562	5.1462	5.1255
-0.733082	0.634635	5.14587	5.12485
-0.740638	0.631349	5.14259	5.12452
-0.743267	0.629378	5.14127	5.12386
-0.737024	0.625436	5.1416	5.1232
-0.738996	0.618865	5.14226	5.12255
-0.733082	0.617551	5.14325	5.1232
-0.738339	0.611308	5.14456	5.12649
-0.738996	0.611637	5.1439	5.12682
-0.736039	0.615251	5.14259	5.12813
-0.72684	0.616236	5.14259	5.12649
-0.733082	0.609994	5.1439	5.12288
-0.725525	0.613937	5.14522	5.12156
-0.716326	0.61985	5.14259	5.12123
-0.714684	0.618208	5.14095	5.12123
-0.716326	0.625436	5.14062	5.12518
-0.713698	0.630692	5.14095	5.12616
-0.711398	0.633978	5.14226	5.12682
-0.714684	0.627407	5.1439	5.12616
-0.710741	0.629707	5.14653	5.12386
-0.713698	0.628392	5.1462	5.12156
-0.718955	0.62445	5.14292	5.1232
-0.720597	0.627735	5.14062	5.12616
-0.726182	0.62905	5.1393	5.12715
-0.734396	0.635949	5.13996	5.12682
-0.739324	0.642191	5.14193	5.12616
-0.741295	0.646134	5.14127	5.12419
-0.747209	0.640549	5.14029	5.12386
-0.756408	0.640549	5.13897	5.1232
-0.758051	0.639891	5.14029	5.12419
-0.761336	0.638249	5.14226	5.12583
-0.770536	0.634635	5.14456	5.12288
-0.772507	0.641863	5.14456	5.11959
-0.770864	0.640877	5.1439	5.12025
-0.772507	0.638249	5.14325	5.12386
-0.772835	0.62905	5.14325	5.12748
-0.76955	0.634306	5.14325	5.13109
-0.771521	0.633649	5.1439	5.12977
-0.772178	0.635292	5.14226	5.12879
-0.777763	0.636277	5.14226	5.12846
-0.781706	0.626093	5.14423	5.1255
-0.781377	0.620508	5.14587	5.12485
-0.777106	0.615908	5.14456	5.12715
-0.78072	0.612294	5.14357	5.1278
-0.784663	0.605066	5.14456	5.12715
-0.784334	0.609337	5.14555	5.1278
-0.781377	0.60638	5.14555	5.12649
-0.780392	0.609666	5.14423	5.12485
-0.78532	0.599809	5.14489	5.12452
-0.788605	0.593896	5.14456	5.12518
-0.784991	0.596195	5.14325	5.12649
-0.784663	0.59061	5.14226	5.12485
-0.783677	0.587325	5.14292	5.12353
-0.779406	0.59291	5.14325	5.12288
-0.778092	0.593896	5.14259	5.12353
-0.782363	0.585025	5.1416	5.12583
-0.782034	0.586996	5.14062	5.12879
-0.784006	0.584039	5.14226	5.13109
-0.791891	0.578126	5.14226	5.13043
-0.79419	0.578783	5.14259	5.12977
-0.79879	0.570898	5.1439	5.12748
-0.798461	0.571883	5.14292	5.12419
-0.79649	0.573526	5.14062	5.12485
-0.788934	0.571226	5.13996	5.12912
-0.786305	0.576154	5.14127	5.13109
-0.784006	0.578126	5.1416	5.12912
-0.783349	0.583054	5.14226	5.12485
-0.785648	0.580425	5.14456	5.12288
-0.782034	0.582397	5.14423	5.12288
-0.781377	0.578454	5.14325	5.12452
-0.784006	0.573526	5.14127	5.12649
-0.786634	0.575169	5.1416	5.12846
-0.78302	0.572869	5.14292	5.12846
-0.78532	0.572869	5.14325	5.12682
-0.786963	0.576812	5.14226	5.12682
-0.793862	0.574183	5.14095	5.12682
-0.793205	0.576812	5.13897	5.1255
-0.789262	0.578783	5.13865	5.12616
-0.784006	0.580754	5.14127	5.12682
-0.775792	0.57714	5.14456	5.12748
-0.771521	0.579111	5.14489	5.12748
-0.772835	0.580425	5.14489	5.1255
-0.777106	0.581411	5.14555	5.12485
-0.781706	0.585682	5.14653	5.1255
-0.778749	0.584368	5.1439	5.12616
-0.774478	0.583382	5.14259	5.12715
-0.775135	0.578783	5.14325	5.12748
-0.777435	0.579111	5.1439	5.1255
-0.777106	0.581083	5.14193	5.12616
-0.78072	0.577797	5.13996	5.12715
-0.780063	0.575169	5.13996	5.12813
-0.782034	0.579111	5.1416	5.12813
-0.778092	0.584368	5.14259	5.12682
-0.772178	0.586339	5.14357	5.12682
-0.768564	0.588639	5.14423	5.12748
-0.766593	0.590282	5.14456	5.12682
-0.767907	0.590939	5.14325	5.12682
-0.761993	0.596853	5.14357	5.12682
-0.753451	0.601781	5.14423	5.12616
-0.749837	0.608023	5.14423	5.12485
-0.743595	0.611965	5.14555	5.12452
-0.743924	0.612951	5.14522	5.12452
-0.742938	0.623793	5.14292	5.12452
-0.73571	0.625764	5.1416	5.1255
-0.721911	0.636935	5.14292	5.12682
-0.719612	0.636935	5.14357	5.12583
-0.716326	0.641206	5.14423	5.12583
-0.719612	0.642848	5.1462	5.12386
-0.715012	0.640549	5.1462	5.12353
-0.713698	0.641863	5.14555	5.12518
-0.709755	0.646134	5.1439	5.1255
-0.712384	0.647119	5.14193	5.12518
-0.708441	0.648762	5.1416	5.12616
-0.710084	0.650076	5.14292	5.12649
-0.709755	0.657304	5.1439	5.12583
-0.705156	0.657961	5.1439	5.1255
-0.704499	0.653362	5.14456	5.12518
-0.703842	0.65369	5.14423	5.12649
-0.703185	0.660261	5.1439	5.12715
-0.697271	0.669132	5.14456	5.12682
-0.692014	0.670774	5.14456	5.1255
-0.691029	0.673403	5.14555	5.12419
-0.691686	0.678659	5.14489	5.12419
-0.685115	0.675702	5.14456	5.12452
-0.680187	0.678988	5.14357	5.12583
-0.671645	0.68293	5.14259	5.12583
-0.668688	0.683916	5.14193	5.12386
-0.665402	0.688187	5.14292	5.12189
-0.663431	0.686544	5.1439	5.12123
-0.661788	0.686544	5.14522	5.12222
-0.659817	0.688516	5.14357	5.12452
-0.658832	0.691801	5.1439	5.12649
-0.652261	0.693772	5.1439	5.1255
-0.651932	0.698043	5.1439	5.1255
-0.656203	0.697386	5.1439	5.12419
-0.667702	0.694758	5.14357	5.12452
-0.674602	0.688844	5.14226	5.12419
-0.685772	0.682602	5.14193	5.12353
-0.690043	0.679974	5.14095	5.12419
-0.687415	0.680959	5.14095	5.12386
-0.691686	0.683916	5.14193	5.12386
-0.694314	0.682602	5.14325	5.12452
-0.704499	0.673074	5.1439	5.12386
-0.709098	0.669789	5.14325	5.12222
-0.713369	0.665518	5.14226	5.12255
-0.710413	0.668803	5.14127	5.12386
-0.704827	0.663546	5.14127	5.12518
-0.70877	0.65829	5.14292	5.12649
-0.709755	0.656319	5.14522	5.12616
-0.714355	0.654347	5.14686	5.12518
-0.721911	0.648762	5.14587	5.12485
-0.726511	0.645148	5.14292	5.12748
-0.731111	0.642848	5.14226	5.1278
-0.744909	0.640877	5.1416	5.12682
-0.754108	0.633649	5.14193	5.12485
-0.752794	0.632335	5.1416	5.1232
-0.749509	0.632664	5.14357	5.1232
-0.751809	0.626421	5.14423	5.12485
-0.754108	0.627735	5.14259	5.12682
-0.757722	0.62215	5.14193	5.12813
-0.757065	0.622807	5.14259	5.1278
-0.756408	0.61985	5.14423	5.12748
-0.755751	0.620179	5.14555	5.12715
-0.758708	0.615908	5.14489	5.12583
-0.76495	0.609666	5.14226	5.12583
-0.770207	0.607366	5.14029	5.1278
-0.782692	0.600138	5.1416	5.1301
-0.782692	0.599152	5.14325	5.13076
-0.789591	0.598495	5.14259	5.12977
-0.788934	0.598495	5.14423	5.12846
-0.790248	0.596524	5.1439	5.12748
-0.797476	0.591596	5.14226	5.12682
-0.791891	0.593567	5.14127	5.12682
-0.790248	0.587325	5.14095	5.12485
-0.786963	0.58831	5.14259	5.12419
-0.782034	0.594881	5.14259	5.12255
-0.782034	0.593239	5.14292	5.12288
-0.787291	0.59061	5.14292	5.12353
-0.790248	0.589953	5.14193	5.12518
-0.788277	0.591267	5.13996	5.12748
-0.788605	0.586996	5.14193	5.12748
-0.795176	0.583711	5.14456	5.12485
-0.800104	0.578454	5.14522	5.12222
-0.802075	0.57484	5.1439	5.12255
-0.805032	0.571555	5.14226	5.12386
-0.808318	0.575169	5.14226	5.12518
-0.810946	0.57254	5.14193	5.12649
-0.811603	0.571226	5.14193	5.12616
-0.814231	0.567284	5.14357	5.12353
-0.810289	0.57254	5.14522	5.12222
-0.807661	0.574183	5.1462	5.12288
-0.804375	0.573526	5.1462	5.12452
-0.807332	0.570898	5.14456	5.12518
-0.802404	0.568598	5.14325	5.12649
-0.803718	0.569912	5.14522	5.12715
-0.805689	0.567941	5.14522	5.12583
-0.800761	0.568927	5.14555	5.12386
-0.80339	0.57484	5.14423	5.12386
-0.803061	0.571555	5.14259	5.1255
-0.803718	0.570898	5.14325	5.12682
-0.802733	0.568269	5.14456	5.12715
-0.804047	0.563998	5.14489	5.12748
-0.807989	0.56137	5.14587	5.12715
-0.809632	0.565313	5.14653	5.12682
-0.807004	0.562027	5.14686	5.12715
-0.799119	0.571226	5.14522	5.12649
-0.797147	0.576154	5.14522	5.12748
-0.797476	0.577469	5.14522	5.12748
-0.794848	0.584696	5.14522	5.12748
-0.799447	0.585354	5.14522	5.12715
-0.798461	0.588639	5.14555	5.1278
-0.799447	0.587982	5.14555	5.12813
-0.798133	0.593239	5.1439	5.12748
-0.799119	0.591596	5.14226	5.12616
-0.799119	0.585025	5.14193	5.12748
-0.798133	0.585682	5.1439	5.12846
-0.797476	0.587325	5.14587	5.12583
-0.795176	0.585025	5.14719	5.1232
-0.792876	0.585682	5.14587	5.12386
-0.79419	0.580425	5.14555	5.12419
-0.788934	0.579768	5.14555	5.1255
-0.786963	0.583382	5.1462	5.12485
-0.78762	0.582068	5.14785	5.12452
-0.788277	0.575497	5.14752	5.1255
-0.786634	0.57484	5.14653	5.12616
-0.792876	0.564984	5.14587	5.12518
-0.793533	0.564655	5.14686	5.12616
-0.793205	0.562356	5.14686	5.1255
-0.797147	0.559727	5.14522	5.12616
-0.800761	0.553485	5.1439	5.12583
-0.800761	0.5479	5.14127	5.12518
-0.791891	0.553157	5.14127	5.12419
-0.789262	0.552171	5.14259	5.12386
-0.789591	0.554471	5.14062	5.12485
-0.790248	0.556113	5.13832	5.1255
-0.79419	0.558085	5.13963	5.12518
-0.791891	0.56367	5.14193	5.12452
-0.79419	0.561042	5.14259	5.12353
-0.792876	0.557756	5.1416	5.12419
-0.788934	0.56137	5.14095	5.12452
-0.781049	0.568269	5.1416	5.12649
-0.779735	0.569584	5.14259	5.1278
-0.775792	0.573198	5.14423	5.1255
-0.766922	0.567941	5.14522	5.12288
-0.766264	0.568269	5.14686	5.12255
-0.767579	0.574183	5.14653	5.12386
-0.757722	0.575826	5.1439	5.12715
-0.750166	0.579768	5.14226	5.12977
-0.748195	0.582397	5.14127	5.12945
-0.749837	0.576812	5.14193	5.12649
-0.747538	0.573198	5.14259	5.12518
-0.74918	0.582725	5.14456	5.12386
-0.751152	0.582068	5.14357	5.12386
-0.748523	0.587982	5.1416	5.12452
-0.743595	0.591267	5.14095	5.12649
-0.746552	0.585025	5.1439	5.12813
-0.741952	0.592253	5.14686	5.12649
-0.73571	0.600138	5.14785	5.1232
-0.735382	0.599809	5.1462	5.12288
-0.736367	0.59751	5.14259	5.1255
-0.735053	0.594553	5.14095	5.12583
-0.740638	0.59751	5.14127	5.12616
-0.739981	0.595867	5.14357	5.12748
-0.739981	0.593896	5.14555	5.12748
-0.747209	0.586339	5.14522	5.1255
-0.744581	0.587653	5.14423	5.12386
-0.738996	0.584696	5.14456	5.12353
-0.738339	0.586011	5.14522	5.12616
-0.73571	0.589296	5.14456	5.12682
-0.731439	0.58831	5.14325	5.12583
-0.734067	0.598167	5.14325	5.12452
-0.739981	0.592253	5.14522	5.12288
-0.750166	0.586668	5.14686	5.12353
-0.750495	0.590939	5.14653	5.1255
-0.744581	0.592253	5.14489	5.12682
-0.748852	0.599152	5.1439	5.12616
-0.746881	0.595867	5.14522	5.12485
-0.759037	0.590282	5.1462	5.12419
-0.766922	0.586996	5.14587	5.12255
-0.763965	0.591596	5.14587	5.12452
-0.760022	0.584368	5.14456	5.12682
-0.759694	0.582068	5.14325	5.12682
-0.765279	0.579111	5.14259	5.12583
-0.759694	0.582397	5.14423	5.12583
-0.760351	0.583382	5.14653	5.12518
-0.756408	0.585682	5.14653	5.12485
-0.760022	0.586668	5.14522	5.12419
-0.768564	0.587325	5.14423	5.12518
-0.762979	0.58831	5.14357	5.12748
-0.766922	0.584368	5.14193	5.12715
-0.767579	0.586011	5.14095	5.12682
-0.771193	0.589953	5.1416	5.12682
-0.772835	0.592581	5.14423	5.12682
-0.76955	0.593239	5.14522	5.12649
-0.771193	0.594224	5.14587	5.1255
-0.770207	0.59061	5.1439	5.12649
-0.774149	0.588639	5.14292	5.1278
-0.773821	0.586339	5.1439	5.12748
-0.777435	0.579768	5.14325	5.12715
-0.772507	0.586011	5.14489	5.12682
-0.775464	0.582068	5.14522	5.12583
-0.775464	0.582725	5.14423	5.12682
-0.77185	0.582068	5.14456	5.1278
-0.769221	0.578783	5.14555	5.12846
-0.771193	0.579111	5.14555	5.12846
-0.772507	0.581411	5.14456	5.12748
-0.77185	0.57944	5.14325	5.12649
-0.773164	0.577469	5.14226	5.12649
-0.776121	0.57484	5.14193	5.12682
-0.772507	0.573198	5.14193	5.12649
-0.767907	0.575826	5.14226	5.12583
-0.768236	0.569584	5.14325	5.1255
-0.768893	0.565313	5.14292	5.12452
-0.772507	0.563013	5.14555	5.12485
-0.775464	0.55907	5.14555	5.12715
-0.772507	0.561042	5.14456	5.13043
-0.773492	0.549543	5.14325	5.12945
-0.775792	0.551842	5.14423	5.12715
-0.779078	0.549543	5.14587	5.12419
-0.782692	0.548885	5.14587	5.12288
-0.783349	0.548228	5.14587	5.12419
-0.78302	0.546257	5.14489	5.12616
-0.784006	0.542315	5.14423	5.12682
-0.78302	0.537058	5.1439	5.12682
-0.779735	0.545929	5.14522	5.1278
-0.777763	0.543957	5.14587	5.1278
-0.778421	0.544286	5.14587	5.12715
-0.780392	0.544943	5.14423	5.12485
-0.791562	0.540672	5.14226	5.12452
-0.79419	0.543957	5.14259	5.1255
-0.79419	0.537387	5.1439	5.12682
-0.799776	0.539029	5.14522	5.12813
-0.805032	0.540343	5.14587	5.12912
-0.805361	0.541986	5.14587	5.12813
-0.806346	0.540343	5.14423	5.12879
-0.811275	0.542315	5.1416	5.12912
-0.811932	0.541	5.1416	5.12977
-0.810946	0.537715	5.14456	5.12846
-0.812589	0.542972	5.14719	5.12649
-0.808975	0.546914	5.14719	5.1232
-0.813903	0.553814	5.14555	5.12386
-0.809632	0.547571	5.14325	5.12452
-0.817845	0.540343	5.14193	5.12583
-0.817188	0.539029	5.14259	5.1278
-0.812917	0.538044	5.14456	5.12682
-0.817845	0.535415	5.14357	5.12649
-0.826387	0.534101	5.14325	5.12813
-0.821788	0.536072	5.14456	5.12912
-0.819488	0.5433	5.14653	5.12649
-0.815546	0.548885	5.14653	5.12583
-0.815874	0.555456	5.14489	5.12616
-0.816203	0.551842	5.14522	5.12616
-0.80996	0.548885	5.14522	5.12649
-0.809303	0.544943	5.14587	5.12715
-0.809303	0.550857	5.1439	5.12616
-0.806346	0.553485	5.14292	5.1255
-0.811275	0.555785	5.14357	5.12616
-0.81686	0.553814	5.1439	5.1255
-0.818831	0.551842	5.14325	5.12715
-0.811275	0.56367	5.1439	5.12649
-0.800761	0.570241	5.14522	5.12485
-0.799447	0.568269	5.14555	5.12583
-0.797476	0.569584	5.14292	5.12682
-0.79419	0.575826	5.1393	5.12748
-0.79419	0.570241	5.1393	5.1278
-0.790577	0.570241	5.14292	5.1255
-0.790248	0.569255	5.14555	5.12419
-0.791562	0.569912	5.14522	5.12386
-0.78762	0.57254	5.1416	5.12452
-0.773164	0.577469	5.14095	5.12616
-0.769878	0.579111	5.14226	5.12813
-0.763636	0.585682	5.1439	5.12846
-0.761665	0.587653	5.14522	5.12715
-0.762322	0.587653	5.14555	5.12353
-0.756737	0.590282	5.14325	5.12222
-0.753123	0.598824	5.14193	5.12386
-0.75148	0.602438	5.1416	5.12649
-0.754108	0.605723	5.14226	5.12748
-0.746223	0.610651	5.14259	5.12583
-0.743924	0.611637	5.14357	5.12485
-0.745566	0.608023	5.14325	5.12452
-0.740638	0.616236	5.14226	5.12649
-0.731768	0.615251	5.14259	5.12846
-0.734067	0.60868	5.14357	5.12846
-0.730454	0.609994	5.14193	5.1278
-0.736039	0.615579	5.1416	5.12616
-0.734067	0.616236	5.14259	5.12649
-0.732753	0.616236	5.14292	5.1278
-0.735382	0.618536	5.14357	5.12846
-0.739324	0.617879	5.14456	5.12682
-0.737353	0.627078	5.14489	5.12715
-0.736696	0.633321	5.14555	5.12682
-0.735053	0.628721	5.1462	5.12518
-0.741952	0.62445	5.14357	5.12386
-0.747866	0.621165	5.1416	5.1232
-0.748523	0.623464	5.14127	5.12353
-0.754108	0.614594	5.14193	5.1255
-0.758708	0.609009	5.14325	5.12616
-0.765607	0.60868	5.14357	5.12386
-0.76955	0.616236	5.14489	5.12353
-0.770207	0.61328	5.14522	5.12419
-0.768236	0.616565	5.14555	5.12485
-0.76725	0.618865	5.1439	5.12649
-0.77185	0.623136	5.14357	5.12583
-0.774149	0.619522	5.14259	5.12419
-0.770207	0.623136	5.14193	5.12386
-0.77185	0.61985	5.14357	5.12452
-0.770536	0.617879	5.14292	5.12518
-0.769221	0.611637	5.14292	5.12616
-0.770536	0.612951	5.14325	5.12682
-0.768564	0.608023	5.1439	5.1278
-0.76955	0.606052	5.14292	5.12682
-0.774149	0.602438	5.1416	5.1255
-0.781377	0.596524	5.14095	5.12452
-0.786634	0.591596	5.14259	5.12682
-0.78532	0.59291	5.14522	5.12649
-0.779406	0.595538	5.1462	5.12649
-0.778092	0.596524	5.14587	5.12715
-0.782692	0.596853	5.14423	5.12748
-0.777106	0.598495	5.14193	5.12813
-0.775135	0.59751	5.14226	5.12748
-0.771521	0.59521	5.14522	5.12616
-0.774478	0.589953	5.14555	5.12386
-0.773821	0.583711	5.14325	5.12386
-0.775792	0.582397	5.14095	5.12452
-0.777106	0.581083	5.14292	5.12583
-0.778421	0.571883	5.14653	5.12813
-0.781049	0.573526	5.14752	5.12912
-0.780392	0.568269	5.14653	5.12748
-0.784006	0.563341	5.14489	5.12518
-0.787291	0.562684	5.14357	5.12452
-0.793205	0.563013	5.14292	5.12485
-0.794848	0.564327	5.14226	5.1255
-0.793862	0.563998	5.14456	5.12583
-0.800433	0.565313	5.14587	5.1278
-0.801418	0.56597	5.14522	5.12846
-0.808646	0.551185	5.14259	5.12682
-0.810946	0.549214	5.14357	5.12353
-0.81456	0.552499	5.14555	5.12156
-0.81916	0.549214	5.14555	5.12386
-0.819488	0.542315	5.14522	5.1255
-0.821459	0.542315	5.14587	5.12518
-0.82573	0.539358	5.14653	5.12518
-0.828687	0.537058	5.1462	5.12813
-0.833944	0.538044	5.14653	5.12912
-0.839529	0.541986	5.14587	5.12813
-0.846428	0.535087	5.14423	5.12616
-0.845443	0.53213	5.14259	5.1255
-0.842486	0.53213	5.14325	5.12419
-0.837886	0.535415	5.14423	5.12419
-0.839529	0.536729	5.14489	5.12419
-0.838872	0.535087	5.14555	5.12485
-0.837558	0.529502	5.14522	5.12649
-0.840515	0.533773	5.1439	5.12748
-0.837886	0.536729	5.14423	5.1255
-0.834601	0.540015	5.14555	5.12386
-0.840515	0.539358	5.14423	5.12419
-0.840186	0.533773	5.14325	5.12715
-0.841172	0.525888	5.1416	5.12977
-0.847743	0.525231	5.14292	5.12977
-0.846428	0.525559	5.14456	5.12813
-0.841829	0.524902	5.14456	5.12649
-0.842486	0.523588	5.14522	5.12518
-0.842157	0.524245	5.14489	5.12485
-0.844129	0.524245	5.14325	5.12682
-0.843472	0.526545	5.14029	5.1278
-0.839529	0.530159	5.14095	5.12748
-0.836901	0.535415	5.1439	5.12485
-0.838872	0.536729	5.14489	5.12353
-0.83493	0.531144	5.14489	5.12452
-0.827373	0.539686	5.14357	5.12649
-0.826059	0.5433	5.1416	5.12649
-0.819817	0.548885	5.14193	5.12583
-0.815546	0.5502	5.14423	5.12583
-0.819488	0.552171	5.14653	5.12452
-0.813246	0.549543	5.14653	5.12353
-0.817845	0.546586	5.14653	5.12288
-0.815874	0.545929	5.14555	5.1232
-0.815217	0.546257	5.14522	5.1232
-0.812589	0.548885	5.14522	5.12288
-0.815874	0.546257	5.14456	5.12485
-0.819488	0.548557	5.14325	5.12682
-0.815546	0.560713	5.14325	5.12715
-0.811275	0.562356	5.14456	5.12485
-0.813574	0.557756	5.14423	5.1232
-0.81456	0.562356	5.14325	5.1232
-0.808975	0.566955	5.14456	5.12419
-0.804375	0.566627	5.1462	5.12616
-0.807332	0.573526	5.1462	5.12715
-0.806018	0.575497	5.14456	5.1255
-0.806018	0.574512	5.14193	5.12386
-0.804047	0.572869	5.14325	5.12419
-0.805689	0.573526	5.14587	5.12518
-0.807332	0.57484	5.14785	5.12583
-0.807989	0.57484	5.1462	5.12485
-0.810946	0.576154	5.14456	5.12419
-0.807332	0.576812	5.14292	5.12485
-0.802404	0.568927	5.14292	5.12583
-0.798461	0.573855	5.1439	5.12616
-0.803061	0.576154	5.14587	5.12583
-0.804375	0.571883	5.14686	5.12518
-0.800104	0.572212	5.14719	5.12419
-0.80109	0.564984	5.14555	5.12353
-0.808318	0.562027	5.1439	5.12288
-0.806675	0.560384	5.14226	5.12288
-0.803718	0.557756	5.14226	5.12649
-0.802733	0.56137	5.1416	5.1278
-0.799119	0.572212	5.14226	5.12879
-0.798461	0.57484	5.1439	5.12846
-0.791234	0.571226	5.14456	5.12682
-0.792876	0.573526	5.14489	5.12682
-0.789262	0.573198	5.14489	5.12846
-0.784006	0.576154	5.14456	5.13043
-0.782034	0.582397	5.14489	5.12977
-0.771521	0.588968	5.14522	5.12977
-0.776778	0.583711	5.1462	5.12682
-0.778092	0.585354	5.14817	5.12616
-0.778092	0.58174	5.14785	5.12419
-0.780392	0.570241	5.14653	5.12518
-0.775792	0.567941	5.14357	5.12616
-0.773164	0.56367	5.14292	5.12419
-0.767907	0.564655	5.14325	5.1232
-0.762979	0.566627	5.1439	5.12386
-0.753451	0.570569	5.14423	5.12452
-0.753451	0.573198	5.14456	5.12452
-0.757394	0.575826	5.14522	5.12583
-0.75378	0.57944	5.14292	5.12682
-0.751809	0.581411	5.14062	5.12748
-0.762979	0.58174	5.13996	5.1278
-0.759037	0.583054	5.14259	5.12649
-0.753451	0.59061	5.14587	5.1255
-0.746223	0.591924	5.14653	5.12518
-0.748195	0.59521	5.14456	5.12518
-0.744581	0.600138	5.14193	5.12649
-0.742938	0.599152	5.1416	5.12715
-0.745566	0.60638	5.14423	5.12649
-0.74031	0.609009	5.14587	5.12485
-0.741295	0.613937	5.14587	5.12485
-0.734396	0.609337	5.14325	5.12485
-0.727497	0.618536	5.14193	5.12518
-0.723883	0.618865	5.14423	5.12518
-0.723226	0.61985	5.14456	5.1255
-0.720597	0.618536	5.14522	5.12682
-0.723883	0.614922	5.14653	5.12682
-0.724211	0.62215	5.14653	5.12583
-0.727497	0.625107	5.14489	5.1278
-0.731768	0.627078	5.14259	5.12715
-0.738996	0.630035	5.14226	5.12682
-0.736696	0.636277	5.14292	5.12715
-0.733739	0.638906	5.1416	5.12616
-0.73341	0.636277	5.14062	5.12419
-0.73341	0.634635	5.14127	5.12419
-0.736039	0.632992	5.1416	5.12452
-0.737353	0.634963	5.14193	5.12419
-0.737353	0.631678	5.14292	5.12386
-0.737353	0.628064	5.14423	5.12386
-0.738996	0.628064	5.14686	5.12222
-0.740638	0.624121	5.1485	5.12189
-0.747538	0.622807	5.14719	5.12386
-0.744252	0.627735	5.14522	5.12583
-0.745566	0.62445	5.14357	5.12649
-0.750495	0.612623	5.1416	5.12682
-0.75378	0.611637	5.14259	5.12748
-0.751809	0.607037	5.14587	5.12813
-0.754437	0.600795	5.14785	5.12813
-0.759694	0.590939	5.14686	5.12748
-0.766593	0.583382	5.1439	5.12846
-0.767579	0.586339	5.1416	5.12879
-0.769221	0.586996	5.14127	5.12715
-0.780063	0.584696	5.14226	5.12715
-0.78532	0.583711	5.14423	5.12682
-0.791891	0.580097	5.14456	5.1255
-0.78302	0.579768	5.1439	5.1255
-0.780063	0.578783	5.14325	5.12682
-0.776121	0.574512	5.14325	5.1278
-0.775135	0.567284	5.14357	5.12748
-0.784663	0.569912	5.14456	5.12616
-0.787291	0.564984	5.14456	5.12518
-0.791234	0.560056	5.14357	5.12583
-0.781049	0.568269	5.1439	5.12682
-0.779735	0.567284	5.14259	5.12616
-0.776121	0.56597	5.14193	5.12583
-0.775135	0.563013	5.14259	5.12583
-0.769221	0.563998	5.14489	5.12649
-0.769878	0.570569	5.14555	5.12748
-0.772178	0.568927	5.14489	5.12977
-0.765279	0.568927	5.14456	5.1301
-0.762979	0.566627	5.14489	5.12977
-0.757065	0.568598	5.14489	5.12813
-0.764293	0.569255	5.14522	5.12682
-0.76955	0.569912	5.14587	5.12616
-0.77185	0.561699	5.14555	5.12452
-0.770864	0.552828	5.14325	5.12386
-0.770536	0.555785	5.14193	5.12583
-0.772835	0.557756	5.14193	5.1278
-0.770536	0.560384	5.14357	5.12945
-0.778421	0.560056	5.14456	5.12879
-0.781049	0.56597	5.14489	5.12715
-0.783349	0.568269	5.14456	5.12616
-0.792548	0.570569	5.14456	5.12682
-0.794848	0.574183	5.14456	5.1255
-0.793862	0.571883	5.14423	5.1255
-0.793205	0.574512	5.14226	5.12452
-0.793862	0.564327	5.14193	5.12419
-0.798133	0.564984	5.1439	5.12419
-0.805361	0.55907	5.14423	5.12583
-0.807004	0.560056	5.14292	5.12715
-0.808318	0.55907	5.14062	5.12846
-0.812589	0.562027	5.14193	5.12879
-0.812589	0.569912	5.1439	5.12813
-0.808646	0.575497	5.14423	5.12682
-0.812589	0.577469	5.14292	5.12583
-0.812917	0.573526	5.14127	5.12682
-0.810946	0.573855	5.13963	5.1278
-0.811275	0.578783	5.13865	5.1278
-0.806346	0.586339	5.13963	5.12715
-0.803718	0.578454	5.14127	5.12748
-0.806346	0.575826	5.14226	5.12715
-0.811275	0.575169	5.14325	5.12616
-0.809303	0.576483	5.14357	5.12649
-0.806018	0.570898	5.1439	5.12682
-0.804375	0.568269	5.14259	5.1278
-0.802733	0.571555	5.14259	5.12748
-0.800761	0.571555	5.14292	5.1255
-0.792219	0.576483	5.1439	5.12583
-0.788605	0.575826	5.14489	5.12616
-0.779406	0.578126	5.14489	5.12682
-0.774478	0.575169	5.14292	5.12715
-0.76725	0.575497	5.14292	5.1255
-0.765936	0.580754	5.1439	5.1255
-0.749509	0.587982	5.14456	5.12748
-0.752466	0.587325	5.1462	5.12977
-0.74918	0.593239	5.14522	5.13076
-0.745238	0.596853	5.14226	5.13043
-0.738996	0.598167	5.14127	5.13076
-0.728811	0.606052	5.14259	5.12846
-0.721254	0.612294	5.14423	5.12682
-0.722569	0.618208	5.14423	5.12518
-0.71994	0.619522	5.14456	5.12419
-0.715341	0.61985	5.14357	5.12485
-0.715998	0.619193	5.14226	5.12682
-0.721254	0.618208	5.1416	5.12649
-0.721911	0.614922	5.14259	5.12682
-0.721254	0.61985	5.14357	5.12682
-0.715998	0.620836	5.14292	5.12616
-0.718626	0.623793	5.14226	5.12583
-0.716655	0.626421	5.14226	5.1278
-0.720926	0.621493	5.14292	5.12846
-0.718626	0.622479	5.14325	5.12846
-0.71994	0.630364	5.14292	5.12748
-0.716983	0.635949	5.14259	5.1278
-0.715998	0.632992	5.14292	5.12715
-0.710741	0.630364	5.14522	5.12715
-0.70877	0.62445	5.14456	5.12682
-0.706142	0.630364	5.14259	5.12583
-0.706799	0.629707	5.1416	5.12616
-0.713369	0.629707	5.14127	5.1255
-0.721911	0.631678	5.14423	5.12583
-0.721254	0.634635	5.14555	5.12419
-0.725854	0.636277	5.14587	5.1232
-0.728154	0.638906	5.14423	5.12288
-0.722897	0.637592	5.14357	5.12485
-0.727497	0.643834	5.14357	5.12485
-0.730454	0.637263	5.14292	5.1255
-0.725854	0.641863	5.1439	5.12649
-0.728154	0.646462	5.14653	5.1278
-0.732425	0.64252	5.14752	5.12682
-0.728811	0.64252	5.14653	5.12583
-0.725854	0.641534	5.14489	5.12616
-0.723883	0.64482	5.1439	5.12748
-0.723883	0.637263	5.14357	5.12748
-0.724211	0.636935	5.1439	5.12649
-0.720926	0.639563	5.14456	5.12386
-0.721254	0.637592	5.14587	5.1232
-0.726511	0.638906	5.14587	5.1232
-0.72684	0.641863	5.14325	5.12518
-0.72684	0.645148	5.14095	5.12682
-0.728811	0.643505	5.14226	5.12912
-0.726511	0.640549	5.1439	5.12945
-0.727168	0.64022	5.1439	5.12813
-0.727168	0.638249	5.14555	5.1255
-0.72454	0.644491	5.14752	5.12485
-0.724868	0.640877	5.14982	5.12682
-0.719283	0.639234	5.14883	5.12715
-0.72454	0.631678	5.14653	5.12649
-0.724211	0.626093	5.1462	5.1255
-0.72454	0.621493	5.1462	5.12616
-0.72454	0.617222	5.14522	5.12583
-0.725854	0.609666	5.14193	5.12649
-0.729139	0.605395	5.14226	5.12748
-0.732425	0.605395	5.14259	5.12879
-0.727825	0.611308	5.14423	5.12748
-0.727497	0.617551	5.1439	5.12452
-0.733739	0.617879	5.14456	5.12485
-0.734396	0.615579	5.14357	5.12485
-0.737681	0.616894	5.14292	5.12583
-0.732096	0.617551	5.14226	5.12682
-0.737024	0.611308	5.14062	5.12616
-0.736367	0.606709	5.14062	5.1255
-0.736367	0.600138	5.14193	5.1255
-0.734067	0.596524	5.14292	5.12649
-0.736367	0.59521	5.14456	5.12977
-0.736039	0.596524	5.14456	5.1301
-0.738667	0.59061	5.14456	5.12879
-0.739653	0.585354	5.14423	5.12583
-0.73801	0.59061	5.14489	5.12649
-0.749837	0.584696	5.14653	5.12649
-0.757394	0.579111	5.14653	5.12649
-0.763965	0.573855	5.14423	5.12649
-0.76495	0.575497	5.14292	5.12518
-0.772178	0.573198	5.14423	5.12518
-0.780063	0.56597	5.14686	5.1255
-0.791234	0.564327	5.14686	5.12452
-0.798133	0.564984	5.1462	5.12386
-0.796819	0.566627	5.1462	5.12485
-0.793533	0.567941	5.14489	5.12715
-0.791891	0.571555	5.1416	5.12912
-0.790248	0.574183	5.14029	5.12977
-0.787948	0.576812	5.14127	5.1278
-0.78762	0.582068	5.14357	5.1255
-0.790905	0.57944	5.14325	5.12353
-0.782034	0.588968	5.14226	5.1232
-0.782363	0.589296	5.1416	5.12616
-0.78532	0.592581	5.14095	5.12912
-0.790577	0.592253	5.1416	5.12879
-0.791234	0.591267	5.1439	5.12715
-0.797804	0.585354	5.14522	5.12518
-0.795176	0.587325	5.14587	5.12452
-0.79649	0.590939	5.14489	5.1255
-0.800433	0.589953	5.14357	5.12583
-0.803718	0.592253	5.14193	5.12649
-0.799776	0.599481	5.14193	5.12583
-0.798461	0.603423	5.14423	5.12452
-0.795176	0.610323	5.14489	5.12419
-0.789919	0.612951	5.14489	5.12419
-0.78762	0.615908	5.14357	5.12353
-0.782034	0.612623	5.1416	5.12353
-0.781377	0.619522	5.1416	5.12419
-0.785977	0.612294	5.14292	5.12452
-0.780063	0.611308	5.14423	5.12485
-0.779735	0.60638	5.14456	5.12485
-0.78072	0.606052	5.14522	5.12682
-0.778421	0.60638	5.14193	5.12912
-0.775464	0.609666	5.14029	5.12945
-0.766264	0.610323	5.13963	5.12879
-0.762979	0.611637	5.14095	5.12748
-0.75838	0.606709	5.14325	5.12649
-0.756408	0.609994	5.14423	5.12452
-0.75838	0.608023	5.14423	5.12452
-0.762322	0.607037	5.14292	5.12386
-0.760679	0.612623	5.14193	5.12485
-0.765279	0.605723	5.14193	5.1255
-0.763636	0.605723	5.14259	5.12583
-0.757722	0.60408	5.1439	5.12616
-0.75378	0.609666	5.14456	5.12616
-0.748852	0.607366	5.14357	5.12682
-0.748523	0.611637	5.14357	5.1278
-0.746881	0.615579	5.14292	5.12813
-0.747538	0.614265	5.14423	5.12813
-0.748523	0.616894	5.14357	5.12748
-0.745566	0.615908	5.14259	5.12715
-0.746223	0.617222	5.14193	5.12616
-0.745895	0.615579	5.14292	5.12649
-0.739981	0.616894	5.14325	5.12583
-0.744252	0.608023	5.14522	5.12682
-0.753451	0.603423	5.14555	5.12682
-0.758051	0.602438	5.14653	5.12452
-0.761665	0.602109	5.14817	5.12189
-0.760022	0.603752	5.14883	5.1232
-0.759694	0.601124	5.1485	5.12452
-0.763965	0.600466	5.14719	5.12485
-0.763965	0.605066	5.1462	5.1255
-0.759365	0.611965	5.1462	5.12682
-0.759365	0.612294	5.14226	5.12813
-0.76725	0.613937	5.14095	5.12879
-0.768893	0.61985	5.1416	5.12715
-0.766593	0.619193	5.14357	5.1255
-0.765936	0.630035	5.14357	5.12616
-0.763636	0.633321	5.14259	5.12879
-0.76495	0.634306	5.14292	5.12945
-0.760679	0.631349	5.14555	5.12813
-0.760351	0.631678	5.14555	5.12518
-0.759037	0.631678	5.14653	5.12353
-0.74918	0.636277	5.14686	5.12616
-0.745566	0.637592	5.14325	5.12649
-0.74261	0.642848	5.1416	5.12452
-0.747209	0.643177	5.14127	5.12452
-0.744909	0.65369	5.14325	5.12452
-0.743924	0.655333	5.14456	5.12419
-0.742938	0.655004	5.14522	5.12485
-0.741952	0.659275	5.14456	5.12616
-0.749509	0.658618	5.14325	5.12649
-0.745238	0.661247	5.14259	5.12682
-0.737024	0.667489	5.14489	5.12715
-0.735382	0.664861	5.14522	5.1255
-0.727168	0.664861	5.14423	5.12419
-0.726182	0.662561	5.14226	5.12222
-0.718626	0.662561	5.1416	5.12255
-0.716326	0.663546	5.14193	5.12485
-0.71107	0.66716	5.14292	5.12616
-0.70877	0.66946	5.1439	5.12649
-0.696942	0.667489	5.14489	5.12616
-0.692671	0.663875	5.14555	5.12682
-0.688072	0.670774	5.14489	5.1278
-0.684458	0.672746	5.1439	5.12715
-0.677887	0.675374	5.14292	5.12485
-0.669016	0.679316	5.14259	5.12452
-0.670002	0.683259	5.14423	5.12583
-0.672959	0.684245	5.1439	5.12649
-0.669016	0.692787	5.14456	5.12583
-0.670988	0.696072	5.14489	5.12518
-0.676244	0.694429	5.14423	5.12583
-0.677558	0.694758	5.14423	5.12846
-0.677558	0.690487	5.1439	5.13175
-0.6884	0.68293	5.14456	5.13043
-0.695628	0.682273	5.14456	5.12846
-0.700885	0.680959	5.14456	5.1278
-0.698914	0.681945	5.14489	5.12682
-0.699571	0.68523	5.14423	5.12616
-0.705813	0.677017	5.14292	5.12649
-0.712712	0.680959	5.14423	5.12616
-0.715012	0.683916	5.14653	5.12518
-0.712055	0.688844	5.14686	5.12452
-0.71994	0.691144	5.14522	5.12518
-0.732753	0.688187	5.14456	5.1278
-0.732096	0.684573	5.14423	5.1278
-0.739324	0.672417	5.1439	5.12616
-0.743595	0.671431	5.14292	5.12583
-0.744581	0.662889	5.14456	5.12452
-0.747209	0.656976	5.1462	5.1232
-0.754437	0.649748	5.14653	5.12386
-0.763308	0.644491	5.14555	5.12386
-0.765936	0.633649	5.14226	5.1232
-0.773492	0.630364	5.14029	5.12452
-0.778421	0.624121	5.14127	5.12518
-0.775464	0.621822	5.14292	5.12583
-0.775464	0.623136	5.14325	5.12583
-0.778749	0.623793	5.1416	5.1255
-0.78532	0.618536	5.1393	5.12518
-0.789919	0.615579	5.1393	5.12649
-0.791562	0.614922	5.14127	5.12715
-0.79419	0.611965	5.14226	5.12518
-0.794848	0.613608	5.14292	5.1255
-0.799776	0.614594	5.14456	5.12452
-0.794848	0.620836	5.14456	5.12649
-0.788934	0.618865	5.14423	5.12813
-0.78532	0.617879	5.14423	5.12748
-0.784006	0.615908	5.14423	5.1255
-0.785977	0.624779	5.1439	5.12419
-0.782363	0.622479	5.14259	5.12485
-0.777763	0.623464	5.14325	5.12649
-0.776449	0.617879	5.14423	5.12715
-0.78302	0.611308	5.14522	5.12682
-0.778421	0.603752	5.14489	5.12485
-0.774149	0.602438	5.14456	5.12222
-0.773821	0.605066	5.14522	5.12189
-0.771521	0.60408	5.14489	5.12386
-0.772835	0.598824	5.14522	5.12485
-0.776449	0.599481	5.14423	5.12518
-0.768893	0.603752	5.14522	5.12518
-0.764293	0.60638	5.1462	5.12518
-0.763965	0.600795	5.14719	5.12452
-0.75838	0.599152	5.14686	5.1255
-0.753451	0.594224	5.14489	5.12616
-0.747538	0.593567	5.1439	5.12518
-0.751809	0.591596	5.1439	5.12649
-0.75608	0.587982	5.14522	5.12715
-0.761008	0.587982	5.14686	5.12649
-0.75838	0.586668	5.14719	5.12419
-0.758051	0.592253	5.14522	5.12419
-0.760351	0.591924	5.14357	5.1255
-0.758051	0.599152	5.1416	5.12583
-0.756408	0.594881	5.14029	5.12452
-0.754437	0.600138	5.14029	5.12386
-0.755423	0.604738	5.13963	5.12485
-0.75838	0.603752	5.14095	5.12583
-0.754437	0.605395	5.14357	5.12649
-0.760679	0.603095	5.14357	5.12649
-0.764293	0.599481	5.14259	5.12682
-0.764293	0.601781	5.14062	5.12715
-0.765607	0.603752	5.13897	5.12813
-0.767907	0.611965	5.13996	5.12715
-0.773492	0.609009	5.14029	5.12452
-0.776121	0.608023	5.14127	5.12485
-0.773821	0.615908	5.14226	5.12452
-0.778092	0.617551	5.14127	5.12452
-0.78532	0.613937	5.13832	5.12649
-0.786963	0.621493	5.13963	5.12649
-0.793205	0.625436	5.14095	5.12616
-0.795833	0.62445	5.14423	5.12616
-0.796162	0.626421	5.14522	5.12616
-0.795176	0.625107	5.14587	5.12715
-0.788277	0.628392	5.14522	5.12715
-0.791891	0.630692	5.1439	5.12682
-0.793862	0.631678	5.1416	5.12715
-0.794519	0.636277	5.14292	5.1255
-0.786305	0.638577	5.14489	5.12255
-0.78302	0.636606	5.14587	5.12288
-0.783349	0.636935	5.14686	5.12419
-0.782692	0.634963	5.1462	5.12485
-0.777763	0.632335	5.14423	5.12616
-0.773164	0.63562	5.1416	5.12616
-0.767579	0.638577	5.14226	5.1255
-0.766922	0.639891	5.14357	5.12452
-0.763636	0.637592	5.14489	5.12386
-0.756408	0.638906	5.14456	5.12518
-0.750495	0.639234	5.1416	5.12748
-0.756737	0.638249	5.13996	5.1278
-0.757065	0.636277	5.14127	5.12715
-0.757722	0.634306	5.14325	5.12748
-0.757394	0.633649	5.14325	5.12616
-0.75608	0.632006	5.1439	5.12386
-0.754108	0.627735	5.14325	5.12386
-0.755751	0.627078	5.1439	5.12485
-0.761336	0.621822	5.1439	5.12649
-0.762651	0.620508	5.14292	5.12649
-0.757722	0.623464	5.14423	5.12518
-0.755751	0.621822	5.14555	5.1232
-0.750495	0.634963	5.14587	5.12288
-0.746881	0.63792	5.14555	5.12353
-0.741624	0.635949	5.1439	5.12452
-0.743267	0.641863	5.14357	5.1278
-0.750823	0.637592	5.14357	5.12715
-0.752794	0.638577	5.1439	5.12748
-0.74918	0.64022	5.14522	5.12715
-0.750823	0.645148	5.14719	5.12649
-0.746223	0.650733	5.14587	5.12616
-0.738996	0.655333	5.14587	5.12583
-0.74261	0.65829	5.1462	5.1255
-0.741295	0.656319	5.14555	5.12485
-0.744581	0.649748	5.1439	5.12485
-0.744909	0.648105	5.14259	5.12452
-0.737681	0.649091	5.14259	5.1255
-0.734396	0.648105	5.14226	5.12649
-0.731768	0.643177	5.1439	5.12748
-0.729468	0.65139	5.14555	5.1301
-0.733082	0.647119	5.14555	5.1301
-0.734396	0.645148	5.14489	5.12748
-0.736367	0.638577	5.14423	5.12682
-0.741295	0.639234	5.14226	5.12715
-0.745566	0.641534	5.14029	5.12682
-0.749509	0.644162	5.14095	5.1278
-0.756408	0.643505	5.14292	5.12715
-0.755751	0.643177	5.14325	5.12748
-0.750166	0.649419	5.1416	5.12748
-0.755751	0.647776	5.14029	5.12715
-0.758708	0.649748	5.14029	5.12682
-0.756408	0.650076	5.14325	5.12748
-0.751152	0.652047	5.14555	5.12682
-0.756737	0.648762	5.14522	5.12682
-0.761336	0.63792	5.14423	5.12813
-0.764293	0.638249	5.1439	5.12715
-0.76495	0.638249	5.1439	5.12616
-0.760351	0.639234	5.14292	5.12583
-0.753123	0.632664	5.1416	5.12715
-0.755423	0.62905	5.14095	5.1278
-0.753451	0.62905	5.14193	5.12682
-0.758051	0.627078	5.14259	5.12583
-0.762979	0.629707	5.14325	5.1255
-0.764293	0.634306	5.14325	5.12649
-0.766593	0.631678	5.14292	5.12583
-0.761993	0.632335	5.1439	5.12682
-0.765279	0.632335	5.14456	5.12813
-0.764293	0.626421	5.14489	5.12879
-0.760351	0.625436	5.1439	5.12715
-0.758708	0.623136	5.14423	5.1255
-0.756408	0.62445	5.14357	5.12485
-0.752794	0.627078	5.14226	5.12485
-0.748195	0.638577	5.14292	5.12616
-0.754766	0.634635	5.14456	5.12748
-0.745895	0.636935	5.14555	5.12748
-0.744909	0.635292	5.14489	5.12649
-0.747538	0.63562	5.14555	5.12386
-0.747538	0.631678	5.14686	5.12353
-0.745566	0.632664	5.14719	5.12386
-0.744581	0.633649	5.14653	5.1255
-0.748852	0.625107	5.14555	5.12682
-0.746223	0.622479	5.14555	5.12518
-0.744909	0.622807	5.14653	5.12419
-0.740967	0.624121	5.14785	5.12452
-0.751152	0.624779	5.14555	5.12616
-0.750495	0.618536	5.14325	5.12649
-0.756737	0.617879	5.14127	5.12715
-0.765936	0.61985	5.14226	5.12715
-0.767579	0.60868	5.14325	5.12518
-0.773821	0.60408	5.14456	5.12288
-0.774807	0.612623	5.14522	5.12189
-0.778092	0.610651	5.14456	5.12353
-0.779735	0.615908	5.14193	5.12616
-0.78302	0.612294	5.1416	5.12682
-0.789919	0.613937	5.14357	5.12616
-0.796162	0.610323	5.1439	5.12583
-0.798133	0.612294	5.14456	5.12649
-0.807332	0.609337	5.14325	5.12748
-0.81226	0.602438	5.14226	5.12682
-0.81686	0.600795	5.14127	5.12682
-0.823431	0.594553	5.14226	5.12748
-0.819817	0.599152	5.14193	5.12977
-0.819817	0.585682	5.14325	5.1278
-0.81916	0.586011	5.14292	5.12682
-0.826716	0.583382	5.13996	5.12649
-0.824088	0.582397	5.13832	5.12518
-0.82803	0.583382	5.1416	5.12485
-0.825073	0.580425	5.14456	5.12682
-0.821131	0.585354	5.14555	5.12682
-0.817517	0.589625	5.14325	5.12583
-0.821459	0.594553	5.14292	5.12583
-0.825073	0.591596	5.14325	5.12518
-0.823431	0.593896	5.14423	5.12386
-0.831973	0.584039	5.14456	5.12452
-0.830659	0.582397	5.1439	5.12485
-0.834601	0.582397	5.1439	5.12518
-0.838215	0.577469	5.14325	5.12353
-0.839858	0.574183	5.1439	5.12386
-0.843143	0.572869	5.14522	5.12518
-0.839201	0.572212	5.14555	5.12813
-0.840186	0.569912	5.14489	5.12748
-0.83493	0.576812	5.14489	5.12813
-0.837558	0.571226	5.14555	5.12485
-0.837886	0.568598	5.14555	5.12255
-0.835258	0.575497	5.14456	5.12288
-0.834601	0.574183	5.14357	5.12452
-0.830001	0.571555	5.14325	5.12485
-0.822116	0.576812	5.14357	5.12583
-0.813903	0.577797	5.1439	5.1255
-0.813574	0.583382	5.1439	5.12386
-0.809632	0.586339	5.1439	5.12485
-0.807661	0.586339	5.14456	5.12616
-0.812917	0.582725	5.14522	5.1278
-0.81226	0.579768	5.14522	5.1301
-0.810946	0.584696	5.14522	5.12813
-0.805361	0.580754	5.14325	5.1255
-0.809303	0.581411	5.14259	5.1255
-0.812589	0.581411	5.14357	5.12518
-0.817188	0.576483	5.14489	5.12485
-0.813903	0.580754	5.14423	5.12353
-0.815217	0.584368	5.1439	5.12353
-0.811932	0.582725	5.14226	5.12649
-0.816203	0.584039	5.14292	5.12945
-0.823759	0.583711	5.14653	5.12912
-0.826387	0.580425	5.14719	5.1255
-0.821131	0.583054	5.1439	5.12419
-0.823431	0.577469	5.14127	5.12452
-0.819488	0.582725	5.14193	5.12616
-0.820474	0.579768	5.1439	5.12715
-0.812917	0.587325	5.14489	5.12485
-0.815546	0.584039	5.14489	5.12452
-0.815217	0.584039	5.1439	5.12452
-0.807989	0.593896	5.14325	5.12419
-0.805032	0.602766	5.14193	5.12485
-0.808646	0.599481	5.14292	5.12485
-0.80339	0.596195	5.14489	5.12419
-0.806018	0.59291	5.14587	5.12419
-0.800104	0.598167	5.1485	5.12419
-0.797476	0.598495	5.14785	5.12485
-0.795505	0.602438	5.14423	5.12682
-0.793533	0.604409	5.14226	5.12715
-0.789919	0.600138	5.14193	5.12419
-0.786963	0.606052	5.1439	5.12353
-0.784334	0.608023	5.1462	5.12419
-0.781706	0.611308	5.14752	5.12452
-0.780063	0.618865	5.14587	5.1232
-0.779735	0.616565	5.14522	5.12386
-0.779735	0.612623	5.14423	5.12518
-0.784334	0.610651	5.1462	5.12715
-0.785648	0.607694	5.14555	5.12846
-0.790577	0.608023	5.14456	5.12846
-0.791891	0.612294	5.14292	5.12879
-0.794519	0.609994	5.14259	5.12879
-0.795833	0.608023	5.14259	5.1301
-0.799447	0.600466	5.14127	5.12945
-0.800761	0.597181	5.14127	5.1278
-0.800761	0.597181	5.14292	5.12649
-0.796162	0.597838	5.14555	5.12616
-0.794848	0.594224	5.14785	5.12715
-0.797476	0.594881	5.14653	5.1278
-0.79649	0.593567	5.14522	5.12846
-0.78762	0.598824	5.14489	5.12715
-0.785977	0.595867	5.14522	5.1255
-0.787291	0.589625	5.1439	5.12485
-0.786634	0.59291	5.14423	5.12485
-0.787948	0.593567	5.14325	5.12419
-0.789919	0.594881	5.14259	5.1255
-0.784334	0.603423	5.14325	5.1255
-0.788605	0.602766	5.14423	5.12616
-0.785977	0.609337	5.1462	5.12682
-0.783677	0.599809	5.14719	5.12649
-0.783349	0.595538	5.1462	5.12485
-0.791562	0.593239	5.1439	5.12222
-0.789919	0.586996	5.1416	5.12222
-0.785648	0.586668	5.14095	5.12419
-0.786634	0.582397	5.14193	5.12748
-0.792876	0.582068	5.14193	5.12649
-0.796162	0.57254	5.14259	5.12485
-0.797147	0.567612	5.1439	5.12518
-0.797804	0.563013	5.14587	5.12386
-0.794848	0.563341	5.14555	5.12353
-0.798133	0.556442	5.14456	5.1255
-0.795176	0.559399	5.14423	5.12583
-0.799447	0.558413	5.14555	5.12419
-0.805361	0.555456	5.14555	5.12255
-0.80996	0.553485	5.14522	5.12255
-0.806675	0.552828	5.1439	5.1255
-0.802733	0.551514	5.14357	5.12649
-0.798133	0.553814	5.14292	5.12616
-0.80339	0.553157	5.14325	5.12748
-0.813246	0.549543	5.14357	5.12715
-0.815546	0.551842	5.1439	5.1255
-0.817188	0.55677	5.14357	5.12649
-0.818831	0.555128	5.1416	5.12748
-0.820474	0.556113	5.13865	5.12682
-0.820474	0.561042	5.1393	5.12846
-0.817188	0.558742	5.1416	5.12616
-0.81686	0.555785	5.14555	5.12386
-0.813903	0.549543	5.14817	5.12386
-0.821459	0.549543	5.14785	5.12452
-0.829344	0.546586	5.14752	5.12452
-0.833287	0.542972	5.14456	5.12518
-0.842486	0.532787	5.14226	5.1255
-0.847086	0.527202	5.14357	5.12583
-0.849385	0.519317	5.14653	5.12616
-0.8484	0.520302	5.14752	5.12649
-0.857599	0.513403	5.14752	5.12715
-0.856613	0.51406	5.1462	5.12748
-0.855299	0.513403	5.14555	5.1255
-0.863513	0.509789	5.1439	5.12419
-0.86417	0.510775	5.1439	5.1255
-0.862198	0.515374	5.14456	5.12452
-0.865155	0.515703	5.14555	5.12616
-0.863841	0.521945	5.14587	5.12583
-0.857599	0.524902	5.14555	5.12419
-0.858256	0.526545	5.14489	5.12353
-0.862856	0.523259	5.1439	5.12419
-0.863513	0.519974	5.14292	5.12386
-0.867127	0.522602	5.14325	5.12255
-0.867127	0.516688	5.14357	5.12189
-0.867455	0.514717	5.14456	5.12419
-0.868441	0.518003	5.1462	5.12616
-0.863841	0.521288	5.14555	5.12616
-0.862198	0.519974	5.14357	5.1255
-0.869426	0.513403	5.14193	5.12419
-0.870412	0.512746	5.14357	5.12452
-0.871069	0.512417	5.14522	5.12518
-0.871398	0.513403	5.14489	5.12748
-0.871069	0.517674	5.14423	5.12715
-0.873697	0.510118	5.14292	5.12583
-0.869755	0.508475	5.14357	5.12485
-0.869426	0.512417	5.14456	5.12419
-0.866798	0.512417	5.14423	5.12419
-0.863841	0.513403	5.1439	5.1255
-0.857927	0.519974	5.14456	5.1255
-0.857599	0.519317	5.14292	5.12419
-0.852342	0.51866	5.14226	5.12518
-0.848728	0.526545	5.14259	5.12715
-0.845114	0.531144	5.14325	5.12813
-0.842486	0.531801	5.14325	5.12813
-0.8438	0.540343	5.14127	5.12682
-0.83493	0.546586	5.14127	5.12649
-0.836572	0.542643	5.14259	5.12813
-0.833615	0.5456	5.14292	5.12813
-0.82573	0.554142	5.14292	5.1255
-0.82573	0.551842	5.14292	5.1232
-0.823431	0.551514	5.14357	5.12189
-0.825073	0.554142	5.14456	5.1232
-0.81916	0.553157	5.14423	5.12583
-0.816531	0.557099	5.14357	5.12748
-0.818831	0.558413	5.14325	5.12715
-0.821459	0.56137	5.1462	5.12583
-0.819817	0.568598	5.14785	5.12518
-0.818174	0.563013	5.14719	5.12649
-0.824416	0.563013	5.1439	5.12879
-0.823102	0.56597	5.14127	5.12813
-0.82573	0.567284	5.14095	5.12715
-0.827702	0.566955	5.14259	5.12616
-0.829016	0.565313	5.14423	5.12583
-0.830001	0.567612	5.1439	5.12518
-0.830659	0.573198	5.14325	5.12518
-0.822116	0.578454	5.14325	5.1255
-0.821131	0.586011	5.1439	5.12485
-0.820145	0.586996	5.14456	5.1255
-0.821459	0.584696	5.14456	5.12748
-0.819817	0.591596	5.14325	5.12945
-0.818831	0.59521	5.14292	5.1278
-0.816531	0.595867	5.14423	5.12419
-0.823102	0.589953	5.14522	5.12419
-0.81456	0.583382	5.14555	5.12583
-0.811603	0.582397	5.14325	5.12682
-0.811932	0.582068	5.1439	5.12715
-0.807989	0.586339	5.14456	5.12813
-0.810618	0.583382	5.14489	5.1255
-0.805689	0.584039	5.14555	5.12386
-0.804375	0.583054	5.14423	5.12189
-0.804704	0.581083	5.14325	5.12255
-0.798461	0.585682	5.14259	5.12583
-0.79419	0.590282	5.14423	5.12879
-0.796819	0.591267	5.14686	5.12846
-0.796162	0.594553	5.14653	5.12715
-0.792219	0.601124	5.1462	5.12715
-0.793205	0.603423	5.14489	5.12682
-0.792548	0.60638	5.14357	5.12813
-0.796819	0.60638	5.14259	5.1278
-0.794519	0.609337	5.14292	5.12649
-0.789919	0.607037	5.1439	5.1255
-0.788605	0.600466	5.14456	5.12518
-0.788277	0.607366	5.1462	5.1255
-0.788277	0.604738	5.14817	5.12682
-0.789591	0.605395	5.1485	5.12813
-0.789919	0.606052	5.14522	5.12813
-0.785977	0.602766	5.14259	5.12748
-0.78532	0.593567	5.14127	5.12649
-0.787948	0.589953	5.14357	5.12616
-0.793205	0.580097	5.14456	5.12485
-0.793205	0.580097	5.14292	5.12353
-0.802075	0.578783	5.14029	5.12419
-0.802075	0.578126	5.14062	5.1255
-0.802733	0.569912	5.14357	5.1255
-0.803718	0.57484	5.1462	5.1255
-0.805032	0.571883	5.14653	5.12518
-0.811603	0.566627	5.14555	5.12386
-0.810289	0.573198	5.14193	5.12452
-0.819488	0.568269	5.14029	5.1255
-0.820802	0.566955	5.14127	5.12583
-0.817188	0.568269	5.1439	5.12616
-0.81456	0.568269	5.14587	5.12715
-0.813246	0.566627	5.14587	5.12715
-0.815874	0.563998	5.1439	5.12748
-0.818502	0.561699	5.14292	5.12715
-0.818831	0.558085	5.14226	5.12715
-0.818174	0.558085	5.14062	5.12715
-0.817845	0.566955	5.14193	5.12583
-0.812589	0.569584	5.14423	5.12485
-0.813574	0.574183	5.14555	5.12616
-0.815217	0.571226	5.1439	5.12649
-0.815874	0.574183	5.14193	5.12616
-0.820474	0.567941	5.1416	5.12518
-0.817845	0.572212	5.14259	5.12452
-0.81456	0.572869	5.14587	5.12288
-0.813246	0.575497	5.14653	5.12419
-0.81456	0.57944	5.14423	5.12419
-0.812917	0.583711	5.14226	5.1255
-0.812589	0.582725	5.14193	5.12616
-0.808646	0.588639	5.14456	5.12583
-0.804704	0.58831	5.1462	5.12485
-0.813246	0.584696	5.14522	5.1232
-0.819488	0.588968	5.14423	5.12386
-0.81916	0.58831	5.14423	5.1232
-0.821459	0.587653	5.14292	5.12485
-0.821131	0.586339	5.14325	5.12583
-0.823431	0.597181	5.14522	5.12682
-0.820802	0.598824	5.1462	5.12813
-0.815217	0.600466	5.14555	5.12846
-0.813246	0.592253	5.1462	5.12715
-0.808646	0.591924	5.14587	5.1255
-0.808318	0.591924	5.14587	5.12452
-0.802404	0.599481	5.14489	5.12485
-0.805361	0.593567	5.14522	5.1255
-0.808975	0.594881	5.14423	5.1255
-0.808975	0.594881	5.14456	5.12518
-0.816203	0.590939	5.14522	5.12485
-0.814231	0.585682	5.14587	5.12452
-0.815874	0.591267	5.14489	5.1255
-0.817188	0.595538	5.14226	5.1255
-0.822774	0.594224	5.14029	5.12518
-0.826059	0.593239	5.14127	5.12748
-0.822774	0.590282	5.14226	5.12748
-0.818831	0.590282	5.1416	5.12452
-0.815874	0.58831	5.13996	5.12386
-0.818174	0.586011	5.14095	5.1255
-0.819488	0.582068	5.14193	5.12649
-0.818831	0.588639	5.14489	5.12583
-0.814231	0.591924	5.14653	5.12485
-0.814231	0.600795	5.14555	5.1232
-0.812917	0.603752	5.14325	5.12156
-0.807661	0.608351	5.14127	5.12222
-0.809632	0.602109	5.14226	5.12518
-0.807332	0.603423	5.14226	5.12682
-0.808975	0.601124	5.14259	5.12616
-0.807004	0.601452	5.14292	5.12485
-0.802733	0.600795	5.14489	5.12452
-0.806018	0.598495	5.1462	5.12518
-0.81226	0.600795	5.14456	5.12583
-0.808975	0.606709	5.14095	5.12649
-0.809632	0.608351	5.14127	5.12616
-0.810618	0.611308	5.14456	5.12419
-0.809303	0.61328	5.14587	5.12288
-0.813574	0.611965	5.1462	5.1232
-0.806346	0.614594	5.14522	5.12452
-0.800104	0.605395	5.14357	5.12485
-0.799119	0.610651	5.14292	5.12583
-0.801418	0.604409	5.14522	5.12748
-0.80109	0.605723	5.14456	5.12945
-0.797147	0.607366	5.14193	5.12846
-0.802075	0.602109	5.14029	5.1278
-0.800104	0.596853	5.14095	5.12715
-0.799119	0.594224	5.1416	5.12682
-0.79649	0.597838	5.1439	5.12846
-0.800433	0.598824	5.1439	5.12945
-0.80109	0.597838	5.1439	5.12813
-0.799119	0.594553	5.14357	5.12715
-0.792876	0.595538	5.14357	5.12616
-0.793205	0.598824	5.1416	5.12649
-0.792876	0.598167	5.14095	5.12616
-0.784334	0.59751	5.14062	5.12485
-0.784991	0.590939	5.1416	5.12386
-0.781706	0.583711	5.14226	5.1232
-0.774807	0.587653	5.14226	5.12419
-0.77185	0.580754	5.14226	5.1232
-0.777763	0.572869	5.1416	5.12452
-0.782363	0.570898	5.13996	5.1278
-0.789262	0.567941	5.13963	5.12879
-0.792219	0.562027	5.14029	5.12879
-0.791562	0.562684	5.14292	5.12682
-0.78762	0.566955	5.1439	5.12452
-0.789262	0.566627	5.14325	5.12386
-0.784334	0.566955	5.14357	5.12288
-0.785648	0.563998	5.14357	5.12485
-0.78762	0.567612	5.14456	5.12616
-0.785648	0.571226	5.14522	5.12485
-0.784991	0.580425	5.14456	5.12255
-0.781377	0.58174	5.14259	5.1232
-0.78302	0.582068	5.14193	5.12518
-0.78072	0.576812	5.14095	5.12748
-0.781377	0.574512	5.14062	5.12879
-0.778749	0.576812	5.14193	5.12682
-0.778749	0.583054	5.14325	5.12682
-0.777106	0.589953	5.14357	5.1255
-0.77185	0.599809	5.14292	5.12419
-0.768893	0.606052	5.14226	5.12518
-0.763965	0.610323	5.14259	5.1255
-0.759694	0.617879	5.14226	5.12485
-0.755751	0.618208	5.14193	5.12485
-0.757065	0.621822	5.14095	5.12649
-0.757722	0.625764	5.14292	5.12419
-0.760351	0.632664	5.1439	5.12189
-0.763308	0.638249	5.14292	5.12255
-0.761008	0.640877	5.14292	5.12485
-0.755751	0.640877	5.14357	5.1278
-0.75378	0.645477	5.14489	5.12846
-0.761336	0.650076	5.14587	5.12616
-0.760351	0.650405	5.14456	5.12452
-0.762979	0.652705	5.1439	5.12452
-0.751809	0.660918	5.14325	5.12518
-0.758708	0.650076	5.14292	5.12518
-0.75838	0.650405	5.1416	5.1255
-0.760679	0.645148	5.14127	5.12616
-0.760022	0.650076	5.14226	5.12649
-0.758708	0.651062	5.14226	5.12682
-0.752137	0.647448	5.14259	5.12813
-0.74918	0.648762	5.14226	5.12977
-0.744252	0.646134	5.14127	5.12912
-0.738667	0.646134	5.14062	5.12715
-0.737353	0.642191	5.14029	5.12583
-0.741624	0.647119	5.14357	5.12715
-0.738996	0.643505	5.1462	5.12748
-0.741295	0.646791	5.14522	5.12879
-0.74031	0.644491	5.14357	5.12945
-0.739324	0.645477	5.14325	5.12846
-0.741952	0.638906	5.14357	5.1278
-0.748852	0.638249	5.14489	5.12715
-0.747209	0.637263	5.14423	5.12649
-0.752466	0.625436	5.14357	5.12715
-0.750495	0.630364	5.14325	5.12682
-0.750495	0.627407	5.14489	5.12616
-0.753451	0.631678	5.1439	5.1255
-0.746552	0.62905	5.14325	5.12419
-0.751152	0.626421	5.14325	5.1232
-0.747209	0.623464	5.14292	5.12452
-0.75148	0.62445	5.1439	5.1255
-0.755423	0.620179	5.14555	5.12616
-0.759365	0.621493	5.1439	5.12616
-0.764622	0.620179	5.14193	5.12616
-0.767907	0.615251	5.14325	5.1255
-0.777435	0.612623	5.14555	5.12616
-0.776778	0.618208	5.14587	5.12518
-0.776121	0.616236	5.14522	5.12452
-0.779078	0.61098	5.14456	5.12485
-0.779078	0.609666	5.14292	5.1255
-0.781049	0.609666	5.14259	5.12583
-0.779078	0.609009	5.1439	5.12682
-0.783677	0.601781	5.14292	5.12616
-0.792876	0.607037	5.14259	5.12616
-0.797476	0.607366	5.14259	5.12452
-0.800104	0.60638	5.14226	5.1255
-0.806346	0.600795	5.14292	5.12583
-0.809303	0.602109	5.14357	5.12518
-0.809303	0.604738	5.14423	5.12518
-0.807661	0.607366	5.14259	5.12518
-0.805361	0.602109	5.14226	5.12386
-0.801747	0.605395	5.14292	5.12353
-0.802404	0.603752	5.14127	5.12386
-0.807989	0.597181	5.13996	5.12452
-0.809303	0.600795	5.1416	5.12649
-0.813903	0.594224	5.14226	5.1278
-0.819488	0.588968	5.14325	5.1278
-0.81916	0.583054	5.14325	5.12715
-0.820474	0.580425	5.14325	5.1255
-0.819817	0.584039	5.14226	5.12419
-0.824745	0.575497	5.14226	5.12222
-0.822445	0.578783	5.14226	5.12386
-0.823102	0.57254	5.14325	5.12649
-0.822774	0.576154	5.14357	5.12748
-0.822445	0.567284	5.14292	5.12846
-0.823431	0.56137	5.14325	5.12879
-0.824088	0.564327	5.14193	5.12813
-0.816203	0.56597	5.1416	5.12748
-0.818831	0.557099	5.14226	5.12682
-0.810289	0.552499	5.14357	5.12518
-0.810289	0.5479	5.14555	5.12518
-0.810946	0.547243	5.1462	5.12583
-0.811275	0.548228	5.14719	5.12682
-0.811603	0.546257	5.14653	5.12879
-0.817188	0.542972	5.14456	5.12879
-0.819488	0.546586	5.1439	5.12715
-0.823759	0.540015	5.14456	5.1278
-0.820802	0.543957	5.1439	5.12813
-0.820145	0.545272	5.14226	5.12912
-0.821788	0.546586	5.14259	5.12846
-0.824416	0.552171	5.14423	5.12715
-0.826387	0.550857	5.1439	5.12715
-0.828687	0.545272	5.1439	5.12846
-0.836572	0.542972	5.14456	5.12682
-0.833287	0.548885	5.14325	5.12583
-0.836572	0.551185	5.1439	5.12583
-0.836901	0.549871	5.14653	5.12748
-0.833944	0.546586	5.14785	5.12715
-0.835258	0.548228	5.14817	5.12682
-0.836901	0.541986	5.14653	5.12616
-0.838215	0.541329	5.14587	5.12715
-0.832958	0.544943	5.14587	5.12616
-0.825073	0.545272	5.14555	5.12485
-0.82573	0.546586	5.14357	5.12583
-0.826716	0.551185	5.14292	5.12748
-0.826059	0.553814	5.14357	5.12879
-0.818502	0.559399	5.14456	5.1301
-0.813574	0.562684	5.14522	5.12846
-0.817845	0.567284	5.1439	5.12616
-0.821459	0.570241	5.14193	5.12616
-0.818174	0.578454	5.14193	5.12583
-0.813574	0.58174	5.14193	5.12518
-0.809303	0.586668	5.14226	5.12583
-0.810946	0.579111	5.14226	5.12682
-0.805032	0.582725	5.14325	5.12649
-0.803718	0.577469	5.14325	5.12616
-0.803061	0.57714	5.14193	5.12583
-0.802075	0.582068	5.14127	5.1255
-0.799776	0.585354	5.14325	5.12715
-0.800104	0.587982	5.14587	5.12748
-0.796162	0.590939	5.14522	5.12682
-0.794519	0.585025	5.14259	5.1278
-0.787948	0.588639	5.14292	5.1278
-0.789591	0.59291	5.14292	5.12682
-0.784663	0.592581	5.14292	5.12616
-0.780063	0.587653	5.14292	5.12583
-0.779735	0.586339	5.14587	5.12682
-0.781377	0.587982	5.14916	5.12748
-0.782034	0.586011	5.14883	5.12715
-0.781377	0.579768	5.14653	5.12616
-0.78302	0.57484	5.14653	5.12748
-0.793862	0.563998	5.14653	5.12748
-0.796162	0.571226	5.14522	5.1278
-0.800761	0.573198	5.14555	5.12682
-0.797147	0.580754	5.14456	5.12518
-0.793205	0.586668	5.14456	5.12419
-0.793862	0.586996	5.1439	5.12419
-0.792219	0.585682	5.14226	5.12386
-0.793205	0.589296	5.14325	5.12583
-0.788605	0.591267	5.14555	5.12748
-0.790577	0.590282	5.14719	5.12879
-0.782692	0.591924	5.14587	5.12846
-0.778749	0.590939	5.14423	5.12813
-0.778092	0.593567	5.14226	5.1278
-0.778749	0.58831	5.13963	5.12912
-0.775135	0.589296	5.14029	5.13043
-0.781706	0.585354	5.14226	5.12748
-0.782692	0.585025	5.14292	5.12353
-0.786963	0.582725	5.14522	5.12189
-0.79419	0.583382	5.14587	5.12288
-0.789591	0.582725	5.14357	5.12485
-0.793862	0.585682	5.14259	5.12649
-0.787291	0.589625	5.14325	5.1255
-0.787291	0.585025	5.14423	5.12353
-0.787948	0.578126	5.14325	5.12058
-0.781377	0.582397	5.14226	5.12156
-0.782034	0.589296	5.14193	5.12452
-0.779406	0.588968	5.14127	5.1255
-0.77185	0.594553	5.14226	5.12452
-0.76495	0.597838	5.14226	5.12386
-0.766593	0.598824	5.14259	5.12386
-0.762651	0.596195	5.14357	5.12419
-0.760679	0.591596	5.1439	5.12518
-0.75838	0.593896	5.14456	5.12452
-0.749837	0.594881	5.14226	5.12518
-0.749509	0.590282	5.14226	5.1255
-0.745895	0.602438	5.14292	5.12583
-0.743924	0.608351	5.14226	5.12649
-0.738339	0.613608	5.14193	5.12649
-0.736039	0.617551	5.14062	5.12616
-0.732425	0.621165	5.14029	5.12748
-0.727497	0.627078	5.14029	5.12879
-0.728154	0.628064	5.14127	5.12813
-0.72684	0.632006	5.14095	5.1278
-0.732425	0.630035	5.14259	5.1278
-0.72684	0.632992	5.14555	5.1255
-0.728482	0.639891	5.14423	5.12353
-0.725525	0.635949	5.1416	5.1232
-0.726182	0.635949	5.14062	5.1232
-0.72684	0.636935	5.14127	5.12583
-0.724211	0.639891	5.14226	5.12616
-0.732425	0.637592	5.14226	5.12649
-0.732425	0.636277	5.14127	5.12649
-0.732425	0.633649	5.14127	5.12616
-0.739981	0.632992	5.14193	5.12649
-0.739324	0.629707	5.14357	5.12813
-0.736696	0.631349	5.14522	5.12846
-0.73571	0.630035	5.14555	5.12715
-0.738339	0.626093	5.14489	5.1278
-0.738996	0.624779	5.14587	5.12682
-0.74031	0.62215	5.14555	5.12419
-0.73801	0.62215	5.14423	5.12518
-0.739981	0.626421	5.1439	5.12682
-0.745895	0.623793	5.14423	5.12682
-0.747538	0.620179	5.14456	5.12485
-0.750823	0.621493	5.14357	5.12255
-0.748195	0.621493	5.14325	5.1209
-0.750166	0.623793	5.1416	5.12386
-0.756737	0.622807	5.14095	5.12682
-0.760022	0.617879	5.14127	5.12748
-0.757394	0.618865	5.1439	5.12846
-0.763308	0.617222	5.14587	5.12715
-0.762651	0.621493	5.14423	5.12485
-0.761336	0.609666	5.14226	5.12452
-0.76725	0.60408	5.14226	5.12419
-0.770536	0.602109	5.14259	5.12452
-0.768893	0.605395	5.14357	5.12452
-0.768564	0.604738	5.14357	5.12518
-0.771193	0.605395	5.14423	5.12452
-0.768236	0.606052	5.14653	5.12419
-0.77185	0.601452	5.14653	5.12419
-0.772178	0.598167	5.14653	5.12419
-0.771193	0.59521	5.14489	5.1255
-0.765607	0.595867	5.14423	5.12485
-0.759365	0.596195	5.14325	5.12419
-0.765936	0.592581	5.14292	5.12583
-0.762979	0.594224	5.14292	5.12616
-0.766593	0.59061	5.14292	5.1255
-0.767579	0.587982	5.14259	5.12485
-0.756737	0.593239	5.1439	5.12452
-0.755751	0.594224	5.14522	5.12353
-0.748195	0.591924	5.1462	5.12353
-0.744252	0.587325	5.14719	5.12288
-0.745238	0.592253	5.14653	5.12156
-0.753123	0.591596	5.14357	5.12452
-0.761665	0.588639	5.14423	5.12518
-0.764622	0.586668	5.14686	5.12583
-0.757722	0.588968	5.14653	5.12583
-0.758708	0.587653	5.14456	5.12485
-0.766264	0.579111	5.14456	5.1255
-0.769221	0.581083	5.14357	5.1255
-0.782692	0.571226	5.14226	5.12616
-0.782034	0.563013	5.14259	5.12748
-0.778749	0.561699	5.1416	5.12682
-0.786963	0.560056	5.14062	5.12583
-0.784334	0.565313	5.14127	5.12452
-0.790905	0.558742	5.14357	5.12386
-0.793205	0.550857	5.14653	5.12419
-0.805032	0.546257	5.1462	5.12616
-0.815874	0.542643	5.14357	5.12682
-0.819488	0.545929	5.14357	5.1255
-0.827045	0.536729	5.14522	5.12419
-0.834601	0.536072	5.14489	5.12386
-0.827702	0.543629	5.14489	5.12255
-0.83493	0.546586	5.14423	5.12353
-0.831316	0.546914	5.14292	5.12616
-0.838543	0.542972	5.14193	5.12715
-0.847086	0.539029	5.14226	5.12682
-0.846428	0.543957	5.14193	5.12452
-0.851028	0.540343	5.14062	5.1232
-0.855628	0.536729	5.14095	5.12255
-0.859242	0.539686	5.14095	5.12419
-0.856613	0.5433	5.14259	5.12616
-0.859242	0.539686	5.14423	5.12715
-0.856942	0.546914	5.14357	5.12682
-0.858584	0.541329	5.14292	5.12846
-0.862198	0.539029	5.14292	5.12583
-0.859899	0.539358	5.14193	5.12452
-0.860227	0.536072	5.13996	5.12616
-0.856613	0.541	5.13996	5.12846
-0.844457	0.548228	5.14193	5.12813
-0.844786	0.549214	5.14357	5.12813
-0.842815	0.542643	5.14555	5.12748
-0.844129	0.542972	5.14555	5.12616
-0.842157	0.545272	5.14489	5.12485
-0.842157	0.546257	5.1439	5.12452
-0.847414	0.544614	5.14226	5.1255
-0.841172	0.551185	5.14127	5.12616
-0.837558	0.554471	5.14226	5.12518
-0.833287	0.556113	5.14423	5.12288
-0.837558	0.556113	5.14653	5.12386
-0.830659	0.560384	5.14719	5.12386
-0.830659	0.56597	5.14653	5.12222
-0.827373	0.56367	5.14423	5.12255
-0.826387	0.567284	5.14357	5.1232
-0.820474	0.567284	5.14292	5.12452
-0.821788	0.567284	5.14357	5.12616
-0.818831	0.570898	5.14522	5.12682
-0.816531	0.571226	5.14456	5.12583
-0.81686	0.569584	5.14292	5.12715
-0.815546	0.568927	5.14127	5.12879
-0.810618	0.570898	5.14259	5.12813
-0.805032	0.580425	5.1439	5.1278
-0.79649	0.584368	5.14587	5.12616
-0.790248	0.582068	5.14817	5.12288
-0.785977	0.590282	5.1485	5.12189
-0.796162	0.586339	5.14522	5.12288
-0.799447	0.59061	5.14193	5.12386
-0.804375	0.59521	5.14292	5.12649
-0.79879	0.604738	5.14325	5.12649
-0.791562	0.609009	5.14357	5.12616
-0.788277	0.609994	5.14456	5.1255
-0.793533	0.612951	5.1439	5.12485
-0.792548	0.616236	5.14226	5.12748
-0.795833	0.615908	5.14029	5.12945
-0.792876	0.61985	5.13996	5.12912
-0.78302	0.627735	5.1416	5.12846
-0.777435	0.634635	5.14456	5.12846
-0.770864	0.631678	5.14522	5.12616
-0.774149	0.627078	5.14423	5.12649
-0.777106	0.624121	5.14193	5.12813
-0.775464	0.624779	5.14062	5.12649
-0.776449	0.62445	5.14062	5.12583
-0.777763	0.630364	5.14127	5.12452
-0.78302	0.624121	5.14325	5.12386
-0.788277	0.617879	5.14357	5.12518
-0.789262	0.611308	5.14193	5.12649
-0.788934	0.613937	5.13963	5.12518
-0.79419	0.607037	5.13996	5.12518
-0.798461	0.607366	5.14259	5.12616
-0.793533	0.611965	5.14423	5.12715
-0.788277	0.618208	5.14456	5.12682
-0.78762	0.620508	5.14325	5.12715
-0.784663	0.622479	5.14259	5.12682
-0.781377	0.621165	5.14226	5.12748
-0.775135	0.622479	5.14127	5.12649
-0.779078	0.622479	5.14226	5.1255
-0.775792	0.627407	5.1439	5.12485
-0.776121	0.61985	5.1439	5.12386
-0.76955	0.613608	5.1439	5.12419
-0.763965	0.617222	5.14325	5.12485
-0.759694	0.620836	5.14226	5.12715
-0.761993	0.613937	5.1416	5.12879
-0.760022	0.612294	5.14193	5.12977
-0.755751	0.616236	5.14259	5.1278
-0.751809	0.61985	5.1416	5.12452
-0.74031	0.627078	5.14062	5.12386
-0.739981	0.61985	5.13996	5.12485
-0.742281	0.623136	5.14127	5.12682
-0.736039	0.620836	5.14522	5.1278
-0.732096	0.618865	5.14686	5.1255
-0.729468	0.614265	5.14719	5.12419
-0.73801	0.611965	5.14522	5.1232
-0.732425	0.611637	5.14292	5.12583
-0.737681	0.618865	5.14292	5.12945
-0.740638	0.615251	5.14325	5.12945
-0.741952	0.610651	5.14193	5.1278
-0.74031	0.610651	5.14259	5.12682
-0.739981	0.608351	5.1439	5.1255
-0.742281	0.608023	5.14357	5.12386
-0.73341	0.611965	5.14193	5.12485
-0.739981	0.611965	5.13865	5.12616
-0.743924	0.611308	5.13799	5.12583
-0.742281	0.607694	5.14095	5.12386
-0.74261	0.607366	5.14522	5.12386
-0.743595	0.601452	5.14587	5.12386
-0.747538	0.59751	5.14555	5.12353
-0.748523	0.602109	5.14522	5.12452
-0.757065	0.598167	5.14259	5.12583
-0.757394	0.598167	5.14259	5.12813
-0.766593	0.596524	5.14325	5.12813
-0.769221	0.600466	5.14259	5.12715
-0.779078	0.594881	5.14456	5.12649
-0.786305	0.595867	5.14719	5.12616
-0.789919	0.586339	5.14686	5.12682
-0.793205	0.589953	5.14587	5.12977
-0.807989	0.586339	5.14292	5.1301
-0.810618	0.585025	5.14226	5.12715
-0.815217	0.59291	5.14226	5.12682
-0.815874	0.59521	5.1416	5.12649
-0.820474	0.590939	5.14127	5.12583
-0.83033	0.589953	5.14029	5.12616
-0.83493	0.585025	5.14259	5.12649
-0.839201	0.580754	5.14522	5.12616
-0.8415	0.578454	5.14785	5.12715
-0.840186	0.579768	5.1485	5.12649
-0.841172	0.571883	5.14587	5.12419
-0.841172	0.576154	5.14357	5.12353
-0.842815	0.573526	5.14292	5.12386
-0.839529	0.566955	5.14292	5.12518
-0.842815	0.571883	5.14259	5.12616
-0.841172	0.567284	5.14423	5.12452
-0.840515	0.568269	5.14555	5.12485
-0.838543	0.567284	5.14587	5.1255
-0.838872	0.564327	5.14555	5.12649
-0.840515	0.560384	5.14489	5.12715
-0.835915	0.563341	5.14292	5.12846
-0.830001	0.570569	5.14193	5.12715
-0.827373	0.575169	5.14226	5.12715
-0.828687	0.572212	5.1416	5.1255
-0.827702	0.571555	5.14193	5.12386
-0.818831	0.574183	5.14062	5.12353
-0.81686	0.573526	5.1416	5.12682
-0.811603	0.579111	5.14193	5.12846
-0.806675	0.581411	5.14226	5.12879
-0.804704	0.589625	5.14292	5.12748
-0.806346	0.587325	5.14423	5.12715
-0.800761	0.582397	5.14456	5.12616
-0.799447	0.584368	5.14587	5.12419
-0.804047	0.584368	5.14456	5.12419
-0.80109	0.584039	5.14456	5.12583
-0.796162	0.583054	5.14456	5.12715
-0.786963	0.583382	5.14752	5.12518
-0.78302	0.581083	5.14883	5.12386
-0.770536	0.588639	5.14653	5.12386
-0.774478	0.580754	5.14522	5.12452
-0.770864	0.576812	5.1462	5.12518
-0.767907	0.576154	5.14522	5.1255
-0.765279	0.573526	5.14325	5.1255
-0.75608	0.582397	5.14325	5.12649
-0.753451	0.586011	5.14423	5.12649
-0.755423	0.581411	5.14456	5.12518
-0.749509	0.578783	5.14423	5.12649
-0.748523	0.578126	5.14357	5.12715
-0.75378	0.581083	5.14325	5.12715
-0.752466	0.582068	5.1439	5.12649
-0.750495	0.586339	5.14423	5.12485
-0.753451	0.585025	5.14489	5.12518
-0.755423	0.585354	5.14489	5.12649
-0.75838	0.582068	5.14259	5.12682
-0.756737	0.593239	5.14292	5.12583
-0.757065	0.598167	5.14325	5.12452
-0.75378	0.607037	5.14522	5.1232
-0.756408	0.616565	5.14653	5.1232
-0.759365	0.611965	5.14686	5.1255
-0.755751	0.617222	5.1462	5.12682
-0.753123	0.62215	5.14555	5.12583
-0.759365	0.616236	5.14357	5.1255
-0.754437	0.618536	5.14423	5.12485
-0.758708	0.612951	5.14489	5.1255
-0.764622	0.605723	5.14325	5.12518
-0.76495	0.603423	5.14259	5.12386
-0.76725	0.605066	5.14292	5.12452
-0.763308	0.605395	5.14357	5.12715
-0.768564	0.609009	5.14259	5.1301
-0.772178	0.602109	5.1416	5.12912
-0.774478	0.602766	5.14423	5.12616
-0.775792	0.602766	5.14587	5.1255
-0.772835	0.605723	5.14686	5.1255
-0.766593	0.607366	5.14555	5.12353
-0.775464	0.603423	5.14325	5.12255
-0.772835	0.605066	5.14357	5.12583
-0.76955	0.608351	5.14686	5.12879
-0.762979	0.613937	5.14752	5.12945
-0.768236	0.615579	5.14587	5.12813
-0.766593	0.610651	5.14456	5.12682
-0.761993	0.616565	5.14325	5.12649
-0.759694	0.61328	5.14292	5.1278
-0.758708	0.617879	5.14259	5.12846
-0.758051	0.618536	5.14357	5.12748
-0.750166	0.623136	5.14357	5.12682
-0.745238	0.619522	5.14292	5.1278
-0.747866	0.616236	5.14193	5.12748
-0.747538	0.612951	5.1439	5.12583
-0.743267	0.611965	5.14423	5.12386
-0.743267	0.61328	5.14522	5.12222
-0.741295	0.605066	5.14423	5.1232
-0.744252	0.600138	5.14357	5.12518
-0.737681	0.602109	5.14357	5.12616
-0.733082	0.605066	5.1439	5.12649
-0.733739	0.609337	5.14325	5.12813
-0.736367	0.609337	5.14259	5.12912
-0.737024	0.607037	5.14193	5.12912
-0.745566	0.606052	5.14259	5.12846
-0.747538	0.602766	5.14522	5.12715
-0.756408	0.602109	5.14555	5.12649
-0.764293	0.594553	5.1439	5.1255
-0.765936	0.589953	5.14193	5.1232
-0.773164	0.583711	5.1416	5.12255
-0.78072	0.581083	5.14357	5.12386
-0.785977	0.576483	5.14555	5.12518
-0.782363	0.574183	5.14653	5.12386
-0.786634	0.569912	5.14357	5.12386
-0.78762	0.569912	5.14292	5.12485
-0.795505	0.573198	5.1416	5.12616
-0.802404	0.569912	5.14226	5.12682
-0.803718	0.575497	5.1439	5.12649
-0.806675	0.58174	5.14653	5.1255
-0.810946	0.582725	5.14653	5.12353
-0.813903	0.577797	5.14357	5.12419
-0.820145	0.575169	5.14193	5.12616
-0.821459	0.568598	5.14193	5.12715
-0.82803	0.565313	5.1439	5.12583
-0.825402	0.567941	5.14489	5.12583
-0.829673	0.565641	5.1439	5.12485
-0.830987	0.568927	5.14423	5.12518
-0.835587	0.563998	5.14522	5.12452
-0.837886	0.557428	5.14423	5.12419
-0.838872	0.555456	5.14259	5.12452
-0.842486	0.557099	5.14062	5.1255
-0.838215	0.556113	5.14029	5.12616
-0.83493	0.555128	5.14226	5.12649
-0.838215	0.553157	5.14325	5.12583
-0.842157	0.552828	5.1439	5.1255
-0.836244	0.554142	5.14292	5.12616
-0.836572	0.55677	5.14357	5.1278
-0.838215	0.558742	5.14259	5.12682
-0.837229	0.555456	5.14325	5.12682
-0.843143	0.554142	5.14522	5.12748
-0.838872	0.551842	5.1462	5.12682
-0.839201	0.551842	5.14522	5.12616
-0.83033	0.558413	5.1439	5.12715
-0.828687	0.565313	5.1439	5.12748
-0.822445	0.567941	5.14292	5.12748
-0.81456	0.567941	5.14325	5.12649
-0.815546	0.563998	5.14489	5.12616
-0.818174	0.561699	5.14653	5.1255
-0.816203	0.562356	5.14522	5.12682
-0.813246	0.560056	5.14095	5.12912
-0.808646	0.562684	5.1393	5.13043
-0.811275	0.55677	5.14062	5.12846
-0.813574	0.550857	5.1439	5.12583
-0.811932	0.5433	5.14686	5.12419
-0.812917	0.536072	5.14555	5.12353
-0.813903	0.539358	5.14259	5.12452
-0.81916	0.541986	5.14193	5.12616
-0.820145	0.545272	5.14325	5.1278
-0.817188	0.5456	5.1439	5.12846
-0.813574	0.553157	5.14489	5.12748
-0.815217	0.555785	5.14522	5.12452
-0.811932	0.555456	5.14357	5.12452
-0.81226	0.554799	5.1416	5.12419
-0.80109	0.554799	5.1416	5.12452
-0.800104	0.550857	5.14193	5.1255
-0.800433	0.553157	5.14423	5.12583
-0.800761	0.555785	5.14456	5.12386
-0.800433	0.562027	5.14325	5.1232
-0.800104	0.562684	5.14259	5.12386
-0.804047	0.569255	5.14259	5.12386
-0.804704	0.567284	5.1416	5.12485
-0.798133	0.570569	5.14325	5.1255
-0.796819	0.572212	5.14292	5.1232
-0.800433	0.564655	5.14292	5.12255
-0.79649	0.56597	5.14292	5.12288
-0.800761	0.567612	5.14489	5.12485
-0.801418	0.56597	5.14555	5.12715
-0.80996	0.558413	5.14489	5.12813
-0.812589	0.559727	5.14456	5.12583
-0.816531	0.554142	5.14423	5.12353
-0.819817	0.553157	5.14259	5.12189
-0.825402	0.5502	5.14193	5.12288
-0.827373	0.551514	5.1439	5.12485
-0.831973	0.549543	5.14489	5.12649
-0.835587	0.555456	5.14522	5.12715
-0.83263	0.555785	5.14456	5.12813
-0.832301	0.558742	5.14423	5.1278
-0.829673	0.557428	5.14456	5.12682
-0.83033	0.555128	5.14259	5.12616
-0.831316	0.557428	5.14226	5.1255
-0.830987	0.559727	5.14325	5.12682
-0.82573	0.561699	5.14456	5.12682
-0.823431	0.55907	5.14226	5.12518
-0.819817	0.562027	5.14193	5.12419
-0.817188	0.562684	5.14325	5.12353
-0.810946	0.563013	5.14193	5.1255
-0.807332	0.563013	5.14226	5.1255
-0.802404	0.56597	5.14127	5.1255
-0.793205	0.566955	5.14029	5.12518
-0.790905	0.565641	5.13963	5.12518
-0.785977	0.571883	5.1393	5.12518
-0.784334	0.569255	5.14127	5.12616
-0.787291	0.566955	5.1416	5.12682
-0.788277	0.568598	5.1416	5.1255
-0.780392	0.571883	5.1416	5.12583
-0.777435	0.575497	5.13996	5.12748
-0.768893	0.577469	5.14127	5.12945
-0.771193	0.578783	5.14325	5.12912
-0.773492	0.580425	5.14555	5.12748
-0.768564	0.580754	5.14587	5.12748
-0.768236	0.583711	5.14357	5.12682
-0.761665	0.588968	5.14095	5.12583
-0.754108	0.587653	5.14062	5.12452
-0.75148	0.585682	5.14325	5.12353
-0.746223	0.584368	5.14423	5.12419
-0.744581	0.579111	5.14423	5.12616
-0.748852	0.574183	5.14292	5.12616
-0.749837	0.576483	5.14292	5.12682
-0.74918	0.580097	5.14325	5.1278
-0.748852	0.582725	5.14292	5.12748
-0.743267	0.59061	5.14226	5.1278
-0.742938	0.590282	5.14325	5.12682
-0.743267	0.589953	5.14489	5.1278
-0.738996	0.593567	5.14423	5.12748
-0.732096	0.593239	5.14292	5.12583
-0.725854	0.598167	5.14325	5.12485
-0.728154	0.591596	5.14489	5.12649
-0.730782	0.594224	5.14489	5.1255
-0.723226	0.603095	5.14456	5.12518
-0.725854	0.609337	5.14423	5.12682
-0.726511	0.608351	5.14357	5.12945
-0.730782	0.60868	5.14193	5.13076
-0.729468	0.608351	5.14292	5.1301
-0.739653	0.60868	5.14325	5.1278
-0.744581	0.605395	5.14357	5.12616
-0.755094	0.60638	5.14292	5.12616
-0.762322	0.612623	5.13996	5.12616
-0.757722	0.616565	5.13799	5.12748
-0.768564	0.61328	5.13996	5.12879
-0.768564	0.618536	5.14095	5.12715
-0.769221	0.624121	5.14423	5.12452
-0.773164	0.624121	5.14456	5.12386
-0.771521	0.620836	5.14259	5.1255
-0.777435	0.620508	5.14292	5.12912
-0.772835	0.623464	5.1439	5.13043
-0.781049	0.622807	5.14522	5.12945
-0.778421	0.623464	5.14522	5.12813
-0.780392	0.625436	5.14587	5.12583
-0.784334	0.625764	5.1462	5.12353
-0.786305	0.62215	5.1462	5.12353
-0.78302	0.623793	5.14423	5.1255
-0.776121	0.625107	5.14193	5.12846
-0.776449	0.627407	5.13996	5.1301
-0.778092	0.621165	5.14062	5.12945
-0.778749	0.62445	5.14259	5.12518
-0.786305	0.620836	5.14489	5.12255
-0.788605	0.619522	5.14456	5.12255
-0.78762	0.619193	5.14193	5.12419
-0.784006	0.623136	5.1416	5.12682
-0.786634	0.624779	5.14193	5.12715
-0.782363	0.620508	5.14325	5.12682
-0.780063	0.626093	5.14522	5.12518
-0.778749	0.631349	5.14522	5.12353
-0.778749	0.62215	5.14259	5.12288
-0.784991	0.612623	5.14193	5.12452
-0.782363	0.611308	5.14259	5.12682
-0.775792	0.619193	5.1439	5.12682
-0.77185	0.618865	5.14522	5.12748
-0.773821	0.618208	5.14653	5.12748
-0.777106	0.61098	5.14522	5.1255
-0.775464	0.60868	5.14357	5.12452
-0.777763	0.609337	5.1416	5.12616
-0.772507	0.609337	5.14095	5.12682
-0.773164	0.601452	5.14029	5.12649
-0.776121	0.596524	5.14062	5.12452
-0.780063	0.594881	5.14325	5.1232
-0.777435	0.597838	5.14522	5.12189
-0.779078	0.59061	5.14489	5.12288
-0.792219	0.583054	5.14193	5.1255
-0.79649	0.575826	5.14193	5.12715
-0.800761	0.575826	5.14292	5.12616
-0.808646	0.566298	5.14325	5.1255
-0.80996	0.564655	5.14423	5.12452
-0.808318	0.560056	5.14456	5.12288
-0.81226	0.56367	5.1439	5.12288
-0.813903	0.566955	5.14489	5.1255
-0.818174	0.575169	5.14423	5.12682
-0.822774	0.563998	5.14489	5.12518
-0.824416	0.564655	5.14456	5.1232
-0.826716	0.565641	5.14423	5.12583
-0.82803	0.563013	5.14292	5.12879
-0.833615	0.554471	5.14325	5.12977
-0.839529	0.553485	5.14292	5.12879
-0.838215	0.553157	5.1439	5.12748
-0.845114	0.554142	5.14423	5.12682
-0.8484	0.552171	5.14357	5.1255
-0.852671	0.552499	5.14292	5.12419
-0.8484	0.549871	5.14226	5.12452
-0.846757	0.552171	5.1439	5.12452
-0.847414	0.548885	5.14522	5.12518
-0.8484	0.544286	5.14522	5.12616
-0.849385	0.547571	5.1439	5.12485
-0.849385	0.548557	5.14325	5.12485
-0.854642	0.544614	5.14325	5.12583
-0.857927	0.540343	5.1416	5.1255
-0.855299	0.542315	5.14193	5.1255
-0.852014	0.5433	5.14259	5.12715
-0.844129	0.544614	5.14095	5.1278
-0.839529	0.548228	5.1416	5.12748
-0.838215	0.552828	5.14357	5.1255
-0.836572	0.555785	5.1439	5.12419
-0.831644	0.560056	5.1416	5.1255
-0.824745	0.558742	5.14062	5.12518
-0.816531	0.568598	5.14095	5.12649
-0.815546	0.56597	5.14127	5.12649
-0.807661	0.571226	5.14095	5.12583
-0.801418	0.571883	5.14193	5.12518
-0.798133	0.576154	5.14292	5.1255
-0.804047	0.570898	5.14357	5.12583
-0.80109	0.569584	5.14456	5.1255
-0.793205	0.560056	5.14587	5.1255
-0.791234	0.567941	5.14456	5.12452
-0.781706	0.574183	5.14259	5.12353
-0.776449	0.577469	5.14127	5.12386
-0.770864	0.583054	5.14226	5.12452
-0.766922	0.585682	5.14226	5.1255
-0.768893	0.58831	5.1416	5.1255
-0.766593	0.593567	5.14127	5.12518
-0.760679	0.600138	5.14325	5.12583
-0.759037	0.609666	5.14752	5.1255
-0.760679	0.609337	5.14785	5.12649
-0.757722	0.617222	5.14456	5.1278
-0.756737	0.61985	5.14259	5.12813
-0.758051	0.622807	5.14127	5.12748
-0.749509	0.622479	5.14095	5.12715
-0.743267	0.624779	5.14193	5.12682
-0.739653	0.624121	5.1439	5.12518
-0.738996	0.621165	5.14522	5.12518
-0.741952	0.61985	5.14456	5.1255
-0.741295	0.614594	5.1439	5.12583
-0.743267	0.606709	5.14423	5.12649
-0.74261	0.605723	5.14522	5.1255
-0.75148	0.600466	5.14489	5.12616
-0.75608	0.591596	5.14489	5.12879
-0.757065	0.598167	5.14357	5.12912
-0.762979	0.59291	5.1439	5.12748
-0.760679	0.593239	5.14127	5.12715
-0.766922	0.596524	5.14029	5.12649
-0.776449	0.601781	5.14127	5.12649
-0.784991	0.603095	5.14489	5.12879
-0.780063	0.609009	5.14686	5.12879
-0.782363	0.604738	5.14785	5.12682
-0.784991	0.599481	5.14522	5.12386
-0.781706	0.598495	5.14357	5.12485
-0.775464	0.60868	5.14325	5.12748
-0.783677	0.606052	5.14357	5.12977
-0.790905	0.603423	5.14423	5.13076
-0.791562	0.602109	5.14522	5.12912
-0.792876	0.603752	5.14423	5.12715
-0.791562	0.60638	5.14292	5.12485
-0.792219	0.602766	5.1439	5.12518
-0.788934	0.60638	5.14522	5.12715
-0.784663	0.608023	5.14489	5.12748
-0.788277	0.605066	5.14456	5.12748
-0.790248	0.601452	5.14259	5.12813
-0.794848	0.603423	5.14095	5.12813
-0.794519	0.610323	5.14062	5.12846
-0.789262	0.613608	5.14127	5.12945
-0.78532	0.620179	5.14259	5.12846
-0.782034	0.621822	5.14489	5.12715
-0.774478	0.621822	5.14489	5.12649
-0.76955	0.614922	5.14226	5.12518
-0.757065	0.621493	5.14259	5.1255
-0.753451	0.622807	5.14456	5.12616
-0.759037	0.619193	5.14292	5.12616
-0.757394	0.622479	5.14325	5.12616
-0.754766	0.621165	5.14423	5.12583
-0.748852	0.625436	5.14555	5.12518
-0.744909	0.621822	5.1439	5.12583
-0.745238	0.618208	5.14292	5.12649
-0.74031	0.620508	5.14325	5.1255
-0.739324	0.620179	5.14423	5.12715
-0.738339	0.61985	5.14587	5.12649
-0.745895	0.620836	5.14555	5.1255
-0.738667	0.619522	5.14489	5.1255
-0.723883	0.621165	5.14555	5.12649
-0.722569	0.619193	5.14686	5.12682
-0.716326	0.619193	5.14653	5.12649
-0.720269	0.61328	5.1462	5.12748
-0.72684	0.607366	5.1462	5.12715
-0.731768	0.600466	5.14489	5.12682
-0.732425	0.603423	5.14587	5.12583
-0.737681	0.606052	5.14686	5.12649
-0.74261	0.606052	5.14587	5.12616
-0.744909	0.601781	5.14522	5.12452
-0.750823	0.604409	5.14292	5.12452
-0.750495	0.609666	5.1416	5.12616
-0.758708	0.607366	5.14292	5.1255
-0.762979	0.605723	5.14423	5.12353
-0.766264	0.601452	5.14423	5.12419
-0.778421	0.599481	5.14193	5.1255
-0.782363	0.602109	5.1416	5.12682
-0.790248	0.595867	5.14357	5.12748
-0.799447	0.593896	5.14456	5.12682
-0.79879	0.593567	5.14423	5.12649
-0.80339	0.589625	5.14587	5.12748
-0.809632	0.582725	5.14456	5.12748
-0.810289	0.586011	5.14325	5.12649
-0.819817	0.586668	5.14095	5.12715
-0.827045	0.584039	5.14226	5.12813
-0.833615	0.585354	5.14423	5.12813
-0.832958	0.582725	5.14456	5.12813
-0.835587	0.58174	5.1439	5.12616
-0.835587	0.580754	5.14325	5.1232
-0.843143	0.573855	5.14259	5.12353
-0.846428	0.573198	5.14259	5.1255
-0.846757	0.567941	5.1439	5.12583
-0.8484	0.567284	5.14423	5.12518
-0.844786	0.567284	5.14325	5.1255
-0.845443	0.564655	5.1439	5.12583
-0.8484	0.560713	5.14193	5.12583
-0.848071	0.553485	5.13996	5.12583
-0.840515	0.555456	5.14062	5.12583
-0.83493	0.56137	5.14226	5.12682
-0.833615	0.563341	5.14423	5.12813
-0.833615	0.563998	5.1439	5.12813
-0.830001	0.561699	5.14292	5.12748
-0.831644	0.563013	5.14357	5.12715
-0.827702	0.569255	5.14325	5.12682
-0.820474	0.565313	5.14325	5.12452
-0.818502	0.560713	5.14325	5.12485
-0.815217	0.568598	5.14489	5.1255
-0.81456	0.566627	5.14423	5.12616
-0.813574	0.565641	5.14555	5.12715
-0.808975	0.564984	5.14423	5.12649
-0.811275	0.568269	5.14259	5.12748
-0.806675	0.566955	5.14357	5.12748
-0.80109	0.569255	5.14489	5.12715
-0.801418	0.563341	5.14686	5.1255
-0.803061	0.558085	5.14719	5.1255
-0.800433	0.551842	5.14522	5.12715
-0.804704	0.564655	5.14226	5.12879
-0.806018	0.568598	5.14095	5.12912
-0.800104	0.56367	5.13963	5.12846
-0.806018	0.568269	5.1416	5.12649
-0.802733	0.570241	5.14259	5.12616
-0.802404	0.570898	5.14325	5.12616
-0.807004	0.573855	5.14325	5.12583
-0.805361	0.576154	5.14226	5.12649
-0.80109	0.577469	5.14259	5.1278
-0.797804	0.578783	5.14325	5.12748
-0.800104	0.580097	5.14423	5.12583
-0.795505	0.585682	5.1439	5.12518
-0.799119	0.583711	5.14325	5.12583
-0.80109	0.584039	5.14357	5.12879
-0.801747	0.579111	5.14489	5.13109
-0.806018	0.574512	5.14292	5.12846
-0.803718	0.579111	5.1416	5.12616
-0.79879	0.582725	5.14193	5.12419
-0.800761	0.586339	5.14193	5.12386
-0.804375	0.57944	5.14127	5.12485
-0.808318	0.579111	5.14259	5.12583
-0.807661	0.58174	5.14357	5.12682
-0.81686	0.576154	5.14357	5.12682
-0.818831	0.575169	5.14193	5.12649
-0.819488	0.578454	5.14423	5.12419
-0.822116	0.580425	5.1439	5.12353
-0.82573	0.582725	5.14259	5.1232
-0.824088	0.589625	5.14259	5.12616
-0.82803	0.585682	5.14423	5.12846
-0.823759	0.590939	5.14456	5.12813
-0.823759	0.593239	5.14456	5.12715
-0.819817	0.59521	5.14456	5.12813
-0.81916	0.596524	5.14653	5.12879
-0.821459	0.594553	5.14555	5.12748
-0.816531	0.600466	5.14357	5.12715
-0.813246	0.604738	5.14193	5.12649
-0.814231	0.600466	5.14226	5.12649
-0.812589	0.603095	5.14456	5.12649
-0.806675	0.603423	5.14456	5.12583
-0.800761	0.603095	5.14226	5.1255
-0.797476	0.603752	5.14062	5.12452
-0.78762	0.598824	5.13897	5.12485
-0.787948	0.596195	5.14062	5.12682
-0.787291	0.602766	5.14193	5.12649
-0.779735	0.607037	5.14357	5.12583
-0.769878	0.613608	5.14555	5.12485
-0.76725	0.614922	5.14522	5.12518
-0.765279	0.615251	5.14325	5.12518
-0.75608	0.622807	5.14325	5.1255
-0.755423	0.622479	5.1439	5.12813
-0.751152	0.619193	5.1439	5.12912
-0.74261	0.622807	5.14357	5.12846
-0.745238	0.62445	5.14292	5.12616
-0.741295	0.630364	5.14095	5.12353
-0.73801	0.627735	5.1416	5.12255
-0.734067	0.633321	5.14357	5.12222
-0.734725	0.633321	5.14522	5.12419
-0.743267	0.634306	5.1462	5.12616
-0.744581	0.634963	5.14555	5.12715
-0.745566	0.631349	5.1439	5.12583
-0.739653	0.634635	5.14325	5.12583
-0.74031	0.62905	5.14423	5.12682
-0.745895	0.625764	5.14259	5.12715
-0.746881	0.631678	5.14259	5.12748
-0.742938	0.632335	5.14522	5.12715
-0.746881	0.628392	5.14555	5.12748
-0.760351	0.628064	5.14555	5.12846
-0.765936	0.631021	5.14522	5.12616
-0.775792	0.627407	5.14456	5.12518
-0.778092	0.623464	5.1439	5.12616
-0.789591	0.622479	5.14193	5.12649
-0.792876	0.620836	5.14127	5.12649
-0.795833	0.62445	5.14226	5.12682
-0.79879	0.61985	5.14226	5.12748
-0.802404	0.612623	5.14226	5.1278
-0.807661	0.609666	5.14029	5.12682
-0.816203	0.609994	5.14127	5.12616
-0.821788	0.607694	5.14325	5.1255
-0.821131	0.608023	5.14357	5.12353
-0.824088	0.604409	5.14325	5.12288
-0.827045	0.607037	5.14292	5.12419
-0.831644	0.610651	5.14292	5.12485
-0.838215	0.609666	5.14522	5.12419
-0.835587	0.616236	5.14686	5.12419
-0.837886	0.614265	5.14653	5.12682
-0.836901	0.616894	5.14587	5.12583
-0.835258	0.61985	5.14489	5.1255
-0.837229	0.617879	5.14357	5.12616
-0.835587	0.611308	5.14292	5.12616
-0.836572	0.609337	5.14259	5.12616
-0.840515	0.604409	5.14193	5.12715
-0.840186	0.602766	5.1416	5.12748
-0.831644	0.599152	5.14423	5.12649
-0.838543	0.593567	5.14522	5.12452
-0.833944	0.59521	5.14456	5.12189
-0.826387	0.597181	5.14456	5.12255
-0.825402	0.597838	5.14489	5.12386
-0.824745	0.600795	5.14522	5.12583
-0.820802	0.597838	5.14357	5.12518
-0.81686	0.600795	5.14357	5.12419
-0.808318	0.604738	5.14226	5.12189
-0.810289	0.602766	5.14226	5.12222
-0.808975	0.600138	5.14259	5.12386
-0.801747	0.602438	5.1416	5.12452
-0.795833	0.60408	5.14127	5.12583
-0.797476	0.600466	5.14193	5.1255
-0.795833	0.604738	5.14325	5.12419
-0.791891	0.609009	5.14357	5.12452
-0.788934	0.615579	5.14489	5.12518
-0.786963	0.610651	5.1462	5.12682
-0.790248	0.611637	5.14587	5.12879
-0.784334	0.615251	5.14686	5.12813
-0.781706	0.610323	5.14587	5.12616
-0.777763	0.620179	5.14555	5.12485
-0.78072	0.622479	5.14456	5.12386
-0.774478	0.625764	5.14555	5.12386
-0.772507	0.628064	5.14489	5.12419
-0.772178	0.629378	5.1439	5.12583
-0.773492	0.636277	5.14259	5.12649
-0.767907	0.639234	5.14259	5.12649
-0.772507	0.640877	5.14456	5.12583
-0.774478	0.641863	5.14423	5.12452
-0.775792	0.636277	5.14325	5.12353
-0.781706	0.634635	5.14292	5.12485
-0.779406	0.63562	5.14193	5.12715
-0.778749	0.638577	5.14127	5.12879
-0.778092	0.638906	5.14259	5.12813
-0.779078	0.636277	5.14456	5.12682
-0.779735	0.638249	5.14456	5.12748
-0.78762	0.631021	5.14357	5.12748
-0.797476	0.62445	5.14325	5.12813
-0.797147	0.62215	5.14456	5.12715
-0.80339	0.621165	5.14522	5.1255
-0.802075	0.624121	5.14489	5.12353
-0.80339	0.618536	5.1439	5.12288
-0.807332	0.614265	5.14292	5.12485
-0.813574	0.613608	5.14423	5.12485
-0.813903	0.610323	5.14423	5.12518
-0.819488	0.609994	5.14226	5.12452
-0.822116	0.598824	5.14259	5.12715
-0.822774	0.599481	5.14456	5.12945
-0.819817	0.601781	5.14653	5.12977
-0.818174	0.599152	5.1462	5.12682
-0.820474	0.599152	5.14522	5.1255
-0.82573	0.594553	5.14325	5.12419
-0.827045	0.588639	5.14292	5.12419
-0.828687	0.586339	5.14292	5.12386
-0.826059	0.582068	5.14292	5.1232
-0.830987	0.579111	5.1439	5.12518
-0.833944	0.573526	5.1439	5.1255
-0.831316	0.576812	5.14357	5.12649
-0.826059	0.577797	5.14127	5.12879
-0.821459	0.580425	5.14029	5.12846
-0.81226	0.583054	5.14193	5.12748
-0.810289	0.583711	5.14423	5.12813
-0.813574	0.58174	5.14489	5.12682
-0.811275	0.582725	5.14292	5.12649
-0.812917	0.579768	5.1416	5.1278
-0.814231	0.576483	5.1416	5.1278
-0.811275	0.570898	5.1416	5.12682
-0.804704	0.576154	5.14193	5.12715
-0.801747	0.578126	5.1439	5.12813
-0.797476	0.583054	5.14522	5.12748
-0.795833	0.584039	5.14325	5.12682
-0.785648	0.591924	5.14095	5.1278
-0.791234	0.588639	5.14095	5.1278
-0.785648	0.59751	5.14325	5.1278
-0.781706	0.596195	5.14522	5.12616
-0.782692	0.594224	5.14555	5.12419
-0.784334	0.59061	5.1439	5.12485
-0.786305	0.586339	5.14292	5.12616
-0.792548	0.579111	5.14357	5.12748
-0.790577	0.578783	5.14456	5.12748
-0.789262	0.579768	5.14555	5.12682
-0.785648	0.582725	5.14719	5.12649
-0.781377	0.586011	5.14719	5.12485
-0.784006	0.585354	5.1462	5.12583
-0.78302	0.586996	5.14423	5.12813
-0.786963	0.584368	5.14489	5.1278
-0.790577	0.584368	5.14555	5.12715
-0.795176	0.582068	5.14522	5.12715
-0.788277	0.585354	5.14456	5.12649
-0.792548	0.587982	5.14357	5.12419
-0.795833	0.58831	5.14226	5.12485
-0.795833	0.586996	5.14095	5.12682
-0.783349	0.595538	5.14193	5.12846
-0.783349	0.593239	5.14489	5.12846
-0.788934	0.594553	5.14555	5.12715
-0.792876	0.596524	5.14489	5.12518
-0.79419	0.598495	5.14489	5.12583
-0.791562	0.598495	5.14325	5.12518
-0.786963	0.598495	5.14357	5.1255
-0.784334	0.598495	5.14325	5.12649
-0.784991	0.599481	5.14127	5.12682
-0.781706	0.599481	5.1416	5.12616
-0.779735	0.60638	5.14423	5.12616
-0.773821	0.612294	5.14653	5.12583
-0.769221	0.619193	5.14587	5.1255
-0.76495	0.622479	5.14489	5.1255
-0.769878	0.621165	5.14423	5.12452
-0.768236	0.62905	5.14587	5.12583
-0.769878	0.629378	5.14555	5.12748
-0.770207	0.621165	5.14489	5.12813
-0.764293	0.623464	5.14325	5.12649
-0.75608	0.635292	5.14357	5.12682
-0.755094	0.633321	5.14423	5.12748
-0.754766	0.633321	5.14555	5.1278
-0.746223	0.635292	5.14555	5.12583
-0.746223	0.637592	5.1439	5.12485
-0.748195	0.637263	5.14357	5.12682
-0.745238	0.636935	5.14423	5.1278
-0.741624	0.634963	5.14522	5.12748
-0.739324	0.639891	5.14555	5.1278
-0.728154	0.641863	5.14325	5.12682
-0.72684	0.645148	5.14226	5.12649
-0.720597	0.646791	5.14193	5.12649
-0.71994	0.64482	5.1439	5.12813
-0.718626	0.647448	5.14489	5.12748
-0.718955	0.645477	5.14357	5.12682
-0.725854	0.647119	5.14226	5.12715
-0.721583	0.649419	5.14095	5.12682
-0.718626	0.648105	5.14062	5.12616
-0.716983	0.649091	5.14357	5.1255
-0.718955	0.639234	5.14489	5.12518
-0.724211	0.632335	5.1439	5.12583
-0.717312	0.636606	5.14259	5.12748
-0.715341	0.634306	5.14127	5.12912
-0.710084	0.641534	5.14095	5.12945
-0.712384	0.635292	5.14193	5.12813
-0.716655	0.62445	5.14259	5.12616
-0.716326	0.61985	5.1416	5.12485
-0.724211	0.613608	5.13996	5.12485
-0.736039	0.612623	5.13897	5.12649
-0.740967	0.609994	5.14127	5.12945
-0.746552	0.609994	5.1439	5.12715
-0.752794	0.602438	5.14653	5.12518
-0.756737	0.60638	5.1462	5.12518
-0.768236	0.600795	5.14522	5.12353
-0.774807	0.604738	5.14357	5.1209
-0.782363	0.600466	5.14325	5.12386
-0.790577	0.598495	5.14489	5.12682
-0.792219	0.609337	5.14653	5.12912
-0.792219	0.615908	5.14522	5.12912
-0.788934	0.612623	5.14325	5.12518
-0.794519	0.608351	5.14357	5.12485
-0.799119	0.609009	5.14653	5.12715
-0.803718	0.610651	5.14653	5.12945
-0.802733	0.610651	5.1439	5.12912
-0.805689	0.613937	5.14259	5.12748
-0.808975	0.612294	5.14259	5.12682
-0.811603	0.607694	5.14226	5.12682
-0.816203	0.60408	5.1416	5.12682
-0.819488	0.601781	5.14292	5.12616
-0.81916	0.602109	5.14226	5.12583
-0.822774	0.598495	5.14357	5.1255
-0.822116	0.600795	5.14489	5.1255
-0.820802	0.600795	5.14489	5.12485
-0.819488	0.599152	5.14456	5.12485
-0.822774	0.594881	5.14292	5.12682
-0.823759	0.594881	5.14292	5.12945
-0.820474	0.594224	5.14259	5.12945
-0.820802	0.589625	5.14259	5.12846
-0.822774	0.587325	5.14292	5.12616
-0.825073	0.586011	5.14456	5.12452
-0.827045	0.577797	5.14587	5.12123
-0.825402	0.576483	5.14587	5.12025
-0.821788	0.57714	5.14357	5.12222
-0.818831	0.576154	5.14292	5.12386
-0.810618	0.57484	5.14357	5.12419
-0.80996	0.570898	5.1439	5.1232
-0.809632	0.570898	5.14456	5.12353
-0.801747	0.580754	5.14325	5.1255
-0.798133	0.586668	5.14127	5.12748
-0.797476	0.591924	5.14062	5.12748
-0.802733	0.588968	5.14095	5.12813
-0.790905	0.59291	5.14259	5.12616
-0.788934	0.598167	5.14587	5.12485
-0.782363	0.597181	5.14489	5.12518
-0.78302	0.591924	5.13963	5.1278
-0.784334	0.59751	5.13996	5.12715
-0.777763	0.591924	5.14127	5.12715
-0.777106	0.593896	5.14357	5.12616
-0.770207	0.595867	5.14522	5.12452
-0.76725	0.600466	5.14456	5.12255
-0.761336	0.60408	5.14555	5.12189
-0.755423	0.609337	5.14357	5.12419
-0.757065	0.609009	5.14325	5.1278
-0.765607	0.609009	5.14226	5.12977
-0.75608	0.612294	5.14325	5.12879
-0.748523	0.620179	5.14653	5.12649
-0.746223	0.619522	5.14817	5.12616
-0.746223	0.627735	5.14653	5.12649
-0.745566	0.628064	5.14587	5.1278
-0.743267	0.637592	5.14423	5.12945
-0.741624	0.634635	5.14292	5.13175
-0.744252	0.632992	5.14292	5.13076
-0.745895	0.637592	5.14456	5.12583
-0.74918	0.636606	5.14522	5.12452
-0.748523	0.634963	5.14489	5.12583
-0.747538	0.642848	5.14325	5.12616
-0.748852	0.640549	5.1439	5.1255
-0.75148	0.639891	5.14357	5.12583
-0.754437	0.639234	5.14259	5.12583
-0.750166	0.647119	5.14259	5.12452
-0.752794	0.649091	5.14325	5.12353
-0.756737	0.652047	5.14259	5.12419
-0.754766	0.65369	5.14095	5.12616
-0.75148	0.651062	5.14259	5.12715
-0.752137	0.651719	5.14357	5.1255
-0.748195	0.652376	5.1439	5.12485
-0.753123	0.647776	5.14259	5.12353
-0.754766	0.648762	5.14226	5.12452
-0.756408	0.646134	5.14259	5.12583
-0.75148	0.645477	5.14325	5.12583
-0.746881	0.646462	5.14357	5.12485
-0.740638	0.646134	5.14456	5.12583
-0.742938	0.643505	5.14325	5.1278
-0.739981	0.649748	5.14555	5.12715
-0.741295	0.654676	5.14587	5.12649
-0.742281	0.65139	5.14456	5.12649
-0.744909	0.654347	5.14259	5.12649
-0.745238	0.657304	5.14193	5.12649
-0.742281	0.657633	5.14423	5.12682
-0.745566	0.650733	5.14555	5.12485
-0.751152	0.646791	5.14555	5.1255
-0.752466	0.644491	5.14555	5.12583
-0.750823	0.64252	5.14423	5.12649
-0.760351	0.629378	5.14259	5.1278
-0.757065	0.630035	5.14226	5.12977
-0.75608	0.62905	5.1439	5.12912
-0.75608	0.626093	5.14719	5.12748
-0.749509	0.622807	5.14817	5.12518
-0.745895	0.631021	5.14719	5.12518
-0.739653	0.633978	5.14456	5.1255
-0.742938	0.631021	5.14259	5.12452
-0.745895	0.629378	5.14193	5.1255
-0.748523	0.626093	5.14325	5.12715
-0.745238	0.628392	5.14423	5.12583
-0.741624	0.628721	5.14292	5.12452
-0.744581	0.623136	5.14259	5.12419
-0.745238	0.625107	5.14325	5.12452
-0.750823	0.620179	5.14489	5.12616
-0.750166	0.623793	5.14489	5.12682
-0.755751	0.616236	5.14456	5.12715
-0.757065	0.617879	5.14423	5.12813
-0.753451	0.621822	5.14325	5.12748
-0.755423	0.621493	5.14292	5.12682
-0.758051	0.612294	5.14226	5.12715
-0.760679	0.60868	5.13996	5.1278
-0.76495	0.611308	5.13996	5.12846
-0.771193	0.609994	5.14259	5.12945
-0.772178	0.609009	5.1439	5.12912
-0.777106	0.607366	5.14259	5.12616
-0.784663	0.592253	5.1416	5.12419
-0.786634	0.591924	5.13996	5.12518
-0.78532	0.590282	5.14029	5.12616
-0.786963	0.586668	5.14127	5.12813
-0.786305	0.590282	5.1439	5.12813
-0.78532	0.59291	5.14522	5.12813
-0.78762	0.596853	5.14423	5.12682
-0.786305	0.595867	5.14292	5.12616
-0.789919	0.593239	5.14226	5.12715
-0.795833	0.587982	5.14292	5.12813
-0.786634	0.594553	5.14325	5.12748
-0.789262	0.594224	5.14325	5.12748
-0.784334	0.593896	5.14292	5.12649
-0.781377	0.599481	5.14226	5.1255
-0.781377	0.60638	5.14193	5.12649
-0.776449	0.611965	5.14226	5.12846
-0.776449	0.619193	5.14259	5.12682
-0.778421	0.618536	5.14325	5.12485
-0.784663	0.62215	5.14456	5.12353
-0.782363	0.625107	5.14686	5.1232
-0.776778	0.624121	5.14686	5.12518
-0.783349	0.623136	5.14555	5.12682
-0.778421	0.624121	5.14357	5.12748
-0.774149	0.625436	5.14226	5.1278
-0.769878	0.623136	5.14423	5.12748
-0.767579	0.620508	5.14653	5.12583
-0.765607	0.618208	5.14587	5.12452
-0.764293	0.614265	5.14456	5.12485
-0.755751	0.611637	5.14555	5.12649
-0.74918	0.616236	5.14587	5.12879
-0.748523	0.623136	5.14522	5.12879
-0.750166	0.62215	5.14587	5.12748
-0.746552	0.622479	5.14587	5.12649
-0.747538	0.616236	5.14555	5.1255
-0.750495	0.616565	5.1439	5.1255
-0.746552	0.619193	5.14292	5.12748
-0.743595	0.624121	5.14029	5.12748
-0.744909	0.625107	5.13996	5.12649
-0.73801	0.615908	5.14193	5.12485
-0.73571	0.611965	5.14423	5.12485
-0.735382	0.614265	5.14489	5.12452
-0.742281	0.616236	5.14423	5.12518
-0.739981	0.61985	5.1416	5.12452
-0.745238	0.618536	5.14095	5.12419
-0.743924	0.617222	5.14259	5.12715
-0.740967	0.616236	5.14456	5.12912
-0.743267	0.614922	5.14587	5.1278
-0.746223	0.615251	5.14587	5.12682
-0.739981	0.623793	5.14423	5.12682
-0.738996	0.623793	5.14259	5.1278
-0.73801	0.625107	5.14226	5.12748
-0.736039	0.620508	5.14259	5.12485
-0.74261	0.618536	5.1439	5.12485
-0.744909	0.617551	5.14325	5.12518
-0.742938	0.618536	5.14226	5.12419
-0.742281	0.612951	5.14226	5.12386
-0.747866	0.610323	5.14259	5.1255
-0.754766	0.608351	5.14357	5.12649
-0.759037	0.603423	5.14423	5.12649
-0.761008	0.602766	5.14456	5.12649
-0.768893	0.599481	5.14423	5.12452
-0.774807	0.600466	5.14423	5.12419
-0.775464	0.599481	5.14292	5.12452
-0.781049	0.601781	5.14325	5.12386
-0.785648	0.598824	5.14489	5.12419
-0.789262	0.594224	5.14686	5.12682
-0.794519	0.597838	5.14752	5.12682
-0.797147	0.594553	5.14719	5.12518
-0.796819	0.594224	5.14653	5.12255
-0.800433	0.593896	5.1439	5.12288
-0.796162	0.594224	5.14259	5.12452
-0.795833	0.592581	5.14292	5.12518
-0.797147	0.596853	5.14226	5.12616
-0.796162	0.603095	5.14226	5.12518
-0.793533	0.598495	5.14325	5.12452
-0.793205	0.598824	5.14489	5.12485
-0.784991	0.602109	5.14489	5.12518
-0.784663	0.598824	5.14555	5.12649
-0.782034	0.600795	5.14522	5.12715
-0.789262	0.589296	5.14489	5.12682
-0.782692	0.588968	5.14325	5.12616
-0.781049	0.588639	5.1416	5.12452
-0.778421	0.589953	5.14292	5.12419
-0.777106	0.589296	5.14226	5.12616
-0.772835	0.59061	5.1416	5.12649
-0.771193	0.590939	5.14292	5.12452
-0.771521	0.587653	5.14456	5.12386
-0.767579	0.588968	5.1485	5.12485
-0.764622	0.589953	5.14916	5.1255
-0.763965	0.591596	5.14653	5.12649
-0.761008	0.594553	5.14325	5.12813
-0.757394	0.600138	5.14259	5.12846
-0.750166	0.607366	5.14259	5.12813
-0.750495	0.608023	5.14357	5.12649
-0.744909	0.604738	5.14587	5.12649
-0.746223	0.611308	5.14752	5.12583
-0.744909	0.61098	5.14653	5.12583
-0.748523	0.613608	5.14522	5.12583
-0.747538	0.614922	5.14456	5.12649
-0.74261	0.616894	5.14522	5.1278
-0.733739	0.616565	5.14522	5.12912
-0.73571	0.619522	5.14522	5.1278
-0.734067	0.624121	5.14193	5.12616
-0.732753	0.626093	5.13897	5.12682
-0.731768	0.628064	5.13799	5.12945
-0.731768	0.632006	5.13897	5.12846
-0.729468	0.632992	5.14095	5.12813
-0.721583	0.634963	5.1439	5.1278
-0.726511	0.628721	5.14423	5.12682
-0.723883	0.628392	5.14226	5.12682
-0.722569	0.623793	5.1416	5.1278
-0.721911	0.622807	5.1416	5.12813
-0.725854	0.62445	5.14292	5.12682
-0.723226	0.62445	5.14587	5.12485
-0.72454	0.619522	5.14916	5.12288
-0.729139	0.620179	5.14752	5.12255
-0.726511	0.62675	5.14522	5.12288
-0.727825	0.629707	5.14226	5.12452
-0.720269	0.638249	5.1416	5.12518
-0.726182	0.636277	5.14193	5.12386
-0.725197	0.637592	5.14423	5.1232
-0.726511	0.643177	5.14555	5.12452
-0.732753	0.645148	5.14456	5.12452
-0.732096	0.639891	5.14259	5.12649
-0.73571	0.641206	5.14095	5.12682
-0.735382	0.640877	5.1416	5.12649
-0.737681	0.637592	5.14357	5.12518
-0.739324	0.64022	5.14587	5.12353
-0.73801	0.647776	5.1462	5.12255
-0.732753	0.652047	5.14456	5.1232
-0.737024	0.656976	5.14325	5.12649
-0.741624	0.650076	5.14193	5.12748
-0.744581	0.647119	5.14292	5.12748
-0.745566	0.650405	5.14456	5.12419
-0.74918	0.649748	5.14423	5.12156
-0.754108	0.639563	5.14357	5.12255
-0.76495	0.638577	5.14292	5.12583
-0.766264	0.636277	5.14292	5.12813
-0.759037	0.636606	5.14357	5.12813
-0.759365	0.64022	5.14357	5.12748
-0.762651	0.644162	5.14423	5.12583
-0.763965	0.644162	5.14686	5.12518
-0.753451	0.643834	5.14752	5.12616
-0.752137	0.644491	5.14719	5.12715
-0.745895	0.64022	5.14522	5.12583
-0.745895	0.643505	5.14292	5.1255
-0.744252	0.646462	5.1416	5.12518
-0.739653	0.647448	5.14193	5.12452
-0.741295	0.647448	5.14325	5.12419
-0.744581	0.644491	5.14489	5.12452
-0.747209	0.639891	5.14325	5.12715
-0.746881	0.639891	5.14095	5.12715
-0.748523	0.634635	5.14029	5.12616
-0.752466	0.635949	5.14357	5.12386
-0.754766	0.639234	5.14653	5.12189
-0.75838	0.634306	5.14653	5.1232
-0.760679	0.627078	5.14522	5.12715
-0.761665	0.624121	5.14292	5.12748
-0.766593	0.620508	5.14325	5.12518
-0.773164	0.612623	5.1439	5.12419
-0.770207	0.609994	5.14456	5.12452
-0.771521	0.611965	5.14555	5.12485
-0.775135	0.614265	5.14555	5.1232
-0.782692	0.614265	5.14325	5.12288
-0.78532	0.613608	5.14325	5.12485
-0.787948	0.609666	5.14489	5.12682
-0.779078	0.609994	5.14686	5.12715
-0.779078	0.604409	5.14817	5.12616
-0.786305	0.599481	5.14653	5.12419
-0.790577	0.596524	5.1439	5.12255
-0.794848	0.59751	5.14259	5.12452
-0.796162	0.591596	5.1416	5.12715
-0.794519	0.598495	5.1416	5.12616
-0.789262	0.600795	5.14193	5.12518
-0.795505	0.598167	5.14259	5.1232
-0.791891	0.603752	5.14456	5.12452
-0.796819	0.600795	5.14456	5.12682
-0.801747	0.60868	5.14259	5.12748
-0.793533	0.612951	5.14259	5.12649
-0.790905	0.614594	5.1439	5.1255
-0.792548	0.609009	5.14456	5.12419
-0.79649	0.60638	5.14522	5.1232
-0.802075	0.603423	5.1462	5.12386
-0.80996	0.600795	5.14456	5.12518
-0.810289	0.603095	5.14292	5.1255
-0.814889	0.602438	5.14193	5.12518
-0.814889	0.602109	5.14259	5.12583
-0.81226	0.600795	5.14292	5.12649
-0.807989	0.600138	5.14193	5.12715
-0.80996	0.598167	5.14193	5.12616
-0.805361	0.593239	5.14357	5.12748
-0.79879	0.595538	5.14325	5.12748
-0.799776	0.59751	5.14325	5.12748
-0.801747	0.594553	5.14456	5.12583
-0.797147	0.598167	5.14587	5.12518
-0.797804	0.595538	5.14489	5.12485
-0.795505	0.599809	5.14226	5.1255
-0.794848	0.600795	5.14193	5.12649
-0.795505	0.598167	5.14259	5.12616
-0.785977	0.605723	5.14489	5.12649
-0.784663	0.603423	5.14653	5.1255
-0.78762	0.606052	5.14817	5.12583
-0.781377	0.611637	5.14785	5.1255
-0.78532	0.609994	5.14555	5.1255
-0.784334	0.612951	5.14259	5.12518
-0.783677	0.619522	5.14095	5.1278
-0.778749	0.62215	5.13963	5.12912
-0.773164	0.623464	5.14127	5.12715
-0.769221	0.621493	5.14489	5.12583
-0.764293	0.627078	5.14653	5.12485
-0.759037	0.625436	5.14456	5.12353
-0.763308	0.625764	5.14193	5.1232
-0.765607	0.622479	5.1416	5.1232
-0.764293	0.629378	5.14226	5.12518
-0.762322	0.628392	5.14357	5.12649
-0.76495	0.630035	5.14489	5.12715
-0.753123	0.635292	5.14423	5.12649
-0.754437	0.635949	5.14259	5.12715
-0.754766	0.634963	5.14095	5.12748
-0.754437	0.636606	5.1416	5.1278
-0.744581	0.645805	5.14423	5.12682
-0.736696	0.655661	5.14719	5.1255
-0.73801	0.655661	5.14587	5.12419
-0.735382	0.659604	5.14292	5.12485
-0.729796	0.659604	5.14095	5.12649
-0.728154	0.661575	5.14226	5.12682
-0.719612	0.664861	5.14292	5.12748
-0.716326	0.665518	5.14357	5.12813
-0.713698	0.672089	5.14456	5.1278
-0.712712	0.668803	5.14587	5.12879
-0.714684	0.666175	5.14587	5.12846
-0.721254	0.663218	5.14456	5.12813
-0.733739	0.662232	5.14193	5.12813
-0.738996	0.652047	5.14095	5.12813
-0.737681	0.653033	5.14226	5.12748
-0.742281	0.657961	5.14357	5.12616
-0.74031	0.666832	5.14357	5.12386
-0.737353	0.669132	5.14357	5.1232
-0.73571	0.665189	5.14357	5.12452
-0.732425	0.664532	5.14292	5.12518
-0.729139	0.665846	5.14226	5.12518
-0.724211	0.659604	5.14357	5.12386
-0.724211	0.663218	5.14456	5.12288
-0.723883	0.662561	5.14653	5.12419
-0.722569	0.665189	5.14719	5.12583
-0.725854	0.661247	5.14489	5.12715
-0.727168	0.665189	5.14226	5.12649
-0.731439	0.665518	5.14062	5.12682
-0.728482	0.670446	5.14193	5.1278
-0.731111	0.670446	5.14292	5.12715
-0.727825	0.672746	5.14259	5.1232
-0.730454	0.668803	5.14095	5.12025
-0.734067	0.662232	5.13897	5.12123
-0.740638	0.658618	5.1393	5.12583
-0.744252	0.65829	5.14095	5.12813
-0.740638	0.660261	5.14193	5.12748
-0.729468	0.662889	5.14325	5.12583
-0.718298	0.663218	5.14259	5.12485
-0.709755	0.662889	5.14095	5.12518
-0.710741	0.659604	5.13963	5.12518
-0.709098	0.66059	5.13865	5.12583
-0.708113	0.664532	5.14062	5.12748
-0.714355	0.659275	5.14259	5.1278
-0.716326	0.655333	5.14522	5.12715
-0.708113	0.658618	5.1462	5.12616
-0.70877	0.663546	5.14522	5.12288
-0.712384	0.665189	5.14522	5.12123
-0.718955	0.661247	5.14325	5.12353
-0.720269	0.660261	5.14095	5.12649
-0.724211	0.655004	5.14029	5.1278
-0.730454	0.654676	5.14127	5.12846
-0.730125	0.655004	5.14357	5.12682
-0.726182	0.650405	5.1439	5.12518
-0.728811	0.649419	5.14259	5.1255
-0.730454	0.648105	5.14226	5.12419
-0.725197	0.653362	5.14292	5.12255
-0.728811	0.650076	5.14292	5.12222
-0.733739	0.650076	5.14423	5.12386
-0.735382	0.645477	5.14489	5.12386
-0.732425	0.647119	5.14555	5.12452
-0.729796	0.648434	5.14522	5.12616
-0.730125	0.646134	5.14522	5.12748
-0.73341	0.638577	5.14522	5.12682
-0.728811	0.63792	5.14325	5.12419
-0.725854	0.646134	5.14193	5.12353
-0.730125	0.647119	5.14062	5.12583
-0.731768	0.640877	5.14325	5.12813
-0.732096	0.638906	5.14522	5.12945
-0.736696	0.633649	5.1462	5.1301
-0.743267	0.629707	5.14489	5.12748
-0.751152	0.620836	5.14522	5.12649
-0.754766	0.614922	5.14489	5.12682
-0.75608	0.621493	5.14456	5.12649
-0.761336	0.617222	5.14456	5.12616
-0.762651	0.615251	5.1439	5.12485
-0.762979	0.612294	5.14456	5.12353
-0.768893	0.610651	5.14522	5.12518
-0.773821	0.609337	5.14587	5.12583
-0.776121	0.604409	5.14653	5.12485
-0.779406	0.602438	5.14456	5.12419
-0.776121	0.605066	5.14259	5.12452
-0.782692	0.603752	5.14095	5.12518
-0.781706	0.605066	5.14226	5.12616
-0.784991	0.604738	5.14357	5.12518
-0.786305	0.603423	5.1439	5.12452
-0.784663	0.609994	5.14357	5.12419
-0.785977	0.609009	5.1439	5.12386
-0.775464	0.613608	5.14587	5.12452
-0.777106	0.61328	5.14653	5.12616
-0.779735	0.607694	5.14653	5.12485
-0.779735	0.607694	5.14522	5.12353
-0.778092	0.608023	5.14226	5.12485
-0.772178	0.612623	5.14029	5.12452
-0.772835	0.607037	5.1416	5.12419
-0.771193	0.61098	5.14292	5.12715
-0.774478	0.608351	5.14259	5.12945
-0.774149	0.61098	5.14226	5.12846
-0.768893	0.611308	5.14292	5.12518
-0.763308	0.612623	5.14325	5.12386
-0.760679	0.617551	5.1439	5.12518
-0.760022	0.609009	5.14423	5.12879
-0.754766	0.612951	5.14226	5.13043
-0.757722	0.612951	5.14095	5.1301
-0.754437	0.614922	5.1416	5.12715
-0.752794	0.617551	5.14259	5.12649
-0.75378	0.612623	5.1439	5.12649
-0.754766	0.61328	5.1439	5.12583
-0.755094	0.614265	5.14226	5.12485
-0.757065	0.614594	5.14062	5.12748
-0.750823	0.614594	5.14193	5.12945
-0.755751	0.614922	5.14522	5.12879
-0.761993	0.608351	5.14686	5.12583
-0.761665	0.610323	5.14686	5.12485
-0.76725	0.609009	5.14719	5.12616
-0.761993	0.618865	5.14456	5.12649
-0.761336	0.617222	5.14489	5.12682
-0.755423	0.623793	5.14423	5.12748
-0.753123	0.627735	5.1439	5.12879
-0.756408	0.624779	5.14357	5.12682
-0.758051	0.626421	5.14522	5.12452
-0.747538	0.634963	5.14555	5.12419
-0.748852	0.637263	5.14456	5.12715
-0.747209	0.63562	5.14259	5.12912
-0.748852	0.625764	5.14292	5.1301
-0.747209	0.625436	5.14489	5.12912
-0.740967	0.627407	5.14423	5.12748
-0.743924	0.632335	5.14357	5.12583
-0.741295	0.635949	5.14325	5.12386
-0.739981	0.640877	5.14259	5.12353
-0.73801	0.643834	5.14325	5.12518
-0.743267	0.648762	5.14325	5.12452
-0.744252	0.649748	5.14357	5.12353
-0.738339	0.655004	5.14423	5.1232
-0.74031	0.653362	5.14522	5.12386
-0.736039	0.656319	5.1462	5.12583
-0.747866	0.654347	5.14522	5.12879
-0.749509	0.656319	5.14259	5.12879
-0.748195	0.659604	5.14259	5.12813
-0.744909	0.668146	5.1439	5.12715
-0.743924	0.669132	5.14456	5.12682
-0.734067	0.662889	5.14325	5.12616
-0.730454	0.666503	5.14325	5.12518
-0.727168	0.660918	5.14292	5.12419
-0.730454	0.656647	5.14226	5.12518
-0.725525	0.658947	5.14193	5.12616
-0.728154	0.65599	5.14226	5.12649
-0.729796	0.656319	5.1416	5.1255
-0.734396	0.657961	5.14193	5.12518
-0.731439	0.654347	5.14325	5.12682
-0.738996	0.65369	5.14325	5.12879
-0.738339	0.658947	5.14456	5.12879
-0.729139	0.653362	5.14555	5.12616
-0.726182	0.649091	5.1462	5.12583
-0.722569	0.648105	5.14423	5.12518
-0.717969	0.647119	5.14095	5.12452
-0.719283	0.644162	5.13897	5.1255
-0.715341	0.642191	5.1393	5.12485
-0.71107	0.641863	5.14127	5.1232
-0.71107	0.648105	5.14489	5.12419
-0.709098	0.649419	5.14752	5.12386
-0.714026	0.64252	5.14719	5.12255
-0.715341	0.646134	5.14325	5.12386
-0.710741	0.651062	5.1416	5.12452
-0.709098	0.653362	5.14193	5.12419
-0.707784	0.651719	5.14423	5.12386
-0.716326	0.654019	5.14785	5.12419
-0.714684	0.655333	5.1485	5.12452
-0.71107	0.65829	5.14686	5.12419
-0.715998	0.652376	5.14522	5.12353
-0.710413	0.65369	5.14456	5.12222
-0.705813	0.652376	5.14653	5.12353
-0.703185	0.654019	5.14686	5.1255
-0.707127	0.657304	5.14587	5.12813
-0.708441	0.657304	5.14423	5.12813
-0.709427	0.656647	5.14259	5.1255
-0.708113	0.656647	5.14226	5.12485
-0.706142	0.655333	5.14456	5.12485
-0.704499	0.661575	5.14456	5.12583
-0.70417	0.661904	5.14522	5.12682
-0.702199	0.665189	5.1462	5.12649
-0.700556	0.661575	5.1462	5.12583
-0.703513	0.658618	5.14489	5.12485
-0.703842	0.656319	5.14456	5.12748
-0.713369	0.651062	5.1439	5.12879
-0.710084	0.656647	5.14325	5.12846
-0.709427	0.66059	5.1439	5.12583
-0.709098	0.655661	5.14423	5.12386
-0.71764	0.65139	5.14357	5.12485
-0.721254	0.647119	5.14193	5.12715
-0.718298	0.640549	5.14226	5.1278
-0.72454	0.634635	5.14226	5.12977
-0.730125	0.633978	5.14259	5.1301
-0.728154	0.630364	5.14325	5.12813
-0.728482	0.637263	5.14423	5.12616
-0.730454	0.641863	5.14456	5.12419
-0.730782	0.641863	5.14456	5.12386
-0.724211	0.643834	5.14423	5.1255
-0.725854	0.644491	5.1439	5.12715
-0.726511	0.639563	5.1439	5.12649
-0.725525	0.649091	5.14292	5.12485
-0.725197	0.652705	5.14456	5.12255
-0.723554	0.649091	5.14522	5.12255
-0.727825	0.648762	5.14325	5.1255
-0.726182	0.646462	5.14325	5.12748
-0.72684	0.638906	5.14522	5.12649
-0.736367	0.637592	5.1462	5.12583
-0.73571	0.638249	5.14785	5.12353
-0.734067	0.637592	5.14752	5.1232
-0.735382	0.627735	5.1462	5.12452
-0.731768	0.632664	5.14292	5.12649
-0.730782	0.632992	5.13996	5.12912
-0.728482	0.628392	5.14062	5.12977
-0.725197	0.631678	5.14259	5.12748
-0.719283	0.632006	5.14325	5.12682
-0.719612	0.636606	5.14292	5.12583
-0.72224	0.633321	5.14193	5.12485
-0.721254	0.636935	5.14062	5.12518
-0.720269	0.640549	5.14127	5.1255
-0.712712	0.643505	5.1416	5.1255
-0.704827	0.647776	5.14095	5.12583
-0.704827	0.65139	5.13963	5.12583
-0.702528	0.650405	5.13865	5.12518
-0.693985	0.656647	5.13897	5.12518
-0.693328	0.647119	5.13963	5.12518
-0.6953	0.643177	5.14193	5.12452
-0.701542	0.641863	5.1439	5.1255
-0.707127	0.640549	5.14555	5.12485
-0.708441	0.63562	5.14587	5.12419
-0.716655	0.632664	5.14555	5.1232
-0.714684	0.631349	5.14325	5.12353
-0.716326	0.628392	5.14259	5.12485
-0.722569	0.626093	5.14259	5.1255
-0.725197	0.628392	5.14456	5.12616
-0.728811	0.627407	5.14555	5.1255
-0.731768	0.630035	5.14489	5.12583
-0.729796	0.622479	5.14522	5.12616
-0.728482	0.617222	5.14456	5.12583
-0.725854	0.612294	5.14292	5.12649
-0.726511	0.613937	5.14292	5.12715
-0.729468	0.621493	5.14522	5.12518
-0.730454	0.625107	5.14752	5.12222
-0.728482	0.616565	5.14785	5.1209
-0.730782	0.60868	5.14587	5.12485
-0.727825	0.611965	5.1439	5.12813
-0.729468	0.60868	5.14095	5.12813
-0.734067	0.606709	5.13897	5.12879
-0.739653	0.603095	5.14062	5.1278
-0.743267	0.602109	5.14259	5.12715
-0.745895	0.594881	5.14489	5.1255
-0.752137	0.59521	5.14653	5.12485
-0.750495	0.597838	5.1462	5.12616
-0.75148	0.599481	5.14292	5.12649
-0.754108	0.595867	5.14193	5.12616
-0.755094	0.594553	5.1439	5.12682
-0.757065	0.595867	5.1462	5.12649
-0.75838	0.598824	5.14752	5.1278
-0.760022	0.59751	5.14686	5.12715
-0.762979	0.599481	5.14489	5.12682
-0.760351	0.599152	5.14522	5.1278
-0.762322	0.593239	5.14423	5.12616
-0.766593	0.59291	5.14489	5.12452
-0.767579	0.598824	5.14752	5.12353
-0.763636	0.606052	5.14686	5.1232
-0.761993	0.608023	5.14423	5.12419
-0.761665	0.60638	5.14029	5.12583
-0.755751	0.603752	5.14127	5.12748
-0.757722	0.607366	5.14522	5.1255
-0.754437	0.608351	5.14817	5.12485
-0.744252	0.608351	5.14916	5.12649
-0.744909	0.608023	5.14686	5.12846
-0.734396	0.607694	5.14587	5.1301
-0.729139	0.609994	5.14423	5.13043
-0.732753	0.608351	5.14292	5.1301
-0.73571	0.603095	5.14357	5.12715
-0.733739	0.610651	5.14325	5.12485
-0.731768	0.61328	5.14555	5.12485
-0.731439	0.612623	5.14719	5.12583
-0.728482	0.618536	5.14752	5.12518
-0.716326	0.62445	5.14653	5.12649
-0.715998	0.626421	5.14357	5.12682
-0.713041	0.626093	5.14193	5.12583
-0.712055	0.630035	5.14226	5.12518
-0.706142	0.632992	5.14193	5.12616
-0.70417	0.628392	5.14127	5.12616
-0.699571	0.628392	5.14226	5.12518
-0.70187	0.62445	5.14357	5.12386
-0.709098	0.622807	5.14522	5.12419
-0.708113	0.62445	5.14489	5.12485
-0.695628	0.629378	5.14423	5.12386
-0.685772	0.632335	5.1439	5.12386
-0.682487	0.63562	5.14522	5.12485
-0.681829	0.643505	5.14357	5.1255
-0.67953	0.649091	5.1439	5.12715
-0.67953	0.656319	5.14555	5.12748
-0.686758	0.65369	5.14686	5.12583
-0.686101	0.652705	5.14752	5.12419
-0.6884	0.655333	5.14456	5.1255
-0.686101	0.662889	5.14357	5.12583
-0.691029	0.664204	5.14456	5.12583
-0.683144	0.665846	5.14686	5.12748
-0.682815	0.670117	5.14686	5.12682
-0.682158	0.667817	5.14489	5.12715
-0.678873	0.67406	5.14193	5.12748
-0.684129	0.675374	5.14226	5.12583
-0.685443	0.678331	5.14357	5.12583
-0.687086	0.676031	5.14522	5.12682
-0.692014	0.675045	5.14752	5.12682
-0.689714	0.678988	5.14653	5.12649
-0.686758	0.682273	5.14489	5.12616
-0.686429	0.675374	5.14423	5.12518
-0.688072	0.678659	5.14292	5.1255
-0.689714	0.680302	5.14193	5.12583
-0.693	0.677674	5.14095	5.1255
-0.693985	0.677345	5.13996	5.12386
-0.684786	0.682602	5.14292	5.12386
-0.683472	0.686544	5.1462	5.12583
-0.686758	0.688187	5.14785	5.12748
-0.682158	0.68753	5.14686	5.1278
-0.675916	0.689501	5.14357	5.12649
-0.667702	0.691144	5.14226	5.12452
-0.65916	0.691801	5.14127	5.12485
-0.654561	0.698372	5.14127	5.12485
-0.650947	0.693772	5.1416	5.12452
-0.652589	0.695086	5.1416	5.12353
-0.65029	0.689501	5.1416	5.12419
-0.653246	0.693115	5.14456	5.12419
-0.647661	0.692787	5.1462	5.12452
-0.640762	0.701	5.14555	5.12518
-0.633862	0.694758	5.14489	5.12649
-0.628277	0.702314	5.14522	5.12518
-0.631891	0.698043	5.14522	5.12419
-0.634191	0.700343	5.1439	5.12485
-0.633205	0.699686	5.14423	5.12419
-0.640433	0.696072	5.14555	5.12386
-0.637148	0.693772	5.1462	5.1255
-0.638134	0.694101	5.14555	5.12682
-0.641747	0.694101	5.14423	5.12583
-0.638134	0.689173	5.1416	5.1255
-0.642405	0.689501	5.13996	5.12485
-0.643719	0.693115	5.14062	5.12518
-0.644047	0.693115	5.14127	5.12583
-0.650618	0.695743	5.14292	5.12485
-0.653903	0.694758	5.14292	5.12452
-0.652918	0.696729	5.1439	5.12485
-0.643062	0.696729	5.14259	5.12419
-0.646347	0.697058	5.14357	5.12485
-0.647333	0.693772	5.1439	5.12682
-0.656203	0.688187	5.1439	5.12748
-0.657517	0.690815	5.14489	5.12813
-0.656532	0.693772	5.14357	5.12682
-0.65916	0.697715	5.14193	5.12485
-0.664088	0.694758	5.14226	5.12386
-0.663431	0.689501	5.14259	5.12452
-0.661788	0.686873	5.14226	5.1255
-0.651932	0.68523	5.14357	5.12715
-0.650947	0.684902	5.14653	5.12616
-0.650947	0.691801	5.14785	5.12353
-0.655546	0.687858	5.14785	5.12353
-0.658832	0.689501	5.14587	5.1255
-0.661788	0.687858	5.14325	5.12682
-0.661788	0.684573	5.1416	5.1278
-0.668031	0.68983	5.14292	5.12682
-0.671973	0.68753	5.14686	5.12748
-0.678873	0.681616	5.14719	5.12715
-0.677887	0.681288	5.14423	5.12616
-0.67953	0.682602	5.14127	5.12419
-0.678216	0.681288	5.13996	5.12419
-0.671973	0.688516	5.13897	5.12518
-0.671316	0.69213	5.13963	5.12616
-0.670988	0.687201	5.14127	5.12649
-0.670002	0.680959	5.14292	5.12649
-0.675916	0.678331	5.14357	5.12583
-0.67953	0.669132	5.14325	5.1255
-0.684786	0.667817	5.14259	5.12518
-0.692671	0.654676	5.14357	5.12419
-0.686758	0.653033	5.14456	5.12452
-0.691029	0.657304	5.14456	5.12583
-0.691686	0.654676	5.14292	5.12715
-0.693	0.655333	5.14193	5.1278
-0.691029	0.652705	5.14226	5.12649
-0.682815	0.655004	5.14456	5.12715
-0.683144	0.661247	5.14555	5.12715
-0.677558	0.663546	5.14423	5.12353
-0.672959	0.664861	5.14489	5.12222
-0.67493	0.659275	5.14456	5.12288
-0.670002	0.667817	5.14325	5.12419
-0.665074	0.674388	5.14259	5.12616
-0.660474	0.681945	5.14226	5.12616
-0.65916	0.680959	5.14062	5.12419
-0.660474	0.680959	5.14062	5.12222
-0.652589	0.681288	5.14127	5.12156
-0.644376	0.68753	5.14127	5.1232
-0.639119	0.688187	5.14095	5.12583
-0.64799	0.680631	5.14226	5.12748
-0.653903	0.681616	5.1439	5.12682
-0.650618	0.685559	5.14456	5.12583
-0.647333	0.691144	5.14555	5.12419
-0.649632	0.68983	5.14555	5.12419
-0.649304	0.686544	5.14489	5.12485
-0.652918	0.68753	5.14292	5.1255
-0.641747	0.688844	5.14259	5.12583
-0.647661	0.687201	5.14423	5.12682
-0.645033	0.688516	5.1439	5.12583
-0.641747	0.684573	5.14423	5.12452
-0.633205	0.684573	5.14423	5.12353
-0.631234	0.683916	5.14456	5.12386
-0.637805	0.680959	5.14325	5.12452
-0.640433	0.681288	5.14259	5.1255
-0.646019	0.684902	5.1416	5.12649
-0.646676	0.684573	5.14259	5.12616
-0.646347	0.686544	5.14193	5.12616
-0.649632	0.683259	5.14193	5.12649
-0.649632	0.680302	5.14127	5.12682
-0.652918	0.673731	5.14259	5.12583
-0.661788	0.678002	5.14259	5.12452
-0.656203	0.681288	5.14226	5.12583
-0.661131	0.680631	5.14226	5.12649
-0.661131	0.683587	5.1439	5.12583
-0.66606	0.683916	5.1462	5.1255
-0.669673	0.683916	5.1462	5.12419
-0.671973	0.680959	5.14292	5.12386
-0.67263	0.678002	5.14095	5.12485
-0.671316	0.67176	5.14226	5.12649
-0.673616	0.670117	5.14587	5.12748
-0.675916	0.668475	5.14555	5.1255
-0.684786	0.666503	5.14423	5.12452
-0.682158	0.670446	5.14325	5.12353
-0.688729	0.67406	5.14522	5.12518
-0.691029	0.671431	5.14555	5.12649
-0.686101	0.675374	5.14587	5.1278
-0.692014	0.679645	5.1439	5.12649
-0.689386	0.677017	5.14325	5.1255
-0.686429	0.67636	5.14456	5.12386
-0.684786	0.674388	5.14325	5.1232
-0.687743	0.670117	5.14062	5.12353
-0.684786	0.673731	5.13897	5.1255
-0.684786	0.66946	5.14095	5.12583
-0.683472	0.671103	5.14325	5.12649
-0.684129	0.667489	5.14226	5.12649
-0.677887	0.66946	5.14226	5.12682
-0.676244	0.668803	5.14292	5.12715
-0.67263	0.66716	5.14325	5.1278
-0.662446	0.675045	5.14522	5.12813
-0.657517	0.683259	5.14489	5.12748
-0.656532	0.683587	5.14423	5.12616
-0.653246	0.684902	5.14325	5.12485
-0.646676	0.677017	5.14226	5.12386
-0.646019	0.679316	5.14226	5.12386
-0.648647	0.678331	5.14259	5.12715
-0.64109	0.679316	5.14292	5.12977
-0.637805	0.680302	5.14357	5.12879
-0.638134	0.677345	5.14456	5.12715
-0.637805	0.675374	5.14653	5.12616
-0.636819	0.672417	5.14785	5.12616
-0.637148	0.67176	5.1462	5.12715
-0.63452	0.675702	5.14423	5.12682
-0.62762	0.681288	5.14292	5.12682
-0.624006	0.692458	5.14489	5.12616
-0.620721	0.693444	5.14555	5.1255
-0.617107	0.698043	5.1462	5.12452
-0.62532	0.703957	5.14555	5.1255
-0.63452	0.701329	5.14489	5.12583
-0.629263	0.701329	5.14423	5.12682
-0.628606	0.700015	5.14292	5.12649
-0.630249	0.699686	5.1439	5.12616
-0.631563	0.706585	5.14456	5.12616
-0.636491	0.704286	5.14555	5.12616
-0.628934	0.705271	5.14555	5.1255
-0.62762	0.706585	5.14423	5.1255
-0.624663	0.7056	5.1416	5.12616
-0.630577	0.701986	5.14062	5.12649
-0.631234	0.709871	5.14193	5.12485
-0.628934	0.708228	5.14325	5.12386
-0.627292	0.710856	5.14423	5.12386
-0.630577	0.705271	5.14226	5.12518
-0.626963	0.709871	5.14127	5.12485
-0.624006	0.7079	5.14193	5.12485
-0.630577	0.700672	5.14226	5.12419
-0.63222	0.694101	5.14259	5.12386
-0.633862	0.695086	5.14357	5.12189
-0.644376	0.689501	5.14292	5.12222
-0.650947	0.690158	5.14259	5.12485
-0.659817	0.686544	5.14292	5.12682
-0.66146	0.690158	5.14292	5.12813
-0.654561	0.690158	5.14456	5.12682
-0.653575	0.689173	5.14555	5.12288
-0.65686	0.690815	5.14587	5.12222
-0.655546	0.690815	5.14325	5.12255
-0.654232	0.685887	5.14095	5.12452
-0.656532	0.684902	5.14029	5.12518
-0.658832	0.678988	5.14127	5.12419
-0.659817	0.683259	5.14193	5.12353
-0.656203	0.684902	5.14193	5.12419
-0.653903	0.68523	5.14259	5.12419
-0.65916	0.680302	5.14489	5.1255
-0.657846	0.678331	5.14653	5.12748
-0.650947	0.675045	5.14456	5.1278
-0.657846	0.678331	5.14292	5.12813
-0.655546	0.677674	5.14357	5.12715
-0.65686	0.673074	5.14522	5.12485
-0.653246	0.67636	5.14555	5.1232
-0.654561	0.673403	5.14423	5.12419
-0.65916	0.676031	5.14226	5.12419
-0.66146	0.675702	5.14226	5.12616
-0.664417	0.67636	5.14259	5.12715
-0.661788	0.67176	5.14423	5.12616
-0.66376	0.670446	5.14555	5.12452
-0.668688	0.671431	5.14555	5.12583
-0.669345	0.669132	5.14292	5.12649
-0.667374	0.662561	5.14127	5.12649
-0.665731	0.663218	5.1416	5.12616
-0.667374	0.662561	5.1439	5.12386
-0.669673	0.662561	5.14587	5.1232
-0.667702	0.658618	5.14555	5.1232
-0.672302	0.647448	5.1439	5.1232
-0.672959	0.655661	5.1439	5.12485
-0.671973	0.652376	5.14259	5.12616
-0.675259	0.65369	5.14193	5.12649
-0.673944	0.651719	5.14193	5.1255
-0.677558	0.650405	5.14259	5.12386
-0.681172	0.648762	5.14555	5.12123
-0.6907	0.641534	5.14555	5.12189
-0.694643	0.643177	5.14259	5.12452
-0.702856	0.641206	5.14259	5.12583
-0.70187	0.634963	5.1439	5.12616
-0.706142	0.633321	5.14587	5.12485
-0.705813	0.627735	5.1439	5.1232
-0.704827	0.622807	5.14259	5.12386
-0.709427	0.627407	5.14193	5.12518
-0.712712	0.625764	5.14029	5.1255
-0.724868	0.612951	5.1416	5.12748
-0.72684	0.610323	5.14226	5.12879
-0.732753	0.61098	5.14226	5.12649
-0.736696	0.602109	5.1416	5.12485
-0.730454	0.60638	5.14127	5.12288
-0.731768	0.603423	5.14226	5.12419
-0.734725	0.605395	5.14357	5.12715
-0.73571	0.610651	5.14456	5.1278
-0.731439	0.611965	5.1439	5.12715
-0.737681	0.610651	5.14292	5.12682
-0.738667	0.615579	5.14259	5.12616
-0.746881	0.619193	5.14259	5.12682
-0.748523	0.619193	5.1416	5.12846
-0.745238	0.62215	5.14062	5.1301
-0.747209	0.622807	5.14259	5.12912
-0.749837	0.62215	5.1462	5.12583
-0.752137	0.621493	5.14752	5.12222
-0.744252	0.628064	5.14686	5.12222
-0.743595	0.626093	5.14653	5.12452
-0.739653	0.629378	5.1462	5.12748
-0.741952	0.621165	5.14423	5.12879
-0.739981	0.622479	5.14226	5.12715
-0.732753	0.631678	5.14062	5.12583
-0.725525	0.637592	5.14062	5.12518
-0.718298	0.63792	5.14095	5.12518
-0.708441	0.648762	5.14357	5.1255
-0.700556	0.653033	5.14357	5.12649
-0.685772	0.661904	5.14456	5.12649
-0.684129	0.666175	5.14489	5.1255
-0.680515	0.663218	5.14357	5.12386
-0.680844	0.662889	5.14357	5.12288
-0.684458	0.662561	5.14259	5.12419
-0.682815	0.661575	5.14193	5.12748
-0.682487	0.660918	5.14095	5.1278
-0.684458	0.661575	5.14193	5.12846
-0.67493	0.669132	5.1416	5.12912
-0.678873	0.674717	5.14226	5.12748
-0.673616	0.680631	5.14259	5.12485
-0.671645	0.682273	5.14357	5.12419
-0.675587	0.683259	5.14489	5.12452
-0.668688	0.687201	5.14522	5.12583
-0.656532	0.686544	5.14325	5.12682
-0.646019	0.69213	5.1416	5.12649
-0.638134	0.687858	5.14193	5.12616
-0.633534	0.694429	5.14325	5.12649
-0.630577	0.696729	5.14555	5.12616
-0.62762	0.694429	5.14522	5.12616
-0.62992	0.69213	5.14325	5.12616
-0.625978	0.693115	5.14095	5.12485
-0.618421	0.693444	5.14062	5.12518
-0.625978	0.691472	5.1416	5.12518
-0.624006	0.687201	5.14357	5.12386
-0.623678	0.687201	5.14522	5.12386
-0.624335	0.692458	5.14423	5.12518
-0.620721	0.697058	5.14325	5.12682
-0.620064	0.698043	5.14357	5.12715
-0.620392	0.700672	5.14292	5.12682
-0.631891	0.703957	5.14357	5.1255
-0.624663	0.7056	5.14522	5.12419
-0.625978	0.706257	5.14489	5.12485
-0.621049	0.709542	5.14489	5.12518
-0.62532	0.7079	5.14259	5.12583
-0.618421	0.716113	5.1416	5.1278
-0.624006	0.717427	5.14292	5.12682
-0.628934	0.718741	5.14423	5.12419
-0.624663	0.712828	5.14423	5.12222
-0.631891	0.704943	5.14357	5.12386
-0.630577	0.704943	5.14259	5.12518
-0.638462	0.700672	5.14062	5.12649
-0.64109	0.685559	5.1416	5.12682
-0.644376	0.680959	5.1439	5.12616
-0.648647	0.684245	5.1439	5.1255
-0.64569	0.682273	5.14325	5.1255
-0.644047	0.678002	5.14325	5.12419
-0.648647	0.675702	5.1439	5.12386
-0.639119	0.67636	5.1462	5.12452
-0.636162	0.683259	5.14653	5.12682
-0.640105	0.681616	5.1462	5.12682
-0.64109	0.680631	5.14489	5.12485
-0.646676	0.666832	5.14259	5.12518
-0.643062	0.66946	5.13897	5.12353
-0.644047	0.670446	5.13766	5.1232
-0.642076	0.670774	5.13996	5.1255
-0.644376	0.670117	5.14357	5.12616
-0.644047	0.66716	5.14423	5.12616
-0.639776	0.671431	5.1439	5.1255
-0.638462	0.674388	5.14292	5.12452
-0.646676	0.671103	5.14226	5.12419
-0.64569	0.672089	5.14325	5.12583
-0.643719	0.671431	5.14259	5.12715
-0.64569	0.665189	5.14325	5.12715
-0.644376	0.665518	5.14325	5.12715
-0.643062	0.666503	5.14357	5.12649
-0.642733	0.662889	5.14456	5.12452
-0.64569	0.658947	5.14456	5.12616
-0.648975	0.660918	5.14456	5.12813
-0.651604	0.657304	5.14489	5.12813
-0.645033	0.650405	5.14456	5.12748
-0.651604	0.643505	5.14522	5.12649
-0.660474	0.633649	5.14522	5.12583
-0.67263	0.632664	5.14456	5.12583
-0.678216	0.627078	5.14489	5.1255
-0.686429	0.628392	5.14587	5.12583
-0.691686	0.630035	5.14456	5.12846
-0.694971	0.626421	5.14489	5.12945
-0.700228	0.628721	5.1462	5.12912
-0.700228	0.629378	5.1439	5.12715
-0.70417	0.630035	5.14193	5.12419
-0.709755	0.627407	5.14127	5.12452
-0.715341	0.62445	5.14292	5.12649
-0.72454	0.619522	5.1439	5.12813
-0.719612	0.628721	5.14423	5.12682
-0.723226	0.62215	5.1439	5.12518
-0.729796	0.62215	5.14292	5.12419
-0.728154	0.619193	5.14193	5.12649
-0.735382	0.611637	5.14127	5.12649
-0.734396	0.613608	5.14127	5.12583
-0.736696	0.613608	5.14193	5.12485
-0.734396	0.607694	5.14357	5.12452
-0.744252	0.603752	5.14456	5.12386
-0.749509	0.602438	5.14259	5.12386
-0.755751	0.603095	5.1416	5.12616
-0.750823	0.602766	5.14226	5.12748
-0.754437	0.597838	5.14555	5.1278
-0.754766	0.601781	5.14719	5.12879
-0.75608	0.600795	5.14555	5.12879
-0.765279	0.601124	5.14423	5.12715
-0.766593	0.601124	5.14292	5.12616
-0.775135	0.595538	5.14095	5.12682
-0.773492	0.599481	5.14193	5.12846
-0.768893	0.605723	5.14489	5.12813
-0.770864	0.595867	5.1462	5.12715
-0.769878	0.594224	5.14587	5.12583
-0.771521	0.589953	5.14423	5.12518
-0.769878	0.582068	5.14325	5.1255
-0.770864	0.586339	5.14292	5.12616
-0.766922	0.585682	5.14259	5.12682
-0.765279	0.587325	5.14357	5.12649
-0.761008	0.585682	5.14555	5.12518
-0.761665	0.579768	5.14686	5.12583
-0.763965	0.586668	5.14456	5.12682
-0.75838	0.585354	5.14357	5.12748
-0.757722	0.591267	5.14226	5.12813
-0.75378	0.596195	5.14226	5.12977
-0.756408	0.594553	5.14357	5.13142
-0.759694	0.590282	5.1439	5.12945
-0.754108	0.595867	5.14489	5.12748
-0.745238	0.605723	5.14653	5.12682
-0.741952	0.598495	5.14719	5.12583
-0.739981	0.596524	5.1462	5.12715
-0.73341	0.59751	5.14522	5.12748
-0.731111	0.59521	5.1439	5.12616
-0.729468	0.593896	5.14456	5.12649
-0.733082	0.599152	5.1462	5.12748
-0.732096	0.603095	5.14587	5.12748
-0.721583	0.611308	5.14456	5.12715
-0.709427	0.618865	5.14357	5.12583
-0.711727	0.621822	5.14292	5.12616
-0.710413	0.625764	5.1439	5.1278
-0.707456	0.621822	5.14653	5.12813
-0.709098	0.627078	5.14653	5.12715
-0.707456	0.628392	5.14423	5.1255
-0.703842	0.630692	5.14292	5.12419
-0.707456	0.625107	5.14259	5.12485
-0.713041	0.622479	5.14423	5.12518
-0.71107	0.626421	5.14522	5.12616
-0.709427	0.627407	5.1462	5.12649
-0.704827	0.623793	5.14522	5.12649
-0.706799	0.620508	5.14325	5.12485
-0.709098	0.622479	5.14292	5.12386
-0.708113	0.625107	5.1439	5.12485
-0.706799	0.627407	5.14456	5.12518
-0.705484	0.627078	5.14522	5.12583
-0.699571	0.631678	5.14555	5.12616
-0.688729	0.634635	5.14686	5.12583
-0.692671	0.63792	5.14555	5.12649
-0.692671	0.644491	5.14357	5.12748
-0.692671	0.644162	5.14259	5.12748
-0.688729	0.646134	5.14226	5.12583
-0.685443	0.647448	5.14127	5.12518
-0.684458	0.65139	5.14193	5.12452
-0.687415	0.652376	5.1416	5.1232
-0.690372	0.652047	5.1416	5.12419
-0.690372	0.650076	5.14095	5.12485
-0.685443	0.648762	5.14062	5.12485
-0.692014	0.651062	5.14095	5.1255
-0.697928	0.650733	5.14357	5.12452
-0.699571	0.652047	5.14522	5.1232
-0.703513	0.660261	5.14456	5.12222
-0.700885	0.66059	5.14325	5.1232
-0.700556	0.658947	5.14423	5.12518
-0.6953	0.658618	5.14456	5.12616
-0.688072	0.66059	5.14522	5.12649
-0.683144	0.666832	5.14587	5.12649
-0.688072	0.662889	5.1462	5.12682
-0.683801	0.664532	5.1439	5.12583
-0.679858	0.66716	5.14127	5.12649
-0.679858	0.665846	5.14226	5.1278
-0.680844	0.664861	5.14325	5.12649
-0.680844	0.663546	5.14587	5.12485
-0.680844	0.664532	5.14883	5.1232
-0.671645	0.66716	5.14817	5.12222
-0.669016	0.664861	5.1462	5.12288
-0.668359	0.664204	5.14653	5.12386
-0.664417	0.670446	5.1462	5.12452
-0.664088	0.674388	5.14555	5.12583
-0.667702	0.667817	5.14489	5.12583
-0.664745	0.674388	5.14555	5.12419
-0.669016	0.676031	5.14489	5.12518
-0.670331	0.670446	5.14489	5.12452
-0.665402	0.671103	5.14259	5.12485
-0.665731	0.663546	5.14193	5.12518
-0.670331	0.663546	5.1416	5.12485
-0.673616	0.663546	5.14062	5.12386
-0.676573	0.662561	5.14193	5.1255
-0.674273	0.659604	5.14292	5.12682
-0.681829	0.659604	5.14423	5.12649
-0.682487	0.659932	5.1439	5.12649
-0.686101	0.657633	5.1439	5.12682
-0.685115	0.657961	5.1439	5.12649
-0.682487	0.661904	5.14489	5.12715
-0.685443	0.659932	5.14686	5.1255
-0.686758	0.652705	5.14653	5.12288
-0.693328	0.657304	5.14522	5.12452
-0.693985	0.65829	5.14357	5.12649
-0.692671	0.662232	5.14193	5.1255
-0.689714	0.662561	5.14226	5.1255
-0.683472	0.666175	5.14259	5.1255
-0.685772	0.665518	5.14357	5.12616
-0.683144	0.665189	5.14555	5.12715
-0.682815	0.66059	5.14653	5.12715
-0.680515	0.665189	5.14423	5.12616
-0.682815	0.660918	5.14226	5.12616
-0.689057	0.662889	5.14456	5.12452
-0.685772	0.659932	5.14752	5.12353
-0.682815	0.658618	5.14817	5.12518
-0.683472	0.660918	5.14686	5.12616
-0.679858	0.665189	5.14489	5.1278
-0.684458	0.656647	5.14522	5.12945
-0.689386	0.655333	5.1439	5.12682
-0.693	0.649091	5.1439	5.12353
-0.701542	0.635292	5.14489	5.12288
-0.708441	0.631349	5.14456	5.12353
-0.71994	0.625764	5.14292	5.12518
-0.720926	0.617551	5.14095	5.12583
-0.724868	0.608351	5.14062	5.12419
-0.725854	0.596524	5.14095	5.1232
-0.730454	0.59291	5.14226	5.12419
-0.737353	0.592581	5.1439	5.1255
-0.74031	0.59061	5.14489	5.12583
-0.738339	0.590282	5.14456	5.12583
-0.746552	0.593239	5.14522	5.12583
-0.749509	0.59061	5.1462	5.12616
-0.751152	0.584039	5.14785	5.12813
-0.746552	0.580754	5.14719	5.1301
-0.756408	0.580754	5.14423	5.13076
-0.756408	0.57944	5.14127	5.1278
-0.752137	0.579768	5.13897	5.12419
-0.745566	0.586996	5.13996	5.1255
-0.745566	0.580425	5.14325	5.12583
-0.746881	0.578126	5.14456	5.1255
-0.750166	0.582397	5.14555	5.12518
-0.750823	0.580754	5.14555	5.12485
-0.748523	0.581083	5.14555	5.12485
-0.75608	0.576483	5.14587	5.12583
-0.750495	0.577797	5.14686	5.12715
-0.751809	0.575826	5.14456	5.12813
-0.753123	0.575497	5.14259	5.12748
-0.75378	0.576154	5.14292	5.12616
-0.757722	0.578783	5.14292	5.12485
-0.758708	0.581083	5.14292	5.12583
-0.76495	0.576812	5.1439	5.12682
-0.768564	0.579111	5.14423	5.12715
-0.773821	0.576812	5.14357	5.12649
-0.775792	0.575826	5.14456	5.12583
-0.775792	0.574183	5.14653	5.12518
-0.776778	0.573855	5.14587	5.12485
-0.77185	0.572212	5.14259	5.12518
-0.780063	0.57714	5.14062	5.1278
-0.780392	0.578783	5.14259	5.12846
-0.779078	0.577797	5.14325	5.12748
-0.781706	0.569912	5.14259	5.12485
-0.783677	0.569584	5.14325	5.12419
-0.779078	0.573855	5.1439	5.12616
-0.776449	0.575169	5.14292	5.12748
-0.776449	0.579768	5.14259	5.12813
-0.769878	0.583054	5.14423	5.12813
-0.771521	0.581083	5.14522	5.12748
-0.766264	0.584368	5.14489	5.12616
-0.761336	0.585682	5.14325	5.12616
-0.762979	0.589296	5.14259	5.12682
-0.757722	0.590282	5.14292	5.12649
-0.754108	0.593896	5.14193	5.12616
-0.748195	0.600138	5.14193	5.12715
-0.744581	0.605066	5.14259	5.12715
-0.744252	0.606709	5.14489	5.12518
-0.740967	0.608351	5.14686	5.12452
-0.739981	0.610651	5.14785	5.12386
-0.74031	0.610323	5.14719	5.12485
-0.739324	0.61328	5.14489	5.12616
-0.734067	0.617222	5.14325	5.12485
-0.732096	0.620508	5.14357	5.12518
-0.730454	0.621822	5.14357	5.12452
-0.720597	0.634306	5.14489	5.12583
-0.71994	0.637263	5.14292	5.12682
-0.714026	0.646462	5.14193	5.12846
-0.701542	0.658618	5.1416	5.1278
-0.700228	0.655333	5.14357	5.1278
-0.691029	0.660261	5.14423	5.12682
-0.681501	0.657961	5.14489	5.12485
-0.684458	0.650405	5.14587	5.12353
-0.682815	0.65829	5.14522	5.12419
-0.671973	0.662889	5.14292	5.12518
-0.671973	0.663218	5.14193	5.12583
-0.669673	0.67176	5.14357	5.12748
-0.665731	0.676688	5.14555	5.12649
-0.65916	0.68293	5.14653	5.12452
-0.655546	0.683916	5.14489	5.12518
-0.654232	0.68753	5.14193	5.12583
-0.649961	0.685887	5.14062	5.12748
-0.646019	0.686216	5.14193	5.1278
-0.647004	0.681616	5.14325	5.12583
-0.645033	0.684573	5.14292	5.12386
-0.647661	0.692787	5.14127	5.1232
-0.648647	0.697058	5.14292	5.1232
-0.649632	0.701	5.14325	5.12353
-0.646019	0.706257	5.14193	5.1255
-0.644704	0.709871	5.14095	5.12649
-0.642733	0.708885	5.14226	5.12715
-0.644704	0.713485	5.14292	5.12649
-0.646019	0.715456	5.14259	5.12452
-0.648318	0.719398	5.14226	5.12518
-0.649632	0.717427	5.1439	5.12485
-0.65686	0.715127	5.14357	5.12485
-0.658503	0.708885	5.14325	5.12649
-0.65916	0.7079	5.14259	5.12682
-0.658503	0.704614	5.14357	5.1255
-0.660146	0.704286	5.14522	5.12715
-0.662446	0.701	5.14686	5.12977
-0.663103	0.701	5.14686	5.1301
-0.667702	0.7033	5.14325	5.12912
-0.669016	0.702971	5.14259	5.12649
-0.671645	0.700343	5.14357	5.12419
-0.676573	0.693115	5.14292	5.12419
-0.680187	0.693115	5.14095	5.12353
-0.685115	0.694101	5.14029	5.12189
-0.679858	0.696072	5.14193	5.12288
-0.685115	0.693772	5.1439	5.1255
-0.688729	0.688187	5.14522	5.12682
-0.6907	0.684573	5.1462	5.12748
-0.692671	0.682273	5.14522	5.12682
-0.687743	0.679316	5.14357	5.12649
-0.689057	0.684245	5.14292	5.12715
-0.683801	0.68523	5.14127	5.12813
-0.67723	0.685887	5.1416	5.12682
-0.676901	0.678988	5.14325	5.12583
-0.67723	0.675374	5.14456	5.1232
-0.678544	0.680959	5.14423	5.12156
-0.682487	0.672089	5.14489	5.12288
-0.688072	0.667489	5.14555	5.12452
-0.695628	0.661904	5.14522	5.12649
-0.692343	0.665518	5.14522	5.12748
-0.6907	0.665846	5.14522	5.12682
-0.695628	0.664861	5.14292	5.12616
-0.702528	0.662889	5.14292	5.12616
-0.707456	0.661904	5.14325	5.12616
-0.710413	0.659604	5.14357	5.12846
-0.714684	0.658618	5.1439	5.12945
-0.717312	0.660918	5.14456	5.12945
-0.721254	0.656647	5.14555	5.1278
-0.721254	0.653362	5.14522	5.12682
-0.71994	0.655661	5.14292	5.1255
-0.725197	0.652376	5.14259	5.12518
-0.729139	0.652047	5.14292	5.12649
-0.729139	0.652047	5.14325	5.12682
-0.729468	0.646791	5.14325	5.1255
-0.734067	0.647119	5.14292	5.12386
-0.74031	0.641534	5.14489	5.12485
-0.748195	0.635949	5.14555	5.12616
-0.750166	0.629707	5.14522	5.12518
-0.755423	0.616894	5.14456	5.1255
-0.761665	0.609009	5.14292	5.12649
-0.770864	0.607694	5.14325	5.12649
-0.76955	0.607037	5.1416	5.1255
-0.774807	0.609994	5.1416	5.12386
-0.784663	0.608351	5.14226	5.12288
-0.788605	0.604409	5.14259	5.12452
-0.788277	0.599152	5.14423	5.1278
-0.797147	0.595867	5.14522	5.1278
-0.799447	0.584696	5.1462	5.12715
-0.806018	0.581411	5.14785	5.12616
-0.808318	0.584368	5.14752	5.12485
-0.817845	0.579768	5.14686	5.12616
-0.820145	0.572212	5.14587	5.1278
-0.824088	0.568269	5.14489	5.12682
-0.821788	0.567284	5.14489	5.12682
-0.82573	0.564327	5.14423	5.12682
-0.821131	0.56137	5.14325	5.12485
-0.824745	0.563998	5.14357	5.12452
-0.827045	0.564984	5.14423	5.12452
-0.825073	0.56597	5.14325	5.12288
-0.825402	0.564984	5.14325	5.12452
-0.824088	0.567612	5.14456	5.12452
-0.822774	0.567941	5.14686	5.12419
-0.821131	0.570898	5.14555	5.1255
-0.824416	0.573855	5.14423	5.12583
-0.818831	0.568927	5.14325	5.12649
-0.821788	0.569255	5.14259	5.12682
-0.821459	0.564655	5.14127	5.12748
-0.820145	0.560384	5.14193	5.12846
-0.820145	0.56367	5.14127	5.12879
-0.818502	0.568927	5.14127	5.12748
-0.819488	0.566955	5.1416	5.12518
-0.819817	0.56597	5.14259	5.1278
-0.818174	0.574183	5.14423	5.1301
-0.816531	0.574183	5.14423	5.13043
-0.810946	0.579768	5.1439	5.12945
-0.802733	0.580754	5.14555	5.12813
-0.802404	0.584039	5.1462	5.12583
-0.801418	0.58831	5.14522	5.12616
-0.797476	0.59521	5.14226	5.12682
-0.799447	0.596853	5.14193	5.12485
-0.793533	0.600795	5.14423	5.12386
-0.784006	0.608351	5.14719	5.12288
-0.778092	0.613937	5.14719	5.12123
-0.778421	0.607037	5.14423	5.12222
-0.781049	0.610323	5.14193	5.12353
-0.780392	0.612294	5.14292	5.1255
-0.781706	0.61098	5.1439	5.12649
-0.776121	0.609994	5.1439	5.12715
-0.773492	0.611965	5.14325	5.12616
-0.766593	0.615251	5.14423	5.1255
-0.762979	0.619193	5.14489	5.12616
-0.767907	0.620836	5.14456	5.12715
-0.764293	0.62445	5.14193	5.12813
-0.759694	0.627078	5.13996	5.12748
-0.754437	0.629707	5.1416	5.12748
-0.749509	0.638577	5.14357	5.1255
-0.752466	0.63792	5.14456	5.12222
-0.745238	0.643177	5.14423	5.1232
-0.748523	0.643505	5.14325	5.12419
-0.750495	0.64022	5.14127	5.12518
-0.752137	0.639891	5.14259	5.12682
-0.755094	0.641863	5.14357	5.12813
-0.752137	0.648105	5.14456	5.12846
-0.751809	0.649748	5.14489	5.12846
-0.744581	0.656647	5.14456	5.12813
-0.748852	0.65599	5.14325	5.12682
-0.752137	0.658947	5.14193	5.12518
-0.750495	0.655661	5.14193	5.12353
-0.745238	0.656319	5.14325	5.12386
-0.751809	0.655661	5.14489	5.12452
-0.743595	0.654347	5.14653	5.1255
-0.749509	0.660261	5.14686	5.12485
-0.754108	0.654676	5.14555	5.12649
-0.757722	0.65139	5.14325	5.1278
-0.755751	0.654019	5.14325	5.12682
-0.757394	0.651719	5.1439	5.1255
-0.757065	0.654676	5.14522	5.12649
-0.755751	0.657633	5.14653	5.12748
-0.749509	0.662232	5.14456	5.12813
-0.744581	0.661247	5.14193	5.12945
-0.742938	0.659932	5.14095	5.12879
-0.737024	0.659604	5.14325	5.12748
-0.72684	0.659275	5.14587	5.12715
-0.72224	0.660261	5.14587	5.12879
-0.721911	0.65829	5.14456	5.1301
-0.721583	0.655333	5.14292	5.12912
-0.721911	0.654347	5.14226	5.12813
-0.719283	0.647448	5.14357	5.13043
-0.720926	0.641206	5.14357	5.12846
-0.723226	0.641534	5.14292	5.12616
-0.726182	0.640549	5.14259	5.12616
-0.725854	0.639891	5.14259	5.12715
-0.727497	0.643834	5.14292	5.1278
-0.726182	0.64252	5.14193	5.12813
-0.727497	0.640877	5.14193	5.12583
-0.730454	0.640877	5.14127	5.1255
-0.731439	0.638906	5.14226	5.12452
-0.732753	0.637592	5.14423	5.12518
-0.73571	0.633649	5.14555	5.1255
-0.730454	0.632335	5.14423	5.12682
-0.734396	0.627078	5.14226	5.1278
-0.735382	0.62445	5.14029	5.12846
-0.74031	0.629378	5.14193	5.12879
-0.743924	0.628721	5.14489	5.12945
-0.74261	0.630035	5.14555	5.12813
-0.73571	0.634963	5.14292	5.1278
-0.736696	0.64252	5.14325	5.12485
-0.740638	0.642191	5.14325	5.1255
-0.744252	0.643505	5.14325	5.12682
-0.747538	0.642848	5.14292	5.1255
-0.739981	0.639234	5.14259	5.1255
-0.738667	0.63562	5.14357	5.12682
-0.74261	0.626421	5.14456	5.12879
-0.753451	0.628392	5.1439	5.12945
-0.754108	0.62905	5.14259	5.12912
-0.764622	0.62215	5.13963	5.13043
-0.773492	0.617879	5.14029	5.1301
-0.78072	0.61328	5.14193	5.12682
-0.779406	0.612294	5.1439	5.12288
-0.784663	0.609337	5.1439	5.12288
-0.79419	0.599481	5.1439	5.12485
-0.793205	0.599152	5.14357	5.12616
-0.792219	0.602766	5.1439	5.12846
-0.799447	0.596853	5.14456	5.1278
-0.801418	0.593896	5.14325	5.12583
-0.806018	0.586339	5.14127	5.12715
-0.811603	0.584039	5.14325	5.12649
-0.811932	0.583054	5.1439	5.1278
-0.813246	0.577797	5.14423	5.12715
-0.816531	0.581411	5.14423	5.12583
-0.820802	0.581083	5.14456	5.1255
-0.827702	0.580097	5.14555	5.12682
-0.829016	0.582397	5.14423	5.12682
-0.825073	0.57944	5.14292	5.12682
-0.822774	0.580754	5.14357	5.1278
-0.817517	0.581411	5.14555	5.12649
-0.814231	0.580754	5.14719	5.12616
-0.814889	0.579111	5.14555	5.12583
-0.814231	0.578126	5.14292	5.12682
-0.817845	0.577797	5.14193	5.12682
-0.813903	0.580754	5.14193	5.12748
-0.815217	0.582397	5.14456	5.12682
-0.818174	0.586011	5.14653	5.12715
-0.816531	0.58174	5.14719	5.1278
-0.806675	0.586011	5.14686	5.1278
-0.806018	0.59291	5.1439	5.12682
-0.806675	0.596853	5.1416	5.12518
-0.803061	0.602109	5.14127	5.12452
-0.80109	0.60868	5.13963	5.12682
-0.804375	0.603752	5.1393	5.12977
-0.802075	0.602109	5.14029	5.12945
-0.803061	0.594553	5.14357	5.12485
-0.801747	0.594553	5.14522	5.12156
-0.806018	0.586996	5.14587	5.12156
-0.806675	0.586011	5.14489	5.12452
-0.808646	0.576812	5.14357	5.12715
-0.811603	0.579768	5.14325	5.12748
-0.812589	0.575826	5.14325	5.12715
-0.813903	0.576812	5.14292	5.12583
-0.811603	0.573526	5.14522	5.12419
-0.810618	0.578454	5.14555	5.12419
-0.810289	0.573526	5.14357	5.12386
-0.813574	0.581411	5.14226	5.1232
-0.813903	0.576154	5.14127	5.12452
-0.813246	0.570569	5.1416	5.12485
-0.81686	0.574512	5.14555	5.12452
-0.820802	0.577469	5.14587	5.1255
-0.823431	0.572869	5.1439	5.12748
-0.825402	0.573526	5.14292	5.12879
-0.820145	0.58174	5.14259	5.12912
-0.824416	0.577797	5.14226	5.12748
-0.827045	0.574512	5.1416	5.12682
-0.829016	0.565313	5.14127	5.12518
-0.835915	0.562356	5.1416	5.12255
-0.829016	0.563998	5.14259	5.12156
-0.832958	0.557099	5.14456	5.12353
-0.836572	0.554799	5.14555	5.12649
-0.842486	0.550528	5.14587	5.12616
-0.848728	0.543957	5.14752	5.12682
-0.848071	0.549214	5.14653	5.12583
-0.849385	0.5456	5.14653	5.12583
-0.849385	0.542315	5.1462	5.12715
-0.849057	0.543957	5.14456	5.12813
-0.851685	0.542315	5.14325	5.12813
-0.849714	0.542972	5.1439	5.1278
-0.855299	0.539358	5.14357	5.12649
-0.853656	0.539686	5.14259	5.12682
-0.853656	0.540343	5.14259	5.12846
-0.856942	0.545272	5.14259	5.12945
-0.859242	0.542315	5.1416	5.1301
-0.854313	0.548228	5.14259	5.12879
-0.8415	0.55907	5.1439	5.12715
-0.839201	0.568927	5.14522	5.1255
-0.832301	0.579768	5.14686	5.12419
-0.83033	0.579111	5.14653	5.12485
-0.826059	0.579111	5.14555	5.12879
-0.823759	0.578126	5.14357	5.12912
-0.821459	0.583711	5.14292	5.12715
-0.819488	0.586339	5.14357	5.12583
-0.812589	0.587982	5.14489	5.12616
-0.804047	0.592253	5.14522	5.1255
-0.801747	0.584368	5.14292	5.12715
-0.799119	0.583711	5.1416	5.1278
-0.795833	0.584039	5.14095	5.12649
-0.788934	0.592581	5.14095	5.12682
-0.783349	0.593567	5.14062	5.1255
-0.780063	0.593239	5.14226	5.1255
-0.777435	0.598495	5.14292	5.12583
-0.776121	0.605395	5.14292	5.1278
-0.771521	0.610323	5.14325	5.12846
-0.770207	0.611308	5.14489	5.12748
-0.762979	0.615251	5.14522	5.12518
-0.759694	0.625107	5.14555	5.12452
-0.761993	0.627407	5.14489	5.1255
-0.760679	0.627078	5.14423	5.1255
-0.762651	0.626093	5.14325	5.12485
-0.761665	0.627078	5.14259	5.12386
-0.764622	0.624121	5.14325	5.12255
-0.763636	0.621165	5.14489	5.12419
-0.757722	0.62445	5.14587	5.12616
-0.759694	0.619193	5.14423	5.12583
-0.760351	0.618536	5.14259	5.12682
-0.768564	0.621165	5.14062	5.12945
-0.764622	0.628721	5.14029	5.1301
-0.764293	0.630035	5.14193	5.12813
-0.76725	0.628064	5.14423	5.12616
-0.762651	0.633649	5.14489	5.1255
-0.761665	0.62905	5.1439	5.12616
-0.761993	0.632335	5.14357	5.12616
-0.766922	0.634306	5.1439	5.12682
-0.766264	0.633978	5.14292	5.12813
-0.773492	0.632335	5.14325	5.12846
-0.776121	0.631349	5.14259	5.12682
-0.778749	0.627735	5.14193	5.12419
-0.786634	0.630035	5.14357	5.1232
-0.783349	0.631678	5.1439	5.1255
-0.785648	0.627407	5.14522	5.12912
-0.781377	0.629707	5.14423	5.1301
-0.779406	0.629378	5.14423	5.12813
-0.776778	0.627078	5.14292	5.12748
-0.776121	0.628721	5.14357	5.12813
-0.778092	0.628721	5.14555	5.12616
-0.779735	0.61985	5.14587	5.12682
-0.78762	0.613608	5.14325	5.12977
-0.788605	0.613608	5.14259	5.1301
-0.791234	0.611965	5.14489	5.1278
-0.79419	0.612294	5.14817	5.12452
-0.794848	0.612623	5.15014	5.12353
-0.790248	0.602766	5.1485	5.12485
-0.793862	0.602766	5.14555	5.12583
-0.792876	0.596195	5.14292	5.12583
-0.806346	0.587653	5.14226	5.12682
-0.80996	0.586996	5.14489	5.12715
-0.814889	0.576483	5.14653	5.12616
-0.815874	0.572212	5.1462	5.12452
-0.820802	0.574512	5.14555	5.12288
-0.818174	0.57714	5.14325	5.12353
-0.820474	0.571883	5.14193	5.12583
-0.820145	0.565641	5.14259	5.12649
-0.818502	0.562684	5.1439	5.12518
-0.817188	0.55907	5.14489	5.12485
-0.820802	0.552499	5.14686	5.12583
-0.821459	0.549543	5.14719	5.12879
-0.813246	0.550857	5.14653	5.12945
-0.817845	0.549543	5.14423	5.12813
-0.82573	0.535087	5.14325	5.12583
-0.827702	0.529173	5.14357	5.12386
-0.829673	0.528187	5.14653	5.1232
-0.832301	0.523259	5.1462	5.1232
-0.837229	0.519317	5.1439	5.12222
-0.840186	0.517017	5.14193	5.12419
-0.844129	0.516688	5.14062	5.12616
-0.847086	0.512746	5.14193	5.12748
-0.854642	0.508146	5.14456	5.12846
-0.85957	0.503875	5.1462	5.12715
-0.868769	0.498619	5.14719	5.12583
-0.869755	0.498947	5.14785	5.1255
-0.872383	0.494676	5.1462	5.12649
-0.874683	0.490734	5.14555	5.12879
-0.87764	0.488105	5.14489	5.12977
-0.87534	0.490077	5.14489	5.12813
-0.87994	0.488105	5.14653	5.12583
-0.878297	0.485477	5.14653	5.12583
-0.881582	0.485806	5.14489	5.12748
-0.880925	0.486463	5.14292	5.12682
-0.882239	0.484163	5.14226	5.12583
-0.882897	0.484163	5.1439	5.12616
-0.884211	0.483834	5.14456	5.12616
-0.886839	0.481863	5.14489	5.12518
-0.885853	0.484491	5.14423	5.12616
-0.885525	0.483177	5.14259	5.12715
-0.890781	0.481863	5.14193	5.12715
-0.891439	0.485148	5.14325	5.12715
-0.88881	0.489748	5.14653	5.12583
-0.891767	0.488105	5.14686	5.12715
-0.896038	0.491391	5.14555	5.1278
-0.89341	0.498619	5.14325	5.1278
-0.894724	0.498947	5.14259	5.12879
-0.890453	0.501904	5.14193	5.12649
-0.890124	0.502561	5.14226	5.12583
-0.888482	0.507818	5.14489	5.1278
-0.882568	0.505518	5.1462	5.12912
-0.879283	0.506504	5.14522	5.12879
-0.881254	0.506504	5.14259	5.12945
-0.877968	0.508475	5.14127	5.12977
-0.87534	0.509461	5.14127	5.12748
-0.874683	0.514389	5.14325	5.12649
-0.876983	0.516031	5.14522	5.12288
-0.873697	0.517674	5.14555	5.12288
-0.870083	0.522931	5.14555	5.12386
-0.867455	0.521617	5.14653	5.12583
-0.860227	0.522931	5.14522	5.1255
-0.852014	0.526873	5.14423	5.12583
-0.840515	0.530159	5.1439	5.12715
-0.835258	0.53443	5.14423	5.12649
-0.831973	0.541	5.14489	5.1255
-0.83263	0.537387	5.1439	5.1232
-0.823431	0.544943	5.14292	5.12288
-0.825402	0.541	5.14259	5.12485
-0.824416	0.541658	5.1416	5.12649
-0.825073	0.548557	5.14325	5.12682
-0.828359	0.552499	5.14555	5.12682
-0.82573	0.560384	5.14653	5.12649
-0.825402	0.559399	5.14522	5.12419
-0.823759	0.560384	5.14292	5.12616
-0.820802	0.56367	5.14193	5.12616
-0.818174	0.555456	5.14259	5.12616
-0.818502	0.555456	5.14259	5.1255
-0.825073	0.555456	5.14226	5.12386
-0.828687	0.545272	5.14259	5.12156
-0.827373	0.541986	5.14325	5.12288
-0.838543	0.542972	5.14259	5.12616
-0.836572	0.551185	5.13963	5.1301
-0.837886	0.554471	5.13799	5.12846
-0.838872	0.551514	5.14062	5.12649
-0.836901	0.551514	5.14423	5.12485
-0.840186	0.552499	5.14423	5.12616
-0.847414	0.551185	5.14226	5.12715
-0.847743	0.552499	5.13996	5.12682
-0.852342	0.550857	5.14029	5.12715
-0.844129	0.553485	5.14325	5.12715
-0.838543	0.556442	5.14489	5.12813
-0.83493	0.564655	5.14522	5.12682
-0.831644	0.568598	5.14489	5.12485
-0.829016	0.571226	5.14357	5.12353
-0.828359	0.572869	5.1416	5.12419
-0.821459	0.572212	5.14193	5.1255
-0.822116	0.569584	5.14423	5.12616
-0.822445	0.57254	5.14555	5.12452
-0.820802	0.573198	5.14522	5.12353
-0.817517	0.576812	5.14489	5.12353
-0.818502	0.576812	5.14325	5.1255
-0.820802	0.577797	5.14193	5.12748
-0.825073	0.582068	5.1439	5.12748
-0.82573	0.581411	5.14522	5.1255
-0.82573	0.579111	5.14522	5.12419
-0.824745	0.582068	5.14456	5.1255
-0.820802	0.588639	5.14423	5.12682
-0.817188	0.59291	5.1439	5.12649
-0.812589	0.591596	5.14357	5.12748
-0.813246	0.592581	5.14456	5.12518
-0.811275	0.59061	5.14522	5.12452
-0.809632	0.589625	5.14555	5.12485
-0.810946	0.585354	5.14423	5.12419
-0.808646	0.59061	5.14357	5.12485
-0.799776	0.594224	5.1439	5.12715
-0.800433	0.589953	5.14325	5.1301
-0.801747	0.579111	5.14127	5.1301
-0.807989	0.576154	5.14226	5.1278
-0.802075	0.575826	5.14259	5.12649
-0.798133	0.578783	5.14292	5.12485
-0.799447	0.568598	5.14226	5.12452
-0.80109	0.568598	5.13897	5.12583
-0.800104	0.558085	5.1393	5.12879
-0.800104	0.556113	5.14193	5.1278
-0.799776	0.553157	5.1439	5.12518
-0.797147	0.554471	5.14489	5.12518
-0.79419	0.554799	5.14423	5.12682
-0.79419	0.550528	5.14357	5.12616
-0.790905	0.552171	5.14325	5.12485
-0.795176	0.549543	5.14259	5.12518
-0.801747	0.551185	5.14292	5.12583
-0.803718	0.553814	5.14522	5.12616
-0.804375	0.557756	5.14587	5.12715
-0.806675	0.562684	5.14522	5.1255
-0.806675	0.557756	5.14357	5.12485
-0.807661	0.557428	5.1416	5.12649
-0.813574	0.559399	5.14226	5.12748
-0.817517	0.560384	5.14357	5.12846
-0.825073	0.562356	5.14357	5.12879
-0.821131	0.558742	5.14423	5.1255
-0.818502	0.56137	5.14456	5.12189
-0.826387	0.55907	5.14325	5.11926
-0.83033	0.558742	5.14193	5.12156
-0.832301	0.562684	5.14095	5.12255
-0.830001	0.561042	5.14226	5.12386
-0.831973	0.558413	5.14292	5.12419
-0.831973	0.561699	5.14423	5.12386
-0.831973	0.557756	5.14489	5.12353
-0.828359	0.561042	5.14456	5.12485
-0.822774	0.55907	5.14489	5.12649
-0.823431	0.559399	5.14522	5.1255
-0.824745	0.559399	5.1439	5.12419
-0.824745	0.554471	5.14127	5.1255
-0.822445	0.555785	5.1416	5.12518
-0.824416	0.560384	5.1439	5.1255
-0.817517	0.558085	5.14555	5.12715
-0.810946	0.553814	5.14489	5.12813
-0.813246	0.552828	5.14587	5.12945
-0.812917	0.548885	5.1462	5.1278
-0.809632	0.545272	5.14555	5.12616
-0.80996	0.545929	5.14226	5.12419
-0.813574	0.546257	5.14127	5.12452
-0.811603	0.546257	5.14127	5.12485
-0.809303	0.541658	5.14127	5.12649
-0.806346	0.537387	5.1416	5.12616
-0.806018	0.532787	5.1416	5.12485
-0.808318	0.53213	5.14325	5.1232
-0.816531	0.534758	5.1439	5.12419
-0.812917	0.537387	5.1439	5.12452
-0.811603	0.540015	5.14325	5.12616
-0.808975	0.540672	5.1439	5.12616
-0.804704	0.542972	5.14357	5.12485
-0.803061	0.544943	5.14357	5.1232
-0.802075	0.543957	5.14325	5.12255
-0.799119	0.551185	5.14292	5.12222
-0.796162	0.551514	5.14325	5.12452
-0.798461	0.552171	5.14292	5.12748
-0.805689	0.550528	5.1416	5.12682
-0.80996	0.548885	5.14193	5.12485
-0.807004	0.553157	5.1439	5.12386
-0.808646	0.554799	5.14423	5.12353
-0.802404	0.557428	5.1416	5.12485
-0.802075	0.554471	5.14095	5.1278
-0.805689	0.549543	5.14226	5.12879
-0.803718	0.544614	5.14292	5.12879
-0.810946	0.540343	5.1439	5.12879
-0.815217	0.545272	5.14456	5.12715
-0.822774	0.542643	5.14325	5.12583
-0.826059	0.542643	5.14226	5.12485
-0.830659	0.545272	5.14226	5.12485
-0.830659	0.5479	5.14423	5.12715
-0.833287	0.5456	5.14522	5.12715
-0.835587	0.543629	5.14522	5.1255
-0.832301	0.548228	5.1439	5.12386
-0.825402	0.551514	5.14292	5.12419
-0.826059	0.552171	5.14357	5.12386
-0.827702	0.545929	5.1439	5.12485
-0.825073	0.550528	5.14325	5.12485
-0.814889	0.553157	5.14456	5.1255
-0.818831	0.553485	5.14653	5.12649
-0.818174	0.556442	5.14653	5.12715
-0.815874	0.559727	5.14522	5.12649
-0.818831	0.563013	5.1439	5.12715
-0.811603	0.577469	5.14259	5.12485
-0.806018	0.575826	5.14127	5.12485
-0.807004	0.574512	5.1416	5.12485
-0.799776	0.577797	5.14292	5.12452
-0.796819	0.578126	5.14522	5.12485
-0.792219	0.579111	5.14555	5.12616
-0.792548	0.591267	5.14522	5.12649
-0.791562	0.582725	5.14555	5.12649
-0.789262	0.579768	5.14522	5.12748
-0.789262	0.582397	5.1439	5.12583
-0.789919	0.587982	5.14193	5.12583
-0.792548	0.59061	5.14193	5.12518
-0.788277	0.593896	5.14259	5.12583
-0.784334	0.587982	5.14292	5.12748
-0.770207	0.596195	5.14259	5.12748
-0.772507	0.589953	5.14193	5.12649
-0.76955	0.596853	5.14226	5.12386
-0.762979	0.597838	5.14325	5.12452
-0.763965	0.597838	5.14325	5.12583
-0.759694	0.601124	5.14226	5.12485
-0.758051	0.602438	5.14127	5.12419
-0.757065	0.604409	5.14095	5.12518
-0.74918	0.60868	5.14226	5.12748
-0.746223	0.612294	5.14555	5.1278
-0.737681	0.621165	5.14653	5.12616
-0.734067	0.628064	5.14423	5.1255
-0.728154	0.63562	5.14127	5.1232
-0.724868	0.638906	5.14226	5.12255
-0.724211	0.641863	5.14489	5.12419
-0.716983	0.650076	5.14489	5.12452
-0.718298	0.649748	5.14522	5.12485
-0.724211	0.649091	5.14357	5.12813
-0.726511	0.651062	5.14357	5.12945
-0.720926	0.652047	5.14292	5.12813
-0.716655	0.652047	5.14226	5.1278
-0.714684	0.647448	5.14226	5.12748
-0.70647	0.649748	5.14292	5.1278
-0.70877	0.650405	5.14522	5.12715
-0.713698	0.650405	5.14719	5.12649
-0.716326	0.641863	5.14686	5.12616
-0.721583	0.645148	5.14357	5.12682
-0.727168	0.646791	5.14095	5.12649
-0.729796	0.640877	5.14029	5.1278
-0.729796	0.638249	5.14292	5.12748
-0.724211	0.636277	5.14489	5.12748
-0.72454	0.632664	5.14423	5.12649
-0.720926	0.632335	5.14489	5.12715
-0.720597	0.632992	5.14423	5.12682
-0.722569	0.623793	5.14423	5.12419
-0.731111	0.617879	5.14259	5.12419
-0.735382	0.615579	5.14489	5.12386
-0.73341	0.61328	5.14555	5.12288
-0.731111	0.617551	5.14456	5.12189
-0.731768	0.621493	5.1416	5.1232
-0.730782	0.62215	5.1416	5.12616
-0.730782	0.62215	5.14357	5.12715
-0.735382	0.620508	5.14489	5.12813
-0.732425	0.61328	5.14522	5.12813
-0.735382	0.606052	5.14456	5.12748
-0.743267	0.601452	5.14357	5.12616
-0.748195	0.597838	5.14292	5.12682
-0.753451	0.600795	5.14292	5.12649
-0.757394	0.604409	5.1416	5.12715
-0.757065	0.610651	5.1416	5.12715
-0.760679	0.605723	5.14259	5.12616
-0.764293	0.600138	5.14423	5.12386
-0.768236	0.599481	5.14489	5.12386
-0.762979	0.602109	5.14456	5.12682
-0.762322	0.601124	5.14292	5.12616
-0.76495	0.603095	5.13963	5.12616
-0.757722	0.603752	5.1393	5.12452
-0.761665	0.602438	5.14292	5.12419
-0.760679	0.597181	5.14522	5.12485
-0.759037	0.599152	5.14522	5.1255
-0.752137	0.599152	5.14522	5.12518
-0.748195	0.602109	5.14423	5.1255
-0.750823	0.604738	5.14456	5.12353
-0.753123	0.599809	5.14423	5.12255
-0.748852	0.602766	5.14522	5.12222
-0.745238	0.598824	5.14489	5.12353
-0.74918	0.598167	5.14259	5.12419
-0.754108	0.593239	5.14062	5.1255
-0.75838	0.590939	5.14062	5.1278
-0.769221	0.581083	5.1416	5.12682
-0.776449	0.581083	5.14325	5.12682
-0.773164	0.574183	5.1439	5.12649
-0.786634	0.562684	5.14292	5.12649
-0.788605	0.55907	5.14062	5.12748
-0.799119	0.555128	5.13963	5.12813
-0.803718	0.555128	5.13963	5.12813
-0.806346	0.548885	5.14127	5.12846
-0.805689	0.551842	5.14325	5.12682
-0.811603	0.544614	5.14555	5.1255
-0.808975	0.541986	5.14653	5.12485
-0.809303	0.542643	5.14752	5.12452
-0.804047	0.546586	5.14522	5.12616
-0.807004	0.548228	5.14259	5.12616
-0.811275	0.545929	5.14127	5.12518
-0.811603	0.554471	5.14259	5.12649
-0.81456	0.551842	5.14456	5.12583
-0.820802	0.557099	5.14587	5.12485
-0.826716	0.555785	5.14555	5.12518
-0.833944	0.551514	5.14522	5.12583
-0.837229	0.549871	5.14489	5.12452
-0.839529	0.549214	5.14423	5.12518
-0.844786	0.547571	5.14357	5.1255
-0.843472	0.549214	5.1439	5.12485
-0.841829	0.550528	5.14423	5.12419
-0.838543	0.553485	5.1439	5.1255
-0.838872	0.557756	5.14423	5.12682
-0.836572	0.556113	5.14555	5.1255
-0.83493	0.556113	5.14587	5.12419
-0.828687	0.556113	5.14653	5.12452
-0.835587	0.556113	5.14686	5.12583
-0.837229	0.558742	5.14587	5.12616
-0.833944	0.555785	5.14489	5.1255
-0.83493	0.556113	5.14325	5.12452
-0.829016	0.552171	5.14259	5.12353
-0.831316	0.546257	5.14292	5.12189
-0.819488	0.5456	5.14292	5.12123
-0.812917	0.551185	5.1439	5.12189
-0.803061	0.562684	5.14489	5.1232
-0.798461	0.567284	5.14423	5.12485
-0.797147	0.57944	5.1439	5.1255
-0.792548	0.582725	5.1439	5.12419
-0.78532	0.587325	5.14522	5.12485
-0.78762	0.587653	5.14522	5.12452
-0.784663	0.591596	5.14555	5.12518
-0.783349	0.592253	5.1439	5.12353
-0.778421	0.591267	5.14292	5.12485
-0.770864	0.598824	5.14357	5.12452
-0.767907	0.59751	5.14489	5.12485
-0.762651	0.600466	5.14522	5.12649
-0.756408	0.607694	5.14555	5.12715
-0.753451	0.604738	5.1462	5.1278
-0.755094	0.601452	5.14259	5.1278
-0.75148	0.608351	5.14095	5.12649
-0.750823	0.608023	5.1416	5.12583
-0.743595	0.61098	5.14357	5.12616
-0.738667	0.617879	5.1439	5.12748
-0.730125	0.61985	5.14357	5.12748
-0.731111	0.623793	5.14325	5.1255
-0.72224	0.636606	5.14325	5.12715
-0.727497	0.642848	5.14292	5.12977
-0.731439	0.644491	5.14292	5.1301
-0.729468	0.651719	5.14357	5.12813
-0.731439	0.656976	5.14325	5.12583
-0.730125	0.663875	5.14095	5.12419
-0.721254	0.670446	5.1393	5.1255
-0.71994	0.67636	5.13996	5.12682
-0.71107	0.683587	5.14095	5.12649
-0.710084	0.683587	5.14423	5.12649
-0.707784	0.676688	5.14653	5.12616
-0.70647	0.680959	5.14686	5.12386
-0.702856	0.680631	5.14752	5.12485
-0.703842	0.680959	5.1462	5.12583
-0.709098	0.679974	5.14555	5.12583
-0.711727	0.677017	5.1439	5.1255
-0.709427	0.682602	5.14259	5.12518
-0.710413	0.686873	5.1439	5.12485
-0.707784	0.68753	5.14456	5.12616
-0.709755	0.689501	5.14522	5.1278
-0.707784	0.691801	5.14423	5.12682
-0.710413	0.682273	5.14357	5.1278
-0.71994	0.675045	5.14226	5.12879
-0.728482	0.676688	5.14226	5.12682
-0.728811	0.674717	5.14423	5.12485
-0.72454	0.677345	5.14653	5.12419
-0.720269	0.678659	5.14653	5.12583
-0.72224	0.68293	5.1439	5.1278
-0.715012	0.680959	5.14226	5.1278
-0.715012	0.672746	5.14095	5.12682
-0.706799	0.678002	5.14095	5.12616
-0.705156	0.68523	5.14456	5.12583
-0.702528	0.686216	5.14752	5.12813
-0.702528	0.685559	5.14653	5.12945
-0.697271	0.691144	5.1439	5.12945
-0.691029	0.688516	5.14193	5.12748
-0.689386	0.687858	5.1416	5.12682
-0.690043	0.683259	5.14325	5.12748
-0.690043	0.675374	5.14292	5.12813
-0.684786	0.680302	5.14292	5.12682
-0.686101	0.676688	5.14357	5.12682
-0.682158	0.676688	5.14357	5.12715
-0.680844	0.676031	5.14456	5.12518
-0.683472	0.680959	5.14555	5.12255
-0.682815	0.686873	5.14292	5.12222
-0.686758	0.679645	5.14193	5.1255
-0.698585	0.675702	5.14325	5.12452
-0.703185	0.673403	5.14357	5.1232
-0.712712	0.67406	5.1439	5.12518
-0.71764	0.67176	5.14226	5.12518
-0.723554	0.666503	5.14193	5.12583
-0.727497	0.66946	5.14423	5.12485
-0.728811	0.669132	5.14456	5.12518
-0.725854	0.667489	5.14357	5.1255
-0.727168	0.668146	5.14127	5.12485
-0.731768	0.666175	5.14029	5.12386
-0.727825	0.664861	5.14095	5.12485
-0.737024	0.659932	5.14193	5.12616
-0.739981	0.659932	5.14357	5.12715
-0.741295	0.656976	5.14587	5.12649
-0.738667	0.658947	5.14653	5.12583
-0.739981	0.655004	5.14587	5.1255
-0.741952	0.650405	5.14522	5.12682
-0.743595	0.651719	5.14423	5.1278
-0.748523	0.654019	5.14357	5.12682
-0.75148	0.651719	5.14357	5.12485
-0.760679	0.643177	5.14522	5.12386
-0.762651	0.637592	5.14456	5.12452
-0.761993	0.64022	5.14325	5.1255
-0.764622	0.631349	5.14292	5.12715
-0.76495	0.630364	5.14193	5.12649
-0.765279	0.627735	5.14292	5.12682
-0.76955	0.628392	5.14423	5.12616
-0.766922	0.622807	5.14489	5.12583
-0.768893	0.617879	5.1439	5.12485
-0.770864	0.617551	5.14292	5.12419
-0.776778	0.609994	5.14292	5.12386
-0.776121	0.60638	5.14193	5.12583
-0.770207	0.608023	5.14226	5.12485
-0.769878	0.609666	5.14456	5.12419
-0.773164	0.60868	5.1462	5.12485
-0.776121	0.606052	5.14555	5.12353
-0.768236	0.610323	5.14423	5.12255
-0.761008	0.617551	5.14259	5.12353
-0.760022	0.622479	5.14062	5.12353
-0.75148	0.615908	5.14127	5.12353
-0.757065	0.616236	5.14357	5.12419
-0.756408	0.612623	5.14522	5.12518
-0.753123	0.611637	5.14456	5.12682
-0.75608	0.612623	5.14193	5.12748
-0.751152	0.620508	5.14095	5.12813
-0.754766	0.61985	5.14095	5.12977
-0.751152	0.625107	5.14357	5.1301
-0.750823	0.621822	5.14489	5.12879
-0.748195	0.62445	5.14489	5.12813
-0.736696	0.632992	5.14456	5.1255
-0.73341	0.634635	5.14357	5.1232
-0.737353	0.630692	5.14226	5.12649
-0.740967	0.632992	5.14226	5.12846
-0.741624	0.638906	5.1439	5.12649
-0.744252	0.633321	5.14357	5.12485
-0.747209	0.628721	5.14259	5.1232
-0.74918	0.625436	5.14193	5.12353
-0.74918	0.629707	5.14193	5.12518
-0.750823	0.631349	5.14226	5.1255
-0.749837	0.626093	5.14259	5.12616
-0.758708	0.625107	5.14522	5.12485
-0.763965	0.616236	5.14686	5.12386
-0.771193	0.609994	5.14522	5.1255
-0.772178	0.61328	5.14325	5.12616
-0.771521	0.616565	5.14226	5.1255
-0.777763	0.617222	5.14193	5.12649
-0.776121	0.615579	5.14292	5.1278
-0.774478	0.616565	5.14325	5.12616
-0.779735	0.611637	5.14489	5.12583
-0.781049	0.608023	5.14555	5.12616
-0.778421	0.60408	5.1439	5.12748
-0.787291	0.600795	5.14095	5.12748
-0.793862	0.603423	5.13996	5.12649
-0.800433	0.604409	5.14062	5.12518
-0.803061	0.606052	5.14259	5.12452
-0.806346	0.606709	5.1439	5.12485
-0.804047	0.607366	5.14292	5.12419
-0.80339	0.609337	5.14292	5.12452
-0.807989	0.607694	5.1439	5.12583
-0.804704	0.606709	5.14522	5.12682
-0.806018	0.60408	5.14456	5.12616
-0.808975	0.601124	5.14226	5.12518
-0.802733	0.601781	5.14029	5.12419
-0.797804	0.602438	5.14062	5.12616
-0.800104	0.604738	5.14062	5.12748
-0.797476	0.602438	5.14127	5.12715
-0.790905	0.605066	5.14325	5.12649
-0.790905	0.61328	5.14423	5.12682
-0.784991	0.614265	5.14555	5.12583
-0.783677	0.616236	5.14489	5.12452
-0.784006	0.607694	5.14456	5.12386
-0.786305	0.602766	5.1439	5.12518
-0.778749	0.600466	5.14423	5.12616
-0.780063	0.596195	5.14325	5.12583
-0.778092	0.594881	5.14292	5.12616
-0.775792	0.600138	5.14357	5.12813
-0.775792	0.591596	5.14456	5.1278
-0.777106	0.59291	5.14555	5.12715
-0.775464	0.586996	5.14522	5.12649
-0.776121	0.585354	5.14423	5.12518
-0.779406	0.584039	5.14226	5.12485
-0.785648	0.582068	5.14127	5.12748
-0.787948	0.57944	5.14259	5.12977
-0.788277	0.580754	5.14555	5.12813
-0.788934	0.585354	5.14653	5.12649
-0.78762	0.591924	5.14423	5.12715
-0.780392	0.59751	5.14193	5.12682
-0.77185	0.595867	5.1439	5.12583
-0.768564	0.59521	5.14686	5.12485
-0.772835	0.586996	5.14719	5.12583
-0.768236	0.58174	5.14587	5.12682
-0.763308	0.583382	5.14325	5.12748
-0.762979	0.583382	5.14259	5.12879
-0.75378	0.58174	5.1439	5.12879
-0.755094	0.586996	5.14489	5.12649
-0.755423	0.594553	5.1439	5.12518
-0.751152	0.599809	5.14357	5.12583
-0.755423	0.603423	5.14325	5.12616
-0.75838	0.602438	5.14456	5.12616
-0.760679	0.603095	5.14752	5.12715
-0.761665	0.60868	5.14883	5.12682
-0.755094	0.615908	5.14817	5.12452
-0.759037	0.615251	5.14653	5.1232
-0.757722	0.616565	5.14522	5.12058
-0.761665	0.623793	5.1416	5.12288
-0.765936	0.620836	5.13963	5.12583
-0.76725	0.619193	5.13963	5.1278
-0.763965	0.628064	5.14127	5.12813
-0.761008	0.627407	5.14325	5.12879
-0.761665	0.632006	5.14587	5.12945
-0.760679	0.631349	5.14555	5.13043
-0.764293	0.630364	5.14357	5.12846
-0.76955	0.632335	5.14193	5.12682
-0.765607	0.637263	5.14193	5.12682
-0.765607	0.631678	5.14456	5.12715
-0.759365	0.628064	5.14587	5.12682
