-1.79788	1.26905	5.1439	5.12715
-1.79263	1.27562	5.14489	5.12353
-1.80051	1.26543	5.14489	5.12156
-1.80445	1.26116	5.14423	5.12255
-1.80347	1.25656	5.14193	5.1255
-1.80544	1.25131	5.14095	5.12977
-1.80774	1.25295	5.14193	5.12945
-1.80905	1.24671	5.14259	5.12682
-1.80413	1.25098	5.14226	5.12616
-1.81037	1.24474	5.14357	5.12813
-1.8084	1.25164	5.1439	5.12715
-1.8107	1.24047	5.14325	5.12485
-1.83074	1.21812	5.14423	5.12452
-1.83829	1.21385	5.14522	5.12452
-1.83928	1.20794	5.14686	5.12616
-1.85308	1.20695	5.14719	5.12616
-1.85406	1.21024	5.1462	5.12583
-1.86063	1.21747	5.14456	5.12616
-1.87838	1.2086	5.14456	5.1255
-1.88002	1.2063	5.14489	5.12748
-1.88462	1.20663	5.14423	5.12813
-1.8856	1.21911	5.14423	5.12715
-1.88922	1.21418	5.14292	5.1255
-1.88659	1.20531	5.1416	5.12386
-1.89907	1.18921	5.14095	5.12386
-1.90104	1.18954	5.14193	5.12419
-1.90696	1.17936	5.1439	5.12682
-1.9086	1.18199	5.14357	5.12846
-1.91846	1.17344	5.14127	5.12846
-1.92963	1.16589	5.14127	5.12682
-1.93751	1.15833	5.14226	5.12419
-1.94244	1.16556	5.14259	5.12156
-1.95098	1.1511	5.14127	5.12353
-1.94113	1.15176	5.14029	5.12583
-1.94376	1.15964	5.1416	5.12715
-1.94408	1.14946	5.14456	5.12616
-1.94014	1.14913	5.1462	5.12288
-1.94441	1.13829	5.14292	5.1209
-1.94573	1.13238	5.14062	5.12222
-1.95164	1.12416	5.14029	5.12518
-1.95788	1.12219	5.14029	5.12715
-1.96642	1.11529	5.14193	5.12682
-1.97595	1.09886	5.14325	5.12583
-1.97792	1.09919	5.14357	5.12419
-1.97891	1.09656	5.14292	5.12485
-1.97661	1.10018	5.14029	5.12649
-1.97267	1.09886	5.14062	5.12715
-1.97332	1.09689	5.14292	5.12813
-1.96938	1.08737	5.14489	5.12649
-1.95394	1.09426	5.14555	5.12518
-1.96248	1.09722	5.14423	5.12255
-1.96347	1.09722	5.1439	5.12156
-1.9569	1.10741	5.14259	5.12386
-1.96445	1.08737	5.14127	5.12583
-1.9477	1.11332	5.1416	5.12715
-1.94408	1.11365	5.14292	5.1278
-1.93127	1.12186	5.14325	5.12682
-1.92437	1.12383	5.14357	5.12616
-1.927	1.12285	5.14226	5.12748
-1.92634	1.12975	5.14062	5.12649
-1.92043	1.13172	5.14095	5.12518
-1.91649	1.13993	5.14095	5.12419
-1.90926	1.1442	5.14226	5.12419
-1.89875	1.16162	5.14325	5.12419
-1.8925	1.1718	5.14357	5.12649
-1.88856	1.17344	5.14325	5.1278
-1.89382	1.15899	5.14292	5.12748
-1.89119	1.15603	5.1439	5.12616
-1.88955	1.1649	5.1439	5.12485
-1.86753	1.17804	5.1439	5.12386
-1.86195	1.20038	5.14357	5.12419
-1.86031	1.2063	5.14357	5.12353
-1.86096	1.20728	5.14423	5.12353
-1.86162	1.22207	5.14555	5.1232
-1.85702	1.21254	5.14555	5.12452
-1.84914	1.21221	5.14456	5.12682
-1.83238	1.21648	5.14325	5.1278
-1.82975	1.23291	5.14325	5.12682
-1.83041	1.23291	5.1439	5.12649
-1.83731	1.24277	5.14259	5.12846
-1.83205	1.24079	5.14259	5.12945
-1.83698	1.24112	5.14259	5.1278
-1.83994	1.23849	5.14325	5.12583
-1.85505	1.23685	5.1439	5.12452
-1.85636	1.23094	5.1439	5.12583
-1.84059	1.23882	5.1416	5.12649
-1.83829	1.23652	5.14127	5.12682
-1.82581	1.25196	5.14259	5.12682
-1.81727	1.25755	5.1439	5.12616
-1.82515	1.25394	5.14522	5.1232
-1.82154	1.25788	5.14555	5.1232
-1.82909	1.24835	5.14555	5.12452
-1.82482	1.26445	5.1439	5.12419
-1.82942	1.26806	5.14259	5.12419
-1.83599	1.25394	5.14127	5.12682
-1.84191	1.25459	5.1416	5.12912
-1.83895	1.25821	5.14259	5.12879
-1.83534	1.25689	5.1439	5.12748
-1.82384	1.27365	5.14357	5.12682
-1.82417	1.26478	5.14193	5.12715
-1.81628	1.27825	5.14127	5.12879
-1.80347	1.2835	5.14095	5.12715
-1.7969	1.29369	5.14095	5.12649
-1.7969	1.29763	5.14127	5.12649
-1.7969	1.29927	5.1439	5.12649
-1.80248	1.2973	5.1439	5.12649
-1.79295	1.30355	5.14259	5.1255
-1.79164	1.31636	5.14062	5.1255
-1.78277	1.3249	5.13996	5.12518
-1.78671	1.31439	5.14193	5.12485
-1.78507	1.30847	5.14325	5.1255
-1.78737	1.29927	5.14127	5.12682
-1.79854	1.28055	5.13996	5.12813
-1.80084	1.27266	5.14062	5.12945
-1.79525	1.26839	5.14127	5.12977
-1.81037	1.25065	5.14325	5.12945
-1.79985	1.25656	5.14555	5.12912
-1.80872	1.25394	5.14555	5.12945
-1.81332	1.24605	5.14423	5.12813
-1.81792	1.25164	5.14259	5.12616
-1.81365	1.24966	5.14357	5.12518
-1.80708	1.25295	5.14325	5.12485
-1.81004	1.24638	5.14259	5.12649
-1.80248	1.24638	5.14292	5.12748
-1.80478	1.23619	5.14226	5.1278
-1.80413	1.24704	5.14357	5.1255
-1.80544	1.24178	5.14456	5.12419
-1.80577	1.24079	5.14555	5.1232
-1.81201	1.23784	5.14522	5.12353
-1.81267	1.23389	5.14456	5.1255
-1.80675	1.24474	5.14325	5.12419
-1.81004	1.23225	5.14325	5.1232
-1.82318	1.22732	5.14325	5.12288
-1.83567	1.22305	5.14325	5.12189
-1.84322	1.21517	5.14325	5.12485
-1.84749	1.22437	5.14325	5.12846
-1.84552	1.22667	5.1439	5.12813
-1.84815	1.23455	5.14357	5.12616
-1.85899	1.21845	5.1439	5.12419
-1.86359	1.20794	5.14456	5.1255
-1.86589	1.22042	5.14423	5.12813
-1.86688	1.21615	5.14292	5.12879
-1.85012	1.22995	5.14193	5.12616
-1.85406	1.22864	5.14357	5.12419
-1.84388	1.23915	5.1462	5.12288
-1.84881	1.25164	5.14817	5.12452
-1.84946	1.25624	5.14686	5.1255
-1.85833	1.24802	5.14456	5.12649
-1.87213	1.23751	5.14259	5.12748
-1.87082	1.23225	5.14325	5.12977
-1.87673	1.21747	5.1439	5.12945
-1.87575	1.20531	5.14357	5.12715
-1.87345	1.21188	5.14292	5.12452
-1.87279	1.21648	5.14127	5.12419
-1.87509	1.20531	5.14127	5.12616
-1.8741	1.20761	5.14193	5.12813
-1.88035	1.20498	5.14292	5.12879
-1.88396	1.21155	5.1439	5.12715
-1.87509	1.21812	5.14522	5.1255
-1.8856	1.20104	5.1462	5.1232
-1.88955	1.1925	5.14325	5.12419
-1.89546	1.19086	5.14095	5.12682
-1.88265	1.19874	5.13897	5.12682
-1.88659	1.20203	5.14095	5.12649
-1.89415	1.19808	5.14325	5.12649
-1.89217	1.20695	5.14555	5.12682
-1.88396	1.22667	5.14587	5.12649
-1.8787	1.23455	5.14686	5.12715
-1.87936	1.22634	5.14522	5.12715
-1.8718	1.22732	5.14325	5.12682
-1.86491	1.23291	5.14325	5.12616
-1.86195	1.24244	5.14325	5.12583
-1.86655	1.2293	5.14325	5.12485
-1.86622	1.22272	5.14292	5.12452
-1.86556	1.22141	5.14259	5.12452
-1.86556	1.20925	5.14193	5.12583
-1.86688	1.21057	5.14259	5.1255
-1.87016	1.21123	5.14489	5.1232
-1.86261	1.22568	5.14555	5.12156
-1.86129	1.22174	5.1462	5.12255
-1.84914	1.24014	5.14325	5.12485
-1.84684	1.23784	5.14127	5.12583
-1.85505	1.23291	5.14095	5.12386
-1.86425	1.23192	5.14127	5.1232
-1.87115	1.23094	5.14259	5.12288
-1.86786	1.22864	5.14423	5.12386
-1.85439	1.24835	5.14489	5.12353
-1.85144	1.25624	5.14423	5.1232
-1.85801	1.24178	5.14357	5.12419
-1.85932	1.24112	5.14357	5.12419
-1.86491	1.23587	5.1439	5.1255
-1.86228	1.23718	5.14357	5.12616
-1.86031	1.24112	5.14456	5.12583
-1.86261	1.23718	5.14555	5.12452
-1.87345	1.22371	5.14522	5.12353
-1.86885	1.2293	5.1439	5.12452
-1.86819	1.24277	5.14259	5.12649
-1.86425	1.23258	5.14226	5.12583
-1.8695	1.23587	5.14292	5.12255
-1.87969	1.22305	5.14292	5.12288
-1.88166	1.22601	5.14292	5.1232
-1.88495	1.22075	5.14029	5.12419
-1.87805	1.24112	5.13996	5.1255
-1.88166	1.23619	5.14127	5.1278
-1.87838	1.2293	5.13996	5.12682
-1.87838	1.23587	5.13996	5.12583
-1.87476	1.23488	5.14029	5.12485
-1.87509	1.23324	5.14095	5.12485
-1.87345	1.23587	5.14259	5.12583
-1.87542	1.24112	5.14423	5.12616
-1.86392	1.24605	5.14456	5.12715
-1.86096	1.23652	5.14292	5.12748
-1.84782	1.25098	5.14193	5.12518
-1.85341	1.24079	5.14062	5.12288
-1.85111	1.24999	5.1416	5.12189
-1.85144	1.25328	5.14226	5.12189
-1.84716	1.25558	5.1416	5.12386
-1.84289	1.25426	5.14193	5.12452
-1.83468	1.26281	5.14193	5.12452
-1.83961	1.25656	5.14226	5.12419
-1.83139	1.26478	5.14062	5.12616
-1.82679	1.26248	5.13963	5.12452
-1.83764	1.24966	5.13963	5.1255
-1.83041	1.24966	5.13963	5.12748
-1.82449	1.25591	5.14062	5.12846
-1.81562	1.25558	5.13996	5.12682
-1.80183	1.26971	5.14259	5.1255
-1.80675	1.26215	5.14259	5.12649
-1.79328	1.28088	5.1416	5.12748
-1.78934	1.28843	5.14127	5.12682
-1.7946	1.27431	5.14226	5.12649
-1.79164	1.28022	5.14489	5.12813
-1.79558	1.27036	5.14522	5.12813
-1.80643	1.26609	5.1439	5.12583
-1.79493	1.27496	5.14259	5.12288
-1.78967	1.27628	5.14456	5.12518
-1.78474	1.27661	5.1462	5.12649
-1.78178	1.27792	5.14555	5.12649
-1.78277	1.28285	5.14456	5.12485
-1.79394	1.2904	5.14489	5.12353
-1.7969	1.28318	5.14456	5.1232
-1.79558	1.28186	5.1439	5.12288
-1.80807	1.27431	5.14357	5.12419
-1.81004	1.27036	5.14292	5.12748
-1.8222	1.26675	5.14423	5.1278
-1.82745	1.26971	5.14423	5.12616
-1.82778	1.26511	5.14357	5.12485
-1.83928	1.25525	5.14522	5.12583
-1.84289	1.25229	5.14423	5.1255
-1.84782	1.24342	5.14259	5.12485
-1.84454	1.24638	5.14193	5.12485
-1.84651	1.24178	5.14095	5.12649
-1.83402	1.26412	5.1416	5.12715
-1.83599	1.26116	5.14292	5.12583
-1.82975	1.26149	5.14489	5.12518
-1.83402	1.25952	5.14522	5.12649
-1.82975	1.25952	5.1439	5.12649
-1.82811	1.25854	5.14259	5.12649
-1.82449	1.26872	5.14325	5.12583
-1.82515	1.26773	5.1439	5.12353
-1.8199	1.2835	5.14456	5.12353
-1.82844	1.27956	5.14489	5.12518
-1.82778	1.27069	5.14423	5.12616
-1.83107	1.26938	5.14489	5.12682
-1.83238	1.25689	5.14423	5.12649
-1.83665	1.26971	5.1439	5.12452
-1.83435	1.26445	5.14357	5.12616
-1.83567	1.26149	5.1462	5.12715
-1.82581	1.26806	5.14686	5.12715
-1.82679	1.25426	5.14587	5.12748
-1.82679	1.26806	5.14522	5.12912
-1.82482	1.26511	5.1439	5.12715
-1.82187	1.26543	5.14259	5.12748
-1.82121	1.25656	5.14325	5.12846
-1.81628	1.26445	5.14292	5.12715
-1.8107	1.26511	5.14292	5.12649
-1.80445	1.27628	5.14292	5.12748
-1.81694	1.27365	5.14357	5.12879
-1.81267	1.27431	5.14522	5.12879
-1.80741	1.28219	5.14653	5.12682
-1.80807	1.28088	5.14686	5.12452
-1.813	1.27431	5.14587	5.12452
-1.80741	1.27792	5.14555	5.12518
-1.80741	1.28318	5.14423	5.1255
-1.79131	1.29139	5.14423	5.1255
-1.78507	1.29533	5.14555	5.12748
-1.78967	1.27299	5.14752	5.12846
-1.79427	1.26839	5.14686	5.12846
-1.80347	1.26675	5.14653	5.12715
-1.81102	1.25624	5.1439	5.1255
-1.81398	1.24572	5.14127	5.12419
-1.82647	1.23422	5.13897	5.1232
-1.84486	1.23028	5.13963	5.1232
-1.85801	1.2086	5.14292	5.1255
-1.86129	1.21221	5.1462	5.12583
-1.87213	1.20663	5.14653	5.12485
-1.87443	1.20498	5.14423	5.12485
-1.8925	1.18626	5.14423	5.12583
-1.88955	1.1925	5.14357	5.12649
-1.89546	1.19381	5.14259	5.12485
-1.90367	1.1856	5.14226	5.12288
-1.89677	1.19086	5.14193	5.1209
-1.90992	1.18034	5.14226	5.12255
-1.90663	1.18691	5.14193	5.12452
-1.90269	1.18133	5.14193	5.12682
-1.91386	1.17081	5.1416	5.12616
-1.91616	1.16457	5.1439	5.12518
-1.90696	1.18133	5.14489	5.12452
-1.91189	1.16983	5.14555	5.12386
-1.91222	1.18166	5.14489	5.12452
-1.91419	1.17114	5.14226	5.12583
-1.9178	1.17016	5.14062	5.12616
-1.9155	1.1626	5.13963	5.12682
-1.91944	1.16359	5.14127	5.1278
-1.90597	1.17114	5.14193	5.12748
-1.904	1.17837	5.14325	5.12583
-1.89546	1.18231	5.14325	5.12419
-1.8971	1.17771	5.14226	5.12452
-1.89382	1.18987	5.14226	5.12682
-1.88955	1.20038	5.14357	5.12813
-1.89809	1.20597	5.1462	5.12813
-1.89546	1.2063	5.14752	5.12682
-1.89283	1.20433	5.14719	5.12616
-1.89053	1.20663	5.14653	5.12649
-1.88363	1.204	5.1439	5.12682
-1.88922	1.20038	5.14193	5.12977
-1.88363	1.19578	5.14095	5.13142
-1.87838	1.1994	5.14259	5.13076
-1.87509	1.20203	5.14456	5.12682
-1.8764	1.18888	5.14522	5.1232
-1.87673	1.18626	5.14456	5.12353
-1.87246	1.17509	5.14325	5.12518
-1.86786	1.18363	5.14193	5.12583
-1.87016	1.18658	5.14095	5.12616
-1.84979	1.21221	5.13996	5.12452
-1.84946	1.20893	5.14062	5.1232
-1.84322	1.21944	5.14325	5.12255
-1.84224	1.22962	5.14522	5.12616
-1.83895	1.23685	5.14522	5.12879
-1.83041	1.24934	5.14489	5.12879
-1.81365	1.26313	5.14587	5.1278
-1.81562	1.25591	5.14653	5.12583
-1.80084	1.25656	5.14423	5.12485
-1.79624	1.26379	5.14062	5.12353
-1.79591	1.27365	5.1393	5.12353
-1.79657	1.28482	5.1393	5.12485
-1.7854	1.2881	5.14193	5.12583
-1.78474	1.29927	5.14357	5.12452
-1.78277	1.30092	5.14325	5.12452
-1.78113	1.30092	5.14226	5.1255
-1.76503	1.3226	5.14292	5.12748
-1.7601	1.3226	5.14357	5.12912
-1.75682	1.3226	5.14489	5.12977
-1.75583	1.32884	5.14653	5.1278
-1.76799	1.32194	5.14653	5.12715
-1.76043	1.33081	5.14587	5.12945
-1.75747	1.34199	5.14555	5.13043
-1.76306	1.33903	5.14456	5.12846
-1.75649	1.33443	5.14127	5.12715
-1.75682	1.34921	5.13996	5.12649
-1.75879	1.34593	5.14095	5.12616
-1.75386	1.35283	5.14226	5.12616
-1.75517	1.3663	5.14226	5.12583
-1.76273	1.35578	5.14325	5.12452
-1.76306	1.35677	5.1439	5.12485
-1.75846	1.3617	5.14193	5.1255
-1.74564	1.37155	5.14062	5.12748
-1.74367	1.36991	5.14095	5.12682
-1.74072	1.37878	5.14062	5.12518
-1.75222	1.36958	5.14062	5.1255
-1.75912	1.36794	5.14095	5.12583
-1.75353	1.3617	5.14193	5.12386
-1.75649	1.36728	5.14325	5.12419
-1.74499	1.38075	5.14193	5.12419
-1.74203	1.38338	5.14127	5.12255
-1.7417	1.3824	5.14193	5.12189
-1.73645	1.37648	5.14423	5.1232
-1.74269	1.37517	5.14522	5.1232
-1.73447	1.387	5.14555	5.12518
-1.73907	1.39028	5.14357	5.12649
-1.7348	1.38371	5.14292	5.1278
-1.73677	1.37911	5.14193	5.12715
-1.7256	1.37944	5.14292	5.12715
-1.73316	1.35644	5.14489	5.12748
-1.72922	1.35578	5.14555	5.12748
-1.73053	1.3548	5.14522	5.12649
-1.72593	1.35907	5.14226	5.12649
-1.7256	1.35546	5.14029	5.12748
-1.72462	1.35151	5.14029	5.1255
-1.73415	1.33804	5.14127	5.12419
-1.74039	1.32621	5.14259	5.12452
-1.7279	1.33903	5.14292	5.1255
-1.72429	1.34757	5.1439	5.12846
-1.73316	1.34264	5.14522	5.12945
-1.74499	1.32589	5.14653	5.12879
-1.74696	1.31932	5.14719	5.12583
-1.74564	1.33246	5.1462	5.12518
-1.75222	1.32786	5.14587	5.12485
-1.75254	1.30913	5.14292	5.12485
-1.76339	1.30387	5.14127	5.12485
-1.77029	1.29073	5.14259	5.12518
-1.78671	1.27365	5.14489	5.12583
-1.79723	1.27693	5.14489	5.12518
-1.80413	1.27069	5.14653	5.12255
-1.83041	1.24999	5.14555	5.1232
-1.82581	1.26116	5.14357	5.12518
-1.83698	1.24736	5.14193	5.12748
-1.83205	1.25328	5.14325	5.12945
-1.82581	1.26412	5.14489	5.12912
-1.82975	1.26708	5.14653	5.12715
-1.84191	1.25821	5.14719	5.12616
-1.84519	1.24112	5.14653	5.12649
-1.85439	1.23422	5.14489	5.12748
-1.85768	1.23784	5.14489	5.12748
-1.85866	1.23817	5.14259	5.12715
-1.85899	1.24901	5.14226	5.12583
-1.87016	1.23127	5.14193	5.1255
-1.87476	1.23192	5.14292	5.12452
-1.88265	1.22765	5.14357	5.1255
-1.88133	1.22798	5.14226	5.12715
-1.8856	1.22437	5.1393	5.12649
-1.88922	1.21385	5.13865	5.12682
-1.89086	1.2086	5.13963	5.12813
-1.8856	1.20827	5.14062	5.12813
-1.88462	1.21714	5.14095	5.12682
-1.8948	1.20334	5.1416	5.1255
-1.90203	1.19348	5.14226	5.12649
-1.90072	1.1925	5.14456	5.12945
-1.89546	1.1994	5.14489	5.13076
-1.90269	1.181	5.14357	5.12846
-1.91287	1.17213	5.14555	5.12682
-1.92339	1.1649	5.14555	5.12649
-1.92766	1.15373	5.14423	5.12682
-1.94014	1.1419	5.14259	5.12682
-1.94441	1.14387	5.14062	5.12715
-1.9431	1.13829	5.14193	5.12649
-1.94211	1.14092	5.1439	5.12715
-1.9362	1.14486	5.14489	5.12748
-1.9201	1.15866	5.14423	5.12649
-1.90663	1.18067	5.14357	5.12715
-1.91911	1.16162	5.1416	5.12945
-1.91419	1.16457	5.1393	5.12912
-1.91714	1.14749	5.13865	5.12682
-1.91452	1.14979	5.14226	5.12386
-1.90762	1.15176	5.1462	5.12353
-1.90433	1.15176	5.14686	5.12485
-1.90137	1.15045	5.14489	5.12682
-1.9017	1.1603	5.14456	5.12813
-1.88495	1.17837	5.14456	5.1278
-1.87739	1.1741	5.14357	5.12583
-1.88527	1.16654	5.14292	5.12452
-1.881	1.17049	5.14325	5.12583
-1.88987	1.17081	5.1439	5.12649
-1.88626	1.17311	5.1416	5.12715
-1.88265	1.17837	5.14029	5.1278
-1.87739	1.18231	5.14193	5.1278
-1.87575	1.17969	5.14292	5.12616
-1.87772	1.18264	5.14259	5.12353
-1.87476	1.18691	5.14325	5.12353
-1.86589	1.20071	5.1439	5.12452
-1.86819	1.20564	5.14292	5.12649
-1.86885	1.204	5.14226	5.12748
-1.84914	1.21714	5.1416	5.12813
-1.84454	1.21517	5.14325	5.12912
-1.84651	1.22437	5.14456	5.1255
-1.84388	1.2224	5.14522	5.12353
-1.84486	1.21418	5.1439	5.12452
-1.84684	1.21221	5.14193	5.12518
-1.85078	1.21353	5.1416	5.12649
-1.84256	1.22338	5.14325	5.12682
-1.83698	1.2293	5.14489	5.12583
-1.83139	1.22437	5.14555	5.12616
-1.84125	1.2247	5.14489	5.12649
-1.84486	1.21451	5.14259	5.12715
-1.85012	1.21155	5.14095	5.12682
-1.85406	1.21451	5.14226	5.12649
-1.86293	1.19414	5.14292	5.12682
-1.86523	1.18888	5.14357	5.12649
-1.86556	1.18297	5.1439	5.12616
-1.87082	1.17541	5.14423	5.12682
-1.8695	1.17739	5.14489	5.12748
-1.87443	1.17706	5.1439	5.1278
-1.87378	1.18527	5.14357	5.12583
-1.87673	1.1833	5.14325	5.1255
-1.87279	1.17969	5.14357	5.12518
-1.88527	1.16589	5.14325	5.12485
-1.8764	1.17541	5.14259	5.1255
-1.87082	1.1741	5.1416	5.12583
-1.86392	1.18067	5.14127	5.12616
-1.86622	1.18034	5.14029	5.12649
-1.85801	1.18757	5.14193	5.1255
-1.86655	1.18428	5.14292	5.12386
-1.86852	1.18494	5.14259	5.1232
-1.87115	1.19381	5.14292	5.12288
-1.85636	1.19874	5.14423	5.12452
-1.87148	1.19151	5.1439	5.12846
-1.85965	1.2109	5.14357	5.12912
-1.85111	1.21254	5.14325	5.12715
-1.85209	1.21845	5.14423	5.1255
-1.85308	1.22634	5.1439	5.12583
-1.85768	1.22568	5.14292	5.12649
-1.85275	1.22732	5.14127	5.12616
-1.84716	1.24047	5.1416	5.12452
-1.84322	1.25098	5.14423	5.12288
-1.84815	1.25394	5.14555	5.12255
-1.83665	1.25459	5.14587	5.12222
-1.83172	1.24769	5.14423	5.12583
-1.83994	1.23192	5.14357	5.1278
-1.83698	1.22765	5.1439	5.12518
-1.82154	1.23685	5.14456	5.12353
-1.82121	1.23652	5.14423	5.12386
-1.82252	1.23357	5.14357	5.12288
-1.81628	1.24474	5.14357	5.12419
-1.81562	1.25295	5.14555	5.12616
-1.81398	1.26018	5.14522	5.12682
-1.82055	1.25525	5.1439	5.1278
-1.82121	1.24441	5.14357	5.12748
-1.83369	1.23882	5.14325	5.1255
-1.82877	1.24112	5.14587	5.12485
-1.83402	1.24375	5.1462	5.12419
-1.82384	1.24605	5.14423	5.12452
-1.81891	1.25985	5.14259	5.1255
-1.81102	1.26248	5.1416	5.12649
-1.81037	1.26675	5.14062	5.12748
-1.82318	1.25426	5.14029	5.12748
-1.82548	1.24539	5.14095	5.12748
-1.82285	1.24605	5.1416	5.12748
-1.82614	1.25229	5.14226	5.12649
-1.83008	1.25164	5.14357	5.12485
-1.82679	1.24999	5.14357	5.1255
-1.81825	1.25591	5.14259	5.12879
-1.82285	1.25426	5.14292	5.13076
-1.81825	1.26412	5.1439	5.1301
-1.81464	1.27299	5.1439	5.12813
-1.80018	1.28285	5.14357	5.12682
-1.80413	1.26576	5.14456	5.12583
-1.80774	1.26051	5.14587	5.12583
-1.80281	1.25591	5.14489	5.12583
-1.79098	1.26478	5.14325	5.12682
-1.78967	1.27693	5.14325	5.12616
-1.78868	1.27759	5.14423	5.12255
-1.78277	1.29172	5.1439	5.12189
-1.79394	1.2789	5.14226	5.12353
-1.79328	1.27628	5.1416	5.12649
-1.78836	1.29008	5.14127	5.12813
-1.79131	1.29697	5.14292	5.12715
-1.77981	1.31373	5.14292	5.1255
-1.7831	1.28613	5.14193	5.1255
-1.78737	1.29599	5.14127	5.12518
-1.79394	1.2881	5.14029	5.12518
-1.79328	1.29303	5.1439	5.12485
-1.78507	1.29467	5.14587	5.12386
-1.77916	1.29993	5.14555	5.12485
-1.77653	1.30026	5.14357	5.12518
-1.76634	1.29763	5.14095	5.12419
-1.7785	1.295	5.13897	5.12419
-1.77521	1.29665	5.13963	5.12452
-1.78901	1.2835	5.14226	5.12616
-1.79066	1.28285	5.14259	5.1255
-1.78146	1.2881	5.1416	5.12649
-1.77981	1.28876	5.14292	5.12682
-1.78507	1.29402	5.14292	5.12748
-1.79295	1.29238	5.14226	5.12715
-1.7969	1.29106	5.14029	5.12682
-1.79887	1.29008	5.13996	5.12682
-1.80281	1.28646	5.1416	5.12419
-1.80248	1.28876	5.14325	5.12156
-1.80117	1.28942	5.1439	5.12255
-1.80445	1.29205	5.14456	5.12485
-1.8199	1.27858	5.14259	5.12715
-1.82877	1.26872	5.14259	5.12748
-1.83238	1.26806	5.1439	5.12682
-1.82318	1.27233	5.1439	5.1255
-1.82844	1.27825	5.14555	5.12649
-1.84059	1.2789	5.14555	5.12813
-1.84979	1.26248	5.14325	5.12616
-1.85603	1.26116	5.14127	5.12518
-1.85111	1.27135	5.1416	5.12682
-1.84815	1.27168	5.14423	5.12748
-1.84585	1.27825	5.14653	5.12649
-1.85144	1.27398	5.1462	5.12485
-1.84388	1.28219	5.1439	5.12386
-1.84716	1.28515	5.14259	5.12386
-1.85373	1.26511	5.14127	5.12452
-1.85702	1.25755	5.14095	5.12616
-1.84946	1.26576	5.1416	5.12748
-1.86096	1.25361	5.14357	5.12846
-1.8718	1.24999	5.14555	5.12649
-1.8787	1.23554	5.14522	5.12518
-1.87838	1.23554	5.14357	5.12452
-1.87969	1.24211	5.14259	5.12485
-1.88265	1.23685	5.14226	5.12583
-1.89119	1.23028	5.1439	5.12682
-1.89579	1.22338	5.1462	5.12682
-1.88232	1.23422	5.14686	5.12682
-1.88889	1.22962	5.14653	5.12715
-1.88002	1.22831	5.14489	5.12813
-1.88757	1.21747	5.1439	5.12846
-1.88527	1.22272	5.14489	5.12912
-1.8902	1.21385	5.14719	5.12616
-1.88626	1.22042	5.14587	5.12419
-1.89809	1.2017	5.14456	5.12419
-1.88396	1.21944	5.14423	5.12485
-1.88429	1.21977	5.14653	5.12518
-1.8948	1.20663	5.14752	5.12485
-1.90433	1.19381	5.14785	5.1255
-1.89645	1.19316	5.1462	5.12485
-1.90334	1.18133	5.1439	5.12288
-1.89907	1.18527	5.14259	5.12189
-1.88955	1.19776	5.1439	5.1232
-1.88889	1.20071	5.14357	5.12518
-1.88429	1.21057	5.14292	5.12715
-1.88199	1.21155	5.1439	5.1278
-1.87772	1.21812	5.14456	5.12715
-1.87608	1.21714	5.14259	5.1255
-1.87443	1.22042	5.14193	5.12288
-1.87345	1.22042	5.14226	5.12288
-1.86885	1.22338	5.14325	5.12353
-1.86688	1.22798	5.1416	5.12485
-1.86556	1.2293	5.14127	5.12518
-1.85472	1.24079	5.14095	5.12452
-1.85669	1.23652	5.14259	5.12452
-1.85505	1.24211	5.14325	5.12419
-1.85308	1.23981	5.14259	5.12419
-1.86162	1.2293	5.1416	5.12616
-1.85012	1.23488	5.14062	5.12583
-1.84224	1.24342	5.1416	5.12583
-1.84256	1.25492	5.14259	5.12813
-1.83238	1.27135	5.14325	5.12715
-1.83238	1.27266	5.14423	5.1255
-1.83698	1.28153	5.1439	5.12518
-1.82877	1.29467	5.14423	5.12485
-1.81661	1.31734	5.14555	5.12452
-1.80938	1.32654	5.14489	5.12452
-1.80084	1.33377	5.14522	5.12419
-1.7992	1.33246	5.14653	5.12485
-1.78507	1.34231	5.1462	5.1278
-1.77489	1.34691	5.1439	5.12912
-1.75616	1.36334	5.14357	5.12945
-1.75452	1.36663	5.1439	5.13043
-1.74893	1.36531	5.14292	5.12813
-1.74663	1.36071	5.14193	5.12616
-1.74663	1.36301	5.1416	5.12419
-1.73185	1.37057	5.14259	5.12583
-1.72396	1.37155	5.14226	5.1255
-1.71443	1.37911	5.14226	5.12616
-1.70228	1.3847	5.1439	5.12583
-1.70688	1.38141	5.14489	5.12518
-1.70096	1.39652	5.14522	5.12419
-1.71279	1.37353	5.14423	5.1255
-1.71805	1.37484	5.14259	5.12813
-1.71115	1.38207	5.14029	5.12977
-1.69374	1.38634	5.13963	5.12748
-1.69834	1.38864	5.14095	5.1255
-1.70228	1.38568	5.1416	5.12485
-1.71411	1.3824	5.14193	5.12583
-1.71279	1.39159	5.14193	5.1278
-1.72265	1.38535	5.1416	5.12715
-1.7325	1.37385	5.14259	5.12682
-1.7325	1.37353	5.14292	5.12945
-1.73973	1.37517	5.14325	5.12879
-1.75682	1.36038	5.14226	5.12813
-1.76273	1.35184	5.14029	5.12748
-1.7785	1.3364	5.14029	5.12616
-1.78441	1.33936	5.14127	5.1255
-1.81004	1.31734	5.14489	5.12616
-1.81497	1.29632	5.14522	5.12649
-1.82022	1.28482	5.14292	5.12813
-1.82548	1.2812	5.14193	5.12748
-1.82351	1.28252	5.14127	5.12518
-1.82482	1.27726	5.14095	5.12583
-1.83435	1.27168	5.14127	5.12682
-1.84256	1.26182	5.14062	5.12715
-1.83797	1.25722	5.14259	5.12715
-1.84158	1.25624	5.14357	5.12682
-1.83829	1.24966	5.14292	5.12748
-1.84158	1.24507	5.1416	5.12748
-1.84322	1.23817	5.14193	5.12715
-1.84552	1.23718	5.14127	5.12649
-1.86129	1.20991	5.14127	5.12715
-1.86556	1.20531	5.14259	5.12977
-1.86491	1.19677	5.14423	5.13043
-1.86392	1.20005	5.14357	5.13076
-1.87476	1.18363	5.14095	5.12977
-1.86983	1.18856	5.14062	5.12682
-1.87575	1.18658	5.14325	5.1255
-1.88823	1.1741	5.14555	5.12715
-1.88593	1.17311	5.14456	5.1278
-1.88626	1.17016	5.14357	5.12879
-1.88955	1.17016	5.14357	5.12583
-1.88429	1.17311	5.14325	5.12353
-1.88889	1.15899	5.14193	5.1232
-1.88889	1.17049	5.14127	5.12419
-1.8902	1.15899	5.14127	5.12583
-1.88265	1.17081	5.1416	5.12846
-1.88922	1.14453	5.14292	5.12945
-1.90302	1.14125	5.14423	5.12879
-1.90466	1.13829	5.14587	5.12682
-1.91189	1.12843	5.14325	5.12353
-1.92339	1.11595	5.1416	5.12255
-1.91254	1.13205	5.14095	5.12485
-1.90992	1.12613	5.14127	5.12485
-1.91057	1.12909	5.14292	5.12419
-1.9132	1.12712	5.14456	5.12288
-1.92503	1.11923	5.14587	5.1232
-1.92831	1.11431	5.1462	5.12682
-1.93029	1.11726	5.14555	5.12879
-1.94113	1.10708	5.14423	5.12846
-1.95065	1.08671	5.14325	5.12748
-1.95328	1.08309	5.14292	5.12616
-1.95295	1.08539	5.14325	5.12485
-1.95755	1.07554	5.14259	5.12452
-1.96807	1.0509	5.14292	5.1255
-1.9684	1.04827	5.14357	5.12945
-1.97628	1.04531	5.1439	5.13043
-1.97989	1.02987	5.14456	5.12912
-1.97694	1.0279	5.14555	5.1278
-1.98515	1.01771	5.14522	5.12518
-1.98252	1.02231	5.14357	5.12485
-1.99041	1.00786	5.14292	5.12583
-1.99862	0.988145	5.14423	5.12715
-1.99928	1.00359	5.14522	5.12682
-1.99796	1.0095	5.14456	5.12419
-2.00026	1.00523	5.14489	5.12288
-2.00946	0.984532	5.14423	5.12288
-2.01932	0.982232	5.14259	5.12353
-2.02655	0.971718	5.14292	5.12583
-2.03148	0.962519	5.14357	5.12682
-2.03312	0.952334	5.14456	5.12649
-2.03148	0.961534	5.14423	5.12518
-2.03049	0.965148	5.14357	5.12583
-2.01768	0.985189	5.14259	5.12649
-2.02228	0.984203	5.14062	5.1278
-2.01932	1.00063	5.14029	5.12813
-2.01176	1.0026	5.14095	5.12682
-2.01209	0.993074	5.14325	5.1255
-2.00355	1.00523	5.14686	5.12518
-1.99599	1.01476	5.1462	5.1255
-1.98088	1.02921	5.14292	5.12485
-1.97234	1.04663	5.14095	5.1255
-1.96281	1.04663	5.1416	5.12616
-1.95328	1.05911	5.14292	5.12616
-1.95723	1.06404	5.14423	5.1255
-1.9592	1.06995	5.14357	5.1255
-1.95065	1.08244	5.14259	5.12419
-1.95361	1.07324	5.1416	5.12123
-1.94573	1.07619	5.14292	5.1232
-1.93916	1.08112	5.14489	5.12649
-1.9293	1.08178	5.14653	5.12583
-1.91681	1.10018	5.14686	5.12419
-1.92174	1.09886	5.14653	5.12419
-1.92043	1.11266	5.14456	5.12386
-1.91287	1.11891	5.14292	5.12649
-1.91353	1.11431	5.14127	5.12748
-1.90827	1.12876	5.14095	5.12682
-1.91024	1.12285	5.14292	5.1255
-1.904	1.12416	5.14522	5.12353
-1.8902	1.13599	5.14686	5.12222
-1.88593	1.13468	5.14686	5.12288
-1.89283	1.1281	5.14423	5.1255
-1.88692	1.13238	5.14029	5.12583
-1.87673	1.13435	5.1393	5.12682
-1.87213	1.13533	5.1416	5.12682
-1.86819	1.14519	5.1439	5.1255
-1.86425	1.16392	5.14555	5.12419
-1.88002	1.1419	5.14456	5.12518
-1.88725	1.14092	5.1462	5.12583
-1.88166	1.15176	5.14785	5.12715
-1.87608	1.16359	5.14752	5.12616
-1.87279	1.15307	5.14522	5.12485
-1.87542	1.1534	5.14325	5.12452
-1.8879	1.15932	5.14292	5.12452
-1.8971	1.15307	5.14325	5.12649
-1.90236	1.15307	5.1439	5.12715
-1.89447	1.16129	5.14456	5.12452
-1.89842	1.16063	5.14292	5.12353
-1.88987	1.17016	5.14259	5.12485
-1.87608	1.18067	5.14193	5.12485
-1.88692	1.17771	5.14029	5.12518
-1.89382	1.17049	5.14226	5.12485
-1.90039	1.14617	5.14292	5.1255
-1.89283	1.14913	5.14193	5.12748
-1.89316	1.14322	5.14259	5.12945
-1.8925	1.15045	5.14292	5.12813
-1.89612	1.15702	5.14522	5.12518
-1.90466	1.14913	5.14653	5.12518
-1.90203	1.15373	5.14456	5.12485
-1.89316	1.1626	5.14325	5.12583
-1.89842	1.13993	5.14325	5.12715
-1.89283	1.13829	5.14456	5.12583
-1.89152	1.1442	5.14587	5.12386
-1.89415	1.135	5.14489	5.12288
-1.89973	1.1258	5.14325	5.1209
-1.89743	1.12022	5.14193	5.12025
-1.89677	1.12055	5.1416	5.12025
-1.90006	1.10708	5.14127	5.12255
-1.8925	1.11036	5.14226	5.12485
-1.89546	1.12153	5.14423	5.1255
-1.88429	1.13632	5.1462	5.12452
-1.881	1.1442	5.14522	5.12419
-1.87246	1.16129	5.14226	5.1255
-1.87279	1.16786	5.14062	5.12682
-1.86425	1.17344	5.14292	5.12616
-1.86885	1.18297	5.1462	5.12419
-1.8718	1.18231	5.14587	5.12353
-1.88265	1.17936	5.14555	5.12353
-1.86589	1.19776	5.14555	5.12518
-1.86031	1.20531	5.14357	5.12518
-1.85571	1.20203	5.14259	5.1232
-1.85406	1.21024	5.14292	5.1232
-1.84848	1.20531	5.14522	5.12353
-1.85669	1.20827	5.14719	5.12386
-1.84322	1.21681	5.14555	5.1232
-1.84092	1.21944	5.14095	5.12386
-1.84224	1.21188	5.14095	5.12682
-1.84158	1.21812	5.14193	5.12748
-1.85012	1.2178	5.14292	5.12813
-1.85111	1.2247	5.14325	5.12879
-1.85111	1.2132	5.1439	5.12945
-1.84716	1.20958	5.14489	5.12846
-1.83599	1.227	5.14587	5.12748
-1.83862	1.23094	5.14555	5.12682
-1.83139	1.24934	5.14193	5.12518
-1.83172	1.25525	5.14062	5.12419
-1.82647	1.25328	5.1439	5.1255
-1.82679	1.24835	5.14522	5.12583
-1.82614	1.25065	5.14489	5.12583
-1.84191	1.24901	5.14292	5.12649
-1.83731	1.25229	5.14193	5.12813
-1.83172	1.25492	5.14226	5.12846
-1.83797	1.23817	5.14292	5.12813
-1.84618	1.23488	5.1416	5.12682
-1.86589	1.21812	5.1393	5.12485
-1.86458	1.23028	5.13865	5.12386
-1.87279	1.22174	5.13963	5.12518
-1.87772	1.21944	5.14127	5.12748
-1.87838	1.21418	5.1439	5.12682
-1.87608	1.2086	5.14522	5.12419
-1.8787	1.20564	5.14587	5.12288
-1.87575	1.20465	5.14522	5.12189
-1.88889	1.19086	5.14423	5.12288
-1.89579	1.18757	5.14292	5.1255
-1.89743	1.18034	5.14259	5.12682
-1.90564	1.17476	5.14292	5.1278
-1.91583	1.1695	5.14357	5.1278
-1.91583	1.16983	5.14456	5.12715
-1.90992	1.1649	5.14555	5.12682
-1.91222	1.15176	5.14456	5.12748
-1.9132	1.14355	5.14292	5.12748
-1.91649	1.13566	5.14423	5.12715
-1.91222	1.14815	5.14653	5.12715
-1.9086	1.14157	5.14686	5.12616
-1.90302	1.15176	5.14785	5.12518
-1.89316	1.16457	5.14686	5.12649
-1.89809	1.16589	5.14555	5.12616
-1.90269	1.15899	5.14259	5.12485
-1.90302	1.1557	5.14095	5.12485
-1.88922	1.16326	5.14062	5.12583
-1.89152	1.158	5.14127	5.12715
-1.90104	1.14782	5.1416	5.12583
-1.8925	1.17147	5.1416	5.12485
-1.89447	1.16523	5.13996	5.12452
-1.8948	1.16786	5.1393	5.1255
-1.89579	1.17377	5.14127	5.12682
-1.8948	1.16819	5.14259	5.12682
-1.90597	1.16162	5.14357	5.12616
-1.90137	1.15636	5.14423	5.12649
-1.89842	1.15504	5.14325	5.12649
-1.89776	1.13993	5.14062	5.12583
-1.89283	1.13895	5.14029	5.12616
-1.88659	1.14749	5.14226	5.12649
-1.8764	1.14749	5.14456	5.12518
-1.8718	1.1488	5.14489	5.12485
-1.87542	1.14059	5.14522	5.12616
-1.87608	1.12876	5.14522	5.12649
-1.86983	1.14256	5.14193	5.12813
-1.8718	1.14125	5.13865	5.12813
-1.86063	1.14979	5.13963	5.1278
-1.84421	1.15932	5.14325	5.12846
-1.86326	1.14322	5.14489	5.12879
-1.87049	1.14387	5.14423	5.12748
-1.8695	1.14979	5.14292	5.12748
-1.87345	1.1419	5.14127	5.12846
-1.87608	1.13993	5.14095	5.12715
-1.88725	1.13566	5.14127	5.12518
-1.89382	1.13205	5.1416	5.12386
-1.8994	1.13927	5.14292	5.12255
-1.89447	1.13829	5.14456	5.12419
-1.90236	1.14913	5.14423	5.12583
-1.89743	1.15439	5.14259	5.12616
-1.90433	1.16851	5.14193	5.12583
-1.89743	1.17509	5.14226	5.12485
-1.89086	1.1833	5.14325	5.12419
-1.89283	1.18231	5.14522	5.12518
-1.88396	1.19513	5.14587	5.1255
-1.88199	1.19447	5.14555	5.12485
-1.89382	1.18067	5.14325	5.12485
-1.89086	1.1879	5.14226	5.1255
-1.88856	1.18527	5.14292	5.1255
-1.89053	1.19151	5.14456	5.12485
-1.88955	1.2017	5.14456	5.12419
-1.88363	1.20925	5.14522	5.12485
-1.88166	1.21944	5.14587	5.12682
-1.89119	1.23258	5.14522	5.12748
-1.88692	1.22995	5.14357	5.12715
-1.88823	1.23718	5.14325	5.12485
-1.88232	1.24014	5.14522	5.12419
-1.8925	1.23948	5.14522	5.1232
-1.8879	1.24704	5.14456	5.12452
-1.87838	1.24802	5.14259	5.12419
-1.8695	1.24638	5.14095	5.12419
-1.86261	1.25886	5.14259	5.12485
-1.85669	1.25591	5.14587	5.1255
-1.84618	1.26478	5.14653	5.12583
-1.84092	1.26511	5.14489	5.12583
-1.85045	1.26084	5.14423	5.12616
-1.84289	1.27036	5.14325	5.12616
-1.83205	1.27398	5.14226	5.12846
-1.83008	1.27332	5.14226	5.12715
-1.82351	1.27956	5.14292	5.12485
-1.81924	1.27529	5.14489	5.12485
-1.81661	1.27923	5.14587	5.12386
-1.80971	1.27661	5.14456	5.12386
-1.80872	1.28383	5.14357	5.12386
-1.79657	1.28252	5.14226	5.12583
-1.79164	1.29895	5.14292	5.12682
-1.79591	1.2927	5.14489	5.12682
-1.79558	1.28318	5.14522	5.12616
-1.77554	1.29303	5.1439	5.12879
-1.78474	1.28975	5.14292	5.13109
-1.77948	1.29402	5.14259	5.12977
-1.79328	1.28022	5.14456	5.12879
-1.79788	1.28318	5.1439	5.12682
-1.80511	1.28219	5.14259	5.12353
-1.7923	1.27792	5.1416	5.1232
-1.79	1.2789	5.14226	5.12353
-1.78014	1.28252	5.14357	5.12518
-1.78277	1.27825	5.1439	5.12616
-1.78244	1.27168	5.1439	5.12748
-1.7854	1.25656	5.14423	5.12813
-1.79033	1.25295	5.1439	5.12846
-1.80051	1.24835	5.14325	5.12583
-1.81267	1.2293	5.14095	5.12419
-1.8153	1.23685	5.13996	5.12583
-1.8153	1.24244	5.14095	5.12583
-1.82252	1.24769	5.1416	5.12353
-1.82318	1.24736	5.14259	5.12255
-1.82055	1.24507	5.1439	5.12353
-1.82647	1.23915	5.14555	5.12485
-1.83665	1.23291	5.14456	5.1255
-1.83599	1.23784	5.1416	5.12616
-1.83698	1.23817	5.14193	5.12649
-1.84716	1.23028	5.14259	5.12682
-1.84585	1.23981	5.14259	5.12649
-1.85472	1.22437	5.14325	5.12715
-1.85242	1.21714	5.14325	5.12682
-1.86162	1.2063	5.14292	5.12616
-1.87213	1.20268	5.14193	5.12583
-1.86359	1.21812	5.14292	5.12583
-1.86556	1.22141	5.1439	5.12452
-1.87476	1.20301	5.14456	5.12485
-1.87969	1.18921	5.14555	5.12616
-1.89185	1.17279	5.14456	5.12518
-1.89579	1.16589	5.14292	5.12616
-1.90104	1.15964	5.14292	5.12748
-1.91714	1.14519	5.14423	5.12616
-1.9201	1.14617	5.1439	5.12419
-1.93061	1.12909	5.14456	5.1232
-1.9316	1.13303	5.1462	5.12255
-1.92963	1.12449	5.14456	5.1232
-1.94014	1.10708	5.14292	5.1255
-1.94474	1.11595	5.1416	5.1278
-1.95361	1.09229	5.1416	5.12945
-1.95065	1.09032	5.14292	5.12879
-1.96347	1.07849	5.14423	5.12682
-1.96708	1.05418	5.14456	5.12583
-1.95953	1.05714	5.14193	5.12583
-1.95755	1.04794	5.13865	5.1255
-1.95098	1.05155	5.13865	5.1255
-1.94146	1.05812	5.1416	5.1278
-1.94967	1.05287	5.14587	5.12879
-1.95525	1.0647	5.14719	5.13043
-1.95164	1.07587	5.14686	5.12912
-1.95657	1.07061	5.14587	5.12715
-1.96182	1.06207	5.14259	5.12748
-1.96051	1.06437	5.14095	5.12715
-1.95098	1.06568	5.14193	5.12649
-1.95525	1.06404	5.1416	5.12649
-1.95624	1.06075	5.14259	5.12616
-1.96051	1.04334	5.14226	5.12419
-1.96248	1.04827	5.14292	5.12452
-1.96412	1.04893	5.14325	5.12583
-1.96511	1.05944	5.14423	5.12583
-1.95493	1.07521	5.14555	5.12748
-1.95328	1.07619	5.14587	5.12846
-1.95033	1.08375	5.14653	5.12682
-1.9546	1.08605	5.14489	5.12616
-1.95821	1.07718	5.1439	5.12518
-1.9523	1.08934	5.14292	5.1255
-1.94507	1.09525	5.14226	5.12485
-1.94803	1.09788	5.14193	5.12452
-1.94178	1.08835	5.14226	5.12419
-1.94474	1.08342	5.14193	5.12386
-1.93883	1.09262	5.14423	5.12518
-1.94408	1.08441	5.14489	5.12748
-1.9454	1.09295	5.14555	5.12846
-1.9477	1.08507	5.14555	5.12649
-1.95788	1.06338	5.14522	5.12386
-1.94868	1.07389	5.14489	5.1232
-1.94211	1.09032	5.14259	5.1232
-1.94211	1.09196	5.14062	5.12288
-1.94934	1.07784	5.14029	5.12353
-1.95328	1.07357	5.14292	5.12649
-1.9523	1.08277	5.1439	5.12945
-1.95591	1.07455	5.14292	5.12945
-1.94146	1.09459	5.14226	5.12485
-1.92733	1.10773	5.14226	5.12386
-1.91616	1.12285	5.14095	5.12255
-1.90794	1.13435	5.13897	5.12419
-1.89875	1.1465	5.13963	5.12715
-1.88659	1.16162	5.14226	5.12813
-1.87903	1.16457	5.14259	5.12682
-1.8787	1.17673	5.14193	5.12715
-1.88298	1.17739	5.1416	5.12813
-1.88659	1.1787	5.14226	5.1301
-1.87542	1.19808	5.14325	5.12813
-1.87049	1.20038	5.14357	5.12583
-1.86031	1.20794	5.14456	5.12386
-1.84979	1.22141	5.14522	5.12485
-1.83468	1.22371	5.14587	5.12485
-1.82909	1.22798	5.14489	5.12649
-1.82909	1.23521	5.14423	5.12846
-1.82022	1.23061	5.14193	5.12748
-1.80314	1.25164	5.14127	5.12583
-1.7877	1.25919	5.14193	5.12583
-1.78178	1.27135	5.14357	5.1255
-1.76437	1.28942	5.14522	5.12616
-1.7486	1.31012	5.1439	5.1255
-1.74893	1.30782	5.14226	5.12715
-1.74532	1.30749	5.14325	5.1278
-1.74137	1.29927	5.14456	5.12813
-1.74597	1.30847	5.14522	5.12682
-1.7279	1.32917	5.14456	5.12649
-1.73152	1.32063	5.14489	5.12715
-1.72988	1.32129	5.14522	5.12649
-1.71411	1.33509	5.14259	5.1255
-1.70556	1.34987	5.13996	5.1255
-1.71181	1.34001	5.13799	5.12518
-1.70786	1.34034	5.13996	5.12518
-1.70918	1.34527	5.14489	5.12452
-1.71443	1.33706	5.14719	5.12255
-1.72462	1.33279	5.14752	5.1232
-1.72593	1.32983	5.14653	5.12419
-1.72068	1.33213	5.14555	5.12583
-1.71246	1.33541	5.14587	5.12616
-1.72298	1.32687	5.1485	5.12518
-1.7348	1.31669	5.14916	5.12485
-1.75123	1.30355	5.14653	5.1255
-1.74762	1.3065	5.14292	5.12748
-1.76404	1.29895	5.14062	5.1301
-1.76437	1.29665	5.14029	5.13175
-1.76043	1.29336	5.14062	5.13076
-1.76897	1.28876	5.1416	5.12879
-1.76339	1.29895	5.14555	5.12748
-1.7716	1.29566	5.14752	5.12583
-1.76766	1.30355	5.14686	5.12419
-1.78606	1.29566	5.14423	5.1255
-1.79197	1.28515	5.14226	5.12649
-1.79066	1.28383	5.14226	5.12682
-1.78934	1.28022	5.14259	5.1278
-1.78244	1.28383	5.14226	5.12813
-1.79164	1.28613	5.1416	5.12616
-1.79788	1.27299	5.14193	5.12682
-1.80511	1.25788	5.14193	5.12616
-1.80807	1.25394	5.14226	5.1255
-1.80807	1.24375	5.14292	5.12452
-1.80544	1.24309	5.14522	5.12452
-1.80544	1.23915	5.14719	5.12452
-1.80544	1.23619	5.14752	5.1255
-1.80807	1.23159	5.14719	5.12616
-1.79723	1.24507	5.14489	5.12682
-1.79854	1.25952	5.14292	5.12649
-1.81037	1.25262	5.14062	5.12485
-1.80577	1.24802	5.14127	5.12419
-1.80544	1.25886	5.14259	5.12353
-1.81135	1.25032	5.14325	5.12419
-1.8199	1.23882	5.14423	5.1255
-1.81234	1.24211	5.1439	5.12748
-1.80478	1.24079	5.14357	5.12846
-1.8015	1.24441	5.14357	5.12616
-1.79788	1.25032	5.14489	5.12485
-1.79788	1.25525	5.14456	5.12353
-1.80051	1.24999	5.14357	5.12386
-1.79098	1.25459	5.1439	5.12485
-1.78737	1.25131	5.14357	5.12616
-1.78113	1.25525	5.14193	5.12583
-1.78408	1.25229	5.14325	5.12452
-1.78441	1.24769	5.14423	5.12452
-1.78178	1.24408	5.14522	5.12485
-1.79098	1.24769	5.14292	5.12649
-1.79558	1.25065	5.13963	5.12518
-1.79854	1.25361	5.13963	5.12616
-1.79263	1.24835	5.14259	5.1255
-1.80117	1.23817	5.14423	5.12452
-1.79427	1.23389	5.14587	5.12353
-1.8015	1.23192	5.14587	5.12288
-1.81365	1.21287	5.14522	5.12386
-1.81595	1.22042	5.14226	5.12682
-1.8222	1.20367	5.13996	5.12846
-1.83961	1.18921	5.14127	5.1278
-1.85078	1.17804	5.14489	5.12715
-1.85932	1.18396	5.1462	5.12649
-1.86983	1.18231	5.14489	5.1255
-1.86458	1.18593	5.14095	5.1255
-1.86326	1.19841	5.14029	5.12452
-1.87049	1.19808	5.14325	5.12255
-1.86688	1.19348	5.14489	5.12353
-1.87903	1.18527	5.14489	5.1255
-1.87509	1.18658	5.14423	5.12748
-1.86918	1.18954	5.1439	5.12682
-1.85538	1.21123	5.14357	5.12715
-1.84946	1.22568	5.14325	5.12846
-1.84684	1.227	5.14489	5.12748
-1.84289	1.21418	5.14522	5.12616
-1.84519	1.20203	5.14423	5.12386
-1.84322	1.21155	5.14292	5.12222
-1.84585	1.21287	5.14226	5.1209
-1.85308	1.20958	5.14259	5.12288
-1.86359	1.20728	5.14357	5.1255
-1.85998	1.19743	5.14456	5.12813
-1.86622	1.18954	5.14423	5.12813
-1.85341	1.204	5.14423	5.12419
-1.85275	1.20137	5.14522	5.12189
-1.85078	1.2017	5.14555	5.12288
-1.85669	1.1994	5.14357	5.12485
-1.86556	1.18461	5.14193	5.12616
-1.87016	1.181	5.1439	5.12748
-1.85275	1.18461	5.14587	5.12813
-1.85012	1.17147	5.14719	5.12682
-1.84749	1.17509	5.14587	5.12649
-1.84125	1.17311	5.14226	5.1255
-1.83501	1.17147	5.14127	5.1255
-1.82581	1.16096	5.14357	5.12485
-1.82975	1.15406	5.14522	5.1255
-1.82778	1.1534	5.14555	5.12518
-1.82581	1.1557	5.14423	5.12485
-1.83534	1.14585	5.1416	5.12518
-1.84388	1.12942	5.14127	5.1255
-1.84486	1.12843	5.14292	5.12813
-1.85308	1.13468	5.1462	5.12846
-1.85373	1.13697	5.14883	5.12583
-1.86359	1.12318	5.14686	5.12386
-1.86655	1.1212	5.14292	5.12353
-1.87016	1.11923	5.14029	5.12485
-1.86589	1.13829	5.1393	5.12583
-1.85998	1.14552	5.13832	5.1255
-1.87378	1.14749	5.13996	5.12452
-1.86031	1.16162	5.14226	5.12419
-1.84618	1.1695	5.14456	5.1232
-1.85275	1.16654	5.14587	5.1232
-1.85538	1.17147	5.14489	5.1232
-1.83632	1.19546	5.1439	5.12386
-1.84552	1.18593	5.1439	5.12518
-1.83008	1.20728	5.14456	5.12583
-1.83205	1.20597	5.14456	5.12485
-1.83501	1.2017	5.14357	5.12419
-1.84749	1.20531	5.14292	5.12419
-1.86293	1.17804	5.14259	5.12419
-1.86063	1.18297	5.14423	5.1255
-1.86293	1.16917	5.14456	5.12616
-1.87312	1.16819	5.14456	5.12518
-1.87246	1.15669	5.14226	5.12452
-1.87575	1.14782	5.14226	5.12518
-1.87312	1.16227	5.14095	5.12485
-1.8948	1.1488	5.14193	5.12452
-1.89316	1.15077	5.14193	5.1255
-1.89645	1.15472	5.14127	5.12583
-1.90564	1.15504	5.14095	5.12353
-1.8948	1.16851	5.14193	5.12189
-1.88922	1.16326	5.14357	5.12156
-1.87903	1.17049	5.14325	5.1232
-1.88396	1.1718	5.14357	5.12386
-1.88166	1.18428	5.1439	5.12288
-1.88396	1.18264	5.14522	5.12353
-1.88232	1.19053	5.14522	5.12485
-1.88002	1.18527	5.14555	5.12353
-1.87213	1.19151	5.14555	5.12386
-1.86655	1.18297	5.14357	5.12583
-1.86228	1.16819	5.14259	5.12715
-1.86523	1.1695	5.14226	5.12977
-1.84914	1.19053	5.14259	5.12945
-1.84158	1.19118	5.14325	5.12616
-1.83337	1.20203	5.14325	5.12452
-1.82909	1.19644	5.14357	5.12518
-1.82778	1.19316	5.14489	5.12715
-1.81924	1.19316	5.14489	5.1278
-1.81102	1.2109	5.14423	5.12879
-1.81858	1.20958	5.1439	5.1278
-1.82482	1.20137	5.14489	5.12485
-1.81234	1.21057	5.14522	5.12189
-1.80117	1.21221	5.14456	5.12222
-1.79821	1.2247	5.14325	5.12518
-1.78573	1.2293	5.1416	5.12649
-1.78474	1.22634	5.14259	5.12748
-1.78113	1.23685	5.14522	5.12748
-1.77061	1.24211	5.14686	5.1278
-1.76339	1.24868	5.14587	5.12616
-1.75156	1.25525	5.1439	5.12419
-1.74302	1.25788	5.14357	5.12419
-1.7279	1.26708	5.14226	5.1255
-1.72922	1.27135	5.14259	5.12583
-1.73546	1.27365	5.14292	5.12452
-1.73875	1.29369	5.14357	5.12419
-1.73447	1.28022	5.1416	5.12419
-1.7371	1.27201	5.14062	5.12386
-1.73217	1.27233	5.14062	5.12485
-1.73053	1.27595	5.14193	5.12452
-1.73907	1.26675	5.14423	5.12518
-1.7486	1.27135	5.14522	5.12748
-1.7578	1.25426	5.14522	5.12879
-1.75123	1.25262	5.14555	5.12518
-1.77291	1.24539	5.14555	5.12386
-1.80084	1.23357	5.1439	5.1255
-1.80807	1.21977	5.14325	5.12616
-1.83698	1.21517	5.14325	5.12649
-1.82975	1.21747	5.1439	5.12518
-1.84191	1.20301	5.1439	5.12288
-1.84618	1.18987	5.14357	5.12419
-1.84749	1.17706	5.14325	5.12583
-1.84092	1.1925	5.14292	5.1278
-1.83501	1.19677	5.14226	5.12912
-1.84519	1.19151	5.14259	5.12912
-1.83435	1.19907	5.14357	5.12748
-1.84158	1.18428	5.14226	5.12616
-1.85571	1.1764	5.14259	5.12485
-1.86458	1.16884	5.14095	5.12419
-1.86983	1.15636	5.14127	5.12682
-1.88002	1.13566	5.14226	5.1278
-1.89447	1.11431	5.14292	5.1255
-1.90137	1.09394	5.14357	5.12452
-1.90762	1.10478	5.14489	5.12485
-1.9109	1.11661	5.14555	5.12419
-1.89842	1.1258	5.14456	5.12452
-1.8971	1.13402	5.14357	5.12518
-1.90269	1.15636	5.14456	5.12649
-1.90039	1.16162	5.14555	5.12682
-1.89842	1.15504	5.14489	5.12649
-1.90499	1.15406	5.14456	5.12485
-1.90269	1.14355	5.14423	5.12353
-1.90597	1.13697	5.14357	5.12288
-1.90104	1.14585	5.1439	5.12485
-1.89776	1.13993	5.14423	5.12518
-1.89842	1.14125	5.1439	5.12583
-1.88626	1.1649	5.14193	5.12518
-1.87673	1.16326	5.14127	5.12353
-1.87345	1.14847	5.14127	5.12156
-1.87673	1.15045	5.14325	5.12353
-1.87706	1.15603	5.1439	5.12649
-1.87936	1.14322	5.14226	5.12813
-1.86392	1.14683	5.14127	5.12912
-1.86721	1.13796	5.14226	5.12912
-1.87213	1.12318	5.14423	5.12682
-1.86261	1.13205	5.14325	5.12583
-1.86458	1.14157	5.14193	5.1255
-1.8718	1.135	5.1393	5.12748
-1.86228	1.15242	5.13996	5.12846
-1.85801	1.1557	5.14292	5.12813
-1.85472	1.15997	5.14456	5.12583
-1.85078	1.15504	5.14489	5.12386
-1.84618	1.17213	5.14522	5.12452
-1.83271	1.16194	5.14456	5.12452
-1.84191	1.15012	5.14423	5.12452
-1.84782	1.1465	5.14423	5.12288
-1.85176	1.13895	5.14423	5.12189
-1.85373	1.14355	5.14423	5.12222
-1.86063	1.12712	5.14357	5.1232
-1.86983	1.1258	5.14292	5.12485
-1.86688	1.14749	5.14292	5.12616
-1.87345	1.15143	5.14193	5.12715
-1.87575	1.14519	5.14226	5.12649
-1.87542	1.15702	5.1439	5.12386
-1.88133	1.1511	5.14489	5.12189
-1.88429	1.14453	5.14456	5.12255
-1.89283	1.14223	5.1439	5.12485
-1.89645	1.13566	5.14325	5.12616
-1.8994	1.1419	5.14226	5.12583
-1.90269	1.13303	5.14325	5.12485
-1.904	1.1442	5.14456	5.1232
-1.90926	1.14946	5.14489	5.12386
-1.92076	1.12712	5.1439	5.12353
-1.92404	1.12975	5.14325	5.12419
-1.9247	1.13238	5.14292	5.12649
-1.92174	1.14256	5.14292	5.12879
-1.92503	1.16392	5.1439	5.12748
-1.92733	1.17279	5.14423	5.12649
-1.9201	1.18199	5.14456	5.12616
-1.92076	1.17903	5.14259	5.12616
-1.91386	1.17279	5.14193	5.12583
-1.91944	1.16556	5.14325	5.12583
-1.92306	1.16227	5.14292	5.12353
-1.90762	1.17771	5.14259	5.12353
-1.90762	1.17114	5.14292	5.12353
-1.89973	1.18067	5.14325	5.12452
-1.904	1.17903	5.14456	5.12419
-1.90269	1.17771	5.14522	5.1255
-1.89447	1.181	5.1439	5.12583
-1.88462	1.19316	5.14489	5.12649
-1.87739	1.19184	5.14653	5.12649
-1.87673	1.1856	5.14785	5.1255
-1.86425	1.1856	5.14653	5.12485
-1.84848	1.1994	5.14456	5.12485
-1.82581	1.21648	5.14325	5.12583
-1.8222	1.21221	5.14456	5.12616
-1.81135	1.20893	5.14653	5.12649
-1.81431	1.20433	5.14653	5.12616
-1.81135	1.2224	5.14653	5.12682
-1.8061	1.24277	5.14653	5.12715
-1.80215	1.23849	5.14686	5.12748
-1.79493	1.24079	5.14423	5.12748
-1.78934	1.24408	5.14292	5.1278
-1.77751	1.25952	5.1439	5.12748
-1.77916	1.25854	5.14489	5.12748
-1.78737	1.25656	5.14522	5.12813
-1.77653	1.25689	5.14357	5.12813
-1.77686	1.24934	5.14259	5.12682
-1.79558	1.23882	5.14423	5.12715
-1.80643	1.22075	5.14555	5.12813
-1.8015	1.23324	5.14489	5.12715
-1.80413	1.23159	5.14325	5.12583
-1.80577	1.23751	5.14292	5.1255
-1.81135	1.23784	5.14292	5.12748
-1.82877	1.22141	5.14226	5.12912
-1.83041	1.22568	5.14357	5.12846
-1.82417	1.22502	5.14456	5.12748
-1.83961	1.21582	5.14587	5.12649
-1.83435	1.23652	5.14489	5.12419
-1.84289	1.23258	5.14259	5.12222
-1.84749	1.22437	5.14062	5.12123
-1.85341	1.23061	5.14095	5.12222
-1.85998	1.23554	5.14226	5.12353
-1.85932	1.22897	5.1439	5.12419
-1.84848	1.23817	5.14653	5.12452
-1.84322	1.24342	5.14785	5.12353
-1.84388	1.24047	5.14719	5.12386
-1.83961	1.24572	5.14456	5.12518
-1.84486	1.24342	5.14259	5.12485
-1.84684	1.24375	5.14226	5.12386
-1.84749	1.24178	5.14259	5.12288
-1.83928	1.24868	5.14357	5.12222
-1.84552	1.24572	5.14522	5.12222
-1.85275	1.24375	5.14587	5.1232
-1.84979	1.24671	5.14456	5.12452
-1.84618	1.24539	5.14193	5.1255
-1.84618	1.24211	5.13897	5.12452
-1.84782	1.24014	5.14062	5.12419
-1.83599	1.26116	5.14325	5.12419
-1.83172	1.26576	5.1439	5.12518
-1.84158	1.27201	5.14292	5.12649
-1.84815	1.25755	5.14259	5.12485
-1.84224	1.26018	5.14325	5.12583
-1.83895	1.25624	5.14325	5.12452
-1.84421	1.24835	5.14226	5.12386
-1.84224	1.23784	5.14095	5.12452
-1.83829	1.24572	5.1416	5.12518
-1.83337	1.25196	5.14095	5.12682
-1.82384	1.24901	5.14062	5.12879
-1.82515	1.23488	5.14095	5.12813
-1.82055	1.23291	5.1416	5.1278
-1.82187	1.22371	5.14259	5.12715
-1.80708	1.23948	5.14456	5.12616
-1.8107	1.23784	5.14423	5.12682
-1.81497	1.23817	5.14292	5.13043
-1.82811	1.22272	5.14226	5.1301
-1.83402	1.22141	5.1439	5.12879
-1.83534	1.23094	5.14423	5.12715
-1.83041	1.2224	5.14292	5.12748
-1.83238	1.22535	5.14357	5.12748
-1.84059	1.2155	5.14325	5.12715
-1.83698	1.22272	5.14325	5.12649
-1.84946	1.1994	5.14292	5.12682
-1.85406	1.18954	5.1416	5.12813
-1.87082	1.16556	5.14127	5.12813
-1.87706	1.17049	5.1416	5.12649
-1.88757	1.16063	5.14325	5.1255
-1.89086	1.15866	5.14456	5.12649
-1.8971	1.14847	5.1439	5.1278
-1.9063	1.13927	5.14423	5.12813
-1.9132	1.14979	5.14489	5.12715
-1.92043	1.14847	5.1439	5.12616
-1.92207	1.14683	5.14357	5.12485
-1.9316	1.14026	5.14489	5.12419
-1.94047	1.13599	5.14325	5.12419
-1.94507	1.1258	5.1416	5.1255
-1.9569	1.10609	5.14325	5.12485
-1.97004	1.09492	5.14489	5.12518
-1.95788	1.10445	5.14325	5.12288
-1.96248	1.12022	5.14226	5.12025
-1.95953	1.11398	5.14325	5.12058
-1.9569	1.11332	5.14325	5.1209
-1.95493	1.1235	5.14325	5.12222
-1.9638	1.10971	5.14325	5.12452
-1.96478	1.10741	5.14489	5.1255
-1.97004	1.08638	5.14555	5.12649
-1.97102	1.07981	5.14489	5.12616
-1.97497	1.07291	5.14325	5.12419
-1.9638	1.08638	5.14259	5.12518
-1.95755	1.10346	5.14423	5.12748
-1.95427	1.10182	5.14587	5.12813
-1.95197	1.12252	5.14555	5.1278
-1.94704	1.12942	5.14456	5.12715
-1.94803	1.12318	5.14456	5.12583
-1.94178	1.1281	5.14423	5.12583
-1.93226	1.1488	5.14325	5.12748
-1.92766	1.14256	5.14193	5.12715
-1.92601	1.14256	5.14259	5.1255
-1.92634	1.1419	5.1439	5.12452
-1.93423	1.1212	5.14456	5.12419
-1.94277	1.12022	5.14587	5.1232
-1.94113	1.11069	5.14555	5.12353
-1.94113	1.11858	5.14357	5.12419
-1.94178	1.11463	5.14127	5.1255
-1.94507	1.11398	5.13996	5.12583
-1.94014	1.10675	5.14062	5.12452
-1.93193	1.10445	5.1416	5.12353
-1.93883	1.09262	5.14193	5.12419
-1.92897	1.10084	5.1416	5.1255
-1.92667	1.10018	5.14193	5.12715
-1.9109	1.11266	5.1416	5.12813
-1.91944	1.11398	5.14259	5.12846
-1.92207	1.09131	5.14522	5.12748
-1.92864	1.08474	5.1462	5.12682
-1.91911	1.09032	5.14456	5.12649
-1.91123	1.09591	5.14127	5.12682
-1.9063	1.10478	5.14029	5.12748
-1.89447	1.11135	5.14127	5.12748
-1.88889	1.11069	5.14456	5.12879
-1.88889	1.11891	5.14653	5.12912
-1.88987	1.11858	5.14686	5.12715
-1.8879	1.12186	5.14522	5.12419
-1.88462	1.13369	5.14193	5.12222
-1.88035	1.14223	5.14193	5.12353
-1.88232	1.15504	5.14226	5.12649
-1.88002	1.15439	5.14259	5.12846
-1.88133	1.14322	5.14259	5.1278
-1.89217	1.1396	5.14292	5.12616
-1.89907	1.14782	5.14357	5.1255
-1.90236	1.14322	5.14325	5.12583
-1.90269	1.15932	5.1439	5.12748
-1.90729	1.158	5.14522	5.12879
-1.91649	1.15012	5.14325	5.12879
-1.90532	1.17213	5.14357	5.12846
-1.89579	1.18757	5.14357	5.12649
-1.88626	1.19907	5.14357	5.12616
-1.89185	1.19611	5.14423	5.12813
-1.87673	1.20925	5.14423	5.12846
-1.87213	1.21517	5.14456	5.12813
-1.85538	1.23061	5.14555	5.12583
-1.85998	1.2224	5.14719	5.1232
-1.86392	1.22075	5.14522	5.12288
-1.85768	1.22075	5.14127	5.1232
-1.86096	1.22174	5.14029	5.12353
-1.86589	1.22075	5.14127	5.12419
-1.85899	1.2224	5.14226	5.1255
-1.85636	1.22272	5.1416	5.12583
-1.85965	1.21681	5.14095	5.12485
-1.85373	1.21845	5.14259	5.1255
-1.86392	1.21057	5.1439	5.12616
-1.86491	1.20761	5.14456	5.12813
-1.86556	1.20268	5.14357	5.12879
-1.85538	1.20071	5.14259	5.1278
-1.85275	1.20465	5.14062	5.12748
-1.84946	1.19414	5.1393	5.12649
-1.84684	1.19546	5.14062	5.12518
-1.85012	1.1971	5.14127	5.12715
-1.84256	1.20203	5.14062	5.12879
-1.83501	1.19513	5.14127	5.1278
-1.83435	1.20203	5.14325	5.12715
-1.82187	1.2155	5.14489	5.12616
-1.82515	1.22272	5.14653	5.12518
-1.81727	1.23192	5.14456	5.12583
-1.79361	1.24769	5.14193	5.12616
-1.7946	1.23915	5.1416	5.12616
-1.79164	1.24277	5.14259	5.12715
-1.7923	1.23751	5.14325	5.1278
-1.78803	1.23718	5.14456	5.12518
-1.77423	1.25262	5.14489	5.12386
-1.77948	1.24079	5.1439	5.12485
-1.78211	1.24539	5.14325	5.12715
-1.7785	1.26051	5.14357	5.12977
-1.76831	1.25689	5.14357	5.12846
-1.7739	1.25854	5.14292	5.12715
-1.7831	1.24901	5.14423	5.1255
-1.79098	1.23554	5.14653	5.12222
-1.78671	1.24047	5.14653	5.12353
-1.78606	1.23849	5.14423	5.1255
-1.79427	1.23751	5.14456	5.12616
-1.8015	1.23357	5.14555	5.12616
-1.813	1.23291	5.1462	5.1255
-1.80281	1.23192	5.14653	5.1232
-1.80413	1.23784	5.1462	5.12419
-1.80347	1.23619	5.14357	5.12715
-1.79098	1.24539	5.1416	5.12715
-1.79295	1.25065	5.1416	5.12649
-1.7923	1.25591	5.14423	5.12682
-1.79788	1.26116	5.14522	5.12649
-1.8061	1.26346	5.14292	5.1255
-1.81891	1.26511	5.13897	5.12386
-1.81957	1.27693	5.13865	5.12518
-1.80938	1.29073	5.14029	5.12715
-1.81694	1.29008	5.14193	5.12649
-1.8222	1.28909	5.1416	5.12485
-1.8199	1.29435	5.1416	5.12386
-1.82055	1.2927	5.14193	5.12386
-1.82581	1.28843	5.14193	5.12518
-1.84421	1.27923	5.1416	5.12649
-1.85571	1.27201	5.14193	5.12682
-1.85899	1.26182	5.14292	5.12583
-1.85439	1.26051	5.14325	5.12452
-1.85439	1.26905	5.1439	5.12386
-1.84684	1.26905	5.14357	5.12386
-1.83862	1.26905	5.1439	5.12419
-1.83074	1.27825	5.14489	5.12485
-1.82745	1.28712	5.14719	5.12583
-1.81858	1.2973	5.1462	5.12649
-1.82482	1.29533	5.14423	5.12649
-1.83567	1.28975	5.14292	5.12682
-1.83698	1.28975	5.14423	5.12715
-1.84092	1.27628	5.1439	5.12879
-1.83994	1.28416	5.14325	5.12846
-1.84191	1.27135	5.14259	5.12583
-1.85012	1.26839	5.14357	5.12353
-1.84552	1.26741	5.14489	5.12386
-1.85242	1.26281	5.14423	5.12419
-1.85571	1.26642	5.14357	5.12485
-1.84125	1.27759	5.14062	5.12616
-1.83337	1.27693	5.14029	5.12682
-1.83205	1.27923	5.14029	5.12748
-1.82778	1.27036	5.14127	5.12813
-1.83567	1.26905	5.14292	5.12813
-1.83369	1.27102	5.1439	5.12583
-1.84191	1.25525	5.14226	5.12452
-1.85702	1.23357	5.14062	5.12452
-1.84388	1.23061	5.14226	5.12649
-1.84815	1.2293	5.1439	5.12748
-1.85176	1.22667	5.14456	5.1255
-1.85801	1.21747	5.14226	5.12419
-1.86392	1.2155	5.13996	5.1232
-1.87706	1.20301	5.14062	5.12583
-1.8856	1.20531	5.14259	5.12583
-1.8925	1.20663	5.14357	5.12616
-1.89349	1.20334	5.14357	5.12452
-1.89842	1.19184	5.14456	5.12288
-1.89513	1.19151	5.1462	5.12353
-1.89185	1.18888	5.14785	5.12485
-1.88987	1.1948	5.14719	5.12419
-1.89645	1.19151	5.14456	5.12386
-1.90926	1.17081	5.14226	5.12583
-1.90762	1.1764	5.14226	5.12583
-1.91846	1.18527	5.14423	5.12386
-1.91944	1.18166	5.14456	5.12353
-1.92963	1.16753	5.14423	5.12485
-1.92996	1.17804	5.14193	5.12616
-1.93291	1.17279	5.14062	5.12715
-1.92503	1.17771	5.14226	5.12649
-1.92897	1.1741	5.14357	5.12649
-1.93094	1.17016	5.14489	5.1255
-1.93291	1.16622	5.14456	5.12419
-1.93948	1.16457	5.1439	5.12682
-1.94376	1.16424	5.14259	5.1278
-1.94507	1.17377	5.1439	5.12748
-1.94277	1.17279	5.1462	5.12912
-1.93291	1.1833	5.14587	5.12977
-1.93751	1.17574	5.14587	5.12813
-1.93817	1.16884	5.14489	5.12715
-1.93587	1.17147	5.14325	5.12386
-1.93061	1.181	5.1439	5.12222
-1.92897	1.18396	5.14259	5.12485
-1.93488	1.18231	5.1416	5.12682
-1.91681	1.20465	5.14226	5.1278
-1.91386	1.19743	5.1439	5.12715
-1.90203	1.2132	5.14357	5.12419
-1.8994	1.22338	5.14226	5.12288
-1.88396	1.23455	5.14259	5.12419
-1.87213	1.23685	5.14292	5.12649
-1.85768	1.24441	5.14292	5.12715
-1.84716	1.24901	5.14456	5.12583
-1.83534	1.25361	5.14653	5.12485
-1.83008	1.26346	5.14817	5.12485
-1.8061	1.27989	5.14719	5.12485
-1.79657	1.29303	5.14653	5.12518
-1.7923	1.29139	5.14456	5.1255
-1.76667	1.30617	5.14292	5.12649
-1.75977	1.31406	5.14357	5.1255
-1.7486	1.3295	5.14423	5.12419
-1.7325	1.33147	5.14423	5.1255
-1.73447	1.32457	5.14325	5.1255
-1.72002	1.33739	5.14029	5.12583
-1.69406	1.35053	5.13897	5.12682
-1.67961	1.36367	5.14062	5.12649
-1.68191	1.364	5.14555	5.12682
-1.67205	1.37517	5.14785	5.12616
-1.66778	1.38732	5.14719	5.12485
-1.66548	1.39389	5.1439	5.12715
-1.66154	1.38831	5.14325	5.12945
-1.65234	1.38732	5.14292	5.12846
-1.65332	1.38798	5.14193	5.12748
-1.65661	1.3893	5.14095	5.1255
-1.64643	1.40638	5.14292	5.12353
-1.64544	1.41361	5.1439	5.12419
-1.62671	1.43431	5.14423	5.12616
-1.62474	1.44679	5.14325	5.12682
-1.62507	1.45369	5.1439	5.12945
-1.62507	1.47077	5.14522	5.12912
-1.62868	1.45599	5.14489	5.12813
-1.6277	1.46289	5.14423	5.12616
-1.64084	1.46125	5.14325	5.12485
-1.65267	1.45008	5.14259	5.12485
-1.66154	1.44449	5.14292	5.1255
-1.6668	1.43956	5.14325	5.1278
-1.67304	1.43332	5.14423	5.12715
-1.68322	1.42675	5.14456	5.12386
-1.69768	1.41689	5.14423	5.1232
-1.69899	1.40802	5.1439	5.12353
-1.70819	1.40441	5.1439	5.12485
-1.70819	1.40868	5.14423	5.1255
-1.73349	1.39849	5.14292	5.12649
-1.7302	1.40539	5.14193	5.12748
-1.73086	1.39849	5.14357	5.12813
-1.73875	1.38371	5.14522	5.12583
-1.74729	1.36334	5.14456	5.12518
-1.75583	1.3502	5.14423	5.1255
-1.75287	1.35808	5.14522	5.12748
-1.76799	1.34921	5.14653	5.12715
-1.77226	1.33837	5.14587	5.1255
-1.78704	1.32621	5.1439	5.1255
-1.78934	1.30683	5.14292	5.12616
-1.79755	1.29336	5.1439	5.12649
-1.81102	1.27628	5.14489	5.12682
-1.81398	1.26543	5.14587	5.12518
-1.8222	1.24375	5.14489	5.12353
-1.82252	1.23652	5.14423	5.12288
-1.83205	1.23718	5.14522	5.1232
-1.83435	1.23127	5.14587	5.12452
-1.82679	1.22042	5.1462	5.12649
-1.82614	1.22404	5.14653	5.12715
-1.83271	1.2247	5.1462	5.1255
-1.83665	1.20334	5.14587	5.12518
-1.84585	1.19611	5.14423	5.1255
-1.85275	1.1948	5.14226	5.12682
-1.87115	1.16589	5.14226	5.1278
-1.88199	1.1603	5.14423	5.12715
-1.88692	1.1488	5.14456	5.12583
-1.89152	1.13862	5.14522	5.12485
-1.88527	1.14585	5.14587	5.12518
-1.89842	1.1396	5.14489	5.12649
-1.90236	1.13993	5.14292	5.12912
-1.90236	1.12679	5.14226	5.12945
-1.91484	1.11102	5.14127	5.12977
-1.92569	1.09656	5.1416	5.12945
-1.93029	1.09295	5.14456	5.12846
-1.93488	1.09722	5.1462	5.12649
-1.93357	1.09919	5.14587	5.12485
-1.9362	1.08835	5.1439	5.12255
-1.93291	1.09295	5.14226	5.12255
-1.9293	1.10576	5.13963	5.12353
-1.92503	1.10511	5.13865	5.1255
-1.92601	1.09985	5.1393	5.12583
-1.9247	1.11661	5.13996	5.12485
-1.92306	1.12088	5.1416	5.12518
-1.92339	1.11858	5.1439	5.12583
-1.93061	1.13205	5.14423	5.1255
-1.92996	1.13139	5.14325	5.12485
-1.92766	1.13566	5.14325	5.12616
-1.9224	1.13599	5.14423	5.12715
-1.9224	1.13862	5.1439	5.12518
-1.91353	1.15833	5.1439	5.12485
-1.92404	1.14979	5.14259	5.12452
-1.91616	1.17936	5.14259	5.12583
-1.9247	1.17246	5.14259	5.12846
-1.92831	1.17443	5.14325	5.12912
-1.92437	1.16819	5.14423	5.12682
-1.9408	1.13665	5.14456	5.1255
-1.94343	1.13369	5.14423	5.12386
-1.94376	1.12745	5.14259	5.1232
-1.94047	1.14322	5.14127	5.1232
-1.93324	1.14256	5.14226	5.12386
-1.93357	1.14322	5.14522	5.12682
-1.92897	1.13008	5.14653	5.12583
-1.92536	1.12449	5.14522	5.12288
-1.9247	1.1396	5.14456	5.12025
-1.91649	1.15045	5.14357	5.12123
-1.91287	1.15504	5.14423	5.12419
-1.90729	1.1695	5.14325	5.1255
-1.90137	1.17673	5.14456	5.12616
-1.88725	1.19283	5.14489	5.12616
-1.88133	1.20433	5.14456	5.12748
-1.86392	1.2224	5.14325	5.12912
-1.85111	1.22075	5.14292	5.12813
-1.84848	1.23028	5.1416	5.12682
-1.84224	1.23094	5.14259	5.12748
-1.83829	1.23225	5.14423	5.12616
-1.83665	1.24474	5.14785	5.12419
-1.83764	1.24342	5.14719	5.12288
-1.83238	1.24145	5.14587	5.12288
-1.82482	1.24507	5.14456	5.12485
-1.80215	1.26379	5.14489	5.12616
-1.77653	1.28285	5.14489	5.12583
-1.75977	1.30322	5.14456	5.1255
-1.75879	1.31077	5.14357	5.12419
-1.75123	1.31899	5.14292	5.1232
-1.74926	1.32096	5.14357	5.1255
-1.75879	1.3088	5.14456	5.12649
-1.76437	1.31866	5.14357	5.12682
-1.77324	1.30946	5.14292	5.12649
-1.75813	1.31932	5.14357	5.12518
-1.76273	1.3111	5.14456	5.12353
-1.76141	1.3249	5.14423	5.12189
-1.76996	1.32819	5.14489	5.12156
-1.77718	1.32227	5.14456	5.12255
-1.76963	1.32884	5.14357	5.12452
-1.77587	1.32457	5.14259	5.12616
-1.75879	1.32392	5.14193	5.12715
-1.75156	1.32194	5.14259	5.12649
-1.73973	1.31964	5.1439	5.12485
-1.73185	1.33311	5.14489	5.12386
-1.73185	1.34461	5.1439	5.12452
-1.72363	1.34691	5.14226	5.12682
-1.70655	1.37944	5.14193	5.12682
-1.69144	1.39619	5.14095	5.12715
-1.69209	1.40112	5.14357	5.12485
-1.68388	1.39948	5.1439	5.12353
-1.69144	1.39948	5.14292	5.1232
-1.69275	1.40145	5.14193	5.12452
-1.68519	1.40375	5.14193	5.12682
-1.68716	1.39784	5.14226	5.12518
-1.68848	1.39751	5.14423	5.1232
-1.70458	1.38601	5.14489	5.1232
-1.73053	1.35841	5.14489	5.12518
-1.7371	1.35184	5.1439	5.12649
-1.73316	1.36367	5.14325	5.12748
-1.73645	1.3502	5.14127	5.12649
-1.74137	1.34593	5.13996	5.12485
-1.74269	1.35151	5.14193	5.1232
-1.74696	1.341	5.14292	5.12452
-1.74729	1.33936	5.14226	5.12583
-1.74926	1.34199	5.14062	5.1255
-1.75189	1.33509	5.14029	5.12583
-1.74926	1.33147	5.14193	5.12485
-1.74597	1.33344	5.14259	5.12616
-1.73382	1.34724	5.14423	5.12813
-1.74072	1.35513	5.14489	5.12682
-1.74335	1.34987	5.14357	5.12386
-1.74335	1.3617	5.14127	5.12419
-1.72528	1.37287	5.14095	5.12518
-1.7233	1.3778	5.1416	5.12518
-1.72133	1.38437	5.14193	5.12485
-1.71969	1.38995	5.14259	5.12386
-1.73316	1.37418	5.1439	5.12518
-1.72692	1.37254	5.14489	5.12583
-1.73316	1.36958	5.14357	5.12518
-1.72396	1.37648	5.14095	5.12452
-1.72955	1.37123	5.14029	5.1232
-1.73152	1.3778	5.1416	5.12189
-1.73776	1.37517	5.14193	5.12222
-1.74499	1.36203	5.14259	5.12353
-1.75747	1.36005	5.14259	5.12386
-1.76766	1.35053	5.14456	5.12485
-1.76799	1.34166	5.14686	5.12518
-1.7762	1.34231	5.1462	5.12583
-1.7831	1.32063	5.14357	5.12649
-1.79066	1.3226	5.1439	5.12518
-1.79361	1.31702	5.14587	5.1255
-1.77094	1.33279	5.14686	5.12583
-1.7739	1.3364	5.1462	5.12682
-1.76569	1.33574	5.1462	5.1278
-1.76766	1.3387	5.14653	5.12715
-1.75879	1.34231	5.1439	5.1255
-1.7417	1.35053	5.14325	5.12485
-1.75484	1.34593	5.14423	5.12682
-1.75846	1.33771	5.14522	5.1278
-1.75254	1.33344	5.1439	5.12846
-1.76634	1.3249	5.14226	5.12813
-1.7785	1.31636	5.14325	5.12616
-1.79394	1.3065	5.14456	5.12419
-1.79066	1.30289	5.14456	5.12353
-1.78113	1.30617	5.14325	5.12452
-1.78704	1.31209	5.1416	5.12649
-1.8015	1.30453	5.14095	5.1278
-1.80807	1.30026	5.14259	5.12945
-1.81628	1.29763	5.14489	5.12912
-1.81168	1.2881	5.14587	5.12977
-1.81464	1.27135	5.14456	5.12879
-1.81595	1.27332	5.14127	5.12748
-1.81332	1.27628	5.13963	5.12616
-1.8176	1.2835	5.14029	5.1255
-1.8107	1.2996	5.14193	5.12518
-1.80215	1.31012	5.14292	5.12419
-1.80774	1.29993	5.1439	5.12255
-1.81267	1.29862	5.14259	5.12353
-1.81201	1.30256	5.14127	5.12748
-1.8084	1.30979	5.14062	5.12912
-1.81365	1.30519	5.14095	5.12813
-1.81792	1.30256	5.1416	5.12616
-1.81727	1.29862	5.14325	5.12419
-1.81957	1.29106	5.14357	5.12353
-1.81332	1.295	5.1439	5.12288
-1.82154	1.28745	5.14456	5.12386
-1.83008	1.28153	5.14719	5.12682
-1.82581	1.28186	5.14719	5.12748
-1.82647	1.28153	5.1439	5.12583
-1.83764	1.26773	5.14193	5.12222
-1.83961	1.25985	5.1416	5.12123
-1.84026	1.25624	5.14292	5.12353
-1.83402	1.25624	5.1439	5.12616
-1.84782	1.25098	5.14292	5.12616
-1.84914	1.25525	5.14489	5.1255
-1.85111	1.24704	5.14686	5.12682
-1.84815	1.25788	5.14653	5.12649
-1.83928	1.26971	5.14587	5.1255
-1.83501	1.26609	5.14522	5.12452
-1.84946	1.25821	5.14456	5.12452
-1.84256	1.25164	5.1439	5.12419
-1.83797	1.24671	5.14456	5.1255
-1.83172	1.25065	5.1462	5.12649
-1.84125	1.24342	5.14785	5.1255
-1.84421	1.23882	5.14555	5.12386
-1.84651	1.22765	5.14259	5.12452
-1.84979	1.23455	5.14226	5.12583
-1.84782	1.23784	5.14259	5.12715
-1.84355	1.22897	5.14226	5.12715
-1.84749	1.22897	5.14325	5.12485
-1.84355	1.2293	5.14522	5.12353
-1.83731	1.23685	5.14555	5.12353
-1.83369	1.25229	5.14555	5.12288
-1.81924	1.26248	5.14587	5.12419
-1.8107	1.27989	5.14522	5.12616
-1.79854	1.27956	5.14325	5.12616
-1.80281	1.27562	5.14259	5.12649
-1.78803	1.28285	5.14456	5.12452
-1.78507	1.28219	5.14555	5.12419
-1.79	1.28318	5.1462	5.12518
-1.78441	1.28186	5.1462	5.12616
-1.78244	1.27759	5.14587	5.1278
-1.78146	1.26741	5.14587	5.1278
-1.77324	1.27693	5.14587	5.12616
-1.76864	1.28679	5.1462	5.12518
-1.77456	1.27431	5.1439	5.12583
-1.76371	1.28942	5.14226	5.12715
-1.76207	1.27792	5.14292	5.12813
-1.75287	1.30223	5.14325	5.12682
-1.74006	1.3157	5.1439	5.1255
-1.74039	1.3134	5.1439	5.12682
-1.73809	1.31734	5.14259	5.1278
-1.74137	1.30815	5.14193	5.12748
-1.73185	1.33377	5.14292	5.12485
-1.74926	1.32753	5.14423	5.12222
-1.74532	1.32424	5.1439	5.12353
-1.74597	1.3272	5.14259	5.12583
-1.72068	1.33903	5.1439	5.12682
-1.72232	1.33673	5.14456	5.12748
-1.72922	1.33574	5.14456	5.12649
-1.7302	1.3387	5.14193	5.12715
-1.72692	1.35086	5.13963	5.12715
-1.72593	1.35086	5.14062	5.1255
-1.70885	1.36038	5.1439	5.12419
-1.70261	1.37385	5.1462	5.1255
-1.71016	1.37418	5.14719	5.12649
-1.71115	1.37484	5.14357	5.12616
-1.68684	1.40145	5.14095	5.12682
-1.67797	1.41229	5.1416	5.12912
-1.67665	1.40309	5.14423	5.12912
-1.67468	1.41131	5.14522	5.12879
-1.65037	1.42379	5.14555	5.1278
-1.65267	1.42642	5.14456	5.12616
-1.64873	1.43332	5.14555	5.12616
-1.63854	1.43233	5.14555	5.12813
-1.64873	1.44285	5.14522	5.12912
-1.66318	1.42379	5.14357	5.12748
-1.67928	1.40638	5.14456	5.12518
-1.68848	1.40145	5.14555	5.12419
-1.68059	1.40539	5.14587	5.12386
-1.67961	1.40901	5.14456	5.12616
-1.68059	1.40736	5.14062	5.12715
-1.68289	1.40441	5.13832	5.12682
-1.67304	1.41098	5.1393	5.12715
-1.66975	1.41164	5.14226	5.1255
-1.66318	1.41821	5.14193	5.1255
-1.67665	1.39488	5.14292	5.12518
-1.68749	1.38995	5.14357	5.12452
-1.67731	1.39521	5.14226	5.12616
-1.67435	1.39324	5.14357	5.12583
-1.67435	1.39225	5.1462	5.1255
-1.67731	1.39028	5.14653	5.12452
-1.68946	1.37648	5.14587	5.12485
-1.69932	1.36827	5.1439	5.12649
-1.70096	1.35907	5.1416	5.12846
-1.70622	1.34527	5.14062	5.12846
-1.70951	1.34067	5.13996	5.12616
-1.72429	1.32786	5.14193	5.12616
-1.74564	1.30683	5.14357	5.12616
-1.7647	1.28876	5.14489	5.1255
-1.76799	1.29369	5.14489	5.12353
-1.77784	1.29106	5.14127	5.1255
-1.78836	1.28646	5.14029	5.12715
-1.80281	1.25689	5.14193	5.12649
-1.81365	1.25262	5.14423	5.12485
-1.82055	1.23127	5.14555	5.1232
-1.82318	1.2293	5.14357	5.12255
-1.82975	1.21747	5.14259	5.1232
-1.83369	1.204	5.13996	5.12452
-1.84979	1.19546	5.14095	5.12485
-1.86392	1.18231	5.14357	5.12518
-1.8718	1.181	5.14489	5.12583
-1.88725	1.16884	5.1462	5.12518
-1.8833	1.18199	5.14555	5.1232
-1.8879	1.18297	5.14325	5.12353
-1.89382	1.19316	5.14193	5.12583
-1.89907	1.18888	5.1416	5.12583
-1.90334	1.18593	5.14127	5.12748
-1.90367	1.17509	5.14325	5.1278
-1.90762	1.17837	5.1439	5.12583
-1.90992	1.16556	5.1439	5.12452
-1.91879	1.15307	5.1439	5.12518
-1.92667	1.1465	5.14325	5.12485
-1.92569	1.14092	5.14259	5.12518
-1.92339	1.14256	5.14423	5.12583
-1.92799	1.13566	5.14555	5.12583
-1.92601	1.12613	5.1462	5.12649
-1.92996	1.10149	5.14555	5.1255
-1.94277	1.09032	5.14259	5.1255
-1.94671	1.09032	5.14226	5.1255
-1.95755	1.07357	5.14259	5.1255
-1.9592	1.06108	5.14325	5.12386
-1.95197	1.07389	5.14357	5.12386
-1.95263	1.06502	5.14423	5.12485
-1.94671	1.0647	5.14357	5.12583
-1.94803	1.05155	5.14259	5.1255
-1.94868	1.06634	5.14127	5.1232
-1.94113	1.07882	5.14292	5.12288
-1.93751	1.07061	5.14522	5.12386
-1.92799	1.09919	5.1462	5.1255
-1.91452	1.11003	5.14522	5.12682
-1.91024	1.10971	5.14522	5.12649
-1.904	1.11792	5.14522	5.12583
-1.91353	1.11989	5.1439	5.12748
-1.91846	1.10938	5.14292	5.12879
-1.91649	1.10346	5.14325	5.12813
-1.91813	1.09295	5.1416	5.12682
-1.90959	1.11266	5.14226	5.1255
-1.9086	1.12088	5.14357	5.1255
-1.91616	1.12055	5.14357	5.1301
-1.9086	1.13008	5.14325	5.13142
-1.89185	1.14815	5.14325	5.12846
-1.89743	1.15077	5.14325	5.12583
-1.89349	1.15045	5.14259	5.1255
-1.90236	1.14125	5.14292	5.12649
-1.89283	1.15077	5.1439	5.12649
-1.88495	1.15932	5.14423	5.12748
-1.88363	1.16424	5.14489	5.1278
-1.86753	1.18823	5.14489	5.1278
-1.86458	1.18396	5.14555	5.12682
-1.87476	1.17771	5.14555	5.12485
-1.87805	1.17771	5.14587	5.12485
-1.86852	1.1879	5.1439	5.1255
-1.86228	1.19907	5.14029	5.12518
-1.86096	1.20794	5.13996	5.12715
-1.86819	1.21812	5.13996	5.12748
-1.86721	1.21484	5.14095	5.12485
-1.85439	1.22075	5.14259	5.1255
-1.85439	1.22897	5.14259	5.12616
-1.84979	1.23521	5.14325	5.1255
-1.84749	1.23587	5.14357	5.12518
-1.85078	1.24408	5.1439	5.12452
-1.83928	1.24539	5.14423	5.12518
-1.83402	1.25295	5.14489	5.1255
-1.83369	1.24736	5.14522	5.12649
-1.83599	1.25558	5.14489	5.12682
-1.84486	1.24638	5.14423	5.12945
-1.83567	1.24704	5.14259	5.13109
-1.83764	1.23357	5.14259	5.13043
-1.84454	1.22568	5.14587	5.12813
-1.84585	1.22831	5.14817	5.12748
-1.85866	1.22141	5.14752	5.12616
-1.85144	1.24474	5.14587	5.12616
-1.83271	1.24835	5.14325	5.12616
-1.83961	1.23455	5.14259	5.12682
-1.83928	1.23817	5.14423	5.12879
-1.83895	1.24211	5.14587	5.12912
-1.83632	1.26149	5.14653	5.13076
-1.83534	1.25919	5.14522	5.1301
-1.84026	1.24736	5.14456	5.12813
-1.83599	1.24277	5.14259	5.12649
-1.83369	1.24539	5.14127	5.12583
-1.83074	1.25722	5.14357	5.12485
-1.83041	1.25492	5.14489	5.12452
-1.81365	1.27726	5.14357	5.12518
-1.80478	1.27989	5.14292	5.12682
-1.79033	1.29599	5.14259	5.12748
-1.78573	1.29238	5.14226	5.12879
-1.77718	1.29829	5.14193	5.12583
-1.77587	1.30256	5.14226	5.1255
-1.7739	1.3065	5.14292	5.12583
-1.75813	1.31209	5.14423	5.12583
-1.75846	1.32063	5.14423	5.12616
-1.75123	1.32589	5.14226	5.12616
-1.74072	1.34987	5.14259	5.12682
-1.7325	1.34954	5.14522	5.12813
-1.73152	1.3594	5.14719	5.12879
-1.72626	1.35348	5.14719	5.1278
-1.72035	1.36465	5.14587	5.12682
-1.71542	1.36531	5.14357	5.12485
-1.70195	1.36433	5.14127	5.12518
-1.69932	1.36827	5.14029	5.1278
-1.69932	1.35907	5.14029	5.12846
-1.69768	1.35513	5.13996	5.12616
-1.68421	1.3778	5.13996	5.12353
-1.67961	1.37812	5.13963	5.12156
-1.68454	1.38141	5.13996	5.1232
-1.69078	1.38535	5.1393	5.1255
-1.69834	1.37155	5.13996	5.12616
-1.69735	1.38667	5.14127	5.1255
-1.71213	1.37582	5.14325	5.12386
-1.70293	1.38962	5.14456	5.12255
-1.69209	1.40145	5.14522	5.12419
-1.69144	1.38601	5.14325	5.12616
-1.70096	1.3778	5.1416	5.12813
-1.70786	1.36597	5.14259	5.12748
-1.72002	1.3594	5.1439	5.12748
-1.72035	1.35513	5.14325	5.12583
-1.72199	1.3433	5.14325	5.12452
-1.72363	1.34494	5.1416	5.12518
-1.73743	1.34067	5.14029	5.12616
-1.7417	1.35118	5.14029	5.12813
-1.73809	1.35513	5.14193	5.12879
-1.75057	1.3502	5.14292	5.12846
-1.75747	1.34724	5.14555	5.12748
-1.76141	1.3387	5.14456	5.1278
-1.76963	1.33377	5.14325	5.12583
-1.77423	1.34363	5.14259	5.12748
-1.77029	1.33509	5.14127	5.1278
-1.77423	1.3318	5.13996	5.12682
-1.76996	1.33936	5.13963	5.12518
-1.77489	1.33246	5.14226	5.12386
-1.78803	1.32326	5.1439	5.12288
-1.79033	1.3203	5.14325	5.12419
-1.80248	1.29927	5.14193	5.12748
-1.80643	1.28613	5.14259	5.1301
-1.81004	1.28449	5.1439	5.13109
-1.82351	1.2789	5.14653	5.13043
-1.83139	1.27135	5.14719	5.12879
-1.83139	1.27168	5.14785	5.1278
-1.83468	1.27398	5.14653	5.12616
-1.83698	1.26741	5.14522	5.12518
-1.83205	1.26576	5.14193	5.12649
-1.81924	1.27365	5.13996	5.12682
-1.81825	1.27233	5.14062	5.12682
-1.82154	1.27069	5.14193	5.12682
-1.81102	1.28548	5.1439	5.1278
-1.7992	1.2881	5.1416	5.12813
-1.79788	1.30026	5.13996	5.12977
-1.77817	1.32162	5.13996	5.1278
-1.77883	1.30913	5.14259	5.1255
-1.78146	1.31734	5.14456	5.12485
-1.7854	1.31669	5.14357	5.12452
-1.78178	1.31702	5.14423	5.12452
-1.78376	1.30782	5.1439	5.12616
-1.77718	1.31702	5.14259	5.12616
-1.76766	1.30913	5.13996	5.12616
-1.7601	1.31209	5.1393	5.1255
-1.7716	1.29467	5.14029	5.12419
-1.78014	1.28778	5.14259	5.12452
-1.78376	1.27726	5.14357	5.12485
-1.77193	1.30026	5.14226	5.12485
-1.76733	1.295	5.14127	5.12583
-1.76536	1.2927	5.14226	5.12649
-1.76043	1.3065	5.14357	5.12583
-1.76733	1.29435	5.14555	5.12616
-1.76897	1.28712	5.14587	5.12452
-1.75747	1.30059	5.14423	5.12616
-1.76273	1.29369	5.14357	5.12813
-1.76371	1.28646	5.1439	5.12977
-1.76437	1.28646	5.1462	5.12813
-1.77061	1.27628	5.14719	5.12813
-1.76634	1.27858	5.1485	5.12616
-1.78671	1.25525	5.14719	5.12419
-1.7992	1.24802	5.14653	5.12288
-1.80971	1.23685	5.14423	5.12518
-1.81562	1.23192	5.14226	5.12682
-1.82121	1.22765	5.14226	5.12813
-1.83172	1.2201	5.1416	5.1278
-1.84322	1.20465	5.1416	5.12748
-1.84618	1.1994	5.1416	5.1255
-1.85176	1.18691	5.14259	5.12518
-1.85965	1.17213	5.1416	5.12485
-1.85045	1.16556	5.14127	5.1255
-1.86063	1.15932	5.14193	5.12583
-1.86983	1.15472	5.14357	5.12452
-1.88298	1.1396	5.1439	5.12452
-1.88363	1.1281	5.14357	5.1255
-1.88429	1.1304	5.14456	5.12616
-1.8879	1.12515	5.1462	5.1278
-1.87936	1.12942	5.14522	5.12912
-1.88889	1.12515	5.14456	5.12715
-1.89809	1.12219	5.1439	5.12386
-1.89677	1.13336	5.14259	5.12255
-1.89053	1.14223	5.14259	5.1232
-1.89053	1.13862	5.14226	5.12583
-1.90302	1.13566	5.1416	5.12715
-1.90663	1.13763	5.14127	5.12748
-1.89283	1.14913	5.14325	5.12682
-1.89546	1.14683	5.14522	5.12649
-1.88692	1.14979	5.14456	5.12419
-1.88199	1.15176	5.14193	5.12419
-1.87279	1.15045	5.14095	5.12452
-1.8718	1.15964	5.14062	5.12419
-1.87542	1.16523	5.14095	5.1255
-1.87542	1.17443	5.14226	5.12715
-1.86655	1.17969	5.14325	5.12616
-1.86655	1.17377	5.14357	5.12452
-1.86031	1.18199	5.14259	5.12452
-1.85373	1.18264	5.14062	5.12616
-1.85242	1.17049	5.14062	5.12748
-1.84552	1.16556	5.14325	5.12616
-1.84716	1.1626	5.14555	5.12616
-1.84355	1.16457	5.14817	5.12583
-1.85833	1.17081	5.15014	5.12386
-1.85012	1.17476	5.14785	5.1232
-1.85209	1.16523	5.14259	5.12353
-1.84289	1.1764	5.14226	5.12485
-1.83107	1.1856	5.1439	5.12682
-1.82712	1.19546	5.14587	5.1278
-1.83599	1.181	5.14686	5.12715
-1.83304	1.1856	5.14325	5.12616
-1.82384	1.2017	5.14127	5.12649
-1.82581	1.20958	5.14226	5.12583
-1.81661	1.21254	5.14226	5.12649
-1.81891	1.20104	5.14226	5.1255
-1.81332	1.21024	5.14325	5.12386
-1.81694	1.21977	5.14423	5.12353
-1.81365	1.21648	5.14522	5.12485
-1.82548	1.204	5.14259	5.12616
-1.82548	1.21484	5.14029	5.1278
-1.82942	1.21254	5.14193	5.12813
-1.83304	1.20433	5.14357	5.1301
-1.84224	1.20958	5.14357	5.12846
-1.83797	1.21188	5.1439	5.12583
-1.83797	1.20958	5.14357	5.12419
-1.83337	1.21123	5.14456	5.12386
-1.83501	1.2086	5.14259	5.12583
-1.82482	1.22272	5.14193	5.12715
-1.82679	1.23028	5.14357	5.12715
-1.82614	1.22305	5.14653	5.12485
-1.82909	1.22272	5.14719	5.12386
-1.82351	1.22535	5.14522	5.12452
-1.82844	1.23652	5.14357	5.1255
-1.83107	1.24507	5.14193	5.12748
-1.83107	1.23455	5.14292	5.12813
-1.83074	1.23915	5.1439	5.12583
-1.83304	1.24342	5.14522	5.1255
-1.83271	1.23619	5.14423	5.12616
-1.83238	1.24539	5.14456	5.12682
-1.83829	1.23619	5.14522	5.12748
-1.83665	1.23915	5.14555	5.12715
-1.83139	1.24638	5.14489	5.1255
-1.83599	1.23981	5.14489	5.12518
-1.84585	1.22831	5.1439	5.12583
-1.84486	1.23225	5.14127	5.12583
-1.83074	1.24277	5.14029	5.12616
-1.83337	1.24014	5.14193	5.12583
-1.84454	1.23028	5.14522	5.12616
-1.84224	1.24112	5.14686	5.12715
-1.84092	1.24736	5.14752	5.1278
-1.83435	1.23521	5.14653	5.12649
-1.83041	1.24375	5.14785	5.12386
-1.82384	1.24079	5.14719	5.12288
-1.82712	1.24145	5.14226	5.12255
-1.81825	1.24835	5.13897	5.12419
-1.81825	1.24605	5.13996	5.12583
-1.82384	1.24178	5.14555	5.12649
-1.80774	1.25919	5.14719	5.12452
-1.79394	1.26379	5.14522	5.12353
-1.79394	1.26412	5.14292	5.12616
-1.7946	1.26281	5.14292	5.1278
-1.79887	1.25821	5.1439	5.12682
-1.80117	1.25098	5.1439	5.1255
-1.79624	1.25854	5.14226	5.1255
-1.79953	1.25295	5.14193	5.12518
-1.79525	1.25821	5.14325	5.12518
-1.79723	1.25394	5.14522	5.12682
-1.81201	1.23817	5.14555	5.12748
-1.82318	1.23652	5.14587	5.12649
-1.82679	1.23127	5.14587	5.1255
-1.83402	1.21615	5.14555	5.12419
-1.84158	1.21484	5.1439	5.12452
-1.84979	1.21024	5.14193	5.12649
-1.86918	1.20071	5.14259	5.12715
-1.86983	1.19874	5.14259	5.12715
-1.8787	1.18297	5.14325	5.12583
-1.88166	1.1764	5.1439	5.12386
-1.88265	1.18199	5.14456	5.12353
-1.87575	1.17246	5.1439	5.12386
-1.89645	1.15669	5.14259	5.12452
-1.89677	1.16194	5.14292	5.1255
-1.90137	1.15734	5.14456	5.12616
-1.90499	1.15537	5.14653	5.12583
-1.90302	1.16786	5.14587	5.12518
-1.91287	1.15669	5.14423	5.12452
-1.91714	1.15537	5.14226	5.12353
-1.91484	1.15274	5.14292	5.12419
-1.92766	1.14092	5.14522	5.12649
-1.92634	1.13599	5.14522	5.12682
-1.93718	1.13862	5.1439	5.12715
-1.93488	1.13599	5.1439	5.1278
-1.93521	1.1304	5.1439	5.12682
-1.94441	1.12055	5.14357	5.1255
-1.94178	1.11858	5.14127	5.12616
-1.94146	1.11529	5.14062	5.12715
-1.93883	1.11661	5.14193	5.12912
-1.93587	1.11463	5.14522	5.1278
-1.92831	1.12186	5.14785	5.12583
-1.93554	1.10609	5.14686	5.12616
-1.93193	1.11628	5.1416	5.12715
-1.92733	1.12088	5.13963	5.12715
-1.92799	1.11989	5.14095	5.12616
-1.93127	1.11003	5.14325	5.12452
-1.93324	1.10708	5.14587	5.12452
-1.91879	1.11595	5.14785	5.12649
-1.92996	1.11529	5.14719	5.12748
-1.92503	1.11726	5.14489	5.12813
-1.9109	1.13336	5.14193	5.12879
-1.90926	1.12646	5.13897	5.12813
-1.90762	1.11759	5.14029	5.12748
-1.91222	1.11562	5.14193	5.1278
-1.90269	1.13106	5.14325	5.12813
-1.90072	1.13697	5.1439	5.12879
-1.89283	1.14782	5.14259	5.12879
-1.88987	1.1396	5.14095	5.12813
-1.87608	1.14847	5.1393	5.1278
-1.87608	1.14979	5.14062	5.12485
-1.88265	1.14223	5.14423	5.12255
-1.88725	1.15866	5.14456	5.1232
-1.88133	1.16063	5.14423	5.12649
-1.88363	1.16589	5.14456	5.12715
-1.88725	1.14486	5.1439	5.12912
-1.89579	1.1327	5.14522	5.12912
-1.89283	1.13435	5.14489	5.12715
-1.89415	1.14026	5.1439	5.12485
-1.89809	1.13566	5.14325	5.12353
-1.90433	1.15143	5.14259	5.12288
-1.89875	1.14847	5.14259	5.12485
-1.89677	1.15176	5.14423	5.12715
-1.90466	1.14322	5.14555	5.12748
-1.88922	1.15209	5.1462	5.12616
-1.88396	1.1419	5.14522	5.12353
-1.89677	1.14223	5.14259	5.12288
-1.90302	1.14355	5.14127	5.12386
-1.91452	1.13468	5.14193	5.12616
-1.91222	1.15045	5.14226	5.12649
-1.91616	1.14125	5.14456	5.12386
-1.91024	1.14617	5.1439	5.1209
-1.90203	1.15439	5.14259	5.1209
-1.89349	1.16457	5.14357	5.12485
-1.88462	1.17903	5.14587	5.1278
-1.89283	1.17969	5.14555	5.12945
-1.90532	1.17279	5.14555	5.1278
-1.9109	1.17049	5.14489	5.12485
-1.90992	1.16983	5.14292	5.12255
-1.91057	1.17541	5.14127	5.1232
-1.91287	1.18034	5.14193	5.12452
-1.91879	1.17706	5.14357	5.12682
-1.91123	1.17706	5.14555	5.1278
-1.91747	1.16359	5.14653	5.12813
-1.91287	1.17114	5.14752	5.12682
-1.91714	1.16851	5.14653	5.12583
-1.91616	1.1626	5.14653	5.12485
-1.91977	1.16424	5.14555	5.1255
-1.9063	1.17706	5.14522	5.12682
-1.8902	1.17509	5.14489	5.12682
-1.88889	1.18133	5.14325	5.12518
-1.89152	1.17114	5.14423	5.1232
-1.88626	1.18231	5.14555	5.12353
-1.88166	1.1787	5.14653	5.12452
-1.87476	1.19217	5.14653	5.12452
-1.86392	1.20761	5.14423	5.12485
-1.86228	1.19743	5.14095	5.12616
-1.85932	1.19546	5.14127	5.12813
-1.84684	1.2086	5.14259	5.12813
-1.84651	1.20203	5.14325	5.12649
-1.85341	1.19874	5.14259	5.12616
-1.84486	1.20005	5.14062	5.12583
-1.83468	1.21123	5.14029	5.12682
-1.82614	1.21155	5.1416	5.12748
-1.81858	1.21615	5.14357	5.12879
-1.81957	1.21648	5.14587	5.12813
-1.82515	1.21582	5.14555	5.12846
-1.81661	1.21944	5.14489	5.12682
-1.80774	1.21714	5.14292	5.12583
-1.81135	1.21582	5.14193	5.12485
-1.8176	1.20334	5.14193	5.12583
-1.81497	1.21812	5.14259	5.12682
-1.82121	1.21353	5.14357	5.12353
-1.83304	1.21024	5.14226	5.12189
-1.82647	1.22042	5.1416	5.12288
-1.83304	1.2201	5.14127	5.1255
-1.83435	1.21977	5.14259	5.12846
-1.83665	1.21812	5.14456	5.12879
-1.84651	1.20531	5.14587	5.12682
-1.84749	1.21451	5.14357	5.12452
-1.85571	1.2155	5.14259	5.12452
-1.86096	1.21714	5.14226	5.12485
-1.85866	1.21517	5.14127	5.1255
-1.86293	1.21582	5.14095	5.12649
-1.8718	1.2178	5.14127	5.12682
-1.87443	1.22042	5.14193	5.12715
-1.87279	1.21977	5.14357	5.1278
-1.87509	1.2132	5.14357	5.12583
-1.88495	1.20958	5.1416	5.1255
-1.88987	1.2109	5.13897	5.12583
-1.90564	1.18658	5.13865	5.12583
-1.91353	1.17476	5.13865	5.12485
-1.91353	1.16194	5.14029	5.12485
-1.92371	1.1626	5.14193	5.12452
-1.92963	1.14913	5.14325	5.12255
-1.93456	1.14782	5.14456	5.12255
-1.93258	1.1442	5.14522	5.12419
-1.92963	1.14519	5.14489	5.12649
-1.93291	1.15537	5.14423	5.12748
-1.9408	1.15077	5.14325	5.12748
-1.94113	1.14355	5.14325	5.12518
-1.94047	1.13829	5.14292	5.12255
-1.94244	1.12318	5.14259	5.12189
-1.94638	1.11003	5.14325	5.12123
-1.94901	1.09295	5.14423	5.12255
-1.94014	1.10215	5.14653	5.12485
-1.94376	1.08737	5.14785	5.12583
-1.94474	1.07817	5.14555	5.12386
-1.93916	1.08638	5.14456	5.12025
-1.94441	1.08704	5.14423	5.12123
-1.93291	1.09295	5.14522	5.12518
-1.92569	1.10741	5.14587	5.12748
-1.90926	1.12778	5.14785	5.12616
-1.91649	1.11759	5.14785	5.12419
-1.90926	1.12383	5.14817	5.12156
-1.91353	1.13073	5.1462	5.1209
-1.9086	1.12679	5.14259	5.12353
-1.90663	1.12285	5.14062	5.12682
-1.89809	1.12778	5.14127	5.12813
-1.8925	1.13862	5.14357	5.1278
-1.88856	1.1327	5.14555	5.1278
-1.88527	1.13303	5.14423	5.12715
-1.88396	1.13632	5.14325	5.1255
-1.87312	1.14979	5.14292	5.12583
-1.88199	1.13993	5.14127	5.1278
-1.88889	1.13303	5.14127	5.12945
-1.88265	1.14387	5.14259	5.1301
-1.87936	1.1557	5.14489	5.12649
-1.87148	1.16654	5.14423	5.12452
-1.88363	1.16589	5.14325	5.12518
-1.87772	1.16884	5.14127	5.12682
-1.88889	1.16392	5.13996	5.12846
-1.88265	1.1833	5.1416	5.12912
-1.89086	1.1672	5.14587	5.12912
-1.89513	1.16096	5.14653	5.1278
-1.88987	1.16523	5.14456	5.12649
-1.89809	1.15734	5.14292	5.1255
-1.89677	1.15504	5.14292	5.12386
-1.9109	1.14815	5.14292	5.12386
-1.92569	1.1442	5.1439	5.12518
-1.93193	1.14322	5.14423	5.12583
-1.93784	1.14092	5.14357	5.12682
-1.93916	1.13106	5.14226	5.12846
-1.94835	1.1304	5.14062	5.12945
-1.96511	1.13697	5.14062	5.12945
-1.96281	1.13697	5.13996	5.12682
-1.95953	1.14256	5.14127	5.12485
-1.96347	1.13468	5.14456	5.12616
-1.9684	1.13468	5.14456	5.12682
-1.9707	1.1327	5.14193	5.12846
-1.97858	1.11858	5.14127	5.12945
-1.97562	1.11858	5.14062	5.12879
-1.97464	1.1212	5.1416	5.12846
-1.97332	1.12285	5.14259	5.12813
-1.97858	1.11496	5.14456	5.12682
-1.9753	1.11266	5.14522	5.12452
-1.96905	1.11463	5.14325	5.12518
-1.98219	1.09985	5.14226	5.12649
-1.97891	1.11003	5.14259	5.12649
-1.98187	1.10938	5.14456	5.12616
-1.98318	1.09788	5.14555	5.12353
-1.97924	1.10346	5.14719	5.1232
-1.97497	1.09985	5.14686	5.12419
-1.97037	1.10609	5.14522	5.12485
-1.97365	1.09098	5.1439	5.12583
-1.96018	1.10051	5.14193	5.12649
-1.94868	1.09919	5.14259	5.12518
-1.94835	1.10182	5.14325	5.1255
-1.94047	1.10478	5.14522	5.12485
-1.93456	1.10675	5.14522	5.12353
-1.92733	1.11201	5.14292	5.12353
-1.92437	1.11135	5.14127	5.12419
-1.93061	1.10741	5.14062	5.1255
-1.91714	1.11168	5.14193	5.12583
-1.91189	1.11726	5.14423	5.12452
-1.90564	1.10248	5.14522	5.12288
-1.88396	1.11923	5.14456	5.12288
-1.88035	1.12679	5.14325	5.12485
-1.88363	1.13008	5.14357	5.12649
-1.87246	1.13599	5.14357	5.12813
-1.86031	1.14585	5.14259	5.12879
-1.86031	1.14749	5.14029	5.12879
-1.86523	1.14913	5.13963	5.12813
-1.86063	1.15307	5.1393	5.12813
-1.85932	1.15406	5.14029	5.12682
-1.85176	1.15472	5.14095	5.12518
-1.85144	1.15964	5.14193	5.12452
-1.84651	1.1626	5.14259	5.12485
-1.84388	1.15603	5.14259	5.1255
-1.85406	1.14355	5.14259	5.12682
-1.85144	1.15406	5.14193	5.12682
-1.86063	1.15242	5.1416	5.12682
-1.85965	1.15767	5.14095	5.12616
-1.86491	1.15997	5.14095	5.12518
-1.86688	1.158	5.13996	5.12518
-1.86852	1.15997	5.13996	5.1255
-1.87608	1.16063	5.14127	5.12583
-1.88396	1.16063	5.14226	5.12715
-1.88363	1.16556	5.14193	5.1278
-1.88133	1.1741	5.13963	5.12813
-1.88429	1.18461	5.13799	5.1301
-1.89776	1.1902	5.13996	5.1301
-1.89677	1.18166	5.14259	5.12748
-1.8879	1.18461	5.1439	5.12452
-1.89053	1.19841	5.14423	5.1255
-1.8833	1.20367	5.14292	5.12846
-1.88363	1.19907	5.14095	5.12945
-1.88692	1.19414	5.14095	5.1278
-1.89185	1.20005	5.14292	5.12715
-1.89053	1.20728	5.14127	5.12715
-1.8925	1.19907	5.13996	5.12583
-1.89513	1.19907	5.14095	5.12616
-1.89842	1.20268	5.14226	5.12682
-1.89349	1.20991	5.14292	5.12813
-1.89382	1.21123	5.14555	5.12748
-1.88593	1.21123	5.14686	5.12649
-1.87903	1.21648	5.14653	5.12419
-1.87772	1.22338	5.14456	5.12419
-1.8741	1.22207	5.14292	5.1255
-1.86852	1.21484	5.14095	5.1278
-1.86129	1.21714	5.14029	5.12977
-1.84552	1.22962	5.14029	5.1301
-1.84355	1.22568	5.14029	5.1278
-1.84322	1.23028	5.1416	5.12649
-1.84125	1.23061	5.14292	5.12715
-1.83764	1.23094	5.14226	5.12715
-1.83534	1.22371	5.14292	5.12649
-1.82285	1.22437	5.14522	5.12583
-1.8153	1.24145	5.14653	5.12583
-1.81924	1.21714	5.1462	5.12583
-1.82679	1.20991	5.14587	5.12583
-1.83041	1.19808	5.1439	5.1255
-1.81365	1.20893	5.14193	5.12583
-1.82088	1.20728	5.14095	5.12616
-1.80971	1.21484	5.14259	5.12518
-1.8107	1.21057	5.14292	5.12485
-1.80675	1.20893	5.14456	5.12353
-1.80643	1.20663	5.14489	5.12353
-1.80445	1.20334	5.1439	5.12353
-1.81825	1.19841	5.14259	5.12353
-1.82022	1.19907	5.14259	5.12518
-1.8199	1.2086	5.1439	5.12748
-1.82417	1.21221	5.14489	5.1278
-1.83665	1.20893	5.14522	5.12616
-1.83698	1.21484	5.14456	5.1255
-1.84388	1.2086	5.14357	5.12386
-1.85078	1.20958	5.14193	5.12353
-1.86458	1.20991	5.1416	5.12583
-1.86228	1.20794	5.14292	5.12616
-1.86491	1.1994	5.14325	5.1255
-1.88396	1.18691	5.1439	5.12452
-1.87673	1.1994	5.14325	5.12682
-1.88396	1.18757	5.14193	5.12682
-1.89185	1.1833	5.14325	5.12518
-1.89645	1.181	5.1439	5.1232
-1.9132	1.16851	5.14587	5.12189
-1.91616	1.1557	5.14489	5.12288
-1.92897	1.1465	5.14357	5.12123
-1.93554	1.13829	5.14522	5.12222
-1.94934	1.13697	5.14587	5.12452
-1.96577	1.12515	5.14325	5.12715
-1.96774	1.11956	5.14127	5.12748
-1.97792	1.10708	5.14127	5.12616
-1.98252	1.09722	5.14357	5.12386
-1.98844	1.08572	5.14489	5.12518
-1.99172	1.09624	5.14489	5.12715
-1.98581	1.09229	5.14325	5.12682
-1.98285	1.09492	5.14193	5.12452
-1.97924	1.09755	5.14193	5.1232
-1.98252	1.08835	5.1439	5.12485
-1.98778	1.07389	5.14489	5.12485
-1.99961	1.05681	5.14423	5.12452
-1.99599	1.05287	5.14292	5.12485
-1.99139	1.05155	5.1416	5.1255
-1.99107	1.06667	5.14029	5.12616
-1.98285	1.07291	5.13963	5.12485
-1.97464	1.08014	5.14226	5.12419
-1.97431	1.08835	5.14522	5.12386
-1.97201	1.09722	5.14522	5.12255
-1.97037	1.09295	5.14456	5.12419
-1.96117	1.09591	5.14423	5.1255
-1.95591	1.09919	5.1439	5.12583
-1.9431	1.11201	5.1439	5.1255
-1.94343	1.09854	5.14423	5.12452
-1.9339	1.09952	5.1439	5.12419
-1.93784	1.11135	5.1439	5.12386
-1.93127	1.11398	5.1439	5.1232
-1.93587	1.09656	5.14292	5.12189
-1.93061	1.09919	5.14423	5.12485
-1.92273	1.10478	5.14423	5.12583
-1.91616	1.11201	5.14423	5.1255
-1.90203	1.12909	5.14489	5.12518
-1.89776	1.12909	5.14456	5.12518
-1.89743	1.13796	5.14423	5.12518
-1.88495	1.16194	5.14325	5.12715
-1.88002	1.17936	5.14423	5.12715
-1.87345	1.19414	5.1462	5.12616
-1.86392	1.20137	5.14719	5.12583
-1.86129	1.18494	5.14653	5.12583
-1.86162	1.18888	5.14522	5.12616
-1.85538	1.19677	5.14325	5.12649
-1.85505	1.21123	5.14259	5.12649
-1.85505	1.2155	5.14423	5.12682
-1.84552	1.22305	5.1439	5.12485
-1.84651	1.2086	5.1462	5.12255
-1.84651	1.21024	5.1462	5.12222
-1.85801	1.20794	5.14587	5.12518
-1.85603	1.21221	5.14489	5.12715
-1.86458	1.21484	5.14357	5.1278
-1.85932	1.2155	5.14226	5.12715
-1.86425	1.21714	5.14325	5.12616
-1.87706	1.21221	5.14357	5.12715
-1.87279	1.21254	5.14456	5.12715
-1.8764	1.20958	5.14325	5.1255
-1.89743	1.19546	5.14127	5.1255
-1.9017	1.18987	5.14095	5.12649
-1.90433	1.17903	5.14292	5.12649
-1.91287	1.16753	5.14489	5.12518
-1.91681	1.17049	5.14719	5.1232
-1.91189	1.181	5.14686	5.1232
-1.91353	1.17574	5.14555	5.12616
-1.91254	1.18724	5.14555	5.12879
-1.90499	1.19611	5.1462	5.12813
-1.89612	1.19118	5.14719	5.12715
-1.90039	1.18396	5.1462	5.12682
-1.89447	1.1856	5.14357	5.12748
-1.88363	1.18987	5.14193	5.12813
-1.87772	1.1971	5.14127	5.12813
-1.87345	1.19874	5.14127	5.12846
-1.87115	1.1994	5.14259	5.12977
-1.87082	1.20728	5.14325	5.1301
-1.87805	1.19611	5.1439	5.12846
-1.86622	1.19381	5.14555	5.1278
-1.84716	1.19973	5.14522	5.12879
-1.84289	1.21024	5.14456	5.12846
-1.84815	1.21254	5.14259	5.1278
-1.84749	1.21615	5.14292	5.12583
-1.83369	1.2224	5.1439	5.12616
-1.82647	1.21385	5.14489	5.12715
-1.81957	1.20893	5.1439	5.12748
-1.81464	1.21155	5.14325	5.12682
-1.7946	1.21977	5.14357	5.1278
-1.78934	1.23554	5.14456	5.12912
-1.78343	1.23192	5.14719	5.13043
-1.78178	1.24079	5.14817	5.12846
-1.77489	1.24342	5.14752	5.12518
-1.78901	1.24178	5.14456	5.12123
-1.78934	1.24112	5.1416	5.12255
-1.77587	1.24901	5.1393	5.12583
-1.76273	1.25656	5.14029	5.12715
-1.7555	1.26313	5.1439	5.12682
-1.74696	1.26313	5.14423	5.12616
-1.7486	1.25098	5.14325	5.12616
-1.74269	1.24441	5.14193	5.12649
-1.7555	1.24277	5.1416	5.12616
-1.76339	1.23981	5.14259	5.12485
-1.75616	1.24047	5.14456	5.12485
-1.76799	1.23422	5.14587	5.12386
-1.78934	1.21911	5.14653	5.12386
-1.78934	1.24309	5.1439	5.12583
-1.79493	1.23422	5.14226	5.12616
-1.7946	1.22568	5.14292	5.1255
-1.80018	1.22338	5.14423	5.12583
-1.82055	1.21714	5.14489	5.12715
-1.82187	1.22108	5.14489	5.12616
-1.83534	1.2132	5.14489	5.12452
-1.83895	1.21845	5.14357	5.12353
-1.83468	1.22371	5.14226	5.12222
-1.85012	1.20728	5.1416	5.12386
-1.85144	1.20071	5.14193	5.12616
-1.85932	1.18954	5.14456	5.12945
-1.88035	1.16819	5.14522	5.13043
-1.88626	1.16622	5.14587	5.12879
-1.90006	1.15274	5.14357	5.12813
-1.90926	1.13993	5.14127	5.12682
-1.91517	1.13336	5.13963	5.12616
-1.92437	1.13073	5.14062	5.12616
-1.927	1.11562	5.14259	5.12682
-1.92733	1.12613	5.14456	5.12682
-1.94014	1.10543	5.14522	5.12583
-1.94573	1.09131	5.14719	5.12518
-1.95624	1.06371	5.14752	5.12649
-1.94507	1.06535	5.14456	5.12813
-1.94474	1.08112	5.14259	5.12813
-1.94244	1.07094	5.14423	5.12813
-1.94343	1.06568	5.14587	5.12649
-1.95131	1.06962	5.1462	5.12485
-1.95427	1.06272	5.1462	5.12353
-1.95953	1.04038	5.14686	5.12353
-1.95394	1.03381	5.14555	5.12452
-1.95953	1.02494	5.1439	5.12583
-1.96675	1.0302	5.14423	5.12485
-1.96971	1.02133	5.14555	5.12353
-1.97431	1.01574	5.14653	5.12353
-1.97891	1.0118	5.14456	5.12616
-1.98022	1.0095	5.14193	5.12748
-1.97431	1.01969	5.13996	5.12879
-1.97924	1.01607	5.1416	5.12879
-1.97694	1.02396	5.14423	5.12485
-1.96774	1.0256	5.14456	5.12419
-1.96577	1.01903	5.14259	5.12353
-1.96511	1.0187	5.1416	5.12452
-1.95394	1.0279	5.14259	5.12616
-1.95361	1.02133	5.1439	5.1278
-1.95723	1.01739	5.14292	5.12912
-1.95558	1.0187	5.14127	5.12846
-1.94901	1.01837	5.14127	5.12748
-1.93883	1.02494	5.14127	5.1255
-1.93948	1.03151	5.14259	5.12485
-1.93488	1.03316	5.14325	5.12452
-1.92897	1.04597	5.1439	5.12518
-1.92141	1.04958	5.14423	5.12583
-1.91911	1.06075	5.14456	5.1255
-1.92569	1.06272	5.14357	5.12518
-1.92273	1.07127	5.14357	5.12616
-1.91944	1.08309	5.14292	5.1278
-1.92503	1.08277	5.1439	5.12616
-1.92766	1.09558	5.14489	5.1255
-1.9316	1.08868	5.14423	5.12518
-1.93883	1.08309	5.14226	5.12616
-1.93784	1.10609	5.14127	5.12682
-1.94868	1.10543	5.14292	5.12583
-1.94868	1.11201	5.14325	5.12485
-1.94507	1.11233	5.14259	5.12518
-1.9431	1.12285	5.14226	5.1255
-1.94901	1.12022	5.14357	5.12518
-1.94343	1.14059	5.14522	5.12518
-1.9339	1.14815	5.14423	5.1232
-1.94047	1.14585	5.14357	5.12288
-1.94868	1.14125	5.14555	5.12419
-1.94507	1.1488	5.14522	5.12583
-1.94178	1.15504	5.14357	5.12715
-1.93653	1.16096	5.14423	5.12846
-1.91747	1.19184	5.14325	5.12715
-1.91189	1.19447	5.14193	5.12715
-1.91254	1.19381	5.14259	5.12912
-1.91024	1.1994	5.14325	5.12846
-1.90696	1.21155	5.14587	5.12748
-1.91156	1.20925	5.14522	5.12748
-1.90203	1.2201	5.14555	5.1278
-1.90039	1.227	5.14587	5.12813
-1.88856	1.23324	5.14555	5.12616
-1.86983	1.24079	5.14292	5.12485
-1.86852	1.23258	5.14259	5.12485
-1.84848	1.24671	5.14325	5.12353
-1.84552	1.23422	5.14325	5.12123
-1.83041	1.24704	5.14357	5.12156
-1.81332	1.25788	5.14423	5.12189
-1.81464	1.25295	5.14522	5.12353
-1.8038	1.26576	5.1462	5.12452
-1.80051	1.26313	5.14653	5.12518
-1.78901	1.27562	5.14686	5.12583
-1.78638	1.26773	5.14489	5.1255
-1.7693	1.27463	5.14259	5.12518
-1.76996	1.28088	5.14226	5.1255
-1.76766	1.28778	5.1416	5.12715
-1.75189	1.3019	5.1416	5.12846
-1.74335	1.30157	5.14062	5.12748
-1.74335	1.31307	5.14193	5.12682
-1.7486	1.3019	5.1439	5.12386
-1.73513	1.3088	5.14325	5.1232
-1.72659	1.30782	5.1416	5.1255
-1.71903	1.31504	5.14029	5.12616
-1.71115	1.31504	5.14029	5.12649
-1.70918	1.3088	5.13963	5.12715
-1.71673	1.29829	5.14127	5.12715
-1.72462	1.28942	5.14193	5.12452
-1.73152	1.28679	5.14193	5.12419
-1.7187	1.31669	5.14226	5.12353
-1.7302	1.30815	5.14325	5.12452
-1.7417	1.29632	5.14325	5.12583
-1.74236	1.3065	5.14456	5.1255
-1.74926	1.3157	5.1462	5.12583
-1.75649	1.30585	5.14719	5.1255
-1.76306	1.30026	5.14785	5.12288
-1.76371	1.29632	5.1462	5.1232
-1.76864	1.29336	5.14489	5.12518
-1.77226	1.28843	5.14259	5.12682
-1.79394	1.27825	5.14489	5.12879
-1.7923	1.28219	5.14653	5.12715
-1.79821	1.27562	5.14686	5.12485
-1.81102	1.26971	5.14357	5.12485
-1.81858	1.26511	5.14226	5.12518
-1.82548	1.25656	5.14095	5.12616
-1.84454	1.23685	5.1416	5.12715
-1.85866	1.22272	5.14522	5.12649
-1.86655	1.2155	5.14719	5.12353
-1.87443	1.21221	5.14653	5.12222
-1.88725	1.18856	5.1439	5.12288
-1.89546	1.19578	5.14325	5.1232
-1.90334	1.17804	5.14226	5.12583
-1.904	1.17739	5.14259	5.12649
-1.89612	1.1718	5.1439	5.12748
-1.89842	1.17016	5.14587	5.12649
-1.89612	1.15767	5.14719	5.12583
-1.90072	1.14322	5.14653	5.12452
-1.90302	1.14256	5.14456	5.12583
-1.89677	1.14946	5.14193	5.12715
-1.89447	1.1442	5.1416	5.12846
-1.89513	1.12745	5.14226	5.12879
-1.89513	1.12745	5.14325	5.12715
-1.89776	1.12449	5.1439	5.12649
-1.8994	1.12219	5.14357	5.1255
-1.89086	1.12186	5.14325	5.12583
-1.88298	1.12843	5.14259	5.1255
-1.88987	1.12022	5.1439	5.12386
-1.88856	1.11759	5.14423	5.12419
-1.89283	1.11069	5.14423	5.12452
-1.88527	1.1212	5.14522	5.12452
-1.88429	1.11628	5.14522	5.12353
-1.88955	1.1212	5.14193	5.12452
-1.88527	1.12252	5.14062	5.12682
-1.87673	1.12219	5.13996	5.12682
-1.8856	1.12383	5.14292	5.12583
-1.87838	1.11233	5.1439	5.12583
-1.87312	1.13139	5.14292	5.12485
-1.85538	1.13829	5.14127	5.1255
-1.86852	1.135	5.13897	5.1255
-1.881	1.1281	5.13963	5.12583
-1.88955	1.12778	5.1416	5.12748
-1.88659	1.1212	5.14325	5.12846
-1.88035	1.12219	5.14456	5.12748
-1.8879	1.11332	5.14555	5.12748
-1.88068	1.11266	5.14456	5.12583
-1.88889	1.10675	5.1439	5.12518
-1.90959	1.09295	5.14325	5.12583
-1.92273	1.08342	5.14062	5.12682
-1.93291	1.06831	5.13996	5.1255
-1.94178	1.08277	5.14226	5.12419
-1.94343	1.07028	5.14456	5.12353
-1.95164	1.06174	5.1439	5.12518
-1.94244	1.07718	5.14127	5.12748
-1.93554	1.07849	5.1393	5.12682
-1.92601	1.10248	5.14029	5.12485
-1.92897	1.10938	5.14325	5.12485
-1.93357	1.10051	5.14555	5.12485
-1.95	1.09722	5.14653	5.1255
-1.95624	1.08638	5.1462	5.12583
-1.96018	1.08605	5.14456	5.12682
-1.96938	1.08145	5.1439	5.12715
-1.97759	1.06864	5.14325	5.12879
-1.98384	1.06634	5.14357	5.12945
-1.98647	1.07981	5.14423	5.1278
-1.98811	1.08145	5.14456	5.1255
-1.98909	1.07488	5.14423	5.12419
-1.98548	1.06601	5.14292	5.12485
-1.99566	1.05123	5.14193	5.12583
-1.99468	1.06141	5.14193	5.12485
-1.98975	1.06634	5.14325	5.12682
-1.99336	1.05254	5.14193	5.12813
-1.99632	1.04038	5.14095	5.12715
-1.99731	1.04268	5.14127	5.1255
-1.98614	1.0486	5.1416	5.12616
-1.97924	1.06765	5.14127	5.1278
-1.97135	1.07915	5.14127	5.12715
-1.97201	1.07849	5.14062	5.12583
-1.97102	1.08342	5.14127	5.12419
-1.96544	1.08572	5.14127	5.12452
-1.96445	1.08309	5.13897	5.12419
-1.96347	1.07849	5.13865	5.12485
-1.95131	1.08605	5.13963	5.12485
-1.93587	1.10905	5.14292	5.1232
-1.92667	1.11956	5.14522	5.12288
-1.9201	1.12186	5.1439	5.12485
-1.90564	1.13369	5.1416	5.12583
-1.90466	1.1373	5.13897	5.12616
-1.89842	1.1304	5.13799	5.12682
-1.90203	1.11562	5.13766	5.12715
-1.88527	1.13139	5.13996	5.1278
-1.87345	1.13895	5.14325	5.12748
-1.87969	1.13402	5.14555	5.12583
-1.89316	1.1304	5.14587	5.12518
-1.88199	1.13435	5.14653	5.12682
-1.88199	1.1373	5.14489	5.12715
-1.87542	1.14223	5.14456	5.12616
-1.86589	1.14782	5.14325	5.1255
-1.86293	1.15077	5.14292	5.12419
-1.85275	1.16819	5.14325	5.1232
-1.85144	1.15932	5.14226	5.12649
-1.83435	1.1718	5.14193	5.12879
-1.82745	1.17541	5.14193	5.12912
-1.82351	1.18264	5.14193	5.12879
-1.82482	1.18527	5.14325	5.12649
-1.81562	1.19677	5.14522	5.12452
-1.80413	1.21944	5.14587	5.1255
-1.79328	1.22535	5.14456	5.12583
-1.7877	1.22897	5.14357	5.12682
-1.77686	1.24605	5.14127	5.12616
-1.7808	1.24539	5.1416	5.12518
-1.78014	1.24572	5.14489	5.12518
-1.78803	1.23718	5.14653	5.12485
-1.78343	1.24901	5.14555	5.12452
-1.78671	1.24605	5.14456	5.12419
-1.77686	1.27398	5.14456	5.1255
-1.78178	1.27266	5.14456	5.12485
-1.78474	1.27792	5.14522	5.12419
-1.78836	1.28318	5.14587	5.12419
-1.79164	1.29008	5.14587	5.12419
-1.79295	1.30617	5.14325	5.12583
-1.7992	1.31012	5.13963	5.12715
-1.79328	1.31702	5.13832	5.12879
-1.7969	1.31077	5.1393	5.12912
-1.78901	1.32359	5.14259	5.12649
-1.77127	1.33574	5.14489	5.1232
-1.7716	1.33509	5.1462	5.12386
-1.7601	1.32227	5.14456	5.12518
-1.7486	1.32293	5.14292	5.12518
-1.75189	1.31603	5.14193	5.12912
-1.73809	1.32851	5.14292	5.13043
-1.7486	1.32917	5.14423	5.12912
-1.75452	1.33344	5.14357	5.12879
-1.74992	1.3226	5.14193	5.1278
-1.74499	1.32523	5.14095	5.1278
-1.72429	1.3341	5.14259	5.12977
-1.72396	1.32884	5.14555	5.12912
-1.72758	1.31734	5.1462	5.12682
-1.7187	1.31373	5.14587	5.1255
-1.71115	1.32129	5.14193	5.12386
-1.70392	1.32162	5.14127	5.12156
-1.70359	1.33804	5.14226	5.12156
-1.69998	1.33147	5.14456	5.12419
-1.69801	1.32194	5.14423	5.1278
-1.69834	1.31636	5.14259	5.12813
-1.69571	1.32819	5.14292	5.12616
-1.69144	1.32162	5.14489	5.12485
-1.68552	1.3272	5.14522	5.12452
-1.68289	1.3249	5.1439	5.12583
-1.68881	1.31833	5.14226	5.12583
-1.67665	1.32326	5.14193	5.12715
-1.68289	1.31669	5.1439	5.12682
-1.68618	1.32293	5.14522	5.12518
-1.68355	1.32227	5.14489	5.12583
-1.68815	1.32457	5.14456	5.12518
-1.69801	1.32359	5.1439	5.12583
-1.69406	1.32654	5.14423	5.12583
-1.70162	1.32753	5.14555	5.12649
-1.7164	1.32917	5.14587	5.12518
-1.73875	1.30683	5.14587	5.12386
-1.72725	1.30913	5.14489	5.12386
-1.74335	1.28876	5.1462	5.12419
-1.75682	1.28548	5.14653	5.12518
-1.76141	1.28909	5.14489	5.1255
-1.76174	1.2927	5.1439	5.12616
-1.76733	1.28876	5.1439	5.12682
-1.78178	1.28942	5.14456	5.12682
-1.78671	1.27233	5.14587	5.1278
-1.80577	1.26609	5.14522	5.12879
-1.813	1.26806	5.14259	5.12977
-1.83139	1.25065	5.14029	5.12813
-1.84158	1.24835	5.14292	5.12682
-1.84684	1.24704	5.14686	5.12485
-1.86721	1.21944	5.14817	5.12419
-1.88593	1.20235	5.14587	5.12419
-1.90302	1.19118	5.14357	5.12452
-1.89119	1.19611	5.14127	5.12649
-1.90039	1.19118	5.14193	5.12813
-1.91484	1.19086	5.14522	5.12748
-1.91879	1.18724	5.14686	5.12485
-1.93193	1.1649	5.14489	5.12288
-1.93817	1.15964	5.14325	5.12255
-1.94934	1.15373	5.14259	5.12485
-1.95427	1.14026	5.14325	5.12583
-1.95525	1.12876	5.14489	5.12485
-1.96642	1.12088	5.14522	5.12583
-1.96774	1.11661	5.14555	5.12583
-1.97102	1.11398	5.14357	5.12616
-1.97727	1.11562	5.1439	5.12715
-1.98351	1.10215	5.14357	5.12649
-1.98285	1.10478	5.14423	5.12583
-1.97825	1.09656	5.14555	5.1255
-1.97891	1.10478	5.14587	5.12518
-1.97562	1.10576	5.1462	5.12616
-1.97825	1.08408	5.1462	5.12715
-1.97858	1.07225	5.14555	5.12616
-1.98515	1.0716	5.14489	5.12616
-1.97628	1.08966	5.14325	5.12715
-1.96511	1.09361	5.1439	5.1278
-1.95591	1.08999	5.1439	5.12748
-1.95263	1.09098	5.14357	5.1255
-1.94638	1.10445	5.1439	5.1255
-1.95164	1.09262	5.14292	5.1255
-1.95361	1.09394	5.13963	5.1255
-1.94835	1.09689	5.13733	5.12419
-1.93948	1.10839	5.13832	5.12419
-1.92437	1.12252	5.14127	5.12583
-1.91583	1.13073	5.1439	5.12583
-1.91386	1.13566	5.14423	5.1255
-1.90104	1.16523	5.14357	5.12583
-1.88659	1.17213	5.14226	5.12583
-1.90203	1.16819	5.14259	5.1255
-1.89809	1.1511	5.14456	5.12583
-1.90236	1.15669	5.1462	5.1255
-1.89349	1.16983	5.14555	5.12748
-1.8948	1.16392	5.14423	5.12682
-1.89316	1.15209	5.14357	5.12518
-1.8856	1.1534	5.14423	5.12583
-1.88232	1.16917	5.14456	5.12912
-1.87739	1.17147	5.14522	5.12879
-1.86622	1.18199	5.14522	5.12649
-1.86096	1.18494	5.14522	5.1255
-1.86721	1.18494	5.1439	5.12452
-1.8695	1.17509	5.14259	5.12419
-1.85801	1.19973	5.14226	5.12452
-1.85275	1.20433	5.14226	5.12518
-1.85833	1.21057	5.14292	5.12649
-1.86293	1.19907	5.14259	5.12485
-1.86688	1.20268	5.14062	5.12189
-1.86721	1.20268	5.13996	5.12255
-1.86983	1.204	5.13996	5.12485
-1.86819	1.21155	5.14062	5.12649
-1.86556	1.21977	5.14226	5.12715
-1.86753	1.22667	5.14456	5.12616
-1.86228	1.22798	5.14587	5.12452
-1.85505	1.23521	5.1462	5.12452
-1.85439	1.23619	5.14587	5.12419
-1.83829	1.25098	5.14423	5.12452
-1.83139	1.25426	5.14226	5.12485
-1.82088	1.26839	5.14193	5.12518
-1.81727	1.27266	5.14357	5.12419
-1.81628	1.27201	5.14489	5.1255
-1.80413	1.27036	5.14653	5.12353
-1.80544	1.27529	5.14423	5.12353
-1.79558	1.2996	5.14062	5.12616
-1.78244	1.30749	5.14062	5.12879
-1.78211	1.30716	5.14193	5.12879
-1.78047	1.3134	5.1439	5.12616
-1.77456	1.31472	5.1439	5.12222
-1.77587	1.30782	5.1439	5.12222
-1.77521	1.30552	5.14259	5.12452
-1.76996	1.3065	5.14259	5.12682
-1.77127	1.3065	5.14259	5.12879
-1.7739	1.30782	5.14292	5.12945
-1.75452	1.32753	5.14423	5.12616
-1.7486	1.33016	5.14456	5.12419
-1.72659	1.34297	5.14522	5.12386
-1.70852	1.35776	5.14489	5.12485
-1.71706	1.35348	5.14423	5.12649
-1.71312	1.34888	5.14522	5.12813
-1.70425	1.36203	5.14653	5.12945
-1.68979	1.3755	5.14587	5.12945
-1.67797	1.37878	5.14522	5.12649
-1.68618	1.3686	5.14587	5.12353
-1.69538	1.3663	5.14653	5.12386
-1.69341	1.37254	5.14587	5.12649
-1.69209	1.38075	5.14489	5.12748
-1.68815	1.38305	5.14423	5.1278
-1.69604	1.38272	5.1439	5.12616
-1.70523	1.36465	5.14423	5.12452
-1.71706	1.3548	5.14325	5.12583
-1.71115	1.35677	5.14193	5.12715
-1.71805	1.35348	5.14292	5.12912
-1.71443	1.34593	5.14555	5.12977
-1.7279	1.33049	5.14785	5.12748
-1.7371	1.33081	5.14686	5.12452
-1.74992	1.33147	5.14456	5.12255
-1.75879	1.31702	5.1439	5.12452
-1.77127	1.29073	5.14292	5.12748
-1.77291	1.28318	5.14259	5.13043
-1.7739	1.27858	5.14357	5.12912
-1.77456	1.27562	5.14292	5.12813
-1.79328	1.26248	5.1416	5.12583
-1.80675	1.25755	5.1416	5.12189
-1.79723	1.27661	5.14062	5.12353
-1.79657	1.28613	5.13996	5.12715
-1.80807	1.27628	5.14095	5.12879
-1.82055	1.26346	5.14325	5.12846
-1.82679	1.25854	5.14423	5.12715
-1.83731	1.25328	5.14423	5.1255
-1.83402	1.25919	5.14292	5.12616
-1.83632	1.25919	5.14062	5.12715
-1.85012	1.24605	5.14029	5.1255
-1.83994	1.25558	5.1416	5.12583
-1.84881	1.25131	5.14489	5.12616
-1.85866	1.22864	5.14587	5.12748
-1.86885	1.22042	5.14653	5.1278
-1.88429	1.20893	5.14522	5.1278
-1.8856	1.21221	5.14456	5.12846
-1.89185	1.21353	5.14423	5.13043
-1.88955	1.21287	5.14292	5.13076
-1.88265	1.22174	5.14226	5.12846
-1.87575	1.22765	5.14292	5.12649
-1.86819	1.23192	5.14292	5.12518
-1.86885	1.22634	5.14357	5.12518
-1.86326	1.22042	5.1439	5.12583
-1.86491	1.21714	5.14259	5.12583
-1.8695	1.20235	5.1416	5.1255
-1.87476	1.1925	5.14259	5.12452
-1.87016	1.18593	5.1439	5.1232
-1.86721	1.1856	5.14489	5.12222
-1.86228	1.18231	5.14456	5.12518
-1.86458	1.18461	5.14226	5.12649
-1.85144	1.18166	5.14029	5.1278
-1.85406	1.18001	5.14127	5.1278
-1.85899	1.1879	5.14489	5.12682
-1.85111	1.19217	5.14719	5.12682
-1.85833	1.18823	5.14587	5.12715
-1.85768	1.18823	5.14456	5.12583
-1.86096	1.181	5.14357	5.12616
-1.86195	1.16851	5.14423	5.1255
-1.86622	1.17016	5.14522	5.12452
-1.86195	1.18494	5.14653	5.12288
-1.85932	1.1994	5.14653	5.12386
-1.86162	1.1971	5.14555	5.12452
-1.86195	1.20597	5.14587	5.12485
-1.86031	1.20958	5.14456	5.12649
-1.8695	1.20728	5.14456	5.1255
-1.86425	1.20071	5.14423	5.12419
-1.86293	1.19776	5.14423	5.12518
-1.85998	1.20334	5.14489	5.1255
-1.86096	1.21287	5.1439	5.12616
-1.85998	1.20925	5.14226	5.12682
-1.86458	1.21812	5.1416	5.12583
-1.86983	1.20958	5.14357	5.12419
-1.8695	1.21418	5.14489	5.12419
-1.85636	1.21681	5.14423	5.12452
-1.86753	1.21123	5.14423	5.12485
-1.86983	1.19743	5.14325	5.1255
-1.8902	1.17837	5.14325	5.12649
-1.89875	1.17673	5.14259	5.1278
-1.90072	1.18757	5.14193	5.12748
-1.88955	1.20334	5.14423	5.12715
-1.88626	1.20827	5.14489	5.12682
-1.8948	1.20597	5.14456	5.12682
-1.8994	1.20663	5.14423	5.12616
-1.91484	1.18297	5.14423	5.12682
-1.90893	1.204	5.1439	5.12715
-1.90959	1.20695	5.14456	5.1255
-1.91189	1.20991	5.14456	5.12419
-1.90203	1.21747	5.1439	5.12386
-1.90827	1.21188	5.14423	5.12485
-1.90729	1.20925	5.14489	5.1255
-1.90696	1.204	5.14555	5.12452
-1.9017	1.20958	5.14522	5.12518
-1.90762	1.19874	5.14357	5.12518
-1.90039	1.20301	5.14259	5.12485
-1.9017	1.19053	5.1416	5.1255
-1.90302	1.17936	5.13963	5.1255
-1.90499	1.1833	5.13963	5.1278
-1.8948	1.20005	5.1416	5.12813
-1.89447	1.18888	5.14357	5.12715
-1.89645	1.19053	5.1462	5.12452
-1.89546	1.19348	5.14653	5.12485
-1.88462	1.20005	5.14489	5.12518
-1.88725	1.2063	5.14357	5.12583
-1.88692	1.19578	5.14292	5.12682
-1.8787	1.20465	5.14292	5.1255
-1.87049	1.20301	5.14489	5.12353
-1.87115	1.20498	5.14555	5.12255
-1.87016	1.20531	5.14522	5.12353
-1.85866	1.23291	5.14587	5.12518
-1.84848	1.24605	5.14522	5.12649
-1.82844	1.24736	5.1416	5.12616
-1.82384	1.25394	5.13996	5.12583
-1.81398	1.25952	5.14127	5.12616
-1.79723	1.27463	5.14555	5.12649
-1.78967	1.27135	5.14719	5.12485
-1.78178	1.28219	5.14653	5.1232
-1.76404	1.29238	5.1462	5.12386
-1.76766	1.28745	5.14555	5.12682
-1.7509	1.295	5.14456	5.12715
-1.74893	1.30815	5.14325	5.12616
-1.74203	1.31932	5.1416	5.12518
-1.75024	1.31472	5.14226	5.12518
-1.75517	1.3134	5.14226	5.12649
-1.74499	1.31504	5.1439	5.12649
-1.7394	1.318	5.14325	5.12583
-1.73579	1.32851	5.14193	5.12419
-1.72758	1.34823	5.14029	5.1232
-1.7233	1.35546	5.14095	5.12353
-1.72133	1.35907	5.14292	5.12288
-1.71148	1.36663	5.14292	5.12288
-1.70491	1.3663	5.14193	5.12452
-1.71049	1.37024	5.14062	5.12583
-1.71246	1.3663	5.14095	5.12649
-1.70688	1.36663	5.14292	5.1255
-1.7187	1.36564	5.14456	5.12485
-1.70852	1.37221	5.14456	5.12518
-1.71213	1.36005	5.14456	5.12386
-1.7187	1.35184	5.14292	5.12386
-1.71378	1.3525	5.14259	5.12649
-1.70261	1.35973	5.14127	5.12912
-1.70721	1.3479	5.13963	5.12813
-1.71181	1.34001	5.14095	5.12616
-1.7256	1.33903	5.14292	5.12288
-1.72856	1.33771	5.1439	5.12156
-1.73546	1.33673	5.14357	5.1232
-1.72363	1.33739	5.14193	5.12518
-1.71706	1.3456	5.1416	5.12649
-1.70622	1.35283	5.14062	5.12485
-1.70063	1.36301	5.1416	5.12452
-1.69242	1.35907	5.14259	5.12452
-1.71411	1.35513	5.14292	5.12485
-1.71181	1.3594	5.14423	5.12748
-1.70721	1.35316	5.14456	5.12813
-1.71608	1.35053	5.1462	5.12846
-1.72528	1.33804	5.14555	5.12715
-1.73185	1.33081	5.14259	5.12583
-1.7302	1.32753	5.14127	5.12649
-1.74105	1.3203	5.14193	5.12682
-1.75057	1.31669	5.14325	5.12518
-1.75616	1.31242	5.14587	5.1255
-1.74696	1.31932	5.14785	5.12419
-1.74597	1.32392	5.14817	5.12288
-1.75452	1.31636	5.14719	5.12353
-1.76339	1.31899	5.14752	5.12485
-1.76437	1.32129	5.14719	5.12583
-1.76569	1.30946	5.14555	5.1278
-1.76306	1.30453	5.14522	5.12813
-1.7601	1.30815	5.14587	5.12748
-1.76667	1.29467	5.14686	5.12616
-1.77883	1.28186	5.14555	5.12616
-1.77521	1.27693	5.14456	5.12682
-1.78967	1.25591	5.1439	5.12748
-1.7946	1.24901	5.14292	5.12748
-1.80675	1.2293	5.14357	5.1278
-1.81727	1.21845	5.14522	5.12616
-1.82285	1.20203	5.14686	5.12452
-1.82712	1.20104	5.14489	5.12419
-1.82351	1.19677	5.14259	5.12715
-1.82384	1.19874	5.14029	5.12813
-1.83764	1.1879	5.14127	5.12748
-1.84519	1.17509	5.14292	5.12583
-1.85571	1.16424	5.14423	5.12419
-1.84979	1.1649	5.14489	5.12386
-1.86228	1.15143	5.14423	5.1232
-1.85899	1.15176	5.14325	5.1232
-1.86622	1.13796	5.14226	5.12583
-1.881	1.13369	5.14325	5.12846
-1.90334	1.12679	5.1439	5.12912
-1.91681	1.1235	5.14325	5.12715
-1.91714	1.13632	5.14325	5.1255
-1.9247	1.15209	5.14423	5.12452
-1.9293	1.1327	5.14423	5.12518
-1.9316	1.13435	5.14456	5.12583
-1.94868	1.12416	5.1439	5.12452
-1.95197	1.12383	5.14357	5.12288
-1.95953	1.11168	5.14423	5.1232
-1.95525	1.11365	5.14423	5.12518
-1.95985	1.11989	5.1439	5.12715
-1.9638	1.11003	5.1439	5.12748
-1.9615	1.10379	5.14325	5.12879
-1.96774	1.08769	5.14259	5.12977
-1.9615	1.10609	5.14226	5.12813
-1.96807	1.10314	5.14555	5.12485
-1.96215	1.10379	5.14785	5.12452
-1.96215	1.10215	5.14522	5.12518
-1.9661	1.10576	5.14259	5.12518
-1.97562	1.08999	5.14226	5.12649
-1.9707	1.09689	5.1439	5.1255
-1.96478	1.09886	5.14456	5.12518
-1.9661	1.09886	5.14522	5.12485
-1.96281	1.09164	5.14423	5.1255
-1.96741	1.09262	5.14325	5.12583
-1.96084	1.09722	5.14292	5.12813
-1.95033	1.10741	5.14259	5.12879
-1.93718	1.1235	5.14292	5.1278
-1.92897	1.12942	5.1439	5.12813
-1.92536	1.13008	5.1439	5.1278
-1.92799	1.1212	5.1439	5.12715
-1.91944	1.13435	5.14423	5.12649
-1.91353	1.15373	5.1439	5.1255
-1.90696	1.16392	5.14292	5.12583
-1.88987	1.18626	5.14226	5.12583
-1.88987	1.18691	5.14193	5.12518
-1.88593	1.19151	5.14226	5.12353
-1.88823	1.19053	5.14357	5.12452
-1.88166	1.19513	5.14292	5.12616
-1.8695	1.20728	5.14127	5.12748
-1.87213	1.20334	5.14226	5.12682
-1.86458	1.21714	5.1439	5.12616
-1.85078	1.23094	5.14489	5.12813
-1.84486	1.23817	5.1439	5.12846
-1.83599	1.23357	5.14423	5.1278
-1.83534	1.2293	5.14357	5.1278
-1.82449	1.23784	5.14292	5.1278
-1.82154	1.24605	5.1416	5.12748
-1.82318	1.25459	5.14226	5.12813
-1.80675	1.26938	5.14489	5.12813
-1.81135	1.26576	5.14555	5.12748
-1.81267	1.25295	5.14423	5.12715
-1.8153	1.26346	5.14127	5.12682
-1.80018	1.27201	5.14226	5.12583
-1.79394	1.2812	5.14325	5.12748
-1.79558	1.28088	5.14423	5.1278
-1.7946	1.27201	5.14587	5.12649
-1.80577	1.26905	5.14489	5.1255
-1.79953	1.27463	5.14259	5.12748
-1.79263	1.27562	5.14292	5.1278
-1.8038	1.26511	5.1439	5.12748
-1.8038	1.2835	5.14325	5.12616
-1.79164	1.28679	5.14259	5.12583
-1.78901	1.28318	5.14292	5.12583
-1.79624	1.27201	5.14259	5.1255
-1.79591	1.27332	5.14259	5.12452
-1.80478	1.27299	5.14423	5.12419
-1.7992	1.28482	5.14292	5.12419
-1.80084	1.28745	5.1416	5.12386
-1.79558	1.29467	5.14127	5.12386
-1.80511	1.29303	5.14062	5.12485
-1.79427	1.30683	5.14062	5.1255
-1.78343	1.31143	5.14193	5.12748
-1.78737	1.29533	5.14357	5.12715
-1.77587	1.2996	5.14193	5.12748
-1.7854	1.28515	5.14127	5.12813
-1.78606	1.28548	5.14193	5.12748
-1.79624	1.2789	5.14325	5.12583
-1.79755	1.28055	5.14226	5.12485
-1.79033	1.2812	5.13996	5.12485
-1.78671	1.2858	5.1393	5.12583
-1.78836	1.29435	5.14127	5.12748
-1.78704	1.29172	5.1439	5.12518
-1.79066	1.28975	5.14653	5.12419
-1.78343	1.3065	5.14949	5.12419
-1.78277	1.295	5.14883	5.12419
-1.7739	1.29895	5.14522	5.12518
-1.76437	1.30979	5.14226	5.12616
-1.74827	1.3157	5.14226	5.12616
-1.7624	1.29895	5.1439	5.12583
-1.7624	1.29435	5.14587	5.1255
-1.7578	1.29927	5.14653	5.12419
-1.75156	1.30355	5.14522	5.12452
-1.74762	1.30782	5.1439	5.12616
-1.74762	1.30223	5.14325	5.12748
-1.74992	1.29895	5.14423	5.12813
-1.7578	1.29073	5.14423	5.1278
-1.75189	1.29632	5.14357	5.12485
-1.74893	1.30322	5.14259	5.12452
-1.75616	1.3042	5.14095	5.12518
-1.7532	1.30092	5.14193	5.12419
-1.75024	1.31176	5.14489	5.12386
-1.75484	1.30486	5.14653	5.12386
-1.7555	1.29665	5.14785	5.12353
-1.75287	1.29533	5.14817	5.12485
-1.74203	1.3134	5.14555	5.12616
-1.73809	1.31439	5.14423	5.1255
-1.73283	1.30453	5.14193	5.12452
-1.73973	1.31077	5.1416	5.12419
-1.75353	1.29829	5.14259	5.12452
-1.76076	1.2881	5.14423	5.12386
-1.7647	1.29172	5.14522	5.12386
-1.76733	1.29927	5.14489	5.12419
-1.7624	1.30355	5.14423	5.12682
-1.7808	1.29533	5.14357	5.12682
-1.78178	1.28646	5.14325	5.12715
-1.80018	1.28679	5.14357	5.12649
-1.81464	1.27003	5.1439	5.1255
-1.81694	1.27201	5.1439	5.12518
-1.83008	1.25919	5.14259	5.12452
-1.84059	1.26313	5.13996	5.12649
-1.85505	1.23915	5.14029	5.12879
-1.85373	1.24211	5.14292	5.12977
-1.87115	1.204	5.14325	5.12912
-1.87509	1.20597	5.14292	5.12682
-1.88955	1.19118	5.14193	5.12583
-1.90729	1.181	5.14226	5.12485
-1.90466	1.18593	5.14292	5.12583
-1.91944	1.16687	5.14127	5.12583
-1.92503	1.16096	5.13996	5.12518
-1.93258	1.14519	5.1416	5.12452
-1.93357	1.13566	5.14489	5.1232
-1.94343	1.12416	5.14686	5.12222
-1.94211	1.11365	5.14555	5.1232
-1.9362	1.11956	5.14325	5.12649
-1.93817	1.11168	5.14095	5.12682
-1.95098	1.09788	5.14095	5.12649
-1.95164	1.11102	5.14259	5.12485
-1.94671	1.11989	5.14456	5.12288
-1.94376	1.11989	5.14587	5.1232
-1.94146	1.11431	5.14489	5.12353
-1.93357	1.13303	5.1439	5.1255
-1.94178	1.12646	5.14522	5.12715
-1.95033	1.11201	5.14587	5.12649
-1.9546	1.09722	5.14489	5.12353
-1.94934	1.10412	5.14259	5.12255
-1.94014	1.10741	5.14095	5.12288
-1.94178	1.10905	5.14292	5.12518
-1.93423	1.11332	5.14456	5.12682
-1.9454	1.10675	5.14522	5.12748
-1.94211	1.10609	5.14686	5.1255
-1.94573	1.10051	5.14653	5.12386
-1.95033	1.08539	5.14522	5.12222
-1.95164	1.07324	5.14587	5.12288
-1.94146	1.08112	5.14456	5.12452
-1.95098	1.07882	5.14357	5.12518
-1.9385	1.09426	5.14357	5.12682
-1.92733	1.10971	5.14325	5.1278
-1.92569	1.11168	5.14259	5.12649
-1.92207	1.11332	5.14193	5.1255
-1.91024	1.12909	5.14259	5.12813
-1.90269	1.13697	5.14555	5.12945
-1.91583	1.13205	5.14423	5.12813
-1.90137	1.15045	5.14456	5.12748
-1.89875	1.14946	5.1439	5.12583
-1.90959	1.14782	5.14456	5.12518
-1.91287	1.15833	5.14522	5.12353
-1.91386	1.15439	5.14423	5.1255
-1.90992	1.15603	5.14292	5.12649
-1.91287	1.14585	5.14292	5.12649
-1.91484	1.1396	5.14357	5.12649
-1.91452	1.15012	5.14292	5.12649
-1.91024	1.15964	5.14193	5.12715
-1.90564	1.15964	5.14127	5.12846
-1.89546	1.17541	5.14357	5.12945
-1.88987	1.18264	5.14587	5.12945
-1.88626	1.1925	5.14489	5.12813
-1.88133	1.20597	5.14259	5.12846
-1.8948	1.19447	5.14127	5.12945
-1.89973	1.2017	5.14357	5.12748
-1.9086	1.19776	5.14456	5.12682
-1.91222	1.19907	5.14259	5.12715
-1.91681	1.17936	5.14029	5.12846
-1.91649	1.18691	5.14193	5.12912
-1.92207	1.17739	5.14325	5.12649
-1.92503	1.18231	5.14423	5.12419
-1.93521	1.17706	5.14226	5.12386
-1.93061	1.17936	5.14127	5.1255
-1.9385	1.1672	5.14226	5.12748
-1.93324	1.17114	5.14193	5.1301
-1.93488	1.17377	5.14259	5.12977
-1.9316	1.18001	5.14357	5.1278
-1.92766	1.18856	5.14587	5.12616
-1.93061	1.17443	5.14489	5.12682
-1.92733	1.17311	5.14325	5.12912
-1.91517	1.18396	5.14259	5.12977
-1.91189	1.181	5.14193	5.12945
-1.90696	1.18396	5.14226	5.12846
-1.90269	1.18691	5.14325	5.12682
-1.89086	1.2017	5.14686	5.12518
-1.87082	1.22765	5.14587	5.12485
-1.85932	1.23784	5.14325	5.12682
-1.86162	1.23422	5.14357	5.12748
-1.85669	1.24408	5.14357	5.12616
-1.85308	1.24539	5.1439	5.12419
-1.84256	1.26379	5.14127	5.12353
-1.83205	1.26872	5.13963	5.12452
-1.82844	1.27463	5.13996	5.12518
-1.81398	1.28482	5.14193	5.12485
-1.80248	1.30125	5.14226	5.12485
-1.79657	1.29829	5.14193	5.12485
-1.78474	1.29467	5.14325	5.12616
-1.77324	1.3065	5.14325	5.12748
-1.7716	1.30453	5.14226	5.12813
-1.76831	1.31274	5.14292	5.12583
-1.74926	1.32819	5.14259	5.12288
-1.74893	1.31833	5.1416	5.12288
-1.7417	1.32227	5.13963	5.12419
-1.72199	1.34461	5.14062	5.12583
-1.70786	1.3617	5.14029	5.12616
-1.69965	1.3502	5.1416	5.12452
-1.69538	1.34001	5.1439	5.12419
-1.70819	1.31373	5.14522	5.12583
-1.69998	1.33016	5.14456	5.12583
-1.70688	1.3387	5.14226	5.1255
-1.68158	1.35808	5.14193	5.12386
-1.69275	1.34658	5.14357	5.12288
-1.69176	1.34856	5.14555	5.12518
-1.68519	1.34757	5.14555	5.1255
-1.68519	1.34396	5.14522	5.1255
-1.68848	1.34231	5.14357	5.12583
-1.68289	1.34888	5.14127	5.12813
-1.69439	1.34691	5.14062	5.1278
-1.71805	1.32884	5.14259	5.12583
-1.7325	1.32293	5.14325	5.12353
-1.73907	1.31307	5.14193	5.12353
-1.7624	1.30289	5.14029	5.12255
-1.77029	1.30749	5.14062	5.12386
-1.77784	1.30453	5.14259	5.12452
-1.78934	1.295	5.14587	5.12386
-1.80018	1.28285	5.14555	5.12255
-1.82417	1.25624	5.14325	5.12485
-1.82712	1.25229	5.1416	5.12682
-1.83107	1.26708	5.14127	5.12682
-1.84191	1.25788	5.14193	5.12748
-1.84946	1.25558	5.14226	5.12715
-1.84519	1.26018	5.14325	5.1255
-1.85472	1.25788	5.14555	5.12452
-1.85998	1.24408	5.14522	5.12518
-1.88133	1.22404	5.14325	5.12715
-1.89973	1.19808	5.14062	5.12977
-1.89875	1.1971	5.13996	5.1301
-1.90367	1.20005	5.14095	5.12748
-1.90992	1.18888	5.14127	5.1255
-1.90893	1.17771	5.14062	5.12485
-1.91944	1.1741	5.14127	5.12583
-1.91517	1.18461	5.14062	5.12682
-1.92437	1.17377	5.14062	5.12748
-1.92733	1.16227	5.1416	5.12715
-1.93193	1.1511	5.14325	5.12682
-1.9316	1.15209	5.14587	5.12518
-1.91944	1.15537	5.14653	5.12419
-1.91977	1.15077	5.14423	5.12452
-1.93488	1.13139	5.14226	5.12485
-1.93817	1.12745	5.14127	5.12518
-1.92996	1.13566	5.14193	5.12616
-1.93193	1.12712	5.1439	5.12616
-1.92601	1.13763	5.14489	5.1255
-1.91353	1.15439	5.14325	5.1255
-1.89973	1.16063	5.14259	5.12583
-1.90696	1.14617	5.14259	5.12715
-1.90959	1.13796	5.14292	5.12715
-1.904	1.15242	5.14456	5.12583
-1.9017	1.15307	5.1462	5.12386
-1.8948	1.15045	5.14752	5.1232
-1.90137	1.16523	5.1462	5.12255
-1.89382	1.17246	5.14587	5.12419
-1.90006	1.15899	5.14423	5.12748
-1.91254	1.1419	5.14292	5.12912
-1.91517	1.13862	5.14259	5.12813
-1.92207	1.12778	5.14292	5.12583
-1.92733	1.13468	5.14357	5.12419
-1.92339	1.13862	5.14193	5.1232
-1.93094	1.13895	5.1416	5.12452
-1.92897	1.13862	5.14226	5.12583
-1.92174	1.14355	5.14325	5.12649
-1.93357	1.14289	5.14325	5.12583
-1.91911	1.15767	5.14193	5.12452
-1.90696	1.16917	5.14127	5.12518
-1.90827	1.16753	5.14325	5.1278
-1.90794	1.15964	5.14325	5.12748
-1.91846	1.14979	5.14357	5.12616
-1.93127	1.14256	5.14193	5.12518
-1.93751	1.14059	5.14095	5.12485
-1.93784	1.12843	5.14193	5.12616
-1.94047	1.12876	5.14522	5.12616
-1.93488	1.13862	5.1462	5.12616
-1.94244	1.1304	5.14423	5.12616
-1.94441	1.1304	5.1416	5.12649
-1.94244	1.12778	5.14029	5.12715
-1.94211	1.13927	5.14127	5.1278
-1.94441	1.1373	5.14325	5.1278
-1.93521	1.14256	5.14456	5.12715
-1.93061	1.14486	5.14456	5.12682
-1.91944	1.16753	5.14259	5.12682
-1.92831	1.15045	5.14127	5.12715
-1.92864	1.1534	5.14292	5.12879
-1.92634	1.16162	5.14653	5.12912
-1.92076	1.1764	5.14785	5.12616
-1.92569	1.17114	5.14653	5.12419
-1.91911	1.17081	5.14489	5.12353
-1.91977	1.16819	5.14357	5.12353
-1.91616	1.16654	5.14489	5.12386
-1.91452	1.15964	5.1462	5.12485
-1.90729	1.158	5.14653	5.12583
-1.90729	1.15767	5.14555	5.12616
-1.90006	1.17476	5.14555	5.12518
-1.90039	1.17081	5.14456	5.12386
-1.87509	1.18626	5.14226	5.12485
-1.86425	1.204	5.14127	5.12485
-1.85833	1.20663	5.14127	5.12485
-1.85111	1.20531	5.14193	5.12452
-1.82614	1.2178	5.14226	5.1232
-1.79525	1.23882	5.14325	5.12222
-1.79066	1.23357	5.14325	5.12353
-1.78901	1.22108	5.14127	5.12353
-1.78573	1.20958	5.14095	5.12583
-1.77784	1.22174	5.14325	5.12649
-1.77686	1.21582	5.14522	5.12485
-1.75386	1.23291	5.14423	5.12386
-1.74269	1.23094	5.14292	5.12288
-1.73316	1.24079	5.1393	5.1232
-1.71542	1.25262	5.1393	5.12419
-1.7187	1.26642	5.14029	5.12616
-1.69932	1.28022	5.14292	5.12616
-1.68815	1.29697	5.14555	5.12485
-1.67829	1.31307	5.1462	5.12386
-1.67402	1.30815	5.14522	5.1232
-1.66877	1.30322	5.14325	5.12419
-1.67797	1.29862	5.14226	5.12485
-1.67271	1.31373	5.14259	5.12583
-1.66614	1.3157	5.14292	5.12813
-1.67205	1.3111	5.14292	5.12813
-1.68059	1.31899	5.14259	5.12715
-1.68486	1.33147	5.14357	5.12748
-1.68815	1.33114	5.14489	5.12649
-1.70195	1.33016	5.14522	5.12583
-1.70556	1.33673	5.14489	5.12485
-1.71213	1.34133	5.14489	5.12419
-1.7256	1.34494	5.14522	5.12123
-1.73316	1.33837	5.1462	5.1209
-1.7302	1.341	5.14522	5.12288
-1.73677	1.34428	5.14522	5.12353
-1.7532	1.34067	5.14555	5.1255
-1.74729	1.34757	5.1485	5.1255
-1.74926	1.3479	5.14949	5.1255
-1.74663	1.3525	5.14785	5.12616
-1.74532	1.35381	5.14489	5.12715
-1.74992	1.34527	5.14292	5.12682
-1.75517	1.33771	5.14357	5.12748
-1.76273	1.33279	5.14292	5.12518
-1.76207	1.32654	5.14292	5.12419
-1.76831	1.31964	5.14357	5.12255
-1.76141	1.3249	5.14357	5.12419
-1.77817	1.3111	5.14259	5.12715
-1.77489	1.31899	5.14259	5.1278
-1.76996	1.31603	5.14357	5.12715
-1.76831	1.32556	5.14522	5.12485
-1.75912	1.33311	5.14555	5.12386
-1.76306	1.31833	5.14489	5.12386
-1.76799	1.28646	5.14325	5.12485
-1.76667	1.28022	5.14226	5.12682
-1.77521	1.26642	5.14226	5.12879
-1.76076	1.28088	5.14193	5.1301
-1.75977	1.28219	5.1439	5.12912
-1.75452	1.2835	5.14522	5.12485
-1.74926	1.27923	5.14555	5.12189
-1.7371	1.29796	5.14423	5.12386
-1.7256	1.318	5.14062	5.12518
-1.72626	1.32359	5.14029	5.12485
-1.71608	1.33246	5.14127	5.12583
-1.72232	1.31997	5.14193	5.12649
-1.73677	1.31669	5.14325	5.12748
-1.73612	1.31406	5.14489	5.12715
-1.73776	1.3134	5.14719	5.12583
-1.73349	1.31537	5.1462	5.12616
-1.73842	1.32556	5.14555	5.12715
-1.73086	1.33837	5.14456	5.1278
-1.73316	1.33246	5.14292	5.12912
-1.74827	1.32819	5.14292	5.12846
-1.74926	1.32063	5.14456	5.12518
-1.74729	1.30486	5.14489	5.12518
-1.7463	1.295	5.1439	5.12682
-1.7509	1.28383	5.14292	5.12748
-1.75386	1.27759	5.14259	5.12682
-1.75846	1.27233	5.14357	5.12419
-1.77456	1.25821	5.14357	5.1232
-1.7785	1.24277	5.14259	5.12386
-1.78474	1.23422	5.14062	5.12485
-1.82285	1.2155	5.14029	5.1255
-1.82679	1.21057	5.1416	5.12649
-1.83534	1.19973	5.14456	5.12813
-1.84585	1.1994	5.1462	5.12846
-1.85603	1.18691	5.14752	5.12715
-1.86983	1.16983	5.1462	5.1255
-1.87509	1.16983	5.14456	5.12485
-1.89185	1.14617	5.1439	5.12452
-1.90827	1.14322	5.14292	5.12419
-1.91452	1.13435	5.14325	5.12518
-1.91189	1.14782	5.14489	5.12649
-1.90532	1.16194	5.14522	5.12715
-1.91419	1.14749	5.14259	5.1278
-1.91123	1.1557	5.13996	5.12715
-1.91846	1.15242	5.13865	5.12616
-1.93554	1.135	5.14029	5.12813
-1.9339	1.12646	5.14357	5.12945
-1.94277	1.11891	5.14555	5.1278
-1.94343	1.12416	5.14522	5.12715
-1.95427	1.11102	5.14325	5.12715
-1.96051	1.10084	5.14292	5.12879
-1.94803	1.09919	5.14259	5.12977
-1.95328	1.08244	5.14127	5.12912
-1.9477	1.08638	5.14095	5.12813
-1.95525	1.07258	5.1416	5.12813
-1.95657	1.06305	5.14357	5.12748
-1.96708	1.05287	5.14357	5.12748
-1.96281	1.05845	5.14423	5.12846
-1.95887	1.04268	5.14423	5.12813
-1.95	1.03973	5.14357	5.12682
-1.94737	1.05221	5.14325	5.12583
-1.9569	1.04006	5.14325	5.12518
-1.95361	1.03217	5.14325	5.12649
-1.95985	1.03217	5.14325	5.12846
-1.95624	1.04958	5.1439	5.13142
-1.94606	1.04728	5.14489	5.13142
-1.93226	1.05287	5.14555	5.12945
-1.92339	1.06174	5.1462	5.12518
-1.9201	1.07258	5.14587	5.12419
-1.91879	1.06338	5.14555	5.12583
-1.90236	1.08211	5.14489	5.1255
-1.88922	1.08539	5.14357	5.12682
-1.89217	1.08342	5.14357	5.12748
-1.8856	1.08638	5.14456	5.12879
-1.89119	1.08112	5.14587	5.12813
-1.89349	1.06798	5.14686	5.12748
-1.88462	1.0601	5.14817	5.12583
-1.88823	1.07357	5.14587	5.1255
-1.87706	1.08737	5.14357	5.12485
-1.8764	1.09262	5.1416	5.12583
-1.85932	1.10478	5.14357	5.12682
-1.84355	1.1373	5.14489	5.12813
-1.84552	1.14749	5.14423	5.12616
-1.85012	1.15274	5.14259	5.1255
-1.86228	1.14979	5.14095	5.12715
-1.85702	1.16162	5.13996	5.12682
-1.86063	1.15734	5.14127	5.12616
-1.84946	1.16622	5.14423	5.12583
-1.83731	1.17903	5.1462	5.12485
-1.83928	1.18067	5.14785	5.1232
-1.85144	1.17804	5.14817	5.12255
-1.85702	1.17739	5.14785	5.1232
-1.87213	1.16983	5.14423	5.12419
-1.86622	1.16819	5.14226	5.12485
-1.85932	1.17936	5.14193	5.1255
-1.85439	1.18034	5.14292	5.12649
-1.85735	1.18034	5.1439	5.12649
-1.86589	1.16786	5.14522	5.12583
-1.85603	1.17706	5.14325	5.12583
-1.86983	1.17147	5.14226	5.12518
-1.86392	1.17344	5.14292	5.12485
-1.86885	1.15702	5.14325	5.12386
-1.87148	1.15504	5.1416	5.12452
-1.87542	1.15406	5.14062	5.12518
-1.87213	1.15899	5.14095	5.12616
-1.8695	1.16326	5.14226	5.12616
-1.87279	1.16392	5.14325	5.1255
-1.85833	1.18231	5.14456	5.12518
-1.85505	1.18921	5.14555	5.12485
-1.84454	1.19086	5.14423	5.12255
-1.84552	1.19381	5.14292	5.12222
-1.84355	1.19611	5.1416	5.12222
-1.84322	1.19578	5.14127	5.12485
-1.82909	1.20268	5.14193	5.12715
-1.82548	1.2109	5.14259	5.12682
-1.82975	1.19644	5.14325	5.12518
-1.81858	1.20367	5.14259	5.12353
-1.81727	1.21714	5.14325	5.12255
-1.81727	1.20728	5.14226	5.1255
-1.82647	1.19151	5.14226	5.12813
-1.82384	1.18921	5.14259	5.12813
-1.82318	1.18888	5.14292	5.12485
-1.81628	1.20334	5.14193	5.12419
-1.80807	1.21024	5.14062	5.12386
-1.80117	1.21057	5.14127	5.12583
-1.81398	1.1902	5.14226	5.12813
-1.7969	1.1994	5.14325	5.12682
-1.80281	1.16983	5.14226	5.12419
-1.78836	1.181	5.14259	5.12452
-1.77521	1.18626	5.14357	5.1255
-1.77751	1.19808	5.14226	5.12715
-1.76667	1.20761	5.14325	5.12813
-1.77193	1.19677	5.14259	5.12813
-1.77061	1.20038	5.1439	5.1301
-1.78146	1.19907	5.14456	5.13076
-1.77489	1.2063	5.14357	5.1278
-1.77883	1.19677	5.14423	5.12353
-1.78178	1.18823	5.14456	5.12189
-1.79493	1.18823	5.14292	5.12156
-1.80872	1.19776	5.1416	5.12353
-1.80675	1.18461	5.13996	5.1255
-1.8038	1.1948	5.14062	5.12715
-1.81267	1.19611	5.14259	5.12748
-1.81661	1.19086	5.14325	5.12616
-1.82647	1.18691	5.14357	5.12715
-1.82581	1.1971	5.14522	5.12813
-1.82679	1.20301	5.14522	5.12715
-1.83369	1.19316	5.14423	5.12649
-1.84881	1.17969	5.14555	5.12748
-1.84979	1.17016	5.14653	5.12682
-1.85768	1.16063	5.14719	5.12748
-1.86326	1.16162	5.14785	5.12616
-1.87673	1.14552	5.14555	5.12583
-1.89612	1.12942	5.14357	5.12649
-1.90137	1.12449	5.14423	5.12616
-1.9086	1.12186	5.14587	5.1255
-1.9178	1.12186	5.14587	5.12452
-1.92306	1.11168	5.1439	5.12485
-1.92733	1.10609	5.14193	5.12452
-1.92963	1.10938	5.1416	5.12518
-1.94113	1.08966	5.14259	5.1255
-1.94803	1.07554	5.14226	5.12452
-1.95361	1.07619	5.14193	5.12386
-1.95033	1.08342	5.1416	5.12386
-1.95263	1.08671	5.1416	5.12518
-1.95591	1.09985	5.14029	5.12748
-1.95887	1.09525	5.14029	5.12813
-1.96051	1.08539	5.1416	5.12682
-1.96544	1.08802	5.14292	5.12748
-1.96774	1.09032	5.14325	5.12945
-1.95821	1.09952	5.14325	5.12813
-1.9477	1.10938	5.1439	5.12748
-1.94474	1.12153	5.14259	5.12616
-1.9431	1.13468	5.1416	5.12485
-1.94146	1.12876	5.13996	5.12419
-1.93817	1.13336	5.14193	5.12518
-1.93587	1.13763	5.14325	5.1255
-1.93029	1.14782	5.14357	5.12616
-1.93226	1.15176	5.14357	5.1255
-1.93127	1.14059	5.14357	5.12518
-1.927	1.12942	5.14423	5.12518
-1.91846	1.12876	5.1439	5.12715
-1.91353	1.12778	5.14357	5.12616
-1.91057	1.1281	5.14325	5.12518
-1.90827	1.12022	5.1416	5.12386
-1.90696	1.11693	5.1416	5.1232
-1.90499	1.11069	5.14127	5.12452
-1.90466	1.10971	5.14193	5.1255
-1.9109	1.09689	5.14325	5.12518
-1.92437	1.09426	5.14522	5.12518
-1.93587	1.08244	5.14653	5.12452
-1.93948	1.09459	5.14456	5.12485
-1.94014	1.09591	5.1439	5.12386
-1.93226	1.09854	5.14259	5.12386
-1.93817	1.09919	5.14357	5.12518
-1.93817	1.10741	5.14357	5.1255
-1.93291	1.11069	5.14357	5.12485
-1.94211	1.10281	5.14292	5.1232
-1.94835	1.09525	5.14292	5.12386
-1.94507	1.09295	5.14423	5.12485
-1.94934	1.08441	5.14489	5.12583
-1.95361	1.09131	5.14357	5.12813
-1.95164	1.09328	5.14489	5.12813
-1.95065	1.09985	5.14522	5.12682
-1.95033	1.10708	5.14653	5.12518
-1.94178	1.11858	5.1462	5.12518
-1.94934	1.11858	5.14555	5.12649
-1.94178	1.13763	5.14357	5.12715
-1.94408	1.13566	5.14357	5.12583
-1.95361	1.12745	5.1439	5.1255
-1.94868	1.13665	5.14555	5.12583
-1.9454	1.14749	5.14522	5.1255
-1.9454	1.1534	5.14292	5.1255
-1.9431	1.14519	5.1416	5.12682
-1.94343	1.14026	5.1439	5.12715
-1.94343	1.14387	5.1462	5.12682
-1.94178	1.1396	5.14555	5.12682
-1.92404	1.15899	5.14555	5.12682
-1.92339	1.17147	5.14489	5.1278
-1.91747	1.18363	5.14423	5.12813
-1.91649	1.19053	5.14357	5.12813
-1.91156	1.19611	5.14292	5.12813
-1.90794	1.19414	5.14226	5.12846
-1.8925	1.20925	5.14292	5.1278
-1.88166	1.21714	5.14292	5.1255
-1.86655	1.22141	5.14325	5.12419
-1.85735	1.21714	5.14292	5.1255
-1.85373	1.22272	5.14292	5.12813
-1.85176	1.22831	5.14325	5.12879
-1.84585	1.22042	5.14292	5.12682
-1.82909	1.23061	5.14325	5.12386
-1.82548	1.22798	5.14423	5.1232
-1.81694	1.23258	5.14423	5.12386
-1.81464	1.22667	5.14292	5.12419
-1.81332	1.22272	5.14226	5.12485
-1.80708	1.2224	5.14259	5.1255
-1.79755	1.22174	5.14259	5.12649
-1.78441	1.23488	5.14259	5.12682
-1.78704	1.23258	5.14292	5.12616
-1.78704	1.23258	5.14456	5.12583
-1.78836	1.23258	5.14686	5.12583
-1.79493	1.2247	5.14587	5.1255
-1.78244	1.23521	5.14423	5.12518
-1.77587	1.24835	5.14259	5.12518
-1.7739	1.25722	5.14259	5.1278
-1.77686	1.26346	5.14325	5.12748
-1.77653	1.26576	5.14357	5.12649
-1.76437	1.27233	5.14226	5.12748
-1.77554	1.26576	5.14259	5.12682
-1.77981	1.25656	5.14357	5.12583
-1.79033	1.24868	5.14456	5.12485
-1.79821	1.24507	5.14522	5.12583
-1.79328	1.24539	5.1439	5.12715
-1.78967	1.26149	5.14423	5.12649
-1.80248	1.24342	5.14259	5.12748
-1.79723	1.25755	5.13963	5.12912
-1.79854	1.25821	5.13897	5.12945
-1.80051	1.26839	5.14029	5.12649
-1.79427	1.2812	5.14259	5.12452
-1.79525	1.28975	5.14325	5.12518
-1.79591	1.30092	5.14259	5.12616
-1.79624	1.30223	5.14226	5.12748
-1.78507	1.31176	5.14325	5.12813
-1.78507	1.3134	5.14587	5.12616
-1.77554	1.32063	5.14719	5.12452
-1.77718	1.32359	5.14752	5.12419
-1.77226	1.3387	5.14686	5.12518
-1.76404	1.34001	5.14522	5.12616
-1.76141	1.34658	5.14423	5.12583
-1.7716	1.33771	5.14522	5.12715
-1.76799	1.34264	5.14292	5.12616
-1.77948	1.33246	5.14259	5.12452
-1.77291	1.32457	5.14292	5.12616
-1.77817	1.31636	5.14292	5.12715
-1.78638	1.31603	5.14226	5.12846
-1.78146	1.3249	5.14226	5.1278
-1.78343	1.31603	5.14325	5.12715
-1.78507	1.30979	5.14292	5.12649
-1.79525	1.2996	5.14357	5.12518
-1.79197	1.29632	5.14522	5.12452
-1.78934	1.31077	5.14653	5.1255
-1.78704	1.31504	5.14423	5.12649
-1.7831	1.31439	5.14357	5.1278
-1.79	1.30716	5.14357	5.12813
-1.77981	1.32556	5.14423	5.12616
-1.77981	1.31866	5.14456	5.12583
-1.78277	1.32556	5.14489	5.12616
-1.77226	1.32621	5.1439	5.12649
-1.7647	1.33706	5.14325	5.12748
-1.76076	1.33476	5.14292	5.12748
-1.77259	1.33311	5.1439	5.12649
-1.76109	1.33804	5.14489	5.12715
-1.7578	1.3295	5.14522	5.12912
-1.75353	1.33049	5.1439	5.12912
-1.76339	1.31439	5.14259	5.1278
-1.77423	1.31242	5.14325	5.1278
-1.7716	1.31866	5.14325	5.12715
-1.77029	1.32096	5.14259	5.12715
-1.76733	1.3249	5.14489	5.12616
-1.76306	1.33443	5.14883	5.12583
-1.77521	1.32194	5.1485	5.12813
-1.77587	1.32556	5.14555	5.1301
-1.77324	1.32227	5.14127	5.12912
-1.78178	1.31702	5.14127	5.12846
-1.79033	1.31176	5.14292	5.12813
-1.8061	1.29073	5.14423	5.12682
-1.80643	1.28613	5.14357	5.12682
-1.81267	1.27069	5.14357	5.12682
-1.8199	1.28186	5.14489	5.12649
-1.82614	1.27332	5.14456	5.12682
-1.8222	1.26872	5.1439	5.12649
-1.81957	1.28055	5.14423	5.12583
-1.81924	1.27628	5.1439	5.12452
-1.81694	1.28778	5.14489	5.12386
-1.81858	1.29139	5.14489	5.12452
-1.81628	1.28679	5.14522	5.12616
-1.81858	1.28942	5.14127	5.12616
-1.82121	1.27923	5.14095	5.12649
-1.83041	1.28679	5.1416	5.12748
-1.83074	1.27923	5.14423	5.1278
-1.82844	1.28153	5.14719	5.12813
-1.83205	1.27989	5.14752	5.12748
-1.83402	1.26478	5.1439	5.12715
-1.82679	1.26182	5.14259	5.12715
-1.82712	1.25525	5.14292	5.12649
-1.82942	1.24868	5.1439	5.1255
-1.84289	1.23422	5.14456	5.12583
-1.84651	1.23521	5.14423	5.12748
-1.86622	1.22108	5.14292	5.12846
-1.85505	1.22798	5.14259	5.12912
-1.85144	1.23981	5.14193	5.1278
-1.85012	1.24079	5.14292	5.12583
-1.83994	1.23915	5.14489	5.12649
-1.84026	1.24014	5.14555	5.12649
-1.84914	1.23389	5.14653	5.12682
-1.83665	1.25328	5.14456	5.12813
-1.82449	1.25952	5.14259	5.1278
-1.8222	1.26116	5.14127	5.12748
-1.81595	1.25854	5.14292	5.12813
-1.81004	1.26313	5.1439	5.12879
-1.8038	1.27069	5.1439	5.12715
-1.7923	1.27332	5.14292	5.12583
-1.78146	1.26872	5.14259	5.1232
-1.78178	1.27431	5.14357	5.12353
-1.77883	1.27201	5.14423	5.12682
-1.77653	1.28285	5.1439	5.12748
-1.76404	1.29927	5.14292	5.1278
-1.75222	1.29139	5.14226	5.12748
-1.744	1.29238	5.1416	5.12518
-1.744	1.29172	5.14259	5.1232
-1.744	1.29303	5.1439	5.1232
-1.74072	1.29566	5.14522	5.1232
-1.76174	1.28876	5.14357	5.12353
-1.76404	1.27036	5.14193	5.1255
-1.75583	1.2812	5.14292	5.12649
-1.73513	1.29862	5.14292	5.1255
-1.73513	1.30157	5.14325	5.12419
-1.73743	1.28778	5.14292	5.12518
-1.73119	1.28876	5.14423	5.12748
-1.71509	1.29697	5.14292	5.12813
-1.73119	1.28778	5.14292	5.12583
-1.72528	1.29533	5.14259	5.12452
-1.7279	1.28778	5.14259	5.12353
-1.71706	1.28679	5.14095	5.12419
-1.72265	1.27759	5.13996	5.12616
-1.7302	1.29303	5.14226	5.1278
-1.72988	1.30092	5.14456	5.12715
-1.73842	1.30322	5.14489	5.1255
-1.74039	1.29336	5.14456	5.12353
-1.7463	1.2927	5.1439	5.12419
-1.73875	1.31209	5.14127	5.12682
-1.7486	1.30946	5.14029	5.12912
-1.75386	1.29763	5.14095	5.12748
-1.75189	1.29172	5.14357	5.12386
-1.744	1.31373	5.14555	5.12222
-1.74302	1.31504	5.14555	5.12255
-1.74433	1.31603	5.14456	5.12649
-1.74729	1.31472	5.14456	5.12813
-1.744	1.3157	5.14423	5.12649
-1.74794	1.31899	5.14423	5.12616
-1.75682	1.30749	5.14456	5.12682
-1.75024	1.31899	5.14456	5.12649
-1.73842	1.3272	5.14489	5.1255
-1.73809	1.32392	5.14489	5.12682
-1.7371	1.34921	5.14259	5.1278
-1.75057	1.33903	5.14062	5.12813
-1.74039	1.34856	5.14127	5.12649
-1.7371	1.35841	5.14325	5.12485
-1.7417	1.36038	5.14555	5.1255
-1.74564	1.35808	5.14587	5.12616
-1.74794	1.3548	5.14555	5.12715
-1.75254	1.36038	5.14325	5.12912
-1.7578	1.34658	5.14062	5.12813
-1.74236	1.35316	5.14095	5.12649
-1.73875	1.3594	5.14292	5.12518
-1.7394	1.35907	5.14325	5.12452
-1.74499	1.35611	5.14325	5.12485
-1.74794	1.35513	5.14226	5.12649
-1.7486	1.33541	5.14226	5.12715
-1.74433	1.33673	5.14357	5.12846
-1.75057	1.33476	5.14555	5.12912
-1.75287	1.33837	5.14653	5.12748
-1.76437	1.32129	5.14555	5.12518
-1.77718	1.30289	5.1439	5.12485
-1.7877	1.29369	5.14259	5.12649
-1.79624	1.29336	5.14226	5.12846
-1.78967	1.29467	5.1416	5.1278
-1.7877	1.28679	5.14127	5.12485
-1.7854	1.2812	5.14193	5.12255
-1.79493	1.27693	5.14259	5.12288
-1.80281	1.26346	5.14325	5.1255
-1.81037	1.24802	5.14226	5.12583
-1.81398	1.24342	5.14127	5.12715
-1.82417	1.23422	5.14259	5.1255
-1.82252	1.23817	5.14325	5.12583
-1.82778	1.22864	5.14423	5.12616
-1.83304	1.2224	5.14456	5.12518
-1.83402	1.21287	5.14259	5.12616
-1.83731	1.21615	5.14029	5.1278
-1.83369	1.22305	5.14062	5.12748
-1.83994	1.20958	5.14259	5.12682
-1.84224	1.22305	5.14226	5.12485
-1.85144	1.21977	5.14325	5.12485
-1.85209	1.21977	5.14489	5.12452
-1.86261	1.21714	5.14522	5.12518
-1.86425	1.20695	5.14259	5.12583
-1.85735	1.2109	5.13996	5.1278
-1.86359	1.1994	5.14193	5.12715
-1.86622	1.19743	5.14292	5.12485
-1.87148	1.19973	5.14226	5.12353
-1.87115	1.1925	5.14062	5.12255
-1.86491	1.19053	5.14095	5.12288
-1.86918	1.18428	5.14259	5.1232
-1.87148	1.19151	5.14292	5.12518
-1.87312	1.1925	5.14325	5.12616
-1.87739	1.19316	5.1439	5.12616
-1.87213	1.20104	5.1439	5.12518
-1.87213	1.20367	5.14456	5.12386
-1.87969	1.21287	5.14423	5.12485
-1.88692	1.19874	5.14357	5.12649
-1.87575	1.20597	5.14522	5.12715
-1.88593	1.18954	5.14686	5.12879
-1.8833	1.18691	5.14686	5.12748
-1.88987	1.18297	5.14555	5.12452
-1.88823	1.18527	5.14423	5.12222
-1.881	1.19808	5.14456	5.12452
-1.88298	1.1925	5.14587	5.12649
-1.87575	1.19118	5.1462	5.1278
-1.87378	1.18461	5.14587	5.1255
-1.88725	1.18297	5.14456	5.12386
-1.88396	1.17837	5.14357	5.1255
-1.8833	1.17739	5.14193	5.12583
-1.88265	1.17969	5.1416	5.1255
-1.87739	1.17509	5.14259	5.12583
-1.87673	1.17476	5.14292	5.1255
-1.87706	1.17509	5.14226	5.12485
-1.88823	1.15274	5.14226	5.12616
-1.89283	1.1488	5.14259	5.12715
-1.88298	1.14157	5.14193	5.12616
-1.88593	1.14979	5.14127	5.12452
-1.88133	1.1419	5.1416	5.12419
-1.87739	1.14092	5.14325	5.12485
-1.87443	1.13139	5.14555	5.12518
-1.88462	1.12843	5.14423	5.12616
-1.88856	1.14683	5.14357	5.12518
-1.881	1.15964	5.14292	5.12518
-1.86753	1.17804	5.1416	5.12386
-1.8741	1.17903	5.14029	5.12485
-1.88199	1.17607	5.1416	5.12386
-1.87312	1.181	5.14292	5.12288
-1.87246	1.17541	5.14456	5.12452
-1.86852	1.18231	5.14325	5.12748
-1.87345	1.16983	5.14325	5.12813
-1.87805	1.16359	5.14259	5.12879
-1.88166	1.16392	5.14259	5.12846
-1.86293	1.18363	5.14325	5.12748
-1.87443	1.17541	5.14357	5.12616
-1.87805	1.16851	5.14325	5.12583
-1.86688	1.18034	5.14193	5.12682
-1.86096	1.1925	5.14127	5.12715
-1.86589	1.19184	5.13996	5.12518
-1.86523	1.1902	5.1416	5.12386
-1.86293	1.19447	5.14357	5.12518
-1.86458	1.19348	5.14456	5.1255
-1.86031	1.20827	5.14292	5.12452
-1.85801	1.2086	5.1416	5.12452
-1.86556	1.21385	5.14325	5.12649
-1.86063	1.21977	5.14325	5.12682
-1.84979	1.22371	5.14292	5.12616
-1.84848	1.22897	5.14423	5.12583
-1.84815	1.22108	5.14555	5.12649
-1.84782	1.22338	5.14555	5.12616
-1.84684	1.22962	5.14423	5.12649
-1.83698	1.24014	5.14325	5.12748
-1.83764	1.23521	5.1439	5.12813
-1.84979	1.22535	5.1439	5.12583
-1.84749	1.22404	5.14489	5.12419
-1.84355	1.22765	5.1439	5.12452
-1.84881	1.21812	5.14193	5.12419
-1.83895	1.22831	5.13996	5.12583
-1.82515	1.24769	5.13897	5.12846
-1.81004	1.26675	5.1416	5.12879
-1.80018	1.27365	5.14423	5.12715
-1.78967	1.27858	5.14522	5.1255
-1.7946	1.2835	5.1462	5.12386
-1.79361	1.2835	5.14489	5.12452
-1.7946	1.29369	5.14357	5.12452
-1.78441	1.29632	5.14259	5.12485
-1.78704	1.28909	5.14259	5.1255
-1.78836	1.28712	5.14423	5.12518
-1.7923	1.27923	5.14719	5.12386
-1.78244	1.28416	5.14817	5.12485
-1.77948	1.28975	5.14719	5.1255
-1.78704	1.28318	5.14456	5.12419
-1.79427	1.27759	5.14357	5.1232
-1.78606	1.27003	5.14357	5.12288
-1.78277	1.27365	5.14423	5.1255
-1.7831	1.2789	5.14423	5.12583
-1.7877	1.27463	5.1439	5.12485
-1.78606	1.27332	5.14423	5.12419
-1.79098	1.27496	5.14587	5.1255
-1.78901	1.26806	5.14719	5.12682
-1.76667	1.2835	5.14686	5.12748
-1.76569	1.27168	5.14587	5.1255
-1.76766	1.27431	5.14555	5.12518
-1.77259	1.27168	5.14522	5.12583
-1.78474	1.25722	5.14456	5.12846
-1.77751	1.25985	5.1416	5.12879
-1.78113	1.26084	5.1416	5.12748
-1.78343	1.24802	5.14292	5.12616
-1.77653	1.26346	5.14653	5.12386
-1.77718	1.27168	5.1485	5.12386
-1.77489	1.26839	5.14555	5.12583
-1.79624	1.25755	5.14325	5.12583
-1.78836	1.26051	5.14226	5.12682
-1.78113	1.26084	5.14325	5.12715
-1.77817	1.25656	5.14555	5.12649
-1.77981	1.24638	5.14456	5.12452
-1.79197	1.22864	5.14259	5.12452
-1.79558	1.22732	5.14259	5.12518
-1.79821	1.21845	5.14259	5.12518
-1.80281	1.21517	5.14226	5.12649
-1.80938	1.2224	5.14095	5.1278
-1.80117	1.23915	5.1416	5.12813
-1.80183	1.24769	5.14292	5.1278
-1.78671	1.25985	5.14226	5.12682
-1.78606	1.27595	5.14062	5.1255
-1.79098	1.28088	5.14095	5.12485
-1.7785	1.29073	5.14193	5.12682
-1.76536	1.3088	5.14029	5.12912
-1.76076	1.30815	5.14062	5.12813
-1.76043	1.31274	5.14357	5.12616
-1.75024	1.30617	5.1462	5.12452
-1.75912	1.29665	5.14489	5.12452
-1.74729	1.3111	5.14325	5.12419
-1.74203	1.30815	5.14423	5.12583
-1.72889	1.29697	5.14653	5.12616
-1.73382	1.29599	5.14817	5.1232
-1.74827	1.2835	5.1485	5.12189
-1.7578	1.27463	5.14489	5.12288
-1.75123	1.27463	5.14127	5.12353
-1.76207	1.25525	5.13996	5.12616
-1.75879	1.26346	5.14127	5.1278
-1.76339	1.26478	5.14226	5.12748
-1.76273	1.26281	5.14292	5.12649
-1.7647	1.25328	5.14456	5.12419
-1.76766	1.24999	5.14423	5.12255
-1.77259	1.23488	5.14357	5.12518
-1.77291	1.22732	5.1416	5.12682
-1.79098	1.20991	5.14127	5.12846
-1.80478	1.19414	5.14193	5.12846
-1.81464	1.19414	5.14325	5.12518
-1.82844	1.18494	5.14357	5.12583
-1.82515	1.17509	5.14292	5.12846
-1.82318	1.18396	5.1416	5.12879
-1.84125	1.16063	5.14029	5.12649
-1.84289	1.15176	5.13963	5.12485
-1.85571	1.1465	5.14095	5.12485
-1.85045	1.16983	5.14357	5.12452
-1.85636	1.17049	5.14325	5.12419
-1.84881	1.17509	5.14193	5.12386
-1.85209	1.17147	5.13996	5.1255
-1.86655	1.18001	5.14029	5.12715
-1.87509	1.17279	5.14127	5.12748
-1.88068	1.16622	5.1416	5.12813
-1.88626	1.16753	5.14193	5.1278
-1.8856	1.16162	5.14127	5.12715
-1.88396	1.17279	5.1393	5.12682
-1.88002	1.18231	5.14029	5.12715
-1.87312	1.18363	5.1416	5.12649
-1.86852	1.18823	5.14292	5.1278
-1.87213	1.19217	5.14522	5.12846
-1.86753	1.1948	5.14555	5.12813
-1.86261	1.19414	5.14555	5.12813
-1.86063	1.20005	5.14423	5.12813
-1.85932	1.19316	5.14259	5.12748
-1.86753	1.18691	5.14193	5.12682
-1.87279	1.18428	5.1416	5.12748
-1.87148	1.18823	5.14127	5.12682
-1.86786	1.18724	5.14193	5.12583
-1.87476	1.17607	5.1439	5.12386
-1.86983	1.17377	5.14357	5.12386
-1.87838	1.15537	5.14226	5.12485
-1.8741	1.1557	5.1416	5.12518
-1.87706	1.15833	5.14029	5.1232
-1.88462	1.14749	5.14193	5.12485
-1.87279	1.15833	5.14357	5.1255
-1.87246	1.1672	5.14259	5.12452
-1.88429	1.15439	5.14193	5.12452
-1.89546	1.14782	5.14193	5.12583
-1.8925	1.14355	5.14325	5.1255
-1.89973	1.13632	5.14555	5.12649
-1.90334	1.12383	5.14555	5.12813
-1.89809	1.12153	5.14522	5.1278
-1.90104	1.10346	5.14193	5.12813
-1.89677	1.10806	5.14029	5.1278
-1.90104	1.10084	5.14095	5.12846
-1.89382	1.10773	5.14357	5.12846
-1.90663	1.09985	5.14555	5.12583
-1.89677	1.10314	5.14489	5.1255
-1.88955	1.12186	5.1439	5.1255
-1.90006	1.12515	5.14325	5.12583
-1.90433	1.13599	5.1439	5.12616
-1.90696	1.14157	5.14522	5.12748
-1.91484	1.12186	5.14489	5.1278
-1.91419	1.1304	5.14522	5.12715
-1.91813	1.12909	5.1462	5.12386
-1.90992	1.13665	5.1439	5.12255
-1.91222	1.13632	5.14193	5.12518
-1.92109	1.11956	5.14226	5.12748
-1.92141	1.10971	5.14292	5.12583
-1.91517	1.12088	5.1439	5.12452
-1.91649	1.11693	5.14587	5.12386
-1.91452	1.12613	5.14522	5.12288
-1.91222	1.12515	5.14456	5.12222
-1.89677	1.14749	5.1416	5.12583
-1.89217	1.13862	5.14029	5.1278
-1.89415	1.14026	5.1416	5.12879
-1.89283	1.1419	5.14423	5.12879
-1.89185	1.15176	5.14587	5.12813
-1.8879	1.1511	5.14555	5.12879
-1.88823	1.1626	5.14522	5.12977
-1.88068	1.17541	5.14522	5.12879
-1.87115	1.18199	5.14489	5.12813
-1.86491	1.18297	5.1439	5.12682
-1.87115	1.18067	5.14259	5.12616
-1.86556	1.19381	5.1439	5.12616
-1.86162	1.20005	5.14456	5.12353
-1.85603	1.18954	5.14292	5.12353
-1.84651	1.20137	5.14226	5.12715
-1.83665	1.20827	5.14226	5.12945
-1.84125	1.2178	5.14357	5.12846
-1.83304	1.22568	5.14325	5.12715
-1.83698	1.23061	5.14095	5.12419
-1.84158	1.21582	5.14062	5.12156
-1.82942	1.22437	5.14029	5.12156
-1.83008	1.22634	5.1393	5.12419
-1.82614	1.22831	5.13897	5.12682
-1.83041	1.22535	5.14029	5.12912
-1.83731	1.22338	5.14325	5.12846
-1.84881	1.20925	5.14587	5.12682
-1.82877	1.21484	5.14489	5.1255
-1.82252	1.2155	5.14193	5.12583
-1.83402	1.21221	5.14095	5.12649
-1.82679	1.21747	5.14095	5.12846
-1.82154	1.22437	5.14127	5.12977
-1.82548	1.21517	5.14127	5.12846
-1.81102	1.22732	5.14325	5.12649
-1.81398	1.22897	5.14423	5.12485
-1.80741	1.23882	5.14325	5.12419
-1.80643	1.24145	5.14127	5.12419
-1.82252	1.22535	5.14062	5.12452
-1.81891	1.23094	5.14127	5.12518
-1.81595	1.23061	5.14357	5.12518
-1.82482	1.23882	5.14522	5.12255
-1.82515	1.2293	5.14423	5.12419
-1.82647	1.23028	5.14259	5.12583
-1.81957	1.23915	5.14226	5.12682
-1.83041	1.24145	5.14259	5.1278
-1.82712	1.23685	5.14423	5.12715
-1.82121	1.21878	5.1439	5.12518
-1.82482	1.22437	5.14292	5.12518
-1.82384	1.22732	5.14259	5.12649
-1.83172	1.21418	5.14292	5.12682
-1.82844	1.21517	5.14259	5.12912
-1.83139	1.22305	5.14259	5.12912
-1.83304	1.21582	5.14226	5.1278
-1.84454	1.20005	5.14226	5.1255
-1.85045	1.19973	5.14292	5.12222
-1.85866	1.18626	5.14456	5.12156
-1.86983	1.17147	5.14489	5.12288
-1.86819	1.17706	5.14325	5.12288
-1.8718	1.181	5.14325	5.1232
-1.87443	1.18231	5.14325	5.1232
-1.87608	1.18527	5.14325	5.12222
-1.8787	1.17443	5.14325	5.12288
-1.88133	1.17837	5.14357	5.12452
-1.87016	1.17804	5.14325	5.12485
-1.86326	1.19316	5.14029	5.12583
-1.86786	1.18856	5.14029	5.12682
-1.86753	1.19316	5.14292	5.12715
-1.87542	1.18231	5.14423	5.12649
-1.87805	1.17673	5.14357	5.12715
-1.86721	1.18823	5.14193	5.1278
-1.87542	1.19184	5.14193	5.12846
-1.87805	1.18658	5.14127	5.12616
-1.8787	1.17739	5.1416	5.12485
-1.8764	1.18067	5.14226	5.12518
-1.88429	1.16457	5.14226	5.12649
-1.88955	1.17509	5.14193	5.12682
-1.89119	1.17443	5.14193	5.12649
-1.88265	1.18888	5.14193	5.12583
-1.87969	1.18691	5.14357	5.12452
-1.87213	1.18067	5.14653	5.1232
-1.86852	1.18067	5.14587	5.12353
-1.86655	1.17969	5.14259	5.12386
-1.85636	1.181	5.14062	5.12518
-1.83961	1.16687	5.1416	5.12616
-1.83632	1.1741	5.14259	5.1255
-1.82877	1.19808	5.14357	5.1255
-1.82449	1.20564	5.14456	5.1255
-1.82811	1.2017	5.14489	5.12583
-1.81891	1.21648	5.14423	5.12485
-1.81201	1.22075	5.14292	5.1232
-1.79854	1.24539	5.14127	5.12452
-1.79328	1.25164	5.14095	5.12682
-1.79821	1.24868	5.14226	5.12715
-1.81431	1.24047	5.14357	5.12583
-1.82811	1.2155	5.1439	5.12518
-1.83698	1.20695	5.14423	5.12452
-1.85505	1.18757	5.14226	5.12518
-1.84716	1.19644	5.14029	5.12583
-1.86031	1.1741	5.13897	5.12649
-1.86129	1.17837	5.14062	5.12682
-1.86261	1.17969	5.14292	5.12649
-1.88133	1.15932	5.14357	5.1255
-1.89645	1.15997	5.14325	5.12419
-1.89776	1.1649	5.14325	5.12386
-1.90104	1.16983	5.14292	5.12353
-1.89842	1.1672	5.14259	5.12353
-1.90762	1.16457	5.14357	5.12452
-1.91911	1.15833	5.14489	5.12419
-1.91419	1.16687	5.14423	5.12452
-1.9178	1.1672	5.14259	5.12616
-1.92733	1.15702	5.14029	5.12583
-1.91452	1.16359	5.13996	5.12682
-1.91681	1.1649	5.14127	5.12682
-1.91222	1.17081	5.14193	5.12649
-1.91747	1.1672	5.14259	5.12682
-1.91583	1.17114	5.14193	5.12682
-1.91419	1.18954	5.14226	5.12616
-1.91616	1.18461	5.1439	5.12419
-1.92207	1.18461	5.14555	5.12419
-1.92437	1.1672	5.14686	5.1255
-1.9201	1.16753	5.14653	5.12682
-1.92437	1.14585	5.1462	5.12748
-1.92404	1.14519	5.1462	5.12682
-1.92339	1.14453	5.14522	5.12583
-1.92503	1.14486	5.1439	5.12715
-1.92963	1.15176	5.14357	5.12715
-1.92831	1.15439	5.14423	5.12649
-1.91911	1.16129	5.14653	5.12485
-1.91944	1.15899	5.14719	5.12255
-1.9155	1.16457	5.14719	5.1232
-1.90893	1.16884	5.14785	5.12583
-1.90696	1.16687	5.14719	5.12616
-1.88856	1.17903	5.14489	5.12616
-1.87443	1.19086	5.14357	5.1255
-1.87016	1.20498	5.14325	5.12616
-1.86293	1.2017	5.14292	5.1255
-1.86129	1.204	5.14193	5.12386
-1.85965	1.2017	5.14095	5.1209
-1.85045	1.21155	5.14029	5.11959
-1.84651	1.21845	5.14325	5.12123
-1.84388	1.21254	5.14587	5.1255
-1.82909	1.22338	5.14522	5.12748
-1.82417	1.23422	5.14587	5.12715
-1.8199	1.24309	5.14522	5.12452
-1.81858	1.25131	5.14489	5.1232
-1.81431	1.25656	5.14423	5.12353
-1.81365	1.25032	5.14127	5.12386
-1.81891	1.25196	5.13996	5.12353
-1.80741	1.25985	5.14062	5.12123
-1.79854	1.27233	5.14357	5.12025
-1.7992	1.2812	5.14522	5.12156
-1.79361	1.28449	5.1439	5.12386
-1.7854	1.29435	5.1416	5.12616
-1.79427	1.30617	5.1416	5.12715
-1.79066	1.30683	5.14325	5.12682
-1.79591	1.30683	5.14357	5.12419
-1.8015	1.31669	5.1439	5.12386
-1.79723	1.32293	5.14423	5.1255
-1.80413	1.32293	5.14325	5.12715
-1.81562	1.30847	5.14062	5.12616
-1.82285	1.30059	5.14095	5.12518
-1.82909	1.29435	5.14259	5.12485
-1.83008	1.2904	5.14226	5.12485
-1.82384	1.29533	5.14193	5.12452
-1.83665	1.28745	5.14226	5.12353
-1.84782	1.27661	5.14292	5.12353
-1.84946	1.26642	5.1439	5.12353
-1.85209	1.26051	5.14325	5.12583
-1.85768	1.25624	5.14292	5.12748
-1.85144	1.26872	5.14456	5.12715
-1.85341	1.25656	5.14555	5.12748
-1.85341	1.26018	5.14587	5.12879
-1.86129	1.24375	5.14653	5.1278
-1.86293	1.24145	5.14719	5.12715
-1.8695	1.23817	5.14555	5.12682
-1.87936	1.22042	5.14423	5.12748
-1.88429	1.21451	5.14357	5.12813
-1.8879	1.20235	5.14357	5.1278
-1.89579	1.18166	5.14423	5.12682
-1.90137	1.18527	5.14555	5.12616
-1.904	1.18626	5.14587	5.12419
-1.89053	1.1994	5.14522	5.12255
-1.89217	1.19743	5.14325	5.12222
-1.89875	1.19907	5.14325	5.12255
-1.89875	1.19381	5.14259	5.12386
-1.88955	1.19677	5.1439	5.12485
-1.88889	1.19381	5.14292	5.12419
-1.87279	1.21024	5.14127	5.12649
-1.87115	1.21747	5.14226	5.12715
-1.86228	1.21681	5.14456	5.12583
-1.85373	1.22141	5.14423	5.12452
-1.84585	1.21911	5.14226	5.12386
-1.84191	1.22042	5.14226	5.1255
-1.83369	1.21845	5.14325	5.1255
-1.83402	1.22108	5.14587	5.12583
-1.82942	1.22897	5.14785	5.12386
-1.83435	1.2178	5.14719	5.12452
-1.83895	1.21582	5.14522	5.12583
-1.83435	1.20893	5.14259	5.12715
-1.84552	1.21057	5.14127	5.12977
-1.84322	1.21254	5.14127	5.13043
-1.83468	1.22108	5.14259	5.12813
-1.82187	1.23094	5.14423	5.12452
-1.81891	1.24605	5.14489	5.12222
-1.82022	1.24342	5.1439	5.12222
-1.8153	1.24769	5.14292	5.12288
-1.81004	1.26346	5.14193	5.12518
-1.81037	1.26478	5.14095	5.12682
-1.81595	1.25558	5.14259	5.12682
-1.813	1.26116	5.14456	5.12682
-1.80544	1.26511	5.1439	5.12518
-1.79657	1.27102	5.14259	5.12353
-1.79821	1.27069	5.14062	5.12123
-1.80774	1.26741	5.14029	5.12123
-1.81792	1.25952	5.14226	5.12353
-1.8199	1.25525	5.14423	5.12452
-1.82942	1.25196	5.14587	5.1255
-1.82055	1.27431	5.14555	5.12583
-1.82942	1.26839	5.14423	5.1255
-1.83205	1.26609	5.14259	5.12616
-1.83435	1.26313	5.14259	5.1278
-1.84224	1.25558	5.14456	5.12748
-1.85538	1.24211	5.1462	5.12518
-1.86556	1.24014	5.14522	5.12518
-1.87443	1.22634	5.14259	5.12386
-1.87805	1.21254	5.14193	5.12288
-1.8856	1.20235	5.14259	5.12386
-1.88199	1.21024	5.1439	5.12485
-1.89513	1.18921	5.14522	5.12485
-1.89415	1.18757	5.14555	5.12485
-1.9017	1.17739	5.1439	5.12452
-1.91452	1.16819	5.1439	5.12583
-1.90269	1.17804	5.14423	5.12715
-1.91189	1.16851	5.14456	5.12748
-1.91123	1.15439	5.14686	5.12715
-1.91484	1.15373	5.14752	5.12846
-1.91583	1.15439	5.14785	5.12813
-1.91616	1.1511	5.14587	5.12748
-1.91156	1.14782	5.14587	5.1255
-1.91057	1.14157	5.14489	5.1232
-1.91714	1.1304	5.14456	5.12288
-1.91517	1.1327	5.14325	5.1232
-1.927	1.13238	5.1439	5.1232
-1.93456	1.12449	5.14587	5.1232
-1.9408	1.10971	5.14686	5.12255
-1.93653	1.11431	5.14423	5.12452
-1.94606	1.08507	5.14095	5.12715
-1.9454	1.08934	5.13865	5.12912
-1.93817	1.08244	5.1393	5.1278
-1.9293	1.08178	5.14292	5.12616
-1.93817	1.05747	5.14686	5.12682
-1.93653	1.06437	5.14752	5.12682
-1.93029	1.06207	5.14357	5.12715
-1.94376	1.04465	5.1416	5.12616
-1.93291	1.0417	5.1439	5.12583
-1.93029	1.0463	5.14456	5.12649
-1.94244	1.03414	5.14456	5.12715
-1.93916	1.04465	5.14522	5.12682
-1.96117	1.0233	5.14522	5.12649
-1.96248	1.03217	5.14456	5.12583
-1.95493	1.04761	5.14357	5.12288
-1.94901	1.05057	5.14127	5.12386
-1.95197	1.04794	5.14062	5.12386
-1.95131	1.04334	5.14292	5.1232
-1.94211	1.0647	5.14522	5.1232
-1.93653	1.06568	5.14489	5.12353
-1.93653	1.05812	5.14456	5.12452
-1.94803	1.05681	5.14193	5.12616
-1.95723	1.04925	5.13996	5.1255
-1.9569	1.06601	5.14062	5.12353
-1.97037	1.0624	5.14259	5.12353
-1.97135	1.04925	5.14522	5.12452
-1.97497	1.05845	5.14456	5.12649
-1.97759	1.07652	5.14127	5.12715
-1.98384	1.06634	5.13897	5.1255
-1.98449	1.07455	5.14029	5.12485
-1.99895	1.06338	5.14193	5.12583
-2.00059	1.05747	5.1439	5.12583
-1.99468	1.05648	5.14555	5.12485
-1.99107	1.06141	5.14555	5.12452
-1.98121	1.06831	5.14292	5.12452
-1.97924	1.0624	5.14127	5.1255
-1.97201	1.06601	5.14127	5.12649
-1.97168	1.06995	5.1439	5.12715
-1.97234	1.06995	5.14522	5.12682
-1.96938	1.07225	5.14292	5.12649
-1.95591	1.09164	5.14259	5.1255
-1.95394	1.09854	5.14292	5.12583
-1.94737	1.09821	5.14259	5.12583
-1.9454	1.10215	5.14292	5.12386
-1.93258	1.12712	5.14325	5.12452
-1.9247	1.13566	5.14325	5.12616
-1.90992	1.13205	5.14456	5.1278
-1.90729	1.13993	5.14522	5.12879
-1.89053	1.15734	5.14423	5.12649
-1.88889	1.15997	5.14325	5.12518
-1.88265	1.15997	5.14489	5.12518
-1.88527	1.16884	5.14555	5.1255
-1.87903	1.18001	5.14785	5.12419
-1.87082	1.1994	5.14982	5.12386
-1.85833	1.21221	5.14752	5.1232
-1.83895	1.21911	5.14423	5.1255
-1.82548	1.22897	5.14226	5.12748
-1.8107	1.24014	5.14193	5.12879
-1.79066	1.26116	5.14292	5.1278
-1.78047	1.27365	5.14325	5.1255
-1.77423	1.27168	5.14127	5.12386
-1.77587	1.26084	5.14127	5.12419
-1.77061	1.27168	5.14292	5.1278
-1.75517	1.28285	5.14423	5.12846
-1.76897	1.27003	5.14489	5.12748
-1.76569	1.2858	5.14522	5.1278
-1.76371	1.27562	5.14555	5.12879
-1.76109	1.26445	5.14357	5.12977
-1.76371	1.27365	5.13996	5.12912
-1.75156	1.27759	5.1393	5.12748
-1.7463	1.2904	5.14325	5.12682
-1.74203	1.29106	5.14653	5.1255
-1.73185	1.30815	5.14653	5.12452
-1.73447	1.30716	5.14456	5.1232
-1.73349	1.29402	5.14325	5.12386
-1.74105	1.28909	5.14226	5.12452
-1.74335	1.29106	5.1416	5.12518
-1.74236	1.2927	5.14226	5.12419
-1.75846	1.28449	5.14226	5.12452
-1.7739	1.27989	5.14226	5.12485
-1.80084	1.27003	5.14292	5.12485
-1.8038	1.25624	5.14292	5.12485
-1.81037	1.25262	5.14193	5.12715
-1.82449	1.24375	5.1416	5.12813
-1.81365	1.25065	5.1439	5.1278
-1.82614	1.23389	5.14522	5.12715
-1.84256	1.21977	5.14489	5.12846
-1.86096	1.20235	5.1416	5.12813
-1.86458	1.1856	5.1393	5.12616
-1.86983	1.19381	5.13897	5.12386
-1.86852	1.19086	5.13996	5.12386
-1.86458	1.20367	5.14193	5.12419
-1.88363	1.18626	5.1439	5.12452
-1.87673	1.18823	5.14587	5.12452
-1.88593	1.17804	5.14587	5.1255
-1.88987	1.17081	5.14423	5.12616
-1.90367	1.1649	5.14226	5.12616
-1.9063	1.16293	5.1416	5.12682
-1.89907	1.1626	5.14259	5.12813
-1.90794	1.15833	5.14357	5.12846
-1.89973	1.15866	5.14357	5.12682
-1.89546	1.15866	5.14357	5.12583
-1.89415	1.16162	5.14325	5.12485
-1.89776	1.16654	5.14292	5.12682
-1.91649	1.1488	5.14357	5.1255
-1.9178	1.14125	5.14292	5.12419
-1.92437	1.12285	5.14423	5.12419
-1.92569	1.11891	5.14555	5.12419
-1.92897	1.10379	5.14555	5.12682
-1.91714	1.1235	5.14456	5.12912
-1.90926	1.12843	5.14489	5.13076
-1.90827	1.11989	5.14587	5.13109
-1.90466	1.12318	5.14785	5.1301
-1.88757	1.13369	5.14752	5.12813
-1.86786	1.14585	5.1439	5.1255
-1.87345	1.15045	5.1416	5.12419
-1.87115	1.13927	5.1416	5.12452
-1.88725	1.13599	5.14325	5.12452
-1.88823	1.15472	5.14456	5.12485
-1.8741	1.16129	5.14555	5.12485
-1.87115	1.16819	5.14522	5.12616
-1.86425	1.17213	5.14555	5.1278
-1.85965	1.17607	5.14555	5.12748
-1.85866	1.17936	5.14489	5.12682
-1.84946	1.1925	5.1439	5.12649
-1.86195	1.18593	5.14357	5.12682
-1.86031	1.1856	5.14423	5.1255
-1.85538	1.19611	5.14489	5.12616
-1.85012	1.20038	5.14423	5.12616
-1.85012	1.21878	5.14357	5.1278
-1.85439	1.21517	5.14325	5.12846
-1.84421	1.22831	5.1439	5.12682
-1.84651	1.22962	5.14489	5.12583
-1.84289	1.23718	5.14423	5.12452
-1.83402	1.25919	5.14423	5.12452
-1.83862	1.25065	5.14292	5.12649
-1.84191	1.24934	5.14095	5.12748
-1.84125	1.24966	5.14095	5.1255
-1.84289	1.25854	5.14357	5.12485
-1.83797	1.26215	5.14522	5.12353
-1.84552	1.26412	5.14489	5.12353
-1.83994	1.27661	5.14522	5.12386
-1.84684	1.26708	5.14456	5.1255
-1.85045	1.25656	5.14259	5.12616
-1.85111	1.24605	5.1416	5.12748
-1.85538	1.23751	5.14292	5.1255
-1.85308	1.23849	5.14489	5.12386
-1.86063	1.23619	5.14719	5.12386
-1.87345	1.2293	5.14555	5.12452
-1.88429	1.21714	5.14456	5.12485
-1.881	1.21484	5.14325	5.1278
-1.89677	1.20071	5.14259	5.13076
-1.904	1.19283	5.14292	5.12879
-1.90203	1.19677	5.1439	5.1278
-1.8994	1.20268	5.1439	5.12682
-1.90137	1.20038	5.14423	5.12682
-1.90663	1.1833	5.14357	5.12649
-1.91846	1.19151	5.14423	5.12649
-1.92076	1.18856	5.14489	5.12715
-1.91977	1.18034	5.14423	5.12649
-1.91911	1.18724	5.14357	5.12485
-1.90302	1.18921	5.14292	5.12452
-1.8971	1.18888	5.14292	5.12518
-1.88265	1.19546	5.14423	5.12616
-1.88725	1.181	5.14522	5.12748
-1.90302	1.17311	5.1439	5.12977
-1.88659	1.18987	5.1439	5.12879
-1.88495	1.1833	5.14489	5.12682
-1.89185	1.17837	5.14555	5.12485
-1.88495	1.17903	5.14522	5.12452
-1.87969	1.18166	5.14325	5.12649
-1.88527	1.17673	5.14062	5.1278
-1.88429	1.17311	5.1393	5.1255
-1.88068	1.16359	5.14095	5.12518
-1.8764	1.16589	5.14456	5.12353
-1.86786	1.16819	5.14489	5.12255
-1.86852	1.16326	5.14357	5.12288
-1.85702	1.16786	5.14226	5.12485
-1.83928	1.1833	5.14259	5.12649
-1.83698	1.19184	5.14193	5.12748
-1.82975	1.20728	5.1439	5.12748
-1.84618	1.19907	5.14555	5.12748
-1.84454	1.19841	5.14555	5.12616
-1.83534	1.18757	5.14193	5.12452
-1.83468	1.19053	5.1416	5.12452
-1.82877	1.18626	5.14226	5.12616
-1.83599	1.19053	5.14325	5.1255
-1.83369	1.19381	5.14423	5.12419
-1.82778	1.20663	5.14423	5.12386
-1.82548	1.20958	5.14325	5.12419
-1.81332	1.21878	5.14423	5.12518
-1.81891	1.2178	5.14555	5.1255
-1.82877	1.21911	5.14489	5.12386
-1.84158	1.21221	5.14587	5.12288
-1.84191	1.20893	5.14555	5.1232
-1.84881	1.1994	5.14456	5.12353
-1.85735	1.18494	5.14325	5.12485
-1.85045	1.19874	5.14226	5.12518
-1.86523	1.18593	5.14193	5.1255
-1.86556	1.17903	5.1416	5.1255
-1.86096	1.17476	5.14259	5.1255
-1.86786	1.1787	5.14127	5.12518
-1.87936	1.16687	5.14193	5.12518
-1.88462	1.15997	5.14193	5.12518
-1.88396	1.16096	5.1416	5.12419
-1.87608	1.17016	5.14193	5.1255
-1.87476	1.18199	5.14226	5.12583
-1.85702	1.20433	5.14357	5.12485
-1.86589	1.19414	5.1439	5.12419
-1.86852	1.18626	5.1439	5.12485
-1.87279	1.18264	5.14325	5.1255
-1.86753	1.18034	5.14259	5.12583
-1.86063	1.1948	5.14226	5.12583
-1.86786	1.19151	5.14489	5.12649
-1.87443	1.19053	5.14587	5.1255
-1.87969	1.17377	5.14489	5.12485
-1.88626	1.17114	5.14292	5.12518
-1.88527	1.18034	5.14226	5.12649
-1.88889	1.1718	5.14127	5.12682
-1.88757	1.16687	5.1416	5.12616
-1.88725	1.17607	5.14127	5.12583
-1.88002	1.17147	5.1416	5.12452
-1.86983	1.19086	5.14259	5.12452
-1.86918	1.1856	5.14325	5.12583
-1.8718	1.18363	5.14292	5.12748
-1.86425	1.1833	5.14226	5.12715
-1.8741	1.18757	5.14292	5.12583
-1.86885	1.1925	5.14423	5.1255
-1.86688	1.2017	5.14357	5.12419
-1.86556	1.20071	5.14357	5.12288
-1.84979	1.2063	5.14456	5.12222
-1.83895	1.19217	5.14456	5.12583
-1.83632	1.19447	5.14292	5.12682
-1.84026	1.1879	5.14127	5.12583
-1.84815	1.1764	5.14193	5.1255
-1.84684	1.18757	5.14325	5.12846
-1.85406	1.18626	5.14423	5.12748
-1.86622	1.17574	5.14292	5.12813
-1.87706	1.16129	5.1416	5.1278
-1.87246	1.15537	5.13996	5.1278
-1.87969	1.16096	5.13963	5.12649
-1.87969	1.16457	5.13996	5.12452
-1.8787	1.17246	5.14127	5.12386
-1.88199	1.17739	5.14193	5.1255
-1.87805	1.17081	5.14259	5.12715
-1.87706	1.17739	5.14226	5.12682
-1.87772	1.1718	5.14062	5.12518
-1.88396	1.16753	5.13996	5.12583
-1.8879	1.16622	5.14127	5.12485
-1.89677	1.15012	5.14259	5.12386
-1.90926	1.14125	5.14193	5.12386
-1.91649	1.13829	5.14226	5.12485
-1.91517	1.14092	5.14325	5.12518
-1.9339	1.13796	5.14522	5.1255
-1.9316	1.13763	5.14653	5.1232
-1.93784	1.12712	5.14555	5.12419
-1.93784	1.12778	5.14456	5.12583
-1.9385	1.11726	5.14357	5.1255
-1.95394	1.11496	5.14259	5.12518
-1.95525	1.11233	5.14292	5.12649
-1.95558	1.11332	5.14555	5.12879
-1.96248	1.10708	5.14752	5.12682
-1.97037	1.09886	5.1462	5.12419
-1.96051	1.10215	5.1439	5.12255
-1.95361	1.10511	5.14259	5.12288
-1.9569	1.10576	5.14095	5.12386
-1.96807	1.09295	5.1416	5.12616
-1.96872	1.08539	5.14292	5.12945
-1.97234	1.08769	5.14522	5.12813
-1.97102	1.09394	5.14653	5.12452
-1.98384	1.07521	5.14587	5.12353
-1.98187	1.07324	5.14456	5.12452
-1.97891	1.07422	5.1416	5.1255
-1.97825	1.07192	5.13963	5.1255
-1.97464	1.07587	5.14127	5.12353
-1.97694	1.07948	5.14259	5.12353
-1.97497	1.08999	5.1439	5.1255
-1.98384	1.07192	5.14292	5.12518
-1.98252	1.08145	5.14357	5.12583
-1.97858	1.07061	5.14259	5.1278
-1.97398	1.07554	5.14095	5.12879
-1.9753	1.07685	5.14193	5.1278
-1.97595	1.07948	5.14259	5.12616
-1.97431	1.07619	5.14226	5.12288
-1.96905	1.07882	5.1416	5.12222
-1.96708	1.08145	5.14292	5.12353
-1.96314	1.07422	5.1439	5.12452
-1.94376	1.08901	5.14489	5.12518
-1.94507	1.08835	5.14489	5.1255
-1.95427	1.06962	5.14489	5.12583
-1.95591	1.067	5.14489	5.12452
-1.95065	1.06437	5.14456	5.12419
-1.94376	1.07455	5.14357	5.12353
-1.9431	1.08047	5.14292	5.1255
-1.93948	1.08441	5.14259	5.12715
-1.9339	1.09131	5.14193	5.12682
-1.91517	1.11365	5.14292	5.12518
-1.90367	1.11891	5.14555	5.12452
-1.88363	1.13862	5.14719	5.1255
-1.88002	1.1373	5.14653	5.1255
-1.87575	1.12449	5.14522	5.12616
-1.86622	1.1281	5.14325	5.1255
-1.86556	1.13566	5.14423	5.12386
-1.85768	1.13895	5.14522	5.12386
-1.85406	1.14815	5.14785	5.12452
-1.85176	1.15242	5.14785	5.1255
-1.84618	1.15143	5.14489	5.12583
-1.85669	1.16096	5.14226	5.12583
-1.84454	1.1787	5.1416	5.12682
-1.85472	1.18264	5.14292	5.12715
-1.86688	1.19184	5.14357	5.12748
-1.86589	1.20203	5.14325	5.12813
-1.86031	1.20268	5.14357	5.12682
-1.86195	1.21155	5.14292	5.12616
-1.86392	1.20663	5.14357	5.12715
-1.86852	1.20465	5.14259	5.12813
-1.87115	1.20991	5.14325	5.12912
-1.86983	1.21057	5.14423	5.12748
-1.86359	1.22437	5.14357	5.12616
-1.84191	1.23291	5.14095	5.12715
-1.83895	1.23061	5.14029	5.1278
-1.83468	1.23652	5.14193	5.12715
-1.83107	1.23357	5.14325	5.12649
-1.81924	1.24671	5.14522	5.12583
-1.8176	1.25426	5.14456	5.12485
-1.82318	1.25196	5.14226	5.1255
-1.82318	1.23849	5.13963	5.12682
-1.81792	1.25295	5.13865	5.12616
-1.82351	1.25229	5.1393	5.12748
-1.81792	1.25788	5.14062	5.12616
-1.81661	1.25919	5.14127	5.12419
-1.81497	1.25328	5.14193	5.12353
-1.82285	1.24868	5.14259	5.12386
-1.81858	1.25328	5.14127	5.12485
-1.8153	1.25886	5.1393	5.12616
-1.8153	1.26215	5.14062	5.12583
-1.82088	1.25525	5.14193	5.12518
-1.81004	1.26346	5.14325	5.12518
-1.81267	1.26511	5.14325	5.12452
-1.81431	1.24605	5.14325	5.12452
-1.80544	1.25361	5.14325	5.12518
-1.79854	1.26149	5.14226	5.12649
-1.80084	1.25492	5.14226	5.12748
-1.79197	1.26248	5.1416	5.12748
-1.78901	1.25558	5.14259	5.1278
-1.80051	1.22831	5.14226	5.12682
-1.79953	1.23619	5.14193	5.12813
-1.79	1.25164	5.1416	5.12879
-1.78967	1.24211	5.14193	5.12977
-1.79164	1.24539	5.14292	5.12977
-1.78868	1.24769	5.14522	5.12748
-1.8038	1.24014	5.1462	5.12649
-1.79131	1.24507	5.14522	5.12682
-1.78408	1.24342	5.14193	5.12485
-1.79854	1.24769	5.14193	5.12419
-1.81497	1.24638	5.14357	5.12616
-1.80544	1.25952	5.1462	5.12583
-1.80314	1.26379	5.14719	5.12452
-1.81037	1.25788	5.14719	5.12222
-1.81628	1.25229	5.1462	5.12189
-1.82022	1.25295	5.14292	5.12452
-1.82121	1.23915	5.14095	5.12748
-1.82712	1.23258	5.14226	5.12879
-1.82285	1.22371	5.14357	5.12813
-1.82909	1.21845	5.14226	5.12682
-1.83731	1.21747	5.14095	5.1255
-1.83599	1.22272	5.1393	5.12715
-1.84355	1.2178	5.1393	5.1301
-1.84716	1.20925	5.13733	5.13142
-1.85768	1.21123	5.137	5.13142
-1.86359	1.2017	5.13865	5.12879
-1.85768	1.1971	5.14292	5.1255
-1.85833	1.20005	5.14489	5.12353
-1.85308	1.20761	5.14325	5.12386
-1.87016	1.19841	5.14127	5.12682
-1.87772	1.18199	5.14226	5.12846
-1.88626	1.18034	5.14489	5.12846
-1.89645	1.1764	5.1462	5.12715
-1.8971	1.16129	5.14587	5.12715
-1.89612	1.15932	5.14357	5.12518
-1.89842	1.16227	5.1416	5.12386
-1.87969	1.17574	5.14095	5.1255
-1.88166	1.18034	5.14259	5.12649
-1.88659	1.18593	5.14325	5.12583
-1.8902	1.18199	5.14456	5.1255
-1.89415	1.17509	5.14686	5.12583
-1.89677	1.17574	5.1462	5.12682
-1.89546	1.18067	5.14259	5.12879
-1.89907	1.17443	5.14325	5.12945
-1.90433	1.15932	5.14325	5.12813
-1.90367	1.16063	5.1416	5.12813
-1.89875	1.16096	5.14193	5.12682
-1.8879	1.16293	5.14325	5.1255
-1.89217	1.15274	5.14456	5.12419
-1.8994	1.1465	5.14423	5.12419
-1.90893	1.13697	5.14292	5.12583
-1.90893	1.12942	5.14522	5.12518
-1.90564	1.1258	5.14686	5.12353
-1.90466	1.13468	5.14522	5.12288
-1.90006	1.135	5.14522	5.12353
-1.90006	1.1419	5.14522	5.1232
-1.88889	1.15176	5.14423	5.12353
-1.88692	1.1488	5.14259	5.12452
-1.87049	1.16786	5.14095	5.12419
-1.87739	1.1672	5.14127	5.12452
-1.88922	1.16227	5.14423	5.1255
-1.89743	1.1442	5.14653	5.12518
-1.89645	1.15045	5.14752	5.12485
-1.89152	1.14289	5.14587	5.12682
-1.90203	1.13862	5.14029	5.12846
-1.8948	1.13862	5.13963	5.12715
-1.89612	1.14289	5.14127	5.12583
-1.89973	1.14486	5.1439	5.1255
-1.90302	1.14289	5.1462	5.12583
-1.89907	1.14223	5.14489	5.12583
-1.9132	1.13172	5.14226	5.12616
-1.90893	1.13435	5.14226	5.12715
-1.92503	1.12022	5.14325	5.12583
-1.9155	1.11036	5.14259	5.12353
-1.9132	1.11036	5.14226	5.12189
-1.91879	1.11036	5.14259	5.12222
-1.91649	1.11726	5.14292	5.1232
-1.90959	1.12876	5.14325	5.12682
-1.90992	1.13402	5.14423	5.12912
-1.90827	1.12679	5.1439	5.12846
-1.91287	1.11595	5.14325	5.12715
-1.89875	1.13533	5.14522	5.12386
-1.89743	1.14092	5.14522	5.12255
-1.89809	1.14453	5.14292	5.12353
-1.89382	1.14387	5.14193	5.12682
-1.8948	1.14026	5.14292	5.12945
-1.89283	1.15176	5.14325	5.12813
-1.89152	1.14683	5.14423	5.12583
-1.88889	1.14617	5.14489	5.12386
-1.89053	1.14946	5.14522	5.12452
-1.88725	1.1442	5.14489	5.12649
-1.87936	1.14913	5.14489	5.12846
-1.87148	1.1557	5.14653	5.13076
-1.88035	1.15176	5.14653	5.12977
-1.88166	1.1465	5.14522	5.12813
-1.881	1.1327	5.14325	5.1255
-1.87805	1.13895	5.14259	5.12452
-1.87805	1.1396	5.14095	5.12452
-1.8833	1.15176	5.1416	5.12583
-1.8833	1.15176	5.1439	5.12682
-1.8902	1.14585	5.14522	5.1278
-1.8879	1.14979	5.14522	5.12682
-1.87673	1.14486	5.14587	5.12452
-1.87279	1.13172	5.14555	5.12452
-1.86852	1.14815	5.14325	5.12616
-1.86359	1.14913	5.14062	5.12682
-1.85735	1.14946	5.14029	5.12748
-1.86293	1.14355	5.14259	5.12715
-1.85045	1.15932	5.14423	5.12485
-1.84585	1.16162	5.14357	5.12485
-1.83041	1.16851	5.14423	5.12485
-1.82187	1.1902	5.14423	5.1255
-1.81332	1.2017	5.14357	5.12583
-1.80741	1.21385	5.14456	5.12485
-1.7923	1.22371	5.14587	5.12452
-1.78638	1.23554	5.14587	5.12518
-1.77948	1.23915	5.14587	5.12682
-1.78113	1.24572	5.14555	5.1278
-1.78277	1.25065	5.14522	5.1278
-1.78507	1.25591	5.1439	5.12682
-1.78376	1.26084	5.14423	5.12419
-1.79361	1.25558	5.14489	5.12353
-1.79295	1.26313	5.14423	5.12518
-1.7946	1.25164	5.14357	5.12583
-1.80445	1.23685	5.14325	5.1278
-1.80872	1.2247	5.14456	5.12616
-1.80971	1.23849	5.14423	5.12583
-1.80215	1.24079	5.14522	5.12649
-1.79131	1.25196	5.14456	5.12715
-1.79788	1.24966	5.14357	5.12485
-1.79197	1.25821	5.14292	5.12255
-1.78836	1.26313	5.14226	5.12156
-1.77061	1.28153	5.14193	5.12156
-1.77094	1.27825	5.1416	5.1232
-1.77784	1.26872	5.1416	5.12353
-1.77291	1.28416	5.14259	5.12518
-1.77554	1.27332	5.1439	5.12452
-1.78474	1.27595	5.14456	5.1232
-1.79328	1.27201	5.14456	5.12485
-1.80708	1.26642	5.14325	5.12682
-1.82384	1.25229	5.14226	5.12649
-1.81858	1.25525	5.14357	5.12649
-1.81234	1.25755	5.1462	5.12616
-1.81792	1.26018	5.14587	5.1232
-1.82515	1.25854	5.14259	5.1232
-1.81825	1.25229	5.14029	5.12288
-1.82778	1.24835	5.14095	5.12386
-1.83764	1.23357	5.14456	5.12682
-1.84355	1.22765	5.14949	5.12715
-1.85209	1.21944	5.15047	5.1255
-1.84946	1.21517	5.14686	5.12452
-1.86326	1.20465	5.14456	5.12452
-1.86622	1.20794	5.14259	5.12452
-1.86852	1.20728	5.14226	5.12583
-1.8833	1.19184	5.14292	5.12616
-1.8787	1.18987	5.14423	5.12485
-1.87378	1.20071	5.14423	5.12386
-1.8879	1.18691	5.14456	5.12419
-1.89546	1.16983	5.1439	5.12386
-1.90203	1.16392	5.14357	5.12518
-1.89546	1.16851	5.1439	5.1255
-1.89513	1.16227	5.14522	5.12518
-1.88987	1.16654	5.14456	5.12386
-1.8833	1.17837	5.1439	5.12288
-1.88527	1.19217	5.14357	5.12452
-1.88462	1.18856	5.14325	5.12518
-1.88068	1.1925	5.14325	5.12452
-1.86523	1.19841	5.1439	5.12353
-1.87082	1.1925	5.14489	5.12518
-1.86885	1.1902	5.14522	5.12649
-1.87378	1.18691	5.14357	5.12748
-1.87509	1.18133	5.14259	5.12912
-1.88068	1.16654	5.14095	5.12945
-1.87148	1.17804	5.14062	5.1301
-1.88133	1.16293	5.14226	5.12846
-1.88298	1.15866	5.14456	5.12616
-1.8879	1.14946	5.14587	5.12452
-1.88232	1.15274	5.14489	5.12485
-1.88133	1.1603	5.14489	5.12518
-1.87673	1.16917	5.14653	5.12616
-1.88823	1.16753	5.14719	5.12715
-1.89513	1.1557	5.14653	5.12748
-1.89283	1.15242	5.14489	5.12945
-1.91484	1.13238	5.14456	5.13109
-1.92864	1.12416	5.14357	5.12945
-1.9109	1.13402	5.14325	5.12715
-1.9155	1.12285	5.14193	5.12616
-1.92404	1.11332	5.1416	5.12583
-1.9362	1.10084	5.14292	5.12682
-1.94277	1.08014	5.1439	5.1278
-1.9431	1.08244	5.14522	5.12846
-1.95131	1.0647	5.14587	5.12813
-1.95723	1.05615	5.14489	5.12715
-1.94934	1.05648	5.14292	5.12715
-1.94803	1.06897	5.14357	5.12682
-1.9454	1.07981	5.14555	5.12682
-1.9431	1.08408	5.14522	5.1255
-1.94441	1.08868	5.14489	5.12452
-1.94934	1.09164	5.14522	5.12419
-1.95197	1.08047	5.14489	5.12288
-1.95295	1.08901	5.14555	5.12386
-1.95164	1.09525	5.1462	5.12452
-1.94638	1.09361	5.14653	5.12485
-1.93784	1.09394	5.14555	5.12419
-1.92831	1.09788	5.14456	5.12156
-1.93127	1.09919	5.1439	5.12058
-1.927	1.10051	5.14357	5.12222
-1.92996	1.10741	5.14292	5.12419
-1.92733	1.11102	5.14423	5.12386
-1.92667	1.11496	5.14423	5.12485
-1.92733	1.13632	5.14423	5.12616
-1.92799	1.1419	5.14489	5.12748
-1.92536	1.14946	5.14423	5.1301
-1.92897	1.15242	5.14193	5.12879
-1.92371	1.15537	5.13996	5.1278
-1.91484	1.15866	5.14095	5.12583
-1.91189	1.16589	5.14325	5.12452
-1.9155	1.15077	5.14653	5.12255
-1.90794	1.16096	5.14686	5.12222
-1.904	1.15964	5.14456	5.12255
-1.8925	1.1649	5.14259	5.12419
-1.88955	1.16293	5.14226	5.12583
-1.88823	1.15997	5.14292	5.12649
-1.87575	1.16063	5.14259	5.12518
-1.87312	1.17246	5.14456	5.12452
-1.86688	1.17509	5.1462	5.12386
-1.86819	1.18363	5.14423	5.1255
-1.86622	1.19381	5.14357	5.12682
-1.85702	1.19874	5.14357	5.12583
-1.84881	1.21188	5.14456	5.1255
-1.82449	1.23159	5.14489	5.12386
-1.82351	1.2293	5.14555	5.12189
-1.82712	1.23389	5.1439	5.12189
-1.82252	1.23554	5.14062	5.12255
-1.83731	1.22535	5.14029	5.12485
-1.83468	1.22962	5.14259	5.1278
-1.82679	1.23225	5.14423	5.12912
-1.82055	1.24966	5.14522	5.1278
-1.8222	1.24342	5.14555	5.12583
-1.81727	1.24802	5.14325	5.12649
-1.80544	1.26905	5.1416	5.12748
-1.80445	1.27628	5.14193	5.12879
-1.79394	1.29402	5.14357	5.12846
-1.79098	1.29665	5.14555	5.12715
-1.78441	1.29303	5.14522	5.12715
-1.78211	1.30387	5.14357	5.12583
-1.78638	1.30059	5.1439	5.12419
-1.79	1.30387	5.14423	5.12353
-1.79066	1.2973	5.14357	5.12485
-1.79788	1.28252	5.14423	5.12616
-1.7854	1.2996	5.14456	5.12682
-1.78704	1.29303	5.14522	5.12649
-1.79033	1.30092	5.1439	5.1255
-1.78244	1.31702	5.14325	5.12518
-1.78441	1.31242	5.14292	5.1255
-1.79821	1.31077	5.14423	5.1255
-1.81037	1.295	5.14357	5.12452
-1.81431	1.28548	5.14456	5.12386
-1.80544	1.28942	5.1462	5.12386
-1.81037	1.27266	5.14653	5.12616
-1.82252	1.26511	5.14522	5.12682
-1.81168	1.27168	5.14357	5.12879
-1.80971	1.27693	5.14193	5.12715
-1.81595	1.26938	5.14226	5.12583
-1.82022	1.27759	5.14423	5.12649
-1.82745	1.26773	5.14456	5.12616
-1.83172	1.25164	5.1439	5.12649
-1.83435	1.23849	5.1439	5.12912
-1.82614	1.23554	5.14522	5.12945
-1.82679	1.23127	5.14489	5.12715
-1.81727	1.24605	5.14522	5.1255
-1.81924	1.24901	5.14653	5.12518
-1.81398	1.25656	5.14883	5.12452
-1.79723	1.26445	5.14916	5.12452
-1.79427	1.28022	5.14686	5.1255
-1.80281	1.27496	5.14357	5.12583
-1.79558	1.27989	5.14029	5.12748
-1.78803	1.29073	5.1416	5.12616
-1.79	1.28482	5.1439	5.12518
-1.78704	1.28482	5.14325	5.12452
-1.79493	1.27858	5.14193	5.12419
-1.79887	1.26511	5.14062	5.12386
-1.79985	1.26018	5.14226	5.12222
-1.79197	1.27858	5.14522	5.12123
-1.7831	1.28548	5.1462	5.12255
-1.78507	1.27661	5.1462	5.12715
-1.7739	1.27923	5.14522	5.12879
-1.78244	1.2789	5.14292	5.1278
-1.77324	1.28646	5.14259	5.12715
-1.77981	1.28909	5.14456	5.12715
-1.78934	1.28022	5.14489	5.12715
-1.78901	1.26511	5.14686	5.12813
-1.79558	1.25689	5.14587	5.12616
-1.7969	1.25492	5.14489	5.12485
-1.78671	1.27036	5.14423	5.12518
-1.78507	1.27102	5.14456	5.12583
-1.7946	1.25591	5.14292	5.12583
-1.81398	1.23357	5.14259	5.1255
-1.82351	1.21681	5.14423	5.12288
-1.82417	1.20991	5.14686	5.12288
-1.81562	1.22174	5.14522	5.12353
-1.82975	1.20958	5.14292	5.1255
-1.84224	1.19546	5.14259	5.12682
-1.84289	1.2017	5.14292	5.12879
-1.84815	1.20367	5.14325	5.12813
-1.84782	1.20958	5.14292	5.12748
-1.84421	1.21254	5.14292	5.12879
-1.84585	1.21353	5.14292	5.12813
-1.84158	1.21517	5.14292	5.1278
-1.84651	1.21484	5.14423	5.12715
-1.83797	1.2201	5.14522	5.12518
-1.84749	1.20958	5.14653	5.12353
-1.85045	1.2086	5.1439	5.1232
-1.84979	1.2247	5.14292	5.12485
-1.85012	1.2247	5.14259	5.1255
-1.85571	1.21615	5.1416	5.12649
-1.86589	1.21188	5.14095	5.12616
-1.87509	1.20925	5.14259	5.12649
-1.87213	1.21714	5.1439	5.12616
-1.87443	1.2201	5.14456	5.12616
-1.88199	1.20893	5.14587	5.12518
-1.88298	1.20301	5.14522	5.12353
-1.88068	1.22141	5.14456	5.12353
-1.88823	1.21451	5.14357	5.12485
-1.89152	1.21353	5.14489	5.12583
-1.89743	1.19776	5.14686	5.12616
-1.8994	1.20991	5.14719	5.12616
-1.90696	1.18363	5.14555	5.12682
-1.91156	1.17673	5.14357	5.12583
-1.92207	1.15439	5.14226	5.12616
-1.91024	1.15702	5.1416	5.12649
-1.90926	1.16227	5.14193	5.12452
-1.91189	1.14946	5.14259	5.12353
-1.92207	1.13796	5.14357	5.1232
-1.91813	1.14092	5.14522	5.12288
-1.927	1.13435	5.14456	5.12386
-1.93127	1.12778	5.14226	5.12518
-1.9362	1.12219	5.14127	5.12518
-1.94244	1.11923	5.14127	5.12419
-1.94638	1.10412	5.14259	5.1232
-1.94376	1.10116	5.14292	5.12288
-1.9477	1.11365	5.14292	5.12616
-1.95	1.10511	5.14127	5.12715
-1.94573	1.10511	5.13996	5.1255
-1.93554	1.11332	5.13996	5.12485
-1.92897	1.12022	5.14193	5.12288
-1.927	1.11496	5.14292	5.12156
-1.93916	1.10149	5.14259	5.12189
-1.93916	1.09854	5.14062	5.1232
-1.94507	1.09624	5.14029	5.12616
-1.9431	1.10478	5.14226	5.1278
-1.94638	1.09952	5.14423	5.12813
-1.95033	1.10248	5.1439	5.1278
-1.94934	1.10741	5.14489	5.12682
-1.95033	1.11891	5.14456	5.12715
-1.94868	1.10938	5.14259	5.12748
-1.9523	1.09821	5.14095	5.12748
-1.9454	1.10609	5.14226	5.1255
-1.93686	1.11431	5.14357	5.12419
-1.94376	1.11135	5.14423	5.12419
-1.93521	1.12055	5.1439	5.12485
-1.93521	1.1212	5.14357	5.12583
-1.91813	1.13468	5.14423	5.12715
-1.91419	1.13895	5.14423	5.12945
-1.92109	1.13796	5.14489	5.1301
-1.91846	1.14585	5.14555	5.12912
-1.91452	1.1442	5.14719	5.12616
-1.91452	1.14322	5.14555	5.12386
-1.91846	1.13008	5.14325	5.12288
-1.91222	1.13336	5.14127	5.12485
-1.91911	1.12153	5.14226	5.12649
-1.91386	1.12613	5.14226	5.12518
-1.91386	1.14815	5.14193	5.1232
-1.91222	1.14716	5.14292	5.12222
-1.90794	1.15833	5.14423	5.12353
-1.90236	1.16392	5.14555	5.12518
-1.89973	1.17311	5.14489	5.12682
-1.88495	1.17771	5.14292	5.12649
-1.87443	1.1833	5.1416	5.12583
-1.87049	1.19513	5.14226	5.12912
-1.87509	1.17771	5.14357	5.13076
-1.86326	1.1833	5.14423	5.12912
-1.86885	1.17081	5.14423	5.12846
-1.86392	1.17279	5.14357	5.12813
-1.86688	1.16556	5.14259	5.12616
-1.86293	1.181	5.14357	5.12583
-1.85801	1.18264	5.14456	5.12583
-1.84684	1.19381	5.14587	5.12583
-1.85209	1.19743	5.14522	5.12485
-1.84486	1.20531	5.14292	5.12485
-1.83928	1.21287	5.14127	5.12583
-1.83829	1.20991	5.14292	5.12616
-1.83797	1.21353	5.14456	5.12518
-1.82187	1.2178	5.1462	5.12616
-1.81497	1.23455	5.14653	5.12682
-1.81332	1.23422	5.14555	5.12682
-1.80807	1.25426	5.14423	5.12715
-1.80675	1.24835	5.14292	5.12715
-1.80577	1.25229	5.14456	5.12649
-1.80675	1.25689	5.14555	5.12583
-1.81365	1.25065	5.1462	5.1255
-1.81168	1.26018	5.14686	5.12419
-1.82285	1.25394	5.14555	5.12452
-1.82121	1.25131	5.14555	5.12419
-1.81464	1.25624	5.14489	5.1232
-1.80445	1.26905	5.14489	5.12255
-1.79328	1.2858	5.1439	5.12288
-1.79953	1.27299	5.14456	5.12156
-1.79394	1.28186	5.14456	5.12255
-1.79558	1.28449	5.14259	5.12518
-1.79525	1.2927	5.14226	5.12748
-1.79624	1.28515	5.14226	5.12912
-1.79066	1.30387	5.14193	5.12879
-1.78836	1.30092	5.14292	5.12649
-1.79098	1.29763	5.14555	5.12682
-1.7762	1.31866	5.14686	5.12649
-1.78343	1.30453	5.1462	5.12649
-1.77193	1.30979	5.14423	5.12715
-1.77489	1.30092	5.14456	5.12649
-1.76897	1.29829	5.14653	5.1255
-1.7762	1.28876	5.14752	5.1255
-1.78704	1.28515	5.14423	5.12583
-1.79131	1.26642	5.14292	5.12616
-1.78803	1.27135	5.14357	5.12682
-1.79131	1.25591	5.14522	5.12485
-1.80445	1.25098	5.14522	5.12386
-1.81201	1.23882	5.14259	5.12452
-1.82449	1.22667	5.14423	5.12616
-1.82318	1.23652	5.14456	5.12682
-1.82614	1.22404	5.14292	5.12649
-1.84092	1.21484	5.1416	5.12616
-1.84322	1.20893	5.14226	5.12616
-1.85045	1.19677	5.14325	5.12682
-1.84749	1.2178	5.14357	5.12748
-1.85176	1.22404	5.14423	5.12616
-1.85341	1.22502	5.14489	5.12353
-1.85768	1.21188	5.14423	5.12288
-1.86589	1.20695	5.14456	5.12419
-1.86491	1.19973	5.14226	5.12649
-1.86556	1.20104	5.14259	5.12879
-1.85866	1.20728	5.14522	5.1278
-1.86293	1.1948	5.14817	5.1232
-1.86852	1.19644	5.1485	5.12123
-1.86721	1.20334	5.14555	5.12222
-1.87608	1.19644	5.14357	5.12485
-1.87838	1.19447	5.14325	5.12649
-1.88232	1.17246	5.14423	5.1255
-1.89185	1.15734	5.14555	5.12518
-1.88692	1.17016	5.1462	5.12518
-1.90269	1.15307	5.14522	5.12583
-1.90762	1.15866	5.14292	5.1255
-1.9086	1.16392	5.14127	5.12616
-1.90827	1.158	5.14127	5.12813
-1.91057	1.15734	5.14357	5.12748
-1.91123	1.14322	5.14522	5.12649
-1.91616	1.14322	5.1462	5.12715
-1.91583	1.1557	5.14423	5.12813
-1.91189	1.17147	5.1416	5.12879
-1.92109	1.17279	5.14095	5.12945
-1.91517	1.17246	5.14357	5.12813
-1.91222	1.17739	5.14489	5.1278
-1.90499	1.18034	5.1439	5.1278
-1.90104	1.17903	5.14292	5.1255
-1.91254	1.18166	5.14259	5.12419
-1.91024	1.17049	5.14127	5.12452
-1.89973	1.1718	5.14095	5.12583
-1.91057	1.15669	5.14193	5.12682
-1.91254	1.15997	5.14226	5.12813
-1.90367	1.16622	5.14193	5.12715
-1.90269	1.16851	5.14292	5.12485
-1.9086	1.15669	5.14357	5.12419
-1.90893	1.16753	5.14292	5.1255
-1.91189	1.1557	5.14127	5.12715
-1.904	1.16194	5.14127	5.12682
-1.90729	1.15669	5.14325	5.12452
-1.90959	1.15964	5.1439	5.1232
-1.90992	1.15406	5.1416	5.12419
-1.9178	1.14387	5.14193	5.1255
-1.92371	1.14552	5.14127	5.12616
-1.91846	1.15143	5.14193	5.12748
-1.9132	1.16424	5.14259	5.12748
-1.91123	1.1764	5.14489	5.12748
-1.90236	1.18888	5.14522	5.12649
-1.91123	1.17837	5.14555	5.1255
-1.90729	1.18724	5.14555	5.12583
-1.90663	1.19053	5.14357	5.12715
-1.90006	1.20071	5.14357	5.12715
-1.90466	1.18987	5.14456	5.12682
-1.89677	1.204	5.14522	5.12583
-1.88922	1.20925	5.14653	5.12485
-1.89086	1.20991	5.14719	5.1255
-1.8948	1.20235	5.14719	5.12616
-1.8948	1.19743	5.14587	5.12616
-1.89875	1.20301	5.14357	5.12649
-1.89185	1.204	5.14226	5.12419
-1.88856	1.19776	5.14325	5.1232
-1.89743	1.17509	5.14489	5.12419
-1.90039	1.16457	5.14555	5.1255
-1.91123	1.1557	5.1462	5.12583
-1.9063	1.16326	5.14719	5.12616
-1.90597	1.15964	5.14686	5.12616
-1.90992	1.15669	5.14653	5.12649
-1.90959	1.16523	5.14719	5.1255
-1.91616	1.15767	5.14752	5.12386
-1.92733	1.13895	5.14587	5.12386
-1.93094	1.14847	5.1439	5.12649
-1.93357	1.13895	5.14226	5.12715
-1.94178	1.1212	5.14127	5.1255
-1.92996	1.1212	5.14259	5.1255
-1.92503	1.1258	5.14522	5.12419
-1.93258	1.11332	5.14522	5.1255
-1.92437	1.11989	5.1439	5.1255
-1.91649	1.13172	5.14259	5.1232
-1.89579	1.16063	5.14292	5.12386
-1.89217	1.16326	5.1416	5.12616
-1.88987	1.16556	5.14226	5.12682
-1.88955	1.17607	5.1439	5.1255
-1.89119	1.16851	5.14325	5.1255
-1.87903	1.1787	5.14226	5.12748
-1.87148	1.18626	5.14095	5.12977
-1.85308	1.20498	5.14127	5.13076
-1.84322	1.20367	5.1416	5.12912
-1.84454	1.20104	5.14259	5.12583
-1.83632	1.22174	5.1439	5.12353
-1.82877	1.22305	5.14325	5.12222
-1.81957	1.23094	5.14325	5.12222
-1.80774	1.23192	5.14226	5.12189
-1.79558	1.23718	5.14127	5.12353
-1.80215	1.23028	5.14029	5.1255
-1.78638	1.24474	5.1416	5.12649
-1.77784	1.25065	5.14522	5.12485
-1.79493	1.24211	5.14785	5.12353
-1.78343	1.25295	5.14653	5.12583
-1.78211	1.27693	5.14357	5.1278
-1.78244	1.27858	5.1416	5.12912
-1.77226	1.28022	5.14292	5.12879
-1.7647	1.27595	5.14456	5.12682
-1.76569	1.27168	5.1439	5.12616
-1.7624	1.27529	5.14095	5.1255
-1.77061	1.27661	5.14259	5.12583
-1.76339	1.28416	5.14325	5.1278
-1.76437	1.29697	5.14489	5.12846
-1.75813	1.295	5.14555	5.12748
-1.76864	1.27069	5.14686	5.12682
-1.76503	1.26971	5.1462	5.12419
-1.77653	1.26281	5.1439	5.12419
-1.78014	1.25032	5.14259	5.12583
-1.79591	1.23521	5.14193	5.12748
-1.79755	1.25098	5.14325	5.12748
-1.79821	1.25854	5.14456	5.12649
-1.8038	1.25196	5.14587	5.12386
-1.79953	1.24277	5.14555	5.1232
-1.80084	1.24934	5.14423	5.12485
-1.80905	1.24802	5.14292	5.12682
-1.81891	1.25722	5.14292	5.12682
-1.82449	1.24145	5.14292	5.12583
-1.81004	1.25361	5.14193	5.12386
-1.82614	1.24704	5.14062	5.12255
-1.82942	1.24736	5.14095	5.12353
-1.82778	1.24375	5.14127	5.12518
-1.83665	1.24474	5.14127	5.12485
-1.83829	1.23554	5.14193	5.12452
-1.83369	1.23685	5.14226	5.1232
-1.82712	1.25196	5.14259	5.12353
-1.83665	1.23948	5.1416	5.1255
-1.83797	1.23817	5.14259	5.12616
-1.84289	1.24375	5.14357	5.1278
-1.83369	1.25328	5.14259	5.12748
-1.83632	1.24178	5.1416	5.12518
-1.82877	1.24999	5.14259	5.12485
-1.83698	1.23554	5.14423	5.12452
-1.83041	1.23225	5.14357	5.12452
-1.83928	1.227	5.14193	5.12518
-1.84815	1.21353	5.14193	5.12649
-1.84749	1.21123	5.14193	5.1278
-1.84815	1.21747	5.14423	5.12912
-1.85045	1.2086	5.14719	5.12879
-1.85176	1.20367	5.1462	5.12682
-1.85932	1.18888	5.14423	5.12518
-1.86195	1.18396	5.14127	5.12583
-1.86129	1.17114	5.14226	5.12682
-1.86983	1.16523	5.1439	5.12715
-1.88265	1.16917	5.14522	5.12616
-1.88692	1.16884	5.14423	5.12485
-1.88987	1.17771	5.14522	5.12386
-1.89677	1.16786	5.14522	5.12419
-1.90072	1.15964	5.14522	5.12518
-1.90827	1.14552	5.14555	5.12682
-1.90367	1.15274	5.14489	5.12583
-1.90039	1.15997	5.14653	5.12616
-1.89809	1.16457	5.14883	5.12583
-1.9063	1.15504	5.14785	5.12649
-1.89579	1.16654	5.14686	5.12649
-1.89645	1.17574	5.14522	5.12682
-1.90072	1.16556	5.14587	5.12649
-1.91649	1.15077	5.14555	5.12649
-1.92371	1.13993	5.14489	5.12583
-1.93324	1.13139	5.14456	5.12649
-1.94014	1.12843	5.14489	5.12813
-1.94146	1.11792	5.14292	5.1301
-1.94343	1.12186	5.14325	5.12846
-1.94146	1.13599	5.14325	5.12682
-1.9454	1.1258	5.14226	5.12616
-1.94573	1.12975	5.14095	5.12715
-1.94376	1.135	5.14127	5.12649
-1.95098	1.12613	5.1439	5.12748
-1.96182	1.10478	5.14522	5.12748
-1.96741	1.10084	5.14489	5.12945
-1.97201	1.08934	5.14226	5.1301
-1.98088	1.07028	5.13766	5.12846
-1.97759	1.08737	5.13733	5.12879
-1.97497	1.08572	5.14029	5.1278
-1.97989	1.07521	5.14292	5.12616
-1.97891	1.07521	5.14357	5.1255
-1.97135	1.08769	5.14259	5.12649
-1.97595	1.07882	5.1416	5.12879
-1.97989	1.07948	5.14127	5.1301
-1.98154	1.08211	5.14259	5.12977
-1.98022	1.08244	5.1439	5.12813
-1.98285	1.06995	5.14423	5.12583
-1.98022	1.06305	5.14193	5.12583
-1.97332	1.05944	5.14226	5.12616
-1.96905	1.05911	5.14259	5.12879
-1.973	1.05911	5.1439	5.12912
-1.96051	1.07619	5.14489	5.1278
-1.9523	1.08178	5.14456	5.12616
-1.95197	1.08342	5.1439	5.1255
-1.94803	1.10511	5.14357	5.12583
-1.94113	1.1235	5.14292	5.1255
-1.927	1.12778	5.14226	5.12452
-1.91879	1.13468	5.14193	5.12616
-1.9178	1.14157	5.14325	5.12616
-1.91583	1.14157	5.14555	5.12485
-1.89152	1.15866	5.14489	5.12419
-1.88987	1.16326	5.14423	5.12452
-1.89546	1.17246	5.14357	5.1232
-1.89349	1.17509	5.14555	5.1232
-1.88659	1.17574	5.1462	5.12518
-1.88823	1.181	5.14752	5.12583
-1.87082	1.2017	5.14522	5.12583
-1.85866	1.21385	5.14357	5.12616
-1.85833	1.22141	5.14127	5.1255
-1.87148	1.20728	5.14095	5.12452
-1.87246	1.20991	5.14292	5.12419
-1.86983	1.22502	5.14292	5.12288
-1.86556	1.23554	5.14259	5.12222
-1.85406	1.25098	5.14226	5.12222
-1.85045	1.25656	5.14193	5.12386
-1.83008	1.28679	5.14259	5.12616
-1.81957	1.28942	5.14325	5.12682
-1.81037	1.29599	5.14226	5.12583
-1.80643	1.30387	5.14259	5.1255
-1.79295	1.29796	5.1439	5.12649
-1.7877	1.31176	5.14456	5.12649
-1.78671	1.31504	5.14259	5.12649
-1.79	1.3157	5.14062	5.12616
-1.79131	1.31012	5.14095	5.12386
-1.79788	1.31209	5.1416	5.1232
-1.80544	1.29993	5.14226	5.12386
-1.81201	1.30256	5.14292	5.12485
-1.80511	1.3065	5.14357	5.12649
-1.80478	1.31767	5.14193	5.12748
-1.81365	1.31242	5.14062	5.1278
-1.8015	1.31504	5.14095	5.12846
-1.78803	1.32654	5.14193	5.12813
-1.77948	1.33476	5.14259	5.12846
-1.78967	1.31997	5.14259	5.12846
-1.79066	1.31767	5.14325	5.12649
-1.78803	1.31504	5.14095	5.12518
-1.77521	1.31636	5.13996	5.12616
-1.78244	1.31373	5.14029	5.12682
-1.78704	1.31242	5.1416	5.12846
-1.78573	1.32129	5.14226	5.12846
-1.78408	1.32424	5.14292	5.12748
-1.77193	1.32654	5.14259	5.12715
-1.77127	1.33377	5.14292	5.12715
-1.77193	1.34494	5.14423	5.12649
-1.77259	1.33936	5.14456	5.12452
-1.7509	1.3525	5.14456	5.12288
-1.7463	1.36137	5.14489	5.12222
-1.74269	1.36071	5.14325	5.12419
-1.73513	1.37155	5.14226	5.12518
-1.7279	1.37714	5.14029	5.12419
-1.71706	1.38897	5.14127	5.12485
-1.72232	1.39127	5.14325	5.12649
-1.71148	1.39357	5.14555	5.12715
-1.70688	1.39389	5.14587	5.12649
-1.69406	1.38634	5.14522	5.12452
-1.69472	1.38864	5.14357	5.12452
-1.70458	1.37812	5.14226	5.12649
-1.71411	1.37517	5.14292	5.12682
-1.70359	1.3663	5.14587	5.12452
-1.70392	1.35907	5.14752	5.12485
-1.72133	1.34921	5.14587	5.1255
-1.71706	1.36334	5.14357	5.12518
-1.72002	1.35677	5.14226	5.1255
-1.71542	1.3663	5.1439	5.1255
-1.72462	1.36498	5.14259	5.12583
-1.7256	1.36761	5.14193	5.12682
-1.73086	1.36137	5.14226	5.12715
-1.72692	1.35743	5.14226	5.12715
-1.72758	1.3571	5.14226	5.1278
-1.72856	1.35644	5.14325	5.12649
-1.7279	1.36433	5.14357	5.12485
-1.73513	1.35283	5.14127	5.12518
-1.74039	1.34396	5.14062	5.12715
-1.75222	1.33903	5.1416	5.12813
-1.76569	1.32983	5.14292	5.12813
-1.78244	1.30716	5.14226	5.12649
-1.78507	1.30913	5.14193	5.12583
-1.79525	1.30289	5.14029	5.12715
-1.80445	1.3042	5.1393	5.12813
-1.8107	1.30519	5.14029	5.12682
-1.82022	1.28219	5.14292	5.12518
-1.83632	1.26642	5.14456	5.12419
-1.84224	1.26609	5.14555	5.1255
-1.84815	1.25196	5.14489	5.12715
-1.86326	1.25525	5.14522	5.12813
-1.88002	1.24145	5.14555	5.12715
-1.88823	1.22634	5.14587	5.12649
-1.89086	1.22042	5.14423	5.12419
-1.90433	1.20663	5.14325	5.12452
-1.90302	1.20991	5.14226	5.12715
-1.91517	1.2017	5.14259	5.12879
-1.91977	1.18724	5.14423	5.12846
-1.91977	1.19053	5.14489	5.12682
-1.91353	1.18823	5.14587	5.12419
-1.91911	1.18396	5.1462	5.12353
-1.92207	1.18363	5.14587	5.12419
-1.91254	1.1948	5.14423	5.12419
-1.9132	1.18593	5.14292	5.12452
-1.90564	1.19546	5.14456	5.12485
-1.90269	1.2017	5.1462	5.1255
-1.90039	1.19381	5.14489	5.12518
-1.9109	1.18363	5.14325	5.12353
-1.91419	1.18231	5.14259	5.12419
-1.89776	1.2017	5.14292	5.12748
-1.89677	1.19611	5.14357	5.1278
-1.90269	1.19151	5.14423	5.12715
-1.89513	1.20827	5.14456	5.12682
-1.8856	1.21977	5.14456	5.1255
-1.88429	1.21944	5.14456	5.1255
-1.86655	1.23258	5.14292	5.12616
-1.86556	1.23455	5.14095	5.12616
-1.87279	1.23094	5.13963	5.12715
-1.86819	1.23554	5.14127	5.12879
-1.86096	1.23948	5.14292	5.12748
-1.85341	1.23488	5.1439	5.12649
-1.84585	1.23094	5.14193	5.12682
-1.84782	1.23061	5.14193	5.12715
-1.85439	1.2247	5.1439	5.12583
-1.84519	1.23849	5.14423	5.12682
-1.83829	1.24441	5.1439	5.12748
-1.83369	1.23619	5.14259	5.12682
-1.83632	1.23422	5.14193	5.12583
-1.83369	1.22272	5.14259	5.12386
-1.82285	1.22437	5.14325	5.12189
-1.82844	1.22732	5.14325	5.12353
-1.83271	1.23882	5.1416	5.12583
-1.83139	1.22667	5.14062	5.12715
-1.84256	1.21911	5.1416	5.12583
-1.84158	1.21451	5.14357	5.12715
-1.84421	1.21188	5.14522	5.12945
-1.84256	1.21353	5.14489	5.12879
-1.84026	1.21418	5.14357	5.1255
-1.83501	1.21648	5.14325	5.12419
-1.83698	1.2155	5.14522	5.12452
-1.84092	1.21681	5.14719	5.12353
-1.83961	1.2132	5.14817	5.1232
-1.83731	1.20597	5.14587	5.1232
-1.84716	1.21123	5.14259	5.12353
-1.84486	1.20597	5.14062	5.12386
-1.84486	1.20695	5.13996	5.12419
-1.83435	1.2155	5.14029	5.12419
-1.84322	1.21878	5.14226	5.1255
-1.83928	1.22437	5.14292	5.12452
-1.82909	1.23981	5.14325	5.12419
-1.82581	1.24309	5.14127	5.12485
-1.83862	1.23554	5.13996	5.12518
-1.84355	1.23554	5.1416	5.12583
-1.84749	1.23784	5.14226	5.1255
-1.84092	1.23291	5.14423	5.12518
-1.84454	1.23061	5.14489	5.12353
-1.85275	1.22864	5.14292	5.12288
-1.84946	1.22995	5.14127	5.12386
-1.84421	1.23718	5.14095	5.12583
-1.85045	1.23061	5.14259	5.12715
-1.84191	1.24605	5.14489	5.12616
-1.84881	1.23192	5.1462	5.1232
-1.84914	1.22897	5.14587	5.12353
-1.84618	1.23192	5.14522	5.12452
-1.83698	1.24704	5.1439	5.1255
-1.81595	1.25295	5.14259	5.12616
-1.80051	1.26281	5.1416	5.12583
-1.78901	1.26806	5.14456	5.1255
-1.77883	1.28088	5.14522	5.12583
-1.76799	1.2927	5.14325	5.12583
-1.76306	1.28745	5.14029	5.1255
-1.75484	1.29172	5.13766	5.12485
-1.75123	1.29796	5.14029	5.12353
-1.75977	1.28613	5.14357	5.12353
-1.74959	1.29993	5.14555	5.12288
-1.73283	1.31274	5.14653	5.12288
-1.71936	1.32851	5.14653	5.12353
-1.7164	1.32753	5.14489	5.12485
-1.71805	1.32162	5.14357	5.12485
-1.71673	1.32917	5.14292	5.12518
-1.72298	1.33311	5.14292	5.12616
-1.70392	1.35086	5.1439	5.12452
-1.70392	1.35808	5.14587	5.12189
-1.69669	1.3663	5.14555	5.12123
-1.69374	1.38798	5.14423	5.12288
-1.69439	1.37977	5.14259	5.1255
-1.69571	1.38404	5.1416	5.12649
-1.70162	1.38174	5.1416	5.12616
-1.71181	1.37353	5.14062	5.12616
-1.7233	1.37911	5.14259	5.12583
-1.72922	1.37188	5.14325	5.12452
-1.72265	1.37155	5.14292	5.12419
-1.72988	1.3617	5.14127	5.12518
-1.72692	1.36991	5.14193	5.12583
-1.7348	1.36827	5.14292	5.12452
-1.74039	1.3617	5.14292	5.12189
-1.75583	1.35118	5.14292	5.12288
-1.77423	1.33081	5.14292	5.12452
-1.78211	1.33213	5.14226	5.12649
-1.81168	1.32326	5.14259	5.12682
-1.82154	1.31044	5.14522	5.12583
-1.82909	1.3157	5.14785	5.12255
-1.84092	1.29566	5.14785	5.12058
-1.85472	1.27792	5.14587	5.1209
-1.85735	1.27562	5.14226	5.12353
-1.86556	1.26149	5.14226	5.1255
-1.87838	1.25459	5.14292	5.1278
-1.89217	1.24441	5.14193	5.12715
-1.89119	1.24441	5.14259	5.12616
-1.90893	1.22437	5.1439	5.1255
-1.91419	1.21451	5.14456	5.12452
-1.91879	1.20893	5.14456	5.12419
-1.91813	1.20268	5.1439	5.12485
-1.90499	1.2201	5.1439	5.1255
-1.9017	1.2247	5.14456	5.12616
-1.91419	1.20695	5.14456	5.12649
-1.90827	1.20794	5.1439	5.12682
-1.91287	1.20071	5.1439	5.12748
-1.91353	1.204	5.14259	5.1278
-1.91254	1.21024	5.14095	5.12616
-1.91616	1.20465	5.1416	5.12649
-1.91813	1.19841	5.14292	5.12715
-1.92503	1.18199	5.14357	5.1255
-1.9178	1.18658	5.14423	5.12485
-1.91517	1.18428	5.14489	5.12452
-1.91484	1.17607	5.14555	5.12518
-1.9109	1.17739	5.14555	5.12813
-1.91386	1.15045	5.14423	5.12945
-1.9178	1.15373	5.14095	5.12846
-1.91977	1.14782	5.14095	5.12682
-1.92897	1.13697	5.14193	5.12583
-1.92503	1.14585	5.1416	5.12518
-1.92437	1.13566	5.14226	5.12682
-1.92141	1.1281	5.14357	5.12715
-1.93029	1.11529	5.14456	5.12715
-1.93916	1.10445	5.1439	5.12616
-1.92831	1.10149	5.14292	5.12518
-1.92601	1.10872	5.1439	5.12288
-1.92963	1.09886	5.14325	5.12255
-1.92601	1.10806	5.14226	5.12353
-1.93061	1.10379	5.14226	5.12419
-1.93587	1.09624	5.14226	5.12518
-1.95098	1.08211	5.14226	5.12255
-1.95164	1.07948	5.14292	5.12189
-1.95755	1.08704	5.1439	5.12419
-1.96215	1.08539	5.14193	5.12616
-1.96084	1.09164	5.1416	5.1278
-1.9615	1.09919	5.14127	5.12879
-1.97398	1.08474	5.1416	5.12748
-1.96807	1.08309	5.14292	5.12485
-1.96347	1.09295	5.14259	5.12386
-1.96248	1.09492	5.1416	5.12386
-1.96971	1.09426	5.1416	5.12419
-1.97398	1.09755	5.14095	5.12583
-1.97924	1.09591	5.14095	5.12485
-1.98482	1.09525	5.1416	5.12419
-1.98679	1.10215	5.14259	5.12485
-1.98417	1.10379	5.14292	5.1255
-1.98909	1.08572	5.1439	5.1255
-1.99895	1.07291	5.14292	5.12518
-2.00552	1.0693	5.1439	5.12452
-2.01176	1.06995	5.14489	5.12419
-2.00684	1.06371	5.1439	5.12649
-2.00749	1.06601	5.14226	5.1278
-2.01341	1.06272	5.14095	5.12748
-2.01242	1.06864	5.14095	5.12485
-2.01538	1.05353	5.14062	5.12386
-2.01406	1.05944	5.14193	5.12452
-2.01768	1.04334	5.1439	5.12649
-2.01768	1.04104	5.14489	5.12649
-2.01538	1.03776	5.14587	5.12583
-2.02326	1.0325	5.14555	5.12583
-2.01768	1.03841	5.14587	5.12485
-2.01406	1.03611	5.14357	5.1255
-2.01111	1.044	5.13996	5.12583
-2.01045	1.05451	5.14029	5.12616
-2.00848	1.06042	5.14357	5.12583
-1.99534	1.08309	5.14653	5.12353
-1.99139	1.08277	5.14555	5.12255
-1.97957	1.09722	5.14226	5.12386
-1.97825	1.09722	5.14095	5.12386
-1.96642	1.11102	5.14259	5.12419
-1.9523	1.11562	5.14423	5.1255
-1.95197	1.11562	5.14423	5.12485
-1.94573	1.11989	5.14423	5.1232
-1.93258	1.13435	5.14423	5.12518
-1.92076	1.13862	5.14423	5.12649
-1.90827	1.14913	5.14456	5.12682
-1.9086	1.14847	5.1439	5.12682
-1.91123	1.14749	5.14489	5.12583
-1.91419	1.15176	5.14686	5.12682
-1.90236	1.16819	5.14522	5.12748
-1.90433	1.16884	5.1416	5.12748
-1.90302	1.1741	5.14029	5.12649
-1.89185	1.18001	5.14226	5.12715
-1.88265	1.1833	5.14325	5.12682
-1.8764	1.1879	5.14259	5.12583
-1.88002	1.1902	5.14193	5.12518
-1.87016	1.20925	5.14292	5.12518
-1.86885	1.2155	5.14522	5.12386
-1.86721	1.22141	5.14587	5.12485
-1.87345	1.21977	5.14587	5.1255
-1.87476	1.2178	5.14357	5.12682
-1.87903	1.21221	5.1416	5.12616
-1.8787	1.21714	5.14029	5.12485
-1.88429	1.21648	5.1416	5.12452
-1.87805	1.2224	5.1416	5.12518
-1.86293	1.23948	5.14062	5.12616
-1.87312	1.2178	5.14127	5.12649
-1.86622	1.22502	5.14423	5.12583
-1.86162	1.22075	5.14489	5.12452
-1.85636	1.23521	5.14357	5.12288
-1.85965	1.23488	5.14193	5.1232
-1.85932	1.24375	5.13963	5.12419
-1.85373	1.25558	5.13865	5.12715
-1.85176	1.25328	5.1393	5.12912
-1.84519	1.25558	5.14193	5.12813
-1.84848	1.25985	5.14456	5.12649
-1.84388	1.26445	5.14489	5.12583
-1.85505	1.25821	5.14193	5.12616
-1.85801	1.25032	5.14127	5.12813
-1.86129	1.25065	5.14095	5.12912
-1.8741	1.23784	5.1439	5.12682
-1.86885	1.25361	5.14587	5.12583
-1.86852	1.25065	5.14653	5.12485
-1.86392	1.24802	5.14522	5.12485
-1.86392	1.25656	5.14489	5.12419
-1.86326	1.24638	5.14325	5.12386
-1.85833	1.25361	5.14325	5.1255
-1.84749	1.26149	5.14292	5.12945
-1.83402	1.27595	5.14456	5.1301
-1.82318	1.2812	5.14456	5.12715
-1.82614	1.27233	5.14259	5.12649
-1.82482	1.27792	5.14095	5.12682
-1.82351	1.27036	5.14226	5.12846
-1.81464	1.27266	5.14456	5.1278
-1.81792	1.26708	5.1462	5.12616
-1.81858	1.26445	5.1462	5.12485
-1.82154	1.26248	5.14653	5.12452
-1.84125	1.24638	5.14587	5.12452
-1.85078	1.24507	5.14259	5.12518
-1.84421	1.24572	5.14029	5.12715
-1.83895	1.25164	5.14029	5.1255
-1.83041	1.25262	5.14226	5.12583
-1.82417	1.25164	5.1439	5.12583
-1.83665	1.23817	5.14423	5.1232
-1.82877	1.23521	5.14456	5.1232
-1.83829	1.23685	5.14423	5.12419
-1.82844	1.24047	5.14357	5.12649
-1.82909	1.23159	5.14259	5.12616
-1.82417	1.22897	5.14357	5.12616
-1.83468	1.22634	5.14456	5.12616
-1.82909	1.23488	5.14522	5.12485
-1.83829	1.22404	5.14587	5.12353
-1.83567	1.22437	5.14456	5.12419
-1.82055	1.23061	5.14292	5.1255
-1.81858	1.22995	5.14325	5.12583
-1.81497	1.24309	5.14423	5.12485
-1.81957	1.24145	5.14522	5.12353
-1.82745	1.24277	5.14555	5.12353
-1.83139	1.24474	5.14456	5.12353
-1.83369	1.23554	5.14456	5.12518
-1.82679	1.23619	5.1439	5.12813
-1.84322	1.21221	5.1439	5.12846
-1.85636	1.20695	5.1439	5.12748
-1.86162	1.19578	5.1439	5.12616
-1.85899	1.20498	5.14423	5.12616
-1.85669	1.21057	5.14292	5.12682
-1.85439	1.21254	5.1393	5.12616
-1.86721	1.20925	5.13733	5.12616
-1.88199	1.19743	5.13865	5.12649
-1.88659	1.19874	5.14226	5.1255
-1.89612	1.19053	5.14423	5.12485
-1.8902	1.1994	5.14555	5.12518
-1.89842	1.20433	5.14522	5.12452
-1.90794	1.19217	5.14423	5.12518
-1.91123	1.17936	5.1439	5.12616
-1.91222	1.17673	5.14292	5.12583
-1.90926	1.181	5.14456	5.12616
-1.9063	1.18527	5.14719	5.12583
-1.90564	1.18034	5.14587	5.12518
-1.90729	1.17936	5.14292	5.12583
-1.90532	1.17541	5.14095	5.12813
-1.9063	1.16753	5.1416	5.12912
-1.90236	1.1649	5.14325	5.1278
-1.91057	1.1603	5.14456	5.12583
-1.90499	1.17377	5.1439	5.12518
-1.91024	1.15636	5.14292	5.12583
-1.91911	1.15669	5.14226	5.12813
-1.91747	1.14223	5.1416	5.12879
-1.92536	1.13008	5.14357	5.12912
-1.91879	1.12843	5.14653	5.12813
-1.9178	1.13862	5.14719	5.12518
-1.9178	1.13566	5.14555	5.12222
-1.92339	1.13238	5.14259	5.12058
-1.92404	1.13336	5.14095	5.1232
-1.91911	1.12975	5.14127	5.1255
-1.91254	1.13336	5.1439	5.12485
-1.9017	1.1557	5.14653	5.1232
-1.90104	1.1626	5.1462	5.12255
-1.91156	1.14749	5.14357	5.12255
-1.90532	1.14519	5.1439	5.12419
-1.89875	1.15274	5.14456	5.12616
-1.89875	1.14815	5.1439	5.1255
-1.90236	1.15077	5.14456	5.12583
-1.89283	1.1603	5.14522	5.12583
-1.88757	1.15734	5.14555	5.12419
-1.88692	1.15997	5.14423	5.12386
-1.89053	1.16227	5.14259	5.1232
-1.89415	1.1626	5.14226	5.12452
-1.89382	1.17114	5.14292	5.12649
-1.87805	1.18297	5.14259	5.12846
-1.87246	1.18363	5.14292	5.12879
-1.86918	1.18626	5.14357	5.12616
-1.87608	1.19348	5.14325	5.12518
-1.87246	1.20433	5.14226	5.12518
-1.86655	1.20695	5.14095	5.12616
-1.87115	1.22568	5.14127	5.12616
-1.87148	1.22864	5.14357	5.12649
-1.8787	1.22732	5.14489	5.1255
-1.87936	1.23455	5.1439	5.12485
-1.88363	1.23455	5.14292	5.12452
-1.88363	1.22371	5.14292	5.12485
-1.88922	1.21582	5.14423	5.12715
-1.88889	1.22272	5.1439	5.12945
-1.88922	1.23028	5.14193	5.12977
-1.88265	1.2293	5.14259	5.12977
-1.87805	1.22897	5.14325	5.12715
-1.88889	1.21845	5.1416	5.12649
-1.8971	1.20498	5.1416	5.12682
-1.8994	1.19546	5.1416	5.12649
-1.90367	1.19086	5.14325	5.12682
-1.90926	1.19447	5.14555	5.12616
-1.9017	1.20038	5.14489	5.1232
-1.89612	1.1994	5.14325	5.12222
-1.89546	1.204	5.1416	5.12353
-1.88692	1.21155	5.14226	5.12485
-1.88298	1.22371	5.14095	5.12583
-1.881	1.23028	5.14226	5.12682
-1.87608	1.23817	5.14555	5.12485
-1.87443	1.23324	5.14653	5.12353
-1.86326	1.22765	5.14522	5.12288
-1.84486	1.23225	5.14259	5.12419
-1.84946	1.22798	5.14259	5.12583
-1.85669	1.2224	5.1439	5.12616
-1.85833	1.21648	5.14555	5.12452
-1.8718	1.20827	5.14587	5.1255
-1.87838	1.1971	5.14587	5.12682
-1.86261	1.2109	5.14325	5.1255
-1.86326	1.21221	5.1416	5.12682
-1.85636	1.21977	5.14029	5.12813
-1.86458	1.20597	5.14193	5.12813
-1.86195	1.21024	5.14522	5.1255
-1.86425	1.21123	5.14719	5.12419
-1.87608	1.19611	5.14522	5.12518
-1.85801	1.21221	5.14325	5.12518
-1.86523	1.20893	5.1439	5.12485
-1.86261	1.21024	5.1439	5.12518
-1.86819	1.20005	5.14423	5.12485
-1.8695	1.20564	5.14456	5.12452
-1.86293	1.19874	5.14456	5.12485
-1.86162	1.19644	5.14423	5.12419
-1.85801	1.1971	5.14357	5.12255
-1.85899	1.19841	5.14292	5.12222
-1.86425	1.19316	5.14423	5.12353
-1.85899	1.19874	5.14555	5.12419
-1.85439	1.20761	5.14489	5.12452
-1.85373	1.20433	5.14489	5.12583
-1.85275	1.20367	5.14325	5.12583
-1.86129	1.19118	5.14226	5.12715
-1.87213	1.1741	5.14095	5.12879
-1.88002	1.15997	5.14127	5.12977
-1.88757	1.15472	5.14325	5.12945
-1.89447	1.15472	5.1462	5.12879
-1.90039	1.14387	5.1462	5.12682
-1.89677	1.15439	5.14292	5.12682
-1.89349	1.15472	5.14193	5.12518
-1.88757	1.17081	5.14259	5.12485
-1.8925	1.17246	5.14357	5.12485
-1.90137	1.15734	5.14456	5.12452
-1.89283	1.1672	5.14587	5.12353
-1.87772	1.1764	5.14686	5.12452
-1.8787	1.18757	5.14555	5.12419
-1.87016	1.19086	5.14357	5.12518
-1.8741	1.18199	5.14292	5.12616
-1.87476	1.19447	5.1439	5.12715
-1.87542	1.204	5.14456	5.12682
-1.87805	1.19677	5.14489	5.12813
-1.87443	1.20465	5.14555	5.12715
-1.87148	1.21353	5.14587	5.12419
-1.87148	1.2109	5.14522	5.1232
-1.86425	1.22437	5.14292	5.12189
-1.86063	1.21812	5.14292	5.12386
-1.86261	1.21845	5.1439	5.1255
-1.84979	1.20893	5.14587	5.12616
-1.85669	1.19316	5.1439	5.12682
-1.85308	1.21812	5.14193	5.12682
-1.85275	1.21845	5.14292	5.12583
-1.87016	1.20761	5.14522	5.12682
-1.87148	1.19283	5.14555	5.12813
-1.86983	1.1925	5.14423	5.12715
-1.87115	1.19217	5.1416	5.12715
-1.85801	1.20038	5.14127	5.12682
-1.86983	1.18001	5.14127	5.12583
-1.86688	1.17213	5.14226	5.1255
-1.87575	1.17081	5.1416	5.12616
-1.87739	1.18199	5.14292	5.12649
-1.86589	1.18888	5.1439	5.12682
-1.86228	1.18954	5.14456	5.1278
-1.85341	1.19907	5.14456	5.1278
-1.85801	1.19776	5.1439	5.12682
-1.8695	1.17903	5.14325	5.12715
-1.87509	1.17279	5.14226	5.12682
-1.87575	1.17016	5.14226	5.12649
-1.8856	1.16556	5.14423	5.12616
-1.88166	1.16654	5.14785	5.12715
-1.89152	1.15307	5.14785	5.12748
-1.89875	1.14355	5.14587	5.1278
-1.89349	1.14486	5.14259	5.12649
-1.88265	1.15012	5.14193	5.12748
-1.8902	1.14519	5.14226	5.12682
-1.8994	1.13895	5.14357	5.12485
-1.90532	1.14322	5.14292	5.12255
-1.90269	1.15242	5.14325	5.12255
-1.90104	1.14617	5.14226	5.12485
-1.90104	1.14387	5.14062	5.12682
-1.89546	1.15767	5.14095	5.12846
-1.90072	1.14847	5.14127	5.12715
-1.90597	1.14289	5.14259	5.12616
-1.90334	1.14355	5.14456	5.12616
-1.91222	1.14256	5.14587	5.12616
-1.92799	1.13796	5.14752	5.12682
-1.92864	1.1304	5.14423	5.12616
-1.93554	1.11661	5.1416	5.12616
-1.93981	1.10839	5.14029	5.12649
-1.94474	1.11102	5.13963	5.12682
-1.95558	1.09328	5.13897	5.12813
-1.95394	1.09952	5.13963	5.12846
-1.94606	1.10642	5.1416	5.12649
-1.95427	1.10511	5.14259	5.12485
-1.9477	1.11891	5.1439	5.12419
-1.96084	1.10281	5.14522	5.12452
-1.95788	1.09295	5.14456	5.1255
-1.95887	1.09328	5.14456	5.12649
-1.96445	1.07882	5.14325	5.12715
-1.96182	1.08342	5.1416	5.12977
-1.96642	1.08309	5.14226	5.1301
-1.97398	1.07685	5.14259	5.12682
-1.97135	1.07357	5.14259	5.12616
-1.98384	1.05977	5.1439	5.12682
-1.98482	1.05155	5.14325	5.1278
-1.98515	1.05123	5.14127	5.12649
-1.96774	1.06798	5.14095	5.12583
-1.96347	1.08375	5.14193	5.12616
-1.96642	1.08145	5.14292	5.12846
-1.96577	1.07455	5.14325	5.12715
-1.96938	1.08145	5.14489	5.12485
-1.97497	1.07981	5.14555	5.12353
-1.98614	1.06798	5.14456	5.12452
-1.98778	1.07028	5.14127	5.12518
-1.98548	1.06338	5.13963	5.1255
-1.97234	1.08277	5.14095	5.12353
-1.97365	1.07258	5.14325	5.1232
-1.97497	1.07554	5.1416	5.12518
-1.97661	1.07422	5.14062	5.1278
-1.97267	1.08671	5.14029	5.12748
-1.96708	1.07718	5.14127	5.12583
-1.95591	1.09722	5.14423	5.1255
-1.95755	1.09656	5.1439	5.1255
-1.95295	1.09919	5.1416	5.12583
-1.9477	1.10938	5.14095	5.12485
-1.95131	1.10839	5.14127	5.12288
-1.94835	1.10708	5.14259	5.12288
-1.95131	1.10642	5.1439	5.1232
-1.96412	1.10084	5.1439	5.12583
-1.96051	1.10478	5.14423	5.12682
-1.9638	1.10412	5.14456	5.12583
-1.96412	1.11135	5.14325	5.12452
-1.95723	1.12153	5.14193	5.1255
-1.95558	1.11529	5.1416	5.1278
-1.9477	1.1442	5.14127	5.12813
-1.94474	1.15045	5.14259	5.12682
-1.93916	1.15997	5.14259	5.1255
-1.93488	1.16227	5.1416	5.12353
-1.93488	1.15209	5.14226	5.12255
-1.93686	1.15439	5.14226	5.12189
-1.92306	1.16654	5.1393	5.12288
-1.91353	1.1718	5.13832	5.12386
-1.90433	1.1833	5.1393	5.12353
-1.89842	1.19677	5.14226	5.12288
-1.88757	1.204	5.14423	5.12485
-1.87706	1.20893	5.14456	5.1255
-1.87476	1.21123	5.14259	5.12682
-1.87575	1.19907	5.14062	5.12748
-1.86655	1.21451	5.14062	5.12879
-1.85636	1.22075	5.1416	5.12846
-1.85373	1.22502	5.14325	5.12813
-1.85439	1.21911	5.1439	5.12649
-1.84716	1.22962	5.14292	5.12682
-1.84388	1.24079	5.1416	5.12682
-1.84289	1.24441	5.1416	5.12583
-1.83435	1.24736	5.14325	5.12616
-1.83271	1.24901	5.1439	5.12682
-1.83468	1.24441	5.14489	5.12649
-1.84092	1.24145	5.1439	5.12649
-1.83961	1.24736	5.14423	5.12616
-1.83797	1.25689	5.14357	5.12452
-1.83764	1.25295	5.14259	5.1255
-1.83764	1.25689	5.14259	5.12715
-1.84158	1.25689	5.14555	5.12649
-1.83468	1.26708	5.14719	5.12485
-1.82712	1.26872	5.14719	5.1255
-1.83041	1.26313	5.14785	5.12616
-1.83632	1.25459	5.1462	5.12616
-1.82811	1.26708	5.14489	5.12616
-1.82318	1.28416	5.14357	5.1255
-1.83402	1.28515	5.14423	5.1255
-1.83534	1.2881	5.14456	5.1255
-1.83337	1.28416	5.14522	5.12485
-1.84026	1.27102	5.14522	5.12485
-1.84519	1.25426	5.14357	5.12419
-1.84322	1.25361	5.14292	5.12419
-1.83435	1.25558	5.14292	5.12419
-1.83632	1.26445	5.14325	5.1232
-1.84716	1.23159	5.14456	5.1232
-1.85702	1.22338	5.14489	5.12419
-1.86063	1.22765	5.14456	5.12583
-1.86556	1.21484	5.14456	5.12649
-1.8741	1.21155	5.14423	5.12682
-1.87706	1.21648	5.14357	5.1255
-1.88856	1.2109	5.14259	5.12485
-1.8787	1.21944	5.14259	5.12518
-1.88856	1.21944	5.14325	5.12616
-1.8971	1.20071	5.14259	5.12748
-1.89776	1.20137	5.14259	5.12682
-1.8994	1.19743	5.14357	5.12649
-1.8948	1.19644	5.14423	5.12682
-1.90794	1.18658	5.14423	5.12649
-1.90696	1.17246	5.14587	5.12386
-1.90762	1.17837	5.14555	5.12288
-1.90564	1.16753	5.14292	5.12386
-1.92306	1.14716	5.14062	5.12748
-1.92437	1.14223	5.13963	5.12977
-1.92864	1.14059	5.14127	5.12912
-1.93521	1.13435	5.14423	5.12682
-1.95197	1.12745	5.14456	5.1255
-1.95295	1.10609	5.14259	5.12452
-1.94474	1.11891	5.14127	5.12583
-1.93981	1.11693	5.13996	5.1278
-1.94737	1.10708	5.14029	5.12912
-1.94868	1.10543	5.14029	5.12748
-1.94343	1.11036	5.14029	5.12583
-1.94803	1.10905	5.1416	5.1255
-1.94868	1.12088	5.1416	5.12846
-1.95887	1.11168	5.1416	5.13273
-1.95328	1.11628	5.14226	5.13175
-1.95854	1.10511	5.14127	5.12813
-1.9684	1.09591	5.14062	5.12715
-1.96412	1.10511	5.14193	5.12452
-1.95788	1.10281	5.14357	5.12353
-1.95525	1.11069	5.14325	5.12616
-1.95328	1.10675	5.14226	5.12748
-1.95361	1.10839	5.14259	5.12748
-1.96905	1.08769	5.14325	5.12616
-1.96248	1.09196	5.14259	5.1255
-1.96347	1.09525	5.1416	5.12518
-1.96577	1.09722	5.14127	5.12616
-1.95854	1.09919	5.1416	5.12616
-1.96018	1.09558	5.1416	5.12485
-1.95624	1.09558	5.14259	5.12583
-1.96117	1.09394	5.14325	5.12616
-1.94803	1.10971	5.14423	5.1255
-1.94507	1.12186	5.14423	5.12485
-1.94211	1.13796	5.14292	5.12583
-1.94277	1.13205	5.14259	5.12649
-1.95033	1.12186	5.14226	5.12682
-1.9569	1.11562	5.14226	5.12813
-1.95525	1.11562	5.14193	5.1278
-1.9592	1.11398	5.1393	5.12715
-1.96117	1.11069	5.13996	5.12518
-1.95821	1.11168	5.14062	5.1255
-1.96051	1.11759	5.13963	5.12616
-1.95755	1.1258	5.14029	5.12616
-1.96544	1.11266	5.14292	5.12616
-1.97135	1.1235	5.14423	5.12616
-1.97234	1.11135	5.14423	5.12583
-1.96445	1.10872	5.14193	5.12583
-1.97037	1.09525	5.14029	5.12485
-1.96971	1.10051	5.13963	5.12353
-1.96084	1.09854	5.14062	5.12583
-1.9638	1.10248	5.14226	5.12879
-1.96544	1.09394	5.1439	5.12846
-1.96905	1.08441	5.14292	5.12616
-1.96182	1.10018	5.14357	5.12485
-1.9546	1.10905	5.14193	5.12419
-1.95624	1.10149	5.14193	5.12682
-1.95591	1.10675	5.14423	5.12945
-1.9615	1.10576	5.1462	5.1301
-1.95328	1.09952	5.14653	5.12715
-1.94835	1.10675	5.14686	5.1232
-1.9454	1.12318	5.14719	5.12123
-1.93587	1.13303	5.14587	5.12123
-1.9408	1.13665	5.14522	5.1232
-1.9316	1.14847	5.14292	5.12518
-1.91616	1.16654	5.14127	5.12583
-1.91287	1.17509	5.14193	5.12452
-1.91057	1.1902	5.14292	5.12518
-1.89973	1.19808	5.14357	5.12879
-1.89612	1.20334	5.14325	5.12846
-1.88527	1.21123	5.14456	5.12748
-1.88298	1.21484	5.14719	5.12682
-1.87838	1.22864	5.14785	5.12715
-1.86293	1.25262	5.1462	5.12616
-1.85571	1.26313	5.1439	5.12452
-1.85275	1.26609	5.14423	5.12419
-1.86425	1.25328	5.14555	5.12518
-1.86523	1.24999	5.14423	5.12715
-1.85866	1.25262	5.14292	5.12583
-1.84256	1.26839	5.14259	5.12616
-1.84946	1.27792	5.14423	5.1255
-1.84388	1.28679	5.14555	5.12485
-1.84651	1.27102	5.14686	5.12485
-1.84782	1.26313	5.14883	5.12583
-1.84486	1.26741	5.14785	5.12583
-1.85505	1.25886	5.14555	5.12616
-1.84421	1.26642	5.14325	5.12715
-1.85111	1.25558	5.1439	5.12616
-1.84191	1.26182	5.14456	5.12748
-1.82778	1.26478	5.14259	5.12748
-1.81201	1.29303	5.14062	5.12879
-1.79493	1.30387	5.14127	5.1278
-1.79953	1.30683	5.14357	5.12682
-1.80314	1.30815	5.14555	5.12682
-1.80215	1.30387	5.14686	5.12682
-1.80215	1.30256	5.14686	5.12583
-1.79953	1.31472	5.14555	5.12419
-1.80544	1.31176	5.14423	5.1255
-1.80643	1.31274	5.14423	5.12583
-1.8015	1.31603	5.14555	5.1278
-1.80117	1.31866	5.14653	5.12846
-1.81004	1.31734	5.14423	5.1278
-1.81431	1.31077	5.14292	5.12715
-1.81201	1.30913	5.14325	5.12682
-1.81595	1.29993	5.14489	5.1255
-1.82679	1.29862	5.14522	5.1232
-1.82482	1.30749	5.14522	5.12353
-1.8199	1.3019	5.14686	5.12452
-1.82154	1.29796	5.14752	5.1255
-1.81858	1.3065	5.14653	5.1255
-1.82055	1.31373	5.14423	5.12583
-1.81497	1.3111	5.1416	5.12616
-1.81201	1.30585	5.14029	5.12583
-1.82318	1.28909	5.14095	5.12452
-1.82614	1.28252	5.14127	5.1255
-1.83304	1.27956	5.14226	5.12616
-1.83862	1.27726	5.14259	5.12682
-1.84388	1.27266	5.14259	5.12682
-1.84125	1.27365	5.14456	5.12715
-1.84322	1.26609	5.14587	5.12813
-1.83961	1.27332	5.14522	5.12846
-1.84026	1.26806	5.14259	5.1278
-1.84815	1.26215	5.14193	5.12616
-1.84881	1.25985	5.14226	5.12452
-1.85308	1.26445	5.14357	5.12386
-1.84914	1.26478	5.14325	5.12353
-1.84388	1.26412	5.14292	5.12386
-1.85472	1.25985	5.14456	5.12255
-1.85932	1.25919	5.1462	5.12123
-1.85801	1.25328	5.14489	5.12058
-1.84651	1.26281	5.14193	5.12189
-1.84881	1.27398	5.13963	5.12255
-1.85735	1.27003	5.1416	5.12419
-1.84979	1.27628	5.1439	5.12583
-1.84684	1.28022	5.14489	5.12682
-1.84454	1.27398	5.14423	5.12649
-1.84716	1.27332	5.1439	5.12518
-1.84881	1.26215	5.14292	5.12682
-1.84815	1.25722	5.14292	5.1278
-1.85078	1.25854	5.14292	5.12682
-1.85176	1.26708	5.14456	5.12386
-1.85012	1.26773	5.14456	5.12156
-1.85406	1.26971	5.14423	5.12353
-1.85932	1.26215	5.14423	5.12518
-1.85111	1.26609	5.14292	5.12682
-1.85505	1.26018	5.14226	5.12748
-1.86359	1.24802	5.14226	5.12682
-1.86392	1.24901	5.14226	5.1255
-1.87345	1.23619	5.1439	5.1255
-1.88396	1.22075	5.14325	5.12682
-1.89546	1.21057	5.14062	5.1278
-1.90597	1.20038	5.13897	5.12748
-1.9109	1.18626	5.14226	5.12846
-1.91583	1.18461	5.14522	5.12846
-1.92634	1.17706	5.14653	5.12616
-1.92733	1.17673	5.14456	5.12649
-1.93258	1.16589	5.1439	5.12846
-1.93061	1.16194	5.1439	5.13076
-1.93718	1.15833	5.14587	5.12945
-1.93751	1.15176	5.1462	5.12583
-1.93324	1.15537	5.14555	5.12288
-1.93653	1.14946	5.1439	5.12255
-1.94211	1.1442	5.14292	5.1232
-1.95164	1.12942	5.14259	5.12583
-1.96182	1.12153	5.14226	5.12879
-1.96248	1.11923	5.14193	5.13043
-1.9569	1.12318	5.1416	5.12879
-1.96018	1.11956	5.14357	5.12649
-1.96248	1.12548	5.14555	5.12353
-1.96774	1.11463	5.14555	5.12485
-1.97168	1.10248	5.14292	5.12616
-1.97431	1.10051	5.14226	5.12813
-1.96905	1.10248	5.14226	5.12879
-1.97267	1.10018	5.14292	5.12813
-1.96675	1.10314	5.14456	5.12748
-1.96971	1.11332	5.14686	5.12518
-1.97431	1.11365	5.14752	5.12419
-1.95755	1.11956	5.14719	5.12715
-1.9477	1.1327	5.1439	5.12748
-1.93193	1.15209	5.14226	5.12748
-1.93291	1.16063	5.14193	5.12616
-1.94343	1.15143	5.14292	5.12616
-1.93258	1.16786	5.14456	5.12518
-1.93029	1.16392	5.14456	5.12452
-1.9224	1.16687	5.14325	5.12189
-1.91517	1.18231	5.14292	5.12288
-1.91189	1.18363	5.1416	5.12583
-1.90006	1.19644	5.14226	5.12682
-1.88823	1.1994	5.14456	5.12583
-1.88823	1.20991	5.14522	5.12419
-1.88199	1.21024	5.14226	5.12419
-1.87378	1.21517	5.14226	5.12452
-1.88462	1.20367	5.14127	5.12583
-1.88396	1.19808	5.14127	5.12682
-1.87608	1.20203	5.14127	5.12715
-1.87082	1.19578	5.1416	5.12682
-1.88232	1.17706	5.14029	5.12682
-1.87739	1.18691	5.14095	5.12748
-1.86556	1.17903	5.14127	5.12748
-1.87378	1.18593	5.14357	5.12748
-1.8902	1.17081	5.14686	5.12682
-1.88232	1.1764	5.14817	5.12485
-1.87936	1.17739	5.14817	5.12419
-1.87608	1.18133	5.1439	5.12518
-1.87575	1.18297	5.14127	5.12682
-1.881	1.18264	5.14193	5.12682
-1.8764	1.19086	5.14456	5.12583
-1.87805	1.19611	5.1462	5.12419
-1.86392	1.21123	5.14587	5.12419
-1.85965	1.23127	5.14489	5.12452
-1.85571	1.21944	5.14555	5.12485
-1.85078	1.23422	5.14423	5.12649
-1.83895	1.24507	5.14292	5.12649
-1.84716	1.24277	5.14226	5.12682
-1.84388	1.25361	5.14292	5.12715
-1.84585	1.24638	5.14292	5.12649
-1.83731	1.24441	5.14357	5.12452
-1.83829	1.24999	5.14456	5.12419
-1.82877	1.25229	5.14489	5.12452
-1.83632	1.24999	5.1439	5.12452
-1.83337	1.26018	5.1439	5.12583
-1.82877	1.26642	5.14259	5.1255
-1.83238	1.27266	5.14292	5.12518
-1.82285	1.28088	5.14357	5.12518
-1.81464	1.29895	5.14226	5.12583
-1.79	1.318	5.14029	5.1255
-1.78047	1.31734	5.13897	5.12583
-1.78573	1.30552	5.13897	5.1255
-1.77981	1.3111	5.13865	5.12485
-1.77981	1.31702	5.13996	5.12485
-1.78047	1.32392	5.14095	5.12518
-1.77653	1.31899	5.1439	5.12715
-1.77193	1.31997	5.14686	5.12682
-1.75419	1.34297	5.14785	5.12485
-1.74466	1.33771	5.14817	5.1255
-1.74072	1.341	5.14653	5.12682
-1.73119	1.33903	5.14489	5.12616
-1.72002	1.36203	5.14292	5.12485
-1.73382	1.34823	5.14423	5.12386
-1.72659	1.3571	5.14423	5.12485
-1.72692	1.3548	5.1439	5.12715
-1.72856	1.35151	5.14489	5.12813
-1.72363	1.36235	5.14587	5.12682
-1.72626	1.35973	5.14653	5.12386
-1.72988	1.35447	5.14653	5.1232
-1.73579	1.34757	5.14555	5.12452
-1.72528	1.35184	5.14193	5.12518
-1.72199	1.3433	5.13996	5.12452
-1.72035	1.34034	5.14127	5.12353
-1.7371	1.32819	5.14325	5.12452
-1.72199	1.33771	5.14456	5.12419
-1.71443	1.33969	5.1462	5.12386
-1.72133	1.33969	5.14555	5.12452
-1.73119	1.33377	5.14522	5.12583
-1.7394	1.32556	5.1439	5.1255
-1.74433	1.3295	5.14489	5.1255
-1.75353	1.32129	5.14522	5.12386
-1.76141	1.31636	5.14489	5.12288
-1.76766	1.31734	5.14325	5.12353
-1.78014	1.31537	5.14095	5.12452
-1.77718	1.32392	5.14226	5.12518
-1.77916	1.32523	5.14456	5.1255
-1.78014	1.32457	5.14653	5.12452
-1.77817	1.32424	5.14555	5.12419
-1.77883	1.3226	5.14456	5.12518
-1.7854	1.31176	5.1439	5.12583
-1.7808	1.3111	5.14325	5.12616
-1.79755	1.30125	5.1416	5.12682
-1.78704	1.32063	5.14259	5.12912
-1.78244	1.34264	5.14226	5.12846
-1.78474	1.3318	5.1416	5.12813
-1.79197	1.32621	5.14226	5.12682
-1.7969	1.32063	5.14292	5.12583
-1.80675	1.30355	5.14456	5.12715
-1.80511	1.30519	5.14555	5.12616
-1.8061	1.29369	5.14489	5.12616
-1.79985	1.28942	5.14456	5.12682
-1.80643	1.27661	5.14292	5.12682
-1.81825	1.26576	5.14193	5.12682
-1.82647	1.25525	5.14029	5.12616
-1.84224	1.24342	5.14127	5.1255
-1.83961	1.24835	5.14226	5.12583
-1.84486	1.24014	5.14259	5.12583
-1.85275	1.22305	5.14325	5.12419
-1.84224	1.22601	5.14325	5.12255
-1.83797	1.23652	5.14423	5.12386
-1.84914	1.23159	5.14423	5.12419
-1.85373	1.21451	5.1439	5.12452
-1.85472	1.2224	5.14259	5.12419
-1.85603	1.22338	5.14292	5.12386
-1.86096	1.20958	5.14423	5.12353
-1.87246	1.18954	5.14522	5.12419
-1.86162	1.19151	5.14555	5.12353
-1.85439	1.19283	5.14489	5.12386
-1.85965	1.19644	5.14456	5.12682
-1.85998	1.19283	5.14357	5.12813
-1.85373	1.18888	5.14357	5.12748
-1.85144	1.19578	5.14587	5.12518
-1.85275	1.18856	5.1462	5.12288
-1.84585	1.18691	5.14423	5.1232
-1.83928	1.17771	5.1439	5.12255
-1.84782	1.18428	5.14259	5.12386
-1.85636	1.1741	5.14292	5.12616
-1.86359	1.18363	5.14325	5.1255
-1.86589	1.18297	5.14456	5.12452
-1.87772	1.18954	5.1439	5.12485
-1.8833	1.1971	5.14325	5.12419
-1.88823	1.2017	5.1439	5.12386
-1.88527	1.20827	5.14456	5.1255
-1.88035	1.20958	5.14423	5.12485
-1.87279	1.21911	5.14095	5.12485
-1.85965	1.22042	5.13865	5.12452
-1.86523	1.22207	5.13996	5.12485
-1.86589	1.21582	5.14259	5.12386
-1.85472	1.22075	5.14456	5.12485
-1.86786	1.21845	5.14522	5.12583
-1.87279	1.20925	5.14489	5.12748
-1.86885	1.20334	5.14456	5.1301
-1.86261	1.20827	5.14489	5.12846
-1.8695	1.21484	5.14423	5.12715
-1.87936	1.20334	5.14292	5.1278
-1.87509	1.2063	5.14226	5.1278
-1.87739	1.19907	5.13963	5.12813
-1.87443	1.20367	5.13996	5.1278
-1.8787	1.20663	5.1416	5.12616
-1.87706	1.19907	5.14193	5.12682
-1.87148	1.19578	5.14226	5.12846
-1.87608	1.18954	5.14226	5.12813
-1.8787	1.18297	5.14095	5.12583
-1.89086	1.15899	5.13996	5.12583
-1.89513	1.1603	5.14127	5.1255
-1.89283	1.17541	5.14357	5.1255
-1.8856	1.18593	5.14489	5.12583
-1.88298	1.18954	5.14555	5.1255
-1.87936	1.19447	5.14489	5.12715
-1.87213	1.2086	5.1439	5.12715
-1.8695	1.21287	5.14259	5.12682
-1.86589	1.20827	5.14226	5.12616
-1.84059	1.23849	5.14325	5.12649
-1.83172	1.23849	5.14555	5.12682
-1.81595	1.24572	5.14489	5.12748
-1.80774	1.25919	5.14357	5.12616
-1.8038	1.26281	5.14226	5.1255
-1.81201	1.25821	5.1439	5.12485
-1.80774	1.25492	5.1462	5.1255
-1.813	1.24539	5.1462	5.12485
-1.80117	1.24079	5.14456	5.1255
-1.81267	1.23225	5.14292	5.12485
-1.81431	1.23915	5.14292	5.12452
-1.81037	1.23619	5.1439	5.12583
-1.80905	1.24342	5.14489	5.12649
-1.79953	1.25821	5.14456	5.12682
-1.78606	1.27102	5.14423	5.12485
-1.78113	1.26445	5.14325	5.12222
-1.76733	1.2881	5.14259	5.12222
-1.74893	1.30913	5.14226	5.12288
-1.74696	1.30256	5.1393	5.12386
-1.74827	1.29632	5.13897	5.12518
-1.76174	1.29435	5.13996	5.12715
-1.74006	1.3065	5.14062	5.12682
-1.73119	1.30256	5.14259	5.1255
-1.73612	1.30617	5.14357	5.12518
-1.72988	1.3065	5.1416	5.12419
-1.73875	1.28515	5.13897	5.1255
-1.73152	1.30387	5.13832	5.12583
-1.73349	1.31997	5.13963	5.12419
-1.74203	1.32326	5.14193	5.12386
-1.73546	1.33574	5.14193	5.12452
-1.73842	1.33804	5.14029	5.1255
-1.75024	1.33509	5.14062	5.12715
-1.74105	1.33673	5.14095	5.12912
-1.73907	1.34691	5.14456	5.12682
-1.7417	1.3341	5.14653	5.12649
-1.74532	1.33147	5.14587	5.12485
-1.75616	1.32621	5.14292	5.12452
-1.77653	1.31997	5.14193	5.12583
-1.77883	1.32293	5.1416	5.12715
-1.79197	1.32654	5.14325	5.12649
-1.7831	1.33607	5.14226	5.12518
-1.78901	1.32589	5.14226	5.12518
-1.78934	1.31767	5.14259	5.12452
-1.78573	1.3226	5.14226	5.12386
-1.77653	1.33147	5.14193	5.12419
-1.7762	1.3295	5.14292	5.1255
-1.78507	1.31997	5.14555	5.1278
-1.77686	1.31899	5.14719	5.1278
-1.77521	1.3249	5.14555	5.12748
-1.78638	1.32392	5.14325	5.12846
-1.78178	1.32589	5.14292	5.1278
-1.78244	1.31734	5.14325	5.12748
-1.77587	1.31866	5.1439	5.12682
-1.77193	1.33147	5.14325	5.12616
-1.76831	1.32983	5.14325	5.12518
-1.76437	1.33476	5.14292	5.12419
-1.76799	1.32621	5.14325	5.12419
-1.76339	1.32589	5.14325	5.12452
-1.76109	1.32917	5.14193	5.12485
-1.7624	1.32359	5.14193	5.1255
-1.77521	1.31734	5.14325	5.12715
-1.77784	1.32424	5.1462	5.12715
-1.78441	1.31077	5.14719	5.12616
-1.77817	1.3111	5.14653	5.12715
-1.77718	1.29336	5.14325	5.12977
-1.77883	1.28712	5.14095	5.13175
-1.76339	1.28975	5.14095	5.13043
-1.77193	1.27628	5.14259	5.12748
-1.7739	1.27759	5.14357	5.1255
-1.78113	1.27365	5.14357	5.12518
-1.76996	1.26806	5.14423	5.12518
-1.77259	1.25952	5.1439	5.12386
-1.78474	1.25164	5.1439	5.12353
-1.79755	1.24769	5.14325	5.12452
-1.8107	1.24178	5.1439	5.12518
-1.813	1.24178	5.14325	5.12518
-1.80807	1.25295	5.14292	5.12616
-1.81628	1.24507	5.14423	5.12616
-1.82581	1.23948	5.14423	5.12616
-1.83501	1.23389	5.1439	5.1255
-1.85144	1.2247	5.14193	5.12616
-1.84026	1.22897	5.14193	5.12846
-1.84355	1.22667	5.1439	5.12912
-1.84815	1.23094	5.1439	5.12879
-1.86195	1.21648	5.14456	5.12846
-1.85111	1.22141	5.14587	5.12748
-1.85373	1.22338	5.14456	5.12715
-1.86293	1.22272	5.14292	5.12616
-1.87739	1.21517	5.14423	5.12485
-1.88527	1.20203	5.14489	5.12156
-1.87673	1.20663	5.14193	5.11959
-1.88725	1.20433	5.14226	5.12025
-1.8902	1.20038	5.14259	5.1232
-1.89185	1.21287	5.14587	5.12682
-1.87936	1.21911	5.14587	5.12748
-1.88659	1.22075	5.1462	5.12583
-1.90072	1.20663	5.14555	5.12386
-1.90696	1.20203	5.14423	5.12452
-1.90827	1.19841	5.14292	5.12649
-1.91747	1.1902	5.14292	5.12715
-1.91977	1.18888	5.14325	5.12616
-1.93258	1.17114	5.14522	5.1255
-1.94277	1.15702	5.14653	5.12485
-1.93456	1.1534	5.14653	5.12616
-1.92404	1.16457	5.14522	5.12616
-1.92864	1.1534	5.14456	5.12583
-1.92404	1.16457	5.14423	5.12452
-1.92273	1.16457	5.14357	5.12518
-1.90926	1.1741	5.14292	5.12419
-1.90893	1.1787	5.14292	5.1232
-1.89875	1.17541	5.14325	5.12353
-1.88429	1.19513	5.14423	5.12485
-1.89217	1.1994	5.14357	5.12616
-1.89053	1.21221	5.14259	5.12682
-1.88068	1.21977	5.14259	5.12649
-1.87936	1.21188	5.14423	5.1255
-1.87542	1.22831	5.1439	5.1255
-1.86885	1.23521	5.14193	5.12583
-1.85899	1.24079	5.1416	5.12682
-1.85472	1.24014	5.14259	5.12879
-1.84815	1.23718	5.14357	5.12879
-1.84322	1.25032	5.14325	5.12846
-1.83632	1.25131	5.14456	5.12945
-1.83468	1.25591	5.14489	5.12977
-1.83238	1.24605	5.14489	5.12813
-1.82318	1.25624	5.14226	5.12879
-1.81595	1.26051	5.14127	5.12912
-1.8015	1.27792	5.1439	5.1278
-1.8038	1.27398	5.14456	5.12485
-1.80544	1.27825	5.14555	5.12485
-1.80445	1.29008	5.14555	5.12386
-1.80117	1.27759	5.1439	5.12419
-1.78868	1.28482	5.14325	5.12452
-1.78803	1.29238	5.14095	5.12386
-1.76273	1.3065	5.13897	5.12616
-1.77029	1.31636	5.14062	5.12649
-1.76766	1.31077	5.14423	5.12485
-1.77029	1.3065	5.14686	5.1232
-1.76043	1.30782	5.14686	5.12353
-1.76306	1.30453	5.14587	5.12583
-1.75189	1.30552	5.14522	5.12715
-1.75649	1.31077	5.14456	5.12682
-1.7601	1.31176	5.1439	5.12682
-1.76207	1.31702	5.14259	5.12583
-1.76569	1.31702	5.14226	5.12288
-1.76371	1.31176	5.14325	5.12288
-1.7739	1.30519	5.14325	5.1232
-1.79164	1.29599	5.14095	5.12452
-1.81168	1.2858	5.13996	5.12616
-1.81004	1.28548	5.1416	5.12485
-1.82088	1.27463	5.14325	5.1232
-1.82844	1.26971	5.14456	5.12419
-1.81858	1.28186	5.14423	5.12682
-1.81497	1.2904	5.14193	5.12813
-1.82712	1.26938	5.13963	5.12616
-1.82548	1.28153	5.13963	5.12452
-1.81168	1.29073	5.14127	5.1232
-1.813	1.29008	5.14325	5.12288
-1.80347	1.30322	5.14292	5.12419
-1.78901	1.31537	5.14325	5.12419
-1.79066	1.31044	5.14292	5.12649
-1.78211	1.31537	5.14127	5.12715
-1.7877	1.30486	5.1416	5.12616
-1.78967	1.31242	5.14193	5.12485
-1.77916	1.3203	5.14259	5.12452
-1.77653	1.32424	5.14259	5.12452
-1.76831	1.32556	5.14423	5.12715
-1.7693	1.3249	5.14456	5.1278
-1.77324	1.32786	5.1439	5.12682
-1.7693	1.33509	5.14357	5.12715
-1.77489	1.32457	5.14423	5.12748
-1.77883	1.32589	5.14456	5.12616
-1.77948	1.31603	5.14193	5.12518
-1.77489	1.31767	5.14095	5.12452
-1.7716	1.3111	5.14029	5.1255
-1.7693	1.3065	5.1416	5.12616
-1.76864	1.30946	5.14456	5.12583
-1.77094	1.29796	5.14522	5.12419
-1.77094	1.29205	5.14489	5.1255
-1.77324	1.28712	5.14292	5.12813
-1.77653	1.2812	5.14193	5.1301
-1.76766	1.2904	5.14062	5.12945
-1.76536	1.29599	5.13963	5.12715
-1.77259	1.29533	5.14193	5.1255
-1.77653	1.27858	5.14522	5.12518
-1.77521	1.25788	5.1462	5.12452
-1.77456	1.27496	5.14456	5.12419
-1.78244	1.26379	5.14292	5.1255
-1.79788	1.24999	5.14095	5.1278
-1.80643	1.24079	5.14062	5.12945
-1.80511	1.24014	5.14325	5.12813
-1.81924	1.21845	5.14456	5.12485
-1.82318	1.20827	5.14357	5.12386
-1.84224	1.20038	5.14095	5.12715
-1.84092	1.20038	5.1416	5.12879
-1.84092	1.2017	5.14325	5.12813
-1.86031	1.20334	5.1439	5.12748
-1.87575	1.19874	5.14325	5.12748
-1.88396	1.18856	5.1416	5.12682
-1.88298	1.18166	5.14127	5.1255
-1.90006	1.1695	5.14193	5.12386
-1.9155	1.15997	5.14456	5.1255
-1.9155	1.16917	5.14489	5.12748
-1.91254	1.17344	5.14522	5.12879
-1.91353	1.17574	5.14456	5.12879
-1.92141	1.17279	5.14292	5.12912
-1.92864	1.17213	5.14292	5.12846
-1.93521	1.17081	5.14325	5.12813
-1.9293	1.17574	5.14127	5.1278
-1.93127	1.17016	5.14062	5.12682
-1.93948	1.16359	5.14292	5.12583
-1.93488	1.16622	5.1439	5.12682
-1.93948	1.1626	5.14325	5.12682
-1.93981	1.15209	5.14292	5.12616
-1.94178	1.15997	5.14193	5.12748
-1.93587	1.17541	5.14029	5.12977
-1.92536	1.18396	5.14127	5.12912
-1.92634	1.17443	5.14259	5.12616
-1.93423	1.15767	5.14325	5.12518
-1.93521	1.1557	5.14357	5.12616
-1.92963	1.158	5.14193	5.12419
-1.91911	1.16654	5.14325	5.12123
-1.91024	1.18658	5.14357	5.12156
-1.9109	1.18461	5.1439	5.1232
-1.90564	1.1787	5.14489	5.1232
-1.90006	1.18921	5.14489	5.12419
-1.90104	1.1902	5.14555	5.12419
-1.89382	1.19546	5.14423	5.12419
-1.89973	1.18987	5.14292	5.12518
-1.88856	1.1971	5.14193	5.12616
-1.86688	1.21977	5.14259	5.12649
-1.85308	1.23225	5.14325	5.12649
-1.85012	1.24145	5.14259	5.12748
-1.84848	1.24638	5.14226	5.12879
-1.84092	1.24211	5.14292	5.12912
-1.83632	1.24408	5.14325	5.12912
-1.83074	1.24671	5.14325	5.12846
-1.82647	1.24671	5.14357	5.12682
-1.82548	1.23521	5.14259	5.12616
-1.83172	1.23028	5.14357	5.12583
-1.83172	1.21615	5.14423	5.12649
-1.83271	1.21221	5.1439	5.12715
-1.83435	1.21681	5.1416	5.12748
-1.84224	1.22371	5.14029	5.12748
-1.82975	1.23389	5.14193	5.12715
-1.83961	1.23192	5.14357	5.12715
-1.84421	1.23159	5.14489	5.12715
-1.84618	1.23784	5.14423	5.12715
-1.83895	1.24145	5.14292	5.12748
-1.85341	1.22732	5.1416	5.12715
-1.86031	1.23192	5.13996	5.12649
-1.85242	1.24572	5.14095	5.12649
-1.85111	1.25229	5.14226	5.12518
-1.85078	1.24835	5.1439	5.12419
-1.85669	1.24408	5.14423	5.12485
-1.86129	1.23882	5.14226	5.12485
-1.85833	1.23389	5.13996	5.12485
-1.86392	1.21845	5.14259	5.12386
-1.87378	1.22042	5.14555	5.12485
-1.87345	1.22338	5.14653	5.12386
-1.88396	1.21155	5.14456	5.12452
-1.88955	1.19874	5.14325	5.12452
-1.89645	1.19053	5.14029	5.12353
-1.89875	1.19184	5.14127	5.12485
-1.89513	1.19151	5.14259	5.12682
-1.89645	1.19447	5.14522	5.12748
-1.89809	1.19578	5.14587	5.1255
-1.90696	1.20071	5.14423	5.12386
-1.90564	1.19086	5.14095	5.12353
-1.90663	1.19283	5.14095	5.12583
-1.89579	1.19776	5.14127	5.12649
-1.88889	1.21188	5.14292	5.1255
-1.88725	1.21845	5.14456	5.1255
-1.8879	1.21977	5.1439	5.1255
-1.89283	1.20433	5.14259	5.12518
-1.87969	1.21418	5.14325	5.12485
-1.87805	1.2155	5.1439	5.1255
-1.88068	1.19644	5.14522	5.12649
-1.8718	1.20761	5.14653	5.12583
-1.87772	1.19907	5.14587	5.12353
-1.87542	1.18593	5.14456	5.12353
-1.86392	1.18461	5.14292	5.12682
-1.85406	1.19184	5.14226	5.12846
-1.84388	1.20005	5.14292	5.12846
-1.83698	1.19184	5.14456	5.12485
-1.82285	1.20663	5.14686	5.12419
-1.81825	1.21812	5.14719	5.12419
-1.81037	1.23587	5.1462	5.12353
-1.81431	1.22404	5.14423	5.12485
-1.8084	1.23291	5.14259	5.12616
-1.80643	1.23849	5.14193	5.1278
-1.79854	1.24539	5.1416	5.12616
-1.78737	1.25229	5.14259	5.12452
-1.7762	1.26182	5.14259	5.12485
-1.75977	1.28449	5.1439	5.12649
-1.7578	1.28712	5.14259	5.12583
-1.75583	1.29402	5.13963	5.12583
-1.74532	1.30716	5.13832	5.12748
-1.73283	1.318	5.13996	5.12682
-1.72659	1.32424	5.14292	5.1255
-1.73447	1.32096	5.14489	5.12583
-1.73875	1.31964	5.14456	5.12649
-1.7279	1.33509	5.1439	5.12583
-1.72955	1.33476	5.14357	5.12682
-1.72758	1.33541	5.14259	5.12813
-1.7279	1.35118	5.14259	5.12846
-1.7325	1.34987	5.14456	5.12748
-1.75353	1.34856	5.14456	5.1255
-1.76207	1.34001	5.14325	5.12518
-1.77061	1.32654	5.14226	5.1255
-1.77653	1.33673	5.14259	5.12583
-1.7762	1.33673	5.14292	5.12485
-1.77193	1.34001	5.14292	5.12518
-1.76897	1.33804	5.14292	5.12616
-1.78014	1.33377	5.14325	5.12682
-1.78573	1.32392	5.14325	5.12748
-1.79723	1.31406	5.14292	5.12879
-1.79887	1.31669	5.14193	5.1301
-1.80281	1.30847	5.14292	5.12879
-1.80314	1.31274	5.14357	5.12583
-1.81562	1.30223	5.14489	5.1232
-1.80478	1.31669	5.14555	5.12452
-1.81661	1.30749	5.14456	5.12649
-1.82187	1.29993	5.14259	5.1255
-1.83271	1.28219	5.14062	5.12518
-1.83994	1.27102	5.14062	5.12419
-1.85111	1.26412	5.14127	5.12386
-1.84749	1.26642	5.14193	5.12419
-1.83599	1.27792	5.14423	5.12419
-1.84421	1.26149	5.14785	5.12485
-1.85012	1.25591	5.14719	5.1255
-1.85275	1.25361	5.14653	5.12748
-1.86228	1.24112	5.14489	5.12682
-1.86096	1.23357	5.14325	5.12583
-1.86129	1.22864	5.14292	5.1255
-1.85899	1.23258	5.14292	5.12682
-1.85078	1.23225	5.14062	5.12649
-1.85472	1.23094	5.1416	5.1255
-1.85998	1.23258	5.14292	5.12583
-1.85176	1.23389	5.1439	5.12485
-1.84059	1.25032	5.14489	5.12452
-1.83698	1.25361	5.14686	5.1232
-1.83862	1.24605	5.14719	5.12353
-1.83337	1.25361	5.1462	5.12616
-1.8176	1.26445	5.14456	5.12748
-1.81102	1.26642	5.14423	5.12616
-1.80905	1.26872	5.14555	5.12583
-1.81332	1.26248	5.14653	5.12386
-1.80643	1.26741	5.14686	5.12353
-1.79098	1.28318	5.14555	5.12518
-1.79624	1.25886	5.14423	5.12748
-1.80971	1.24014	5.14423	5.12682
-1.80905	1.25328	5.14259	5.1255
-1.82384	1.24999	5.1416	5.12485
-1.82548	1.24244	5.14193	5.12583
-1.83829	1.23685	5.1416	5.12682
-1.83041	1.23554	5.14062	5.12616
-1.84092	1.23324	5.14062	5.12419
-1.84191	1.227	5.14193	5.12353
-1.84486	1.24047	5.14226	5.1255
-1.85768	1.23718	5.14325	5.12682
-1.87443	1.21582	5.14423	5.12518
-1.88922	1.19874	5.14357	5.1232
-1.8925	1.19907	5.14259	5.12353
-1.90794	1.18856	5.14095	5.12452
-1.91681	1.17377	5.13996	5.12485
-1.93488	1.15767	5.14095	5.12583
-1.93357	1.15997	5.1416	5.12419
-1.93127	1.16556	5.14226	5.12353
-1.93357	1.17213	5.1439	5.12255
-1.94638	1.15669	5.14423	5.12255
-1.95394	1.14453	5.14489	5.12485
-1.95098	1.1442	5.14522	5.12748
-1.95427	1.13369	5.1439	5.1278
-1.97201	1.11431	5.14193	5.12748
-1.98055	1.10806	5.14029	5.12813
-1.98154	1.09558	5.13865	5.12748
-1.98417	1.08441	5.13963	5.12748
-1.98482	1.08605	5.14095	5.1255
-1.97398	1.09032	5.14127	5.12419
-1.97989	1.07751	5.14062	5.12715
-1.97891	1.07521	5.14193	5.12649
-1.96642	1.08474	5.14489	5.12649
-1.96675	1.07948	5.1462	5.12715
-1.96051	1.08178	5.1462	5.12649
-1.95098	1.09919	5.14456	5.12748
-1.94737	1.11102	5.14489	5.12715
-1.94507	1.11168	5.14423	5.1255
-1.93423	1.11858	5.14489	5.12485
-1.93324	1.11036	5.14555	5.12616
-1.91714	1.11858	5.14653	5.12682
-1.904	1.1258	5.14555	5.12748
-1.90039	1.12383	5.14292	5.12813
-1.8948	1.1327	5.14226	5.12813
-1.89677	1.13073	5.14423	5.12846
-1.88626	1.13927	5.14522	5.12945
-1.89053	1.13895	5.14423	5.12879
-1.88593	1.1442	5.14292	5.12813
-1.86556	1.14946	5.14292	5.12748
-1.85439	1.15833	5.14423	5.1278
-1.83829	1.16194	5.14456	5.12715
-1.8222	1.16622	5.14587	5.12748
-1.81957	1.17081	5.14489	5.12649
-1.80708	1.1672	5.14259	5.12583
-1.81234	1.15932	5.14193	5.12616
-1.81727	1.16096	5.14259	5.12649
-1.81102	1.17804	5.14423	5.12682
-1.81332	1.17114	5.14555	5.1255
-1.82252	1.17081	5.14587	5.12288
-1.82252	1.16851	5.14555	5.12353
-1.83008	1.1672	5.14489	5.1255
-1.83238	1.17246	5.1439	5.12616
-1.83304	1.16851	5.14259	5.12682
-1.83665	1.1626	5.1416	5.1278
-1.83797	1.15964	5.14095	5.12649
-1.84749	1.14782	5.14095	5.12616
-1.85538	1.14585	5.14226	5.12518
-1.85636	1.14059	5.1439	5.12715
-1.87213	1.14125	5.14423	5.12748
-1.86655	1.13402	5.1439	5.12682
-1.87115	1.13008	5.14522	5.12419
-1.87476	1.14387	5.14752	5.12419
-1.87246	1.13993	5.14817	5.12452
-1.88232	1.14979	5.1462	5.12452
-1.90367	1.12975	5.14226	5.1255
-1.90499	1.12088	5.14095	5.12616
-1.91189	1.11201	5.13996	5.12649
-1.90729	1.12252	5.13996	5.12846
-1.90696	1.11201	5.14226	5.12846
-1.90762	1.12778	5.14489	5.12846
-1.91419	1.13336	5.14686	5.12715
-1.90696	1.13993	5.14587	5.12518
-1.91353	1.15045	5.14259	5.12616
-1.90992	1.14092	5.14062	5.12879
-1.90794	1.14749	5.14062	5.12879
-1.91452	1.1465	5.1416	5.12616
-1.90663	1.15143	5.14292	5.12419
-1.92076	1.12745	5.14193	5.12452
-1.92864	1.11858	5.1416	5.12616
-1.93784	1.09985	5.14259	5.12879
-1.9477	1.08934	5.14456	5.12846
-1.9523	1.08375	5.14522	5.12682
-1.94507	1.08342	5.14522	5.12485
-1.95427	1.07554	5.14259	5.1232
-1.94638	1.06437	5.1416	5.12518
-1.94901	1.06535	5.14193	5.12583
-1.93521	1.05583	5.14423	5.12518
-1.93653	1.05353	5.14555	5.12518
-1.9293	1.04958	5.14555	5.12616
-1.91911	1.06272	5.14555	5.1255
-1.92109	1.07127	5.14587	5.12452
-1.9155	1.07784	5.14555	5.12485
-1.89349	1.08572	5.14423	5.12452
-1.87772	1.09689	5.14127	5.12485
-1.87345	1.08408	5.14062	5.12452
-1.86819	1.08178	5.1439	5.12288
-1.86392	1.07324	5.14555	5.12222
-1.86622	1.05615	5.14587	5.12353
-1.86261	1.05517	5.14555	5.12452
-1.85899	1.05418	5.14456	5.1255
-1.84486	1.06667	5.14325	5.12748
-1.83369	1.07455	5.14127	5.1278
-1.83107	1.08408	5.14292	5.12945
-1.83107	1.08999	5.14423	5.12846
-1.83797	1.07817	5.1439	5.1255
-1.83435	1.09459	5.14357	5.12419
-1.83797	1.09558	5.14259	5.12518
-1.84552	1.08966	5.14259	5.12715
-1.85275	1.09295	5.14423	5.1278
-1.85045	1.09788	5.14719	5.12649
-1.85571	1.09952	5.14883	5.1255
-1.86261	1.07981	5.14817	5.1255
-1.87148	1.08145	5.14522	5.12452
-1.86162	1.08211	5.14226	5.12518
-1.86819	1.09229	5.14095	5.1255
-1.85768	1.10412	5.13996	5.12518
-1.86589	1.11759	5.14127	5.12419
-1.87115	1.11529	5.14423	5.1232
-1.87213	1.1258	5.14489	5.1232
-1.85669	1.13829	5.1439	5.12649
-1.86655	1.12416	5.14325	5.12813
-1.86195	1.14157	5.14193	5.12682
-1.86885	1.135	5.14292	5.12583
-1.86819	1.13566	5.1439	5.12649
-1.8718	1.13829	5.14522	5.12748
-1.87443	1.13665	5.14522	5.12616
-1.8948	1.13172	5.1439	5.1255
-1.90433	1.12186	5.14292	5.12616
-1.90367	1.12778	5.14259	5.12649
-1.90729	1.13829	5.14325	5.12715
-1.90269	1.14223	5.14292	5.12583
-1.90367	1.13566	5.14127	5.12616
-1.90466	1.135	5.14062	5.12748
-1.9201	1.11989	5.14062	5.12649
-1.91747	1.12022	5.13963	5.12616
-1.91681	1.13106	5.14193	5.1255
-1.91452	1.135	5.14489	5.12452
-1.91123	1.14092	5.14555	5.12386
-1.90532	1.1442	5.14587	5.12485
-1.89776	1.16786	5.14325	5.12518
-1.88692	1.16983	5.1416	5.12452
-1.87838	1.18067	5.14325	5.1232
-1.86852	1.19776	5.14325	5.12353
-1.86523	1.19184	5.1439	5.12255
-1.86326	1.18856	5.14325	5.1209
-1.86293	1.1879	5.14522	5.12156
-1.85472	1.19184	5.14587	5.12518
-1.85801	1.181	5.14522	5.12682
-1.85505	1.1879	5.1439	5.12748
-1.85768	1.17739	5.14357	5.12583
-1.86096	1.17804	5.14325	5.12419
-1.85603	1.17574	5.14423	5.12353
-1.84651	1.181	5.14292	5.12583
-1.84355	1.1833	5.14193	5.12879
-1.84224	1.18166	5.14357	5.12912
-1.83632	1.18823	5.14686	5.12715
-1.83797	1.18626	5.14653	5.1255
-1.83402	1.1902	5.14522	5.12485
-1.81661	1.18724	5.14489	5.12485
-1.8176	1.18001	5.14456	5.12288
-1.81464	1.1787	5.1439	5.12386
-1.80774	1.1948	5.14325	5.12846
-1.81497	1.19841	5.1439	5.12977
-1.79525	1.21944	5.14489	5.12879
-1.79591	1.22634	5.14587	5.12649
-1.80018	1.22108	5.14522	5.12353
-1.8038	1.22634	5.1439	5.12386
-1.81004	1.2201	5.14193	5.1255
-1.8061	1.23028	5.13996	5.12715
-1.80314	1.22305	5.14095	5.12682
-1.79985	1.22732	5.14292	5.12485
-1.8038	1.23324	5.1439	5.12452
-1.81201	1.23817	5.14423	5.12386
-1.81102	1.23817	5.14423	5.1255
-1.813	1.23817	5.14292	5.12682
-1.81792	1.23619	5.14226	5.12748
-1.8176	1.23915	5.14193	5.12715
-1.83764	1.2247	5.1439	5.12485
-1.84158	1.23981	5.14555	5.1232
-1.85242	1.23981	5.14522	5.12419
-1.85045	1.23554	5.14325	5.12518
-1.86129	1.22141	5.14193	5.12485
-1.85275	1.22437	5.14325	5.1255
-1.84651	1.23685	5.14357	5.12583
-1.85111	1.227	5.14357	5.12748
-1.85472	1.23192	5.14259	5.12682
-1.85144	1.23127	5.1439	5.12518
-1.85341	1.23258	5.1439	5.1255
-1.84256	1.23817	5.14423	5.12485
-1.83895	1.23685	5.14357	5.12518
-1.84946	1.22601	5.14357	5.12583
-1.84059	1.23488	5.14423	5.12616
-1.83961	1.23619	5.14325	5.12452
-1.84651	1.22831	5.14193	5.12452
-1.84716	1.22437	5.1416	5.12616
-1.83567	1.23784	5.14226	5.12616
-1.83435	1.23061	5.14489	5.12715
-1.82877	1.24342	5.14653	5.12649
-1.82187	1.25459	5.14522	5.12715
-1.81628	1.25361	5.1439	5.12715
-1.8176	1.25229	5.1439	5.12485
-1.81201	1.24671	5.1439	5.12386
-1.79394	1.25131	5.1439	5.12452
-1.79788	1.23948	5.14325	5.12419
-1.80051	1.2293	5.14325	5.1255
-1.79723	1.21615	5.14489	5.12583
-1.79033	1.21155	5.14587	5.12649
-1.77653	1.2247	5.14489	5.1255
-1.76601	1.23981	5.14423	5.12419
-1.76569	1.22667	5.14357	5.12485
-1.76601	1.24342	5.14292	5.12616
-1.77554	1.24145	5.14357	5.12518
-1.78014	1.24572	5.14555	5.12288
-1.77653	1.24047	5.14587	5.12222
-1.77456	1.2201	5.14522	5.12452
-1.77521	1.20433	5.14357	5.12682
-1.76963	1.21221	5.14325	5.12846
-1.77456	1.22437	5.1439	5.12649
-1.77817	1.23094	5.1462	5.12452
-1.7739	1.23159	5.14587	5.12583
-1.79624	1.20597	5.14555	5.12682
-1.80511	1.20203	5.14489	5.12649
-1.80018	1.20465	5.1439	5.12616
-1.79887	1.21582	5.14357	5.1255
-1.78967	1.23258	5.14423	5.12485
-1.80117	1.21747	5.1439	5.12616
-1.82449	1.2178	5.14456	5.12518
-1.82909	1.2086	5.14555	5.12419
-1.84224	1.19513	5.14489	5.12419
-1.86063	1.19447	5.14292	5.12649
-1.86885	1.20465	5.14259	5.12715
-1.8902	1.19644	5.14259	5.12682
-1.89907	1.18231	5.14325	5.12715
-1.89185	1.17771	5.14456	5.12518
-1.90072	1.16457	5.14489	5.12518
-1.9086	1.16194	5.14456	5.12616
-1.90367	1.17213	5.14292	5.12748
-1.9086	1.15833	5.14292	5.12879
-1.90729	1.16983	5.14357	5.12583
-1.91024	1.16162	5.14489	5.12255
-1.90992	1.17279	5.1439	5.12156
-1.91649	1.16293	5.14193	5.12255
-1.92306	1.16129	5.14095	5.12583
-1.92109	1.16392	5.14095	5.12682
-1.927	1.15899	5.14423	5.12715
-1.91419	1.15866	5.14489	5.12583
-1.92207	1.14782	5.14423	5.12518
-1.9201	1.14847	5.14292	5.12452
-1.92864	1.13566	5.13963	5.12288
-1.9293	1.12942	5.13832	5.12353
-1.93094	1.12909	5.13865	5.12485
-1.92601	1.13665	5.14062	5.12682
-1.92503	1.14519	5.14292	5.12748
-1.91977	1.14026	5.14325	5.12682
-1.92569	1.13599	5.1416	5.12715
-1.92569	1.13468	5.14127	5.12748
-1.91846	1.13599	5.14062	5.12682
-1.91189	1.1396	5.14062	5.12846
-1.91484	1.13566	5.14127	5.12682
-1.91813	1.1419	5.14193	5.12485
-1.92109	1.13566	5.14259	5.1232
-1.91681	1.13895	5.14325	5.12288
-1.90762	1.14847	5.14325	5.12452
-1.90564	1.14782	5.14522	5.12583
-1.90236	1.15734	5.1462	5.12682
-1.90367	1.16194	5.14653	5.12649
-1.90269	1.16063	5.1462	5.12649
-1.89677	1.15209	5.1439	5.12583
-1.8994	1.14256	5.14423	5.12583
-1.89152	1.15439	5.14489	5.12616
-1.88068	1.15833	5.14653	5.12616
-1.87772	1.16096	5.14587	5.12583
-1.88757	1.14289	5.14555	5.1255
-1.8833	1.15274	5.14555	5.12485
-1.8833	1.15439	5.14555	5.12419
-1.88002	1.1626	5.14489	5.12583
-1.88593	1.15767	5.14489	5.12715
-1.88429	1.15833	5.14193	5.12616
-1.85866	1.17936	5.14226	5.12485
-1.86261	1.17377	5.14555	5.12222
-1.86786	1.16983	5.1462	5.12025
-1.86326	1.18363	5.14555	5.11992
-1.86195	1.18724	5.14259	5.12255
-1.86195	1.1902	5.14127	5.12649
-1.85965	1.20663	5.14095	5.1278
-1.84914	1.22042	5.14193	5.12748
-1.85603	1.21451	5.14456	5.1255
-1.86458	1.20531	5.14752	5.12485
-1.86293	1.20728	5.14653	5.12583
-1.86392	1.21878	5.1439	5.12715
-1.85932	1.21418	5.14259	5.12813
-1.87213	1.20827	5.1439	5.12682
-1.8695	1.21747	5.14555	5.12649
-1.87148	1.2224	5.14522	5.12682
-1.87772	1.21681	5.1462	5.12616
-1.87739	1.21681	5.14587	5.12616
-1.88232	1.2109	5.14456	5.12748
-1.881	1.2109	5.14226	5.12945
-1.87608	1.22962	5.14226	5.12977
-1.86753	1.23521	5.1439	5.12748
-1.87213	1.23291	5.14555	5.12518
-1.8764	1.2293	5.14719	5.12452
-1.87476	1.23685	5.14719	5.12386
-1.88035	1.23291	5.14587	5.12222
-1.87673	1.22141	5.14587	5.12222
-1.8764	1.22601	5.14719	5.12222
-1.88527	1.21681	5.14785	5.1232
-1.88068	1.22404	5.14653	5.12419
-1.88889	1.21615	5.14325	5.1232
-1.87443	1.2247	5.14193	5.1232
-1.86918	1.22831	5.14062	5.12583
-1.87148	1.22831	5.14193	5.12945
-1.8741	1.22174	5.1439	5.13142
-1.87213	1.22371	5.14423	5.12945
-1.87903	1.22601	5.14489	5.1255
-1.8764	1.22535	5.14456	5.12255
-1.87345	1.22568	5.14292	5.12222
-1.87016	1.23094	5.14259	5.12189
-1.86031	1.22601	5.14259	5.12222
-1.85341	1.23357	5.14325	5.12353
-1.85669	1.22765	5.1439	5.12386
-1.86261	1.22995	5.14357	5.12419
-1.85144	1.23094	5.1439	5.12485
-1.85538	1.22897	5.14522	5.12583
-1.85111	1.22634	5.14423	5.1255
-1.83797	1.23192	5.14292	5.12386
-1.82384	1.24408	5.1439	5.12288
-1.83172	1.24868	5.14456	5.12419
-1.83041	1.25558	5.1439	5.12518
-1.82351	1.26182	5.14325	5.1255
-1.83139	1.25558	5.14292	5.12583
-1.82942	1.25854	5.14193	5.12649
-1.82449	1.26576	5.14193	5.12715
-1.83139	1.26905	5.14292	5.12682
-1.83797	1.25558	5.14423	5.12616
-1.82318	1.25426	5.14357	5.12583
-1.82581	1.24112	5.14259	5.12616
-1.81398	1.24605	5.14127	5.12649
-1.81858	1.23882	5.14062	5.12682
-1.82318	1.22798	5.14193	5.12813
-1.81957	1.24342	5.14587	5.12813
-1.82647	1.22601	5.14522	5.12682
-1.84026	1.22732	5.14456	5.12452
-1.84059	1.23784	5.14357	5.1255
-1.83304	1.24441	5.1439	5.1278
-1.83665	1.24605	5.14456	5.1278
-1.83008	1.26412	5.14456	5.12649
-1.82449	1.27168	5.14259	5.12452
-1.81201	1.28482	5.14127	5.1232
-1.82614	1.28679	5.14423	5.12255
-1.83271	1.27759	5.14555	5.12419
-1.83632	1.26938	5.14423	5.12748
-1.83599	1.26872	5.14292	5.1278
-1.83534	1.28909	5.1439	5.12715
-1.83205	1.28712	5.14522	5.12682
-1.82614	1.29172	5.14456	5.12452
-1.82252	1.29829	5.14357	5.12386
-1.81562	1.30223	5.14325	5.12452
-1.81792	1.30552	5.14292	5.12649
-1.81267	1.31242	5.14292	5.12682
-1.81595	1.31997	5.14259	5.12452
-1.8084	1.31669	5.14456	5.12288
-1.80675	1.30946	5.14653	5.12452
-1.81562	1.3019	5.14587	5.12649
-1.8222	1.29533	5.14456	5.12945
-1.82811	1.2881	5.14357	5.13142
-1.83238	1.295	5.14292	5.12977
-1.83797	1.26872	5.14292	5.12715
-1.83599	1.27102	5.1439	5.12616
-1.82482	1.27463	5.14423	5.1255
-1.83107	1.27266	5.1439	5.12353
-1.84519	1.26346	5.14292	5.12255
-1.84979	1.26543	5.14325	5.12386
-1.85636	1.26379	5.14423	5.1255
-1.85866	1.23685	5.14522	5.12682
-1.85899	1.22634	5.14653	5.12485
-1.86392	1.21221	5.14522	5.12386
-1.86392	1.21188	5.14193	5.12452
-1.88002	1.19184	5.14062	5.12485
-1.88166	1.1902	5.14259	5.12583
-1.88725	1.18461	5.14522	5.12715
-1.88199	1.18396	5.14686	5.12813
-1.88396	1.18199	5.14489	5.12813
-1.87575	1.18461	5.14423	5.12879
-1.88002	1.17377	5.14357	5.12977
-1.88593	1.17574	5.14357	5.12912
-1.88495	1.17377	5.14259	5.1278
-1.8764	1.18133	5.14423	5.12682
-1.88757	1.18001	5.14522	5.1232
-1.87378	1.181	5.14489	5.12156
-1.88166	1.17804	5.14292	5.12419
-1.88298	1.17311	5.14193	5.1278
-1.88856	1.16523	5.14357	5.12912
-1.8902	1.17081	5.14292	5.12879
-1.89809	1.16851	5.14193	5.12616
-1.89907	1.15636	5.14226	5.1255
-1.89612	1.15274	5.14226	5.12518
-1.90104	1.15373	5.1416	5.12419
-1.90334	1.14289	5.14325	5.12649
-1.91583	1.1212	5.14489	5.12813
-1.91747	1.11529	5.14522	5.12715
-1.92371	1.10445	5.14325	5.12583
-1.92831	1.09525	5.14325	5.12649
-1.92503	1.08802	5.14292	5.12616
-1.92043	1.10708	5.14292	5.12518
-1.92897	1.10051	5.14325	5.12583
-1.93061	1.10314	5.14259	5.12748
-1.9316	1.10708	5.1416	5.12813
-1.92799	1.11891	5.14193	5.12682
-1.92667	1.1258	5.1439	5.12452
-1.9339	1.13665	5.14587	5.12353
-1.93686	1.13238	5.14719	5.12386
-1.94376	1.12646	5.14686	5.12518
-1.94113	1.13369	5.14456	5.12748
-1.93127	1.13763	5.14226	5.12846
-1.93357	1.13895	5.14292	5.12846
-1.92864	1.13205	5.14555	5.12715
-1.92437	1.13697	5.14653	5.12518
-1.91977	1.14946	5.14357	5.12649
-1.90926	1.15669	5.14127	5.12813
-1.91057	1.1603	5.14226	5.12649
-1.91123	1.16129	5.14522	5.12518
-1.91353	1.14815	5.14587	5.12649
-1.91714	1.15209	5.1439	5.12813
-1.90992	1.14125	5.14423	5.12813
-1.8925	1.1534	5.14555	5.12748
-1.90564	1.14617	5.14653	5.12715
-1.91681	1.13369	5.14522	5.12649
-1.91419	1.12778	5.14456	5.12583
-1.9178	1.12515	5.14423	5.1255
-1.91681	1.1304	5.1439	5.12583
-1.92306	1.1235	5.14193	5.12518
-1.90499	1.13303	5.13963	5.12419
-1.90532	1.12942	5.14095	5.12419
-1.8994	1.14946	5.14357	5.12386
-1.8971	1.14979	5.1462	5.1232
-1.8948	1.15932	5.14489	5.12452
-1.88166	1.15669	5.14259	5.12616
-1.87082	1.18363	5.14095	5.12846
-1.86228	1.18626	5.14029	5.13043
-1.86655	1.17771	5.14062	5.1301
-1.86753	1.18133	5.14127	5.12715
-1.86786	1.18067	5.14193	5.12485
-1.88199	1.17443	5.14357	5.12485
-1.86721	1.1879	5.14325	5.1255
-1.85735	1.19118	5.1416	5.12682
-1.85768	1.18921	5.14029	5.12715
-1.86129	1.18527	5.14193	5.12649
-1.8695	1.17016	5.14259	5.12649
-1.86983	1.17541	5.14292	5.12518
-1.85899	1.19644	5.14325	5.12419
-1.85111	1.20597	5.1439	5.12386
-1.85111	1.2155	5.14325	5.12386
-1.85341	1.21254	5.14325	5.12452
-1.83402	1.22502	5.14193	5.1255
-1.82647	1.24342	5.14292	5.12452
-1.83107	1.25394	5.1439	5.12419
-1.84026	1.24671	5.14522	5.1255
-1.82745	1.24605	5.14423	5.1255
-1.81562	1.26149	5.14357	5.12616
-1.80971	1.26084	5.14325	5.12518
-1.8084	1.24999	5.1439	5.12353
-1.80084	1.25854	5.14456	5.12386
-1.80774	1.24901	5.14522	5.12518
-1.81562	1.24605	5.14423	5.12583
-1.78934	1.26872	5.14489	5.12748
-1.79295	1.26938	5.14456	5.12945
-1.79723	1.27858	5.14226	5.13043
-1.80117	1.28285	5.14357	5.12977
-1.7992	1.2904	5.14456	5.12715
-1.79887	1.29566	5.14456	5.12386
-1.77817	1.30815	5.14357	5.12255
-1.79164	1.30453	5.1416	5.1232
-1.79525	1.29435	5.1393	5.12386
-1.79197	1.30059	5.1416	5.12518
-1.79164	1.29796	5.1439	5.12715
-1.7969	1.29763	5.1439	5.1255
-1.78934	1.30946	5.14325	5.12452
-1.79033	1.31209	5.14325	5.12353
-1.79066	1.31964	5.1439	5.12386
-1.79427	1.31012	5.14325	5.12518
-1.80708	1.30256	5.14259	5.12649
-1.813	1.30289	5.14325	5.12715
-1.81135	1.29993	5.1439	5.12879
-1.82022	1.2858	5.14423	5.12813
-1.82449	1.28022	5.14325	5.12649
-1.82647	1.26905	5.14127	5.12682
-1.83369	1.26346	5.1393	5.12616
-1.82351	1.26905	5.13963	5.12682
-1.84059	1.24638	5.14259	5.12682
-1.83928	1.24901	5.1439	5.12583
-1.84059	1.24934	5.14522	5.12846
-1.85341	1.24014	5.1439	5.13109
-1.84914	1.24014	5.14127	5.12879
-1.84026	1.25196	5.14095	5.12813
-1.83139	1.26281	5.14259	5.1278
-1.84092	1.26084	5.14489	5.12715
-1.83205	1.27299	5.14653	5.12715
-1.83435	1.26313	5.14752	5.12583
-1.82975	1.25032	5.14653	5.12616
-1.84815	1.23422	5.14522	5.12748
-1.86063	1.21681	5.14325	5.12813
-1.86425	1.21221	5.14259	5.12813
-1.86458	1.22272	5.14292	5.12682
-1.86688	1.22108	5.14423	5.12682
-1.87772	1.20827	5.14522	5.1278
-1.87279	1.21221	5.14357	5.12846
-1.87246	1.21418	5.14127	5.12748
-1.87049	1.22075	5.14127	5.12715
-1.86162	1.23751	5.14226	5.12846
-1.86096	1.23061	5.14292	5.12715
-1.84848	1.23882	5.14226	5.12419
-1.85636	1.24145	5.14357	5.12255
-1.85373	1.24671	5.14357	5.1232
-1.85078	1.24572	5.14226	5.1255
-1.84355	1.24474	5.1439	5.12912
-1.83928	1.24309	5.14587	5.1278
-1.83994	1.23619	5.14752	5.12452
-1.84946	1.22798	5.14587	5.12156
-1.87213	1.19513	5.14357	5.12222
-1.86425	1.19874	5.14325	5.12419
-1.86753	1.20038	5.14423	5.12583
-1.87575	1.20203	5.14423	5.12715
-1.88462	1.19874	5.14522	5.12682
-1.89546	1.17574	5.14555	5.12583
-1.89645	1.18626	5.14653	5.12353
-1.90137	1.17114	5.14489	5.12156
-1.8948	1.1741	5.1439	5.12288
-1.88987	1.17673	5.14456	5.12616
-1.88035	1.18658	5.14489	5.12846
-1.87772	1.19546	5.14587	5.12846
-1.87706	1.19513	5.14719	5.12649
-1.87345	1.19283	5.14587	5.1255
-1.87115	1.19348	5.14357	5.12649
-1.88166	1.18133	5.1439	5.12715
-1.87805	1.18954	5.14226	5.12649
-1.87279	1.18757	5.14193	5.12583
-1.87082	1.19118	5.14259	5.12583
-1.88692	1.18034	5.14456	5.12649
-1.87805	1.18494	5.14555	5.12616
-1.87772	1.18297	5.14423	5.12715
-1.88955	1.18034	5.14522	5.12912
-1.89119	1.18199	5.1462	5.12945
-1.89185	1.18494	5.14653	5.12748
-1.90367	1.17246	5.1439	5.12518
-1.90334	1.15899	5.14325	5.12518
-1.90039	1.17114	5.1439	5.12616
-1.91747	1.1534	5.14456	5.1255
-1.90893	1.15242	5.14357	5.12452
-1.90992	1.1603	5.14193	5.12386
-1.92503	1.13468	5.13996	5.12583
-1.93357	1.12482	5.14193	5.1255
-1.93324	1.12613	5.14423	5.12386
-1.9362	1.11069	5.14423	5.12386
-1.94376	1.09426	5.1439	5.1255
-1.94737	1.08539	5.14423	5.1278
-1.95394	1.07587	5.1439	5.12846
-1.94408	1.08244	5.1439	5.12879
-1.93751	1.07521	5.14489	5.12518
-1.93883	1.07554	5.14522	5.12189
-1.93521	1.08145	5.14423	5.12222
-1.92963	1.07127	5.14325	5.12353
-1.92536	1.07882	5.14325	5.12682
-1.91846	1.07784	5.14292	5.12945
-1.92799	1.08079	5.14292	5.12748
-1.92437	1.08835	5.1439	5.12616
-1.91452	1.09722	5.14456	5.12518
-1.904	1.10314	5.14325	5.1255
-1.90302	1.11365	5.14357	5.12813
-1.90367	1.11529	5.14555	5.12879
-1.90203	1.12285	5.14686	5.12813
-1.90269	1.1327	5.1462	5.12518
-1.89743	1.1304	5.14587	5.12419
-1.8902	1.13895	5.14489	5.1255
-1.88462	1.14716	5.14555	5.1278
-1.88626	1.1557	5.14456	5.12813
-1.88133	1.16523	5.1439	5.12682
-1.88593	1.16359	5.14423	5.12715
-1.87575	1.17541	5.14686	5.12583
-1.87542	1.18034	5.14817	5.12485
-1.86786	1.18856	5.14522	5.12452
-1.86688	1.1879	5.14259	5.12485
-1.87542	1.19414	5.14127	5.12616
-1.88659	1.19118	5.14095	5.12813
-1.89217	1.16129	5.14292	5.12682
-1.88396	1.17311	5.14456	5.12518
-1.87838	1.17279	5.14522	5.12353
-1.87772	1.16786	5.14456	5.1232
-1.86228	1.17607	5.1439	5.1232
-1.86819	1.16753	5.14193	5.1255
-1.87903	1.16654	5.14029	5.12682
-1.87476	1.1787	5.1416	5.1278
-1.88035	1.1695	5.14259	5.12682
-1.87969	1.16819	5.14226	5.12649
-1.87509	1.16786	5.14062	5.12485
-1.86622	1.16227	5.13996	5.1255
-1.86918	1.16851	5.14062	5.12616
-1.88002	1.15702	5.14226	5.12748
-1.87969	1.14552	5.1439	5.1278
-1.8856	1.14585	5.14489	5.12616
-1.88068	1.1511	5.14522	5.12616
-1.87082	1.16326	5.14423	5.12485
-1.88068	1.1534	5.1439	5.1255
-1.88429	1.15439	5.14456	5.12616
-1.88692	1.15603	5.14587	5.12616
-1.89513	1.1488	5.14522	5.12452
-1.9017	1.13927	5.14522	5.12386
-1.90663	1.13665	5.14292	5.12288
-1.90367	1.15406	5.1416	5.12452
-1.89415	1.1695	5.14127	5.12682
-1.89349	1.1764	5.14127	5.12518
-1.88757	1.17739	5.13996	5.12353
-1.89053	1.17049	5.14095	5.12485
-1.88692	1.17804	5.14259	5.12682
-1.88199	1.19381	5.14193	5.1278
-1.88363	1.17673	5.14259	5.13043
-1.86753	1.19644	5.14127	5.13076
-1.86786	1.18856	5.1416	5.13109
-1.85735	1.19513	5.14357	5.1301
-1.85571	1.19874	5.14456	5.1278
-1.85768	1.19118	5.14456	5.12616
-1.84191	1.20038	5.14325	5.12649
-1.83665	1.19118	5.14292	5.1278
-1.83665	1.19841	5.14357	5.12945
-1.83435	1.20695	5.14423	5.12912
-1.84486	1.20465	5.14489	5.12649
-1.84421	1.20695	5.1439	5.1255
-1.84454	1.18921	5.14029	5.12748
-1.83797	1.18691	5.13963	5.12813
-1.83337	1.2017	5.14226	5.1278
-1.83764	1.20695	5.14456	5.12715
-1.83501	1.2063	5.14489	5.12682
-1.84125	1.21747	5.1439	5.12682
-1.84716	1.20958	5.14292	5.12715
-1.84881	1.2201	5.14357	5.1278
-1.85406	1.20827	5.14325	5.12879
-1.84486	1.20334	5.1439	5.12879
-1.84486	1.1971	5.1439	5.12715
-1.84092	1.19841	5.1439	5.12748
-1.83468	1.21221	5.14357	5.12649
-1.83435	1.2017	5.14325	5.1255
-1.84092	1.19973	5.14226	5.12518
-1.84421	1.19874	5.14193	5.12452
-1.84749	1.1994	5.14259	5.12452
-1.84388	1.20334	5.14292	5.12583
-1.84848	1.19677	5.14193	5.12386
-1.85209	1.19611	5.14127	5.12123
-1.84979	1.20761	5.14095	5.12288
-1.85603	1.20761	5.14127	5.12485
-1.86392	1.20104	5.14259	5.12813
-1.86753	1.20498	5.14292	5.12977
-1.86786	1.21024	5.1439	5.12879
-1.87312	1.20958	5.1439	5.12813
-1.88068	1.20268	5.14423	5.12715
-1.87739	1.2017	5.14489	5.12649
-1.87608	1.19677	5.14456	5.12649
-1.87608	1.2017	5.14292	5.12715
-1.88199	1.20203	5.14193	5.12715
-1.88692	1.20531	5.14226	5.12518
-1.89907	1.18888	5.14259	5.12485
-1.90926	1.17903	5.1439	5.12485
-1.91977	1.17443	5.14456	5.12649
-1.9316	1.16851	5.14423	5.12715
-1.9316	1.15964	5.14489	5.12682
-1.92339	1.16786	5.14456	5.12682
-1.93226	1.16326	5.14423	5.12583
-1.92667	1.16654	5.1439	5.12386
-1.93357	1.16096	5.14325	5.12419
-1.93718	1.14946	5.14357	5.12452
-1.92667	1.1603	5.14456	5.12386
-1.92404	1.1603	5.14456	5.12222
-1.92569	1.1442	5.14325	5.12222
-1.92601	1.12548	5.14193	5.1232
-1.92799	1.11201	5.14423	5.12452
-1.92339	1.11759	5.14719	5.12386
-1.92733	1.11398	5.14719	5.12353
-1.92273	1.12055	5.14587	5.12485
-1.91911	1.13336	5.14522	5.12682
-1.92897	1.12909	5.14259	5.12583
-1.92109	1.13533	5.14062	5.12583
-1.91977	1.13993	5.14193	5.12583
-1.91977	1.13468	5.14357	5.12485
-1.92306	1.13862	5.14555	5.12485
-1.91879	1.13862	5.14555	5.12748
-1.9063	1.15045	5.14456	5.1301
-1.90827	1.15472	5.14522	5.1301
-1.90696	1.16096	5.14686	5.12715
-1.89973	1.17213	5.14719	5.12518
-1.88429	1.181	5.14752	5.12518
-1.87082	1.18428	5.14522	5.12583
-1.86326	1.19118	5.14259	5.12682
-1.85702	1.20203	5.14029	5.1278
-1.85176	1.20761	5.14062	5.12813
-1.84848	1.20925	5.14193	5.12846
-1.84421	1.2086	5.14423	5.12682
-1.84946	1.20531	5.14357	5.12353
-1.85209	1.20433	5.14193	5.12288
-1.85702	1.20071	5.14029	5.1232
-1.85768	1.20235	5.1393	5.12419
-1.86458	1.19316	5.14029	5.12616
-1.85636	1.20235	5.14095	5.1255
-1.86063	1.1902	5.14292	5.12288
-1.85998	1.18494	5.14456	5.12386
-1.85636	1.1902	5.14587	5.12616
-1.86162	1.19217	5.1439	5.12682
-1.86359	1.19283	5.14095	5.12813
-1.87115	1.18363	5.13865	5.12879
-1.8764	1.1764	5.14029	5.12682
-1.86392	1.19513	5.14259	5.12583
-1.8764	1.19217	5.14489	5.12748
-1.87213	1.18921	5.14653	5.12682
-1.85735	1.21681	5.14653	5.12715
-1.85012	1.2247	5.14522	5.12583
-1.84388	1.22075	5.14325	5.12518
-1.83862	1.21878	5.14259	5.12452
-1.83764	1.22174	5.14423	5.1255
-1.82614	1.23291	5.14456	5.12682
-1.82318	1.24277	5.14357	5.12945
-1.80905	1.25131	5.14127	5.12879
-1.8015	1.26478	5.14259	5.12616
-1.79525	1.27069	5.14292	5.1278
-1.80215	1.26806	5.1439	5.12682
-1.79328	1.27036	5.14555	5.12682
-1.78343	1.2858	5.14555	5.12616
-1.78934	1.2858	5.1439	5.12649
-1.78441	1.2881	5.14423	5.12748
-1.77357	1.29008	5.14653	5.12715
-1.77883	1.2927	5.14785	5.12583
-1.78704	1.28646	5.14587	5.12419
-1.78178	1.2789	5.14357	5.12616
-1.7854	1.27233	5.14095	5.12616
-1.78014	1.27989	5.14127	5.12583
-1.77554	1.27858	5.14127	5.12682
-1.7716	1.28909	5.1416	5.12715
-1.76733	1.28285	5.14062	5.1255
-1.7555	1.29435	5.14029	5.12419
-1.75977	1.28745	5.1416	5.12353
-1.7486	1.29665	5.14259	5.12419
-1.74236	1.30059	5.14292	5.12518
-1.73875	1.29862	5.14226	5.12748
-1.7302	1.3019	5.1439	5.12813
-1.72988	1.30157	5.1462	5.12813
-1.72035	1.30157	5.14752	5.12715
-1.74564	1.26741	5.14785	5.12583
-1.7371	1.27661	5.14752	5.1255
-1.73842	1.26609	5.14686	5.12452
-1.73677	1.27003	5.14686	5.12715
-1.72659	1.29106	5.14489	5.12912
-1.72659	1.29008	5.14259	5.12912
-1.73842	1.29369	5.14292	5.1278
-1.74959	1.27792	5.14292	5.1278
-1.75254	1.27299	5.14127	5.1301
-1.76371	1.25492	5.14062	5.12977
-1.76174	1.25558	5.1416	5.12616
-1.77784	1.24868	5.14259	5.12386
-1.79263	1.23587	5.14325	5.12485
-1.8015	1.24539	5.1439	5.12616
-1.81201	1.24112	5.14555	5.12813
-1.81694	1.24507	5.14522	5.12813
-1.81858	1.25196	5.14259	5.12912
-1.83928	1.23521	5.14062	5.13076
-1.83797	1.22568	5.14226	5.1301
-1.84749	1.21484	5.14423	5.12715
-1.84454	1.21681	5.14587	5.1255
-1.85439	1.21451	5.14686	5.12649
-1.85866	1.19644	5.14587	5.12813
-1.86885	1.18199	5.1439	5.12879
-1.86293	1.17837	5.14226	5.12813
-1.86819	1.16687	5.14259	5.12583
-1.86622	1.1672	5.1439	5.12419
-1.86129	1.158	5.14259	5.1255
-1.85998	1.15702	5.13996	5.12649
-1.87115	1.16523	5.1393	5.12912
-1.87903	1.1672	5.1416	5.13076
-1.89546	1.15373	5.14357	5.12945
-1.8902	1.1557	5.14587	5.12583
-1.88856	1.16851	5.14587	5.12485
-1.89119	1.16983	5.1462	5.12419
-1.88823	1.17541	5.14456	5.12419
-1.88955	1.16457	5.1439	5.12583
-1.8764	1.16851	5.14226	5.12715
-1.87213	1.17114	5.14259	5.12715
-1.87246	1.17771	5.14325	5.12518
-1.87016	1.17213	5.1439	5.12452
-1.86852	1.1718	5.14325	5.12452
-1.87575	1.16753	5.14193	5.12419
-1.86983	1.17607	5.14193	5.12583
-1.86918	1.17706	5.14357	5.12748
-1.87148	1.1787	5.14587	5.12748
-1.85373	1.17213	5.14587	5.12518
-1.85538	1.16359	5.14292	5.12518
-1.86063	1.14617	5.14127	5.12616
-1.85242	1.15406	5.14259	5.1255
-1.85768	1.13993	5.1439	5.1255
-1.84815	1.14815	5.1439	5.12518
-1.84848	1.16622	5.14325	5.12353
-1.85932	1.15176	5.14325	5.12452
-1.85209	1.16753	5.14456	5.12583
-1.85111	1.17016	5.14522	5.12682
-1.86162	1.15932	5.14456	5.12649
-1.86721	1.15702	5.14226	5.12616
-1.86063	1.15373	5.14226	5.1232
-1.87706	1.14256	5.14292	5.1232
-1.87345	1.14256	5.14357	5.1232
-1.87509	1.1419	5.14522	5.12386
-1.87148	1.16162	5.14522	5.1255
-1.85998	1.17114	5.14325	5.12682
-1.86261	1.16457	5.1439	5.12682
-1.86359	1.15866	5.14555	5.1255
-1.87772	1.16194	5.14555	5.12518
-1.87443	1.1649	5.14456	5.12452
-1.88002	1.15537	5.1439	5.1255
-1.87805	1.15702	5.14456	5.12649
-1.87969	1.16359	5.14456	5.12846
-1.87838	1.15866	5.14292	5.12977
-1.87739	1.16654	5.14127	5.13043
-1.881	1.17311	5.14095	5.1278
-1.8856	1.15833	5.14259	5.1255
-1.87246	1.17147	5.14292	5.12583
-1.88232	1.16589	5.14292	5.12616
-1.88002	1.1833	5.14226	5.12682
-1.89382	1.17147	5.14095	5.12682
-1.88757	1.17804	5.13963	5.12846
-1.87772	1.18067	5.1416	5.12813
-1.88987	1.1741	5.14325	5.12616
-1.89809	1.16687	5.14292	5.1255
-1.91189	1.16162	5.14095	5.12715
-1.91287	1.14453	5.13996	5.1278
-1.91616	1.14815	5.14127	5.1301
-1.92174	1.1396	5.1439	5.12945
-1.92076	1.14355	5.14522	5.12846
-1.92601	1.14552	5.1439	5.12649
-1.91616	1.15406	5.14226	5.12715
-1.9017	1.15636	5.14062	5.12682
-1.8902	1.16194	5.13996	5.12813
-1.88232	1.16654	5.14062	5.12912
-1.87575	1.17114	5.14259	5.12846
-1.87575	1.17311	5.14456	5.12682
-1.87706	1.1695	5.14456	5.12649
-1.86491	1.18297	5.1439	5.12748
-1.85406	1.20104	5.14226	5.12813
-1.84815	1.20827	5.14095	5.12813
-1.83797	1.21714	5.14259	5.12583
-1.82154	1.23159	5.14522	5.1255
-1.82844	1.22765	5.14555	5.12649
-1.82318	1.22568	5.14686	5.12748
-1.8222	1.22437	5.14686	5.12649
-1.81595	1.22962	5.14653	5.1255
-1.80708	1.24441	5.14423	5.12288
-1.80643	1.25755	5.14325	5.12353
-1.8153	1.24539	5.14193	5.12452
-1.813	1.25788	5.14325	5.1255
-1.8015	1.27233	5.14292	5.1255
-1.80215	1.26642	5.14193	5.12583
-1.80872	1.27496	5.14292	5.12583
-1.80183	1.27825	5.14325	5.12583
-1.8038	1.2812	5.14226	5.12452
-1.80971	1.28252	5.14193	5.12419
-1.80675	1.2835	5.14292	5.1255
-1.7992	1.29008	5.14325	5.1255
-1.79788	1.29599	5.14259	5.12649
-1.78638	1.30552	5.14226	5.12715
-1.77423	1.31012	5.14259	5.12748
-1.77784	1.30355	5.14357	5.12748
-1.7808	1.30749	5.14357	5.12518
-1.78211	1.30059	5.14456	5.12288
-1.77489	1.30847	5.14423	5.12353
-1.78704	1.30289	5.14357	5.12682
-1.79427	1.30946	5.14325	5.12846
-1.79854	1.31866	5.14193	5.12649
-1.79657	1.32523	5.14325	5.1255
-1.80183	1.31012	5.14555	5.12715
-1.80248	1.31274	5.14555	5.1278
-1.80938	1.30519	5.14325	5.12682
-1.80741	1.30782	5.14095	5.1255
-1.8222	1.29599	5.14127	5.12616
-1.82022	1.28975	5.14127	5.12649
-1.83107	1.28843	5.14226	5.12616
-1.82811	1.29106	5.14226	5.12715
-1.82975	1.2881	5.14095	5.12649
-1.83698	1.28449	5.13996	5.12583
-1.84092	1.27923	5.13963	5.12616
-1.85111	1.26971	5.13897	5.12748
-1.84979	1.26839	5.1416	5.12715
-1.84388	1.26971	5.14325	5.12715
-1.83435	1.2812	5.14292	5.12518
-1.83337	1.28252	5.14226	5.12222
-1.83435	1.28088	5.14127	5.12255
-1.83304	1.27036	5.14029	5.12386
-1.83107	1.27332	5.13996	5.12616
-1.83304	1.27332	5.1416	5.12813
-1.85045	1.25755	5.14489	5.12846
-1.85176	1.25558	5.14555	5.12715
-1.84191	1.27069	5.1462	5.12649
-1.83632	1.27135	5.14719	5.12583
-1.84158	1.26346	5.1462	5.12518
-1.83599	1.26708	5.1462	5.12616
-1.84585	1.26281	5.14686	5.1255
-1.85472	1.25164	5.14587	5.1232
-1.84322	1.26872	5.14456	5.12452
-1.84026	1.28088	5.14423	5.1255
-1.84158	1.28285	5.14686	5.12616
-1.84585	1.27956	5.14752	5.12715
-1.85209	1.27398	5.14653	5.12682
-1.84552	1.28022	5.14456	5.12616
-1.84914	1.27595	5.14456	5.1255
-1.85768	1.27332	5.14555	5.12583
-1.85899	1.26839	5.1439	5.12945
-1.85833	1.26741	5.1439	5.13109
-1.86523	1.26248	5.14325	5.13043
-1.85209	1.26051	5.14259	5.12912
-1.86293	1.25032	5.14489	5.12813
-1.86458	1.24474	5.1462	5.12616
-1.87542	1.23751	5.14489	5.12583
-1.86589	1.24014	5.14259	5.12748
-1.85505	1.24736	5.14259	5.12813
-1.85998	1.23915	5.14259	5.12715
-1.8718	1.22864	5.14456	5.12583
-1.87772	1.21188	5.14555	5.12518
-1.87049	1.21714	5.14456	5.12616
-1.86556	1.21845	5.14292	5.12616
-1.86753	1.22075	5.14259	5.12452
-1.86293	1.23291	5.14325	5.12518
-1.86721	1.2224	5.14325	5.12518
-1.86556	1.22437	5.1439	5.12518
-1.86063	1.22962	5.1439	5.1255
-1.86655	1.22897	5.14489	5.12485
-1.86195	1.23817	5.14587	5.12485
-1.85768	1.24211	5.14555	5.12485
-1.85341	1.25131	5.14522	5.12485
-1.84815	1.25262	5.1439	5.1232
-1.84552	1.27102	5.14292	5.12419
-1.85242	1.26675	5.14292	5.1255
-1.85406	1.26313	5.14357	5.12583
-1.85603	1.26773	5.14357	5.12583
-1.85603	1.26576	5.14357	5.12583
-1.85866	1.27003	5.14423	5.12715
-1.86523	1.25591	5.14423	5.12846
-1.86589	1.24638	5.14587	5.12912
-1.86983	1.23685	5.14456	5.12748
-1.87575	1.23882	5.14292	5.12682
-1.89053	1.2247	5.14259	5.12583
-1.89677	1.21845	5.14226	5.12485
-1.90072	1.21517	5.14325	5.12583
-1.904	1.19874	5.14357	5.12682
-1.91024	1.18067	5.14325	5.12682
-1.9178	1.16983	5.14325	5.12846
-1.90794	1.1718	5.14292	5.1278
-1.91024	1.1603	5.14325	5.1278
-1.90926	1.15143	5.14325	5.12748
-1.91583	1.1396	5.14259	5.12649
-1.90827	1.1465	5.14127	5.12682
-1.90992	1.14026	5.14062	5.12682
-1.90203	1.14847	5.14259	5.12485
-1.90269	1.15307	5.14357	5.12386
-1.90072	1.15307	5.14259	5.12452
-1.90302	1.16753	5.14029	5.1255
-1.89743	1.17903	5.14029	5.12583
-1.89185	1.18166	5.14127	5.12846
-1.88725	1.19118	5.14127	5.12945
-1.88462	1.18757	5.14029	5.1278
-1.88593	1.17377	5.14029	5.12649
-1.88298	1.17509	5.1416	5.12682
-1.90006	1.16819	5.14259	5.12682
-1.88133	1.18264	5.14325	5.12518
-1.88495	1.17081	5.14292	5.12485
-1.8971	1.15964	5.14325	5.12386
-1.90762	1.15373	5.14325	5.12386
-1.89677	1.16983	5.1439	5.12386
-1.90072	1.15537	5.14423	5.12386
-1.89349	1.17246	5.14325	5.1255
-1.90203	1.17279	5.14259	5.12715
-1.90597	1.16753	5.14357	5.12879
-1.89842	1.16326	5.1439	5.12748
-1.90433	1.15537	5.14456	5.12485
-1.90269	1.1534	5.14522	5.12649
-1.91156	1.15209	5.14555	5.12682
-1.90499	1.16293	5.1462	5.12583
-1.89907	1.16523	5.14686	5.12682
-1.90564	1.16063	5.14686	5.1255
-1.90532	1.17246	5.14555	5.12419
-1.90466	1.16917	5.14226	5.12288
-1.90794	1.16654	5.14127	5.12222
-1.927	1.1488	5.14226	5.12222
-1.9247	1.15997	5.14357	5.12386
-1.92601	1.15899	5.14456	5.12583
-1.91156	1.16129	5.14325	5.12748
-1.90827	1.17443	5.14226	5.12583
-1.90696	1.17049	5.14259	5.12386
-1.90762	1.1603	5.14423	5.12386
-1.92306	1.13599	5.14555	5.12583
-1.91747	1.13829	5.14555	5.12715
-1.9063	1.1511	5.14423	5.12419
-1.89447	1.16819	5.14423	5.12189
-1.8879	1.18231	5.14587	5.12189
-1.88692	1.19546	5.14522	5.12353
-1.88265	1.19578	5.14259	5.12518
-1.89907	1.17377	5.14127	5.1255
-1.89907	1.18166	5.14127	5.12813
-1.90466	1.17969	5.14357	5.1301
-1.89875	1.17541	5.14456	5.12879
-1.89415	1.18001	5.14357	5.12682
-1.88823	1.18034	5.14226	5.12583
-1.88232	1.1902	5.14029	5.12452
-1.8764	1.20663	5.13996	5.12452
-1.87706	1.21648	5.14292	5.12682
-1.88133	1.20038	5.14587	5.12616
-1.87378	1.20498	5.14785	5.1255
-1.85768	1.22272	5.14752	5.12353
-1.86786	1.20465	5.1462	5.12288
-1.8718	1.19348	5.14522	5.1255
-1.86589	1.19611	5.14357	5.12846
-1.87279	1.18757	5.1393	5.1301
-1.86688	1.18626	5.14062	5.12813
-1.85571	1.20203	5.1439	5.12616
-1.85144	1.20268	5.1462	5.12452
-1.85373	1.20268	5.14653	5.12518
-1.85636	1.2178	5.14456	5.12616
-1.85111	1.21812	5.14226	5.12518
-1.85373	1.21714	5.14292	5.12518
-1.85801	1.21287	5.14522	5.1255
-1.84815	1.22897	5.14587	5.12583
-1.85866	1.21944	5.14522	5.12715
-1.86458	1.21747	5.14226	5.12682
-1.86096	1.22437	5.13996	5.12748
-1.84585	1.25394	5.14226	5.12682
-1.84618	1.27332	5.14522	5.12715
-1.84979	1.27825	5.1462	5.12616
-1.84486	1.2835	5.14587	5.12616
-1.84552	1.27365	5.14587	5.12386
-1.84618	1.27858	5.1439	5.12452
-1.84848	1.26445	5.1416	5.1255
-1.85111	1.26182	5.14193	5.12682
-1.84979	1.25262	5.14226	5.12616
-1.85998	1.24507	5.14292	5.12583
-1.86918	1.24309	5.14423	5.1232
-1.86918	1.23784	5.1439	5.12222
-1.86458	1.24572	5.14292	5.12386
-1.86129	1.25262	5.14127	5.1255
-1.86261	1.25361	5.14226	5.1255
-1.86458	1.25065	5.14226	5.12616
-1.86753	1.24638	5.14325	5.12616
-1.88429	1.23652	5.14259	5.1255
-1.88396	1.23192	5.1416	5.1255
-1.88166	1.23751	5.14226	5.12518
-1.90137	1.20433	5.14357	5.12616
-1.90794	1.204	5.14489	5.12616
-1.90532	1.2017	5.14423	5.12452
-1.9132	1.20367	5.14292	5.12353
-1.92076	1.18757	5.14259	5.12353
-1.91189	1.204	5.14357	5.12518
-1.90959	1.20005	5.1439	5.12682
-1.9224	1.1856	5.14259	5.12682
-1.92667	1.18658	5.14292	5.12649
-1.92043	1.17246	5.14456	5.12452
-1.92174	1.17574	5.14555	5.1232
-1.93061	1.16392	5.14456	5.12419
-1.92864	1.16983	5.14292	5.12682
-1.92963	1.16622	5.13996	5.12649
-1.93488	1.15767	5.14029	5.12518
-1.92996	1.1603	5.14029	5.12452
-1.93127	1.15833	5.14226	5.12485
-1.9362	1.16162	5.14489	5.12353
-1.94244	1.15504	5.14719	5.12419
-1.93521	1.1557	5.14653	5.12518
-1.93357	1.14913	5.14522	5.12649
-1.9293	1.14683	5.14259	5.12649
-1.93127	1.14552	5.1416	5.1255
-1.9293	1.13763	5.14259	5.1255
-1.92141	1.14256	5.14292	5.12748
-1.92174	1.14716	5.14325	5.12616
-1.91156	1.16622	5.14489	5.1232
-1.91222	1.15504	5.14325	5.12419
-1.91616	1.15932	5.14226	5.12682
-1.90597	1.17114	5.14193	5.12846
-1.90926	1.17377	5.14292	5.12813
-1.89809	1.1764	5.14489	5.12715
-1.89316	1.1741	5.1439	5.12748
-1.88495	1.19381	5.14226	5.12715
-1.89809	1.18757	5.14325	5.12649
-1.8856	1.18658	5.14423	5.12583
-1.88462	1.1902	5.14423	5.12452
-1.87706	1.19381	5.14587	5.12353
-1.88298	1.17673	5.14587	5.12583
-1.87575	1.181	5.1439	5.12813
-1.87049	1.17246	5.14259	5.12616
-1.87903	1.16063	5.1416	5.12616
-1.87345	1.16359	5.14226	5.12583
-1.86753	1.17673	5.14292	5.1255
-1.88298	1.16589	5.14292	5.12485
-1.88922	1.16753	5.14193	5.12485
-1.88462	1.17969	5.13996	5.12386
-1.89316	1.17509	5.13897	5.12485
-1.89907	1.17016	5.13963	5.12583
-1.89152	1.18067	5.1416	5.12485
-1.89086	1.18757	5.1439	5.12485
-1.89809	1.1741	5.14489	5.12518
-1.90367	1.16753	5.14423	5.12583
-1.90236	1.16687	5.14325	5.12583
-1.9017	1.15504	5.14029	5.12682
-1.90269	1.16622	5.14029	5.12616
-1.89776	1.1672	5.14029	5.12485
-1.9017	1.16819	5.14193	5.1232
-1.90466	1.16194	5.14259	5.12123
-1.90137	1.16293	5.1416	5.12189
-1.90663	1.16424	5.14193	5.12353
-1.90959	1.1534	5.14259	5.1255
-1.90006	1.158	5.14423	5.12649
-1.88987	1.17279	5.14555	5.12485
-1.88987	1.18001	5.14686	5.12452
-1.8902	1.17574	5.14719	5.1255
-1.88955	1.18396	5.14653	5.12452
-1.89217	1.17969	5.1462	5.12583
-1.90104	1.17016	5.14489	5.12813
-1.89579	1.17246	5.14423	5.12813
-1.89415	1.17476	5.14259	5.12649
-1.89447	1.17279	5.1439	5.12616
-1.88232	1.17509	5.14522	5.12813
-1.88232	1.17903	5.14456	5.12813
-1.87378	1.19841	5.14292	5.12518
-1.8787	1.19513	5.14226	5.12386
-1.8764	1.18888	5.14259	5.12353
-1.87443	1.18757	5.14489	5.12419
-1.86819	1.19086	5.1439	5.1232
-1.87903	1.18166	5.14292	5.12452
-1.87772	1.18133	5.14127	5.12518
-1.87575	1.18691	5.13996	5.1232
-1.86885	1.18954	5.14062	5.12156
-1.86162	1.19841	5.14292	5.1232
-1.86983	1.18888	5.14357	5.12419
-1.87213	1.19644	5.1439	5.12386
-1.87608	1.18363	5.14292	5.12189
-1.87279	1.18231	5.14292	5.12222
-1.85505	1.20203	5.14357	5.12583
-1.86228	1.18757	5.14357	5.1278
-1.85965	1.18626	5.14423	5.12846
-1.85801	1.19151	5.14423	5.1278
-1.84815	1.20531	5.14522	5.12715
-1.84486	1.204	5.14423	5.1255
-1.82909	1.21747	5.14292	5.1255
-1.82877	1.2178	5.14226	5.12583
-1.82285	1.22502	5.14292	5.12583
-1.81694	1.22765	5.14259	5.12452
-1.81464	1.23685	5.14325	5.12288
-1.8084	1.25065	5.1439	5.12222
-1.81595	1.24408	5.14193	5.12518
-1.81398	1.24277	5.14062	5.12715
-1.81497	1.24211	5.14226	5.12583
-1.82285	1.23422	5.14292	5.12682
-1.82187	1.23028	5.1439	5.12682
-1.82022	1.22568	5.14522	5.12748
-1.8199	1.22634	5.14555	5.12616
-1.81727	1.23521	5.14522	5.1255
-1.81957	1.22338	5.14522	5.12616
-1.81628	1.23324	5.14587	5.12748
-1.81431	1.22831	5.14587	5.1278
-1.82384	1.23817	5.14489	5.12846
-1.83074	1.23324	5.14325	5.1278
-1.84454	1.21747	5.14292	5.12518
-1.84946	1.2063	5.14259	5.12452
-1.85012	1.21385	5.14325	5.1255
-1.83797	1.2224	5.14292	5.12583
-1.84946	1.21188	5.14325	5.12452
-1.85012	1.20925	5.14226	5.12189
-1.85669	1.20005	5.14062	5.11992
-1.84815	1.21188	5.13897	5.12156
-1.86063	1.20071	5.1393	5.12419
-1.86655	1.1925	5.1393	5.12583
-1.86556	1.20005	5.1393	5.12649
-1.86425	1.21057	5.14193	5.12715
-1.85801	1.21123	5.14456	5.12715
-1.85373	1.20564	5.14686	5.12715
-1.85603	1.20827	5.14555	5.12813
-1.85603	1.21353	5.14357	5.12715
-1.85242	1.21977	5.14259	5.12616
-1.84486	1.21057	5.14127	5.1255
-1.85176	1.20334	5.14357	5.12583
-1.85012	1.20367	5.14653	5.12518
-1.85636	1.18823	5.14555	5.12452
-1.84388	1.1925	5.1439	5.12485
-1.83567	1.19743	5.14423	5.12583
-1.83435	1.19053	5.14456	5.1255
-1.83829	1.18396	5.14456	5.12518
-1.83468	1.19381	5.1439	5.12419
-1.83829	1.18921	5.14357	5.12485
-1.83731	1.18724	5.14423	5.1255
-1.84355	1.17837	5.1462	5.12813
-1.84454	1.18428	5.14587	5.12879
-1.83698	1.19841	5.14423	5.1278
-1.84059	1.19611	5.14423	5.12649
-1.84026	1.17509	5.1462	5.12649
-1.82581	1.18363	5.14653	5.12616
-1.81727	1.18921	5.14489	5.12583
-1.81464	1.18954	5.1439	5.12616
-1.82811	1.18461	5.14226	5.12748
-1.83698	1.1764	5.14193	5.12846
-1.83041	1.1764	5.1416	5.12879
-1.84322	1.16162	5.14259	5.12583
-1.85045	1.16293	5.1439	5.12485
-1.85669	1.16424	5.14456	5.12485
-1.86458	1.15012	5.1439	5.1255
-1.86753	1.1649	5.14127	5.12583
-1.8695	1.16884	5.13996	5.12616
-1.87246	1.16194	5.14095	5.12813
-1.8741	1.16392	5.14456	5.12748
-1.88955	1.16523	5.14785	5.12616
-1.89086	1.16884	5.14817	5.12583
-1.89743	1.15767	5.14522	5.12616
-1.89152	1.16457	5.14259	5.12649
-1.88725	1.1741	5.14292	5.12715
-1.89119	1.17114	5.14489	5.12682
-1.8948	1.1695	5.1462	5.12616
-1.91287	1.1557	5.14555	5.1255
-1.91254	1.1557	5.14292	5.1255
-1.92076	1.14847	5.14029	5.12485
-1.92536	1.14847	5.13865	5.1255
-1.92864	1.14125	5.14095	5.12583
-1.93291	1.14683	5.14456	5.1255
-1.92601	1.14223	5.14522	5.12419
-1.91879	1.14289	5.14456	5.12255
-1.93193	1.13566	5.14423	5.12255
-1.92799	1.12975	5.14489	5.12452
-1.93521	1.12449	5.14587	5.1278
-1.92963	1.1281	5.14587	5.12846
-1.93324	1.11332	5.14489	5.12748
-1.93686	1.09394	5.14357	5.12583
-1.93488	1.10018	5.14325	5.1255
-1.93883	1.09229	5.14325	5.12715
-1.93193	1.10215	5.14226	5.1278
-1.92174	1.10543	5.14259	5.12813
-1.9247	1.11102	5.1439	5.12912
-1.93587	1.10379	5.14423	5.12682
-1.9431	1.09394	5.14456	5.1255
-1.93653	1.08408	5.14325	5.12419
-1.94408	1.08112	5.14292	5.12419
-1.9362	1.08737	5.14226	5.12682
-1.94014	1.09361	5.14292	5.12879
-1.94638	1.07849	5.14357	5.12682
-1.94211	1.08671	5.14357	5.12583
-1.94441	1.08769	5.14226	5.12583
-1.94113	1.08244	5.14095	5.1255
-1.94868	1.07784	5.14062	5.12485
-1.94704	1.08211	5.1416	5.12583
-1.93883	1.08572	5.14193	5.12682
-1.93784	1.08474	5.14226	5.12912
-1.94573	1.08309	5.14357	5.13043
-1.93883	1.08966	5.14522	5.12912
-1.93488	1.08802	5.14587	5.12945
-1.93916	1.07587	5.14555	5.12846
-1.94178	1.06502	5.14489	5.12649
-1.95	1.06502	5.14357	5.12485
-1.94408	1.06897	5.14292	5.12452
-1.94934	1.07258	5.14357	5.12616
-1.94178	1.08244	5.14456	5.12715
-1.93554	1.09098	5.14489	5.12748
-1.9454	1.08605	5.14522	5.12912
-1.9477	1.08868	5.14522	5.1301
-1.94901	1.08244	5.14357	5.1301
-1.9569	1.06568	5.14325	5.12846
-1.95033	1.06995	5.1439	5.12649
-1.95263	1.07882	5.1439	5.12583
-1.95	1.07291	5.14259	5.12452
-1.9592	1.07258	5.14259	5.12452
-1.95295	1.08079	5.14193	5.12386
-1.9546	1.08047	5.1416	5.1255
-1.95033	1.08474	5.1416	5.1278
-1.94507	1.09131	5.14423	5.1278
-1.92831	1.10215	5.14522	5.12846
-1.92963	1.11233	5.14423	5.12977
-1.93094	1.12318	5.14292	5.12912
-1.94211	1.10478	5.14292	5.12748
-1.93916	1.10839	5.14259	5.12682
-1.93686	1.11003	5.14095	5.12583
-1.93751	1.11299	5.14029	5.12583
-1.93981	1.10741	5.14062	5.12682
-1.93423	1.10938	5.14062	5.1255
-1.92601	1.13106	5.14193	5.12485
-1.90992	1.14552	5.14357	5.12452
-1.90762	1.14453	5.14489	5.12452
-1.91386	1.14256	5.14489	5.12452
-1.90499	1.16457	5.14325	5.12518
-1.88856	1.17541	5.14127	5.12485
-1.87476	1.18166	5.14095	5.12485
-1.86293	1.20367	5.1439	5.1255
-1.84421	1.2109	5.14357	5.12649
-1.83731	1.21418	5.14226	5.12715
-1.83402	1.19348	5.14127	5.12846
-1.82909	1.20268	5.14062	5.12945
-1.82778	1.21024	5.14259	5.12813
-1.82417	1.21681	5.14226	5.1278
-1.82318	1.22141	5.14062	5.12715
-1.83074	1.21747	5.14193	5.12649
-1.82844	1.2224	5.14456	5.12583
-1.81694	1.2201	5.14522	5.12353
-1.81332	1.22108	5.1439	5.1232
-1.82022	1.20663	5.14226	5.12386
-1.80445	1.21123	5.14127	5.12419
-1.82055	1.1971	5.14292	5.12518
-1.8199	1.20071	5.14357	5.12715
-1.82022	1.21812	5.14357	5.12813
-1.82022	1.20465	5.14522	5.12682
-1.81398	1.21977	5.14587	5.12518
-1.80511	1.22371	5.14489	5.12485
-1.80183	1.23028	5.14259	5.1255
-1.79197	1.23619	5.14357	5.1255
-1.79624	1.22831	5.14489	5.12715
-1.78606	1.23619	5.14489	5.12813
-1.7762	1.25196	5.14357	5.12748
-1.7831	1.24736	5.14259	5.12616
-1.78408	1.26018	5.14292	5.12846
-1.78441	1.26346	5.14522	5.12846
-1.78244	1.25854	5.14587	5.12682
-1.78244	1.25722	5.14653	5.12715
-1.78737	1.24638	5.14817	5.12748
-1.7831	1.25229	5.14785	5.12616
-1.78047	1.25394	5.14522	5.12419
-1.78901	1.25065	5.14357	5.12452
-1.79558	1.24704	5.14456	5.1255
-1.80018	1.25591	5.14423	5.12616
-1.81464	1.25196	5.14357	5.12616
-1.82055	1.25558	5.14259	5.12583
-1.82548	1.26609	5.14456	5.12616
-1.83961	1.24966	5.14357	5.12419
-1.83534	1.24769	5.14193	5.12353
-1.83928	1.24966	5.14062	5.12485
-1.83764	1.24769	5.14029	5.12583
-1.84421	1.23784	5.14193	5.1255
-1.84651	1.24079	5.1439	5.12255
-1.85144	1.22338	5.14456	5.12189
-1.85406	1.21582	5.14357	5.12419
-1.86293	1.21582	5.14259	5.12715
-1.86063	1.2132	5.14193	5.12879
-1.86556	1.20925	5.14522	5.12879
-1.86556	1.21484	5.14752	5.12912
-1.87312	1.20465	5.14916	5.12715
-1.87279	1.19907	5.1485	5.12583
-1.87378	1.18626	5.14555	5.12649
-1.88232	1.18133	5.14226	5.12649
-1.87936	1.19053	5.14193	5.12879
-1.87772	1.1971	5.14357	5.1301
-1.87476	1.20203	5.14587	5.1301
-1.88823	1.19217	5.14817	5.12945
-1.88725	1.18428	5.14653	5.12748
-1.89217	1.18494	5.14522	5.12583
-1.89579	1.18494	5.14292	5.12682
-1.89382	1.18823	5.14292	5.12879
-1.90597	1.1833	5.1439	5.1301
-1.9063	1.17377	5.14489	5.12945
-1.90269	1.17509	5.1439	5.12715
-1.9063	1.16622	5.14423	5.12583
-1.90236	1.16359	5.14325	5.12386
-1.90269	1.1557	5.1416	5.12452
-1.90367	1.14847	5.14127	5.12485
-1.9109	1.14125	5.14259	5.12616
-1.91714	1.13796	5.14357	5.12682
-1.92076	1.12515	5.14423	5.12616
-1.92536	1.10938	5.1439	5.12518
-1.91681	1.11726	5.14325	5.12353
-1.9109	1.11332	5.14062	5.12386
-1.91123	1.10478	5.1416	5.12518
-1.91353	1.09492	5.1439	5.12518
-1.9109	1.09525	5.14587	5.1255
-1.90992	1.10379	5.14653	5.12485
-1.91287	1.10412	5.14456	5.12419
-1.91254	1.10478	5.14193	5.12583
-1.91287	1.10642	5.1416	5.12945
-1.90367	1.11792	5.14226	5.13142
-1.90433	1.11496	5.14522	5.1301
-1.91287	1.12285	5.14719	5.12813
-1.91254	1.13073	5.14752	5.1255
-1.91649	1.12843	5.14653	5.12518
-1.91681	1.1327	5.14555	5.12649
-1.9201	1.12942	5.14423	5.12748
-1.90926	1.13829	5.14489	5.12748
-1.91452	1.13073	5.14522	5.12715
-1.92601	1.13106	5.14489	5.12649
-1.91747	1.14223	5.14423	5.12583
-1.92634	1.13697	5.14423	5.1278
-1.91977	1.15012	5.14489	5.12912
-1.91287	1.15932	5.1439	5.12945
-1.90827	1.16654	5.14489	5.12912
-1.90794	1.15964	5.14587	5.12813
-1.91879	1.1603	5.14555	5.12616
-1.91484	1.16556	5.14292	5.12419
-1.91813	1.16129	5.14193	5.12485
-1.91879	1.15669	5.14193	5.12682
-1.92076	1.15669	5.14456	5.12846
-1.91649	1.16063	5.14522	5.12879
-1.91846	1.14847	5.14423	5.12813
-1.91681	1.1649	5.14292	5.12616
-1.92371	1.16293	5.1416	5.12583
-1.92536	1.16096	5.1416	5.12813
-1.92864	1.16687	5.14127	5.12879
-1.92503	1.16227	5.14259	5.12616
-1.92404	1.16589	5.14423	5.12485
-1.91452	1.17804	5.14489	5.12649
-1.90762	1.1856	5.14653	5.12649
-1.90499	1.17739	5.14686	5.12616
-1.8902	1.19316	5.14587	5.12748
-1.88692	1.19907	5.14423	5.12846
-1.881	1.22075	5.14292	5.12879
-1.87509	1.23258	5.14357	5.12583
-1.86786	1.23455	5.14456	5.12386
-1.86885	1.22174	5.14423	5.12518
-1.88593	1.21123	5.14127	5.12748
-1.88593	1.20695	5.1416	5.12813
-1.88265	1.19841	5.14357	5.12813
-1.89809	1.18658	5.1462	5.12649
-1.89842	1.17541	5.14587	5.1255
-1.8925	1.17541	5.14456	5.1255
-1.88298	1.17837	5.14555	5.12682
-1.88495	1.18428	5.14522	5.1278
-1.89546	1.18954	5.14653	5.1278
-1.89907	1.18626	5.14752	5.12715
-1.89513	1.18626	5.14785	5.12682
-1.89513	1.18461	5.14686	5.12518
-1.88035	1.20071	5.14522	5.12419
-1.87936	1.19874	5.1439	5.12452
-1.87608	1.21451	5.14325	5.12616
-1.87049	1.21977	5.14226	5.12583
-1.87213	1.21615	5.14193	5.12485
-1.86918	1.20531	5.1439	5.12452
-1.85932	1.21385	5.14587	5.12255
-1.85768	1.21615	5.14555	5.12189
-1.85275	1.22502	5.1462	5.12156
-1.85242	1.21812	5.14489	5.12189
-1.85472	1.21878	5.14292	5.12419
-1.83829	1.23324	5.14226	5.1255
-1.82417	1.25492	5.14292	5.1255
-1.82712	1.25262	5.14522	5.12518
-1.84421	1.22995	5.1439	5.12518
-1.84684	1.22667	5.14127	5.12386
-1.84059	1.23258	5.14029	5.12419
-1.83435	1.227	5.14226	5.1255
-1.83337	1.23587	5.14259	5.12583
-1.82877	1.24572	5.14292	5.12452
-1.82877	1.25229	5.14325	5.12353
-1.83468	1.26116	5.14292	5.12353
-1.82811	1.26543	5.14587	5.12386
-1.83172	1.26675	5.14686	5.12419
-1.82121	1.26675	5.14423	5.12748
-1.81661	1.27299	5.14226	5.12977
-1.82022	1.27628	5.14325	5.12945
-1.81332	1.28482	5.1439	5.12715
-1.81792	1.28285	5.14456	5.12583
-1.80544	1.30157	5.14555	5.12452
-1.80675	1.30125	5.14489	5.1232
-1.80511	1.30355	5.14292	5.12485
-1.81595	1.27069	5.14062	5.12616
-1.81628	1.28022	5.13963	5.12616
-1.81858	1.27792	5.14127	5.12715
-1.82647	1.25492	5.14193	5.12748
-1.83895	1.24802	5.14292	5.12616
-1.83304	1.25525	5.14357	5.1255
-1.83238	1.26182	5.14555	5.12386
-1.82022	1.25656	5.14587	5.12419
-1.82614	1.25196	5.14456	5.12649
-1.82712	1.25558	5.14456	5.12616
-1.83271	1.25788	5.14456	5.1255
-1.83534	1.25295	5.14292	5.12485
-1.83205	1.25361	5.14062	5.12649
-1.83665	1.24605	5.1393	5.12748
-1.84651	1.23587	5.14127	5.12715
-1.83797	1.23915	5.14292	5.12419
-1.83994	1.23324	5.14423	5.12353
-1.83501	1.24638	5.14357	5.12485
-1.82844	1.25755	5.14292	5.1255
-1.83041	1.25295	5.14325	5.12616
-1.82417	1.26182	5.14357	5.12616
-1.81924	1.26248	5.14292	5.12485
-1.82548	1.25919	5.14292	5.12353
-1.81595	1.25656	5.14357	5.12288
-1.82581	1.25624	5.14456	5.12222
-1.82942	1.25558	5.14456	5.12452
-1.83665	1.24934	5.14522	5.12616
-1.83337	1.25196	5.14456	5.12682
-1.82285	1.26576	5.14423	5.12682
-1.82614	1.26839	5.14325	5.12485
-1.8176	1.26708	5.14259	5.12255
-1.82318	1.25361	5.14062	5.1232
-1.82614	1.26149	5.13996	5.12353
-1.83041	1.26708	5.14062	5.12386
-1.83107	1.25985	5.14292	5.12353
-1.83074	1.26051	5.1439	5.12222
-1.83008	1.25591	5.14423	5.12353
-1.82975	1.25656	5.14555	5.12485
-1.82581	1.26445	5.14653	5.12682
-1.84618	1.24835	5.14653	5.12945
-1.85111	1.24507	5.14555	5.12977
-1.84355	1.24605	5.14489	5.12682
-1.84158	1.24671	5.14653	5.12419
-1.84026	1.24342	5.14555	5.12386
-1.85045	1.22667	5.14456	5.12353
-1.85308	1.23028	5.14423	5.12419
-1.85406	1.22502	5.14193	5.12649
-1.85275	1.22437	5.14029	5.12682
-1.86753	1.21385	5.14029	5.12682
-1.86852	1.2132	5.14193	5.12748
-1.8718	1.21254	5.14259	5.12616
-1.87838	1.19611	5.14325	5.12682
-1.88035	1.18724	5.14357	5.1278
-1.88035	1.17509	5.1416	5.1278
-1.8764	1.17377	5.14062	5.12748
-1.88626	1.17114	5.14259	5.12649
-1.90006	1.16753	5.14357	5.12452
-1.9063	1.15636	5.14095	5.12353
-1.90794	1.15734	5.13897	5.12485
-1.91189	1.14125	5.13799	5.12518
-1.90597	1.16063	5.13963	5.12616
-1.9109	1.16129	5.14226	5.12616
-1.90433	1.16983	5.14226	5.12452
-1.90992	1.15866	5.1416	5.12419
-1.9201	1.15406	5.14029	5.12288
-1.91879	1.14716	5.1393	5.12419
-1.91517	1.15373	5.14062	5.12649
-1.92339	1.15012	5.1416	5.12682
-1.92076	1.15242	5.14259	5.12616
-1.9132	1.15274	5.14259	5.12583
-1.92404	1.13697	5.14226	5.12616
-1.91911	1.14387	5.14357	5.12649
-1.91911	1.15143	5.14259	5.12649
-1.927	1.14979	5.14325	5.12813
-1.92864	1.14847	5.14292	5.12715
-1.93127	1.1465	5.14292	5.12485
-1.92996	1.15176	5.14423	5.12288
-1.92963	1.14913	5.14226	5.12189
-1.91419	1.16457	5.14095	5.1232
-1.91813	1.15669	5.14095	5.12518
-1.90926	1.16096	5.14127	5.12583
-1.9132	1.1603	5.14259	5.12485
-1.91616	1.15603	5.14423	5.12419
-1.91287	1.17049	5.14456	5.12419
-1.90466	1.18396	5.14489	5.1255
-1.90729	1.17049	5.14522	5.12616
-1.90959	1.18034	5.14489	5.1255
-1.90499	1.18954	5.14259	5.1255
-1.90302	1.19447	5.14193	5.12452
-1.89447	1.19513	5.14325	5.12353
-1.87575	1.20925	5.14587	5.1232
-1.87246	1.21188	5.14719	5.12255
-1.8718	1.21451	5.14555	5.12419
-1.85899	1.21681	5.14357	5.12583
-1.86425	1.20794	5.14259	5.12715
-1.86655	1.20991	5.14193	5.12649
-1.85012	1.21353	5.14259	5.12452
-1.84782	1.22042	5.14292	5.12386
-1.84026	1.23159	5.14259	5.12386
-1.83172	1.25656	5.14226	5.1255
-1.82055	1.25196	5.14292	5.12682
-1.81825	1.25656	5.14292	5.12813
-1.8084	1.26839	5.14456	5.1278
-1.80905	1.26872	5.1439	5.12682
-1.80051	1.26806	5.14226	5.12583
-1.79755	1.27529	5.14062	5.12452
-1.79263	1.28219	5.14029	5.12485
-1.78244	1.29665	5.13996	5.12649
-1.77357	1.31866	5.14062	5.12682
-1.76141	1.32359	5.14325	5.12649
-1.75353	1.32523	5.14489	5.12583
-1.73677	1.33739	5.14489	5.1255
-1.73875	1.32983	5.14259	5.12518
-1.74794	1.3364	5.14062	5.1255
-1.75977	1.32556	5.14029	5.12649
-1.76437	1.32063	5.14062	5.12813
-1.76799	1.32129	5.14259	5.12748
-1.76634	1.33213	5.14522	5.12485
-1.75747	1.33673	5.14456	5.12386
-1.75714	1.3318	5.14325	5.12583
-1.75977	1.32983	5.14127	5.12583
-1.76404	1.32194	5.14029	5.1255
-1.77127	1.30683	5.1416	5.12452
-1.77489	1.31176	5.1439	5.1232
-1.79033	1.30256	5.14653	5.12419
-1.79295	1.29073	5.14456	5.12682
-1.80544	1.27693	5.14226	5.12682
-1.81037	1.26773	5.14193	5.12649
-1.80347	1.27266	5.14292	5.1278
-1.81135	1.27201	5.14292	5.12583
-1.82252	1.26116	5.14259	5.1255
-1.82778	1.24441	5.1416	5.12583
-1.83337	1.24507	5.14193	5.12485
-1.84651	1.23324	5.14226	5.12386
-1.85308	1.21484	5.14259	5.12485
-1.85866	1.21057	5.14226	5.1255
-1.85603	1.21024	5.14193	5.12715
-1.85768	1.22174	5.14292	5.12715
-1.84651	1.2247	5.1439	5.12485
-1.85571	1.21845	5.14522	5.1255
-1.85735	1.22272	5.14555	5.12485
-1.86523	1.21977	5.14423	5.12616
-1.84716	1.23685	5.1439	5.1278
-1.84979	1.24178	5.14522	5.1278
-1.85209	1.23817	5.14325	5.12583
-1.85932	1.23225	5.14292	5.12485
-1.85636	1.2293	5.14357	5.1255
-1.86162	1.22897	5.1439	5.12748
-1.85144	1.23324	5.14522	5.12715
-1.83895	1.23981	5.14423	5.12616
-1.82647	1.26543	5.14292	5.1232
-1.83008	1.25525	5.14259	5.12222
-1.83107	1.25525	5.14423	5.12255
-1.81957	1.24868	5.1439	5.1232
-1.80643	1.26806	5.14357	5.12518
-1.79953	1.26905	5.14423	5.12649
-1.80741	1.26576	5.14456	5.12649
-1.81825	1.25755	5.14489	5.12419
-1.82022	1.25591	5.14522	5.12255
-1.81365	1.25952	5.14653	5.12353
-1.8061	1.26971	5.14456	5.12583
-1.80741	1.25689	5.14226	5.12583
-1.80018	1.25196	5.14095	5.1255
-1.80117	1.24572	5.14193	5.12715
-1.79361	1.24835	5.14292	5.1278
-1.79263	1.24441	5.14456	5.12649
-1.80511	1.24211	5.14587	5.12649
-1.81858	1.22371	5.14489	5.12616
-1.83008	1.2178	5.14423	5.12748
-1.83107	1.2109	5.14357	5.12879
-1.84454	1.20433	5.14357	5.12813
-1.85242	1.20564	5.14357	5.12583
-1.85998	1.19808	5.1439	5.12353
-1.85209	1.20728	5.14325	5.12288
-1.84585	1.2178	5.1416	5.1232
-1.85439	1.2086	5.14095	5.12419
-1.84486	1.22371	5.14095	5.1255
-1.84651	1.21812	5.14357	5.12682
-1.84486	1.21747	5.14587	5.12682
-1.85439	1.20367	5.14686	5.12485
-1.86589	1.18626	5.1462	5.12518
-1.88298	1.1695	5.1439	5.12616
-1.87443	1.16753	5.1439	5.12485
-1.88035	1.17969	5.14423	5.12419
-1.87148	1.17969	5.14456	5.12353
-1.88363	1.17837	5.14489	5.12123
-1.88757	1.17377	5.14456	5.12288
-1.88232	1.17804	5.14226	5.12518
-1.88002	1.18494	5.14029	5.12748
-1.89283	1.18133	5.1416	5.12945
-1.8925	1.17049	5.14357	5.13043
-1.89349	1.18034	5.14423	5.12879
-1.88626	1.18757	5.14357	5.12715
-1.87279	1.204	5.14357	5.12485
-1.87903	1.20301	5.14357	5.12288
-1.88429	1.19644	5.14292	5.1232
-1.87838	1.19611	5.14292	5.12518
-1.88462	1.19808	5.14522	5.12616
-1.87903	1.20465	5.14587	5.12419
-1.87049	1.21484	5.14423	5.12156
-1.86655	1.21878	5.14193	5.12189
-1.87082	1.20498	5.1393	5.12189
-1.86491	1.2086	5.14062	5.12156
-1.86195	1.21845	5.14259	5.12189
-1.85899	1.22437	5.14423	5.12386
-1.85768	1.20695	5.14489	5.12748
-1.84749	1.21812	5.14587	5.12912
-1.83994	1.22535	5.14357	5.1278
-1.83862	1.22141	5.14062	5.12715
-1.83829	1.21714	5.13963	5.12846
-1.85078	1.20334	5.14193	5.12846
-1.85012	1.19841	5.14423	5.1278
-1.84979	1.19578	5.14522	5.1278
-1.84125	1.20071	5.14489	5.12715
-1.83895	1.1925	5.14423	5.12649
-1.83632	1.19808	5.14325	5.12682
-1.82778	1.2017	5.14357	5.12715
-1.81825	1.21845	5.14357	5.12616
-1.80971	1.22962	5.14423	5.12715
-1.8084	1.21582	5.14456	5.12945
-1.8015	1.23357	5.14489	5.12945
-1.79033	1.24704	5.14292	5.12813
-1.79131	1.24507	5.14062	5.12748
-1.79394	1.23357	5.14029	5.12748
-1.79821	1.23685	5.14127	5.1278
-1.80872	1.24014	5.14226	5.12649
-1.82121	1.23094	5.14357	5.12452
-1.81661	1.23948	5.14259	5.1232
-1.82909	1.23685	5.14292	5.12353
-1.82975	1.22732	5.14325	5.12452
-1.83994	1.21648	5.14325	5.12715
-1.83271	1.21878	5.14193	5.12682
-1.83369	1.22075	5.14095	5.12616
-1.83764	1.21977	5.14193	5.12386
-1.83829	1.21812	5.14423	5.12189
-1.84125	1.21911	5.14587	5.12353
-1.85373	1.20203	5.14587	5.12616
-1.86031	1.20268	5.14489	5.12682
-1.87082	1.18888	5.14423	5.1278
-1.88725	1.17804	5.14456	5.12879
-1.88757	1.18067	5.14489	5.12748
-1.8879	1.16753	5.14325	5.12748
-1.89086	1.16851	5.13963	5.12682
-1.89382	1.17081	5.13897	5.12682
-1.8902	1.17771	5.14062	5.12682
-1.90104	1.16654	5.14325	5.12649
-1.89546	1.16194	5.14423	5.12485
-1.89316	1.16786	5.14456	5.12353
-1.89677	1.16326	5.14292	5.12255
-1.89973	1.15307	5.14193	5.12386
-1.89743	1.15373	5.14325	5.1255
-1.8971	1.15964	5.14423	5.12748
-1.89645	1.16162	5.1439	5.12715
-1.87969	1.17903	5.14325	5.12649
-1.88725	1.16326	5.14325	5.12518
-1.87903	1.17377	5.14325	5.12452
-1.85833	1.17804	5.1439	5.12583
-1.85571	1.17739	5.1439	5.12715
-1.86688	1.16227	5.14423	5.12583
-1.86688	1.15702	5.1439	5.1255
-1.85571	1.1626	5.1439	5.12485
-1.84224	1.15964	5.14423	5.12485
-1.8222	1.17509	5.14456	5.12649
-1.82318	1.17574	5.1439	5.12649
-1.81825	1.18724	5.1439	5.12616
-1.82745	1.19086	5.14423	5.1278
-1.82121	1.20728	5.14785	5.1278
-1.80478	1.21582	5.1485	5.12715
-1.80215	1.19644	5.14719	5.1255
-1.80511	1.19874	5.14423	5.12386
-1.80675	1.20925	5.14226	5.12353
-1.80905	1.21385	5.14357	5.12452
-1.80577	1.20564	5.14522	5.12353
-1.81037	1.2086	5.14686	5.12255
-1.80511	1.20334	5.1462	5.12353
-1.81431	1.20695	5.14357	5.12518
-1.81267	1.19611	5.14127	5.12583
-1.81135	1.20564	5.14029	5.12649
-1.81201	1.21418	5.14259	5.12682
-1.8153	1.21385	5.14456	5.12748
-1.82482	1.21451	5.14555	5.12715
-1.82515	1.20531	5.14522	5.12649
-1.83632	1.20235	5.14423	5.12583
-1.83501	1.20564	5.14127	5.12518
-1.83928	1.21254	5.13996	5.12452
-1.85176	1.20433	5.14193	5.1255
-1.85833	1.19907	5.14259	5.12518
-1.86326	1.20235	5.14357	5.12485
-1.86129	1.20728	5.14357	5.12518
-1.86458	1.19348	5.1439	5.12583
-1.86458	1.19611	5.14357	5.12682
-1.86655	1.1994	5.14357	5.12649
-1.86753	1.20465	5.14325	5.12715
-1.87969	1.18888	5.14357	5.12616
-1.87706	1.1925	5.14522	5.12813
-1.88725	1.18067	5.14686	5.12846
-1.88593	1.16556	5.14587	5.12715
-1.89447	1.16523	5.14522	5.12583
-1.89546	1.16457	5.14522	5.12386
-1.90203	1.17016	5.14325	5.12419
-1.90236	1.17443	5.14193	5.12649
-1.92043	1.15997	5.14423	5.12813
-1.927	1.15406	5.14555	5.12813
-1.93916	1.13927	5.14489	5.12748
-1.95788	1.11529	5.14226	5.12583
-1.95263	1.11266	5.1416	5.12649
-1.94704	1.1212	5.14226	5.1278
-1.94671	1.11759	5.14259	5.12813
-1.95493	1.10938	5.14259	5.12682
-1.94178	1.12416	5.14226	5.12715
-1.93094	1.12318	5.14193	5.12682
-1.93686	1.11233	5.14226	5.12452
-1.93554	1.11036	5.14325	5.12419
-1.94047	1.10084	5.14325	5.12386
-1.95	1.08638	5.1439	5.12288
-1.9523	1.09032	5.14423	5.12189
-1.94113	1.09952	5.14423	5.12189
-1.93488	1.09492	5.14292	5.12222
-1.93324	1.10084	5.14259	5.12222
-1.93686	1.09295	5.14292	5.12353
-1.93554	1.09722	5.14226	5.12353
-1.94113	1.09952	5.14127	5.12419
-1.93488	1.10642	5.14357	5.12452
-1.91879	1.11825	5.14456	5.12419
-1.91156	1.13369	5.14259	5.12649
-1.90039	1.1465	5.14062	5.12912
-1.89152	1.13862	5.14127	5.12977
-1.881	1.14486	5.1439	5.12813
-1.88133	1.1442	5.14423	5.12485
-1.8741	1.15439	5.14259	5.12353
-1.87542	1.15767	5.1416	5.12419
-1.86786	1.16851	5.14062	5.12452
-1.86983	1.18658	5.14226	5.1232
-1.85144	1.20564	5.14357	5.12386
-1.85636	1.20235	5.14226	5.12419
-1.85866	1.19546	5.14226	5.12452
-1.85571	1.19776	5.14193	5.12419
-1.85012	1.2086	5.14357	5.12288
-1.85242	1.2109	5.14587	5.12353
-1.86129	1.2017	5.14653	5.12419
-1.86622	1.19283	5.14522	5.12386
-1.86523	1.20794	5.14357	5.12419
-1.87772	1.18954	5.14193	5.12649
-1.87969	1.18593	5.14062	5.12616
-1.88035	1.18461	5.14193	5.12452
-1.88265	1.18067	5.14292	5.1255
-1.8925	1.17509	5.14423	5.1255
-1.89579	1.1718	5.14423	5.12419
-1.89546	1.1856	5.14555	5.12222
-1.89185	1.18396	5.14423	5.12156
-1.90137	1.15702	5.14357	5.12386
-1.8948	1.15866	5.14193	5.12485
-1.89382	1.1603	5.1416	5.12386
-1.89546	1.16063	5.14095	5.12386
-1.89185	1.15504	5.14259	5.12386
-1.88856	1.1672	5.14226	5.12386
-1.88462	1.17016	5.14325	5.12485
-1.88889	1.17706	5.14423	5.12715
-1.88659	1.19151	5.14292	5.12813
-1.88298	1.20893	5.14292	5.12879
-1.88265	1.20564	5.1439	5.12715
-1.88495	1.19973	5.14489	5.12649
-1.87673	1.20564	5.14587	5.12649
-1.88166	1.20465	5.14587	5.12583
-1.87706	1.20301	5.1439	5.12616
-1.86753	1.20925	5.14259	5.1255
-1.87115	1.21123	5.14292	5.12518
-1.87476	1.21385	5.14489	5.12583
-1.86326	1.21385	5.14555	5.12682
-1.85669	1.22634	5.14489	5.12452
-1.84684	1.23554	5.14522	5.12353
-1.83632	1.24605	5.1439	5.12353
-1.82285	1.25394	5.14292	5.1255
-1.813	1.26084	5.14423	5.12649
-1.81891	1.25065	5.14456	5.12649
-1.81398	1.25131	5.14423	5.12583
-1.80544	1.25262	5.14456	5.12616
-1.78606	1.25788	5.14456	5.12649
-1.7716	1.2858	5.14292	5.12682
-1.76174	1.29238	5.14127	5.12682
-1.75222	1.30125	5.14095	5.12616
-1.74367	1.31044	5.14423	5.12583
-1.73809	1.31669	5.14555	5.12419
-1.7348	1.32227	5.1462	5.12288
-1.73415	1.31899	5.14456	5.12222
-1.72495	1.32194	5.14259	5.1255
-1.72232	1.33739	5.14259	5.12912
-1.73776	1.33311	5.14325	5.12977
-1.75649	1.31702	5.14357	5.12912
-1.76076	1.31669	5.14423	5.12846
-1.75912	1.3203	5.14325	5.1255
-1.74729	1.32457	5.14325	5.12353
-1.74335	1.33081	5.1439	5.12419
-1.74532	1.33081	5.14357	5.1232
-1.7486	1.341	5.14325	5.12189
-1.75452	1.33903	5.1439	5.12255
-1.7555	1.3364	5.14653	5.1232
-1.76569	1.32687	5.14752	5.1255
-1.77686	1.3088	5.14456	5.12386
-1.78803	1.29993	5.14226	5.12255
-1.79098	1.30815	5.14193	5.12452
-1.79558	1.31504	5.14029	5.12616
-1.79493	1.30223	5.14226	5.12715
-1.79755	1.29238	5.14489	5.12649
-1.78803	1.29632	5.14489	5.12616
-1.79657	1.29205	5.14292	5.1255
-1.79657	1.28876	5.14029	5.12682
-1.80872	1.2812	5.13799	5.12649
-1.81102	1.28909	5.13799	5.12419
-1.8222	1.27956	5.13897	5.12288
-1.82449	1.28153	5.14062	5.12222
-1.82647	1.27726	5.14029	5.12353
-1.83172	1.27628	5.1416	5.12485
-1.84026	1.27398	5.14127	5.12518
-1.84355	1.26675	5.1416	5.1255
-1.84749	1.25854	5.14226	5.12419
-1.85045	1.25854	5.1439	5.12386
-1.84782	1.26642	5.14325	5.12419
-1.85669	1.25919	5.14325	5.12518
-1.85176	1.24704	5.14325	5.12583
-1.85012	1.23981	5.14062	5.12616
-1.85045	1.24736	5.14127	5.12616
-1.84979	1.23784	5.14292	5.12748
-1.85669	1.23455	5.1462	5.12649
-1.86359	1.22437	5.14785	5.12682
-1.87082	1.20991	5.14719	5.12583
-1.86852	1.20958	5.14719	5.12649
-1.86293	1.22042	5.14522	5.12583
-1.86688	1.21911	5.1439	5.12748
-1.86721	1.22667	5.14259	5.1278
-1.86753	1.21615	5.14193	5.12452
-1.86622	1.20893	5.14226	5.12255
-1.87082	1.20301	5.14193	5.12353
-1.87608	1.1879	5.14226	5.12353
-1.87148	1.19644	5.14226	5.12419
-1.86458	1.19381	5.14259	5.12419
-1.86688	1.19546	5.14292	5.12485
-1.86425	1.20268	5.14259	5.12649
-1.86261	1.20564	5.14226	5.12583
-1.87575	1.19808	5.14292	5.12583
-1.88396	1.19184	5.14127	5.12748
-1.88035	1.18034	5.13897	5.12912
-1.88757	1.16753	5.13897	5.1301
-1.89645	1.1672	5.14259	5.12846
-1.90696	1.16129	5.1439	5.12748
-1.90794	1.16194	5.14357	5.12616
-1.90663	1.16063	5.14423	5.12682
-1.9109	1.15472	5.14587	5.12649
-1.9109	1.1488	5.1462	5.1255
-1.91846	1.15439	5.14719	5.12649
-1.90762	1.16129	5.14719	5.12583
-1.9109	1.16654	5.14653	5.12518
-1.92733	1.14092	5.14489	5.12583
-1.92404	1.14026	5.14226	5.12649
-1.92174	1.15274	5.13996	5.12485
-1.91977	1.15997	5.13733	5.1255
-1.92141	1.16194	5.137	5.12583
-1.93653	1.15045	5.14095	5.12353
-1.94211	1.1419	5.14423	5.12353
-1.95295	1.14486	5.14522	5.12452
-1.95394	1.13927	5.1439	5.12419
-1.95131	1.1373	5.14259	5.12419
-1.95361	1.135	5.1416	5.12353
-1.95033	1.14815	5.14193	5.1232
-1.95427	1.14355	5.14259	5.12386
-1.94868	1.14453	5.14127	5.12353
-1.94803	1.13566	5.1416	5.12419
-1.94606	1.14617	5.14193	5.12452
-1.9362	1.15833	5.14325	5.12616
-1.92963	1.17311	5.14259	5.12945
-1.9339	1.18199	5.14259	5.13043
-1.92634	1.18691	5.1439	5.12846
-1.92766	1.18166	5.14456	5.12583
-1.91813	1.18757	5.14522	5.1278
-1.91813	1.18856	5.14653	5.13043
-1.91189	1.19053	5.14587	5.12912
-1.90926	1.18593	5.14489	5.12748
-1.90236	1.18264	5.1439	5.12386
-1.90597	1.18363	5.14423	5.1209
-1.89415	1.18954	5.14456	5.12123
-1.88987	1.18691	5.1439	5.12452
-1.89415	1.18593	5.14259	5.12813
-1.8902	1.1787	5.14325	5.12879
-1.88889	1.18658	5.14423	5.12682
-1.88068	1.204	5.14456	5.12583
-1.86885	1.21582	5.14587	5.12583
-1.86655	1.21648	5.14653	5.12485
-1.86392	1.21451	5.14522	5.12288
-1.84158	1.23291	5.14292	5.12255
-1.84421	1.22765	5.14095	5.12485
-1.83238	1.23817	5.14259	5.12616
-1.82909	1.24178	5.14522	5.1255
-1.83205	1.22995	5.14653	5.12419
-1.82449	1.21977	5.14522	5.12452
-1.83567	1.20794	5.14259	5.1255
-1.83797	1.20137	5.13996	5.12813
-1.82581	1.2247	5.14062	5.12748
-1.83304	1.22042	5.14292	5.12748
-1.82055	1.23094	5.1439	5.12649
-1.82088	1.22305	5.14325	5.12485
-1.81792	1.2224	5.14259	5.12419
-1.82022	1.21845	5.14226	5.12419
-1.83271	1.21517	5.1416	5.12518
-1.83205	1.22338	5.14095	5.12682
-1.84979	1.21878	5.14127	5.12715
-1.85111	1.2201	5.14357	5.12616
-1.85242	1.2224	5.14489	5.1255
-1.86491	1.21484	5.14489	5.1255
-1.86425	1.23028	5.14292	5.12616
-1.87246	1.23127	5.14193	5.12682
-1.87016	1.22634	5.14127	5.12715
-1.86786	1.21714	5.14193	5.12846
-1.87378	1.20597	5.14325	5.1278
-1.87706	1.20958	5.14555	5.12682
-1.88856	1.19776	5.14587	5.12649
-1.88692	1.19086	5.1439	5.1255
-1.88823	1.19086	5.14193	5.12518
-1.89415	1.19053	5.1439	5.12649
-1.89875	1.18658	5.14587	5.12748
-1.89382	1.19151	5.1462	5.12616
-1.90466	1.19776	5.14522	5.12616
-1.91189	1.18888	5.14292	5.12813
-1.9224	1.18166	5.1416	5.1301
-1.9086	1.19447	5.14127	5.1301
-1.8925	1.21451	5.14193	5.12715
-1.89546	1.20531	5.1416	5.12419
-1.87903	1.23291	5.14423	5.12288
-1.86162	1.24539	5.14423	5.12386
-1.86786	1.23389	5.14127	5.12485
-1.8764	1.23587	5.13963	5.12649
-1.87542	1.22732	5.14357	5.1255
-1.86819	1.24211	5.14719	5.12452
-1.86491	1.23455	5.14883	5.12419
-1.85209	1.24375	5.14752	5.12485
-1.84914	1.24441	5.14587	5.12649
-1.85111	1.24342	5.14522	5.12846
-1.84486	1.24769	5.14522	5.12748
-1.84815	1.24901	5.14686	5.12649
-1.84059	1.25426	5.14752	5.12616
-1.83468	1.24901	5.14587	5.12518
-1.81694	1.25361	5.1439	5.12583
-1.80905	1.25525	5.14259	5.12748
-1.80905	1.25394	5.14259	5.12715
-1.79821	1.26741	5.14325	5.12616
-1.79164	1.26281	5.14357	5.12452
-1.78737	1.25196	5.1462	5.12353
-1.79361	1.24901	5.14653	5.12386
-1.79887	1.24934	5.14522	5.12452
-1.80281	1.22897	5.14456	5.1255
-1.80314	1.21944	5.14325	5.12682
-1.7969	1.22042	5.14423	5.12715
-1.79985	1.22075	5.14423	5.12518
-1.78967	1.21878	5.14357	5.12485
-1.77061	1.23225	5.14292	5.12583
-1.76601	1.24835	5.14259	5.12616
-1.7762	1.24079	5.14193	5.12748
-1.78146	1.25229	5.14292	5.1278
-1.77587	1.25032	5.14292	5.1278
-1.78638	1.24539	5.14357	5.12649
-1.79	1.25459	5.14555	5.12485
-1.79985	1.25032	5.14489	5.12485
-1.80708	1.24178	5.14193	5.12682
-1.80708	1.24868	5.14127	5.12748
-1.82482	1.24112	5.14095	5.12813
-1.82055	1.24408	5.14062	5.12846
-1.83041	1.23817	5.14095	5.12649
-1.83304	1.22732	5.1416	5.12386
-1.82449	1.23127	5.14062	5.1232
-1.83698	1.22831	5.14062	5.12386
-1.84191	1.227	5.14193	5.12419
-1.84782	1.21648	5.14423	5.12616
-1.84946	1.22568	5.14587	5.12846
-1.84749	1.22634	5.14587	5.12813
-1.86622	1.20958	5.14489	5.1278
-1.87082	1.21221	5.1439	5.12682
-1.87805	1.19907	5.14292	5.12616
-1.8879	1.2063	5.14325	5.12715
-1.88593	1.1994	5.1439	5.12649
-1.89645	1.18461	5.14259	5.12616
-1.89217	1.19677	5.14357	5.12649
-1.89447	1.20268	5.14325	5.1255
-1.8879	1.20564	5.14325	5.1255
-1.8948	1.19874	5.14357	5.12748
-1.89842	1.19316	5.14325	5.12748
-1.89513	1.19283	5.14522	5.12748
-1.89283	1.19808	5.14555	5.12583
-1.89875	1.17969	5.14653	5.12485
-1.90663	1.15866	5.14785	5.12583
-1.90367	1.15932	5.14719	5.12682
-1.90104	1.1557	5.14555	5.12649
-1.90072	1.15472	5.14423	5.12583
-1.8833	1.1672	5.14357	5.12583
-1.88035	1.15899	5.14292	5.12452
-1.88889	1.14125	5.14193	5.1255
-1.89907	1.13008	5.14292	5.12583
-1.89053	1.13697	5.1439	5.12353
-1.88265	1.14585	5.14489	5.12386
-1.89185	1.13927	5.14456	5.12518
-1.89513	1.13599	5.14456	5.12386
-1.89743	1.13862	5.14555	5.12419
-1.8948	1.1442	5.14489	5.12419
-1.9017	1.12778	5.14522	5.12353
-1.90466	1.12876	5.14456	5.1232
-1.91484	1.10675	5.14259	5.12485
-1.91879	1.11529	5.14193	5.12649
-1.92733	1.11201	5.14325	5.12879
-1.91649	1.10609	5.14522	5.12846
-1.92043	1.10084	5.14587	5.12353
-1.92963	1.09361	5.14357	5.12189
-1.92766	1.08112	5.1416	5.12189
-1.9316	1.07291	5.1416	5.12386
-1.93423	1.08211	5.14357	5.12649
-1.93291	1.08408	5.14489	5.12813
-1.9408	1.08868	5.14555	5.1255
-1.94803	1.07521	5.14555	5.12452
-1.95098	1.06897	5.14587	5.12419
-1.95033	1.08112	5.14292	5.12748
-1.94606	1.09558	5.14127	5.12945
-1.94671	1.10642	5.14193	5.12748
-1.94868	1.09821	5.14489	5.12518
-1.94967	1.08802	5.14785	5.12222
-1.94934	1.09098	5.1462	5.12222
-1.95197	1.09525	5.1439	5.12485
-1.96084	1.08474	5.14226	5.12649
-1.95657	1.09656	5.1416	5.12649
-1.96314	1.09558	5.14292	5.12386
-1.94737	1.11431	5.14423	5.1232
-1.94507	1.11431	5.14522	5.12419
-1.95755	1.10084	5.14489	5.12616
-1.96084	1.10149	5.14456	5.12846
-1.95295	1.10445	5.14357	5.1278
-1.95263	1.10478	5.14292	5.12715
-1.95131	1.11726	5.14259	5.12682
-1.92963	1.14387	5.14193	5.12682
-1.93488	1.12876	5.14325	5.1278
-1.92733	1.13895	5.14325	5.1278
-1.9178	1.13369	5.14325	5.12649
-1.92766	1.11693	5.14325	5.12616
-1.92634	1.12876	5.1416	5.12649
-1.93226	1.10741	5.14095	5.12616
-1.92601	1.11858	5.14062	5.12452
-1.91222	1.14749	5.1416	5.12452
-1.91123	1.15833	5.14226	5.12616
-1.9063	1.15833	5.14226	5.12682
-1.90269	1.15833	5.14062	5.12748
-1.90466	1.15307	5.13963	5.12682
-1.89842	1.14913	5.14062	5.12715
-1.89086	1.16162	5.14226	5.12649
-1.87378	1.17049	5.14292	5.12649
-1.8718	1.16194	5.14325	5.12518
-1.86195	1.17246	5.14127	5.12452
-1.86031	1.18494	5.13996	5.12485
-1.85242	1.19447	5.14193	5.12583
-1.84125	1.19217	5.14325	5.12649
-1.83961	1.19513	5.1439	5.12649
-1.813	1.21221	5.14489	5.12485
-1.80544	1.227	5.14456	5.12485
-1.813	1.23554	5.14259	5.12485
-1.82548	1.23422	5.13963	5.12616
-1.8084	1.24277	5.13996	5.12649
-1.79624	1.26478	5.14226	5.12583
-1.79887	1.25788	5.14456	5.12386
-1.80117	1.23849	5.14522	5.12288
-1.78868	1.25624	5.14522	5.12485
-1.79361	1.25591	5.14456	5.12748
-1.79887	1.26084	5.14456	5.12748
-1.79263	1.26839	5.14522	5.12682
-1.79985	1.26773	5.14522	5.12518
-1.80248	1.25985	5.14587	5.12518
-1.80872	1.25591	5.14522	5.12485
-1.81332	1.26018	5.14292	5.12616
-1.8107	1.25821	5.14193	5.12649
-1.80544	1.26182	5.14226	5.12682
-1.80084	1.26839	5.14292	5.12715
-1.78836	1.28285	5.14325	5.12419
-1.79328	1.27562	5.14357	5.12189
-1.8038	1.27102	5.14259	5.12156
-1.81365	1.25689	5.14193	5.12025
-1.82055	1.24835	5.14259	5.12058
-1.82482	1.24605	5.14357	5.12255
-1.8222	1.24079	5.14325	5.1255
-1.83369	1.23587	5.14325	5.12649
-1.82909	1.24375	5.14423	5.12386
-1.82647	1.25459	5.14357	5.12189
-1.83041	1.24999	5.14259	5.12156
-1.83238	1.25295	5.14127	5.12485
-1.84585	1.25426	5.14029	5.12945
-1.84355	1.25361	5.14095	5.12912
-1.84585	1.25295	5.14259	5.12419
-1.85472	1.24112	5.14259	5.12025
-1.84618	1.25131	5.1416	5.12156
-1.84749	1.24605	5.14095	5.12452
-1.84486	1.23652	5.14029	5.12616
-1.84914	1.23849	5.13996	5.12649
-1.84322	1.24999	5.13963	5.12518
-1.84914	1.25492	5.14095	5.12616
-1.85012	1.24966	5.1439	5.12682
-1.84289	1.25788	5.14423	5.1255
-1.84585	1.25854	5.14259	5.12485
-1.83599	1.27201	5.14127	5.12748
-1.83304	1.27562	5.14357	5.12715
-1.82712	1.26905	5.14489	5.1255
-1.81957	1.27233	5.14456	5.12353
-1.81957	1.27036	5.14555	5.12353
-1.81858	1.26971	5.14653	5.1232
-1.80774	1.28613	5.14522	5.12452
-1.80741	1.28679	5.14325	5.12715
-1.79394	1.30683	5.1416	5.12583
-1.7808	1.31439	5.1439	5.12452
-1.78146	1.31143	5.14653	5.12452
-1.78704	1.30946	5.14785	5.12452
-1.79723	1.29862	5.14653	5.12419
-1.79591	1.30223	5.14423	5.12386
-1.79164	1.29796	5.14357	5.12649
-1.78737	1.30617	5.14357	5.12649
-1.80347	1.28745	5.14357	5.12518
-1.80675	1.28088	5.1439	5.12386
-1.8107	1.28975	5.14292	5.12386
-1.81365	1.28219	5.14357	5.12452
-1.82154	1.28285	5.14522	5.12518
-1.81661	1.27628	5.14456	5.12518
-1.81562	1.27332	5.14489	5.12485
-1.8153	1.27332	5.14423	5.1232
-1.81497	1.27759	5.14489	5.12485
-1.81661	1.27102	5.14555	5.12682
-1.8222	1.26675	5.14522	5.12879
-1.83599	1.25624	5.14259	5.13043
-1.84749	1.24671	5.14127	5.12879
-1.84946	1.24507	5.14127	5.1255
-1.85965	1.23159	5.14193	5.12386
-1.86753	1.23028	5.14095	5.1232
-1.87509	1.23587	5.14193	5.12288
-1.881	1.22404	5.1416	5.12419
-1.86753	1.23948	5.14127	5.1255
-1.87049	1.23357	5.14259	5.12583
-1.86885	1.24375	5.14292	5.12583
-1.86655	1.23127	5.1416	5.12616
-1.86261	1.23784	5.14062	5.12682
-1.85768	1.23718	5.13963	5.12846
-1.86096	1.23587	5.14062	5.12846
-1.86293	1.23488	5.14127	5.12748
-1.86688	1.23784	5.14357	5.12583
-1.86983	1.23127	5.14522	5.1255
-1.86983	1.2293	5.14357	5.12353
-1.86721	1.22897	5.14292	5.12058
-1.86228	1.23587	5.14127	5.11926
-1.85571	1.24835	5.1416	5.12156
-1.85571	1.24835	5.14226	5.12386
-1.85899	1.25624	5.14292	5.12485
-1.85669	1.26872	5.1439	5.12485
-1.84454	1.27661	5.14489	5.12353
-1.83797	1.28022	5.14522	5.12452
-1.84125	1.26379	5.14325	5.12682
-1.84355	1.26543	5.14226	5.12879
-1.84946	1.25821	5.14357	5.12977
-1.84749	1.26116	5.14522	5.12977
-1.83797	1.25394	5.1439	5.12715
-1.82515	1.27168	5.14259	5.12485
-1.83041	1.26971	5.14325	5.12419
-1.81858	1.28055	5.14555	5.12288
-1.80807	1.2789	5.14653	5.12386
-1.80183	1.28383	5.14555	5.12485
-1.80478	1.295	5.14259	5.1255
-1.81135	1.28679	5.14259	5.12748
-1.80445	1.28515	5.14423	5.12715
-1.8015	1.28449	5.14456	5.12649
-1.78408	1.29402	5.14325	5.12813
-1.78376	1.29402	5.14226	5.12813
-1.77291	1.30847	5.14062	5.12682
-1.77029	1.31603	5.14226	5.12616
-1.76897	1.31472	5.1439	5.12518
-1.77193	1.32359	5.14555	5.1255
-1.77127	1.32819	5.14423	5.12616
-1.77029	1.3295	5.14292	5.12485
-1.77029	1.32589	5.14357	5.12386
-1.77686	1.32326	5.14357	5.12353
-1.77784	1.31734	5.14325	5.12518
-1.77718	1.3157	5.14423	5.12419
-1.78408	1.31669	5.1462	5.1255
-1.78901	1.31373	5.1439	5.12715
-1.7877	1.31176	5.14029	5.12977
-1.79131	1.30716	5.1393	5.12879
-1.79295	1.30913	5.1393	5.12616
-1.79657	1.30092	5.14193	5.12386
-1.78211	1.31176	5.14357	5.12419
-1.78277	1.30847	5.14226	5.12386
-1.79558	1.30223	5.14193	5.12452
-1.78901	1.30782	5.1416	5.12485
-1.78474	1.31932	5.14127	5.12452
-1.7785	1.32687	5.14292	5.12452
-1.77817	1.3341	5.14653	5.12583
-1.77357	1.34231	5.14785	5.1255
-1.79197	1.32654	5.14719	5.12485
-1.78113	1.32523	5.1462	5.12485
-1.78901	1.31932	5.14489	5.12649
-1.78343	1.32293	5.14522	5.12616
-1.78638	1.31833	5.14522	5.12583
-1.78934	1.32293	5.14587	5.12386
-1.78474	1.32753	5.14522	5.12189
-1.78376	1.32359	5.14423	5.12255
-1.78047	1.3226	5.1439	5.12452
-1.78343	1.31964	5.14325	5.12682
-1.77916	1.32654	5.14325	5.12616
-1.77883	1.32392	5.14423	5.12419
-1.77653	1.32819	5.14555	5.12353
-1.77456	1.32884	5.14456	5.12386
-1.76536	1.3272	5.14259	5.12255
-1.76831	1.32162	5.1393	5.12156
-1.7578	1.33377	5.13832	5.12255
-1.75944	1.32359	5.14029	5.12386
-1.76174	1.32753	5.14127	5.12485
-1.76109	1.32556	5.14325	5.12419
-1.75879	1.32293	5.14555	5.12353
-1.7601	1.33081	5.14522	5.12452
-1.7532	1.34856	5.14226	5.12518
-1.74827	1.34199	5.14029	5.12682
-1.74564	1.33279	5.14029	5.12879
-1.74597	1.33016	5.13996	5.12879
-1.7302	1.33344	5.14095	5.12649
-1.74597	1.33016	5.14292	5.12583
-1.73217	1.34888	5.14259	5.12715
-1.7302	1.35184	5.14259	5.12715
-1.72988	1.34428	5.1416	5.12649
-1.74335	1.32326	5.14127	5.12485
-1.74696	1.32786	5.14292	5.12255
-1.74564	1.31077	5.14489	5.12288
-1.73973	1.31176	5.14522	5.12288
-1.75024	1.29369	5.14357	5.12452
-1.74762	1.29336	5.14095	5.12616
-1.75156	1.28088	5.14062	5.12616
-1.7463	1.2858	5.14226	5.12583
-1.767	1.27431	5.14423	5.12518
-1.7693	1.27398	5.14489	5.12518
-1.77653	1.26675	5.14357	5.1255
-1.76963	1.27102	5.14193	5.12682
-1.767	1.26182	5.14259	5.12616
-1.77127	1.25886	5.14423	5.12616
-1.77554	1.25656	5.14357	5.12583
-1.78277	1.26281	5.14292	5.12485
-1.78671	1.25919	5.14193	5.1255
-1.7923	1.25525	5.14127	5.12616
-1.7969	1.26478	5.14127	5.12682
-1.80445	1.26182	5.14062	5.12977
-1.80774	1.25755	5.14193	5.13076
-1.82088	1.25065	5.14357	5.12879
-1.81891	1.25229	5.14555	5.1278
-1.83271	1.24178	5.1462	5.12813
-1.83074	1.25295	5.14522	5.12813
-1.83172	1.24934	5.14423	5.12715
-1.83764	1.25229	5.1439	5.12649
-1.83829	1.25755	5.14259	5.1255
-1.84585	1.24671	5.14062	5.12649
-1.84782	1.25985	5.14029	5.12682
-1.85505	1.25591	5.14062	5.12682
-1.85111	1.26248	5.14226	5.12649
-1.85833	1.25131	5.14357	5.12485
-1.84881	1.25656	5.1439	5.12485
-1.84684	1.25426	5.14423	5.12485
-1.84158	1.26182	5.14489	5.12452
-1.84881	1.25722	5.14555	5.12288
-1.84651	1.26412	5.14555	5.12288
-1.85505	1.25558	5.14555	5.12452
-1.85538	1.25098	5.14489	5.12583
-1.84946	1.26313	5.14325	5.12682
-1.86293	1.24342	5.14259	5.12616
-1.86063	1.23718	5.14259	5.12682
-1.86819	1.22174	5.14325	5.12715
-1.86228	1.21977	5.14325	5.12616
-1.86293	1.21353	5.14456	5.12616
-1.86261	1.22437	5.14489	5.12879
-1.87345	1.2063	5.14292	5.12945
-1.86063	1.22798	5.14095	5.12813
-1.86622	1.22042	5.14226	5.12616
-1.87148	1.21385	5.1439	5.1255
-1.86589	1.22338	5.14357	5.12485
-1.85538	1.23488	5.14325	5.12682
-1.85176	1.25459	5.14226	5.12748
-1.84651	1.24671	5.14226	5.12846
-1.83402	1.24934	5.14357	5.12748
-1.82909	1.25295	5.14456	5.12649
-1.82351	1.25295	5.14423	5.12583
-1.82055	1.24934	5.1439	5.12682
-1.81727	1.24145	5.14456	5.12649
-1.82482	1.23455	5.14587	5.12649
-1.83238	1.22962	5.1462	5.12682
-1.84552	1.21747	5.14653	5.12518
-1.84224	1.21977	5.14653	5.12353
-1.84454	1.21944	5.14325	5.12419
-1.85144	1.20203	5.14292	5.12452
-1.85242	1.1971	5.14325	5.12518
-1.86096	1.19907	5.14259	5.12485
-1.86261	1.21385	5.1416	5.1255
-1.87016	1.20498	5.14423	5.12485
-1.86556	1.21254	5.14686	5.12518
-1.86491	1.20564	5.14752	5.12452
-1.86655	1.20203	5.14587	5.12682
-1.86786	1.1971	5.14522	5.12879
-1.88166	1.1925	5.14325	5.12813
-1.88626	1.18428	5.1439	5.12649
-1.89349	1.17279	5.14357	5.1255
-1.904	1.16622	5.14357	5.12649
-1.9086	1.16424	5.1439	5.12518
-1.91452	1.16392	5.14357	5.12288
-1.91287	1.15209	5.1416	5.12452
-1.92437	1.15077	5.14095	5.1255
-1.927	1.1534	5.1416	5.12452
-1.93127	1.14519	5.14292	5.12353
-1.92569	1.14847	5.14325	5.12353
-1.92339	1.14617	5.14423	5.12518
-1.92864	1.1419	5.1439	5.12748
-1.9224	1.158	5.14226	5.12977
-1.93061	1.14092	5.14226	5.1301
-1.92207	1.15636	5.14292	5.12748
-1.92207	1.15077	5.14456	5.12518
-1.91846	1.16162	5.14555	5.12255
-1.9132	1.16523	5.1462	5.12386
-1.90827	1.17607	5.14456	5.12682
-1.89907	1.19053	5.1439	5.12583
-1.8925	1.20367	5.14357	5.12583
-1.8925	1.20991	5.14489	5.12649
-1.88199	1.20531	5.1439	5.12485
-1.87049	1.20531	5.14226	5.12583
-1.87378	1.20301	5.14127	5.12682
-1.87312	1.21123	5.14292	5.12682
-1.86359	1.22502	5.14357	5.12682
-1.85538	1.22962	5.14357	5.12616
-1.84486	1.24375	5.1439	5.12452
-1.83665	1.24868	5.14325	5.12485
-1.82449	1.25788	5.14357	5.12419
-1.81595	1.26182	5.14292	5.12419
-1.80741	1.27792	5.14259	5.12485
-1.7969	1.27923	5.1439	5.12583
-1.79427	1.27628	5.14423	5.12386
-1.80807	1.26708	5.1439	5.12288
-1.79295	1.26412	5.14292	5.12288
-1.79263	1.27036	5.14423	5.12518
-1.77981	1.28088	5.14522	5.1278
-1.75156	1.29665	5.14456	5.12846
-1.75484	1.29632	5.14226	5.12715
-1.75419	1.30486	5.14062	5.12649
-1.75024	1.30026	5.1416	5.12386
-1.75353	1.31439	5.1439	5.12518
-1.74269	1.3295	5.14587	5.12649
-1.7394	1.32753	5.14653	5.12682
-1.74827	1.33311	5.14653	5.12748
-1.73645	1.33246	5.14522	5.1278
-1.72988	1.33213	5.14423	5.12616
-1.74827	1.32687	5.14423	5.12386
-1.75846	1.33016	5.14456	5.12222
-1.76503	1.32194	5.14423	5.12288
-1.76601	1.31932	5.14292	5.1255
-1.77029	1.31964	5.14357	5.12715
-1.77094	1.33213	5.14456	5.12682
-1.77357	1.33049	5.14489	5.12649
-1.7808	1.32753	5.14522	5.12485
-1.79394	1.31209	5.14489	5.12386
-1.79788	1.31012	5.14456	5.12419
-1.81825	1.29336	5.14357	5.12518
-1.82548	1.2812	5.14325	5.12616
-1.84026	1.26215	5.14325	5.1255
-1.85669	1.24605	5.1439	5.12649
-1.85965	1.23357	5.14357	5.12649
-1.86063	1.23192	5.14325	5.12682
-1.87246	1.22338	5.14193	5.1278
-1.87345	1.23291	5.14193	5.12649
-1.87805	1.22897	5.14226	5.12583
-1.88232	1.23422	5.14292	5.12616
-1.8695	1.25459	5.14325	5.12649
-1.86228	1.26018	5.14292	5.12912
-1.85899	1.25755	5.14193	5.12879
-1.86556	1.25098	5.14029	5.12813
-1.85866	1.25722	5.14029	5.12879
-1.87213	1.24277	5.14325	5.12945
-1.8787	1.23619	5.14555	5.12715
-1.87049	1.23751	5.14653	5.12419
-1.8718	1.22437	5.14555	5.12288
-1.86688	1.23291	5.14325	5.12452
-1.87509	1.21878	5.14193	5.12682
-1.87345	1.20367	5.14193	5.12912
-1.8764	1.18888	5.1416	5.12748
-1.8695	1.19447	5.14193	5.12485
-1.8718	1.19217	5.14259	5.12222
-1.86589	1.18724	5.1416	5.12222
-1.86918	1.17246	5.14127	5.12353
-1.86655	1.1718	5.14095	5.12616
-1.87246	1.16326	5.14095	5.12649
-1.86983	1.17311	5.14226	5.12682
-1.87246	1.17377	5.14489	5.1255
-1.86688	1.17476	5.14555	5.12485
-1.86622	1.18034	5.14325	5.12419
-1.87049	1.17673	5.1416	5.12518
-1.86458	1.1764	5.14062	5.12649
-1.86326	1.17837	5.14095	5.12813
-1.86261	1.1787	5.14292	5.12748
-1.86063	1.18231	5.14522	5.12813
-1.85472	1.18001	5.14587	5.12813
-1.85768	1.17509	5.14423	5.12682
-1.85833	1.16326	5.1393	5.12616
-1.86655	1.15472	5.13766	5.12715
-1.86096	1.16654	5.1393	5.1278
-1.86031	1.16523	5.14325	5.12715
-1.86458	1.13697	5.14555	5.12616
-1.88429	1.12383	5.14522	5.12518
-1.88593	1.12515	5.14325	5.12682
-1.88987	1.11956	5.14325	5.12945
-1.90466	1.11168	5.14456	5.13109
-1.91846	1.11759	5.14522	5.13043
-1.93718	1.09854	5.14522	5.12912
-1.94014	1.09032	5.14456	5.12485
-1.9454	1.07915	5.14325	5.12156
-1.95723	1.067	5.14423	5.1232
-1.96215	1.07817	5.14292	5.12715
-1.96741	1.06207	5.14127	5.12879
-1.9707	1.06338	5.1416	5.12846
-1.96971	1.06437	5.14357	5.12616
-1.98088	1.05123	5.14587	5.12386
-1.97694	1.06141	5.14587	5.12419
-1.98285	1.06272	5.14522	5.12485
-1.98417	1.06305	5.14357	5.12583
-1.98318	1.0601	5.14456	5.12715
-1.97989	1.06404	5.14587	5.12813
-1.96971	1.06995	5.14555	5.12649
-1.96807	1.08047	5.14555	5.12419
-1.95887	1.09394	5.14325	5.12255
-1.9592	1.09624	5.14259	5.12353
-1.96215	1.10248	5.14095	5.12452
-1.9638	1.09821	5.13799	5.12518
-1.9592	1.09196	5.13963	5.12518
-1.96281	1.08966	5.1439	5.12452
-1.96478	1.07685	5.14587	5.12353
-1.95887	1.06864	5.14489	5.12288
-1.93916	1.09361	5.14325	5.1232
-1.91879	1.10445	5.14127	5.12386
-1.90762	1.11529	5.14226	5.12748
-1.92207	1.11168	5.14357	5.12813
-1.91583	1.11036	5.14522	5.12616
-1.91254	1.13139	5.14686	5.12386
-1.904	1.14749	5.1462	5.12288
-1.89677	1.13895	5.1439	5.12419
-1.88922	1.13697	5.1439	5.12813
-1.88035	1.14256	5.14489	5.12977
-1.88265	1.13238	5.14587	5.12879
-1.8764	1.1373	5.14686	5.12649
-1.86819	1.14979	5.14587	5.12419
-1.86721	1.1534	5.14423	5.12353
-1.84125	1.15012	5.14292	5.12386
-1.83074	1.15537	5.14456	5.12583
-1.83567	1.15045	5.14587	5.12748
-1.83337	1.15997	5.14489	5.12583
-1.82844	1.16162	5.1439	5.12353
-1.81497	1.17541	5.14292	5.12386
-1.8061	1.18888	5.14193	5.12452
-1.79953	1.20498	5.14127	5.12616
-1.79591	1.21024	5.14193	5.12813
-1.8015	1.204	5.14292	5.12945
-1.80347	1.20433	5.1439	5.12813
-1.81464	1.20005	5.14489	5.12583
-1.80708	1.21254	5.14522	5.12386
-1.8107	1.21385	5.14325	5.12485
-1.81595	1.19874	5.14259	5.12616
-1.8199	1.21353	5.14193	5.12682
-1.81957	1.21287	5.14357	5.12518
-1.82745	1.20498	5.14357	5.12419
-1.83435	1.18921	5.14226	5.1232
-1.83107	1.20334	5.14193	5.12123
-1.83008	1.20137	5.14226	5.12189
-1.83994	1.19808	5.14325	5.12353
-1.85144	1.19414	5.14522	5.12616
-1.84914	1.20235	5.14522	5.12748
-1.84454	1.1948	5.1439	5.12649
-1.83665	1.20433	5.14357	5.12452
-1.83928	1.21385	5.14489	5.1232
-1.84979	1.20268	5.14555	5.12419
-1.85439	1.19513	5.14456	5.1255
-1.86688	1.18396	5.14325	5.12485
-1.87608	1.18264	5.14259	5.12222
-1.89283	1.1718	5.14193	5.12189
-1.89513	1.16622	5.1416	5.12189
-1.90269	1.16622	5.14292	5.1232
-1.9017	1.15274	5.14357	5.1255
-1.89382	1.1534	5.14489	5.12715
-1.88035	1.16917	5.14522	5.12748
-1.881	1.16851	5.14555	5.12748
-1.88396	1.16786	5.14522	5.1255
-1.87673	1.17541	5.14357	5.12452
-1.87706	1.17607	5.1416	5.12452
-1.8718	1.1718	5.13963	5.12649
-1.87312	1.17804	5.13996	5.12748
-1.86983	1.18166	5.14226	5.12616
-1.85439	1.1902	5.14325	5.12386
-1.85373	1.19151	5.14193	5.12255
-1.84782	1.18757	5.14226	5.12156
-1.84158	1.1879	5.14193	5.12386
-1.83599	1.17706	5.14193	5.12518
-1.84585	1.17509	5.14226	5.12583
-1.84322	1.15669	5.14226	5.12485
-1.83928	1.15307	5.14423	5.12353
-1.83337	1.15077	5.14752	5.12386
-1.84256	1.14223	5.14785	5.12485
-1.84355	1.13073	5.1462	5.12616
-1.84716	1.11891	5.14587	5.12715
-1.84125	1.12482	5.14555	5.12649
-1.83928	1.1258	5.1439	5.12583
-1.84355	1.13829	5.14357	5.12748
-1.84026	1.14322	5.1439	5.12748
-1.85373	1.14125	5.14489	5.12616
-1.85965	1.14059	5.14456	5.12682
-1.84322	1.15669	5.14259	5.12879
-1.85439	1.15406	5.14259	5.12879
-1.85998	1.13993	5.14292	5.1278
-1.86293	1.14782	5.14292	5.12649
-1.86622	1.15406	5.14292	5.12485
-1.86556	1.15504	5.14522	5.12419
-1.86162	1.15307	5.14555	5.12419
-1.87443	1.13435	5.14292	5.12288
-1.86983	1.14387	5.14095	5.12222
-1.88593	1.12252	5.1416	5.12353
-1.88133	1.13106	5.1439	5.12452
-1.88823	1.1373	5.14587	5.12485
-1.89973	1.12942	5.14456	5.12419
-1.904	1.13468	5.14423	5.12419
-1.90466	1.12712	5.14325	5.12583
-1.91386	1.12383	5.14357	5.12813
-1.92109	1.13369	5.14522	5.12813
-1.92634	1.12679	5.14456	5.12715
-1.9316	1.12679	5.14555	5.12485
-1.93587	1.13369	5.14489	5.12485
-1.91944	1.158	5.14292	5.12649
-1.93193	1.14519	5.14226	5.12748
-1.92963	1.14453	5.14193	5.12682
-1.93127	1.15537	5.14193	5.12583
-1.93127	1.16063	5.14259	5.1255
-1.92371	1.1672	5.14357	5.1255
-1.92141	1.16819	5.14292	5.12616
-1.92109	1.1718	5.14226	5.12616
-1.92174	1.17903	5.1416	5.1278
-1.93291	1.1649	5.14226	5.12649
-1.93029	1.16424	5.14456	5.12353
-1.91681	1.17771	5.14555	5.1232
-1.91222	1.181	5.14489	5.12255
-1.90072	1.1856	5.14259	5.12123
-1.89809	1.18231	5.14095	5.12255
-1.90104	1.1764	5.14095	5.12583
-1.89875	1.17541	5.14325	5.1278
-1.89382	1.18691	5.14522	5.12813
-1.8879	1.18724	5.14522	5.12649
-1.88757	1.18231	5.14456	5.12583
-1.88495	1.19776	5.14226	5.12682
-1.87542	1.20695	5.13996	5.12583
-1.88002	1.20663	5.13963	5.12682
-1.87049	1.22207	5.14193	5.12879
-1.86425	1.21812	5.14489	5.12846
-1.86261	1.20761	5.14785	5.12583
-1.86195	1.20301	5.14752	5.12386
-1.85012	1.20465	5.1439	5.1232
-1.85373	1.20564	5.14357	5.12288
-1.86293	1.19118	5.1439	5.12518
-1.86556	1.18067	5.14456	5.12748
-1.85538	1.18264	5.14357	5.12813
-1.86688	1.18297	5.14259	5.12682
-1.85801	1.19283	5.14193	5.12583
-1.86688	1.19381	5.1416	5.1255
-1.86293	1.20728	5.14127	5.12616
-1.86688	1.19316	5.14029	5.12649
-1.86753	1.18133	5.14357	5.12715
-1.86392	1.1994	5.14587	5.12813
-1.86983	1.18626	5.14587	5.12682
-1.87542	1.18757	5.14555	5.12583
-1.86622	1.18954	5.14456	5.12682
-1.87148	1.17936	5.14325	5.12879
-1.87443	1.17739	5.14259	5.1301
-1.87706	1.1787	5.14357	5.12846
-1.88199	1.18396	5.14357	5.12583
-1.88659	1.181	5.13996	5.1255
-1.88068	1.17541	5.13832	5.12748
-1.87608	1.1879	5.13996	5.12813
-1.86129	1.20695	5.14325	5.12649
-1.87016	1.21155	5.14423	5.12452
-1.87345	1.20071	5.14357	5.12386
-1.87378	1.20433	5.14423	5.12419
-1.88232	1.18658	5.14357	5.12419
-1.89217	1.1856	5.14259	5.12419
-1.90334	1.17476	5.1416	5.12452
-1.90236	1.17049	5.14095	5.12485
-1.91583	1.1649	5.14127	5.12682
-1.91353	1.17147	5.14226	5.1278
-1.92174	1.16786	5.14259	5.12682
-1.93127	1.17279	5.14193	5.12419
-1.93193	1.15702	5.14127	5.12386
-1.9293	1.15702	5.14062	5.12583
-1.92437	1.16096	5.14095	5.12649
-1.92634	1.15702	5.14259	5.12485
-1.9316	1.14716	5.14292	5.1232
-1.92569	1.15143	5.14259	5.12485
-1.9339	1.15734	5.14127	5.12813
-1.92601	1.17739	5.13963	5.1301
-1.90663	1.1925	5.14095	5.13076
-1.90367	1.19546	5.14259	5.12912
-1.88133	1.21385	5.14489	5.1255
-1.88593	1.21681	5.1462	5.12353
-1.88396	1.2201	5.14489	5.12386
-1.87246	1.22765	5.14226	5.1255
-1.85866	1.23751	5.14259	5.1255
-1.84979	1.24277	5.14259	5.12715
-1.84191	1.25032	5.14292	5.12682
-1.83271	1.25459	5.14325	5.12518
-1.83008	1.25854	5.1439	5.12583
-1.81727	1.26971	5.14325	5.12748
-1.81497	1.26938	5.14193	5.12813
-1.78967	1.27726	5.14226	5.12846
-1.7854	1.28449	5.14259	5.12583
-1.77718	1.29008	5.14292	5.12485
-1.7877	1.28613	5.14127	5.12288
-1.7831	1.29008	5.13996	5.12189
-1.78441	1.29927	5.13996	5.12419
-1.78474	1.29829	5.1416	5.12616
-1.79263	1.27989	5.14325	5.12715
-1.77981	1.29238	5.14357	5.12715
-1.77193	1.29632	5.14423	5.12649
-1.76634	1.29467	5.14357	5.12452
-1.77554	1.29336	5.14259	5.12419
-1.7808	1.29402	5.14127	5.1255
-1.76634	1.30979	5.14193	5.12682
-1.76831	1.31012	5.14325	5.12748
-1.76273	1.3111	5.14456	5.12748
-1.76141	1.31537	5.14555	5.12518
-1.77521	1.30946	5.14653	5.12255
-1.77259	1.3065	5.14587	5.12386
-1.76996	1.30256	5.14489	5.12616
-1.77029	1.30289	5.1439	5.12879
-1.77456	1.30716	5.14292	5.12846
-1.7693	1.31209	5.14226	5.12649
-1.76536	1.30913	5.14193	5.1255
-1.77259	1.30387	5.14325	5.12353
-1.77883	1.31242	5.14522	5.12485
-1.78408	1.3065	5.14522	5.12846
-1.78638	1.29993	5.14259	5.13142
-1.78671	1.30026	5.1416	5.13142
-1.78573	1.30486	5.14357	5.13076
-1.79328	1.29106	5.14456	5.12715
-1.80478	1.28186	5.14423	5.12485
-1.81661	1.28153	5.14259	5.12353
-1.82877	1.27365	5.1416	5.12255
-1.83074	1.26872	5.14226	5.12288
-1.82942	1.26872	5.14423	5.12386
-1.83337	1.26971	5.14292	5.12419
-1.82285	1.27726	5.1439	5.12386
-1.82909	1.27562	5.14423	5.12649
-1.83435	1.2835	5.14456	5.12485
-1.83665	1.28416	5.14292	5.12583
-1.83304	1.28318	5.14292	5.12452
-1.83468	1.28712	5.14259	5.12353
-1.82482	1.29336	5.14193	5.12518
-1.83172	1.27989	5.14193	5.1278
-1.82712	1.28022	5.14292	5.12846
-1.82712	1.27562	5.14325	5.12715
-1.83205	1.27661	5.14259	5.12879
-1.82187	1.28449	5.14127	5.12879
-1.82318	1.28383	5.14292	5.12879
-1.8222	1.27562	5.14325	5.12879
-1.82811	1.27036	5.14456	5.12813
-1.83304	1.26806	5.14259	5.12682
-1.83172	1.25229	5.1393	5.12518
-1.82778	1.25558	5.13832	5.12616
-1.82417	1.24704	5.14062	5.12748
-1.82187	1.24769	5.14292	5.12682
-1.81891	1.24145	5.14555	5.12485
-1.8222	1.24112	5.14522	5.1232
-1.81102	1.25229	5.14456	5.12452
-1.81234	1.24605	5.1439	5.1255
-1.8107	1.25164	5.1439	5.12748
-1.81398	1.25624	5.14357	5.12748
-1.81201	1.24769	5.14489	5.1278
-1.81661	1.24704	5.14587	5.1278
-1.8176	1.25328	5.14653	5.12682
-1.81694	1.24605	5.14423	5.1255
-1.82679	1.23751	5.14193	5.12518
-1.83402	1.23094	5.14062	5.12583
-1.83238	1.22338	5.1416	5.12616
-1.83107	1.23652	5.1439	5.12682
-1.83107	1.24441	5.14489	5.1255
-1.83764	1.24145	5.14325	5.12518
-1.85472	1.23225	5.14259	5.12583
-1.86162	1.23192	5.1416	5.12616
-1.87016	1.22272	5.14062	5.12682
-1.87673	1.2201	5.14062	5.12682
-1.88626	1.21582	5.14259	5.12452
-1.88462	1.22634	5.1439	5.12353
-1.89677	1.20991	5.14489	5.12419
-1.88035	1.22535	5.14357	5.12419
-1.88757	1.23159	5.14095	5.12616
-1.89447	1.2224	5.14062	5.12649
-1.89842	1.22338	5.14259	5.12649
-1.90039	1.22502	5.14456	5.12518
-1.89283	1.23422	5.14325	5.12255
-1.89086	1.24507	5.14226	5.12222
-1.88922	1.24769	5.14226	5.12452
-1.8856	1.24934	5.14193	5.1278
-1.87608	1.26741	5.14127	5.12879
-1.8764	1.26412	5.14127	5.12715
-1.87936	1.24868	5.14292	5.1255
-1.88955	1.22897	5.14522	5.12452
-1.88922	1.22864	5.14719	5.12649
-1.88922	1.22765	5.14653	5.1278
-1.88002	1.24079	5.14489	5.12748
-1.87312	1.23422	5.14423	5.12682
-1.87378	1.23455	5.14292	5.12452
-1.87608	1.22732	5.14325	5.12255
-1.87148	1.22995	5.1439	5.12156
-1.87345	1.22732	5.1439	5.12255
-1.88987	1.22108	5.1439	5.1232
-1.89612	1.20104	5.14357	5.12715
-1.89612	1.2017	5.14357	5.12846
-1.90006	1.1948	5.14357	5.12748
-1.90236	1.18856	5.14292	5.12518
-1.89677	1.19414	5.14357	5.12386
-1.89612	1.18691	5.14456	5.1232
-1.89677	1.19447	5.14325	5.12485
-1.89809	1.19053	5.14325	5.12649
-1.89053	1.1948	5.14357	5.12682
-1.89349	1.19776	5.1439	5.12682
-1.89217	1.1948	5.14292	5.12649
-1.8948	1.19578	5.14095	5.12485
-1.89382	1.19874	5.13996	5.12682
-1.88265	1.1948	5.13996	5.12748
-1.87443	1.20695	5.14127	5.1278
-1.87542	1.20038	5.14325	5.12748
-1.87115	1.21254	5.14456	5.12616
-1.85899	1.2155	5.14555	5.12485
-1.86688	1.21155	5.1439	5.12452
-1.86425	1.2155	5.1416	5.1232
-1.86589	1.20564	5.14095	5.12386
-1.87279	1.20235	5.1416	5.12518
-1.88856	1.18626	5.14292	5.12518
-1.8879	1.19086	5.14522	5.12452
-1.88626	1.19808	5.1462	5.12485
-1.88922	1.1994	5.14456	5.12518
-1.88462	1.20925	5.1439	5.12485
-1.8856	1.21418	5.14522	5.12485
-1.88889	1.21385	5.14522	5.12583
-1.89415	1.20235	5.14423	5.1255
-1.88659	1.21845	5.14456	5.12583
-1.8856	1.21123	5.14325	5.12485
-1.87969	1.21484	5.14357	5.12386
-1.88462	1.20958	5.14259	5.12452
-1.8833	1.20794	5.14226	5.12616
-1.88133	1.21155	5.14325	5.12813
-1.87476	1.22174	5.14292	5.12912
-1.87673	1.22765	5.14095	5.12748
-1.88035	1.22272	5.14062	5.12715
-1.89152	1.21747	5.14127	5.12583
-1.89809	1.20564	5.14095	5.12485
-1.89316	1.21747	5.14127	5.1255
-1.88659	1.22437	5.14193	5.12485
-1.88527	1.22272	5.1416	5.12485
-1.88725	1.23094	5.1416	5.1255
-1.88692	1.22568	5.14357	5.12715
-1.88396	1.22995	5.14357	5.12715
-1.8925	1.21681	5.1416	5.12649
-1.9017	1.19283	5.1416	5.12583
-1.9132	1.17147	5.14193	5.1255
-1.90729	1.18034	5.1439	5.12649
-1.90137	1.18494	5.14456	5.12715
-1.90926	1.18658	5.14587	5.12715
-1.90499	1.19677	5.14587	5.12715
-1.9063	1.19513	5.14456	5.12649
-1.89743	1.2063	5.14259	5.1255
-1.88035	1.22272	5.14095	5.12649
-1.88035	1.22338	5.14226	5.12748
-1.88068	1.22272	5.14325	5.12715
-1.87016	1.24375	5.14456	5.12649
-1.87838	1.23422	5.14489	5.12748
-1.87805	1.2224	5.14357	5.12682
-1.881	1.21714	5.14292	5.12715
-1.88232	1.20827	5.14226	5.12649
-1.87509	1.21944	5.14292	5.12518
-1.87805	1.21418	5.14292	5.12583
-1.87312	1.19973	5.14226	5.12419
-1.87476	1.20071	5.14127	5.12649
-1.85669	1.21057	5.14095	5.12813
-1.84881	1.21878	5.14029	5.12682
-1.84881	1.21747	5.1393	5.12452
-1.84289	1.22864	5.14062	5.12452
-1.84191	1.23192	5.14127	5.12353
-1.84026	1.22667	5.14325	5.12386
-1.83764	1.24079	5.14423	5.12649
-1.83764	1.22601	5.14489	5.1278
-1.84191	1.21648	5.14522	5.12748
-1.84125	1.21615	5.14653	5.12616
-1.85045	1.204	5.14653	5.1255
-1.84716	1.20761	5.1439	5.12452
-1.84881	1.19776	5.14127	5.12452
-1.85439	1.19283	5.13996	5.12715
-1.86622	1.18133	5.1416	5.12846
-1.86819	1.1879	5.14226	5.12682
-1.87443	1.17804	5.14226	5.12419
-1.86983	1.17607	5.14226	5.12353
-1.85505	1.19283	5.14193	5.12485
-1.86458	1.19283	5.14127	5.12649
-1.86753	1.204	5.14127	5.12682
-1.85833	1.21254	5.14226	5.12583
-1.85012	1.22437	5.14193	5.12518
-1.85702	1.21188	5.14357	5.12583
-1.85406	1.22437	5.14555	5.12649
-1.86293	1.22404	5.14555	5.12583
-1.86031	1.22765	5.14423	5.12518
-1.86523	1.21582	5.14259	5.12616
-1.86458	1.21188	5.14259	5.12583
-1.86589	1.20071	5.14325	5.1255
-1.85998	1.20104	5.14555	5.12419
-1.87246	1.19447	5.14587	5.12452
-1.87082	1.20235	5.14325	5.12682
-1.86885	1.20334	5.1416	5.12616
-1.8741	1.19283	5.14193	5.1255
-1.87542	1.1879	5.14325	5.12616
-1.86852	1.19743	5.14555	5.12419
-1.86228	1.18856	5.14522	5.12255
-1.85176	1.19874	5.14456	5.12156
-1.85209	1.20334	5.14456	5.12222
-1.86031	1.1994	5.14325	5.12386
-1.85111	1.21944	5.1416	5.12518
-1.85636	1.22174	5.1416	5.12583
-1.86195	1.22141	5.14226	5.12682
-1.84749	1.22765	5.14522	5.12813
-1.84224	1.23258	5.14686	5.1278
-1.84618	1.23258	5.14587	5.12748
-1.85144	1.22897	5.14292	5.1278
-1.84224	1.23061	5.14259	5.12813
-1.85275	1.21615	5.1439	5.12912
-1.86195	1.21057	5.1439	5.12879
-1.86918	1.20268	5.14292	5.12485
-1.86622	1.21221	5.14226	5.12288
-1.87115	1.20137	5.14325	5.12353
-1.87246	1.18757	5.1439	5.12616
-1.86556	1.18626	5.14292	5.12912
-1.86885	1.19414	5.14127	5.12945
-1.85866	1.19513	5.14095	5.1255
-1.87279	1.19151	5.14325	5.12189
-1.87542	1.18363	5.14653	5.12189
-1.87049	1.17607	5.14686	5.12485
-1.87279	1.16457	5.14325	5.12649
-1.87443	1.1649	5.14127	5.12715
-1.88626	1.14815	5.14357	5.12616
-1.89119	1.15669	5.14686	5.12419
-1.90072	1.14453	5.14785	5.12353
-1.90269	1.14355	5.14555	5.12353
-1.91419	1.13238	5.14292	5.12616
-1.904	1.13073	5.1416	5.12485
-1.89809	1.1327	5.14193	5.12288
-1.904	1.13402	5.14325	5.12156
-1.8994	1.14387	5.14489	5.12123
-1.8948	1.15242	5.14489	5.12189
-1.88527	1.1603	5.1439	5.12682
-1.88298	1.16359	5.14259	5.12813
-1.87509	1.17147	5.14127	5.12649
-1.881	1.16851	5.14127	5.12715
-1.88396	1.17706	5.14062	5.1255
-1.87739	1.17541	5.14292	5.12485
-1.88922	1.17246	5.14456	5.12419
-1.89579	1.16622	5.14357	5.12353
-1.89776	1.16457	5.1416	5.12419
-1.904	1.15439	5.14062	5.12452
-1.89907	1.16819	5.14062	5.12485
-1.89579	1.1741	5.14193	5.1255
-1.89283	1.18626	5.14325	5.12583
-1.88823	1.19184	5.14259	5.12485
-1.88527	1.18658	5.14062	5.12583
-1.88659	1.18954	5.13799	5.12682
-1.87739	1.20498	5.13799	5.12649
-1.87279	1.20695	5.1416	5.1255
-1.86063	1.21254	5.14423	5.12353
-1.85669	1.2224	5.14522	5.12255
-1.85242	1.22995	5.14555	5.1255
-1.83928	1.23981	5.14423	5.12715
-1.83501	1.24736	5.14259	5.12682
-1.83468	1.24736	5.14226	5.12715
-1.83862	1.24375	5.14259	5.12616
-1.84026	1.23948	5.14259	5.12518
-1.83107	1.24539	5.14325	5.12518
-1.83435	1.24342	5.14357	5.12353
-1.83829	1.23784	5.14095	5.12485
-1.82909	1.24507	5.14127	5.12846
-1.82745	1.24671	5.14226	5.12879
-1.82778	1.23817	5.14325	5.12715
-1.82811	1.23488	5.1439	5.12682
-1.81628	1.24605	5.14423	5.12452
-1.82088	1.24047	5.14259	5.12485
-1.82712	1.23389	5.14193	5.12649
-1.82909	1.23587	5.14259	5.12846
-1.82679	1.23554	5.1439	5.12912
-1.82515	1.23948	5.14456	5.1278
-1.82745	1.23948	5.14489	5.12649
-1.83534	1.22075	5.1439	5.12452
-1.83402	1.22502	5.14226	5.12419
-1.81957	1.23455	5.13996	5.12583
-1.82055	1.23422	5.13963	5.1278
-1.83271	1.22502	5.14062	5.1278
-1.83107	1.23521	5.14325	5.12583
-1.83107	1.23587	5.14489	5.12518
-1.83599	1.23127	5.14555	5.12518
-1.83797	1.22667	5.14423	5.12419
-1.83501	1.22765	5.14259	5.12452
-1.83304	1.24014	5.14259	5.12583
-1.83402	1.23127	5.1439	5.12715
-1.83369	1.24079	5.14456	5.12813
-1.83698	1.24079	5.14357	5.1278
-1.83139	1.25131	5.14357	5.12846
-1.83534	1.24736	5.14193	5.12912
-1.83665	1.24539	5.14029	5.12945
-1.83698	1.23324	5.13996	5.12879
-1.83304	1.23192	5.14095	5.12715
-1.83435	1.23291	5.14193	5.12386
-1.84191	1.2132	5.14325	5.12058
-1.84618	1.20597	5.1439	5.12156
-1.84684	1.21024	5.14357	5.12353
-1.84618	1.20498	5.14292	5.12616
-1.85209	1.19808	5.14292	5.12846
-1.84684	1.20761	5.14456	5.1278
-1.83797	1.22371	5.14456	5.12583
-1.82548	1.23455	5.14423	5.12518
-1.83008	1.22962	5.14325	5.12616
-1.82351	1.23521	5.14325	5.12682
-1.8199	1.23849	5.14193	5.12748
-1.82581	1.22535	5.14095	5.12748
-1.82121	1.22831	5.1416	5.12583
-1.82778	1.22995	5.14357	5.12485
-1.82975	1.23587	5.14522	5.12386
-1.82844	1.24277	5.14357	5.12452
-1.83238	1.24375	5.14226	5.12583
-1.83862	1.24342	5.14259	5.12583
-1.83074	1.24704	5.14259	5.12485
-1.83008	1.25065	5.14587	5.1255
-1.83074	1.25558	5.1485	5.12649
-1.82679	1.26215	5.14719	5.12715
-1.82614	1.26379	5.14357	5.12616
-1.84191	1.25788	5.13963	5.12452
-1.84224	1.24211	5.1393	5.12485
-1.84815	1.24277	5.1416	5.12485
-1.85669	1.23094	5.1439	5.12452
-1.84716	1.21648	5.14522	5.12419
-1.84618	1.2155	5.1439	5.12649
-1.85111	1.19841	5.1416	5.1278
-1.85768	1.20005	5.14259	5.12912
-1.86786	1.20268	5.14522	5.12846
-1.85965	1.21451	5.1462	5.12452
-1.86523	1.2155	5.14587	5.12156
-1.88002	1.20071	5.14423	5.12353
-1.88527	1.19414	5.14193	5.12386
-1.89053	1.17476	5.14029	5.12518
-1.88462	1.18297	5.14029	5.12452
-1.88922	1.17804	5.1416	5.12452
-1.87936	1.19348	5.14259	5.1255
-1.87345	1.19743	5.14423	5.12518
-1.8764	1.1925	5.14522	5.12452
-1.88725	1.19118	5.14357	5.12485
-1.89842	1.18264	5.14259	5.12649
-1.8902	1.18856	5.14423	5.1278
-1.89349	1.18626	5.14522	5.12977
-1.89349	1.18823	5.14555	5.12879
-1.89283	1.18658	5.14522	5.12583
-1.88659	1.19414	5.14423	5.12386
-1.89546	1.18396	5.14325	5.12452
-1.90006	1.1856	5.14292	5.12813
-1.89645	1.18297	5.1439	5.13043
-1.88232	1.19644	5.14456	5.12912
-1.89119	1.18363	5.14522	5.12649
-1.89349	1.17706	5.1439	5.12813
-1.89053	1.17509	5.1439	5.12813
-1.89612	1.17607	5.14259	5.12813
-1.90367	1.17246	5.14062	5.12912
-1.88856	1.18396	5.14062	5.12912
-1.88593	1.18527	5.14259	5.12813
-1.87246	1.19184	5.14325	5.12616
-1.87049	1.1948	5.14259	5.12452
-1.85801	1.19874	5.1439	5.12419
-1.84914	1.20104	5.14456	5.12419
-1.85538	1.1971	5.1416	5.12518
-1.84946	1.21648	5.13996	5.12518
-1.85768	1.20991	5.14062	5.12353
-1.84914	1.21254	5.1439	5.12189
-1.84848	1.22174	5.1462	5.12353
-1.85439	1.22207	5.14686	5.12485
-1.86359	1.21845	5.14587	5.12485
-1.86589	1.20663	5.1439	5.12583
-1.86425	1.20498	5.14292	5.12649
-1.85176	1.22042	5.1439	5.12616
-1.84618	1.22042	5.14226	5.12649
-1.85078	1.22108	5.14193	5.12682
-1.84881	1.21944	5.14357	5.12649
-1.83501	1.23061	5.14357	5.12715
-1.82844	1.23061	5.14357	5.12879
-1.82909	1.2293	5.14423	5.12748
-1.83238	1.22174	5.14456	5.12682
-1.83534	1.2293	5.14325	5.12616
-1.84782	1.20334	5.14357	5.1255
-1.85998	1.19546	5.14259	5.12583
-1.86655	1.19151	5.14226	5.12682
-1.86885	1.19611	5.14259	5.12813
-1.86721	1.20268	5.14193	5.12912
-1.86589	1.19776	5.14259	5.12945
-1.86721	1.19644	5.14423	5.12813
-1.86721	1.19578	5.14555	5.12912
-1.88166	1.18626	5.14653	5.12846
-1.89743	1.17147	5.14653	5.12846
-1.8994	1.17837	5.14653	5.12682
-1.91287	1.17673	5.14522	5.12583
-1.91222	1.17016	5.14357	5.12419
-1.90269	1.17377	5.14555	5.12353
-1.89973	1.17574	5.14686	5.1232
-1.8994	1.17377	5.14686	5.12419
-1.90137	1.158	5.14522	5.12518
-1.90564	1.15242	5.14226	5.12518
-1.90433	1.16589	5.14062	5.12616
-1.89513	1.17804	5.13996	5.1255
-1.89086	1.18921	5.14226	5.12583
-1.90039	1.18396	5.14456	5.12682
-1.90039	1.19053	5.14292	5.12879
-1.90466	1.18757	5.13996	5.12879
-1.88692	1.19381	5.13963	5.12846
-1.88396	1.19677	5.14259	5.12649
-1.88133	1.19611	5.14325	5.1232
-1.87213	1.20433	5.14423	5.12288
-1.87279	1.20005	5.14423	5.12485
-1.85275	1.21057	5.1439	5.1255
-1.85406	1.21845	5.14226	5.12649
-1.84552	1.21287	5.14062	5.12583
-1.83928	1.22404	5.1393	5.12419
-1.83698	1.23061	5.13897	5.12452
-1.83534	1.23882	5.14095	5.12485
-1.83107	1.23357	5.14325	5.12485
-1.82844	1.23455	5.14423	5.12682
-1.81891	1.22437	5.1416	5.12879
-1.81661	1.22601	5.13963	5.12748
-1.80117	1.23028	5.14127	5.12748
-1.80774	1.23324	5.14259	5.12715
-1.79788	1.23159	5.14357	5.12583
-1.79263	1.24079	5.14292	5.12485
-1.79755	1.24441	5.14127	5.1232
-1.79164	1.24736	5.14029	5.12222
-1.77456	1.26445	5.14095	5.1232
-1.76404	1.27923	5.14325	5.12682
-1.75682	1.28285	5.1439	5.12813
-1.76076	1.28055	5.14292	5.12748
-1.75682	1.27726	5.14062	5.12748
-1.75879	1.27759	5.13897	5.12715
-1.74597	1.28745	5.13897	5.12649
-1.74203	1.28383	5.14193	5.12485
-1.73842	1.28548	5.14292	5.1255
-1.74269	1.28909	5.1416	5.12616
-1.74729	1.29336	5.13996	5.12977
-1.76207	1.28383	5.14062	5.13043
-1.75484	1.29862	5.14357	5.12977
-1.7555	1.2996	5.14357	5.12846
-1.76437	1.295	5.14357	5.12813
-1.77916	1.28252	5.1439	5.12748
-1.78408	1.28778	5.1439	5.12715
-1.79427	1.28909	5.14357	5.12649
-1.79328	1.29402	5.14193	5.1255
-1.79098	1.30125	5.14193	5.12386
-1.79985	1.30256	5.14193	5.12386
-1.80511	1.30125	5.14456	5.12485
-1.81694	1.29205	5.1462	5.1255
-1.8199	1.28318	5.14719	5.12452
-1.83008	1.27365	5.14587	5.12452
-1.83994	1.25854	5.14259	5.12583
-1.85571	1.23751	5.14062	5.12616
-1.84749	1.24704	5.14127	5.12518
-1.85932	1.23422	5.14489	5.12452
-1.85899	1.22535	5.14522	5.12353
-1.86392	1.22404	5.14423	5.12255
-1.86852	1.21648	5.14127	5.12156
-1.86556	1.19808	5.13996	5.1255
-1.86556	1.19578	5.1416	5.1278
-1.8741	1.18461	5.14423	5.12813
-1.86983	1.18067	5.14653	5.12616
-1.88265	1.17246	5.14456	5.12616
-1.88823	1.17739	5.14292	5.12485
-1.88856	1.17509	5.14095	5.12616
-1.88659	1.17509	5.13996	5.12616
-1.87936	1.18166	5.14127	5.1278
-1.88527	1.17706	5.14489	5.12846
-1.89086	1.15603	5.14752	5.12715
-1.88429	1.17739	5.1462	5.12386
-1.88987	1.16851	5.1462	5.12518
-1.88955	1.15734	5.1439	5.12682
-1.87969	1.16227	5.14193	5.12649
-1.88002	1.1649	5.14226	5.12485
-1.85998	1.19414	5.14292	5.12353
-1.86195	1.18166	5.1439	5.12452
-1.85866	1.18527	5.14423	5.12649
-1.87016	1.1856	5.14357	5.12649
-1.86162	1.18264	5.14325	5.12583
-1.84224	1.19808	5.14193	5.12715
-1.83435	1.21615	5.14062	5.12616
-1.84191	1.21911	5.14127	5.12485
-1.82647	1.23718	5.14325	5.12518
-1.81825	1.24868	5.14423	5.1255
-1.82055	1.24966	5.1439	5.12485
-1.81004	1.25131	5.14357	5.1255
-1.81661	1.24901	5.14292	5.12649
-1.81332	1.24769	5.1416	5.12583
-1.82318	1.24769	5.13996	5.12518
-1.83567	1.23882	5.14062	5.12452
-1.85012	1.22765	5.14193	5.12518
-1.85341	1.22502	5.14292	5.12518
-1.85144	1.21582	5.14292	5.12518
-1.86655	1.20038	5.14325	5.12682
-1.87378	1.1879	5.14259	5.12846
-1.87279	1.20301	5.1416	5.12682
-1.87739	1.19776	5.14193	5.12649
-1.87838	1.19414	5.14357	5.12616
-1.89973	1.16786	5.14226	5.12682
-1.91419	1.15669	5.14062	5.12715
-1.92109	1.1465	5.14193	5.12649
-1.91813	1.15209	5.14259	5.12518
-1.9201	1.15734	5.14423	5.12485
-1.9155	1.16293	5.1439	5.12485
-1.92109	1.1626	5.1439	5.12452
-1.92634	1.1557	5.14423	5.12649
-1.93094	1.14552	5.14325	5.12715
-1.93357	1.13533	5.14226	5.12846
-1.9362	1.13697	5.14357	5.12912
-1.9454	1.12482	5.14423	5.12682
-1.9385	1.1327	5.14357	5.12682
-1.93948	1.13106	5.14357	5.12879
-1.94146	1.12646	5.14193	5.12813
-1.94178	1.13008	5.13996	5.12616
-1.9385	1.14092	5.14127	5.1255
-1.93456	1.15176	5.14292	5.12616
-1.92996	1.15143	5.14292	5.12715
-1.92306	1.16819	5.14325	5.12748
-1.91123	1.17574	5.14292	5.1255
-1.91846	1.1672	5.14226	5.12386
-1.91484	1.15997	5.14292	5.12353
-1.90499	1.16589	5.14489	5.12518
-1.89579	1.18166	5.14522	5.12649
-1.88035	1.19381	5.14456	5.12616
-1.87378	1.20728	5.14226	5.12452
-1.87279	1.19381	5.1416	5.12518
-1.87378	1.19151	5.14259	5.12649
-1.85801	1.20597	5.14292	5.12748
-1.84881	1.21353	5.14325	5.12748
-1.83797	1.22732	5.14456	5.12518
-1.82712	1.22174	5.14522	5.12288
-1.81004	1.23094	5.14522	5.12386
-1.80413	1.23882	5.14325	5.12682
-1.80511	1.22995	5.14029	5.1278
-1.79328	1.23981	5.14062	5.12879
-1.78211	1.25361	5.14226	5.12846
-1.76601	1.26675	5.14357	5.12715
-1.76404	1.25459	5.14292	5.12715
-1.76667	1.25328	5.1416	5.12715
-1.7647	1.25525	5.14127	5.12748
-1.75747	1.26379	5.14423	5.12879
-1.76076	1.26741	5.14522	5.12879
-1.73743	1.28088	5.14456	5.12748
-1.7279	1.2881	5.1416	5.12419
-1.72528	1.30256	5.13996	5.12288
-1.7302	1.30322	5.14029	5.12353
-1.73579	1.30092	5.14029	5.12452
-1.72166	1.32359	5.13963	5.1255
-1.70721	1.34428	5.14095	5.12485
-1.71246	1.34231	5.14292	5.12452
-1.71016	1.34691	5.14555	5.12353
-1.70918	1.35776	5.1439	5.12222
-1.71936	1.35414	5.14127	5.12353
-1.73283	1.35644	5.13996	5.12518
-1.73382	1.3548	5.14095	5.12682
-1.73743	1.35447	5.14095	5.12748
-1.74597	1.34987	5.1416	5.12616
-1.76503	1.33509	5.14292	5.12485
-1.76963	1.33344	5.1439	5.12748
-1.76996	1.3295	5.14587	5.12813
-1.77751	1.32359	5.14587	5.12616
-1.79624	1.2996	5.14653	5.12452
-1.79591	1.30059	5.14555	5.12386
-1.813	1.27956	5.14522	5.12452
-1.82022	1.2789	5.14686	5.12485
-1.83107	1.26806	5.1462	5.12452
-1.83205	1.26248	5.14259	5.12518
-1.82877	1.27135	5.14095	5.12583
-1.83271	1.26478	5.14193	5.12715
-1.83731	1.26346	5.14357	5.12715
-1.83599	1.26609	5.14357	5.12649
-1.83435	1.27463	5.14423	5.12419
-1.84191	1.25525	5.1439	5.12419
-1.82614	1.27726	5.14489	5.12649
-1.8176	1.29238	5.14522	5.1278
-1.8199	1.29008	5.14522	5.1278
-1.82647	1.29139	5.14555	5.12616
-1.82647	1.28745	5.14587	5.12419
-1.83074	1.28745	5.14653	5.12288
-1.82449	1.29796	5.14653	5.1255
-1.83074	1.28876	5.14325	5.12748
-1.81694	1.30979	5.14127	5.1278
-1.80675	1.31537	5.14325	5.12846
-1.80117	1.31012	5.14522	5.12945
-1.81431	1.30585	5.14555	5.1278
-1.8015	1.31176	5.14423	5.12649
-1.80445	1.30617	5.14325	5.1278
-1.81431	1.29303	5.14259	5.1301
-1.81201	1.29533	5.14095	5.12879
-1.81398	1.29106	5.13996	5.12616
-1.82154	1.27825	5.13996	5.12649
-1.81398	1.28778	5.14127	5.12649
-1.81004	1.29697	5.14095	5.1255
-1.81891	1.28548	5.14259	5.12485
-1.82055	1.28285	5.14423	5.12649
-1.82088	1.28285	5.14357	5.1278
-1.82909	1.27825	5.1439	5.1278
-1.82909	1.26773	5.14456	5.12715
-1.82515	1.26511	5.14653	5.12649
-1.83304	1.25459	5.14555	5.12649
-1.83074	1.25952	5.14127	5.12682
-1.84881	1.25131	5.13996	5.12748
-1.85801	1.24934	5.1416	5.12912
-1.86556	1.24079	5.1439	5.12649
-1.87903	1.23192	5.14259	5.12452
-1.88495	1.22502	5.14423	5.12419
-1.88987	1.22305	5.14456	5.12452
-1.88495	1.23258	5.14259	5.12583
-1.89053	1.22864	5.14062	5.12682
-1.89809	1.21517	5.14029	5.12583
-1.90597	1.20564	5.14127	5.12518
-1.91484	1.19808	5.14325	5.1255
-1.9201	1.18461	5.14423	5.12518
-1.92273	1.18658	5.14325	5.12419
-1.92043	1.19184	5.14193	5.12616
-1.9155	1.18527	5.14259	5.12879
-1.92076	1.17837	5.14357	5.12977
-1.93456	1.1741	5.14423	5.12846
-1.94474	1.16917	5.1439	5.12616
-1.94868	1.16523	5.1439	5.12452
-1.93718	1.181	5.14259	5.12518
-1.94343	1.17377	5.14193	5.12649
-1.95	1.1603	5.14127	5.12879
-1.94638	1.16424	5.14193	5.12945
-1.94737	1.15997	5.14357	5.12813
-1.94178	1.16457	5.14587	5.12879
-1.9569	1.15406	5.14686	5.12879
-1.9454	1.16589	5.14522	5.12682
-1.94967	1.15702	5.14292	5.12649
-1.94376	1.16589	5.14095	5.12682
-1.94803	1.1672	5.1416	5.12813
-1.9431	1.17114	5.14292	5.12912
-1.94835	1.16523	5.14259	5.12912
-1.93456	1.17969	5.14029	5.12682
-1.93817	1.1764	5.14127	5.12682
-1.92733	1.18428	5.1416	5.12715
-1.92141	1.1856	5.14292	5.1278
-1.92043	1.18724	5.14489	5.12879
-1.91254	1.17969	5.1462	5.1278
-1.90499	1.17443	5.14489	5.12616
-1.91156	1.16917	5.14292	5.12616
-1.904	1.17771	5.14226	5.12715
-1.89579	1.19381	5.14259	5.12813
-1.88692	1.19874	5.14292	5.12879
-1.87345	1.2086	5.1439	5.12715
-1.87772	1.20761	5.1462	5.12583
-1.86129	1.22207	5.14587	5.1255
-1.86326	1.20728	5.14325	5.12485
-1.84716	1.21517	5.14292	5.1255
-1.84684	1.21188	5.14325	5.12715
-1.84158	1.23061	5.14292	5.12682
-1.84158	1.22601	5.14522	5.12682
-1.84979	1.22272	5.14653	5.12649
-1.85176	1.22601	5.14423	5.12518
-1.84881	1.21977	5.14259	5.1255
-1.85965	1.20268	5.1439	5.1255
-1.84881	1.21615	5.14423	5.12485
-1.84322	1.21747	5.14292	5.12583
-1.84552	1.22174	5.1416	5.12616
-1.83271	1.24014	5.14226	5.12616
-1.82548	1.25722	5.14357	5.12682
-1.82351	1.26905	5.14357	5.12616
-1.83534	1.26938	5.14357	5.12583
-1.83304	1.27168	5.14259	5.12715
-1.83205	1.26379	5.14226	5.12813
-1.82515	1.28712	5.14259	5.12715
-1.83698	1.27102	5.14292	5.1255
-1.83698	1.26511	5.14357	5.12583
-1.84388	1.25525	5.14522	5.1255
-1.84618	1.25722	5.1439	5.12715
-1.84815	1.25394	5.14259	5.1278
-1.85176	1.25722	5.14259	5.12649
-1.86293	1.25886	5.14226	5.12485
-1.86293	1.25426	5.14357	5.12452
-1.87082	1.23948	5.14522	5.1255
-1.86556	1.24375	5.14653	5.12715
-1.8695	1.23389	5.1439	5.12879
-1.88692	1.2178	5.14062	5.12945
-1.8925	1.20695	5.14029	5.13076
-1.89677	1.20235	5.14325	5.1278
-1.89513	1.20728	5.14653	5.12583
-1.90006	1.20104	5.14686	5.12649
-1.89645	1.20005	5.14489	5.12748
-1.88823	1.2086	5.14325	5.12813
-1.89579	1.20367	5.14226	5.12715
-1.89513	1.204	5.14193	5.12583
-1.9017	1.1902	5.14325	5.12485
-1.88363	1.20893	5.14357	5.12583
-1.88429	1.20925	5.14325	5.12616
-1.89349	1.19611	5.14357	5.12682
-1.89612	1.17771	5.14325	5.1278
-1.89283	1.17706	5.14325	5.12715
-1.87969	1.2063	5.14259	5.12419
-1.8856	1.20301	5.1416	5.12419
-1.88955	1.18921	5.14193	5.12452
-1.8787	1.19776	5.1416	5.12452
-1.86786	1.20268	5.14029	5.12616
-1.86655	1.19381	5.1393	5.12813
-1.86425	1.19184	5.1393	5.12879
-1.84716	1.2132	5.13963	5.12813
-1.84914	1.21582	5.14127	5.12748
-1.85012	1.2109	5.14292	5.12485
-1.85144	1.20268	5.14423	5.12222
-1.84191	1.2063	5.14292	5.1209
-1.83895	1.21188	5.14062	5.12353
-1.83961	1.20728	5.1416	5.12616
-1.84454	1.21648	5.14226	5.1255
-1.84684	1.22502	5.14292	5.12452
-1.84684	1.21747	5.14456	5.12616
-1.84519	1.22207	5.14456	5.12682
-1.84716	1.21911	5.14423	5.12748
-1.84454	1.227	5.14259	5.12813
-1.84946	1.23554	5.14029	5.12682
-1.83567	1.26084	5.1416	5.12583
-1.83698	1.26182	5.14325	5.12452
-1.83205	1.26576	5.14456	5.12452
-1.82712	1.26938	5.14456	5.1255
-1.813	1.27628	5.14292	5.12452
-1.80807	1.28153	5.14259	5.12222
-1.80544	1.29369	5.14423	5.1232
-1.80413	1.29238	5.14325	5.12419
-1.81694	1.27858	5.14193	5.12353
-1.81102	1.295	5.14193	5.12255
-1.81464	1.28975	5.14226	5.12288
-1.80643	1.30519	5.1416	5.12452
-1.813	1.29697	5.14259	5.12616
-1.80675	1.30585	5.14456	5.12583
-1.80347	1.30486	5.14555	5.12485
-1.82022	1.27759	5.14325	5.12518
-1.813	1.29336	5.14127	5.1255
-1.81891	1.2858	5.1416	5.12452
-1.82811	1.27036	5.14292	5.12419
-1.83402	1.26609	5.14325	5.1255
-1.84585	1.26215	5.14259	5.12485
-1.84749	1.26971	5.14259	5.12419
-1.85571	1.26215	5.14357	5.12419
-1.85538	1.26182	5.14325	5.12485
-1.85669	1.25229	5.14259	5.12616
-1.86359	1.24539	5.14325	5.12682
-1.87673	1.24244	5.14489	5.12748
-1.86753	1.24375	5.14587	5.12715
-1.86753	1.24704	5.1485	5.12419
-1.87345	1.23258	5.14785	5.12288
-1.86622	1.23718	5.14555	5.12485
-1.87049	1.23389	5.14193	5.12649
-1.87739	1.22765	5.14259	5.12748
-1.89152	1.2132	5.14423	5.12682
-1.89283	1.20334	5.14785	5.12452
-1.88922	1.20893	5.14785	5.12288
-1.89217	1.20203	5.14587	5.12222
-1.9017	1.18593	5.14555	5.1232
-1.89677	1.18856	5.14522	5.12452
-1.89513	1.1948	5.14489	5.12518
-1.89349	1.19513	5.14423	5.12583
-1.90236	1.19578	5.14357	5.12649
-1.89283	1.1925	5.14423	5.12616
-1.8879	1.20465	5.14259	5.1255
-1.88725	1.20268	5.14259	5.1255
-1.88232	1.20958	5.14259	5.12649
-1.89546	1.20958	5.14423	5.12583
-1.88396	1.20663	5.14325	5.12419
-1.88593	1.20203	5.14226	5.12386
-1.87608	1.21911	5.1439	5.12419
-1.87443	1.22601	5.14489	5.12485
-1.87443	1.21385	5.14555	5.1255
-1.88626	1.20334	5.14522	5.12682
-1.89875	1.17837	5.14423	5.12682
-1.90104	1.17476	5.14423	5.12353
-1.90433	1.16851	5.14423	5.12419
-1.91057	1.15702	5.14325	5.12583
-1.92667	1.14125	5.14325	5.1255
-1.927	1.1373	5.14357	5.1255
-1.92306	1.14059	5.14456	5.12583
-1.92207	1.14486	5.14686	5.12583
-1.9178	1.14223	5.1485	5.12649
-1.91681	1.1419	5.14719	5.12682
-1.92306	1.14322	5.14423	5.12682
-1.92569	1.15472	5.14259	5.12616
-1.9224	1.14519	5.14259	5.1255
-1.91517	1.15964	5.14226	5.12518
-1.92043	1.15143	5.14325	5.12518
-1.9224	1.14683	5.1439	5.12386
-1.91681	1.1557	5.14292	5.12288
-1.92174	1.1465	5.14193	5.12353
-1.9132	1.1649	5.14062	5.12616
-1.91879	1.15636	5.14193	5.12846
-1.91583	1.16687	5.14357	5.12813
-1.9178	1.17804	5.14555	5.1278
-1.92503	1.16359	5.1462	5.1278
-1.9224	1.16392	5.14686	5.12715
-1.92339	1.16194	5.1439	5.12715
-1.92043	1.17311	5.14226	5.12583
-1.92503	1.16556	5.14226	5.12518
-1.91616	1.18166	5.14259	5.12616
-1.91287	1.18363	5.1439	5.12616
-1.90302	1.19874	5.14292	5.12682
-1.89546	1.204	5.1416	5.12649
-1.89119	1.21648	5.14095	5.12649
-1.88987	1.2178	5.14062	5.12715
-1.8902	1.21418	5.14226	5.12518
-1.8787	1.23061	5.14259	5.12419
-1.86721	1.23948	5.14357	5.12518
-1.86852	1.23225	5.14489	5.12649
-1.86293	1.23061	5.14357	5.12682
-1.85406	1.22831	5.14259	5.12748
-1.85308	1.23389	5.14193	5.12715
-1.84552	1.23389	5.14226	5.12748
-1.85571	1.22634	5.14325	5.12748
-1.85012	1.23291	5.14489	5.12616
-1.83665	1.24901	5.14456	5.12485
-1.83764	1.24539	5.14357	5.12518
-1.84092	1.24375	5.14456	5.12452
-1.83928	1.24408	5.14522	5.12452
-1.81135	1.26412	5.14522	5.12485
-1.8084	1.27003	5.1439	5.12386
-1.80413	1.27365	5.14292	5.1232
-1.80971	1.27102	5.1439	5.12452
-1.81365	1.25886	5.14653	5.12485
-1.8038	1.27398	5.14653	5.12649
-1.81365	1.25164	5.14456	5.12649
-1.81332	1.25426	5.14325	5.1255
-1.81562	1.26182	5.14259	5.12419
-1.82055	1.25262	5.1439	5.12419
-1.8176	1.25854	5.14456	5.12386
-1.81135	1.27332	5.14357	5.12419
-1.81727	1.26149	5.14259	5.1255
-1.8084	1.26806	5.14127	5.1255
-1.80807	1.27463	5.14127	5.1255
-1.79558	1.27858	5.1416	5.12649
-1.79624	1.27956	5.14226	5.12485
-1.80413	1.28252	5.14292	5.12353
-1.80183	1.27661	5.14226	5.12452
-1.81201	1.27595	5.14127	5.12452
-1.81792	1.27299	5.14029	5.12452
-1.79854	1.28515	5.1416	5.12452
-1.80117	1.28909	5.14325	5.1255
-1.78441	1.30782	5.14423	5.12419
-1.77653	1.31636	5.14259	5.12288
-1.77029	1.32326	5.14095	5.12255
-1.7647	1.33279	5.14095	5.12452
-1.77259	1.32589	5.14029	5.12518
-1.78211	1.31734	5.14259	5.12452
-1.7808	1.3134	5.14489	5.12616
-1.79821	1.30026	5.14719	5.12583
-1.79624	1.30486	5.1462	5.1255
-1.79985	1.29993	5.14587	5.12583
-1.80478	1.28613	5.14489	5.12649
-1.81562	1.27562	5.1439	5.12813
-1.81595	1.27036	5.1416	5.1278
-1.83008	1.26543	5.14226	5.12452
-1.84355	1.24671	5.1439	5.12156
-1.84716	1.23685	5.14489	5.12288
-1.84355	1.24277	5.1439	5.1255
-1.84651	1.23652	5.13996	5.12879
-1.84914	1.23192	5.13766	5.12912
-1.85341	1.23817	5.13865	5.12616
-1.85012	1.24342	5.14095	5.12419
-1.85144	1.23849	5.14325	5.12452
-1.83534	1.24474	5.14357	5.12616
-1.84158	1.23849	5.14292	5.12813
-1.85308	1.23127	5.14226	5.12912
-1.86655	1.20794	5.14292	5.12748
-1.87279	1.19283	5.14489	5.12583
-1.88133	1.18166	5.14522	5.1255
-1.88823	1.18297	5.14489	5.12452
-1.8994	1.16819	5.1439	5.1255
-1.90794	1.15209	5.14292	5.12813
-1.90729	1.16096	5.14357	5.12813
-1.9063	1.16359	5.14357	5.12846
-1.91156	1.15997	5.14259	5.12715
-1.9178	1.15012	5.14357	5.12485
-1.93029	1.13829	5.14522	5.12353
-1.927	1.13106	5.14653	5.12386
-1.92076	1.13172	5.14456	5.12419
-1.92306	1.11595	5.14357	5.12518
-1.92109	1.11003	5.14423	5.12419
-1.92864	1.10215	5.14522	5.12288
-1.92536	1.11069	5.1439	5.12386
-1.92371	1.10051	5.14259	5.12419
-1.92339	1.10116	5.14292	5.12386
-1.92174	1.11562	5.14325	5.12452
-1.93127	1.10872	5.14325	5.12419
-1.92864	1.08507	5.1416	5.12419
-1.92897	1.06995	5.14095	5.12452
-1.93226	1.07357	5.14226	5.12616
-1.92799	1.08901	5.14259	5.12583
-1.92404	1.10675	5.14259	5.12419
-1.92536	1.11989	5.14259	5.12452
-1.92897	1.11036	5.14292	5.12583
-1.9339	1.11003	5.14325	5.12583
-1.92766	1.10872	5.14259	5.12485
-1.9247	1.12613	5.1439	5.12419
-1.91452	1.12055	5.14555	5.12583
-1.91484	1.11562	5.14587	5.12682
-1.91944	1.10543	5.14489	5.12682
-1.9109	1.11628	5.14357	5.12649
-1.91189	1.13106	5.14292	5.12485
-1.90663	1.1304	5.14423	5.1232
-1.91386	1.11529	5.14456	5.12353
-1.9155	1.11595	5.14522	5.12419
-1.9086	1.12022	5.1439	5.12682
-1.91287	1.1235	5.14325	5.12748
-1.91452	1.14223	5.14357	5.12649
-1.91944	1.1212	5.14423	5.1255
-1.93029	1.10675	5.1439	5.1255
-1.92799	1.11463	5.1439	5.12386
-1.92339	1.11792	5.14423	5.12452
-1.91911	1.10708	5.14423	5.12616
-1.91254	1.10314	5.14456	5.12616
-1.92076	1.09361	5.14555	5.12583
-1.91517	1.09196	5.14522	5.12682
-1.9224	1.07521	5.1439	5.1278
-1.90959	1.08966	5.14456	5.12846
-1.904	1.09886	5.14587	5.12813
-1.90794	1.09492	5.14489	5.12977
-1.9132	1.11266	5.14292	5.12977
-1.90367	1.11595	5.14226	5.1301
-1.91057	1.10511	5.14259	5.12813
-1.90564	1.10905	5.14292	5.12649
-1.89677	1.11693	5.14292	5.12682
-1.88889	1.12975	5.14226	5.1278
-1.88429	1.13665	5.14357	5.12879
-1.86786	1.14092	5.14522	5.12813
-1.8741	1.13106	5.14456	5.12682
-1.86852	1.12942	5.14489	5.12616
-1.86983	1.13205	5.14489	5.1255
-1.87016	1.13665	5.14357	5.1255
-1.87148	1.13238	5.14226	5.12682
-1.87213	1.12975	5.14095	5.12748
-1.85866	1.13763	5.14127	5.1278
-1.85472	1.14026	5.1439	5.1278
-1.84716	1.14617	5.14686	5.1255
-1.84552	1.14617	5.14719	5.1255
-1.84125	1.13599	5.1462	5.12616
-1.84026	1.12843	5.14357	5.12715
-1.85275	1.12153	5.14193	5.12715
-1.85636	1.12909	5.14062	5.1278
-1.85111	1.14092	5.14292	5.12649
-1.84782	1.1396	5.14423	5.12649
-1.84848	1.13665	5.14357	5.1255
-1.84782	1.13993	5.14325	5.12452
-1.84125	1.14026	5.14423	5.12649
-1.84454	1.14519	5.14423	5.12748
-1.85571	1.14782	5.14423	5.12649
-1.85998	1.1396	5.14489	5.12813
-1.84815	1.14716	5.14653	5.12846
-1.84848	1.14059	5.14555	5.12682
-1.84059	1.14322	5.14423	5.12649
-1.83862	1.14782	5.14226	5.12649
-1.84092	1.15012	5.1416	5.12682
-1.83928	1.14946	5.14226	5.12748
-1.85373	1.13697	5.14423	5.12748
-1.84815	1.15077	5.14555	5.12715
-1.84289	1.14125	5.1462	5.1255
-1.83337	1.15307	5.14423	5.12452
-1.82351	1.15603	5.14292	5.12518
-1.81365	1.19151	5.14226	5.1255
-1.81168	1.20433	5.14357	5.12518
-1.81398	1.20465	5.14456	5.12616
-1.8038	1.2109	5.14456	5.12616
-1.79591	1.2293	5.14489	5.12748
-1.79427	1.22042	5.14325	5.12846
-1.7877	1.23817	5.14095	5.1301
-1.79295	1.23357	5.1416	5.1301
-1.78803	1.24014	5.14292	5.12748
-1.80084	1.23324	5.14489	5.12419
-1.79131	1.24178	5.14489	5.12386
-1.78014	1.24375	5.1416	5.12452
-1.77423	1.24638	5.13996	5.12616
-1.76996	1.24966	5.14029	5.12616
-1.77653	1.24178	5.14193	5.12583
-1.79427	1.23619	5.14259	5.12616
-1.79591	1.24244	5.14325	5.12682
-1.80117	1.24145	5.14292	5.12649
-1.80675	1.24277	5.14259	5.12748
-1.80183	1.25459	5.14292	5.12748
-1.80183	1.25591	5.14522	5.12715
-1.80018	1.25558	5.14686	5.1278
-1.79525	1.26938	5.14653	5.12583
-1.80183	1.25656	5.14456	5.12353
-1.81727	1.25229	5.14325	5.12189
-1.81168	1.25262	5.14325	5.12386
-1.813	1.24999	5.1439	5.12616
-1.8107	1.25065	5.14325	5.1278
-1.8107	1.24408	5.1416	5.1278
-1.81102	1.23422	5.1416	5.12748
-1.80347	1.23718	5.14226	5.12616
-1.81037	1.22568	5.14226	5.12518
-1.81562	1.23159	5.14127	5.12616
-1.81234	1.22601	5.14127	5.12846
-1.81595	1.22568	5.1416	5.12879
-1.82548	1.21024	5.14292	5.12682
-1.83205	1.2155	5.14423	5.12386
-1.84059	1.2109	5.14522	5.12255
-1.84059	1.2132	5.14357	5.12353
-1.84092	1.21287	5.14127	5.12518
-1.83928	1.2247	5.14062	5.12583
-1.83665	1.22897	5.14226	5.12715
-1.84421	1.21977	5.1439	5.12583
-1.83468	1.23389	5.14357	5.12616
-1.83402	1.24441	5.14259	5.12846
-1.82712	1.25591	5.14226	5.12879
-1.81891	1.27463	5.14193	5.12912
-1.82745	1.27759	5.14193	5.1278
-1.82187	1.27595	5.14062	5.1255
-1.81661	1.27496	5.13996	5.1255
-1.82022	1.26872	5.14127	5.12715
-1.82877	1.25098	5.14226	5.12748
-1.82351	1.26281	5.1439	5.12583
-1.8107	1.26872	5.14292	5.12649
-1.82745	1.23587	5.1439	5.12583
-1.83271	1.23291	5.1439	5.12485
-1.83862	1.23357	5.1439	5.12518
-1.83139	1.23291	5.1439	5.12583
-1.83731	1.22305	5.14423	5.12813
-1.84651	1.21681	5.1439	5.12977
-1.84388	1.23225	5.14325	5.12813
-1.83862	1.24309	5.14226	5.12682
-1.84322	1.22667	5.14193	5.1255
-1.86293	1.204	5.14259	5.12583
-1.85801	1.22141	5.14292	5.12715
-1.85866	1.22075	5.14259	5.12715
-1.84749	1.22601	5.14259	5.12649
-1.85406	1.22864	5.14292	5.1278
-1.85965	1.22371	5.1439	5.12813
-1.85571	1.22437	5.1439	5.12583
-1.85899	1.2224	5.14325	5.12485
-1.85702	1.22272	5.14259	5.12419
-1.85735	1.20991	5.14226	5.12616
-1.86819	1.21418	5.14259	5.12715
-1.8695	1.21681	5.14423	5.12748
-1.87115	1.20728	5.14423	5.12748
-1.87673	1.20893	5.1439	5.12616
-1.89185	1.19381	5.1439	5.12452
-1.89316	1.1902	5.14456	5.12419
-1.89546	1.17936	5.14357	5.12485
-1.88856	1.18264	5.14292	5.12485
-1.89119	1.17936	5.14193	5.12419
-1.8925	1.18297	5.14259	5.12485
-1.89415	1.18593	5.14489	5.12583
-1.91649	1.17016	5.14423	5.12583
-1.91452	1.16917	5.14325	5.1255
-1.91747	1.15373	5.14259	5.12583
-1.91057	1.14946	5.1439	5.12682
-1.89973	1.15636	5.14522	5.12649
-1.90696	1.15669	5.14587	5.12649
-1.9063	1.16457	5.14456	5.1255
-1.90367	1.16424	5.14719	5.12616
-1.89185	1.18396	5.14719	5.12748
-1.89415	1.1764	5.14357	5.1278
-1.90269	1.1649	5.14193	5.12715
-1.90532	1.15767	5.14259	5.12649
-1.904	1.15932	5.14357	5.12452
-1.91123	1.16622	5.14456	5.12419
-1.91189	1.17673	5.14522	5.12419
-1.904	1.16851	5.14423	5.1232
-1.8925	1.17311	5.14423	5.1232
-1.904	1.15373	5.14325	5.12452
-1.90959	1.14815	5.14095	5.1255
-1.90367	1.15702	5.14127	5.12682
-1.9017	1.16096	5.14193	5.12649
-1.90006	1.15833	5.14325	5.12616
-1.90269	1.16293	5.14423	5.12682
-1.9086	1.17081	5.14325	5.12715
-1.89612	1.17969	5.14226	5.12748
-1.89809	1.17739	5.1439	5.12813
-1.904	1.1764	5.1462	5.12715
-1.88955	1.19841	5.1462	5.12583
-1.88199	1.20991	5.1439	5.12485
-1.87739	1.227	5.14127	5.12518
-1.86655	1.23455	5.14292	5.12616
-1.86195	1.24211	5.14489	5.12583
-1.85571	1.24934	5.14423	5.12353
-1.84322	1.25098	5.14423	5.12255
-1.83698	1.25919	5.14423	5.12353
-1.83107	1.26412	5.1439	5.12485
-1.83501	1.26215	5.14292	5.12616
-1.81825	1.27003	5.1416	5.12715
-1.82121	1.27431	5.14325	5.12879
-1.81267	1.27595	5.14456	5.12879
-1.80938	1.27299	5.14587	5.12846
-1.81628	1.27036	5.14587	5.12715
-1.81891	1.27661	5.14522	5.12682
-1.81891	1.27036	5.1439	5.12616
-1.82482	1.26313	5.1439	5.12616
-1.83107	1.25722	5.14489	5.12616
-1.82548	1.26313	5.14357	5.12616
-1.82022	1.27595	5.14325	5.12616
-1.83435	1.25689	5.14357	5.12715
-1.83928	1.25952	5.14325	5.12682
-1.84881	1.24769	5.14226	5.12715
-1.84749	1.25065	5.14095	5.12748
-1.84322	1.25426	5.14095	5.12649
-1.85472	1.24999	5.14095	5.12419
-1.85406	1.24441	5.14226	5.1232
-1.85505	1.23488	5.14292	5.12222
-1.85538	1.22568	5.14325	5.1232
-1.84454	1.23521	5.14357	5.12583
-1.84585	1.24112	5.14456	5.12616
-1.85078	1.22437	5.14456	5.12616
-1.85144	1.22634	5.14357	5.12715
-1.86655	1.20925	5.14325	5.12616
-1.87312	1.20695	5.14456	5.12649
-1.881	1.20038	5.14456	5.12583
-1.86786	1.20827	5.14193	5.12452
-1.85965	1.21681	5.14127	5.1255
-1.86195	1.20564	5.1416	5.1255
-1.86786	1.20663	5.14325	5.12419
-1.86261	1.21123	5.14522	5.12353
-1.85571	1.21484	5.14522	5.12288
-1.86096	1.20695	5.14292	5.1232
-1.86556	1.19447	5.14062	5.12452
-1.87542	1.18954	5.14127	5.12748
-1.86819	1.19151	5.14357	5.1278
-1.85341	1.20564	5.14587	5.12616
-1.8695	1.1948	5.14522	5.12353
-1.87805	1.19086	5.14489	5.12255
-1.87509	1.20564	5.14423	5.12353
-1.87608	1.21681	5.14357	5.1232
-1.87936	1.2132	5.14423	5.12222
-1.85998	1.22962	5.1462	5.12353
-1.86293	1.21747	5.1462	5.12353
-1.86392	1.21451	5.14555	5.12386
-1.86425	1.2247	5.1439	5.12452
-1.86063	1.23061	5.14357	5.12649
-1.86326	1.22995	5.14522	5.12715
-1.84914	1.23389	5.14456	5.12715
-1.84421	1.24835	5.14423	5.12452
-1.84749	1.24277	5.14357	5.12222
-1.85636	1.23882	5.14226	5.12156
-1.85801	1.2293	5.14193	5.12123
-1.86425	1.22601	5.14095	5.12189
-1.85998	1.23751	5.14029	5.12386
-1.8764	1.21615	5.14062	5.1232
-1.88068	1.20498	5.14325	5.12419
-1.88922	1.1948	5.14587	5.12518
-1.87969	1.20203	5.1462	5.12518
-1.88002	1.20794	5.14522	5.12518
-1.8833	1.20465	5.14325	5.12649
-1.89612	1.18921	5.14226	5.12813
-1.89316	1.18658	5.1439	5.12715
-1.89415	1.19086	5.14456	5.1255
-1.89579	1.18363	5.14489	5.12518
-1.91024	1.17903	5.14653	5.12583
-1.9155	1.18297	5.14587	5.12583
-1.90367	1.18527	5.14587	5.12518
-1.91057	1.17377	5.14522	5.12616
-1.91714	1.1695	5.1439	5.12682
-1.9316	1.15373	5.14357	5.12583
-1.93653	1.14683	5.14325	5.12419
-1.93554	1.14355	5.14226	5.12386
-1.93751	1.14486	5.1416	5.1255
-1.93653	1.1488	5.14292	5.12649
-1.94408	1.14716	5.14489	5.12813
-1.94014	1.14355	5.14686	5.1278
-1.93193	1.1442	5.14817	5.12616
-1.93883	1.13697	5.14752	5.12649
-1.94343	1.12613	5.14522	5.12715
-1.94606	1.12416	5.14292	5.12583
-1.94376	1.13566	5.14292	5.12452
-1.94934	1.12548	5.14325	5.12419
-1.9477	1.11595	5.14555	5.1255
-1.94474	1.11956	5.14423	5.12518
-1.94835	1.12088	5.1439	5.12583
-1.9477	1.11989	5.14522	5.12616
-1.92569	1.14782	5.14456	5.12616
-1.92799	1.16096	5.14259	5.12518
-1.9224	1.15537	5.14029	5.12583
-1.91452	1.16326	5.14127	5.12452
-1.9155	1.17541	5.14193	5.12123
-1.91386	1.18264	5.14325	5.12058
-1.91123	1.17509	5.14456	5.12353
-1.89875	1.19348	5.14423	5.12583
-1.8902	1.20367	5.14522	5.1278
-1.88068	1.22535	5.14522	5.12945
-1.87838	1.24244	5.14357	5.12879
-1.87345	1.23652	5.14292	5.12912
-1.8764	1.22995	5.14259	5.12813
-1.87378	1.23817	5.14193	5.12813
-1.87115	1.24145	5.13996	5.12715
-1.85538	1.24868	5.13996	5.12649
-1.86293	1.23488	5.13996	5.12583
-1.85176	1.25394	5.14127	5.12583
-1.84815	1.25032	5.14456	5.1255
-1.86063	1.24277	5.14587	5.12518
-1.85932	1.25525	5.14522	5.12616
-1.85308	1.26051	5.14423	5.12748
-1.83632	1.26741	5.1439	5.12846
-1.84026	1.26445	5.14292	5.12879
-1.83501	1.26379	5.14259	5.12715
-1.83468	1.26741	5.14555	5.12583
-1.83074	1.25624	5.14686	5.1255
-1.82187	1.26412	5.14587	5.12616
-1.81398	1.27628	5.14292	5.12879
-1.8222	1.26445	5.14325	5.13076
-1.82548	1.26412	5.1439	5.1301
-1.82449	1.25624	5.14456	5.1278
-1.82909	1.24014	5.14555	5.12583
-1.83107	1.22272	5.14587	5.12419
-1.83074	1.23127	5.14587	5.12452
-1.82679	1.24572	5.14456	5.12583
-1.82581	1.24441	5.14357	5.1278
-1.81694	1.24605	5.14325	5.12748
-1.81727	1.25821	5.14489	5.12616
-1.80478	1.26084	5.14587	5.12419
-1.80774	1.26938	5.14587	5.12616
-1.81924	1.25492	5.14456	5.12945
-1.81365	1.25065	5.1439	5.1301
-1.81201	1.25492	5.14259	5.12846
-1.82088	1.23882	5.14357	5.12583
-1.82844	1.23619	5.14522	5.12583
-1.83534	1.23127	5.14587	5.1255
-1.83205	1.24277	5.14522	5.12386
-1.82877	1.22798	5.14456	5.12419
-1.82745	1.24145	5.14357	5.1255
-1.82679	1.23882	5.14357	5.12682
-1.82679	1.23061	5.1439	5.12616
-1.82154	1.22535	5.14522	5.12583
-1.82778	1.23324	5.1439	5.12649
-1.82449	1.24441	5.14259	5.12649
-1.83107	1.24079	5.14259	5.1278
-1.83632	1.23455	5.14292	5.12748
-1.83534	1.23488	5.14357	5.12682
-1.83797	1.23389	5.1439	5.12616
-1.82515	1.23225	5.14456	5.12485
-1.81398	1.22207	5.14587	5.12485
-1.81201	1.20695	5.14653	5.12583
-1.81037	1.20761	5.14357	5.12616
-1.8199	1.20465	5.1416	5.12616
-1.82088	1.21057	5.14193	5.12518
-1.82417	1.20728	5.14226	5.1232
-1.81891	1.21123	5.14522	5.12156
-1.81135	1.2201	5.1462	5.12222
-1.79755	1.23258	5.14489	5.12255
-1.78441	1.25196	5.14193	5.12485
-1.7969	1.24375	5.14029	5.12616
-1.79295	1.24441	5.14226	5.12682
-1.78408	1.23784	5.14489	5.12682
-1.77554	1.24868	5.14587	5.12649
-1.77029	1.26051	5.14456	5.12715
-1.76404	1.26281	5.14259	5.12748
-1.78606	1.26051	5.14062	5.12649
-1.79427	1.25689	5.14127	5.12452
-1.80938	1.22765	5.1439	5.12386
-1.7946	1.24014	5.14686	5.12682
-1.78901	1.23817	5.1462	5.1278
-1.79525	1.23817	5.14357	5.12649
-1.80281	1.21845	5.14062	5.12583
-1.79525	1.22667	5.14029	5.12649
-1.81037	1.21385	5.14259	5.12813
-1.81595	1.19316	5.14423	5.12682
-1.80905	1.20695	5.14357	5.12485
-1.80478	1.20334	5.14423	5.12452
-1.80478	1.20564	5.14357	5.1232
-1.80314	1.2201	5.1439	5.12353
-1.81135	1.20597	5.14325	5.12583
-1.80248	1.22305	5.14325	5.12616
-1.80544	1.22765	5.14423	5.12583
-1.81168	1.23554	5.14456	5.12452
-1.8222	1.23389	5.14292	5.12485
-1.81858	1.23718	5.14193	5.12485
-1.81661	1.23554	5.14259	5.1255
-1.81628	1.23422	5.14325	5.12616
-1.80675	1.23718	5.1439	5.12682
-1.81102	1.22141	5.14489	5.12748
-1.80511	1.22108	5.14522	5.12649
-1.81234	1.22437	5.14423	5.12682
-1.81858	1.22634	5.14292	5.1278
-1.8199	1.22338	5.14226	5.12682
-1.8176	1.23422	5.14226	5.12682
-1.82351	1.22831	5.1439	5.12649
-1.82482	1.22732	5.14555	5.12583
-1.84322	1.20958	5.14785	5.12518
-1.84684	1.2132	5.14653	5.12715
-1.84749	1.20728	5.14259	5.12649
-1.84421	1.2063	5.14062	5.1255
-1.84421	1.20071	5.14226	5.12583
-1.84486	1.19743	5.14456	5.12682
-1.83698	1.2017	5.14752	5.12682
-1.83271	1.2017	5.14752	5.12715
-1.82811	1.20268	5.14456	5.12583
-1.83698	1.18823	5.14062	5.12715
-1.85045	1.17509	5.13865	5.12682
-1.84914	1.16227	5.1393	5.12583
-1.83895	1.15899	5.14259	5.12452
-1.83468	1.15307	5.14522	5.12452
-1.83829	1.1465	5.14522	5.1255
-1.82909	1.15964	5.14226	5.12616
-1.82121	1.17049	5.14259	5.12485
-1.81595	1.181	5.14259	5.1232
-1.83074	1.1741	5.14292	5.12386
-1.82285	1.19381	5.14259	5.12452
-1.81694	1.20761	5.14226	5.12485
-1.82318	1.20235	5.14226	5.1255
-1.81037	1.21123	5.14095	5.12682
-1.81694	1.19316	5.1393	5.12813
-1.81957	1.19184	5.14029	5.12715
-1.82088	1.1925	5.14226	5.12649
-1.80675	1.1879	5.14292	5.12518
-1.7992	1.20235	5.14292	5.12616
-1.80708	1.1971	5.14325	5.12715
-1.80872	1.1971	5.14423	5.12616
-1.80248	1.18823	5.14226	5.12616
-1.80741	1.18888	5.13996	5.12452
-1.80544	1.19118	5.14095	5.12485
-1.7946	1.20038	5.14193	5.12485
-1.79	1.20334	5.14259	5.12583
-1.7946	1.20203	5.14259	5.12583
-1.79033	1.22798	5.14226	5.12682
-1.78606	1.21418	5.1439	5.12748
-1.78803	1.21024	5.14423	5.12583
-1.80741	1.18428	5.14456	5.12353
-1.80971	1.18297	5.14522	5.1232
-1.82022	1.16589	5.14522	5.12386
-1.83731	1.14355	5.14325	5.12419
-1.85439	1.13435	5.14127	5.12452
-1.86655	1.12778	5.14095	5.12485
-1.88495	1.11562	5.14292	5.12583
-1.8948	1.10675	5.14522	5.12518
-1.90072	1.11003	5.14653	5.1255
-1.89842	1.13106	5.14555	5.12583
-1.90564	1.11463	5.14259	5.1255
-1.90794	1.10445	5.14095	5.12518
-1.90466	1.11431	5.1416	5.12583
-1.90696	1.10872	5.1416	5.1255
-1.91681	1.09985	5.14226	5.12452
-1.91583	1.09952	5.14292	5.12419
-1.91747	1.09624	5.14423	5.12452
-1.92404	1.08934	5.14752	5.12452
-1.92339	1.08342	5.14686	5.12485
-1.92076	1.08244	5.14357	5.1255
-1.92569	1.07685	5.14193	5.12485
-1.93061	1.06141	5.14555	5.1232
-1.927	1.06338	5.14785	5.12255
-1.92339	1.06732	5.14686	5.12288
-1.93587	1.05123	5.14259	5.1255
-1.93357	1.05583	5.14095	5.12616
-1.93653	1.06634	5.14226	5.12846
-1.93718	1.06108	5.14456	5.1278
-1.92503	1.07817	5.14587	5.12485
-1.92831	1.08507	5.14489	5.12189
-1.92503	1.09295	5.14325	5.12255
-1.92733	1.08474	5.14259	5.12419
-1.91649	1.09196	5.14423	5.12583
-1.90564	1.08079	5.14522	5.12616
-1.88199	1.09426	5.14555	5.12616
-1.88232	1.09689	5.14522	5.12583
-1.87246	1.08638	5.14522	5.12583
-1.87608	1.07422	5.14423	5.12518
-1.87082	1.07784	5.14292	5.12419
-1.87115	1.08605	5.1416	5.12255
-1.88232	1.07094	5.14062	5.12255
-1.86655	1.08211	5.14292	5.12616
-1.86261	1.08539	5.14489	5.12813
-1.87936	1.07127	5.14423	5.12846
-1.86293	1.07817	5.14357	5.12715
-1.86261	1.07455	5.14259	5.12682
-1.86031	1.08572	5.14193	5.12748
-1.85965	1.09558	5.14226	5.12879
-1.85308	1.09262	5.14423	5.12879
-1.83895	1.08474	5.14653	5.12879
-1.84289	1.08047	5.1462	5.1278
-1.83567	1.09131	5.1439	5.12682
-1.82581	1.09624	5.14095	5.12682
-1.82811	1.11135	5.14062	5.12682
-1.81957	1.12909	5.1416	5.12616
-1.79657	1.14092	5.14325	5.1255
-1.79263	1.15143	5.14292	5.12583
-1.79657	1.15274	5.14127	5.12682
-1.7923	1.14617	5.13963	5.12616
-1.78343	1.1557	5.13996	5.12616
-1.79821	1.15373	5.14127	5.12583
-1.80281	1.1695	5.14357	5.1255
-1.79033	1.17969	5.14522	5.12386
-1.79887	1.17213	5.14325	5.12288
-1.80248	1.17969	5.14292	5.1232
-1.8015	1.1833	5.14292	5.12485
-1.80478	1.19644	5.14325	5.12583
-1.8061	1.2017	5.14325	5.1278
-1.80544	1.19677	5.14292	5.12715
-1.79295	1.20597	5.14259	5.12583
-1.8061	1.19973	5.14357	5.12649
-1.8084	1.19151	5.14292	5.12682
-1.82055	1.18461	5.14127	5.12748
-1.8061	1.19381	5.14095	5.1278
-1.80413	1.20137	5.14127	5.12682
-1.81464	1.21418	5.14062	5.1255
-1.81891	1.20925	5.14193	5.12419
-1.81957	1.21582	5.14259	5.12518
-1.81661	1.23061	5.14325	5.12452
-1.82482	1.23521	5.1416	5.1255
-1.81497	1.22634	5.13996	5.1255
-1.8199	1.22535	5.14127	5.1255
-1.82088	1.21977	5.1416	5.12682
-1.82252	1.22338	5.1416	5.12813
-1.8176	1.22042	5.14357	5.12813
-1.82252	1.20794	5.14357	5.12616
-1.81102	1.204	5.14423	5.12452
-1.8107	1.20925	5.14423	5.12452
-1.8015	1.23521	5.14226	5.12682
-1.80347	1.22108	5.14292	5.12518
-1.81168	1.21845	5.1439	5.1255
-1.80938	1.2132	5.14423	5.12682
-1.80938	1.21385	5.14423	5.12846
-1.82581	1.19118	5.14423	5.13076
-1.82055	1.20005	5.1439	5.13043
-1.81891	1.21878	5.14357	5.12813
-1.82417	1.22667	5.1439	5.12879
-1.82745	1.22272	5.14522	5.12912
-1.83271	1.21977	5.14555	5.12846
-1.83895	1.204	5.14292	5.12879
-1.82252	1.21353	5.14127	5.12616
-1.82022	1.22174	5.14127	5.12452
-1.81792	1.23619	5.14357	5.12583
-1.80215	1.24047	5.14587	5.1255
-1.80413	1.22864	5.14555	5.12518
-1.82187	1.20597	5.14357	5.12616
-1.83402	1.19283	5.1416	5.12682
-1.83698	1.17706	5.14193	5.12649
-1.83337	1.17673	5.14193	5.12616
-1.82877	1.17903	5.14292	5.12616
-1.84256	1.17509	5.14555	5.12616
-1.84092	1.17509	5.14522	5.12715
-1.85439	1.1695	5.14292	5.1278
-1.86885	1.15274	5.14226	5.12616
-1.87772	1.15373	5.14325	5.12616
-1.87739	1.15176	5.1439	5.12649
-1.88429	1.14979	5.1439	5.12616
-1.89447	1.14059	5.14423	5.12616
-1.91156	1.13073	5.14489	5.12616
-1.9132	1.12383	5.14456	5.12518
-1.9224	1.12252	5.14325	5.1255
-1.93784	1.10642	5.14292	5.12616
-1.94146	1.10576	5.14325	5.12583
-1.93948	1.11069	5.14456	5.12419
-1.94146	1.11628	5.14423	5.12255
-1.95098	1.10971	5.14357	5.12353
-1.95427	1.11266	5.1439	5.12748
-1.96642	1.09755	5.14423	5.12912
-1.9707	1.08737	5.14555	5.12846
-1.97694	1.08769	5.14686	5.12748
-1.97891	1.09689	5.14817	5.12583
-1.97234	1.09065	5.14817	5.12583
-1.97727	1.08145	5.14587	5.1255
-1.973	1.07981	5.14325	5.12616
-1.97989	1.06831	5.14193	5.12682
-1.98877	1.06995	5.14259	5.12583
-1.98745	1.06108	5.14325	5.12485
-1.99961	1.04433	5.14489	5.12682
-1.98942	1.0578	5.14522	5.12682
-1.99402	1.04893	5.14522	5.12485
-1.99107	1.04137	5.14357	5.12485
-1.99074	1.03743	5.14259	5.12616
-1.98318	1.04235	5.1416	5.12682
-1.97825	1.04203	5.14292	5.12715
-1.97628	1.05418	5.14587	5.12616
-1.97431	1.05254	5.14719	5.12616
-1.96741	1.06075	5.14456	5.12715
-1.95328	1.0693	5.14127	5.12682
-1.94573	1.08211	5.14095	5.12682
-1.93094	1.09656	5.14193	5.12616
-1.91287	1.11792	5.14357	5.12616
-1.91353	1.11989	5.14456	5.12616
-1.90203	1.14092	5.14555	5.12748
-1.8902	1.1557	5.14357	5.12715
-1.88889	1.15373	5.14259	5.12649
-1.87969	1.15669	5.14062	5.12616
-1.86589	1.1695	5.14062	5.12419
-1.86096	1.17476	5.14325	5.12353
-1.85801	1.17673	5.14423	5.1232
-1.86031	1.1764	5.14259	5.12255
-1.84749	1.19053	5.14029	5.1232
-1.84552	1.18987	5.13799	5.1255
-1.86031	1.18297	5.13897	5.12616
-1.85308	1.18494	5.14259	5.12616
-1.85308	1.18691	5.14522	5.12682
-1.84881	1.17804	5.14587	5.12518
-1.85111	1.18691	5.14456	5.12386
-1.84782	1.18461	5.14292	5.1255
-1.83172	1.18757	5.14127	5.12649
-1.82909	1.204	5.14193	5.12616
-1.82844	1.20695	5.1439	5.12583
-1.83238	1.20827	5.14587	5.12452
-1.82515	1.22174	5.14587	5.12452
-1.81792	1.23981	5.14456	5.1255
-1.80872	1.24605	5.14259	5.12518
-1.813	1.25131	5.1416	5.1255
-1.81562	1.24605	5.14259	5.12583
-1.80478	1.24572	5.14456	5.12583
-1.80084	1.25328	5.14522	5.12583
-1.79066	1.26116	5.14357	5.12813
-1.79723	1.25952	5.14226	5.12879
-1.80413	1.25854	5.14259	5.12912
-1.81135	1.24375	5.14522	5.12879
-1.82154	1.23324	5.14555	5.12846
-1.83501	1.20794	5.14423	5.12748
-1.83698	1.21287	5.1439	5.12682
-1.84454	1.20597	5.14489	5.12583
-1.85012	1.19513	5.1462	5.12518
-1.84289	1.1994	5.14653	5.12452
-1.85012	1.18034	5.1462	5.12616
-1.84946	1.17509	5.14653	5.12748
-1.85439	1.17311	5.14587	5.12945
-1.84322	1.19053	5.1439	5.12977
-1.84191	1.18527	5.14226	5.12912
-1.83271	1.18823	5.14226	5.1278
-1.82909	1.20104	5.14193	5.12813
-1.83304	1.19348	5.14259	5.13076
-1.82449	1.19874	5.14259	5.1301
-1.82318	1.19611	5.14357	5.12649
-1.81858	1.18658	5.14325	5.12353
-1.80905	1.18823	5.14127	5.12353
-1.82121	1.18396	5.14062	5.12583
-1.82449	1.17804	5.14062	5.12813
-1.80872	1.17311	5.14127	5.12813
-1.80774	1.1718	5.14357	5.12616
-1.79953	1.1879	5.14357	5.12452
-1.78901	1.18264	5.14259	5.12452
-1.78014	1.18757	5.14292	5.12583
-1.77324	1.17837	5.14062	5.12616
-1.77456	1.1764	5.1393	5.1255
-1.7716	1.15439	5.14062	5.12452
-1.77456	1.1511	5.14292	5.12583
-1.79098	1.14979	5.14522	5.12518
-1.7739	1.15439	5.14522	5.12616
-1.78408	1.1465	5.14292	5.12813
-1.77357	1.14486	5.14029	5.12748
-1.75682	1.15636	5.14127	5.12846
-1.75123	1.19151	5.14193	5.12879
-1.75287	1.19316	5.1416	5.12813
-1.7486	1.19874	5.1416	5.12583
-1.74893	1.19546	5.1416	5.12616
-1.7463	1.1948	5.14127	5.12485
-1.7624	1.18428	5.14095	5.1255
-1.76667	1.18823	5.1416	5.12649
-1.78113	1.17213	5.1439	5.12583
-1.79295	1.16753	5.1439	5.12452
-1.7946	1.17903	5.14325	5.12452
-1.81102	1.1718	5.14456	5.12518
-1.81398	1.15899	5.14587	5.12616
-1.81102	1.16654	5.14423	5.12715
-1.80774	1.16884	5.14226	5.12649
-1.81497	1.17476	5.14292	5.12518
-1.81102	1.16457	5.14489	5.12419
-1.82187	1.16654	5.1462	5.12485
-1.83698	1.1626	5.14522	5.12846
-1.84355	1.15767	5.14456	5.13076
-1.84881	1.15406	5.14423	5.12945
-1.85275	1.1511	5.14423	5.12846
-1.86688	1.15537	5.14226	5.12682
-1.8741	1.14256	5.14292	5.12386
-1.88298	1.1373	5.14423	5.12419
-1.87772	1.1442	5.14686	5.12616
-1.8879	1.11825	5.15014	5.12715
-1.89053	1.11431	5.14949	5.12748
-1.89316	1.12252	5.1462	5.12715
-1.89053	1.10839	5.14456	5.1255
-1.89809	1.09952	5.14456	5.12419
-1.90269	1.09196	5.14522	5.12156
-1.8971	1.09558	5.14325	5.12222
-1.88987	1.10215	5.14259	5.12518
-1.88133	1.11003	5.14522	5.12682
-1.88396	1.11595	5.14587	5.12748
-1.89842	1.12482	5.14587	5.12748
-1.88462	1.12449	5.14456	5.12386
-1.89612	1.10116	5.14292	5.12288
-1.88823	1.10182	5.14193	5.12452
-1.89053	1.09952	5.1416	5.12583
-1.89645	1.07882	5.14095	5.12616
-1.89316	1.08769	5.1416	5.1255
-1.89546	1.08342	5.14423	5.1232
-1.90137	1.08802	5.14653	5.12288
-1.8948	1.10018	5.14686	5.12452
-1.89677	1.08769	5.14456	5.12583
-1.8948	1.09492	5.14259	5.12748
-1.89415	1.10215	5.14259	5.12682
-1.88035	1.11529	5.14357	5.12649
-1.88199	1.10971	5.14489	5.12715
-1.86753	1.10839	5.1462	5.1278
-1.87476	1.11102	5.14555	5.12879
-1.86983	1.12515	5.14423	5.12813
-1.87542	1.11989	5.14489	5.12748
-1.87739	1.13533	5.14522	5.12682
-1.8764	1.14552	5.14522	5.12715
-1.86852	1.15932	5.14456	5.12682
-1.85965	1.16523	5.14587	5.12518
-1.86195	1.1695	5.14587	5.12518
-1.86063	1.17673	5.14587	5.12518
-1.86556	1.16654	5.14587	5.12518
-1.86786	1.17607	5.14555	5.12419
-1.86063	1.18954	5.14587	5.12386
-1.86293	1.19118	5.14653	5.12419
-1.87542	1.19316	5.14522	5.12485
-1.88199	1.1741	5.14423	5.12583
-1.8856	1.16851	5.14456	5.12583
-1.88955	1.1718	5.14357	5.12682
-1.89217	1.16687	5.14325	5.12682
-1.89053	1.17114	5.14325	5.12715
-1.90203	1.15997	5.14325	5.1255
-1.90893	1.14913	5.14357	5.12353
-1.92043	1.13895	5.14325	5.12288
-1.92371	1.14683	5.14489	5.12386
-1.92076	1.15406	5.1462	5.12288
-1.9178	1.14782	5.1462	5.12156
-1.92109	1.14026	5.14423	5.12189
-1.92831	1.1396	5.14292	5.12353
-1.93981	1.13599	5.14292	5.12419
-1.94178	1.13862	5.1439	5.12386
-1.9293	1.14979	5.14325	5.12485
-1.92437	1.15439	5.1439	5.12649
-1.93094	1.1396	5.14456	5.12748
-1.92503	1.13435	5.14555	5.12682
-1.93686	1.12186	5.14653	5.12616
-1.93061	1.13468	5.14686	5.1255
-1.93094	1.14946	5.14522	5.12583
-1.92503	1.15176	5.14456	5.12748
-1.91222	1.1557	5.1439	5.12879
-1.91123	1.1557	5.14325	5.12879
-1.91419	1.15537	5.14292	5.12748
-1.91911	1.1534	5.14456	5.12583
-1.9224	1.14782	5.14555	5.12682
-1.9109	1.14946	5.14423	5.12649
-1.90433	1.15012	5.1416	5.12813
-1.8971	1.16326	5.14062	5.13076
-1.90334	1.16424	5.14259	5.1301
-1.89842	1.16819	5.1439	5.12682
-1.89316	1.18691	5.14456	5.12419
-1.89447	1.18199	5.14522	5.12452
-1.89513	1.17114	5.14456	5.12682
-1.89415	1.18396	5.14423	5.12715
-1.88133	1.20038	5.14423	5.12682
-1.88068	1.20367	5.14555	5.12748
-1.87443	1.21188	5.14522	5.1255
-1.86721	1.21221	5.14357	5.1255
-1.86425	1.20794	5.14029	5.12583
-1.85045	1.19644	5.14029	5.12748
-1.83829	1.2063	5.14226	5.12682
-1.82417	1.21747	5.14423	5.1255
-1.8222	1.21418	5.14456	5.12518
-1.83074	1.20925	5.14587	5.12649
-1.82581	1.21385	5.14883	5.12715
-1.82088	1.22502	5.14686	5.1278
-1.81398	1.22502	5.1439	5.12715
-1.80971	1.23389	5.14226	5.12518
-1.80084	1.26281	5.14259	5.1255
-1.80478	1.26018	5.14522	5.12616
-1.80708	1.26379	5.14653	5.1255
-1.79657	1.27496	5.1462	5.1255
-1.77948	1.28876	5.1439	5.12485
-1.7716	1.30617	5.14127	5.12485
-1.77127	1.30815	5.13897	5.12649
-1.75977	1.31044	5.13963	5.12748
-1.75452	1.31636	5.14193	5.12715
-1.74926	1.33377	5.14226	5.12616
-1.74269	1.34297	5.14127	5.12616
-1.75222	1.34626	5.14193	5.12715
-1.75747	1.33541	5.1439	5.12715
-1.76043	1.33344	5.14325	5.12813
-1.76536	1.31899	5.14325	5.12649
-1.77127	1.31077	5.1439	5.12682
-1.77784	1.29796	5.14456	5.1278
-1.7808	1.29402	5.14423	5.12583
-1.78211	1.28876	5.1439	5.12518
-1.78343	1.27759	5.14292	5.12715
-1.7923	1.27989	5.14226	5.1278
-1.78343	1.28942	5.14456	5.12583
-1.77554	1.29106	5.14653	5.12452
-1.78376	1.28843	5.1462	5.12386
-1.78343	1.29336	5.14489	5.12616
-1.78507	1.29303	5.14325	5.12813
-1.79361	1.28285	5.14292	5.12682
-1.78671	1.29106	5.14292	5.12583
-1.77226	1.29993	5.14259	5.1255
-1.76799	1.30026	5.14325	5.12616
-1.77193	1.29862	5.14423	5.12879
-1.76733	1.30092	5.14357	5.1301
-1.78014	1.3042	5.14357	5.12912
-1.76634	1.31702	5.14489	5.12879
-1.76536	1.32523	5.14555	5.1278
-1.76766	1.31702	5.14555	5.12616
-1.77193	1.32556	5.14456	5.12583
-1.77587	1.30979	5.14325	5.12649
-1.78277	1.29303	5.14193	5.12616
-1.79263	1.28778	5.14193	5.12649
-1.7923	1.29008	5.14226	5.12682
-1.78704	1.28449	5.14292	5.12715
-1.78803	1.2812	5.14653	5.12649
-1.80117	1.27332	5.14719	5.12649
-1.78934	1.27201	5.14522	5.12649
-1.80051	1.25755	5.1439	5.12813
-1.79558	1.26215	5.14259	5.1278
-1.79624	1.27168	5.14423	5.12518
-1.7923	1.28022	5.14456	5.12386
-1.79525	1.28153	5.14325	5.12255
-1.79493	1.27628	5.14259	5.1232
-1.79854	1.27858	5.14193	5.12583
-1.80544	1.26478	5.14193	5.12715
-1.79854	1.25164	5.14193	5.12715
-1.81102	1.24145	5.14193	5.12649
-1.80905	1.24112	5.14259	5.12583
-1.80905	1.23751	5.14325	5.12748
-1.80643	1.23784	5.14522	5.12715
-1.82154	1.22864	5.14489	5.12649
-1.83468	1.22042	5.14292	5.12682
-1.83829	1.21188	5.14292	5.12748
-1.85735	1.19808	5.14325	5.12649
-1.85965	1.204	5.14325	5.12616
-1.86589	1.19907	5.14423	5.12649
-1.8833	1.18823	5.1439	5.12583
-1.88626	1.17706	5.14357	5.12616
-1.88823	1.18757	5.14325	5.12715
-1.88232	1.19184	5.14226	5.12813
-1.87312	1.1879	5.14259	5.12879
-1.88166	1.18034	5.14325	5.12879
-1.88823	1.17081	5.14292	5.12748
-1.90137	1.17049	5.14259	5.12813
-1.90236	1.17476	5.14226	5.12715
-1.90696	1.16457	5.14259	5.1278
-1.91714	1.14683	5.14423	5.12682
-1.93193	1.13599	5.14489	5.1255
-1.93357	1.1396	5.14489	5.12452
-1.93193	1.13402	5.14325	5.12583
-1.94211	1.12646	5.14226	5.12715
-1.94113	1.12055	5.14226	5.12748
-1.94376	1.11168	5.13963	5.12945
-1.95	1.10938	5.13996	5.12715
-1.95985	1.10116	5.14259	5.12419
-1.97004	1.07981	5.14522	5.12255
-1.97924	1.07357	5.14555	5.12419
-1.9707	1.07948	5.14226	5.1255
-1.97957	1.05484	5.14029	5.12748
-1.98088	1.06272	5.14226	5.12748
-1.97201	1.06765	5.1439	5.12649
-1.9707	1.06535	5.14357	5.12485
-1.97267	1.06371	5.14357	5.12452
-1.97267	1.07488	5.14423	5.12452
-1.97365	1.07094	5.14522	5.12419
-1.96675	1.07061	5.14555	5.12518
-1.95164	1.09164	5.14423	5.12715
-1.95394	1.09131	5.14357	5.12715
-1.9408	1.08835	5.14325	5.1255
-1.92667	1.11398	5.14325	5.12419
-1.9247	1.11759	5.14325	5.12485
-1.92503	1.11628	5.1416	5.1255
-1.9155	1.11693	5.1416	5.12715
-1.9178	1.12416	5.14259	5.12748
-1.91681	1.12843	5.14587	5.12616
-1.89645	1.14979	5.14686	5.1255
-1.88856	1.15537	5.14522	5.1255
-1.8833	1.1603	5.14292	5.12748
-1.87378	1.1626	5.14127	5.1301
-1.85505	1.1833	5.14062	5.13043
-1.85176	1.16753	5.14226	5.1301
-1.82942	1.17969	5.1439	5.12945
-1.81957	1.18626	5.14587	5.12715
-1.80872	1.20334	5.14522	5.12485
-1.80577	1.20564	5.14555	5.1232
-1.81135	1.20564	5.14555	5.12419
-1.80445	1.20761	5.1439	5.12682
-1.80643	1.2109	5.14292	5.12977
-1.79361	1.22108	5.14423	5.12846
-1.79394	1.2178	5.1439	5.12715
-1.80018	1.21418	5.14423	5.12748
-1.78211	1.22798	5.14456	5.12682
-1.7923	1.22568	5.14357	5.12649
-1.78507	1.22502	5.14423	5.12583
-1.78376	1.227	5.1439	5.1255
-1.78474	1.24178	5.14489	5.12649
-1.77817	1.25032	5.14489	5.12682
-1.77357	1.25328	5.14423	5.12649
-1.77521	1.24605	5.14292	5.12649
-1.78737	1.23422	5.14292	5.12649
-1.79	1.23751	5.14357	5.12715
-1.79755	1.23554	5.14325	5.12748
-1.77981	1.25295	5.1439	5.12682
-1.79558	1.23685	5.14456	5.1255
-1.79591	1.24441	5.14325	5.12682
-1.81464	1.24112	5.14193	5.12748
-1.82712	1.23587	5.14259	5.12748
-1.83764	1.22404	5.14423	5.1278
-1.84289	1.21484	5.14522	5.1278
-1.85373	1.21057	5.1439	5.12682
-1.86031	1.20564	5.1439	5.12682
-1.86885	1.19776	5.14456	5.12748
-1.88199	1.17311	5.14456	5.12649
-1.88429	1.17344	5.14456	5.12616
-1.87772	1.16819	5.14423	5.12616
-1.87706	1.17706	5.1439	5.12485
-1.86688	1.18166	5.14456	5.1232
-1.85045	1.19841	5.14555	5.12386
-1.85406	1.18626	5.14423	5.12485
-1.85439	1.17279	5.14423	5.12682
-1.84848	1.1718	5.14489	5.12616
-1.84552	1.17541	5.1439	5.1255
-1.85406	1.17739	5.14456	5.12649
-1.83994	1.19841	5.14522	5.12649
-1.83895	1.19086	5.14587	5.12682
-1.83337	1.18856	5.14555	5.12715
-1.82482	1.19513	5.14555	5.12518
-1.83402	1.18231	5.14587	5.12353
-1.83599	1.17541	5.14489	5.1232
-1.82877	1.19808	5.14259	5.12386
-1.81957	1.20465	5.14357	5.12452
-1.81825	1.21024	5.14555	5.12715
-1.81694	1.2063	5.14686	5.1278
-1.8153	1.21254	5.14489	5.12748
-1.81398	1.21353	5.1439	5.1278
-1.81464	1.20137	5.1462	5.12682
-1.82022	1.18954	5.14653	5.12485
-1.82417	1.18231	5.14555	5.12353
-1.82712	1.18133	5.14423	5.12353
-1.83172	1.16753	5.14357	5.12518
-1.83895	1.17509	5.14522	5.12649
-1.83205	1.17344	5.14489	5.12583
-1.84224	1.15964	5.14456	5.12583
-1.84881	1.16983	5.14489	5.1255
-1.85472	1.15932	5.14587	5.1232
-1.86195	1.1649	5.14522	5.1232
-1.86195	1.17377	5.1439	5.1255
-1.87016	1.15012	5.14259	5.12452
-1.86786	1.1557	5.14259	5.12518
-1.87509	1.15209	5.1439	5.12616
-1.89283	1.1488	5.14587	5.12682
-1.90104	1.13303	5.14686	5.12748
-1.91386	1.12449	5.14489	5.12715
-1.91747	1.11201	5.14226	5.12616
-1.91747	1.10872	5.14062	5.12583
-1.91222	1.12219	5.1416	5.12649
-1.92371	1.11759	5.14325	5.12419
-1.92634	1.11989	5.14522	5.12386
-1.92667	1.1235	5.14555	5.12353
-1.94376	1.11825	5.14423	5.12649
-1.95394	1.11266	5.14292	5.12879
-1.95821	1.10314	5.14127	5.1301
-1.9615	1.09624	5.13996	5.12813
-1.96675	1.08638	5.14062	5.12518
-1.97234	1.08572	5.1416	5.1232
-1.9684	1.09131	5.14193	5.12353
-1.97332	1.08704	5.14062	5.12583
-1.97497	1.07488	5.13963	5.12813
-1.98055	1.05845	5.13996	5.12813
-1.98745	1.05221	5.14062	5.12682
-1.99336	1.0371	5.14259	5.12583
-1.99994	1.0348	5.1439	5.12452
-1.99829	1.03053	5.1439	5.12419
-1.99468	1.03151	5.14259	5.12649
-1.99139	1.03644	5.14062	5.12649
-1.99895	1.03184	5.1416	5.12813
-1.99369	1.03546	5.14456	5.12879
-1.99895	1.03644	5.14686	5.12682
-1.98909	1.05418	5.14686	5.1255
-1.99238	1.04465	5.14522	5.12485
-1.98055	1.04761	5.14456	5.12649
-1.96971	1.06437	5.14292	5.12912
-1.96741	1.06962	5.14325	5.12813
-1.96511	1.06371	5.1439	5.12682
-1.94967	1.07784	5.14489	5.12485
-1.9477	1.08112	5.14357	5.12419
-1.93718	1.08605	5.14259	5.12485
-1.92897	1.09722	5.14292	5.12583
-1.90762	1.11923	5.14522	5.12748
-1.91681	1.11496	5.14555	5.12813
-1.91714	1.11661	5.14456	5.12846
-1.92043	1.12876	5.14357	5.1278
-1.91747	1.13829	5.14226	5.12715
-1.89677	1.16129	5.1416	5.12715
-1.89086	1.1672	5.14193	5.12715
-1.88955	1.17377	5.14325	5.12846
-1.86983	1.19677	5.14522	5.12846
-1.85932	1.22075	5.14587	5.12945
-1.85045	1.22798	5.14489	5.12912
-1.84618	1.23028	5.1439	5.12813
-1.85144	1.22108	5.14325	5.12583
-1.85866	1.21254	5.1439	5.12518
-1.86063	1.21615	5.14456	5.12616
-1.85012	1.23127	5.14489	5.12616
-1.84388	1.23258	5.1439	5.12452
-1.83369	1.23849	5.14325	5.12452
-1.84618	1.23028	5.14325	5.12518
-1.83731	1.25394	5.14423	5.12649
-1.84158	1.26051	5.14456	5.12649
-1.82449	1.26642	5.14522	5.12649
-1.8222	1.25919	5.14817	5.12682
-1.82055	1.26741	5.1485	5.12485
-1.83008	1.25295	5.14752	5.12386
-1.8222	1.25624	5.14522	5.12452
-1.82088	1.26313	5.14226	5.12485
-1.83238	1.25624	5.14029	5.12583
-1.84059	1.25065	5.14062	5.12583
-1.84289	1.24802	5.14226	5.12419
-1.85472	1.23784	5.14456	5.12222
-1.86195	1.22568	5.14587	5.1232
-1.88133	1.21188	5.14357	5.12649
-1.88429	1.19283	5.13897	5.12813
-1.89283	1.17903	5.13799	5.12813
-1.88987	1.1879	5.13832	5.12682
-1.8879	1.17311	5.14062	5.12682
-1.87805	1.16523	5.14226	5.12583
-1.88133	1.16687	5.14325	5.12419
-1.88035	1.16917	5.14325	5.12419
-1.8925	1.17246	5.14292	5.12616
-1.88659	1.1649	5.1439	5.12879
-1.87345	1.17443	5.14489	5.1301
-1.87575	1.1672	5.14259	5.1301
-1.87476	1.16523	5.14127	5.12912
-1.86556	1.17443	5.14095	5.12649
-1.86195	1.17049	5.14095	5.12452
-1.85209	1.17443	5.14226	5.12452
-1.85505	1.16457	5.14456	5.12616
-1.85406	1.15997	5.14357	5.12616
-1.86392	1.16359	5.14259	5.1255
-1.85866	1.15964	5.14292	5.12419
-1.84914	1.17509	5.14325	5.12452
-1.85899	1.15833	5.14325	5.12616
-1.84848	1.16293	5.14357	5.12715
-1.84191	1.16983	5.14259	5.12616
-1.83435	1.18067	5.14325	5.1232
-1.83862	1.181	5.14456	5.12222
-1.82614	1.19743	5.14456	5.12222
-1.81957	1.21451	5.1439	5.12353
-1.80741	1.227	5.14325	5.12616
-1.79525	1.23882	5.14127	5.12682
-1.7808	1.25755	5.14127	5.12649
-1.77029	1.26248	5.14226	5.12583
-1.75287	1.27595	5.14193	5.12616
-1.74729	1.28055	5.14259	5.12846
-1.74696	1.29402	5.14259	5.12977
-1.73875	1.30092	5.14127	5.12846
-1.72725	1.30847	5.13996	5.12813
-1.72298	1.31603	5.14095	5.12846
-1.721	1.32162	5.1416	5.12715
-1.71739	1.31899	5.1439	5.12879
-1.72166	1.32424	5.14456	5.12879
-1.73185	1.30847	5.14357	5.1278
-1.72988	1.3042	5.14226	5.12846
-1.72758	1.31603	5.14259	5.12846
-1.72462	1.3088	5.14423	5.12518
-1.72068	1.31669	5.14456	5.1232
-1.72889	1.31997	5.14489	5.12156
-1.72922	1.32687	5.14423	5.12288
-1.71411	1.33607	5.1439	5.12649
-1.71509	1.32884	5.14259	5.12715
-1.71509	1.32753	5.14193	5.12682
-1.72166	1.32556	5.14259	5.12616
-1.72725	1.32983	5.14292	5.12616
-1.73447	1.31702	5.1439	5.12419
-1.74236	1.31537	5.1439	5.12353
-1.74072	1.31176	5.1439	5.12452
-1.7509	1.29763	5.14489	5.12485
-1.76076	1.29435	5.14423	5.12485
-1.77686	1.28318	5.14292	5.12419
-1.78146	1.27989	5.14259	5.12419
-1.78474	1.28055	5.14292	5.1255
-1.78704	1.2812	5.14489	5.12583
-1.79821	1.2835	5.14489	5.12485
-1.79263	1.28515	5.14325	5.12583
-1.78343	1.29895	5.14292	5.12649
-1.7877	1.2881	5.14193	5.12715
-1.79295	1.29238	5.14095	5.12748
-1.79427	1.29205	5.14193	5.12715
-1.7877	1.29533	5.14127	5.12682
-1.79558	1.28679	5.14193	5.1255
-1.80675	1.27332	5.14193	5.12485
-1.81037	1.27628	5.14095	5.12485
-1.81661	1.28153	5.14127	5.1255
-1.82121	1.27398	5.14357	5.12616
-1.82351	1.27759	5.14587	5.12616
-1.83205	1.25854	5.14555	5.12583
-1.82877	1.25229	5.14259	5.12583
-1.83139	1.26642	5.14095	5.12748
-1.82942	1.26248	5.14193	5.12912
-1.83008	1.26281	5.1439	5.12813
-1.83139	1.25952	5.14555	5.12649
-1.82285	1.26215	5.14357	5.12583
-1.81234	1.26642	5.14095	5.12485
-1.81924	1.26248	5.13897	5.1255
-1.80905	1.27201	5.13897	5.12715
-1.80511	1.28712	5.14095	5.1255
-1.79985	1.29895	5.14357	5.12353
-1.79263	1.30026	5.14555	5.12386
-1.78441	1.29697	5.14489	5.1255
-1.78474	1.29238	5.14522	5.12748
-1.79197	1.28318	5.14423	5.1278
-1.79657	1.27529	5.14325	5.12649
-1.80248	1.27332	5.14127	5.12583
-1.80938	1.26445	5.14029	5.1255
-1.80544	1.26609	5.14226	5.12452
-1.80281	1.25919	5.1439	5.12386
-1.79295	1.25328	5.14357	5.12353
-1.77554	1.26872	5.14095	5.1255
-1.76273	1.27693	5.14062	5.12715
-1.76831	1.27956	5.14226	5.12616
-1.76831	1.29632	5.14292	5.12715
-1.78211	1.29402	5.14226	5.12912
-1.7808	1.29336	5.14226	5.12748
-1.7854	1.29106	5.14292	5.12583
-1.78113	1.28515	5.1439	5.12353
-1.77226	1.28646	5.14325	5.12386
-1.77817	1.28745	5.14259	5.12386
-1.7762	1.28646	5.14226	5.12452
-1.76634	1.2973	5.14193	5.12485
-1.77883	1.28153	5.14062	5.12419
-1.78343	1.28055	5.14095	5.12419
-1.78474	1.27661	5.14292	5.12616
-1.80643	1.25295	5.14522	5.12583
-1.81628	1.24638	5.14587	5.12518
-1.82351	1.23225	5.1439	5.12452
-1.82614	1.23652	5.1416	5.12583
-1.84059	1.2201	5.14127	5.12649
-1.85176	1.20137	5.14193	5.12583
-1.85242	1.21188	5.14259	5.12485
-1.85472	1.2063	5.1439	5.12649
-1.85899	1.20597	5.1462	5.12649
-1.87805	1.1948	5.14587	5.12715
-1.8741	1.19611	5.1439	5.12715
-1.87443	1.17837	5.14029	5.1255
-1.881	1.1718	5.13897	5.12419
-1.8764	1.16687	5.13963	5.12616
-1.87575	1.17246	5.14292	5.12583
-1.87213	1.17049	5.14489	5.12583
-1.87443	1.17936	5.14325	5.12583
-1.86589	1.18823	5.14325	5.12583
-1.86491	1.19184	5.14489	5.12616
-1.85998	1.20301	5.14653	5.1255
-1.85702	1.20991	5.14555	5.12452
-1.85373	1.2178	5.1462	5.12485
-1.84749	1.22831	5.14686	5.1232
-1.84289	1.22864	5.14719	5.12255
-1.84684	1.23587	5.14456	5.12419
-1.84684	1.24277	5.14259	5.12879
-1.83829	1.25656	5.14259	5.13076
-1.83008	1.26116	5.1439	5.1301
-1.81825	1.26116	5.14423	5.12518
-1.81135	1.25821	5.14555	5.12288
-1.78376	1.27923	5.1462	5.12452
-1.77127	1.2835	5.14423	5.12616
-1.75747	1.30157	5.1416	5.12748
-1.73677	1.318	5.13996	5.12879
-1.74006	1.29993	5.14029	5.12912
-1.72922	1.31504	5.14193	5.12682
-1.71279	1.32392	5.14456	5.12583
-1.71345	1.31669	5.14522	5.1255
-1.69571	1.32687	5.1439	5.12485
-1.69801	1.31866	5.14292	5.12649
-1.71345	1.30453	5.14357	5.12616
-1.69538	1.32096	5.14489	5.12485
-1.68125	1.32983	5.14489	5.12353
-1.67797	1.32194	5.14357	5.12419
-1.67501	1.32589	5.14292	5.12518
-1.67008	1.32457	5.14325	5.12846
-1.67008	1.32621	5.14259	5.12846
-1.67238	1.33016	5.14325	5.12813
-1.66811	1.33081	5.1439	5.12715
-1.68092	1.3272	5.14522	5.1255
-1.67829	1.33147	5.1462	5.12485
-1.68552	1.33706	5.14423	5.12583
-1.67369	1.33804	5.14292	5.12583
-1.68782	1.34067	5.14292	5.1255
-1.66909	1.35546	5.14522	5.12452
-1.68059	1.34724	5.14686	5.12189
-1.69111	1.31997	5.14719	5.1232
-1.70392	1.30059	5.14522	5.12583
-1.7256	1.28745	5.14226	5.12748
-1.72823	1.28285	5.14029	5.12682
-1.7417	1.28416	5.14062	5.12583
-1.75846	1.27398	5.14127	5.12616
-1.76273	1.27233	5.14259	5.1278
-1.78047	1.26412	5.14325	5.1278
-1.77686	1.28153	5.14357	5.12682
-1.78277	1.28088	5.14259	5.12583
-1.79164	1.27792	5.14292	5.12715
-1.8038	1.26346	5.1439	5.12813
-1.82811	1.25361	5.14259	5.12682
-1.83304	1.25591	5.1416	5.12419
-1.83797	1.24539	5.14127	5.12222
-1.85472	1.23554	5.14095	5.12386
-1.85373	1.22371	5.13996	5.12616
-1.84979	1.23225	5.13897	5.12682
-1.84782	1.23324	5.14095	5.12583
-1.86753	1.21681	5.1439	5.1232
-1.87049	1.21484	5.14555	5.12288
-1.85768	1.22305	5.14555	5.12353
-1.86523	1.2086	5.14456	5.12386
-1.86359	1.21911	5.14423	5.12419
-1.86261	1.21418	5.14357	5.12485
-1.86326	1.21287	5.14423	5.12485
-1.87542	1.19217	5.14489	5.12518
-1.86655	1.18363	5.14357	5.12616
-1.85571	1.19348	5.14357	5.12616
-1.86425	1.17903	5.14325	5.12813
-1.86983	1.17541	5.14357	5.12977
-1.86852	1.16917	5.14325	5.12748
-1.85899	1.1649	5.14325	5.1255
-1.85538	1.15899	5.14193	5.12386
-1.86228	1.15932	5.1416	5.12386
-1.86819	1.15767	5.14423	5.12452
-1.8695	1.16162	5.14325	5.12682
-1.88133	1.14946	5.14095	5.12649
-1.8718	1.14847	5.1416	5.1278
-1.86655	1.158	5.14292	5.12748
-1.86589	1.15176	5.14226	5.12485
-1.86852	1.15537	5.1416	5.12288
-1.86162	1.15964	5.14062	5.12288
-1.86688	1.14585	5.14029	5.12353
-1.86096	1.14552	5.14062	5.12485
-1.86491	1.15899	5.14259	5.12715
-1.87739	1.16096	5.14226	5.12682
-1.88133	1.14683	5.14226	5.12616
-1.89907	1.12449	5.14259	5.12485
-1.90597	1.11233	5.14325	5.12419
-1.92174	1.10018	5.14325	5.12452
-1.92141	1.08934	5.14357	5.12518
-1.93094	1.07554	5.14489	5.12583
-1.94408	1.07291	5.1439	5.12583
-1.95328	1.07357	5.1439	5.12518
-1.95493	1.07357	5.14325	5.12452
-1.95427	1.07455	5.14357	5.12616
-1.96182	1.06371	5.14423	5.12813
-1.96675	1.0555	5.14522	5.12813
-1.9707	1.06042	5.14555	5.12813
-1.97168	1.05944	5.14587	5.1278
-1.99304	1.03348	5.14686	5.12485
-1.99862	1.03644	5.14653	5.12353
-1.99961	1.03414	5.14357	5.12255
-2.01045	1.01771	5.14029	5.12222
-2.01538	1.01213	5.14095	5.12353
-2.00881	1.01279	5.1416	5.1232
-2.01571	1.01081	5.14226	5.12419
-2.0249	0.997345	5.14325	5.1255
-2.02293	0.988803	5.1416	5.1255
-2.02031	0.991102	5.14029	5.12419
-2.03246	0.976647	5.13897	5.12452
-2.03246	0.974675	5.14127	5.12353
-2.03049	0.968433	5.14325	5.12485
-2.02655	0.971061	5.14423	5.12748
-2.0272	0.970733	5.14423	5.12846
-2.03312	0.968433	5.14456	5.12616
-2.0318	0.972047	5.14357	5.1255
-2.0249	0.989131	5.14226	5.12386
-2.02326	0.983217	5.14127	5.12649
-2.02556	0.98026	5.14062	5.12912
-2.02326	0.976647	5.14259	5.12846
-2.02063	0.972375	5.1439	5.12715
-2.00618	0.986503	5.1439	5.12583
-2.00355	0.978946	5.1439	5.12518
-1.99599	0.984532	5.14325	5.12452
-1.99008	0.996359	5.14127	5.1255
-1.97727	1.0095	5.14127	5.12748
-1.96971	1.01311	5.1416	5.12879
-1.96412	0.999973	5.14226	5.12748
-1.96117	1.01279	5.14095	5.1255
-1.94934	1.01903	5.14127	5.12419
-1.93686	1.02724	5.14292	5.12452
-1.92141	1.03118	5.14357	5.12353
-1.89743	1.04268	5.14489	5.12353
-1.88265	1.06371	5.14587	5.12485
-1.86786	1.09689	5.14489	5.12583
-1.85702	1.10872	5.14325	5.12518
-1.85242	1.10938	5.14259	5.12452
-1.85768	1.11135	5.14226	5.12485
-1.85538	1.12383	5.1439	5.1278
-1.84749	1.12975	5.14653	5.12846
-1.83271	1.14026	5.1462	5.12748
-1.83337	1.15537	5.14456	5.1255
-1.83008	1.15997	5.14325	5.12616
-1.83435	1.1718	5.1439	5.12583
-1.84158	1.16687	5.1439	5.12715
-1.82384	1.18461	5.14325	5.12682
-1.82285	1.19283	5.14259	5.12649
-1.82581	1.19874	5.14193	5.12452
-1.83304	1.17739	5.1416	5.12156
-1.82252	1.18494	5.1416	5.12222
-1.82187	1.18166	5.14193	5.12452
-1.83008	1.17771	5.14325	5.12616
-1.83895	1.1695	5.1439	5.12419
-1.84519	1.16326	5.1439	5.12353
-1.85571	1.15932	5.14292	5.1232
-1.86589	1.14223	5.1416	5.12386
-1.86753	1.14059	5.14127	5.12419
-1.87345	1.14585	5.14127	5.12485
-1.88363	1.13665	5.14193	5.12485
-1.88166	1.13862	5.14357	5.12583
-1.87969	1.12712	5.14489	5.12452
-1.87115	1.12712	5.14423	5.12222
-1.8695	1.14355	5.14226	5.12288
-1.86885	1.15209	5.14029	5.1255
-1.87312	1.1442	5.1416	5.12583
-1.87805	1.15636	5.14357	5.12452
-1.89217	1.15472	5.14653	5.12386
-1.90663	1.14946	5.14686	5.12452
-1.89776	1.14157	5.14653	5.12452
-1.89809	1.13632	5.14193	5.12419
-1.9017	1.12942	5.1393	5.12419
-1.90564	1.12416	5.14062	5.12485
-1.90072	1.15012	5.14357	5.12649
-1.8948	1.15833	5.14489	5.12715
-1.88987	1.15242	5.14423	5.12748
-1.88166	1.15012	5.14325	5.12616
-1.87542	1.16129	5.1439	5.12583
-1.87805	1.15307	5.14456	5.1255
-1.86721	1.16424	5.14456	5.1255
-1.85768	1.1649	5.14587	5.12748
-1.85242	1.16654	5.14423	5.12846
-1.85078	1.17246	5.14292	5.12649
-1.83435	1.18001	5.14357	5.12748
-1.83895	1.17574	5.1416	5.1278
-1.81957	1.18954	5.1416	5.12748
-1.80807	1.18856	5.14193	5.12715
-1.81792	1.17541	5.14357	5.12813
-1.8107	1.19381	5.14292	5.12682
-1.79493	1.19841	5.14292	5.12583
-1.77521	1.20531	5.14325	5.12616
-1.76536	1.204	5.14193	5.12616
-1.76897	1.20991	5.14095	5.12518
-1.76536	1.2178	5.14095	5.12353
-1.76437	1.21451	5.1416	5.1255
-1.76371	1.2178	5.14292	5.12649
-1.7624	1.21517	5.14489	5.12616
-1.7532	1.21385	5.14555	5.12386
-1.75123	1.2063	5.14423	5.12288
-1.73973	1.24277	5.14357	5.12288
-1.74105	1.24244	5.14423	5.12353
-1.7394	1.25229	5.14325	5.12386
-1.74893	1.22864	5.14193	5.12386
-1.76371	1.2201	5.14193	5.12353
-1.78113	1.19808	5.1416	5.12452
-1.79033	1.18428	5.14062	5.12518
-1.80084	1.1764	5.14095	5.12715
-1.82055	1.17311	5.1416	5.12813
-1.82712	1.17903	5.14193	5.12649
-1.82318	1.1902	5.14193	5.12419
-1.82384	1.20465	5.14226	5.12419
-1.84256	1.18954	5.14325	5.12518
-1.84716	1.18527	5.14489	5.12649
-1.85603	1.19316	5.14522	5.12583
-1.86425	1.18067	5.14522	5.12616
-1.86786	1.18001	5.14357	5.12649
-1.88199	1.1833	5.1439	5.12715
-1.88955	1.17344	5.14423	5.12583
-1.8971	1.18034	5.14259	5.12518
-1.90137	1.17246	5.14127	5.1255
-1.88987	1.1902	5.13996	5.12649
-1.89447	1.18658	5.14029	5.12715
-1.88692	1.19184	5.14259	5.12682
-1.88363	1.20235	5.1439	5.1255
-1.88068	1.20827	5.14226	5.12649
-1.88265	1.1971	5.14029	5.12846
-1.88363	1.19907	5.13963	5.12813
-1.87279	1.20334	5.1393	5.12879
-1.87805	1.19316	5.14029	5.12813
-1.88659	1.18888	5.14226	5.1278
-1.87903	1.18987	5.14226	5.12649
-1.881	1.18757	5.14029	5.1255
-1.88363	1.18461	5.14127	5.1255
-1.8787	1.17706	5.1439	5.12682
-1.89152	1.16786	5.14489	5.12649
-1.88298	1.17016	5.14456	5.12583
-1.88889	1.17114	5.14456	5.12583
-1.88987	1.16983	5.14456	5.12616
-1.88626	1.16523	5.14522	5.12616
-1.8741	1.17311	5.14423	5.12616
-1.86425	1.16917	5.14423	5.12583
-1.86556	1.18133	5.14456	5.12649
-1.87082	1.16687	5.14686	5.12649
-1.86556	1.16424	5.1485	5.12649
-1.86228	1.16523	5.14785	5.12386
-1.86523	1.15077	5.14456	5.12386
-1.85308	1.14519	5.14193	5.12485
-1.84224	1.14453	5.1416	5.12583
-1.84979	1.14026	5.14259	5.12518
-1.83599	1.15012	5.14259	5.12288
-1.84388	1.15176	5.14226	5.12255
-1.82778	1.16654	5.14226	5.12419
-1.82581	1.16983	5.14357	5.12419
-1.82055	1.17969	5.14522	5.12485
-1.81332	1.19874	5.14719	5.12485
-1.80774	1.19578	5.14719	5.1255
-1.80643	1.19907	5.14653	5.12649
-1.8084	1.20925	5.1439	5.1255
-1.81825	1.20465	5.14325	5.12452
-1.82384	1.21484	5.14423	5.12452
-1.81661	1.22798	5.14587	5.1255
-1.81858	1.22042	5.1462	5.12616
-1.83107	1.21747	5.14555	5.12813
-1.83698	1.2155	5.14555	5.12945
-1.85538	1.19743	5.14423	5.12715
-1.86491	1.17246	5.14193	5.1255
-1.8902	1.15439	5.1416	5.12485
-1.90367	1.14749	5.14259	5.12649
-1.90992	1.14716	5.1416	5.12616
-1.92109	1.14026	5.14127	5.1255
-1.93423	1.12909	5.14062	5.12583
-1.94277	1.1281	5.14062	5.1255
-1.93981	1.13369	5.14193	5.12353
-1.94113	1.13172	5.14292	5.12222
-1.9408	1.13402	5.1439	5.12288
-1.94934	1.13468	5.14357	5.12452
-1.94868	1.1442	5.14357	5.12452
-1.95295	1.13697	5.1416	5.12452
-1.95525	1.13402	5.1416	5.12419
-1.95427	1.13139	5.14193	5.12518
-1.96117	1.12942	5.14259	5.12682
-1.96807	1.10938	5.1439	5.1255
-1.96084	1.11496	5.14489	5.12419
-1.96938	1.09525	5.14357	5.1255
-1.96445	1.09656	5.14456	5.1255
-1.9684	1.09624	5.14522	5.12518
-1.96478	1.10149	5.14357	5.1255
-1.95328	1.11201	5.14095	5.12518
-1.95361	1.10741	5.14127	5.12452
-1.94277	1.12679	5.1439	5.12353
-1.92996	1.14387	5.14522	5.12353
-1.92141	1.1373	5.14357	5.1255
-1.90827	1.13763	5.14193	5.12485
-1.89612	1.15274	5.13996	5.12485
-1.89217	1.15537	5.13963	5.12682
-1.88527	1.16194	5.14193	5.12912
-1.87969	1.1718	5.14489	5.12912
-1.88396	1.16589	5.14686	5.12846
-1.87509	1.17377	5.14719	5.12682
-1.86063	1.18297	5.14653	5.12485
-1.84224	1.20695	5.14423	5.12386
-1.82614	1.21517	5.1439	5.12288
-1.81924	1.21582	5.14325	5.1232
-1.80577	1.21944	5.14423	5.12288
-1.80577	1.22371	5.14555	5.12485
-1.79624	1.22305	5.14686	5.1255
-1.79263	1.23291	5.14817	5.12616
-1.77127	1.25525	5.14522	5.12583
-1.75977	1.27069	5.14357	5.12649
-1.74729	1.27299	5.1439	5.12715
-1.73415	1.2927	5.14653	5.12616
-1.72462	1.3134	5.14653	5.12386
-1.70885	1.32654	5.14555	5.1255
-1.69472	1.33114	5.14357	5.1255
-1.70359	1.32983	5.14357	5.12616
-1.68848	1.33016	5.14357	5.12649
-1.68552	1.34856	5.14292	5.1255
-1.69012	1.35118	5.14325	5.12386
-1.68946	1.3571	5.14489	5.12386
-1.69505	1.37582	5.14489	5.1232
-1.69439	1.3801	5.14325	5.12222
-1.71016	1.38732	5.1416	5.12288
-1.72265	1.37287	5.14127	5.12485
-1.73217	1.36893	5.14292	5.12583
-1.73842	1.36465	5.14522	5.12616
-1.73349	1.37057	5.14719	5.1255
-1.74466	1.36137	5.14752	5.1255
-1.75254	1.33771	5.14456	5.12452
-1.77193	1.31439	5.14292	5.1232
-1.7808	1.3042	5.1416	5.12353
-1.77521	1.30223	5.14226	5.12452
-1.78211	1.30946	5.14357	5.1255
-1.79427	1.31307	5.14325	5.12649
-1.80577	1.29829	5.14325	5.12682
-1.8084	1.28088	5.14259	5.12682
-1.81102	1.28318	5.14259	5.12649
-1.80544	1.29533	5.14357	5.12649
-1.81332	1.27693	5.14456	5.1255
-1.81332	1.27693	5.14522	5.12616
-1.82449	1.27562	5.1439	5.12518
-1.84026	1.26511	5.14357	5.12386
-1.83797	1.27036	5.1439	5.12419
-1.83764	1.27266	5.14423	5.1255
-1.84158	1.27069	5.14522	5.12386
-1.84552	1.25722	5.1439	5.12189
-1.84585	1.24539	5.14522	5.12222
-1.84388	1.23685	5.14456	5.12222
-1.83928	1.24408	5.14357	5.12353
-1.84191	1.22338	5.14325	5.12419
-1.83862	1.21254	5.14423	5.1255
-1.84454	1.21024	5.1462	5.12715
-1.84388	1.21221	5.14752	5.12748
-1.84881	1.20301	5.14752	5.12715
-1.83337	1.20663	5.1462	5.12682
-1.813	1.22042	5.14489	5.12616
-1.80544	1.22962	5.14292	5.12616
-1.8153	1.2201	5.14357	5.12518
-1.82318	1.20597	5.1439	5.12419
-1.81628	1.20925	5.14423	5.12386
-1.80938	1.20301	5.14423	5.1255
-1.81267	1.19217	5.14456	5.1255
-1.81825	1.18001	5.14325	5.1255
-1.80643	1.18856	5.1439	5.12748
-1.81234	1.16983	5.14259	5.12748
-1.81102	1.15866	5.1416	5.12518
-1.82482	1.1396	5.14127	5.12386
-1.83205	1.14486	5.1439	5.12353
-1.83829	1.13008	5.14555	5.12419
-1.85603	1.11266	5.14489	5.12485
-1.84946	1.10412	5.14357	5.12616
-1.85636	1.10872	5.1439	5.12518
-1.86195	1.11496	5.14423	5.12419
-1.87805	1.11299	5.14522	5.12353
-1.8833	1.1212	5.14456	5.12616
-1.89875	1.12252	5.14193	5.12616
-1.9178	1.11003	5.14062	5.12649
-1.93554	1.09919	5.14127	5.12715
-1.93357	1.10938	5.14193	5.12682
-1.94901	1.09164	5.14292	5.12583
-1.95624	1.09985	5.14357	5.12452
-1.94638	1.08737	5.14423	5.1232
-1.95887	1.08211	5.14555	5.12353
-1.96117	1.08441	5.14555	5.12518
-1.96084	1.09952	5.1439	5.12649
-1.96347	1.10511	5.14357	5.12583
-1.9684	1.10412	5.14423	5.12485
-1.97431	1.09098	5.14456	5.12518
-1.98154	1.07554	5.1439	5.12353
-1.98614	1.0647	5.14522	5.12419
-1.98285	1.0716	5.14292	5.12452
-1.99107	1.05714	5.14292	5.12419
-1.99139	1.06042	5.14522	5.12353
-1.99074	1.06601	5.14653	5.12386
-1.99271	1.06207	5.14653	5.1255
-1.99271	1.06535	5.14555	5.12583
-1.99731	1.05484	5.14357	5.12616
-2.00486	1.03743	5.14127	5.12977
-1.99764	1.04991	5.14127	5.13076
-1.99238	1.04925	5.14226	5.1278
-1.99632	1.03841	5.14259	5.12649
-1.98482	1.0555	5.14292	5.12583
-1.97924	1.06338	5.14292	5.12452
-1.97365	1.07685	5.14127	5.12452
-1.97431	1.07981	5.14259	5.12583
-1.96544	1.08769	5.14325	5.12879
-1.96084	1.09492	5.1439	5.12748
-1.95427	1.10248	5.1439	5.12616
-1.95098	1.10182	5.1462	5.12518
-1.94408	1.08901	5.14817	5.12419
-1.93357	1.10905	5.14653	5.12419
-1.91353	1.12186	5.14423	5.1255
-1.90269	1.14387	5.14292	5.12583
-1.88987	1.1626	5.14456	5.12616
-1.8764	1.16457	5.14653	5.12616
-1.87378	1.16194	5.14817	5.12649
-1.85242	1.17344	5.14587	5.12649
-1.83764	1.20235	5.14423	5.12616
-1.82055	1.21484	5.14325	5.12649
-1.81135	1.22338	5.1439	5.1255
-1.80051	1.24769	5.14423	5.12583
-1.78507	1.26215	5.14357	5.12715
-1.77916	1.26346	5.14259	5.12715
-1.77127	1.27102	5.14193	5.12715
-1.75879	1.2927	5.14259	5.12846
-1.75287	1.29927	5.14127	5.12715
-1.74696	1.30782	5.14259	5.12583
-1.74893	1.31044	5.14423	5.12518
-1.74729	1.31537	5.1439	5.12583
-1.73809	1.32194	5.14259	5.12616
-1.73217	1.3364	5.14127	5.12616
-1.73645	1.3272	5.14259	5.12682
-1.7325	1.34396	5.14357	5.12649
-1.72396	1.35184	5.14357	5.12386
-1.7302	1.34363	5.14423	5.12288
-1.7371	1.33804	5.14653	5.12386
-1.73875	1.35053	5.14489	5.12485
-1.74729	1.3364	5.14292	5.12583
-1.74137	1.33344	5.14357	5.12682
-1.73743	1.35053	5.14292	5.12682
-1.75846	1.3387	5.14259	5.12616
-1.76503	1.33574	5.14292	5.12518
-1.77751	1.33443	5.1439	5.12583
-1.78376	1.33739	5.14357	5.12616
-1.80248	1.30946	5.14357	5.12748
-1.8153	1.30453	5.1439	5.12945
-1.81135	1.30847	5.1439	5.1301
-1.81891	1.31767	5.14259	5.12879
-1.82942	1.3134	5.14357	5.12846
-1.83107	1.3111	5.14456	5.12715
-1.82417	1.32162	5.14423	5.12682
-1.81497	1.33213	5.14456	5.1255
-1.8038	1.33574	5.14456	5.12452
-1.81562	1.32621	5.14522	5.12288
-1.82121	1.3088	5.1462	5.12386
-1.80905	1.31274	5.14719	5.12419
-1.81595	1.29303	5.1462	5.12419
-1.80577	1.29796	5.14423	5.12518
-1.80905	1.29073	5.14259	5.12452
-1.80938	1.2927	5.14127	5.12485
-1.81332	1.27923	5.14029	5.12649
-1.80905	1.28383	5.1439	5.12583
-1.80872	1.29599	5.14587	5.12518
-1.80643	1.30683	5.14456	5.12616
-1.80445	1.30322	5.14292	5.12715
-1.79033	1.30782	5.14259	5.12715
-1.78934	1.29533	5.1416	5.12616
-1.78737	1.29829	5.14226	5.12518
-1.7854	1.28646	5.14357	5.12452
-1.78211	1.27989	5.14292	5.12386
-1.77029	1.2904	5.14127	5.12452
-1.75123	1.3065	5.14062	5.12715
-1.744	1.3111	5.14029	5.12846
-1.7532	1.29862	5.14127	5.12748
-1.76371	1.29172	5.14226	5.12649
-1.75846	1.29697	5.1439	5.12452
-1.75254	1.30026	5.14423	5.12419
-1.75156	1.29829	5.14357	5.12485
-1.74893	1.29106	5.14193	5.12485
-1.76306	1.25591	5.14127	5.1255
-1.77193	1.24211	5.14292	5.12748
-1.77324	1.23455	5.14423	5.1278
-1.78474	1.20728	5.14456	5.12715
-1.78606	1.20827	5.14325	5.12715
-1.79263	1.19414	5.1439	5.12813
-1.80643	1.19184	5.1439	5.12813
-1.8222	1.19447	5.14193	5.12715
-1.82877	1.17903	5.14095	5.12583
-1.83238	1.19217	5.14193	5.12583
-1.84454	1.1879	5.1439	5.12583
-1.85045	1.17246	5.14489	5.12485
-1.86162	1.16819	5.14259	5.12386
-1.86491	1.17476	5.14226	5.12485
-1.88133	1.16819	5.1439	5.12485
-1.88593	1.17016	5.14522	5.12583
-1.88199	1.18527	5.14653	5.12616
-1.87838	1.20531	5.14719	5.12485
-1.89349	1.21057	5.14653	5.12649
-1.90302	1.21024	5.14522	5.12682
-1.8948	1.21517	5.14226	5.12518
-1.8948	1.22042	5.14127	5.12419
-1.89546	1.2224	5.14292	5.12419
-1.9017	1.21648	5.14357	5.12518
-1.9132	1.19973	5.14325	5.12682
-1.91484	1.1879	5.14292	5.12583
-1.93029	1.17311	5.14325	5.12353
-1.94244	1.16096	5.14193	5.12452
-1.95065	1.15209	5.1416	5.12518
-1.94704	1.16227	5.14062	5.12485
-1.95	1.15537	5.1416	5.12616
-1.9454	1.16851	5.14423	5.1255
-1.94967	1.16293	5.14522	5.12288
-1.94408	1.16359	5.14522	5.12353
-1.93423	1.16359	5.14423	5.12485
-1.93061	1.16556	5.1439	5.12616
-1.93653	1.14552	5.14456	5.12616
-1.91616	1.16227	5.1439	5.12583
-1.91813	1.15603	5.14456	5.12419
-1.90893	1.15669	5.14193	5.12485
-1.90532	1.15636	5.1416	5.12616
-1.90696	1.16162	5.14325	5.12485
-1.90104	1.1534	5.14489	5.12518
-1.88659	1.16753	5.14587	5.12649
-1.88922	1.17246	5.14357	5.12583
-1.87246	1.17804	5.14127	5.12518
-1.87082	1.17837	5.14193	5.12649
-1.87148	1.15702	5.1439	5.1278
-1.87312	1.15997	5.14456	5.12813
-1.87739	1.1672	5.14423	5.12879
-1.87608	1.15997	5.14522	5.12846
-1.85603	1.16753	5.14522	5.12813
-1.85406	1.15866	5.14423	5.1255
-1.84651	1.15702	5.14226	5.12419
-1.83337	1.16983	5.14292	5.12583
-1.84125	1.17081	5.14292	5.12715
-1.83994	1.17246	5.14292	5.12616
-1.84749	1.17476	5.14325	5.12452
-1.85866	1.18428	5.14357	5.12156
-1.85406	1.17541	5.14489	5.12353
-1.86425	1.17574	5.14456	5.12452
-1.86162	1.19118	5.14357	5.12485
-1.8695	1.18067	5.1439	5.12485
-1.87542	1.17903	5.1439	5.1255
-1.87115	1.18823	5.14193	5.1232
-1.86983	1.19513	5.14259	5.1255
-1.87148	1.19118	5.14357	5.12715
-1.8741	1.18856	5.14226	5.12419
-1.87575	1.18888	5.14193	5.1232
-1.88725	1.18658	5.1416	5.12419
-1.88363	1.19118	5.1416	5.12485
-1.88166	1.19053	5.14226	5.12419
-1.87476	1.19151	5.1439	5.12386
-1.87542	1.19151	5.14522	5.12583
-1.88133	1.18297	5.1439	5.12813
-1.88166	1.18888	5.14259	5.12912
-1.88856	1.18494	5.1439	5.12912
-1.88889	1.18593	5.14522	5.12715
-1.88889	1.18428	5.14555	5.1255
-1.89119	1.18626	5.14555	5.12386
-1.89513	1.18067	5.14423	5.12452
-1.89579	1.19184	5.14456	5.12386
-1.8902	1.19611	5.14423	5.12419
-1.88692	1.2017	5.14259	5.12616
-1.88035	1.22042	5.14226	5.12419
-1.87443	1.23192	5.14259	5.12123
-1.85932	1.23849	5.14226	5.12156
-1.85965	1.24769	5.14325	5.12255
-1.85866	1.25131	5.14292	5.12649
-1.86228	1.23915	5.14423	5.12748
-1.85866	1.23488	5.14489	5.12682
-1.84092	1.25985	5.14292	5.12452
-1.82121	1.28318	5.14127	5.12452
-1.81102	1.28679	5.1416	5.12419
-1.80347	1.29139	5.14127	5.12485
-1.80117	1.28416	5.14127	5.1255
-1.78671	1.29172	5.14127	5.1255
-1.77521	1.29895	5.1416	5.12715
-1.76667	1.29303	5.14292	5.12846
-1.7762	1.28876	5.14193	5.12748
-1.7739	1.28252	5.14095	5.12649
-1.76733	1.28909	5.14127	5.12616
-1.75846	1.29829	5.14029	5.12583
-1.7693	1.29632	5.14029	5.12715
-1.767	1.30453	5.14226	5.12748
-1.7417	1.32194	5.14489	5.12682
-1.75879	1.31866	5.1462	5.12583
-1.75057	1.33344	5.14522	5.12583
-1.73053	1.35086	5.14423	5.12649
-1.73447	1.34297	5.14522	5.12616
-1.71279	1.34494	5.14587	5.12715
-1.70293	1.35578	5.14587	5.12682
-1.70688	1.36991	5.14587	5.12715
-1.70951	1.37615	5.14423	5.12616
-1.70885	1.36465	5.1416	5.1255
-1.71936	1.35546	5.1416	5.12518
-1.73447	1.34987	5.14259	5.12485
-1.74762	1.33673	5.14193	5.1232
-1.76207	1.3295	5.1416	5.1232
-1.76207	1.34363	5.14193	5.12386
-1.75747	1.3594	5.14226	5.12353
-1.76174	1.36071	5.14292	5.12583
-1.75419	1.36761	5.1416	5.12682
-1.76174	1.35611	5.14062	5.12649
-1.77916	1.33969	5.1416	5.12748
-1.7762	1.33607	5.1439	5.12682
-1.78113	1.33903	5.14489	5.12682
-1.7762	1.33804	5.14456	5.12616
-1.76864	1.34921	5.14292	5.12649
-1.79033	1.3387	5.14292	5.12682
-1.79624	1.34461	5.14456	5.12879
-1.7969	1.34461	5.14555	5.12945
-1.80445	1.33377	5.14456	5.12879
-1.81398	1.32556	5.14259	5.1278
-1.81825	1.31209	5.1416	5.12682
-1.81562	1.31669	5.14226	5.12682
-1.82581	1.30256	5.14555	5.12879
-1.83961	1.28975	5.14587	5.12879
-1.83829	1.28942	5.14357	5.12715
-1.85406	1.27431	5.14292	5.12616
-1.86228	1.27299	5.1439	5.12583
-1.86392	1.25821	5.14456	5.1278
-1.86983	1.25229	5.14456	5.12945
-1.8764	1.24309	5.14357	5.12846
-1.88593	1.23061	5.14127	5.12748
-1.87542	1.24112	5.1416	5.12616
-1.86523	1.24047	5.14226	5.12452
-1.85932	1.24704	5.14357	5.12518
-1.86852	1.23685	5.1439	5.1255
-1.86753	1.23192	5.1439	5.12682
-1.86228	1.23685	5.14423	5.12846
-1.85735	1.24934	5.14555	5.12912
-1.86326	1.24342	5.14522	5.12813
-1.85702	1.23324	5.1439	5.1278
-1.85242	1.23652	5.14292	5.12715
-1.84289	1.24145	5.14259	5.12649
-1.84256	1.24671	5.14325	5.12583
-1.83008	1.24211	5.14522	5.12518
-1.83632	1.23587	5.14653	5.1232
-1.83402	1.23652	5.14555	5.1232
-1.82778	1.23817	5.14357	5.12353
-1.81924	1.22864	5.14127	5.12452
-1.82088	1.2293	5.1416	5.12682
-1.81102	1.22962	5.14127	5.12846
-1.81628	1.23948	5.14127	5.12583
-1.82285	1.22765	5.1439	5.12485
-1.83139	1.21451	5.14719	5.12452
-1.83928	1.21155	5.14752	5.12452
-1.84618	1.20465	5.14555	5.12616
-1.85078	1.20038	5.14259	5.12682
-1.84979	1.20334	5.14029	5.12649
-1.85833	1.20268	5.14259	5.12518
-1.86556	1.19414	5.14489	5.12386
-1.87378	1.18428	5.14587	5.12386
-1.86326	1.18823	5.14587	5.1232
-1.85603	1.19776	5.14325	5.12353
-1.86228	1.19644	5.14062	5.1255
-1.87312	1.18888	5.13996	5.12616
-1.87049	1.19677	5.14127	5.12452
-1.88232	1.20433	5.14259	5.12419
-1.88232	1.20827	5.14325	5.12518
-1.88068	1.21155	5.14522	5.12715
-1.88757	1.20038	5.14423	5.1278
-1.89776	1.18297	5.14456	5.12813
-1.90236	1.17279	5.14259	5.12813
-1.90663	1.17016	5.14062	5.12649
-1.91386	1.1626	5.14029	5.12485
-1.90367	1.17049	5.14193	5.12353
-1.89447	1.17706	5.14325	5.12452
-1.91484	1.16589	5.14423	5.12682
-1.91517	1.16424	5.14325	5.1255
-1.91911	1.15669	5.14193	5.12485
-1.92634	1.14519	5.14193	5.12583
-1.92733	1.14453	5.14292	5.12518
-1.92569	1.13665	5.14325	5.12386
-1.93686	1.13369	5.1439	5.12419
-1.9385	1.14026	5.14325	5.1255
-1.94376	1.13205	5.14259	5.12682
-1.94967	1.11693	5.14259	5.12813
-1.93981	1.12745	5.14259	5.12748
-1.93718	1.11825	5.1439	5.12682
-1.93751	1.11266	5.14522	5.12616
-1.92371	1.13796	5.14456	5.12682
-1.91681	1.1465	5.14292	5.12748
-1.90367	1.17213	5.1416	5.12649
-1.89973	1.1718	5.14259	5.12583
-1.89809	1.18461	5.14423	5.12748
-1.89152	1.18888	5.14489	5.12813
-1.881	1.19546	5.14555	5.1278
-1.8695	1.19513	5.14489	5.12813
-1.86458	1.19808	5.14555	5.12879
-1.84026	1.21747	5.14357	5.12879
-1.83008	1.2155	5.14325	5.12813
-1.8176	1.22404	5.1439	5.1255
-1.80018	1.23422	5.1439	5.12419
-1.79755	1.24539	5.14325	5.12386
-1.80117	1.25032	5.14325	5.12419
-1.79525	1.24244	5.14555	5.12485
-1.7969	1.23422	5.14423	5.12485
-1.80018	1.22962	5.14193	5.12156
-1.8107	1.22864	5.13996	5.12123
-1.79591	1.23258	5.14095	5.12288
-1.78573	1.23948	5.14259	5.12288
-1.77423	1.24934	5.14423	5.12189
-1.78178	1.24835	5.14357	5.1232
-1.7739	1.26773	5.14325	5.12419
-1.77456	1.27595	5.14127	5.12583
-1.77653	1.28548	5.13897	5.12649
-1.77259	1.29073	5.14062	5.1255
-1.7762	1.28548	5.14259	5.12649
-1.78211	1.2789	5.14226	5.12748
-1.78704	1.27562	5.1416	5.12682
-1.79328	1.27759	5.14292	5.12616
-1.79197	1.28613	5.14325	5.1255
-1.78901	1.28153	5.1439	5.12518
-1.79295	1.29008	5.14292	5.12452
-1.78901	1.2881	5.14095	5.1255
-1.78737	1.29238	5.13996	5.12649
-1.78737	1.29927	5.14095	5.12649
-1.79493	1.30026	5.14259	5.12616
-1.80281	1.30683	5.1439	5.12616
-1.8061	1.3065	5.14423	5.12583
-1.82778	1.29862	5.14357	5.1255
-1.82909	1.29369	5.14292	5.1255
-1.83797	1.29369	5.14423	5.12682
-1.83797	1.28745	5.1439	5.12616
-1.84059	1.28088	5.14423	5.12649
-1.85176	1.26938	5.14587	5.12649
-1.86819	1.25065	5.14587	5.12682
-1.86655	1.24605	5.14587	5.12649
-1.86721	1.24145	5.14686	5.12748
-1.86885	1.22207	5.14686	5.12813
-1.86458	1.23619	5.14456	5.12879
-1.85275	1.25295	5.14292	5.13043
-1.84651	1.26806	5.14292	5.12846
-1.84158	1.26741	5.14423	5.12616
-1.83895	1.26248	5.1439	5.1255
-1.83304	1.25919	5.14259	5.12518
-1.83172	1.26478	5.1416	5.1255
-1.84355	1.24638	5.14193	5.1278
-1.84191	1.25952	5.14259	5.12748
-1.82712	1.27365	5.14259	5.12452
-1.8153	1.28318	5.14226	5.12353
-1.80675	1.28285	5.14292	5.12189
-1.81398	1.28252	5.14357	5.12255
-1.8015	1.28712	5.14259	5.12748
-1.80018	1.2835	5.14259	5.1301
-1.79427	1.28515	5.14193	5.12945
-1.80314	1.26609	5.1416	5.12682
-1.80084	1.27135	5.14325	5.12485
-1.80281	1.26543	5.14423	5.12288
-1.80577	1.25098	5.14423	5.12485
-1.80774	1.24736	5.14423	5.12616
-1.81267	1.2293	5.14489	5.12748
-1.82022	1.20498	5.14522	5.12715
-1.82252	1.20663	5.14423	5.12452
-1.81365	1.20695	5.14193	5.12419
-1.81464	1.19907	5.14259	5.12649
-1.81661	1.19874	5.1439	5.12715
-1.82022	1.20301	5.14489	5.12682
-1.82581	1.19414	5.14357	5.12616
-1.83402	1.19086	5.14226	5.12419
-1.84092	1.1925	5.14259	5.12353
-1.84749	1.18757	5.14357	5.12353
-1.85571	1.19513	5.1439	5.12485
-1.86293	1.18396	5.14325	5.12879
-1.8695	1.17903	5.14292	5.13175
-1.87542	1.18494	5.14456	5.12945
-1.87509	1.17936	5.14555	5.12813
-1.88035	1.17574	5.14456	5.12846
-1.87115	1.18231	5.14292	5.12616
-1.87706	1.18626	5.14357	5.12485
-1.88593	1.17837	5.1439	5.12485
-1.89677	1.17574	5.14325	5.12583
-1.9063	1.17246	5.14325	5.12682
-1.91189	1.16392	5.14226	5.12518
-1.93488	1.14847	5.1439	5.12353
-1.93916	1.13435	5.1439	5.12288
-1.9569	1.11923	5.14292	5.12288
-1.97037	1.10445	5.14325	5.12386
-1.98055	1.09755	5.14456	5.12452
-1.97858	1.08802	5.1439	5.12386
-1.99074	1.07685	5.14226	5.12419
-1.98712	1.08079	5.14292	5.12616
-2.00125	1.06042	5.14259	5.12682
-2.00716	1.05944	5.14095	5.12813
-2.00782	1.0463	5.14127	5.12879
-2.00749	1.03677	5.14259	5.12748
-2.00191	1.03776	5.14325	5.1255
-1.99534	1.05155	5.14226	5.12255
-1.99041	1.05878	5.14259	5.12419
-1.99566	1.04958	5.14292	5.12583
-1.99074	1.04104	5.1439	5.12682
-1.98745	1.05451	5.14325	5.12748
-1.98942	1.05024	5.14259	5.12715
-1.98975	1.05385	5.14325	5.12715
-1.98285	1.06207	5.14489	5.12583
-1.97792	1.067	5.14456	5.12682
-1.98154	1.06667	5.14292	5.1278
-1.97628	1.06272	5.1416	5.1278
-1.97267	1.0624	5.14226	5.12977
-1.96314	1.06404	5.1439	5.13043
-1.95821	1.06831	5.14522	5.12813
-1.95361	1.07127	5.1462	5.12485
-1.94244	1.07981	5.14555	5.12353
-1.93784	1.08441	5.14555	5.12452
-1.94737	1.06897	5.14456	5.12715
-1.93981	1.08441	5.14555	5.12813
-1.93817	1.09131	5.14587	5.12748
-1.92076	1.10248	5.14653	5.12649
-1.90794	1.11201	5.14752	5.1255
-1.90466	1.10642	5.14522	5.12452
-1.89645	1.12416	5.1439	5.1255
-1.89612	1.13829	5.14423	5.12485
-1.8879	1.14322	5.1439	5.1232
-1.89185	1.14256	5.14489	5.12386
-1.88527	1.15274	5.14587	5.12583
-1.88527	1.14815	5.14686	5.12682
-1.86983	1.1672	5.14785	5.12715
-1.87838	1.1649	5.14653	5.12813
-1.86753	1.17443	5.14489	5.12813
-1.86195	1.17509	5.14522	5.12912
-1.86096	1.1718	5.14489	5.1278
-1.85176	1.17344	5.14456	5.12616
-1.84519	1.18593	5.1439	5.12485
-1.83797	1.19381	5.14259	5.12419
-1.84684	1.19743	5.14193	5.12353
-1.85242	1.19414	5.14292	5.12353
-1.85571	1.2017	5.14259	5.1255
-1.86392	1.20761	5.14357	5.12748
-1.86096	1.21385	5.14555	5.12846
-1.86556	1.21615	5.14555	5.12682
-1.86753	1.21812	5.14357	5.12715
-1.87443	1.21517	5.1416	5.12715
-1.87443	1.22305	5.14259	5.12682
-1.88593	1.21451	5.14259	5.12748
-1.8948	1.21385	5.14292	5.12682
-1.89382	1.21648	5.14292	5.12353
-1.89415	1.22207	5.14423	5.12255
-1.88527	1.24277	5.14357	5.12288
-1.88363	1.23981	5.14325	5.12353
-1.88856	1.23357	5.14127	5.12419
-1.88527	1.24934	5.14357	5.12386
-1.8741	1.25624	5.14555	5.12485
-1.87246	1.25295	5.14489	5.12485
-1.8764	1.23849	5.14357	5.12353
-1.88462	1.23127	5.14357	5.1232
-1.87608	1.23685	5.14292	5.1255
-1.8695	1.23225	5.14292	5.12748
-1.87805	1.22338	5.14489	5.12715
-1.87903	1.22371	5.1439	5.12583
-1.87509	1.23849	5.14423	5.12419
-1.86523	1.24704	5.14456	5.12452
-1.84519	1.26576	5.1439	5.12682
-1.84322	1.26313	5.14193	5.1278
-1.84059	1.25624	5.14292	5.12813
-1.83928	1.25525	5.14325	5.12813
-1.84322	1.25426	5.14325	5.12748
-1.84815	1.24704	5.14456	5.12583
-1.83369	1.26084	5.14456	5.12813
-1.83501	1.26215	5.14292	5.12879
-1.83139	1.25624	5.14062	5.1301
-1.83205	1.25459	5.14127	5.12977
-1.82844	1.24802	5.14226	5.12583
-1.82647	1.24539	5.14423	5.12255
-1.82647	1.24309	5.14489	5.12386
-1.83041	1.25098	5.14292	5.12419
-1.82844	1.25525	5.1416	5.1255
-1.82449	1.24507	5.14127	5.12649
-1.81924	1.24835	5.14357	5.12518
-1.82252	1.24638	5.14522	5.12386
-1.82712	1.23817	5.1462	5.12288
-1.82548	1.24309	5.1462	5.1232
-1.81464	1.25459	5.14489	5.12386
-1.82318	1.24277	5.14029	5.12485
-1.82417	1.23718	5.13799	5.12485
-1.8199	1.25361	5.13897	5.12518
-1.81037	1.25788	5.14259	5.12353
-1.8153	1.24835	5.1462	5.12222
-1.81004	1.26182	5.14587	5.12288
-1.80511	1.27628	5.14292	5.12419
-1.80741	1.26806	5.14325	5.12518
-1.81365	1.28022	5.14325	5.12583
-1.80905	1.28449	5.14226	5.12518
-1.82022	1.27431	5.14226	5.1255
-1.81727	1.27069	5.14423	5.1255
-1.83238	1.26346	5.14357	5.12583
-1.83534	1.26379	5.14259	5.12649
-1.84454	1.25196	5.14127	5.12748
-1.85012	1.26051	5.14259	5.12748
-1.85669	1.25098	5.14226	5.12682
-1.85242	1.25229	5.1439	5.12485
-1.85505	1.24934	5.1439	5.12485
-1.85176	1.25558	5.14259	5.12616
-1.84881	1.26281	5.14095	5.12715
-1.84881	1.27233	5.14259	5.12813
-1.85505	1.27201	5.14325	5.12715
-1.86031	1.25558	5.14456	5.12583
-1.86162	1.26839	5.14587	5.12419
-1.85538	1.26445	5.1462	5.12485
-1.86261	1.25886	5.14522	5.1255
-1.87443	1.25032	5.14357	5.12583
-1.88199	1.23915	5.1416	5.1255
-1.87739	1.24638	5.14259	5.12583
-1.88725	1.23554	5.14423	5.12583
-1.88659	1.23488	5.14423	5.12452
-1.88002	1.22404	5.14226	5.12353
-1.88396	1.2109	5.14226	5.12485
-1.88659	1.20465	5.14259	5.12649
-1.89349	1.19184	5.14127	5.12616
-1.8856	1.1971	5.14226	5.1255
-1.88823	1.19118	5.1439	5.12485
-1.87608	1.20433	5.1439	5.12682
-1.86753	1.21385	5.14259	5.1255
-1.86721	1.20761	5.14193	5.12583
-1.88035	1.20301	5.14325	5.12518
-1.88626	1.19841	5.14357	5.12255
-1.88659	1.20498	5.1439	5.12025
-1.88199	1.21385	5.14423	5.1209
-1.87969	1.21484	5.1439	5.12288
-1.88527	1.20728	5.14456	5.12485
-1.88002	1.20268	5.14357	5.12583
-1.88002	1.20104	5.14226	5.12485
-1.89185	1.18888	5.14357	5.12583
-1.89743	1.18823	5.14653	5.1255
-1.88955	1.18461	5.14916	5.12649
-1.88495	1.19578	5.14916	5.12649
-1.87608	1.19874	5.14522	5.12583
-1.87542	1.20005	5.1439	5.12583
-1.86622	1.20235	5.14325	5.12682
-1.86096	1.19743	5.1439	5.12682
-1.87082	1.1948	5.14456	5.12649
-1.8695	1.18264	5.14489	5.1278
-1.87246	1.18823	5.14555	5.12616
-1.87509	1.17673	5.14489	5.12288
-1.88068	1.17804	5.14292	5.12419
-1.8856	1.15833	5.14193	5.12748
-1.90104	1.14092	5.14226	5.12748
-1.904	1.13238	5.1439	5.12616
-1.90203	1.14289	5.14292	5.1255
-1.90334	1.13369	5.14193	5.12452
-1.91123	1.11661	5.1416	5.12452
-1.91222	1.11726	5.14259	5.12353
-1.91189	1.1327	5.1439	5.12518
-1.91911	1.10971	5.14587	5.12485
-1.93061	1.11266	5.14686	5.1232
-1.93916	1.11036	5.14555	5.12353
-1.94047	1.10281	5.14456	5.12518
-1.9362	1.10215	5.14423	5.12583
-1.93226	1.11792	5.14325	5.12518
-1.92404	1.11923	5.14292	5.12518
-1.92601	1.11891	5.1439	5.12485
-1.92141	1.1235	5.14522	5.12583
-1.92963	1.13599	5.14423	5.12518
-1.9201	1.14355	5.14357	5.12452
-1.91353	1.16523	5.14325	5.12583
-1.92043	1.15636	5.1416	5.12616
-1.91813	1.16326	5.14095	5.12649
-1.91123	1.17279	5.14259	5.12649
-1.90367	1.18428	5.14456	5.12616
-1.91057	1.17509	5.14522	5.1255
-1.91386	1.17246	5.14653	5.12583
-1.91944	1.16556	5.14456	5.12748
-1.92273	1.16819	5.14062	5.12715
-1.93226	1.16786	5.14029	5.12715
-1.93061	1.1534	5.14226	5.12485
-1.93357	1.14519	5.14357	5.12288
-1.93127	1.14289	5.14357	5.12222
-1.93521	1.12843	5.14259	5.12386
-1.93751	1.13336	5.14127	5.12485
-1.93686	1.12843	5.14193	5.12715
-1.94441	1.11595	5.14423	5.12912
-1.94211	1.12022	5.14555	5.12846
-1.93456	1.12679	5.14456	5.12649
-1.9293	1.13599	5.14127	5.12518
-1.92996	1.13205	5.1393	5.12419
-1.92733	1.11858	5.13996	5.1232
-1.92601	1.12712	5.14062	5.12288
-1.91977	1.13763	5.14193	5.12419
-1.90104	1.14979	5.1439	5.12419
-1.8994	1.14782	5.14587	5.12353
-1.89546	1.14387	5.14653	5.12452
-1.8856	1.1488	5.14456	5.12485
-1.87345	1.15603	5.1416	5.12616
-1.87575	1.15537	5.14127	5.12616
-1.87378	1.15045	5.14325	5.12583
-1.85998	1.16983	5.14489	5.12649
-1.85702	1.17049	5.1462	5.12682
-1.83895	1.1856	5.14555	5.12682
-1.83304	1.19053	5.1462	5.12616
-1.82055	1.20761	5.14522	5.12583
-1.81562	1.21878	5.1439	5.12649
-1.82285	1.2178	5.14259	5.12616
-1.82154	1.22207	5.14292	5.12485
-1.80018	1.24507	5.14423	5.12485
-1.80183	1.24671	5.14456	5.1255
-1.8061	1.23521	5.14423	5.12649
-1.80314	1.24079	5.14325	5.12748
-1.79558	1.24802	5.14292	5.12846
-1.79295	1.24441	5.14292	5.1278
-1.79394	1.25952	5.14357	5.12682
-1.80774	1.25492	5.14489	5.12452
-1.80445	1.25788	5.1462	5.12583
-1.80774	1.25854	5.14686	5.1278
-1.79131	1.27989	5.14817	5.12879
-1.80708	1.27365	5.14686	5.12912
-1.80643	1.27726	5.1462	5.12682
-1.81267	1.27726	5.14489	5.12485
-1.81497	1.28416	5.14489	5.12485
-1.82055	1.28383	5.14456	5.12583
-1.81464	1.27956	5.14325	5.12649
-1.8153	1.27299	5.14193	5.12748
-1.80872	1.28449	5.14259	5.12813
-1.80478	1.29402	5.14423	5.12715
-1.80445	1.30453	5.14686	5.12715
-1.81332	1.30092	5.14817	5.12649
-1.81037	1.29533	5.14719	5.12518
-1.81661	1.28909	5.14587	5.12616
-1.82285	1.2812	5.14555	5.12715
-1.82515	1.29303	5.14522	5.12616
-1.82877	1.28449	5.14555	5.12715
-1.82318	1.28383	5.14686	5.12715
-1.82154	1.28646	5.14587	5.12715
-1.82581	1.28318	5.14489	5.1278
-1.83238	1.26445	5.14423	5.12682
-1.83337	1.26905	5.1439	5.1255
-1.83238	1.26018	5.14357	5.12485
-1.84092	1.25689	5.14423	5.12419
-1.83961	1.25262	5.14522	5.12386
-1.84585	1.23849	5.14456	5.12715
-1.85571	1.23521	5.1439	5.12813
-1.87115	1.22437	5.14292	5.12616
-1.87903	1.22075	5.14259	5.1255
-1.88757	1.20958	5.14292	5.12485
-1.89612	1.19841	5.14522	5.12583
-1.88955	1.19348	5.14423	5.12583
-1.88265	1.19874	5.14357	5.12518
-1.8879	1.19086	5.14259	5.1255
-1.88363	1.18888	5.14259	5.12715
-1.89809	1.17607	5.14292	5.12748
-1.89283	1.18757	5.14292	5.12748
-1.88823	1.20005	5.14357	5.12649
-1.89415	1.2063	5.1439	5.12583
-1.88823	1.20761	5.14357	5.12748
-1.89316	1.18921	5.14259	5.12846
-1.88462	1.19217	5.14193	5.12879
-1.88298	1.20268	5.14325	5.12879
-1.89349	1.19513	5.14423	5.12748
-1.89612	1.19217	5.14555	5.12616
-1.90137	1.18264	5.14522	5.12583
-1.90696	1.17804	5.14423	5.12682
-1.91222	1.15997	5.1439	5.12813
-1.91484	1.16326	5.1439	5.12846
-1.91649	1.16359	5.14555	5.12715
-1.93784	1.14223	5.14785	5.12485
-1.94047	1.14749	5.1462	5.12419
-1.94014	1.14355	5.14292	5.1255
-1.94507	1.12975	5.13996	5.12616
-1.9385	1.12745	5.14095	5.12813
-1.94441	1.1212	5.1439	5.12945
-1.94934	1.11135	5.14555	5.12945
-1.96084	1.10084	5.14489	5.12715
-1.96314	1.10346	5.14259	5.12616
-1.96511	1.09656	5.14292	5.1255
-1.97365	1.08112	5.14325	5.12583
-1.96511	1.08539	5.14357	5.12682
-1.9661	1.09262	5.14325	5.12682
-1.96774	1.09459	5.14456	5.12682
-1.97628	1.08375	5.14456	5.1255
-1.96708	1.09558	5.14489	5.12485
-1.97037	1.08802	5.14489	5.1255
-1.96872	1.09525	5.14456	5.12583
-1.97037	1.09164	5.14423	5.1255
-1.96642	1.08704	5.14292	5.12518
-1.96445	1.08309	5.14357	5.12452
-1.96905	1.08572	5.14489	5.12353
-1.9638	1.09098	5.14489	5.1232
-1.95723	1.09164	5.14259	5.1232
-1.95953	1.08474	5.14226	5.12386
-1.95821	1.08375	5.14522	5.12452
-1.95953	1.09525	5.14587	5.12452
-1.9615	1.09689	5.14587	5.12353
-1.95197	1.09426	5.14555	5.12452
-1.94343	1.10773	5.14456	5.1255
-1.93784	1.11003	5.14193	5.12583
-1.9293	1.11529	5.13996	5.12485
-1.93718	1.10675	5.13996	5.12419
-1.93554	1.10215	5.14357	5.12583
-1.9385	1.09525	5.14555	5.12649
-1.93718	1.11003	5.1462	5.12583
-1.93193	1.10905	5.14522	5.12616
-1.9339	1.10346	5.1439	5.12485
-1.92601	1.10478	5.14193	5.12485
-1.92733	1.10215	5.14292	5.12452
-1.93061	1.10314	5.14522	5.12616
-1.92634	1.11299	5.14587	5.12879
-1.92404	1.11858	5.14522	5.13043
-1.92996	1.11595	5.14423	5.12977
-1.92174	1.11266	5.14292	5.1278
-1.91944	1.12318	5.14226	5.1278
-1.92437	1.1258	5.14127	5.12813
-1.92404	1.14092	5.14423	5.12616
-1.91517	1.14683	5.14686	5.1255
-1.9109	1.14125	5.14752	5.12518
-1.90039	1.14979	5.14522	5.12583
-1.89776	1.15669	5.14325	5.12748
-1.90499	1.14585	5.14226	5.12715
-1.90794	1.14913	5.14292	5.1255
-1.90597	1.15406	5.14423	5.12518
-1.91616	1.13369	5.14423	5.12452
-1.91287	1.13336	5.14292	5.1232
-1.92043	1.13435	5.14193	5.12485
-1.90959	1.14979	5.14193	5.12715
-1.90532	1.14486	5.14259	5.12813
-1.90006	1.15143	5.14357	5.12879
-1.904	1.15504	5.14357	5.12452
-1.91057	1.14979	5.14325	5.1232
-1.91222	1.1373	5.14325	5.1255
-1.91353	1.14749	5.14489	5.12616
-1.91452	1.14847	5.14587	5.12682
-1.9086	1.15997	5.1462	5.1278
-1.91484	1.16227	5.14587	5.12649
-1.91156	1.16424	5.14489	5.12616
-1.90992	1.16392	5.14423	5.12616
-1.90104	1.17541	5.1439	5.12682
-1.89842	1.18067	5.14522	5.1278
-1.89349	1.18691	5.14555	5.13043
-1.88889	1.19348	5.14489	5.12846
-1.88856	1.19086	5.14357	5.12682
-1.89086	1.20827	5.14325	5.12518
-1.89119	1.204	5.14357	5.12518
-1.89612	1.18856	5.14292	5.1255
-1.89086	1.19184	5.14226	5.12518
-1.89119	1.18494	5.14259	5.12353
-1.89086	1.18888	5.14325	5.12419
-1.89579	1.19118	5.14325	5.12649
-1.89316	1.1902	5.14193	5.12649
-1.8902	1.18856	5.1416	5.12518
-1.89546	1.1879	5.14127	5.12386
-1.90762	1.17771	5.1416	5.12353
-1.90367	1.17969	5.14423	5.12616
-1.904	1.17574	5.14423	5.12846
-1.9086	1.17311	5.14456	5.12945
-1.89875	1.18166	5.14456	5.12813
-1.90729	1.17279	5.14489	5.12616
-1.89283	1.18264	5.14423	5.12419
-1.89677	1.18034	5.14226	5.1232
-1.89677	1.17837	5.13996	5.12255
-1.90302	1.16326	5.14029	5.12386
-1.90762	1.1649	5.14325	5.12616
-1.91616	1.14946	5.14489	5.12616
-1.91681	1.14387	5.14522	5.12583
-1.90466	1.14913	5.14292	5.1255
-1.90203	1.14716	5.14292	5.12386
-1.90203	1.15636	5.14357	5.12189
-1.91222	1.15504	5.14522	5.1232
-1.90367	1.17016	5.14653	5.12715
-1.89809	1.17509	5.14423	5.12813
-1.90334	1.16884	5.1416	5.12616
-1.90104	1.1649	5.14226	5.12419
-1.90499	1.16983	5.14226	5.12452
-1.90236	1.16589	5.14259	5.12419
-1.89842	1.16753	5.14259	5.12452
-1.89382	1.17114	5.14292	5.12452
-1.8925	1.18067	5.14292	5.12616
-1.89152	1.17574	5.14325	5.12419
-1.88725	1.18396	5.14226	5.12419
-1.881	1.18593	5.14127	5.12518
-1.87443	1.18231	5.14062	5.12616
-1.88068	1.1948	5.1416	5.12715
-1.88462	1.19644	5.14127	5.12649
-1.88429	1.20137	5.14127	5.1255
-1.88495	1.19546	5.13996	5.12518
-1.89086	1.19217	5.13963	5.12715
-1.88462	1.19348	5.13865	5.12748
-1.88166	1.20235	5.13897	5.12977
-1.87115	1.20137	5.14095	5.12879
-1.87148	1.20597	5.1416	5.12616
-1.86819	1.20597	5.14259	5.12583
-1.86228	1.20958	5.14226	5.12616
-1.85308	1.20728	5.14193	5.12649
-1.84651	1.22141	5.14127	5.12682
-1.85735	1.22108	5.14095	5.12649
-1.84815	1.23324	5.14489	5.12616
-1.85111	1.22174	5.1485	5.12649
-1.85045	1.22568	5.14719	5.12485
-1.86063	1.21484	5.14489	5.12452
-1.86129	1.21188	5.14259	5.12518
-1.87279	1.204	5.14226	5.1255
-1.88429	1.1971	5.1439	5.12518
-1.88363	1.20071	5.14522	5.12485
-1.87903	1.19414	5.1439	5.12353
-1.88889	1.19578	5.1416	5.12386
-1.89185	1.18363	5.1393	5.12682
-1.9017	1.17607	5.13799	5.12846
-1.89907	1.18067	5.13865	5.1278
-1.90104	1.16457	5.14226	5.12846
-1.89875	1.16983	5.14587	5.12748
-1.9063	1.17246	5.14719	5.12583
-1.91156	1.17147	5.14522	5.1255
-1.92076	1.16096	5.1439	5.12419
-1.91681	1.16786	5.14193	5.1255
-1.92043	1.16589	5.14095	5.12715
-1.92503	1.15702	5.14226	5.12583
-1.9316	1.1442	5.1439	5.12288
-1.93883	1.14092	5.14489	5.12156
-1.94178	1.14519	5.14555	5.12386
-1.9362	1.14059	5.14456	5.12485
-1.94671	1.1327	5.1439	5.12682
-1.96018	1.12022	5.14456	5.12682
-1.95	1.12679	5.1439	5.12682
-1.94573	1.13238	5.14456	5.12583
-1.95953	1.12153	5.1462	5.12452
-1.95821	1.11923	5.14555	5.12649
-1.96675	1.11003	5.1439	5.12977
-1.9638	1.11266	5.14226	5.13109
-1.96544	1.10051	5.14029	5.12912
-1.9615	1.10182	5.14127	5.12715
-1.96182	1.10839	5.14292	5.12518
-1.96051	1.10182	5.14357	5.1255
-1.95854	1.10806	5.14292	5.1255
-1.95723	1.11069	5.14292	5.12846
-1.95657	1.12285	5.14555	5.12912
-1.9523	1.12186	5.14686	5.12748
-1.95131	1.1212	5.1462	5.12485
-1.94474	1.12975	5.14489	5.1255
-1.93751	1.14157	5.14193	5.12616
-1.93883	1.14355	5.13963	5.12616
-1.94704	1.1281	5.13897	5.12846
-1.94474	1.13927	5.14193	5.12977
-1.9431	1.13435	5.14555	5.1301
-1.9339	1.13927	5.14522	5.12977
-1.91484	1.16392	5.1439	5.12748
-1.89743	1.17016	5.14325	5.12682
-1.89447	1.18034	5.14292	5.12649
-1.8948	1.17049	5.14095	5.1255
-1.89907	1.16753	5.13963	5.12583
-1.89842	1.17377	5.14127	5.12682
-1.90104	1.17837	5.14292	5.12682
-1.88856	1.19973	5.1462	5.12616
-1.88626	1.20235	5.14653	5.1255
-1.87706	1.20925	5.14686	5.12353
-1.86786	1.23028	5.14489	5.12386
-1.85308	1.24047	5.14292	5.12255
-1.86096	1.23258	5.14226	5.1209
-1.85603	1.24769	5.14259	5.12123
-1.85144	1.26182	5.14292	5.12255
-1.84815	1.25788	5.1416	5.1255
-1.84552	1.24901	5.14029	5.12748
-1.84158	1.26182	5.13996	5.12846
-1.84191	1.26905	5.1393	5.12715
-1.84191	1.26708	5.13897	5.1255
-1.83402	1.27661	5.1416	5.12419
-1.83402	1.28482	5.14292	5.12452
-1.81957	1.29303	5.14095	5.12518
-1.83599	1.28088	5.1393	5.1255
-1.82712	1.28778	5.13996	5.12583
-1.83008	1.27595	5.14029	5.12452
-1.81431	1.29599	5.1416	5.1255
-1.82121	1.28646	5.14193	5.12419
-1.8176	1.29402	5.14226	5.12288
-1.82252	1.29172	5.14127	5.12452
-1.82909	1.28646	5.14062	5.12616
-1.82942	1.28876	5.14226	5.12682
-1.83271	1.28186	5.14357	5.1255
-1.83337	1.29073	5.14423	5.12616
-1.83961	1.28383	5.14555	5.12748
-1.84749	1.2789	5.1462	5.12583
-1.84092	1.27496	5.1462	5.12386
-1.84191	1.27398	5.14522	5.12485
-1.83731	1.27693	5.14423	5.12649
-1.84716	1.27431	5.14456	5.12616
-1.84026	1.27661	5.14489	5.1255
-1.84651	1.27431	5.14456	5.12288
-1.84158	1.27332	5.14259	5.1232
-1.84782	1.26773	5.1393	5.12452
-1.84355	1.27201	5.1393	5.12485
-1.84059	1.27595	5.14325	5.12682
-1.83468	1.29106	5.14325	5.12748
-1.82745	1.29599	5.14259	5.12649
-1.8222	1.29665	5.14325	5.12682
-1.81497	1.29533	5.14357	5.12748
-1.81332	1.29697	5.14587	5.12616
-1.80643	1.29402	5.14719	5.12452
-1.80774	1.28975	5.14719	5.12452
-1.81135	1.28613	5.14785	5.12353
-1.80445	1.2881	5.14653	5.12288
-1.80544	1.28482	5.14423	5.12353
-1.79427	1.30125	5.1416	5.12518
-1.79394	1.30223	5.14193	5.12616
-1.79263	1.2835	5.14259	5.12748
-1.78606	1.28975	5.14522	5.1278
-1.7739	1.29993	5.14587	5.12879
-1.75977	1.30815	5.14555	5.12682
-1.76371	1.30815	5.14325	5.1255
-1.7578	1.31997	5.14259	5.1255
-1.7601	1.30617	5.14456	5.1255
-1.7601	1.30913	5.14522	5.12583
-1.76831	1.30519	5.14292	5.1255
-1.75977	1.30683	5.14127	5.12583
-1.7808	1.29467	5.1416	5.12748
-1.7739	1.2996	5.1439	5.1278
-1.77784	1.29862	5.14522	5.12846
-1.78376	1.28252	5.14226	5.12879
-1.78638	1.28712	5.14226	5.13076
-1.81135	1.26215	5.14456	5.13076
-1.81431	1.27792	5.14587	5.12813
-1.82975	1.27562	5.14555	5.1255
-1.83337	1.2789	5.14193	5.1255
-1.84454	1.26708	5.14127	5.12583
-1.84585	1.27168	5.14226	5.12715
-1.84256	1.26412	5.14259	5.12682
-1.83994	1.26379	5.1439	5.12748
-1.84026	1.26609	5.14456	5.12813
-1.83994	1.25985	5.14423	5.12682
-1.85538	1.24079	5.14292	5.12682
-1.85669	1.22732	5.14259	5.12715
-1.85669	1.227	5.14259	5.12748
-1.86655	1.21747	5.1439	5.12748
-1.87509	1.21812	5.14456	5.12715
-1.89677	1.19513	5.1439	5.12616
-1.89677	1.1856	5.14357	5.12518
-1.90039	1.19677	5.14226	5.12419
-1.91452	1.18461	5.1416	5.12583
-1.92601	1.16983	5.1416	5.12748
-1.93258	1.16654	5.14325	5.1278
-1.93554	1.14847	5.14522	5.12616
-1.94441	1.14125	5.1462	5.12518
-1.94934	1.12975	5.14489	5.12583
-1.95361	1.12712	5.14423	5.1278
-1.94507	1.1258	5.14489	5.12846
-1.94014	1.13238	5.14522	5.12813
-1.9385	1.12876	5.14587	5.12485
-1.94211	1.12416	5.14522	5.12452
-1.94803	1.13008	5.14357	5.1255
-1.94573	1.13106	5.1416	5.12715
-1.94376	1.12482	5.14062	5.12945
-1.95065	1.12646	5.14127	5.13076
-1.94835	1.10905	5.1416	5.12977
-1.9385	1.11825	5.14193	5.12649
-1.92503	1.14059	5.1416	5.12452
-1.92437	1.14026	5.14357	5.12452
-1.92273	1.1419	5.14423	5.12715
-1.90433	1.16194	5.14226	5.1278
-1.9063	1.14486	5.14095	5.12616
-1.90564	1.15997	5.14226	5.12583
-1.90466	1.14519	5.14259	5.12386
-1.90466	1.15833	5.14456	5.12288
-1.90006	1.158	5.14489	5.12452
-1.89875	1.17049	5.14456	5.12616
-1.88692	1.18199	5.14489	5.1278
-1.87345	1.19118	5.1416	5.12846
-1.87772	1.19217	5.14127	5.1278
-1.87772	1.18888	5.14292	5.12813
-1.87312	1.18921	5.14292	5.12813
-1.86458	1.19677	5.14325	5.12748
-1.87608	1.19546	5.14325	5.12649
-1.88856	1.18396	5.14193	5.1278
-1.87509	1.19611	5.14193	5.1278
-1.86852	1.2086	5.14226	5.12649
-1.86359	1.2247	5.1439	5.12583
-1.86753	1.21451	5.1439	5.1232
-1.86261	1.2155	5.14456	5.1232
-1.86523	1.20334	5.14489	5.12583
-1.86523	1.20663	5.14489	5.12813
-1.86556	1.20005	5.1439	5.12813
-1.86786	1.20465	5.1439	5.12518
-1.87969	1.19283	5.14456	5.12288
-1.88199	1.1994	5.14522	5.12452
-1.86983	1.20465	5.1439	5.12518
-1.86261	1.21944	5.14325	5.1255
-1.86983	1.21287	5.14226	5.1255
-1.86458	1.22174	5.14489	5.12616
-1.85505	1.23455	5.14522	5.12616
-1.85866	1.23028	5.14423	5.12682
-1.85636	1.2247	5.14357	5.12649
-1.85242	1.23061	5.14226	5.12518
-1.86129	1.21648	5.14325	5.12386
-1.85932	1.20663	5.14292	5.12583
-1.85505	1.2086	5.14095	5.1278
-1.85176	1.19644	5.14062	5.12846
-1.85275	1.19151	5.14259	5.12583
-1.86983	1.18593	5.14587	5.12452
-1.86622	1.19546	5.14653	5.12616
-1.86425	1.19973	5.14522	5.12945
-1.8695	1.20268	5.14357	5.12912
-1.87213	1.19611	5.1439	5.12715
-1.86721	1.19381	5.14522	5.12616
-1.8695	1.18691	5.14522	5.1255
-1.85538	1.20893	5.1462	5.12616
-1.84848	1.21977	5.14653	5.1255
-1.83337	1.23192	5.14653	5.12485
-1.82285	1.23225	5.14587	5.12255
-1.82318	1.22831	5.14456	5.12288
-1.81825	1.22864	5.14325	5.1232
-1.81694	1.22897	5.14292	5.12288
-1.8107	1.2293	5.14357	5.12222
-1.79788	1.24704	5.14456	5.1232
-1.79657	1.24441	5.14423	5.12616
-1.78606	1.25525	5.14325	5.12748
-1.78441	1.26018	5.14259	5.12813
-1.77423	1.26084	5.14259	5.1278
-1.767	1.27069	5.14292	5.12649
-1.75353	1.28745	5.1439	5.1255
-1.75254	1.29073	5.14292	5.12682
-1.74006	1.27759	5.14127	5.1278
-1.73842	1.26445	5.14095	5.1278
-1.7348	1.26182	5.14193	5.12846
-1.72955	1.26412	5.14423	5.12748
-1.72363	1.26018	5.14653	5.12518
-1.72758	1.25854	5.14817	5.12485
-1.74137	1.26116	5.14522	5.1255
-1.7325	1.27398	5.1416	5.12616
-1.73973	1.27595	5.14259	5.12649
-1.73546	1.28186	5.14522	5.12485
-1.74072	1.28942	5.14555	5.1255
-1.75024	1.30519	5.1439	5.12616
-1.7509	1.29665	5.14259	5.12649
-1.75747	1.29632	5.14325	5.12649
-1.74663	1.3134	5.14456	5.1278
-1.74367	1.31439	5.14653	5.12912
-1.74006	1.32227	5.14686	5.12912
-1.74006	1.3157	5.14555	5.12813
-1.75123	1.31044	5.14456	5.12583
-1.75024	1.30913	5.14325	5.1255
-1.75419	1.30913	5.14193	5.12682
-1.75419	1.32227	5.14095	5.12616
-1.75977	1.3111	5.14127	5.12583
-1.7624	1.30453	5.14226	5.12649
-1.76864	1.29402	5.14423	5.12518
-1.76897	1.29402	5.14423	5.1255
-1.77324	1.28778	5.14127	5.12682
-1.77981	1.29435	5.13963	5.12813
-1.77784	1.29697	5.14127	5.12682
-1.78146	1.30749	5.14456	5.12518
-1.79493	1.29566	5.14522	5.12419
-1.8084	1.28712	5.14522	5.12518
-1.81267	1.29106	5.14489	5.12353
-1.80741	1.295	5.14522	5.12255
-1.79164	1.30913	5.14522	5.12485
-1.8061	1.29172	5.1439	5.1255
-1.82121	1.27595	5.14259	5.12518
-1.81727	1.27365	5.14325	5.12353
-1.80248	1.27069	5.14357	5.12255
-1.80544	1.27628	5.14325	5.12288
-1.8199	1.26018	5.14095	5.1255
-1.81924	1.25065	5.14127	5.12682
-1.82351	1.25032	5.14423	5.12649
-1.81431	1.24704	5.14489	5.12748
-1.82712	1.23127	5.14423	5.12583
-1.83435	1.2178	5.14259	5.12222
-1.83304	1.21057	5.1416	5.12255
-1.83961	1.20268	5.14259	5.12386
-1.84191	1.1948	5.14522	5.12518
-1.84782	1.18166	5.14785	5.12616
-1.85702	1.17574	5.14752	5.12616
-1.85242	1.18001	5.1439	5.1278
-1.85735	1.17476	5.14259	5.12649
-1.86491	1.17936	5.14259	5.12616
-1.85801	1.18363	5.14193	5.12649
-1.8741	1.18363	5.14325	5.12682
-1.87575	1.19118	5.14423	5.12879
-1.86589	1.18461	5.14357	5.12846
-1.8787	1.18231	5.14423	5.12682
-1.87509	1.18626	5.14522	5.12682
-1.87739	1.17706	5.14489	5.12813
-1.88002	1.18297	5.1439	5.12945
-1.881	1.1718	5.14325	5.12977
-1.88955	1.16063	5.14423	5.12977
-1.89447	1.16293	5.14522	5.12813
-1.90696	1.16786	5.1462	5.12682
-1.91057	1.15702	5.14653	5.12682
-1.91616	1.15472	5.1439	5.12682
-1.92963	1.14289	5.14127	5.12583
-1.93948	1.13106	5.1416	5.12386
-1.9431	1.1327	5.14259	5.12222
-1.93488	1.14749	5.14357	5.1232
-1.94146	1.13008	5.1439	5.12583
-1.95328	1.12088	5.1439	5.12748
-1.96642	1.10675	5.1416	5.12616
-1.97891	1.08835	5.14029	5.1255
-1.97727	1.08211	5.14193	5.12715
-1.97102	1.08934	5.14193	5.12715
-1.97792	1.08704	5.14193	5.12748
-1.97365	1.10084	5.14193	5.1278
-1.98219	1.09328	5.14325	5.12813
-1.99008	1.08408	5.14357	5.12977
-1.98844	1.08211	5.14456	5.13109
-1.99008	1.07619	5.14489	5.12945
-1.98745	1.08079	5.14456	5.12682
-1.99271	1.07094	5.14456	5.12485
-1.98712	1.07587	5.14456	5.12485
-1.98154	1.06502	5.14522	5.12485
-1.97694	1.07488	5.14555	5.12452
-1.97398	1.08112	5.14423	5.12682
-1.96347	1.09689	5.14292	5.12748
-1.95558	1.10182	5.14259	5.1255
-1.95394	1.09919	5.14193	5.12583
-1.94441	1.11562	5.14193	5.12485
-1.93948	1.12252	5.1416	5.12419
-1.93686	1.12186	5.14226	5.1255
-1.93357	1.12482	5.14325	5.12682
-1.93488	1.11529	5.14259	5.12748
-1.93029	1.12088	5.14095	5.1255
-1.92864	1.12055	5.14095	5.12156
-1.92963	1.12942	5.1416	5.12058
-1.91649	1.14979	5.14226	5.12419
-1.9086	1.15012	5.14357	5.12583
-1.90893	1.1603	5.14292	5.12386
-1.89809	1.17377	5.14029	5.12353
-1.8856	1.18034	5.14029	5.12189
-1.88199	1.1833	5.14292	5.12058
-1.86983	1.1971	5.14423	5.12222
-1.86425	1.20104	5.14522	5.12419
-1.84454	1.23324	5.14522	5.1255
-1.83304	1.24704	5.14423	5.12649
-1.82877	1.24112	5.1439	5.12616
-1.8153	1.23817	5.14325	5.12682
-1.8084	1.25262	5.14325	5.12583
-1.81497	1.26018	5.14292	5.12452
-1.81858	1.25854	5.1416	5.12583
-1.80413	1.26806	5.1393	5.12715
-1.79723	1.26741	5.13963	5.12715
-1.79263	1.25656	5.14029	5.12616
-1.78638	1.26839	5.1416	5.1255
-1.76799	1.28745	5.14259	5.1255
-1.77291	1.29073	5.14259	5.1255
-1.77226	1.30355	5.14127	5.12518
-1.77981	1.30322	5.14292	5.12518
-1.77456	1.31143	5.1439	5.12452
-1.77456	1.30486	5.14423	5.12353
-1.77094	1.3111	5.14259	5.12419
-1.78573	1.31077	5.1416	5.12616
-1.78803	1.30585	5.14193	5.12846
-1.7762	1.31077	5.14259	5.12846
-1.77489	1.30979	5.14226	5.1278
-1.78704	1.29008	5.14423	5.12715
-1.78671	1.2881	5.14653	5.12583
-1.78967	1.28942	5.14555	5.12583
-1.79821	1.28548	5.14292	5.12452
-1.80281	1.28646	5.14325	5.12386
-1.81628	1.27693	5.1439	5.12386
-1.81464	1.29008	5.14489	5.12452
-1.80248	1.3111	5.14456	5.12452
-1.80971	1.30059	5.1439	5.1255
-1.81727	1.28416	5.14259	5.12649
-1.81102	1.30617	5.14292	5.12649
-1.79985	1.31669	5.1416	5.12912
-1.7969	1.32326	5.13996	5.13043
-1.8038	1.31242	5.13865	5.13043
-1.81004	1.3111	5.13996	5.13043
-1.81464	1.31307	5.14193	5.12879
-1.82384	1.30223	5.14292	5.12649
-1.82909	1.30125	5.1439	5.1255
-1.82449	1.3019	5.14226	5.12485
-1.81924	1.2996	5.14127	5.1255
-1.81661	1.30519	5.14193	5.12616
-1.8107	1.31044	5.14489	5.12583
-1.81924	1.29895	5.14653	5.12616
-1.8176	1.30387	5.14555	5.12649
-1.82581	1.28778	5.1439	5.12682
-1.81234	1.28646	5.14325	5.12846
-1.80708	1.29008	5.14357	5.12977
-1.81694	1.28679	5.1462	5.1301
-1.81201	1.29993	5.14817	5.12715
-1.8153	1.28778	5.1485	5.12419
-1.8153	1.28482	5.14587	5.1232
-1.81102	1.28745	5.1439	5.1232
-1.81398	1.27858	5.14226	5.12518
-1.81628	1.26313	5.14259	5.12518
-1.81201	1.25886	5.1439	5.12452
-1.81398	1.25065	5.14522	5.12649
-1.82515	1.23652	5.14555	5.12649
-1.8222	1.24868	5.14522	5.12682
-1.81168	1.24999	5.1439	5.1255
-1.8061	1.24539	5.14226	5.12419
-1.81168	1.23849	5.14127	5.12583
-1.80018	1.23488	5.14095	5.12682
-1.80708	1.22962	5.14193	5.12682
-1.80183	1.24112	5.1439	5.12485
-1.80215	1.24769	5.14489	5.12255
-1.8061	1.25952	5.14522	5.12353
-1.80445	1.25525	5.14423	5.12616
-1.82614	1.25394	5.14357	5.12813
-1.82778	1.25131	5.1439	5.12846
-1.82088	1.24671	5.1462	5.12616
-1.82548	1.24638	5.14752	5.12583
-1.82187	1.26445	5.14653	5.12682
-1.81825	1.2812	5.1439	5.1301
-1.81562	1.28778	5.14226	5.12912
-1.81234	1.29106	5.1439	5.12616
-1.813	1.29566	5.14522	5.12353
-1.81792	1.2858	5.14423	5.12288
-1.82712	1.27003	5.14423	5.1232
-1.82187	1.27365	5.14325	5.12616
-1.82154	1.26576	5.14259	5.12846
-1.81825	1.28186	5.14226	5.12813
-1.82581	1.27825	5.14292	5.12748
-1.82712	1.2812	5.14325	5.12583
-1.82548	1.29073	5.14325	5.12518
-1.83994	1.27463	5.14325	5.12616
-1.85275	1.26018	5.1416	5.12748
-1.85209	1.25492	5.14193	5.12682
-1.85603	1.24375	5.1439	5.12518
-1.86491	1.23389	5.14456	5.12255
-1.87706	1.21878	5.1439	5.12353
-1.88429	1.21254	5.14325	5.12485
-1.89382	1.1971	5.1439	5.12616
-1.89677	1.18888	5.14456	5.12715
-1.89579	1.18987	5.14357	5.12879
-1.89316	1.18823	5.14226	5.12879
-1.89546	1.17771	5.14127	5.12682
-1.89743	1.18067	5.14127	5.12419
-1.88889	1.18034	5.14127	5.12452
-1.89875	1.16851	5.14325	5.12715
-1.90104	1.15636	5.14357	5.12879
-1.90334	1.14749	5.14325	5.12879
-1.91254	1.13139	5.14259	5.12813
-1.92043	1.12745	5.1439	5.12715
-1.92404	1.12383	5.14423	5.1255
-1.9201	1.12712	5.14456	5.12616
-1.91747	1.12843	5.14489	5.12419
-1.91813	1.12252	5.14325	5.1232
-1.92831	1.10971	5.14095	5.12386
-1.92306	1.10346	5.1416	5.12518
-1.91386	1.11628	5.14357	5.12419
-1.91222	1.1281	5.14522	5.12419
-1.91353	1.12942	5.14555	5.12485
-1.89875	1.14059	5.14456	5.12518
-1.88922	1.15406	5.14357	5.12583
-1.87279	1.18166	5.14226	5.1255
-1.87805	1.18297	5.1439	5.1255
-1.881	1.17969	5.14456	5.1255
-1.8718	1.16983	5.14555	5.12419
-1.86885	1.17081	5.14489	5.12518
-1.87213	1.17443	5.1439	5.12649
-1.86786	1.19316	5.14193	5.12583
-1.87279	1.19578	5.14193	5.12649
-1.87115	1.20071	5.14292	5.1278
-1.8718	1.21024	5.14555	5.12846
-1.86852	1.2063	5.14653	5.12715
-1.87673	1.19611	5.14456	5.12715
-1.85998	1.22042	5.14062	5.12715
-1.85373	1.23751	5.13963	5.12748
-1.84848	1.24047	5.14095	5.12583
-1.85439	1.23225	5.14259	5.12452
-1.85899	1.22568	5.14325	5.12386
-1.86228	1.22535	5.14423	5.12518
-1.86556	1.21615	5.14489	5.1255
-1.86885	1.21024	5.1462	5.12583
-1.8718	1.21057	5.14456	5.12715
-1.87969	1.20827	5.1416	5.1278
-1.87903	1.2155	5.1416	5.12616
-1.8879	1.21747	5.14259	5.1255
-1.89612	1.19907	5.14292	5.12222
-1.89776	1.19217	5.1439	5.1232
-1.89185	1.1971	5.14292	5.12222
-1.89349	1.20038	5.14226	5.12255
-1.89447	1.19907	5.14259	5.12485
-1.89447	1.20268	5.14357	5.12616
-1.89086	1.19677	5.14456	5.12485
-1.89382	1.1902	5.14292	5.12485
-1.89743	1.18757	5.14193	5.1255
-1.89842	1.18494	5.1416	5.12583
-1.88659	1.19184	5.14292	5.12485
-1.87345	1.20925	5.14423	5.12353
-1.86753	1.22042	5.14752	5.12386
-1.86228	1.21845	5.14587	5.12452
-1.85965	1.2155	5.14193	5.12616
-1.85505	1.21254	5.1416	5.12583
-1.84914	1.22831	5.14259	5.12682
-1.84782	1.22864	5.14259	5.12715
-1.84782	1.23324	5.14357	5.12616
-1.85505	1.21747	5.14456	5.12452
-1.84388	1.21878	5.14456	5.12386
-1.84552	1.22798	5.1439	5.12419
-1.83895	1.23652	5.14423	5.12452
-1.83468	1.24145	5.14259	5.12419
-1.82975	1.24211	5.14095	5.12485
-1.83074	1.24474	5.14062	5.12616
-1.82614	1.24736	5.14193	5.12715
-1.82548	1.24868	5.14292	5.1278
-1.82548	1.24145	5.1439	5.12879
-1.81464	1.25525	5.14357	5.12879
-1.81102	1.25558	5.14292	5.12715
-1.81497	1.25854	5.14357	5.12518
-1.80051	1.27398	5.14357	5.12452
-1.79985	1.27365	5.14226	5.1255
-1.79854	1.26675	5.1416	5.12583
-1.80478	1.27266	5.14325	5.1255
-1.80117	1.28646	5.14489	5.12419
-1.78704	1.29303	5.14456	5.12353
-1.79033	1.28909	5.14522	5.12485
-1.79723	1.28252	5.14522	5.1278
-1.8038	1.27463	5.1439	5.12748
-1.80577	1.27496	5.1439	5.12583
-1.81102	1.26445	5.1439	5.12255
-1.8038	1.26215	5.14226	5.1209
-1.813	1.24802	5.14127	5.1209
-1.82679	1.23718	5.13996	5.12288
-1.83074	1.24474	5.14226	5.12518
-1.82154	1.25295	5.1439	5.12649
-1.81858	1.25459	5.14456	5.12682
-1.84322	1.23652	5.14226	5.1255
-1.84848	1.24507	5.14193	5.12485
-1.84289	1.25328	5.14325	5.12485
-1.83797	1.25328	5.14259	5.12485
-1.83271	1.26478	5.14325	5.12485
-1.83337	1.26215	5.14357	5.12419
-1.83665	1.26248	5.14325	5.12518
-1.82417	1.28252	5.14259	5.1255
-1.81497	1.29303	5.1416	5.12583
-1.81924	1.28909	5.14226	5.12649
-1.83107	1.27661	5.1439	5.1278
-1.83764	1.26741	5.14555	5.12846
-1.83895	1.25558	5.14489	5.12879
-1.83994	1.24342	5.14456	5.12616
-1.83731	1.24014	5.14456	5.12386
-1.84848	1.21911	5.14522	5.12452
-1.83698	1.2247	5.14522	5.12485
-1.84979	1.2178	5.14522	5.1255
-1.84486	1.21747	5.14522	5.12452
-1.85866	1.204	5.14489	5.12518
-1.87115	1.19151	5.1439	5.12583
-1.87213	1.1856	5.14193	5.12518
-1.88035	1.16786	5.14325	5.12485
-1.87345	1.16326	5.1439	5.12419
-1.87115	1.14815	5.14555	5.12485
-1.87706	1.12975	5.14719	5.12518
-1.881	1.14157	5.14587	5.12748
-1.87608	1.15472	5.14259	5.12879
-1.88856	1.14125	5.13832	5.1301
-1.8833	1.1465	5.13602	5.12945
-1.89086	1.13303	5.13667	5.12715
-1.89349	1.13238	5.14127	5.1255
-1.90236	1.11759	5.1462	5.12583
-1.91222	1.11989	5.14785	5.12715
-1.90926	1.12679	5.14653	5.12715
-1.91846	1.12318	5.14357	5.12682
-1.9178	1.11726	5.14292	5.12616
-1.91944	1.10741	5.14193	5.1255
-1.92076	1.10346	5.14325	5.1255
-1.92174	1.08572	5.14456	5.12386
-1.91681	1.09985	5.14555	5.1232
-1.91747	1.09098	5.14653	5.12419
-1.91681	1.09985	5.14686	5.12452
-1.91944	1.09459	5.14752	5.12715
-1.91714	1.10478	5.14719	5.12813
-1.90597	1.11759	5.14752	5.12682
-1.91222	1.11858	5.14653	5.12583
-1.90959	1.1235	5.14653	5.1255
-1.91616	1.11562	5.14719	5.12649
-1.92371	1.12745	5.14653	5.12715
-1.92076	1.1258	5.14489	5.12748
-1.92799	1.12153	5.14555	5.12616
-1.93061	1.10839	5.14785	5.12485
-1.92601	1.11463	5.14817	5.12419
-1.92897	1.11989	5.14719	5.12353
-1.91123	1.13369	5.14456	5.12715
-1.91057	1.15439	5.14292	5.13109
-1.90334	1.17114	5.14259	5.13076
-1.90367	1.18396	5.14522	5.12945
-1.90893	1.18823	5.1462	5.12748
-1.9017	1.19316	5.14456	5.12682
-1.904	1.19414	5.14292	5.12846
-1.89513	1.20334	5.1416	5.12912
-1.89579	1.20005	5.1416	5.12846
-1.88823	1.2017	5.14259	5.12682
-1.88133	1.20695	5.14325	5.12518
-1.87608	1.20038	5.14325	5.12485
-1.87115	1.20991	5.14423	5.12485
-1.87148	1.20104	5.14325	5.12419
-1.86425	1.20564	5.14226	5.12419
-1.86162	1.20761	5.14325	5.12485
-1.85636	1.23127	5.1439	5.1255
-1.85045	1.24309	5.14062	5.1255
-1.84618	1.23915	5.13996	5.1255
-1.84914	1.25262	5.14127	5.12616
-1.85702	1.23619	5.14095	5.12879
-1.83107	1.25492	5.14062	5.12945
-1.82482	1.24375	5.14062	5.12813
-1.82712	1.24507	5.14095	5.12616
-1.84026	1.23258	5.14193	5.1255
-1.83435	1.227	5.14259	5.12518
-1.83862	1.22042	5.1416	5.1255
-1.83271	1.22634	5.13897	5.12649
-1.82778	1.22568	5.13897	5.1255
-1.81727	1.23127	5.14062	5.12485
-1.82121	1.23389	5.14259	5.12616
-1.81267	1.24342	5.14456	5.12583
-1.82942	1.22601	5.14489	5.12386
-1.83271	1.24802	5.14423	5.12518
-1.83698	1.23619	5.14292	5.12419
-1.83238	1.24539	5.14127	5.1255
-1.82679	1.24441	5.14357	5.12748
-1.83895	1.22995	5.14785	5.1278
-1.83402	1.23554	5.15014	5.12813
-1.83698	1.23324	5.14817	5.12813
-1.84618	1.22864	5.14522	5.12649
-1.84388	1.22174	5.14489	5.12485
-1.83961	1.22305	5.1439	5.12485
-1.83928	1.23849	5.1439	5.12518
-1.85012	1.23028	5.14522	5.12518
-1.84979	1.22502	5.14653	5.1255
-1.84881	1.23159	5.14719	5.12485
-1.85669	1.22732	5.1462	5.1255
-1.85242	1.23652	5.14423	5.12616
-1.85176	1.23488	5.14259	5.12715
-1.84848	1.23685	5.14193	5.12813
-1.85406	1.22042	5.14193	5.1255
-1.84815	1.21977	5.14325	5.12353
-1.84815	1.23127	5.14325	5.12222
-1.85111	1.24145	5.14095	5.12452
-1.84092	1.24112	5.13996	5.12748
-1.84454	1.22502	5.13963	5.12748
-1.84125	1.22502	5.14062	5.12452
-1.84519	1.23159	5.14357	5.12353
-1.84914	1.22831	5.14587	5.12452
-1.85998	1.21517	5.14587	5.1255
-1.85571	1.22437	5.14325	5.12419
-1.85472	1.21911	5.14259	5.12419
-1.85636	1.21747	5.14292	5.1255
-1.85209	1.21944	5.14456	5.12616
-1.85308	1.2178	5.14456	5.12616
-1.84914	1.2201	5.14522	5.12583
-1.84684	1.227	5.14522	5.12616
-1.86556	1.21353	5.1439	5.1278
-1.86589	1.19743	5.14095	5.12715
-1.86392	1.20663	5.14062	5.12748
-1.85702	1.20827	5.14226	5.12813
-1.85932	1.20367	5.14259	5.12616
-1.85571	1.20663	5.14325	5.12419
-1.85242	1.20235	5.14423	5.12485
-1.83862	1.22141	5.1439	5.12616
-1.84388	1.21517	5.14193	5.1278
-1.84322	1.22568	5.1416	5.12715
-1.83567	1.24178	5.14127	5.1255
-1.83665	1.23258	5.1416	5.12452
-1.83501	1.21648	5.14226	5.12419
-1.84158	1.20991	5.14292	5.12452
-1.83862	1.21977	5.14127	5.12485
-1.84224	1.22174	5.14127	5.12616
-1.83764	1.21714	5.1416	5.1255
-1.84421	1.21582	5.14226	5.12386
-1.84092	1.21287	5.14127	5.12353
-1.83829	1.21681	5.1416	5.12386
-1.84421	1.22535	5.1416	5.12616
-1.85209	1.20893	5.1416	5.12715
-1.86753	1.18921	5.14095	5.1278
-1.86852	1.19907	5.14226	5.12879
-1.87706	1.19184	5.14325	5.12616
-1.87739	1.18691	5.14587	5.12353
-1.8741	1.18199	5.1462	5.12353
-1.88856	1.16424	5.14292	5.1255
-1.89645	1.15767	5.1416	5.12748
-1.88527	1.18199	5.14325	5.12649
-1.88429	1.17607	5.14423	5.12518
-1.87805	1.17804	5.14456	5.12452
-1.88955	1.16884	5.14423	5.12682
-1.8879	1.1626	5.14226	5.12846
-1.87903	1.1741	5.14325	5.13043
-1.88495	1.17969	5.14325	5.13076
-1.89842	1.1718	5.14325	5.12977
-1.89382	1.1787	5.14259	5.12583
-1.89907	1.18691	5.14292	5.12518
-1.90532	1.18034	5.14456	5.12353
-1.8948	1.19053	5.14555	5.12288
-1.89677	1.18297	5.14555	5.12452
-1.90269	1.17443	5.14423	5.12616
-1.88396	1.19217	5.14259	5.1255
-1.88429	1.19184	5.14292	5.1255
-1.89645	1.17311	5.14555	5.12583
-1.89907	1.17903	5.1462	5.12583
-1.89185	1.19546	5.14423	5.12649
-1.89382	1.19151	5.1416	5.12583
-1.89316	1.19874	5.14095	5.12682
-1.88199	1.20958	5.14259	5.12649
-1.86819	1.22437	5.14193	5.12518
-1.88002	1.2086	5.14193	5.12485
-1.87936	1.20334	5.14259	5.12485
-1.88068	1.20597	5.14292	5.12616
-1.89776	1.18987	5.14325	5.12583
-1.89546	1.19348	5.14423	5.12583
-1.88626	1.20137	5.14587	5.12682
-1.89973	1.18363	5.14489	5.12386
-1.90334	1.18231	5.14292	5.12156
-1.90597	1.17673	5.14292	5.12189
-1.9017	1.17147	5.14357	5.12386
-1.9063	1.15964	5.1439	5.12518
-1.91911	1.14289	5.14325	5.12583
-1.91944	1.14387	5.14423	5.12682
-1.91616	1.1488	5.1439	5.12616
-1.91846	1.15176	5.14325	5.1255
-1.92141	1.1465	5.14357	5.12583
-1.92306	1.14519	5.1439	5.12748
-1.91977	1.14059	5.1439	5.12748
-1.92799	1.13139	5.14325	5.12715
-1.91681	1.14157	5.14226	5.1255
-1.91222	1.13829	5.14062	5.1255
-1.91353	1.13796	5.14226	5.12649
-1.91846	1.13139	5.14325	5.12682
-1.91189	1.13533	5.14292	5.12518
-1.92109	1.1327	5.14259	5.12583
-1.92634	1.11956	5.14292	5.12616
-1.93883	1.10872	5.14325	5.12518
-1.93817	1.10872	5.14325	5.12419
-1.93686	1.09788	5.14226	5.12419
-1.94376	1.09492	5.14259	5.1255
-1.95	1.09755	5.1416	5.1255
-1.94967	1.10511	5.14127	5.12518
-1.94934	1.11069	5.14095	5.12485
-1.9431	1.10478	5.14029	5.12518
-1.94737	1.10609	5.14029	5.12649
-1.94671	1.10346	5.14127	5.12748
-1.94146	1.11726	5.14292	5.12715
-1.9293	1.1258	5.14489	5.12715
-1.92404	1.12745	5.14653	5.12715
-1.91813	1.13763	5.14456	5.12649
-1.91616	1.13172	5.14522	5.12419
-1.92076	1.13238	5.14325	5.12419
-1.92273	1.13172	5.14292	5.12518
-1.91879	1.13632	5.14357	5.12583
-1.91123	1.1534	5.14456	5.12682
-1.90499	1.15307	5.14522	5.1255
-1.89842	1.16622	5.1439	5.12452
-1.88757	1.17739	5.1439	5.12353
-1.88659	1.18428	5.14456	5.12353
-1.88626	1.18363	5.14456	5.1232
-1.88429	1.17936	5.14325	5.12419
-1.88002	1.17476	5.14292	5.12583
-1.87936	1.181	5.14423	5.12748
-1.89152	1.17706	5.14522	5.12945
-1.87312	1.1925	5.14587	5.12715
-1.87279	1.20071	5.14555	5.12419
-1.86556	1.20728	5.14357	5.1232
-1.85078	1.21944	5.1416	5.12288
-1.83928	1.23784	5.14226	5.12222
-1.83468	1.23948	5.14456	5.12419
-1.82942	1.24999	5.14587	5.12583
-1.83304	1.25295	5.14555	5.12715
-1.83271	1.23948	5.1439	5.12846
-1.83008	1.23817	5.14325	5.12945
-1.82482	1.23882	5.14193	5.12813
-1.83468	1.22141	5.14193	5.12452
-1.83632	1.22141	5.1416	5.12123
-1.82154	1.23422	5.14226	5.12156
-1.81201	1.25229	5.1416	5.12518
-1.8061	1.24474	5.14259	5.12518
-1.80215	1.25098	5.14259	5.12583
-1.80445	1.25525	5.14292	5.12616
-1.8061	1.25426	5.1439	5.1255
-1.80084	1.26116	5.14456	5.12485
-1.80051	1.26412	5.14555	5.12583
-1.80117	1.26379	5.14653	5.12715
-1.80807	1.26445	5.14587	5.12649
-1.80577	1.26543	5.14456	5.12879
-1.81398	1.25952	5.14193	5.12616
-1.81201	1.26478	5.14226	5.12616
-1.80117	1.27365	5.14259	5.12715
-1.80018	1.27792	5.14489	5.12616
-1.7969	1.27398	5.14522	5.12452
-1.80478	1.27299	5.14522	5.12353
-1.80544	1.27858	5.14456	5.12353
-1.82187	1.26773	5.14325	5.12452
-1.82449	1.26051	5.14226	5.1255
-1.83534	1.25295	5.14029	5.12583
-1.84158	1.24309	5.14029	5.12518
-1.85045	1.22075	5.14325	5.1255
-1.85209	1.2293	5.14489	5.12485
-1.85242	1.23159	5.14522	5.12715
-1.85603	1.23061	5.14587	5.13043
-1.85998	1.21648	5.14785	5.13109
-1.85209	1.22338	5.14719	5.12945
-1.84782	1.22765	5.14489	5.12813
-1.86491	1.21517	5.14292	5.1278
-1.8764	1.20597	5.14095	5.12715
-1.87049	1.2109	5.14127	5.12616
-1.881	1.19217	5.1416	5.12386
-1.87213	1.19151	5.14259	5.1232
-1.86523	1.19053	5.14325	5.12386
-1.85669	1.19677	5.14489	5.12583
-1.85932	1.19414	5.14456	5.12649
-1.85341	1.20334	5.14259	5.12583
-1.84946	1.21188	5.14095	5.12682
-1.83632	1.20827	5.14029	5.1278
-1.83797	1.21287	5.1416	5.12846
-1.83369	1.22798	5.14423	5.12682
-1.83534	1.23357	5.14653	5.1278
-1.83107	1.24211	5.14686	5.12748
-1.83895	1.24605	5.14489	5.12748
-1.84191	1.24277	5.14325	5.12813
-1.84421	1.24539	5.1416	5.12846
-1.84618	1.23258	5.14357	5.12945
-1.85308	1.22732	5.14423	5.12846
-1.85472	1.23061	5.14522	5.12649
-1.85603	1.22831	5.14489	5.12616
-1.85768	1.21944	5.14423	5.1255
-1.86096	1.21977	5.1439	5.1255
-1.85341	1.23521	5.14226	5.12616
-1.86523	1.22765	5.14357	5.12616
-1.86523	1.23061	5.14423	5.12518
-1.85899	1.23685	5.1439	5.12682
-1.86753	1.22765	5.14193	5.12846
-1.87903	1.2086	5.14095	5.12616
-1.88429	1.20137	5.14325	5.12583
-1.8902	1.18428	5.14587	5.12649
-1.88955	1.19447	5.14555	5.12649
-1.89645	1.17969	5.14522	5.12682
-1.89579	1.18067	5.14423	5.12748
-1.8971	1.18264	5.14357	5.12813
-1.88955	1.18527	5.14259	5.12682
-1.88265	1.1902	5.1416	5.12583
-1.89447	1.18823	5.14193	5.12452
-1.90762	1.18428	5.14423	5.12452
-1.91189	1.17541	5.14653	5.12386
-1.90663	1.18428	5.14817	5.12386
-1.90236	1.1902	5.14653	5.1255
-1.904	1.19184	5.14456	5.12682
-1.91813	1.16983	5.14127	5.1278
-1.9293	1.1649	5.14193	5.12748
-1.93258	1.15077	5.14226	5.1255
-1.9339	1.15012	5.14325	5.12386
-1.93029	1.15209	5.14259	5.1255
-1.94868	1.13172	5.14095	5.12616
-1.94934	1.11759	5.13963	5.12813
-1.9592	1.10708	5.13897	5.1301
-1.96708	1.10511	5.13963	5.1301
-1.96971	1.08999	5.14095	5.12846
-1.96248	1.10182	5.1439	5.1255
-1.96182	1.10248	5.14423	5.12452
-1.96642	1.10116	5.14357	5.12518
-1.95657	1.10905	5.14357	5.12748
-1.9546	1.10281	5.14325	5.12879
-1.96478	1.08342	5.1416	5.1278
-1.96412	1.06831	5.14193	5.12649
-1.96905	1.06207	5.1416	5.12583
-1.96807	1.07389	5.14193	5.1255
-1.97201	1.06864	5.14259	5.12583
-1.97135	1.06042	5.14226	5.12649
-1.97694	1.05583	5.14193	5.1255
-1.97464	1.05287	5.1439	5.1255
-1.97234	1.05024	5.14653	5.1255
-1.96314	1.06404	5.14752	5.1255
-1.94671	1.07357	5.14555	5.1255
-1.94573	1.08802	5.14226	5.12419
-1.93258	1.10018	5.14029	5.12583
-1.92601	1.10938	5.14226	5.12616
-1.91681	1.11628	5.14423	5.12583
-1.91024	1.11693	5.14325	5.12682
-1.90203	1.12219	5.1416	5.12682
-1.8879	1.13205	5.13963	5.1255
-1.89119	1.13763	5.13996	5.1255
-1.88757	1.14387	5.14127	5.12485
-1.89546	1.135	5.14292	5.12353
-1.8971	1.14256	5.1439	5.12419
-1.88265	1.14946	5.14456	5.12452
-1.87673	1.15439	5.14259	5.12386
-1.86688	1.17081	5.14193	5.12419
-1.86819	1.18133	5.14259	5.12813
-1.87476	1.16359	5.14226	5.12912
-1.86392	1.17804	5.14259	5.12715
-1.85373	1.18954	5.14357	5.12452
-1.84191	1.21155	5.14357	5.12419
-1.83172	1.23357	5.14259	5.12616
-1.82482	1.24605	5.14029	5.12583
-1.81858	1.23981	5.13963	5.12813
-1.81267	1.25032	5.14029	5.13109
-1.80084	1.24835	5.14127	5.12912
-1.79394	1.25952	5.14325	5.12649
-1.79558	1.25394	5.14423	5.12419
-1.79821	1.25426	5.14489	5.1232
-1.80051	1.25854	5.14292	5.12255
-1.7946	1.25788	5.14259	5.12485
-1.79394	1.25722	5.14292	5.12518
-1.79328	1.26971	5.14423	5.12616
-1.8015	1.25755	5.14423	5.12715
-1.80248	1.24769	5.14423	5.12682
-1.80708	1.24704	5.1439	5.12616
-1.81332	1.23718	5.14193	5.12616
-1.82844	1.22864	5.14127	5.1255
-1.83041	1.22732	5.14226	5.12452
-1.82384	1.24112	5.14325	5.12452
-1.81431	1.24507	5.14226	5.12452
-1.81957	1.23849	5.14193	5.12485
-1.83008	1.22831	5.14259	5.1255
-1.83304	1.227	5.14226	5.1255
-1.84454	1.2247	5.14226	5.12715
-1.84092	1.22437	5.14325	5.12813
-1.82942	1.22634	5.1439	5.12682
-1.84158	1.21714	5.14259	5.12386
-1.83074	1.2155	5.14259	5.12255
-1.82515	1.227	5.14292	5.1232
-1.82712	1.24079	5.1439	5.1232
-1.81595	1.24769	5.14325	5.12649
-1.81464	1.23652	5.14292	5.12682
-1.8153	1.23127	5.14226	5.12583
-1.81694	1.24112	5.14357	5.12386
-1.8107	1.23357	5.14489	5.12288
-1.80905	1.23422	5.14325	5.12419
-1.80347	1.25131	5.14193	5.12616
-1.80314	1.25591	5.1416	5.1278
-1.80018	1.25131	5.14292	5.12748
-1.80445	1.24342	5.14357	5.12518
-1.81431	1.23225	5.14587	5.12518
-1.80117	1.23882	5.14587	5.12616
-1.81102	1.21977	5.14522	5.1278
-1.82417	1.20695	5.14423	5.12649
-1.81825	1.21254	5.14456	5.12518
-1.81004	1.21747	5.14587	5.12386
-1.80018	1.22897	5.14555	5.12255
-1.80445	1.23422	5.14522	5.12123
-1.80215	1.23718	5.14456	5.1209
-1.7969	1.23587	5.14423	5.12419
-1.7923	1.24868	5.14423	5.12682
-1.79033	1.24342	5.1462	5.12715
-1.79887	1.22732	5.14719	5.12715
-1.80314	1.21287	5.14456	5.12583
-1.81464	1.2109	5.14029	5.1255
-1.79854	1.22272	5.1393	5.12583
-1.8038	1.20991	5.14029	5.12649
-1.8015	1.21747	5.14292	5.12682
-1.8153	1.21747	5.14456	5.12748
-1.80445	1.22404	5.14686	5.1278
-1.80281	1.21517	5.1462	5.12715
-1.8084	1.21845	5.14489	5.12879
-1.82252	1.20137	5.14423	5.1301
-1.83928	1.19283	5.14489	5.13142
-1.84585	1.18921	5.14456	5.1301
-1.84224	1.18396	5.14785	5.12748
-1.85341	1.18034	5.14785	5.12649
-1.85571	1.18264	5.14785	5.1255
-1.85833	1.17804	5.14489	5.12518
-1.87148	1.17147	5.14292	5.12583
-1.87805	1.16786	5.14292	5.12682
-1.88987	1.14322	5.14522	5.12649
-1.89907	1.1327	5.14785	5.1255
-1.89809	1.13763	5.1485	5.12649
-1.89907	1.13172	5.14817	5.12715
-1.90302	1.12219	5.14719	5.1278
-1.90893	1.11135	5.14489	5.12846
-1.91222	1.11431	5.1416	5.12846
-1.90499	1.12975	5.1393	5.12846
-1.9109	1.13073	5.13963	5.12879
-1.90992	1.13566	5.14292	5.12813
-1.9086	1.13336	5.14522	5.12583
-1.9109	1.13073	5.14325	5.12649
-1.9132	1.13205	5.14193	5.12748
-1.91484	1.12712	5.14226	5.12846
-1.92306	1.12285	5.14226	5.12879
-1.91517	1.12383	5.14127	5.12879
-1.91649	1.11923	5.14193	5.1278
-1.927	1.10281	5.14259	5.12616
-1.92897	1.09985	5.14292	5.12715
-1.92733	1.10806	5.14325	5.12879
-1.93127	1.10609	5.14292	5.12879
-1.93751	1.08769	5.14357	5.12583
-1.94047	1.08638	5.14423	5.12583
-1.94047	1.07324	5.14456	5.1255
-1.93653	1.07849	5.14325	5.12518
-1.93423	1.08868	5.14193	5.12649
-1.94638	1.08211	5.14095	5.12813
-1.93948	1.08769	5.14095	5.12813
-1.9385	1.08474	5.14325	5.12682
-1.93521	1.08638	5.14489	5.12452
-1.93061	1.09525	5.14423	5.12288
-1.93127	1.09656	5.14259	5.12419
-1.92667	1.09229	5.1416	5.12682
-1.92536	1.10445	5.14127	5.12715
-1.90992	1.09854	5.14292	5.12682
-1.91616	1.09492	5.14325	5.12649
-1.90893	1.08999	5.14259	5.12583
-1.91222	1.08704	5.14259	5.12452
-1.92634	1.08244	5.1416	5.12518
-1.93029	1.08868	5.1416	5.12616
-1.91879	1.10741	5.14259	5.12813
-1.92634	1.10872	5.14489	5.12649
-1.9224	1.11726	5.14587	5.12452
-1.91714	1.12186	5.1439	5.12616
-1.9224	1.11956	5.14193	5.12879
-1.927	1.12679	5.14259	5.12879
-1.91616	1.12679	5.14357	5.12977
-1.90893	1.1304	5.14127	5.1301
-1.91616	1.11299	5.13996	5.12846
-1.90762	1.11036	5.13963	5.12715
-1.90696	1.11562	5.1393	5.12682
-1.89907	1.13336	5.13996	5.12715
-1.91287	1.10708	5.14226	5.12846
-1.89382	1.12778	5.14292	5.12846
-1.89316	1.13369	5.14259	5.12715
-1.89677	1.13435	5.14226	5.1255
-1.89382	1.14092	5.14292	5.12386
-1.90072	1.13829	5.14423	5.12419
-1.9086	1.13665	5.14555	5.12386
-1.90072	1.1465	5.14719	5.12452
-1.90104	1.15274	5.14785	5.12649
-1.89645	1.15669	5.14686	5.12977
-1.88626	1.15964	5.14489	5.12977
-1.88199	1.16326	5.14522	5.12945
-1.89217	1.158	5.14357	5.12649
-1.88298	1.16983	5.14226	5.12419
-1.87936	1.16227	5.14029	5.12485
-1.86655	1.17476	5.14062	5.12649
-1.86885	1.17673	5.1416	5.12649
-1.88068	1.15833	5.1416	5.12583
-1.8718	1.17509	5.14325	5.12518
-1.85012	1.19151	5.14555	5.12649
-1.84289	1.19776	5.14555	5.12813
-1.83402	1.2178	5.14456	5.12682
-1.83534	1.20893	5.1439	5.12485
-1.83534	1.20728	5.14259	5.12353
-1.83435	1.2201	5.14292	5.12222
-1.83534	1.23455	5.1439	5.12222
-1.83304	1.24638	5.14423	5.12386
-1.82909	1.23718	5.14325	5.1255
-1.82942	1.22765	5.14259	5.12583
-1.82121	1.23225	5.1416	5.12945
-1.82187	1.22897	5.14062	5.1301
-1.81201	1.24408	5.13996	5.12813
-1.80314	1.25098	5.14127	5.1255
-1.79098	1.26412	5.14193	5.1232
-1.78277	1.25788	5.14127	5.12288
-1.78277	1.25426	5.13996	5.12353
-1.78868	1.25131	5.14127	5.12419
-1.80117	1.24474	5.14357	5.12583
-1.80708	1.22667	5.14489	5.12649
-1.8061	1.23192	5.14292	5.12583
-1.79033	1.23948	5.1416	5.1255
-1.78737	1.24441	5.14062	5.12616
-1.77554	1.26313	5.14062	5.12649
-1.78507	1.25985	5.1416	5.12748
-1.78704	1.26281	5.14292	5.12715
-1.80577	1.23849	5.14423	5.12583
-1.81464	1.23422	5.14423	5.12386
-1.82384	1.22141	5.1439	5.12518
-1.83074	1.22535	5.14423	5.12748
-1.82384	1.23192	5.14292	5.12813
-1.83862	1.21648	5.14193	5.12715
-1.83369	1.22141	5.14259	5.12682
-1.83238	1.22995	5.14259	5.12682
-1.83665	1.2247	5.14357	5.12682
-1.84388	1.22075	5.14423	5.12616
-1.84486	1.21484	5.14489	5.1255
-1.84946	1.20794	5.14489	5.12485
-1.85472	1.19973	5.1439	5.12485
-1.85899	1.19086	5.14095	5.12485
-1.84716	1.20301	5.14029	5.1255
-1.83731	1.2109	5.14095	5.12452
-1.83008	1.22042	5.14127	5.12485
-1.81727	1.23127	5.1416	5.12518
-1.82614	1.21747	5.14193	5.12518
-1.81727	1.22568	5.14357	5.12485
-1.81825	1.22338	5.14653	5.12419
-1.81694	1.22601	5.14785	5.12386
-1.82548	1.21681	5.14719	5.1232
-1.82187	1.21911	5.1439	5.12419
-1.82548	1.2086	5.1439	5.12353
-1.82811	1.20925	5.14456	5.12485
-1.83534	1.19743	5.14522	5.12583
-1.84125	1.17936	5.14522	5.1255
-1.83205	1.18363	5.14587	5.12485
-1.80872	1.19776	5.14686	5.12288
-1.80347	1.20071	5.14555	5.12156
-1.80971	1.19513	5.14325	5.12386
-1.80971	1.19086	5.14259	5.12485
-1.81365	1.18823	5.14522	5.12518
-1.81957	1.18199	5.14785	5.12419
-1.83665	1.16786	5.14817	5.12485
-1.84191	1.15307	5.14719	5.12616
-1.83698	1.14157	5.1416	5.12682
-1.85439	1.13533	5.13963	5.12583
-1.85768	1.14059	5.14193	5.12452
-1.86228	1.13073	5.14653	5.12518
-1.86983	1.11923	5.14752	5.1255
-1.87246	1.11069	5.14653	5.12485
-1.88035	1.11792	5.14522	5.12616
-1.87969	1.12055	5.14325	5.12649
-1.88298	1.12778	5.14259	5.12682
-1.88659	1.1235	5.14325	5.12715
-1.89349	1.12646	5.14555	5.12616
-1.89316	1.1235	5.14752	5.12518
-1.90104	1.11759	5.14653	5.12583
-1.91419	1.11496	5.14456	5.12682
-1.91944	1.10478	5.14259	5.12813
-1.92569	1.09919	5.14193	5.12912
-1.92306	1.09196	5.14292	5.12748
-1.92371	1.09624	5.14325	5.12485
-1.94211	1.09032	5.14325	5.12485
-1.94474	1.09196	5.14226	5.12518
-1.93784	1.09985	5.14259	5.12616
-1.94376	1.08671	5.14325	5.12616
-1.94934	1.07915	5.14357	5.12715
-1.94277	1.08474	5.14259	5.12682
-1.94178	1.09459	5.14226	5.12616
-1.94507	1.10182	5.1416	5.12452
-1.95427	1.09558	5.13996	5.12353
-1.9569	1.09131	5.13832	5.12419
-1.9638	1.09886	5.13865	5.12649
-1.96478	1.09722	5.14095	5.12846
-1.95624	1.09229	5.1439	5.12813
-1.95657	1.09262	5.14587	5.12583
-1.95854	1.07784	5.14686	5.12485
-1.96248	1.07094	5.14719	5.12616
-1.9569	1.067	5.14686	5.12649
-1.95953	1.07028	5.14456	5.12649
-1.94474	1.08178	5.14357	5.12715
-1.94507	1.08802	5.14357	5.12748
-1.94178	1.08539	5.14259	5.12616
-1.93948	1.09788	5.1416	5.12452
-1.91846	1.11168	5.14193	5.1232
-1.90794	1.10708	5.14292	5.12419
-1.90992	1.11496	5.14292	5.12485
-1.91386	1.11628	5.1416	5.12649
-1.9086	1.11989	5.1416	5.12748
-1.8948	1.12515	5.14259	5.12715
-1.89349	1.12285	5.14522	5.12715
-1.90433	1.11135	5.14653	5.12616
-1.88757	1.13665	5.14423	5.12353
-1.88363	1.13336	5.14193	5.12255
-1.87082	1.13665	5.14062	5.12353
-1.86688	1.15373	5.14226	5.12419
-1.87345	1.14125	5.14423	5.12353
-1.88199	1.13533	5.14456	5.12419
-1.88692	1.12745	5.14423	5.1255
-1.89152	1.12186	5.14522	5.12649
-1.8994	1.11759	5.14423	5.12715
-1.89907	1.10708	5.14555	5.12748
-1.9017	1.11726	5.14522	5.12616
-1.8994	1.11956	5.14456	5.12583
-1.91517	1.10445	5.14325	5.12583
-1.92667	1.10478	5.14325	5.12715
-1.92536	1.11266	5.14226	5.12616
-1.9293	1.10806	5.1416	5.12616
-1.93258	1.11956	5.14259	5.12419
-1.92207	1.11858	5.14357	5.12288
-1.91189	1.13073	5.1439	5.12255
-1.92371	1.1281	5.14357	5.12419
-1.91517	1.14716	5.14259	5.12583
-1.91681	1.14453	5.14193	5.12649
-1.91156	1.15373	5.14127	5.12583
-1.90532	1.16457	5.14259	5.12583
-1.90926	1.17049	5.14522	5.12649
-1.90729	1.17541	5.14587	5.12748
-1.89907	1.18987	5.14555	5.12748
-1.9063	1.17804	5.14325	5.12616
-1.89513	1.18626	5.14062	5.1255
-1.90367	1.18494	5.13996	5.1255
-1.90827	1.18363	5.14259	5.12485
-1.91024	1.17344	5.14357	5.12452
-1.90992	1.18297	5.14226	5.12649
-1.90334	1.18001	5.13963	5.1278
-1.89382	1.19414	5.14029	5.12813
-1.88922	1.19973	5.14193	5.12813
-1.87903	1.20268	5.14423	5.12682
-1.87279	1.20597	5.1462	5.12649
-1.87148	1.21155	5.14719	5.12583
-1.86885	1.21353	5.14587	5.12518
-1.86261	1.21681	5.14357	5.12682
-1.86556	1.22174	5.14259	5.1278
-1.86589	1.2247	5.14193	5.12912
-1.87443	1.22141	5.14127	5.12945
-1.86983	1.21681	5.14062	5.12748
-1.86162	1.21911	5.1416	5.1255
-1.85308	1.21747	5.14325	5.12682
-1.84618	1.22765	5.14456	5.12912
-1.83862	1.21878	5.14489	5.13076
-1.82581	1.23291	5.14555	5.12945
-1.8199	1.2293	5.14489	5.12977
-1.81102	1.21714	5.14522	5.12945
-1.80248	1.22634	5.14489	5.12715
-1.79033	1.21747	5.14292	5.12583
-1.78047	1.23357	5.1416	5.12583
-1.78441	1.23817	5.14193	5.12518
-1.79033	1.23061	5.14292	5.12485
-1.80117	1.22502	5.14292	5.12583
-1.79493	1.23882	5.14226	5.12583
-1.79854	1.23948	5.14259	5.12419
-1.81102	1.22732	5.14423	5.12485
-1.81628	1.22502	5.14423	5.1255
-1.81595	1.23061	5.1416	5.12518
-1.81727	1.21977	5.14029	5.12616
-1.81891	1.21681	5.14062	5.12682
-1.82942	1.22174	5.14292	5.12518
-1.83402	1.22042	5.14456	5.12419
-1.82811	1.23028	5.14423	5.1232
-1.83534	1.21615	5.14259	5.12485
-1.83205	1.21353	5.14259	5.12649
-1.84125	1.20498	5.14259	5.12616
-1.85406	1.19513	5.14259	5.1255
-1.85603	1.20301	5.14193	5.12616
-1.86983	1.19841	5.14193	5.1255
-1.86983	1.19907	5.14259	5.12485
-1.88363	1.19348	5.14193	5.12682
-1.8902	1.18823	5.14029	5.12945
-1.89447	1.18757	5.13963	5.12912
-1.90269	1.17114	5.14259	5.12583
-1.91189	1.15964	5.14456	5.12353
-1.92371	1.14782	5.14423	5.12353
-1.91747	1.14289	5.14259	5.12386
-1.91386	1.1304	5.14325	5.12353
-1.9247	1.11496	5.14522	5.12485
-1.93291	1.10708	5.14719	5.12485
-1.93686	1.10379	5.14752	5.12353
-1.95164	1.09032	5.14555	5.12353
-1.95558	1.09164	5.14259	5.1255
-1.95493	1.09131	5.13996	5.12682
-1.96577	1.08802	5.13963	5.12748
-1.97398	1.08441	5.14062	5.1278
-1.98121	1.07127	5.14193	5.12748
-1.98679	1.05254	5.14357	5.12616
-1.98679	1.0509	5.14423	5.12649
-1.98285	1.05484	5.14456	5.12682
-1.98088	1.05287	5.14489	5.12846
-1.98515	1.04695	5.1439	5.1278
-1.99468	1.03316	5.14292	5.12715
-1.99402	1.03743	5.1439	5.1278
-1.98614	1.0463	5.14719	5.12715
-1.98219	1.04695	5.14752	5.12583
-1.98975	1.03414	5.14522	5.1255
-1.97497	1.04104	5.14259	5.12649
-1.973	1.04104	5.14259	5.1278
-1.96347	1.04433	5.14325	5.12682
-1.9592	1.05648	5.14292	5.12616
-1.9684	1.05484	5.14226	5.1255
-1.96708	1.05648	5.14193	5.1255
-1.96117	1.06272	5.1416	5.12583
-1.9592	1.06634	5.14226	5.12748
-1.9408	1.08178	5.14226	5.12912
-1.94343	1.06962	5.14193	5.12748
-1.94277	1.05155	5.14357	5.1255
-1.9454	1.05024	5.14555	5.12452
-1.94835	1.03973	5.14522	5.12419
-1.94704	1.05418	5.14325	5.12419
-1.94606	1.05845	5.14193	5.12419
-1.94737	1.05845	5.14456	5.12715
-1.95164	1.07028	5.14719	5.1278
-1.9431	1.07422	5.14785	5.1255
-1.94408	1.08309	5.14653	5.12485
-1.92864	1.09164	5.14423	5.12518
-1.94408	1.06568	5.14226	5.12682
-1.9477	1.06601	5.14226	5.12682
-1.94441	1.07258	5.14357	5.12682
-1.95887	1.05221	5.14522	5.1255
-1.96938	1.05517	5.14587	5.12255
-1.97365	1.0486	5.14489	5.12386
-1.97332	1.05681	5.14325	5.12583
-1.97727	1.04925	5.1439	5.12748
-1.9753	1.04827	5.14555	5.12879
-1.97464	1.05681	5.14587	5.1278
-1.97891	1.04465	5.14555	5.12518
-1.97792	1.04794	5.1462	5.12353
-1.98252	1.0417	5.14587	5.12288
-1.98022	1.04794	5.14357	5.12255
-1.98252	1.03151	5.1416	5.12419
-1.98647	1.03184	5.14062	5.12583
-1.98055	1.04991	5.14062	5.12682
-1.97858	1.044	5.14226	5.12583
-1.98055	1.05254	5.14456	5.12518
-1.98548	1.04958	5.14587	5.12616
-1.97727	1.06732	5.14423	5.1278
-1.97201	1.07357	5.14292	5.12846
-1.97431	1.05944	5.14259	5.12682
-1.96642	1.05451	5.14325	5.12682
-1.97398	1.05385	5.1439	5.12748
-1.96938	1.05911	5.14325	5.1255
-1.97004	1.06371	5.1416	5.1255
-1.95887	1.06831	5.13963	5.12616
-1.95263	1.08375	5.13996	5.1255
-1.94277	1.09328	5.1416	5.12518
-1.94934	1.09952	5.1416	5.12452
-1.94047	1.11299	5.14292	5.12386
-1.92207	1.13435	5.1439	5.12419
-1.91649	1.13435	5.14259	5.12518
-1.90466	1.14519	5.14095	5.12616
-1.90762	1.1373	5.14095	5.1278
-1.90729	1.13073	5.14095	5.12846
-1.89152	1.14486	5.1416	5.1278
-1.86983	1.17739	5.14357	5.12649
-1.86425	1.18626	5.14489	5.1255
-1.85768	1.19644	5.14456	5.12485
-1.84749	1.20005	5.1439	5.1255
-1.84749	1.20268	5.14357	5.12682
-1.83468	1.20663	5.14456	5.12715
-1.82417	1.2247	5.14423	5.12682
-1.82712	1.22601	5.14489	5.1255
-1.81267	1.23554	5.1439	5.12616
-1.80708	1.23784	5.14357	5.12485
-1.79788	1.24605	5.14127	5.12288
-1.77357	1.25788	5.14259	5.1232
-1.7739	1.24901	5.1439	5.12452
-1.78113	1.25032	5.14489	5.12485
-1.77291	1.26938	5.14587	5.12583
-1.7647	1.27661	5.14686	5.12748
-1.76569	1.27628	5.14587	5.12583
-1.76536	1.27562	5.1439	5.12649
-1.75222	1.30092	5.14357	5.12715
-1.75123	1.3065	5.14325	5.12682
-1.76306	1.2973	5.14193	5.12616
-1.7693	1.29533	5.14127	5.12485
-1.77193	1.30486	5.14029	5.12452
-1.78376	1.30157	5.14062	5.12616
-1.7946	1.29435	5.14127	5.12715
-1.78803	1.29993	5.14226	5.12846
-1.80314	1.30092	5.14325	5.12846
-1.79328	1.30617	5.14226	5.12616
-1.80084	1.29336	5.14292	5.12419
-1.80938	1.28482	5.14357	5.12353
-1.80281	1.29172	5.14292	5.12386
-1.80478	1.30157	5.1416	5.1255
-1.8061	1.3065	5.14062	5.12616
-1.80084	1.30782	5.14259	5.12583
-1.82252	1.29402	5.14489	5.12353
-1.83567	1.28186	5.14423	5.12255
-1.84716	1.27726	5.14325	5.1232
-1.84585	1.28153	5.14325	5.12419
-1.85308	1.28252	5.1439	5.1255
-1.83797	1.29829	5.14292	5.12682
-1.84092	1.29467	5.1439	5.12813
-1.83501	1.30026	5.14423	5.1278
-1.83698	1.28613	5.14456	5.12518
-1.84059	1.27595	5.14555	5.12353
-1.83632	1.2858	5.14555	5.12255
-1.84519	1.28383	5.14587	5.12386
-1.84848	1.26905	5.14587	5.12485
-1.85111	1.27233	5.14555	5.12518
-1.85373	1.27529	5.14587	5.12518
-1.85078	1.27201	5.14587	5.12682
-1.84946	1.28416	5.1439	5.12813
-1.84782	1.2881	5.14325	5.12846
-1.83665	1.30453	5.14292	5.12813
-1.82811	1.30387	5.14423	5.12748
-1.82778	1.30683	5.14522	5.1255
-1.81957	1.31242	5.14587	5.12419
-1.81727	1.30289	5.14357	5.12288
-1.80117	1.32063	5.14127	5.12288
-1.79854	1.32326	5.14029	5.12419
-1.80051	1.32227	5.14062	5.12518
-1.79953	1.31899	5.1416	5.12682
-1.80117	1.31636	5.14357	5.12813
-1.79427	1.32884	5.14522	5.12682
-1.79755	1.31537	5.14456	5.12419
-1.80807	1.30683	5.14325	5.12452
-1.81464	1.28613	5.1416	5.12616
-1.80872	1.3042	5.14029	5.12353
-1.80445	1.2927	5.14062	5.1232
-1.80051	1.30157	5.14127	5.12288
-1.80018	1.29829	5.14423	5.12255
-1.79493	1.29697	5.14522	5.12222
-1.80248	1.28646	5.1439	5.12353
-1.80544	1.28153	5.14259	5.1255
-1.82252	1.27923	5.14193	5.12879
-1.82515	1.27792	5.1439	5.12846
-1.84191	1.25755	5.14555	5.12682
-1.85669	1.24441	5.1462	5.12518
-1.86195	1.24901	5.14489	5.12452
-1.86655	1.24901	5.1439	5.12485
-1.87279	1.24211	5.14423	5.12649
-1.87542	1.23882	5.14456	5.12616
-1.88527	1.23094	5.14357	5.12583
-1.89119	1.23324	5.14292	5.12485
-1.8994	1.23094	5.14325	5.12353
-1.90992	1.21615	5.14193	5.1232
-1.92437	1.20564	5.14062	5.12583
-1.9316	1.19907	5.14062	5.1278
-1.93456	1.18888	5.14259	5.12748
-1.92766	1.18954	5.1439	5.12715
-1.92831	1.18757	5.14489	5.1255
-1.93357	1.16851	5.14489	5.12583
-1.94277	1.1557	5.14292	5.12682
-1.95065	1.15045	5.14259	5.12649
-1.9592	1.14092	5.14456	5.12682
-1.95755	1.14256	5.14522	5.12616
-1.96018	1.14125	5.14456	5.12485
-1.96182	1.12975	5.14522	5.12452
-1.9707	1.11661	5.14587	5.12583
-1.9684	1.11463	5.14587	5.12682
-1.9753	1.11135	5.1439	5.12846
-1.97891	1.10938	5.14226	5.12945
-1.98909	1.11135	5.14193	5.12945
-1.98614	1.11496	5.1439	5.12879
-1.98417	1.11069	5.14489	5.12649
-1.98088	1.10478	5.14555	5.12288
-1.97037	1.11233	5.14456	5.12419
-1.96281	1.12318	5.14325	5.12616
-1.95887	1.12515	5.14259	5.12813
-1.94967	1.13632	5.14226	5.1278
-1.94408	1.13993	5.14292	5.12682
-1.93751	1.1442	5.14357	5.12485
-1.93456	1.1557	5.14259	5.12583
-1.93817	1.1488	5.14127	5.12649
-1.93423	1.15997	5.13996	5.12682
-1.93423	1.15373	5.14095	5.1255
-1.93127	1.16293	5.1439	5.12419
-1.92339	1.1626	5.14456	5.12386
-1.9178	1.1695	5.14423	5.12353
-1.90959	1.17936	5.14292	5.12419
-1.88987	1.19283	5.14062	5.12518
-1.88068	1.19316	5.13963	5.12715
-1.87049	1.19611	5.14193	5.12583
-1.86655	1.19776	5.14423	5.12419
-1.85998	1.20334	5.14456	5.12353
-1.86096	1.19513	5.14357	5.12386
-1.85209	1.20925	5.14259	5.12518
-1.84125	1.22108	5.14292	5.12748
-1.83435	1.22634	5.14423	5.12748
-1.83337	1.22338	5.14423	5.12485
-1.83599	1.2247	5.14423	5.12419
-1.84848	1.2132	5.14193	5.1255
-1.85144	1.20893	5.14127	5.12682
-1.85111	1.20005	5.14292	5.1278
-1.86293	1.20465	5.14357	5.1278
-1.86063	1.20203	5.14127	5.12583
-1.8695	1.1925	5.14095	5.12353
-1.86425	1.19348	5.14193	5.1232
-1.86819	1.1856	5.14292	5.1255
-1.87115	1.18494	5.14325	5.12682
-1.86195	1.19776	5.14226	5.12616
-1.88035	1.19053	5.14259	5.12518
-1.89217	1.18527	5.14292	5.12485
-1.89842	1.18428	5.14325	5.12616
-1.89316	1.17903	5.14325	5.12682
-1.90893	1.15472	5.1439	5.12485
-1.92109	1.14946	5.14259	5.12353
-1.9155	1.16129	5.14226	5.12386
-1.92306	1.1557	5.1439	5.12353
-1.92109	1.1557	5.14292	5.12222
-1.91189	1.15932	5.14292	5.12288
-1.91616	1.1511	5.14423	5.12353
-1.92766	1.13665	5.14522	5.12386
-1.93324	1.13139	5.14456	5.12419
-1.93981	1.12153	5.14292	5.12485
-1.93291	1.12515	5.1416	5.12583
-1.93226	1.14552	5.14325	5.12616
-1.92339	1.1626	5.14686	5.12583
-1.92733	1.16424	5.14817	5.12485
-1.92831	1.1511	5.14752	5.12518
-1.9224	1.15242	5.1439	5.12583
-1.90794	1.1672	5.14193	5.12616
-1.91123	1.16293	5.14193	5.12879
-1.90926	1.1695	5.14357	5.1301
-1.90137	1.18034	5.14456	5.1278
-1.88725	1.19118	5.14357	5.12616
-1.88199	1.19348	5.14325	5.12583
-1.87049	1.21221	5.1416	5.12715
-1.86458	1.22108	5.1416	5.12879
-1.84716	1.2293	5.1416	5.12912
-1.83829	1.22437	5.14423	5.12846
-1.82679	1.23981	5.14456	5.12846
-1.82647	1.24507	5.1439	5.12616
-1.8199	1.24408	5.1439	5.12353
-1.82581	1.23554	5.14357	5.12419
-1.83041	1.23094	5.14423	5.12649
-1.82745	1.22732	5.14423	5.12912
-1.8176	1.24112	5.14423	5.1301
-1.81957	1.24014	5.14325	5.12879
-1.81431	1.23981	5.14456	5.12748
-1.81858	1.25065	5.14555	5.12616
-1.81497	1.24375	5.14325	5.12518
-1.81891	1.22765	5.14029	5.12419
-1.80938	1.22831	5.1393	5.12452
-1.813	1.22338	5.14127	5.12452
-1.81792	1.22502	5.14489	5.1255
-1.81727	1.23521	5.14522	5.1278
-1.80675	1.24736	5.14423	5.12583
-1.80872	1.23915	5.14193	5.12419
-1.80708	1.23817	5.13996	5.12616
-1.80018	1.23652	5.13996	5.1278
-1.79427	1.25755	5.1416	5.12846
-1.79657	1.25952	5.14292	5.1278
-1.80511	1.25394	5.14325	5.12485
-1.8084	1.25131	5.14325	5.1255
-1.813	1.25262	5.14456	5.12682
-1.81398	1.26609	5.1439	5.12682
-1.81497	1.27759	5.1416	5.12715
-1.81332	1.27562	5.14095	5.12715
-1.8084	1.2789	5.14193	5.12583
-1.81267	1.28416	5.14127	5.1255
-1.81102	1.28186	5.14095	5.12616
-1.8107	1.28383	5.14226	5.12649
-1.81891	1.27398	5.1439	5.12748
-1.8199	1.26675	5.14456	5.12715
-1.81957	1.25492	5.14587	5.12485
-1.82975	1.25262	5.14817	5.12255
-1.82975	1.25164	5.14916	5.12288
-1.83961	1.24507	5.14785	5.12386
-1.84552	1.24309	5.14719	5.12419
-1.84519	1.24474	5.14653	5.12452
-1.84651	1.24408	5.14752	5.12485
-1.85505	1.23554	5.14719	5.12353
-1.85373	1.23554	5.14423	5.12288
-1.85341	1.23751	5.14226	5.12353
-1.85965	1.23521	5.14292	5.12419
-1.86031	1.23915	5.14423	5.12518
-1.86063	1.24474	5.14423	5.12616
-1.86655	1.23981	5.1439	5.12583
-1.86261	1.24178	5.14292	5.12649
-1.85078	1.24474	5.14292	5.12616
-1.85735	1.23192	5.14226	5.12518
-1.86359	1.22108	5.14193	5.12485
-1.86688	1.2247	5.1416	5.12518
-1.85998	1.22535	5.14226	5.12715
-1.85636	1.23127	5.14456	5.12682
-1.85603	1.22108	5.14686	5.1255
-1.85932	1.21977	5.14423	5.12353
-1.85439	1.21747	5.14127	5.12189
-1.85833	1.2132	5.14029	5.12288
-1.85801	1.2155	5.14127	5.12419
-1.84946	1.21845	5.14029	5.1255
-1.82844	1.23455	5.14193	5.12485
-1.82778	1.23127	5.14292	5.12386
-1.83205	1.23225	5.14292	5.12452
-1.82449	1.23619	5.14259	5.12715
-1.81497	1.23455	5.14259	5.12748
-1.82581	1.23192	5.14325	5.12518
-1.82515	1.23192	5.14292	5.12353
-1.82022	1.2293	5.14325	5.12386
-1.83369	1.21911	5.14423	5.12649
-1.83797	1.20531	5.14423	5.12715
-1.84355	1.1948	5.14522	5.12583
-1.84684	1.18691	5.1439	5.12485
-1.85735	1.18888	5.14325	5.12419
-1.85801	1.20334	5.14456	5.12386
-1.87312	1.19513	5.14719	5.12386
-1.8695	1.19151	5.14817	5.12353
-1.88002	1.19611	5.14522	5.12452
-1.88396	1.19447	5.14259	5.12518
-1.881	1.18658	5.14127	5.12682
-1.87148	1.19644	5.14193	5.1278
-1.8741	1.18363	5.14325	5.12715
-1.86523	1.18199	5.14456	5.12616
-1.86228	1.18823	5.14522	5.12419
-1.86556	1.17541	5.1439	5.12386
-1.86063	1.18658	5.14226	5.12485
-1.85932	1.18264	5.1416	5.12518
-1.87148	1.18034	5.14193	5.12649
-1.87772	1.16654	5.14325	5.12682
-1.8833	1.17016	5.14587	5.12583
-1.88265	1.17771	5.14522	5.12616
-1.90039	1.15504	5.14423	5.12748
-1.90137	1.14585	5.14325	5.12748
-1.91386	1.13796	5.14357	5.12912
-1.9155	1.13238	5.14423	5.12846
-1.9201	1.1258	5.14489	5.12616
-1.9109	1.13697	5.14423	5.12583
-1.91156	1.1396	5.14357	5.1255
-1.91419	1.13665	5.14193	5.12485
-1.91024	1.13796	5.13996	5.1278
-1.9132	1.13927	5.14062	5.12977
-1.90302	1.14946	5.1439	5.12846
-1.90039	1.16129	5.14587	5.12649
-1.8948	1.16523	5.14555	5.1255
-1.87608	1.17607	5.14456	5.12616
-1.88035	1.16556	5.14555	5.12715
-1.87509	1.1741	5.14456	5.12715
-1.88133	1.16917	5.1416	5.12616
-1.87213	1.17213	5.14029	5.12616
-1.85866	1.17936	5.14127	5.1255
-1.84355	1.19447	5.14193	5.12452
-1.84454	1.19348	5.14292	5.1255
-1.82975	1.20301	5.14193	5.12715
-1.80084	1.22371	5.14193	5.12682
-1.79755	1.21188	5.14423	5.1255
-1.79197	1.23127	5.14522	5.12419
-1.77948	1.22864	5.14752	5.1232
-1.75419	1.23028	5.1462	5.12386
-1.7601	1.23915	5.1439	5.1255
-1.73546	1.23915	5.14292	5.12649
-1.73053	1.25032	5.14292	5.12715
-1.72659	1.25985	5.14357	5.12583
-1.71476	1.26281	5.14292	5.12518
-1.71213	1.27693	5.14292	5.12485
-1.71378	1.27201	5.14226	5.12583
-1.70523	1.27201	5.14127	5.12748
-1.69998	1.28975	5.14029	5.12813
-1.70096	1.28548	5.14127	5.12813
-1.69932	1.28679	5.14226	5.12682
-1.68946	1.29008	5.14357	5.12616
-1.68486	1.2927	5.14555	5.12583
-1.68519	1.29303	5.14456	5.1255
-1.69406	1.28186	5.14456	5.12583
-1.71049	1.27529	5.14423	5.12715
-1.72659	1.25229	5.14357	5.1278
-1.73382	1.24769	5.1439	5.12616
-1.72955	1.26281	5.14357	5.12419
-1.72659	1.28022	5.14325	5.12353
-1.73546	1.28252	5.14292	5.12419
-1.73973	1.28055	5.14062	5.12452
-1.74039	1.29238	5.14062	5.12452
-1.75583	1.28909	5.14259	5.12485
-1.75517	1.30092	5.14489	5.12649
-1.76634	1.29665	5.14686	5.1278
-1.78606	1.27858	5.14555	5.12682
-1.79098	1.26281	5.14325	5.12616
-1.79953	1.25886	5.14127	5.12649
-1.81858	1.24244	5.14029	5.1278
-1.83567	1.22108	5.13897	5.12715
-1.82942	1.23619	5.13897	5.12583
-1.82975	1.23587	5.14226	5.12386
-1.84191	1.2155	5.14456	5.12386
-1.85045	1.21024	5.14489	5.12485
-1.85341	1.20728	5.14357	5.12583
-1.86129	1.19513	5.14259	5.12452
-1.86293	1.18954	5.14226	5.12518
-1.87345	1.17541	5.14193	5.12518
-1.87049	1.17476	5.14357	5.12518
-1.87443	1.17771	5.14226	5.12682
-1.87673	1.16227	5.14095	5.12649
-1.88725	1.15242	5.14029	5.12682
-1.88462	1.15274	5.1416	5.12682
-1.88922	1.15439	5.14193	5.12518
-1.8994	1.15504	5.1439	5.12255
-1.9017	1.16096	5.14522	5.12419
-1.90072	1.14749	5.14587	5.12452
-1.9063	1.13599	5.14587	5.12485
-1.91747	1.12055	5.14259	5.12583
-1.9178	1.11431	5.14095	5.12682
-1.91254	1.10511	5.14095	5.12616
-1.90794	1.09952	5.14292	5.12583
-1.91254	1.08605	5.14456	5.12518
-1.92109	1.07882	5.14489	5.12583
-1.92601	1.0716	5.14456	5.12649
-1.9201	1.07587	5.14423	5.12682
-1.92207	1.07882	5.14653	5.12715
-1.92109	1.06732	5.14719	5.12518
-1.92766	1.05845	5.14653	5.12288
-1.9201	1.06108	5.14489	5.12255
-1.92043	1.06667	5.14357	5.12419
-1.92536	1.05353	5.14193	5.12616
-1.9132	1.06765	5.14193	5.12649
-1.90663	1.08441	5.14193	5.12715
-1.90137	1.07784	5.14357	5.12616
-1.89086	1.07849	5.14456	5.12518
-1.8948	1.07751	5.14522	5.12518
-1.89152	1.09689	5.14489	5.12452
-1.8856	1.10116	5.14489	5.12485
-1.89645	1.10379	5.14423	5.12452
-1.8971	1.10149	5.14456	5.1255
-1.90926	1.10478	5.1439	5.12386
-1.91714	1.09361	5.14292	5.12255
-1.91977	1.09098	5.14193	5.12288
-1.92963	1.08901	5.14259	5.12583
-1.93127	1.08934	5.14357	5.12813
-1.93948	1.07455	5.14489	5.12977
-1.9385	1.08277	5.14456	5.1278
-1.94178	1.08309	5.14325	5.12518
-1.94474	1.07619	5.14259	5.12386
-1.94244	1.08079	5.14226	5.1255
-1.94606	1.09098	5.14193	5.12649
-1.93817	1.09525	5.14029	5.12715
-1.93488	1.10215	5.14095	5.12682
-1.94507	1.09262	5.1439	5.12748
-1.94211	1.10412	5.14686	5.12912
-1.93916	1.10543	5.14817	5.12945
-1.94408	1.10675	5.14555	5.12912
-1.94146	1.11102	5.14193	5.12846
-1.93554	1.11693	5.14193	5.12649
-1.93258	1.11759	5.14456	5.1255
-1.93883	1.10872	5.14587	5.12583
-1.9454	1.09525	5.14423	5.12518
-1.94113	1.09952	5.14127	5.12419
-1.9339	1.11595	5.13996	5.12353
-1.93226	1.10938	5.14095	5.1255
-1.9293	1.10445	5.1416	5.12583
-1.9339	1.09624	5.14292	5.12616
-1.94343	1.08408	5.14489	5.12649
-1.9362	1.07948	5.14522	5.12616
-1.93587	1.06732	5.14292	5.12649
-1.93094	1.07817	5.14029	5.12616
-1.91747	1.08868	5.14062	5.12452
-1.91156	1.10314	5.1416	5.12583
-1.89809	1.12712	5.14226	5.12748
-1.89743	1.14552	5.14325	5.12748
-1.89645	1.15077	5.14489	5.12682
-1.8994	1.14486	5.14587	5.12616
-1.89677	1.1465	5.14587	5.1255
-1.90006	1.14617	5.14259	5.12452
-1.90532	1.15143	5.14127	5.12518
-1.90072	1.14716	5.1416	5.12386
-1.90236	1.14486	5.1439	5.12255
-1.89907	1.14716	5.14456	5.1232
-1.89546	1.14749	5.14325	5.12419
-1.89776	1.14585	5.14193	5.12485
-1.90006	1.1488	5.14127	5.12353
-1.89217	1.14979	5.14193	5.12353
-1.88725	1.15734	5.14325	5.1278
-1.87016	1.17607	5.14456	5.1301
-1.87082	1.1787	5.14522	5.12846
-1.85045	1.19677	5.1462	5.12583
-1.84355	1.19578	5.14456	5.12485
-1.84026	1.20104	5.14292	5.12518
-1.83271	1.21287	5.14193	5.12682
-1.83074	1.20794	5.14325	5.12649
-1.83797	1.20991	5.14423	5.12485
-1.82745	1.2155	5.14456	5.12518
-1.82318	1.21517	5.14325	5.1255
-1.82942	1.21648	5.14292	5.12452
-1.83107	1.21155	5.14292	5.12485
-1.82877	1.2201	5.14259	5.12583
-1.83501	1.22535	5.14292	5.12649
-1.84191	1.22535	5.14259	5.12682
-1.84519	1.22404	5.14357	5.12583
-1.85932	1.21385	5.14259	5.12583
-1.84651	1.22174	5.14127	5.12813
-1.85636	1.22042	5.14029	5.12715
-1.86063	1.20663	5.14029	5.12649
-1.85472	1.21747	5.14259	5.12518
-1.85472	1.21878	5.14522	5.1255
-1.86228	1.21582	5.14522	5.1255
-1.85111	1.21188	5.14325	5.12452
-1.85571	1.2063	5.14325	5.12452
-1.85472	1.21812	5.1439	5.12649
-1.84651	1.23028	5.14325	5.12813
-1.84388	1.22075	5.1439	5.12945
-1.83599	1.21911	5.14325	5.12945
-1.83961	1.21681	5.1439	5.12912
-1.84322	1.21878	5.14292	5.12879
-1.84486	1.22174	5.14127	5.12879
-1.84059	1.22305	5.14193	5.12748
-1.83501	1.24277	5.14357	5.12583
-1.83534	1.24375	5.14357	5.12452
-1.84158	1.23619	5.14325	5.1232
-1.83928	1.23455	5.14423	5.12222
-1.84125	1.22667	5.14357	5.12353
-1.83205	1.21648	5.14259	5.12518
-1.83797	1.21254	5.14193	5.12583
-1.83698	1.21385	5.14325	5.12715
-1.83271	1.21911	5.14456	5.12846
-1.83172	1.23455	5.14489	5.12813
-1.82154	1.26248	5.14226	5.12649
-1.80774	1.27431	5.13963	5.1255
-1.80774	1.26084	5.13897	5.12649
-1.79295	1.27989	5.14193	5.12748
-1.77817	1.2812	5.1439	5.12649
-1.76831	1.29599	5.14489	5.12255
-1.77094	1.29205	5.1439	5.12156
-1.77324	1.2996	5.1439	5.12288
-1.77226	1.28186	5.14325	5.12616
-1.75189	1.29435	5.14292	5.12682
-1.74893	1.3042	5.1439	5.12616
-1.75813	1.30322	5.14259	5.12649
-1.75386	1.30322	5.14127	5.12583
-1.76371	1.29205	5.14226	5.12452
-1.76536	1.28975	5.14325	5.12189
-1.7601	1.2996	5.14423	5.12255
-1.76766	1.28909	5.14555	5.12485
-1.76043	1.30322	5.14555	5.12682
-1.75517	1.3157	5.14522	5.12715
-1.76339	1.32162	5.14555	5.1255
-1.76437	1.31504	5.14522	5.12518
-1.76634	1.30749	5.14423	5.12616
-1.76306	1.29632	5.1416	5.12715
-1.76963	1.29172	5.1416	5.12682
-1.77587	1.28646	5.14259	5.12518
-1.77587	1.295	5.14555	5.12419
-1.76371	1.30519	5.14653	5.12452
-1.7601	1.31899	5.14587	5.12649
-1.76667	1.32983	5.14259	5.12682
-1.77193	1.32884	5.14029	5.12682
-1.77324	1.33114	5.14029	5.12616
-1.77456	1.32129	5.14325	5.12583
-1.78934	1.30585	5.14456	5.12846
-1.79985	1.29402	5.14456	5.12748
-1.8084	1.28712	5.14259	5.1255
-1.8222	1.27496	5.14226	5.12715
-1.83172	1.26905	5.1416	5.12977
-1.84716	1.25689	5.14226	5.12879
-1.87016	1.23488	5.14423	5.12748
-1.87542	1.23028	5.14456	5.12715
-1.87838	1.22568	5.14489	5.12682
-1.8856	1.22765	5.14456	5.12748
-1.87706	1.23784	5.14259	5.12715
-1.88856	1.22502	5.14226	5.12682
-1.89152	1.22042	5.14259	5.12353
-1.89283	1.21977	5.14456	5.12288
-1.90104	1.19973	5.14456	5.12386
-1.89973	1.19513	5.14423	5.1232
-1.90696	1.19546	5.14357	5.12255
-1.91156	1.17969	5.14292	5.12255
-1.90597	1.17279	5.14325	5.12419
-1.91222	1.16293	5.14357	5.1232
-1.92141	1.15077	5.14456	5.12255
-1.92897	1.14617	5.1462	5.12386
-1.9316	1.14683	5.1439	5.12353
-1.94704	1.12252	5.14193	5.12353
-1.94507	1.12219	5.13996	5.1255
-1.9408	1.12712	5.14095	5.12715
-1.95131	1.12088	5.14193	5.12583
-1.96018	1.10248	5.14292	5.12485
-1.96708	1.08802	5.14292	5.12353
-1.96905	1.07127	5.1439	5.1232
-1.97792	1.06075	5.1439	5.12748
-1.97792	1.05484	5.14292	5.12879
-1.99632	1.02593	5.14226	5.12846
-1.99764	1.02199	5.14259	5.12682
-2.00782	1.01114	5.14292	5.1255
-2.00092	1.01509	5.14456	5.12583
-1.99369	1.03086	5.14456	5.12682
-2.00256	1.0233	5.14325	5.12485
-2.00256	1.02987	5.14259	5.1255
-2.01012	1.02856	5.14259	5.12715
-2.00979	1.02067	5.14423	5.12715
-2.00059	1.02593	5.14456	5.1255
-1.99698	1.02691	5.14489	5.12583
-1.99107	1.02921	5.14522	5.12879
-1.98482	1.03611	5.14555	5.12912
-1.97595	1.04695	5.1439	5.12616
-1.97234	1.04334	5.14193	5.12518
-1.96807	1.05418	5.1416	5.12452
-1.95197	1.07652	5.14193	5.12485
-1.9477	1.08375	5.14226	5.12353
-1.94573	1.09065	5.14325	5.12156
-1.94408	1.09558	5.14127	5.12123
-1.9454	1.09065	5.14095	5.12386
-1.95	1.09131	5.14062	5.12583
-1.94474	1.11003	5.14127	5.12649
-1.9339	1.11891	5.14062	5.12518
-1.92963	1.12843	5.14095	5.12583
-1.91452	1.14519	5.14193	5.12682
-1.90794	1.15439	5.14193	5.12682
-1.90532	1.1741	5.14193	5.12748
-1.8994	1.18199	5.14292	5.12715
-1.88922	1.19217	5.14456	5.12649
-1.87838	1.19808	5.1462	5.12682
-1.85669	1.22897	5.14686	5.12715
-1.84946	1.24539	5.14653	5.12912
-1.83862	1.25591	5.14522	5.1301
-1.82482	1.26116	5.1416	5.12977
-1.82449	1.26741	5.14062	5.12682
-1.8222	1.27003	5.14292	5.12419
-1.82088	1.26149	5.14555	5.12189
-1.82548	1.25032	5.1462	5.12255
-1.81365	1.25854	5.14423	5.12386
-1.81431	1.27825	5.14259	5.12649
-1.81628	1.27562	5.14062	5.12813
-1.79887	1.29467	5.13996	5.1278
-1.7923	1.30355	5.14062	5.12682
-1.79033	1.30946	5.14193	5.12682
-1.78704	1.30946	5.1439	5.12518
-1.76404	1.32786	5.14325	5.12485
-1.7624	1.33837	5.1416	5.12715
-1.75353	1.33574	5.14029	5.12649
-1.7555	1.33509	5.14193	5.12419
-1.75254	1.3226	5.14292	5.12386
-1.73579	1.31866	5.14226	5.12386
-1.72856	1.3295	5.14029	5.12419
-1.7256	1.32392	5.14029	5.12616
-1.72725	1.32851	5.14226	5.12682
-1.73447	1.31669	5.14456	5.12583
-1.74105	1.31636	5.14719	5.12419
-1.74072	1.31932	5.14653	5.12452
-1.74499	1.31307	5.14522	5.12518
-1.72823	1.33804	5.14226	5.12682
-1.73907	1.34724	5.14127	5.12846
-1.72725	1.34757	5.14095	5.12748
-1.7348	1.33443	5.14325	5.12649
-1.74072	1.33049	5.14357	5.12485
-1.74564	1.33246	5.1439	5.12189
-1.73612	1.33114	5.14423	5.12156
-1.76437	1.31044	5.14423	5.12353
-1.7555	1.31143	5.14423	5.1255
-1.75747	1.30716	5.14522	5.12682
-1.74499	1.31702	5.14522	5.12649
-1.74663	1.31307	5.14292	5.12485
-1.74532	1.31734	5.1416	5.12419
-1.74039	1.3249	5.14259	5.12386
-1.73875	1.3134	5.14259	5.12485
-1.74466	1.30453	5.14193	5.12616
-1.74302	1.30519	5.14325	5.12649
-1.73677	1.30782	5.1439	5.12583
-1.73579	1.3019	5.14522	5.12616
-1.744	1.30026	5.14522	5.1255
-1.75287	1.28515	5.14423	5.12583
-1.75846	1.27496	5.1416	5.12649
-1.76371	1.25525	5.13897	5.12682
-1.78408	1.25131	5.1393	5.12748
-1.78507	1.26346	5.14292	5.12583
-1.78836	1.26839	5.14489	5.12353
-1.78868	1.25459	5.14357	5.12353
-1.7877	1.26642	5.14193	5.12419
-1.79953	1.24901	5.14259	5.12485
-1.80872	1.24211	5.14259	5.1255
-1.81562	1.24211	5.14325	5.12419
-1.80544	1.25164	5.14423	5.1232
-1.81727	1.25755	5.1462	5.12353
-1.81267	1.24638	5.14555	5.12485
-1.81891	1.24638	5.14259	5.12485
-1.82975	1.23554	5.14259	5.12715
-1.83172	1.23127	5.14292	5.1301
-1.83501	1.22995	5.14259	5.12945
-1.82614	1.23258	5.14325	5.12682
-1.83534	1.21977	5.14423	5.1255
-1.83041	1.22174	5.1439	5.12419
-1.82712	1.21451	5.14456	5.12452
-1.83205	1.20301	5.14325	5.12616
-1.84322	1.19776	5.1416	5.12748
-1.85242	1.18494	5.1416	5.12945
-1.85932	1.18001	5.14357	5.12846
-1.87345	1.1649	5.14522	5.12616
-1.86983	1.16424	5.14456	5.12518
-1.86556	1.16424	5.14357	5.12649
-1.87608	1.15702	5.14259	5.12616
-1.87575	1.15899	5.1416	5.1255
-1.88757	1.14519	5.14292	5.12419
-1.90729	1.12712	5.14522	5.1232
-1.91813	1.11595	5.14423	5.12452
-1.91944	1.11628	5.14292	5.12452
-1.92996	1.10971	5.14259	5.12518
-1.94014	1.10806	5.14226	5.12616
-1.94901	1.10116	5.14259	5.12715
-1.94113	1.09755	5.14259	5.12748
-1.94901	1.08342	5.1439	5.12682
-1.95657	1.0647	5.14325	5.12616
-1.95788	1.07587	5.14357	5.12452
-1.96741	1.05944	5.14423	5.12583
-1.96872	1.06437	5.14423	5.12682
-1.9684	1.07455	5.14292	5.12715
-1.97004	1.07849	5.14325	5.12616
-1.96084	1.07455	5.14555	5.12616
-1.9661	1.07849	5.14522	5.12616
-1.96544	1.07981	5.14357	5.12649
-1.97628	1.07324	5.14423	5.12518
-1.97891	1.07127	5.14357	5.12583
-1.98121	1.05944	5.14226	5.1255
-1.97497	1.06962	5.14193	5.12616
-1.96971	1.07258	5.14292	5.12616
-1.97201	1.08309	5.14292	5.12583
-1.96577	1.08244	5.14193	5.12616
-1.96741	1.08178	5.14226	5.12649
-1.95558	1.10675	5.14259	5.12485
-1.95525	1.10741	5.14456	5.12452
-1.94638	1.11529	5.14587	5.12452
-1.94113	1.1304	5.14587	5.12419
-1.92766	1.14289	5.14456	5.1255
-1.92109	1.14847	5.14259	5.12616
-1.91156	1.15997	5.14193	5.1255
-1.90499	1.1787	5.14357	5.12452
-1.90269	1.18166	5.14423	5.12419
-1.90104	1.18264	5.14489	5.1255
-1.90072	1.18166	5.14489	5.12682
-1.89546	1.17903	5.14357	5.12682
-1.8856	1.18888	5.1416	5.12649
-1.88593	1.19776	5.14193	5.12616
-1.88955	1.19184	5.14325	5.1255
-1.88232	1.20334	5.14522	5.1232
-1.87049	1.21681	5.14752	5.12222
-1.87049	1.21517	5.14817	5.12419
-1.87936	1.21353	5.14653	5.12452
-1.87213	1.21582	5.14357	5.12485
-1.87969	1.21353	5.1439	5.12649
-1.86786	1.22535	5.14555	5.1278
-1.86326	1.23619	5.14489	5.12649
-1.86885	1.23159	5.14325	5.12452
-1.85439	1.24178	5.14193	5.12485
-1.85275	1.24638	5.14127	5.1255
-1.84585	1.25196	5.14259	5.12616
-1.83994	1.26182	5.14423	5.12583
-1.84946	1.25032	5.14489	5.12649
-1.84651	1.26084	5.14522	5.1255
-1.83567	1.27562	5.14587	5.12353
-1.83534	1.27233	5.14522	5.1232
-1.83139	1.27365	5.14456	5.12485
-1.83271	1.27069	5.14456	5.12649
-1.83402	1.26149	5.1462	5.12616
-1.83928	1.26675	5.14752	5.1255
-1.83994	1.26149	5.14653	5.12616
-1.84519	1.25558	5.14522	5.12715
-1.84224	1.25821	5.14456	5.12879
-1.84289	1.25394	5.14259	5.12813
-1.84158	1.25328	5.14292	5.1278
-1.84388	1.26182	5.14522	5.12715
-1.85045	1.25492	5.14719	5.12649
-1.85439	1.25525	5.14456	5.12682
-1.85801	1.25459	5.14259	5.12583
-1.85603	1.25821	5.14292	5.12616
-1.85571	1.25591	5.1439	5.12682
-1.85275	1.25886	5.14259	5.12616
-1.84782	1.27036	5.1416	5.12518
-1.84618	1.27431	5.14095	5.12583
-1.83797	1.27562	5.14259	5.12649
-1.82154	1.27661	5.14325	5.12583
-1.81168	1.28482	5.14325	5.12583
-1.813	1.28285	5.14357	5.12616
-1.80051	1.295	5.14456	5.1278
-1.78934	1.30387	5.14587	5.12912
-1.78113	1.30979	5.1462	5.12846
-1.77883	1.3134	5.14555	5.12649
-1.767	1.31866	5.14456	5.12583
-1.76141	1.32326	5.1439	5.12649
-1.75846	1.3203	5.14325	5.1278
-1.75419	1.33443	5.14226	5.12846
-1.73513	1.35151	5.1416	5.12813
-1.73513	1.3502	5.14193	5.12715
-1.72593	1.35644	5.1416	5.12583
-1.72955	1.36071	5.14226	5.12452
-1.73185	1.36038	5.14127	5.12485
-1.72166	1.36531	5.13996	5.12813
-1.7463	1.34954	5.14226	5.12846
-1.74893	1.34297	5.14653	5.12616
-1.76864	1.32359	5.14719	5.12485
-1.767	1.3249	5.14357	5.1255
-1.76601	1.32786	5.14193	5.12682
-1.75649	1.33739	5.14259	5.12813
-1.75386	1.34199	5.1462	5.1278
-1.74597	1.35118	5.14916	5.12715
-1.73217	1.35841	5.14785	5.12682
-1.73382	1.36203	5.14587	5.1255
-1.7325	1.36301	5.1439	5.12386
-1.73447	1.36564	5.14259	5.12485
-1.74433	1.36235	5.1416	5.1255
-1.75583	1.35381	5.14226	5.12715
-1.76404	1.34626	5.14259	5.12879
-1.767	1.3387	5.14325	5.12912
-1.75944	1.33969	5.14259	5.12715
-1.7647	1.33739	5.1439	5.12583
-1.78967	1.318	5.14489	5.1255
-1.7831	1.32819	5.14423	5.12846
-1.77981	1.32326	5.14292	5.12977
-1.7854	1.33213	5.14259	5.12748
-1.7831	1.34133	5.14325	5.12682
-1.7854	1.33607	5.14259	5.12682
-1.78704	1.31964	5.1416	5.12715
-1.79591	1.32819	5.14095	5.12715
-1.79558	1.32983	5.14127	5.12649
-1.7946	1.32917	5.14292	5.12682
-1.80971	1.3203	5.14456	5.12748
-1.81661	1.31406	5.14489	5.12715
-1.82647	1.3065	5.14456	5.12616
-1.82975	1.30059	5.14522	5.12583
-1.82647	1.30552	5.14555	5.12485
-1.83369	1.295	5.14489	5.12485
-1.84059	1.27529	5.14292	5.12518
-1.85603	1.26741	5.14226	5.12485
-1.85242	1.26872	5.14325	5.12452
-1.85472	1.26839	5.14456	5.12616
-1.85078	1.27595	5.14423	5.12715
-1.85538	1.26872	5.14357	5.1278
-1.85439	1.27266	5.14292	5.12846
-1.87739	1.24342	5.1439	5.1278
-1.89842	1.2178	5.14357	5.1278
-1.8994	1.20203	5.14259	5.12682
-1.91649	1.18823	5.14095	5.12485
-1.92207	1.17903	5.13963	5.1255
-1.92207	1.17509	5.14127	5.12616
-1.92536	1.1626	5.14226	5.12583
-1.9224	1.1649	5.1416	5.1255
-1.92503	1.15537	5.14259	5.12616
-1.92503	1.15472	5.14423	5.12649
-1.92371	1.16096	5.14522	5.12682
-1.91977	1.16063	5.14522	5.12813
-1.91386	1.17771	5.14456	5.12879
-1.90203	1.19841	5.14522	5.12616
-1.88889	1.21747	5.14456	5.12386
-1.8833	1.22535	5.14357	5.12419
-1.88035	1.21878	5.14522	5.1232
-1.87443	1.21254	5.14653	5.12288
-1.87082	1.20531	5.1462	5.12419
-1.87805	1.21254	5.14325	5.12748
-1.88856	1.19874	5.14127	5.1278
-1.8902	1.20465	5.14226	5.12715
-1.881	1.20005	5.14423	5.12583
-1.88166	1.19513	5.14555	5.12353
-1.88298	1.19611	5.14423	5.12189
-1.87509	1.20564	5.14193	5.1232
-1.86589	1.2247	5.1416	5.1255
-1.87443	1.20958	5.14292	5.12616
-1.86556	1.20531	5.14325	5.12682
-1.87673	1.19184	5.14357	5.12616
-1.88002	1.18067	5.14357	5.12452
-1.8833	1.17837	5.14423	5.12386
-1.87443	1.18691	5.14423	5.12353
-1.88626	1.17213	5.14456	5.12518
-1.89349	1.16753	5.14686	5.12583
-1.89349	1.17213	5.14752	5.12485
-1.90499	1.15997	5.14522	5.12419
-1.9155	1.15603	5.14095	5.12419
-1.90663	1.16687	5.13963	5.12255
-1.9063	1.16622	5.13897	5.12353
-1.90597	1.14847	5.13963	5.12583
-1.92339	1.13862	5.14127	5.12616
-1.93127	1.13632	5.14193	5.12353
-1.93423	1.1373	5.14259	5.12386
-1.94178	1.135	5.1439	5.12583
-1.9362	1.14585	5.14555	5.12715
-1.93751	1.1396	5.14489	5.12715
-1.94014	1.14387	5.14127	5.12748
-1.92766	1.16457	5.14062	5.12748
-1.92437	1.17377	5.14226	5.12682
-1.92207	1.17574	5.14357	5.12353
-1.92043	1.18166	5.14456	5.12222
-1.9178	1.1856	5.14555	5.1232
-1.91254	1.1856	5.14522	5.12649
-1.90006	1.19776	5.14423	5.12879
-1.89382	1.2017	5.14325	5.12846
-1.8879	1.20334	5.14555	5.12649
-1.88396	1.20564	5.14653	5.12518
-1.86655	1.22272	5.14522	5.1255
-1.85702	1.23619	5.14423	5.12715
-1.85176	1.23587	5.14325	5.12813
-1.84979	1.23652	5.14325	5.1278
-1.83961	1.24309	5.1439	5.12649
-1.84125	1.24277	5.14357	5.1255
-1.83698	1.25328	5.14423	5.12583
-1.82417	1.25656	5.14292	5.12616
-1.81694	1.26084	5.14226	5.12682
-1.79723	1.27168	5.14259	5.12649
-1.79985	1.26018	5.14292	5.1255
-1.79558	1.26806	5.14325	5.12452
-1.78113	1.28252	5.14226	5.12419
-1.77916	1.28219	5.14226	5.12452
-1.77029	1.28153	5.1416	5.12518
-1.76141	1.28876	5.14095	5.12649
-1.76963	1.2881	5.14095	5.12583
-1.76799	1.28712	5.1416	5.12682
-1.76404	1.29205	5.1439	5.12748
-1.77061	1.27365	5.1439	5.12583
-1.77061	1.26445	5.14489	5.1255
-1.78343	1.26905	5.14522	5.12616
-1.7739	1.26806	5.14522	5.12682
-1.77456	1.25919	5.14259	5.1278
-1.79558	1.24704	5.14193	5.12813
-1.79197	1.24408	5.14193	5.12813
-1.7877	1.23784	5.14456	5.1301
-1.80248	1.21944	5.14522	5.13043
-1.80117	1.2178	5.14357	5.1278
-1.813	1.21582	5.14292	5.12616
-1.81004	1.22075	5.14325	5.1255
-1.81792	1.21878	5.14325	5.12452
-1.83205	1.21024	5.14259	5.12419
-1.84881	1.18363	5.14292	5.12386
-1.84651	1.19217	5.14292	5.1232
-1.85144	1.19776	5.14423	5.12386
-1.85801	1.21024	5.14259	5.12518
-1.86063	1.22502	5.14226	5.12583
-1.86983	1.23685	5.14226	5.12715
-1.85702	1.24375	5.14325	5.12583
-1.86819	1.23521	5.14357	5.12452
-1.87443	1.21747	5.14226	5.12485
-1.87673	1.2178	5.14127	5.12616
-1.86918	1.2224	5.14226	5.1278
-1.87739	1.2224	5.14193	5.12912
-1.86195	1.22502	5.14259	5.12748
-1.85636	1.23094	5.14325	5.12649
-1.86589	1.22305	5.14292	5.12583
-1.87049	1.21451	5.14456	5.12616
-1.86753	1.21582	5.14456	5.12715
-1.86392	1.22535	5.1439	5.12715
-1.86622	1.21977	5.14292	5.12649
-1.86096	1.23028	5.14325	5.12715
-1.87509	1.22272	5.14357	5.12813
-1.8787	1.21747	5.14456	5.12715
-1.88725	1.22437	5.14489	5.12813
-1.8856	1.2109	5.14357	5.12682
-1.91189	1.17279	5.14357	5.12616
-1.91452	1.16589	5.14325	5.12813
-1.92043	1.16227	5.14357	5.12977
-1.91747	1.15669	5.14357	5.12748
-1.91977	1.1488	5.14193	5.12518
-1.92634	1.1465	5.14193	5.12485
-1.91747	1.1557	5.14325	5.1255
-1.92667	1.14617	5.14456	5.12682
-1.92503	1.15964	5.14522	5.12748
-1.92043	1.15537	5.14489	5.12715
-1.927	1.14749	5.14489	5.12682
-1.92667	1.14782	5.14357	5.1255
-1.91484	1.16884	5.14325	5.12583
-1.90794	1.16654	5.14292	5.12813
-1.9109	1.15603	5.14226	5.12813
-1.91517	1.1396	5.14193	5.12748
-1.90992	1.1488	5.14226	5.12616
-1.91419	1.13796	5.14029	5.12518
-1.91123	1.12942	5.1393	5.12682
-1.92109	1.11792	5.14062	5.1278
-1.9247	1.11989	5.14226	5.12748
-1.9362	1.11266	5.14259	5.1278
-1.93948	1.11595	5.14259	5.12748
-1.94967	1.10182	5.14357	5.12616
-1.94835	1.10182	5.14522	5.12485
-1.9592	1.09952	5.14653	5.12616
-1.96215	1.10215	5.14489	5.12715
-1.96872	1.07521	5.14489	5.1278
-1.98154	1.06634	5.14522	5.12616
-1.98548	1.0647	5.14456	5.12518
-1.98909	1.07094	5.14357	5.1255
-1.98712	1.07455	5.14456	5.12682
-1.99895	1.06765	5.14522	5.1255
-1.99534	1.06601	5.14489	5.12583
-1.98909	1.06962	5.14292	5.12649
-1.98745	1.07554	5.14325	5.12682
-1.98318	1.07389	5.14259	5.12583
-1.97989	1.08211	5.1439	5.12485
-1.97497	1.08342	5.1439	5.12485
-1.96741	1.09591	5.14555	5.12649
-1.96938	1.09098	5.14522	5.12682
-1.97858	1.07915	5.14489	5.1255
-1.96741	1.09755	5.14587	5.12518
-1.96084	1.11036	5.14752	5.12452
-1.9569	1.10839	5.14916	5.12222
-1.96938	1.09854	5.14982	5.12288
-1.97201	1.09295	5.14785	5.12485
-1.97037	1.08704	5.14555	5.12748
-1.97595	1.07192	5.14423	5.12945
-1.97694	1.0532	5.1439	5.12715
-1.97464	1.044	5.1439	5.1255
-1.97727	1.04038	5.14423	5.12452
-1.97628	1.04268	5.14357	5.1255
-1.96807	1.04334	5.14357	5.12879
-1.97135	1.04038	5.14325	5.1301
-1.97792	1.0187	5.14423	5.12813
-1.98909	1.01706	5.14456	5.12583
-1.97727	1.0233	5.14292	5.12518
-1.98022	1.02987	5.14325	5.1255
-1.97464	1.05221	5.14456	5.12583
-1.96445	1.07357	5.1462	5.12715
-1.95328	1.09229	5.14522	5.12748
-1.95361	1.10149	5.1439	5.12879
-1.94671	1.11201	5.14259	5.12879
-1.94737	1.11562	5.14292	5.12879
-1.92667	1.12548	5.1439	5.12748
-1.92864	1.13008	5.14292	5.12715
-1.9316	1.12318	5.14193	5.12649
-1.93127	1.13336	5.1416	5.12715
-1.92864	1.1465	5.14292	5.1278
-1.92601	1.14486	5.14325	5.12813
-1.9155	1.15702	5.14259	5.12715
-1.92503	1.14026	5.14325	5.12616
-1.91616	1.1465	5.14325	5.12353
-1.9155	1.15472	5.1416	5.12222
-1.90203	1.1764	5.14095	5.12485
-1.89316	1.19578	5.14127	5.12682
-1.88462	1.20531	5.14259	5.12715
-1.8764	1.21287	5.14587	5.12682
-1.86819	1.22568	5.14653	5.12452
-1.86096	1.24014	5.14456	5.1255
-1.85373	1.24211	5.14259	5.12682
-1.83994	1.25656	5.14259	5.1278
-1.82909	1.26741	5.14522	5.12846
-1.82121	1.28088	5.14719	5.12715
-1.82088	1.28646	5.14522	5.12682
-1.81727	1.2812	5.1416	5.12748
-1.80774	1.28186	5.13832	5.12715
-1.80971	1.27529	5.13963	5.12748
-1.813	1.27759	5.1416	5.1278
-1.80905	1.28482	5.14226	5.12715
-1.8176	1.26346	5.14062	5.12452
-1.81891	1.26313	5.14095	5.12419
-1.81727	1.25854	5.14062	5.1255
-1.81004	1.25131	5.14095	5.12748
-1.81234	1.25854	5.13996	5.12879
-1.82942	1.23488	5.14062	5.12879
-1.81957	1.24342	5.14226	5.12649
-1.82121	1.22634	5.14456	5.12616
-1.80051	1.26215	5.14587	5.12616
-1.80544	1.26051	5.14423	5.12879
-1.79953	1.25886	5.14292	5.12977
-1.80938	1.24901	5.14193	5.13076
-1.81497	1.24375	5.14226	5.12945
-1.82187	1.24342	5.14259	5.12715
-1.83205	1.22831	5.1439	5.12419
-1.82022	1.23817	5.14325	5.12485
-1.81858	1.24671	5.14193	5.12583
-1.81201	1.24966	5.1439	5.12452
-1.81792	1.25755	5.14587	5.12386
-1.80971	1.26281	5.14587	5.12452
-1.81037	1.26773	5.14456	5.1255
-1.813	1.26346	5.14127	5.12616
-1.81628	1.26018	5.14029	5.12518
-1.80807	1.26281	5.14062	5.12452
-1.81168	1.25262	5.14062	5.1255
-1.82022	1.24704	5.13996	5.12682
-1.82318	1.24507	5.14127	5.12715
-1.82351	1.23849	5.14357	5.12813
-1.83271	1.23455	5.14325	5.12715
-1.83107	1.23357	5.14325	5.12715
-1.83797	1.21451	5.14357	5.12649
-1.84355	1.21155	5.14325	5.12748
-1.85012	1.20991	5.1439	5.12715
-1.85209	1.19283	5.1439	5.12715
-1.85833	1.18527	5.14587	5.12748
-1.85866	1.18757	5.14653	5.12748
-1.86293	1.18034	5.14489	5.1278
-1.8787	1.16589	5.1439	5.12846
-1.8925	1.15012	5.14325	5.1278
-1.9017	1.13895	5.1439	5.1278
-1.90992	1.11956	5.14489	5.12518
-1.89875	1.14486	5.14522	5.12386
-1.9063	1.12383	5.14423	5.12419
-1.8971	1.11956	5.1416	5.12419
-1.90269	1.12153	5.1416	5.12518
-1.90236	1.11726	5.14292	5.12583
-1.91287	1.10511	5.14357	5.12518
-1.90696	1.10412	5.14423	5.12616
-1.9178	1.09492	5.14522	5.12649
-1.91222	1.09919	5.1462	5.12616
-1.9201	1.09624	5.14489	5.12583
-1.92306	1.10116	5.14325	5.1278
-1.92174	1.10675	5.14357	5.12912
-1.92897	1.10281	5.1439	5.13076
-1.93554	1.10708	5.14423	5.12879
-1.94113	1.10248	5.14423	5.12485
-1.93916	1.11266	5.1439	5.12353
-1.93916	1.11431	5.1416	5.12452
-1.93718	1.12055	5.14062	5.12748
-1.93423	1.1258	5.14062	5.12977
-1.93488	1.12318	5.14127	5.12879
-1.93521	1.12285	5.14292	5.1255
-1.92174	1.12843	5.14522	5.12353
-1.91879	1.13665	5.14587	5.12518
-1.9224	1.13205	5.14522	5.1278
-1.93554	1.11693	5.14226	5.12879
-1.94474	1.10182	5.14095	5.12912
-1.94146	1.09591	5.14127	5.12715
-1.93883	1.09788	5.1439	5.12616
-1.94474	1.09164	5.1439	5.12616
-1.93916	1.08572	5.14522	5.12616
-1.95328	1.08507	5.14587	5.12682
-1.95887	1.08638	5.14325	5.12813
-1.95295	1.08375	5.1416	5.12879
-1.95624	1.08737	5.14325	5.12879
-1.95953	1.06765	5.14456	5.12583
-1.96741	1.04991	5.14489	5.12288
-1.96215	1.0532	5.14522	5.12288
-1.96872	1.04827	5.14357	5.12222
-1.97102	1.04663	5.14226	5.12386
-1.96248	1.05451	5.14127	5.12485
-1.95854	1.06207	5.14193	5.12518
-1.9592	1.06667	5.14325	5.12353
-1.9638	1.06272	5.14292	5.12353
-1.9684	1.05385	5.14127	5.12386
-1.96971	1.03841	5.14226	5.12518
-1.97792	1.03348	5.1439	5.1255
-1.98022	1.02757	5.1439	5.1255
-1.97365	1.03973	5.14456	5.12518
-1.9707	1.05944	5.14522	5.12518
-1.97661	1.04663	5.1462	5.12353
-1.9707	1.05681	5.14489	5.12485
-1.96478	1.06075	5.14193	5.12518
-1.96314	1.06272	5.13963	5.1255
-1.9661	1.06535	5.13897	5.12518
-1.97595	1.05681	5.13996	5.12419
-1.9684	1.07619	5.14062	5.12386
-1.9638	1.07849	5.14127	5.12288
-1.95131	1.09131	5.14127	5.12386
-1.94967	1.08999	5.14193	5.12649
-1.94638	1.10872	5.14292	5.12813
-1.93948	1.11661	5.14325	5.12813
-1.92404	1.13369	5.14292	5.12649
-1.91911	1.1327	5.14292	5.12649
-1.91189	1.13468	5.14357	5.12682
-1.9063	1.13763	5.1439	5.12649
-1.90597	1.14453	5.14357	5.12583
-1.90203	1.1557	5.14259	5.12485
-1.89185	1.16622	5.14259	5.12353
-1.88166	1.17246	5.14325	5.12386
-1.88495	1.18034	5.14292	5.12485
-1.87213	1.17706	5.14259	5.12419
-1.87345	1.18067	5.14193	5.12452
-1.86721	1.18757	5.14062	5.12485
-1.86096	1.18724	5.14095	5.12649
-1.85472	1.20235	5.1439	5.12715
-1.86359	1.20564	5.14522	5.12583
-1.86326	1.20235	5.14587	5.12419
-1.87345	1.19151	5.14489	5.12452
-1.86589	1.1902	5.14259	5.12518
-1.85899	1.20465	5.14292	5.12649
-1.85012	1.20695	5.14292	5.12649
-1.84749	1.21648	5.14193	5.12518
-1.83632	1.22108	5.14226	5.12288
-1.84519	1.20564	5.14193	5.12353
-1.84979	1.20728	5.1416	5.12583
-1.84815	1.19578	5.14127	5.1278
-1.84782	1.19053	5.14095	5.12748
-1.85373	1.19348	5.14193	5.12715
-1.85571	1.18264	5.14259	5.12715
-1.84519	1.18626	5.14193	5.12616
-1.85373	1.19086	5.14029	5.12452
-1.85505	1.19973	5.14193	5.12386
-1.85768	1.19118	5.1416	5.1255
-1.85998	1.18888	5.14127	5.12616
-1.86622	1.19381	5.14292	5.12748
-1.85833	1.19118	5.14555	5.12748
-1.85209	1.20893	5.14653	5.12518
-1.84651	1.2247	5.14456	5.1255
-1.84256	1.22634	5.14095	5.12616
-1.84782	1.2224	5.13996	5.12583
-1.84125	1.22042	5.14259	5.12485
-1.84486	1.22075	5.14423	5.12452
-1.84224	1.22601	5.14555	5.12518
-1.85735	1.21484	5.14423	5.12616
-1.84519	1.22962	5.14259	5.12715
-1.83304	1.24474	5.14193	5.12682
-1.83599	1.24769	5.14193	5.12813
-1.83139	1.24572	5.14357	5.1278
-1.82647	1.25426	5.14522	5.12518
-1.82121	1.24868	5.14522	5.12386
-1.81431	1.25426	5.14489	5.12353
-1.80445	1.26543	5.14423	5.1232
-1.81694	1.25919	5.14423	5.12583
-1.81135	1.25361	5.14489	5.12879
-1.82187	1.23948	5.14423	5.1301
-1.82022	1.25065	5.14357	5.12912
-1.82154	1.23225	5.14456	5.12879
-1.82318	1.23357	5.14522	5.12879
-1.81694	1.23422	5.14456	5.12813
-1.83337	1.22108	5.14423	5.12715
-1.82942	1.22995	5.14325	5.12715
-1.82548	1.22962	5.14226	5.12715
-1.82318	1.2224	5.14259	5.1278
-1.83107	1.21221	5.14292	5.12748
-1.82614	1.21681	5.14423	5.12649
-1.82384	1.21747	5.14489	5.12616
-1.82088	1.21353	5.14489	5.12485
-1.81135	1.21878	5.14456	5.1232
-1.82285	1.20761	5.14489	5.12255
-1.82055	1.20268	5.14423	5.12452
-1.81332	1.204	5.1439	5.12583
-1.81595	1.19578	5.1439	5.12583
-1.82088	1.20005	5.1439	5.12649
-1.81858	1.19513	5.14489	5.12518
-1.82022	1.19743	5.14522	5.12353
-1.82121	1.19414	5.14522	5.12386
-1.82252	1.20104	5.14522	5.12386
-1.82614	1.20137	5.14259	5.12419
-1.82252	1.20137	5.14193	5.12485
-1.82121	1.21221	5.14292	5.12649
-1.83304	1.20564	5.14357	5.12682
-1.83895	1.21911	5.1439	5.1255
-1.83304	1.20794	5.14259	5.12616
-1.83632	1.2063	5.14259	5.12748
-1.84289	1.19348	5.14193	5.12846
-1.83139	1.204	5.1416	5.12616
-1.83731	1.2109	5.1416	5.12419
-1.84092	1.20334	5.14259	5.12485
-1.84092	1.20695	5.14325	5.12682
-1.85144	1.20794	5.14555	5.12616
-1.85308	1.2086	5.14817	5.12583
-1.84552	1.22108	5.14686	5.12353
-1.84749	1.2063	5.14423	5.12189
-1.84914	1.20301	5.14226	5.12353
-1.85144	1.20465	5.14127	5.12419
-1.86129	1.21188	5.1416	5.1255
-1.86753	1.2017	5.1439	5.12616
-1.87345	1.20005	5.14555	5.1255
-1.87739	1.18888	5.1462	5.1232
-1.88823	1.19381	5.14357	5.12452
-1.88199	1.1994	5.14062	5.12748
-1.88396	1.19546	5.1416	5.12912
-1.89776	1.18133	5.14259	5.12912
-1.89677	1.17673	5.14555	5.12813
-1.90236	1.18297	5.14719	5.12682
-1.89875	1.1879	5.14587	5.12682
-1.90269	1.17706	5.14357	5.12748
-1.90236	1.18133	5.13996	5.12813
-1.91649	1.16326	5.13865	5.12682
-1.91944	1.16359	5.14029	5.12386
-1.91517	1.16983	5.14193	5.12386
-1.90827	1.1741	5.14456	5.12452
-1.91747	1.16457	5.14555	5.12485
-1.91517	1.16654	5.14587	5.1232
-1.91517	1.16786	5.1439	5.12189
-1.92306	1.15964	5.14193	5.1232
-1.93686	1.14453	5.14226	5.12419
-1.92831	1.14125	5.14555	5.12583
-1.93488	1.11989	5.14587	5.12715
-1.93423	1.12285	5.14489	5.12748
-1.93686	1.12088	5.1439	5.12649
-1.93324	1.13303	5.14423	5.12649
-1.92864	1.14223	5.1439	5.12682
-1.92404	1.15537	5.14259	5.12682
-1.9293	1.15603	5.14325	5.12649
-1.93456	1.1488	5.14456	5.12715
-1.93686	1.14157	5.14522	5.12583
-1.93784	1.13665	5.14489	5.12583
-1.93751	1.1396	5.1439	5.1255
-1.93029	1.14026	5.14423	5.12583
-1.92536	1.1465	5.14456	5.12518
-1.91911	1.15307	5.14522	5.12583
-1.904	1.16424	5.14587	5.12583
-1.89546	1.17673	5.14522	5.12485
-1.89349	1.17903	5.14423	5.12518
-1.87443	1.19053	5.14259	5.12649
-1.87443	1.18593	5.14292	5.12682
-1.86622	1.19184	5.1439	5.12846
-1.86589	1.19151	5.14489	5.12715
-1.86819	1.181	5.14423	5.1255
-1.86491	1.18428	5.14226	5.12419
-1.86096	1.19053	5.14226	5.12353
-1.84914	1.2063	5.14259	5.12222
-1.84454	1.19086	5.1439	5.12189
-1.85012	1.19808	5.14325	5.12288
-1.85899	1.19151	5.14259	5.12386
-1.86753	1.18461	5.14325	5.12452
-1.86162	1.1925	5.14357	5.12485
-1.86031	1.19414	5.14357	5.1255
-1.85209	1.20268	5.14292	5.12616
-1.85932	1.20137	5.14456	5.12813
-1.86491	1.19907	5.14752	5.1278
-1.85308	1.2086	5.14883	5.12616
-1.85406	1.21451	5.14653	5.12386
-1.85045	1.21123	5.14259	5.12255
-1.85538	1.20958	5.14029	5.12386
-1.85899	1.21057	5.14456	5.12386
-1.85866	1.21517	5.14785	5.12353
-1.86261	1.21484	5.14752	5.12452
-1.85603	1.22075	5.14423	5.12649
-1.84684	1.22962	5.14127	5.12583
-1.84026	1.23422	5.13996	5.12452
-1.85045	1.22371	5.14193	5.12485
-1.85472	1.21385	5.14423	5.12616
-1.85373	1.21484	5.14587	5.12682
-1.84256	1.22765	5.14653	5.12452
-1.84815	1.22765	5.14423	5.12288
-1.85308	1.22305	5.14193	5.12288
-1.85111	1.23258	5.1416	5.12419
-1.84552	1.23258	5.14193	5.12649
-1.84486	1.23751	5.14226	5.12813
-1.85012	1.23784	5.14226	5.12682
-1.84224	1.24704	5.14226	5.12518
-1.83337	1.25492	5.14127	5.12452
-1.82909	1.26116	5.14127	5.1255
-1.82614	1.26708	5.14127	5.12715
-1.82844	1.27496	5.14357	5.1278
-1.82187	1.29008	5.14456	5.12748
-1.81497	1.29205	5.14522	5.12682
-1.8061	1.29106	5.1462	5.12583
-1.79657	1.30519	5.14456	5.12485
-1.7808	1.31044	5.14357	5.12419
-1.77751	1.30782	5.14226	5.12518
-1.78408	1.29336	5.14226	5.12748
-1.78047	1.28515	5.14423	5.12813
-1.7785	1.28482	5.14587	5.12715
-1.77784	1.28679	5.14653	5.12583
-1.76996	1.28449	5.14489	5.12649
-1.76601	1.28219	5.14193	5.12649
-1.75977	1.28416	5.13996	5.12583
-1.74729	1.29796	5.14095	5.12616
-1.74466	1.29238	5.14423	5.12649
-1.73513	1.29336	5.14785	5.12649
-1.73645	1.30815	5.14785	5.12682
-1.73546	1.30585	5.14686	5.12616
-1.73119	1.30223	5.1439	5.12583
-1.73283	1.29829	5.14062	5.12715
-1.72856	1.295	5.14325	5.12715
-1.74367	1.2881	5.14719	5.12616
-1.75254	1.27562	5.14752	5.12616
-1.75222	1.27496	5.14587	5.12715
-1.74236	1.29632	5.14292	5.12846
-1.74236	1.29369	5.14062	5.12813
-1.74466	1.28876	5.13897	5.12682
-1.74006	1.28679	5.13996	5.1255
-1.7624	1.27332	5.14325	5.1232
-1.76569	1.28449	5.14456	5.12156
-1.7762	1.26281	5.14423	5.1232
-1.78934	1.25656	5.14325	5.12485
-1.77916	1.27003	5.14325	5.12518
-1.78441	1.25295	5.14325	5.12583
-1.78146	1.25624	5.14489	5.12452
-1.79066	1.25952	5.14587	5.12353
-1.80018	1.24342	5.14489	5.12222
-1.81398	1.22798	5.14292	5.12222
-1.81924	1.24178	5.14292	5.1232
-1.82417	1.23981	5.14325	5.12518
-1.83895	1.23028	5.14489	5.12715
-1.83665	1.23061	5.1439	5.12748
-1.83994	1.2293	5.14489	5.1278
-1.84256	1.23127	5.14489	5.12715
-1.84815	1.20958	5.1439	5.12682
-1.86031	1.20925	5.14325	5.12682
-1.86721	1.20433	5.14292	5.12649
-1.87575	1.19808	5.14423	5.12616
-1.8879	1.18987	5.14489	5.12682
-1.89185	1.18626	5.14555	5.12649
-1.89809	1.17541	5.14489	5.12386
-1.89612	1.17344	5.14489	5.12288
-1.90006	1.16194	5.14522	5.12288
-1.89513	1.15274	5.14555	5.1232
-1.90334	1.14355	5.14423	5.12419
-1.90236	1.13763	5.1416	5.12255
-1.90729	1.13533	5.1416	5.12288
-1.90827	1.13303	5.1416	5.12419
-1.91057	1.13468	5.1416	5.12485
-1.91123	1.14059	5.14095	5.12452
-1.90696	1.12548	5.14095	5.12518
-1.91813	1.11726	5.14292	5.12419
-1.91681	1.10543	5.14489	5.12386
-1.91254	1.10938	5.14489	5.12353
-1.91747	1.11069	5.14357	5.12386
-1.91977	1.10675	5.14127	5.12353
-1.91386	1.11168	5.1416	5.12419
-1.90827	1.12975	5.14325	5.12583
-1.89907	1.13993	5.14489	5.12682
-1.88626	1.14026	5.14555	5.12649
-1.88265	1.135	5.14489	5.12452
-1.88527	1.14716	5.1439	5.12386
-1.88298	1.15274	5.14325	5.12452
-1.87542	1.16753	5.14292	5.12518
-1.87246	1.17246	5.14292	5.12485
-1.87706	1.18297	5.14357	5.12452
-1.87378	1.19184	5.1439	5.1232
-1.85998	1.20334	5.14522	5.12419
-1.86063	1.19513	5.14489	5.12386
-1.86425	1.18921	5.14226	5.12353
-1.87772	1.16819	5.1416	5.1255
-1.88298	1.15833	5.1416	5.1255
-1.88298	1.1603	5.14226	5.12485
-1.88002	1.16917	5.14357	5.1232
-1.88396	1.16523	5.14423	5.12485
-1.8856	1.15537	5.14357	5.12616
-1.8925	1.15406	5.14226	5.12813
-1.88495	1.17443	5.1416	5.12813
-1.88429	1.18166	5.1416	5.12715
-1.87148	1.20268	5.14357	5.12682
-1.88265	1.18823	5.14423	5.12616
-1.88265	1.18823	5.14489	5.12518
-1.8764	1.19381	5.14456	5.12485
-1.88626	1.18954	5.14259	5.12518
-1.89677	1.16884	5.14127	5.12583
-1.9017	1.16457	5.14259	5.12583
-1.9109	1.16424	5.14259	5.12649
-1.89612	1.17246	5.14292	5.12518
-1.91156	1.15932	5.14259	5.12649
-1.90597	1.16063	5.1439	5.12583
-1.91057	1.1396	5.14456	5.12518
-1.927	1.11891	5.14325	5.1255
-1.93193	1.11825	5.14423	5.12649
-1.9293	1.11036	5.14489	5.12583
-1.92437	1.10051	5.14357	5.1255
-1.91714	1.10872	5.14325	5.12452
-1.9178	1.10642	5.14127	5.12485
-1.91681	1.11266	5.14062	5.12748
-1.93061	1.09558	5.14193	5.1278
-1.93488	1.09032	5.14489	5.12616
-1.94376	1.07258	5.1462	5.12452
-1.95098	1.0555	5.14522	5.1232
-1.95591	1.04334	5.14423	5.12353
-1.94868	1.06568	5.14357	5.1232
-1.94606	1.08178	5.14259	5.12386
-1.93193	1.09821	5.14325	5.12583
-1.92503	1.09558	5.14423	5.1255
-1.91977	1.09525	5.14357	5.12288
-1.9178	1.09558	5.14029	5.12288
-1.91386	1.10018	5.14062	5.12452
-1.89677	1.11759	5.14292	5.12452
-1.89217	1.11858	5.14292	5.1232
-1.88265	1.12646	5.14226	5.12386
-1.88068	1.1235	5.1439	5.12485
-1.881	1.13369	5.14489	5.12452
-1.86688	1.13993	5.14423	5.12386
-1.86261	1.15504	5.14259	5.12583
-1.86031	1.16851	5.1416	5.12977
-1.84158	1.17213	5.14095	5.1301
-1.83074	1.1787	5.14095	5.1278
-1.82679	1.18461	5.14325	5.12748
-1.82581	1.18396	5.14522	5.12616
-1.82154	1.19447	5.14555	5.12616
-1.82318	1.20301	5.14522	5.12682
-1.81858	1.21484	5.14357	5.12649
-1.81497	1.20235	5.14226	5.12649
-1.81267	1.19151	5.14357	5.12583
-1.81858	1.18888	5.14456	5.12419
-1.81365	1.19973	5.14522	5.12386
-1.8015	1.20104	5.1439	5.12452
-1.78967	1.21123	5.14325	5.12649
-1.79361	1.21648	5.14226	5.12715
-1.7877	1.22535	5.1439	5.12682
-1.79887	1.21977	5.14489	5.12583
-1.79723	1.20893	5.1439	5.12485
-1.7992	1.22864	5.14193	5.12353
-1.79361	1.22305	5.1416	5.1232
-1.80544	1.22502	5.14357	5.12518
-1.80577	1.22765	5.14522	5.12649
-1.8153	1.21517	5.14817	5.12616
-1.81234	1.21681	5.15047	5.12386
-1.82055	1.20925	5.15047	5.12419
-1.83304	1.2109	5.14785	5.1255
-1.84618	1.19316	5.14423	5.12715
-1.84388	1.204	5.14193	5.12682
-1.85538	1.19086	5.14193	5.12583
-1.85078	1.19118	5.14325	5.12649
-1.83402	1.2109	5.14456	5.12583
-1.83797	1.21615	5.14587	5.12616
-1.84059	1.2201	5.14587	5.12682
-1.84224	1.22338	5.14587	5.12649
-1.83402	1.23619	5.14423	5.12715
-1.83567	1.23619	5.14226	5.12682
-1.83468	1.24178	5.14062	5.12452
-1.83731	1.24769	5.14193	5.12288
-1.83698	1.24736	5.14456	5.12386
-1.83994	1.23817	5.14489	5.12419
-1.84092	1.23849	5.14292	5.1255
-1.83928	1.24277	5.14193	5.1278
-1.83337	1.24605	5.14259	5.12715
-1.83271	1.24375	5.14456	5.12485
-1.82318	1.25164	5.14653	5.12452
-1.82712	1.24572	5.14587	5.12452
-1.8199	1.25722	5.14357	5.12518
-1.82351	1.25886	5.14292	5.1255
-1.82515	1.25591	5.14325	5.12485
-1.81957	1.26971	5.1439	5.12353
-1.81628	1.27266	5.14555	5.12518
-1.82154	1.26084	5.14719	5.12386
-1.82187	1.25656	5.14587	5.1255
-1.82252	1.24638	5.14489	5.1278
-1.82614	1.24835	5.1439	5.12813
-1.83928	1.23619	5.1439	5.12846
-1.84158	1.21977	5.14489	5.1278
-1.81267	1.24112	5.14423	5.12583
-1.79953	1.24539	5.14456	5.12288
-1.8015	1.24309	5.14456	5.12189
-1.80807	1.23455	5.14423	5.1232
-1.80117	1.2224	5.14522	5.12518
-1.80413	1.20925	5.14587	5.12649
-1.81661	1.19973	5.14522	5.12715
-1.81957	1.18199	5.14292	5.12649
-1.82745	1.17607	5.14127	5.12583
-1.82614	1.18231	5.14127	5.12452
-1.83369	1.18888	5.1416	5.12518
-1.84585	1.18264	5.14095	5.1278
-1.85012	1.17969	5.14095	5.12682
-1.86162	1.17509	5.14193	5.12583
-1.87378	1.16589	5.14325	5.12518
-1.87969	1.16523	5.14522	5.12583
-1.88166	1.16392	5.14653	5.12748
-1.88922	1.15636	5.1439	5.12813
-1.89677	1.15964	5.14127	5.12879
-1.90039	1.15767	5.1416	5.12879
-1.9086	1.14387	5.14259	5.12945
-1.91189	1.14815	5.1439	5.12813
-1.91616	1.15472	5.14325	5.12518
-1.90696	1.17541	5.14193	5.12288
-1.91024	1.18626	5.14095	5.12485
-1.9178	1.17541	5.14193	5.1278
-1.92273	1.16851	5.14127	5.1278
-1.93357	1.14683	5.1416	5.12682
-1.94277	1.13632	5.14127	5.12649
-1.93817	1.12745	5.14292	5.12649
-1.93127	1.12778	5.1439	5.12682
-1.93521	1.13139	5.14456	5.12748
-1.9293	1.12022	5.14423	5.1278
-1.93258	1.11628	5.1439	5.1278
-1.9431	1.10708	5.1439	5.12715
-1.95065	1.09821	5.14489	5.1278
-1.93751	1.11693	5.14357	5.12846
-1.9362	1.12975	5.14226	5.1278
-1.93817	1.1235	5.14193	5.12715
-1.94047	1.12778	5.14226	5.12748
-1.93061	1.1373	5.14357	5.12846
-1.92897	1.13205	5.14456	5.12879
-1.93784	1.12843	5.14522	5.1278
-1.93029	1.14092	5.14522	5.12616
-1.92109	1.14749	5.14325	5.1255
-1.91189	1.15932	5.14325	5.12616
-1.9132	1.158	5.1439	5.12649
-1.92273	1.15636	5.14357	5.12518
-1.93193	1.15504	5.14555	5.12485
-1.92897	1.17344	5.14719	5.12583
-1.92799	1.16622	5.14785	5.12518
-1.92371	1.16424	5.14653	5.12452
-1.9178	1.16687	5.1439	5.12583
-1.89973	1.18757	5.14226	5.12715
-1.89973	1.18166	5.14292	5.12583
-1.88889	1.18593	5.1439	5.1232
-1.8787	1.19907	5.14456	5.12255
-1.86458	1.20761	5.14259	5.12419
-1.86983	1.20564	5.14095	5.1255
-1.87082	1.20301	5.14226	5.12715
-1.86491	1.20925	5.14226	5.12748
-1.85801	1.2178	5.14325	5.12485
-1.84979	1.22831	5.14587	5.1232
-1.83895	1.25065	5.1462	5.12452
-1.83205	1.25952	5.14456	5.12485
-1.83698	1.26346	5.14062	5.12682
-1.82318	1.26971	5.13963	5.12846
-1.81792	1.27332	5.14029	5.1278
-1.81464	1.27595	5.14325	5.12748
-1.8061	1.27759	5.14555	5.12813
-1.8107	1.28482	5.14489	5.12682
-1.8153	1.27463	5.14259	5.12649
-1.81004	1.28449	5.14226	5.12748
-1.79953	1.2904	5.14226	5.12616
-1.78967	1.29238	5.1439	5.12386
-1.79755	1.28482	5.14489	5.1232
-1.8061	1.26971	5.14423	5.12452
-1.8038	1.28548	5.14325	5.12452
-1.80413	1.27726	5.14259	5.12419
-1.8061	1.27562	5.14259	5.12255
-1.80774	1.27266	5.14325	5.12419
-1.80643	1.27135	5.14292	5.12715
-1.80281	1.28778	5.14292	5.12682
-1.80675	1.27792	5.1439	5.1255
-1.80675	1.26543	5.14522	5.12485
-1.80905	1.27003	5.14587	5.12748
-1.8061	1.27332	5.1439	5.12912
-1.82877	1.26609	5.14357	5.1301
-1.83468	1.25755	5.1439	5.1301
-1.83369	1.25361	5.14357	5.12977
-1.83337	1.24934	5.14259	5.12977
-1.83172	1.25394	5.1416	5.12977
-1.83139	1.25196	5.14226	5.12846
-1.84158	1.25558	5.14193	5.12813
-1.85242	1.24474	5.14259	5.12846
-1.85406	1.23915	5.1439	5.12748
-1.85801	1.2247	5.14555	5.1255
-1.86293	1.2155	5.14785	5.12616
-1.86885	1.20268	5.14653	5.12682
-1.87739	1.18428	5.14423	5.12682
-1.88363	1.16753	5.14127	5.12682
-1.88922	1.16622	5.14029	5.12715
-1.8856	1.16983	5.14029	5.12748
-1.8902	1.15012	5.14029	5.1255
-1.88987	1.1442	5.1416	5.12386
-1.88363	1.15307	5.14292	5.1232
-1.87838	1.16096	5.1439	5.1255
-1.88429	1.1465	5.14423	5.12912
-1.88659	1.15045	5.14193	5.13109
-1.88593	1.14979	5.1416	5.12945
-1.8879	1.1626	5.14259	5.12616
-1.88527	1.16359	5.1439	5.12518
-1.87608	1.15866	5.14325	5.12518
-1.86852	1.15012	5.14193	5.12485
-1.88593	1.13895	5.14095	5.12452
-1.88363	1.13369	5.14259	5.12485
-1.88725	1.11989	5.14357	5.12583
-1.89283	1.11693	5.1439	5.12583
-1.88002	1.1212	5.14423	5.12518
-1.86228	1.13665	5.14456	5.12485
-1.86819	1.14059	5.14325	5.12353
-1.87213	1.1281	5.14259	5.12353
-1.87936	1.11332	5.14325	5.12452
-1.86819	1.11792	5.14489	5.12452
-1.86162	1.12252	5.14423	5.12518
-1.8695	1.11726	5.14456	5.12518
-1.87279	1.11595	5.1439	5.12649
-1.87443	1.10576	5.14292	5.12616
-1.88232	1.11463	5.14357	5.12649
-1.881	1.11759	5.14325	5.12518
-1.881	1.10872	5.14193	5.12583
-1.85833	1.11266	5.14226	5.1255
-1.85472	1.11792	5.14292	5.12386
-1.86096	1.11168	5.1439	5.12353
-1.86721	1.10116	5.14423	5.12353
-1.86491	1.11431	5.14357	5.12518
-1.85735	1.11201	5.1439	5.12616
-1.8695	1.10084	5.14587	5.1255
-1.87706	1.09492	5.14555	5.1232
-1.87575	1.10543	5.14489	5.12485
-1.88495	1.10839	5.14456	5.12748
-1.87246	1.11168	5.14456	5.12879
-1.87575	1.1212	5.14653	5.12682
-1.87739	1.11266	5.14916	5.12485
-1.87969	1.10149	5.14916	5.12452
-1.8879	1.10708	5.14686	5.12485
-1.90794	1.09985	5.14357	5.12386
-1.904	1.10281	5.1416	5.12386
-1.90959	1.09525	5.1416	5.1255
-1.91123	1.08605	5.14456	5.12616
-1.9178	1.09722	5.14522	5.12452
-1.91156	1.11858	5.14423	5.12156
-1.91649	1.11562	5.14357	5.12123
-1.90794	1.11332	5.1416	5.12288
-1.90729	1.11003	5.14095	5.12452
-1.90499	1.10445	5.14062	5.12649
-1.90334	1.10346	5.14193	5.12649
-1.90794	1.10708	5.14456	5.12616
-1.89415	1.11102	5.14587	5.12583
-1.89645	1.10379	5.14555	5.12682
-1.904	1.09328	5.14325	5.12879
-1.89842	1.10708	5.14259	5.12846
-1.8948	1.10314	5.14292	5.12846
-1.90334	1.08769	5.1439	5.12715
-1.89875	1.09032	5.14522	5.12452
-1.89612	1.11398	5.14456	5.1232
-1.9086	1.09558	5.14259	5.12419
-1.91419	1.08835	5.13963	5.12518
-1.92109	1.07751	5.13832	5.12616
-1.92831	1.07291	5.1416	5.12715
-1.927	1.08507	5.14587	5.12682
-1.93258	1.06732	5.14686	5.12649
-1.9316	1.05123	5.1439	5.12616
-1.95	1.0233	5.14292	5.12649
-1.93061	1.0417	5.14423	5.12715
-1.94211	1.04597	5.14423	5.12813
-1.94014	1.05517	5.14489	5.12748
-1.93127	1.06174	5.14489	5.1278
-1.93094	1.06207	5.14357	5.1278
-1.9316	1.05648	5.14357	5.12813
-1.9339	1.06864	5.14325	5.1278
-1.92339	1.08112	5.14456	5.12813
-1.92141	1.08408	5.14489	5.1278
-1.92799	1.07488	5.1439	5.12748
-1.93456	1.07127	5.1439	5.1255
-1.93916	1.06075	5.14456	5.12353
-1.92371	1.08047	5.14456	5.12353
-1.91616	1.09591	5.14456	5.1232
-1.91977	1.09591	5.14325	5.12419
-1.92076	1.09624	5.14259	5.12616
-1.9155	1.10609	5.14226	5.12616
-1.92174	1.09426	5.14193	5.12485
-1.92339	1.10116	5.14193	5.1255
-1.91879	1.10379	5.14127	5.12616
-1.91024	1.1281	5.14095	5.12715
-1.9201	1.11135	5.14226	5.12583
-1.91879	1.12055	5.14292	5.12353
-1.91846	1.11759	5.14259	5.1232
-1.90827	1.13533	5.14193	5.12353
-1.89743	1.15045	5.14193	5.12288
-1.89283	1.15274	5.1416	5.12255
-1.8925	1.1511	5.14127	5.12353
-1.89842	1.15274	5.1416	5.12419
-1.88889	1.158	5.14259	5.12616
-1.89217	1.14815	5.14226	5.12912
-1.88495	1.1672	5.14325	5.12912
-1.8787	1.16227	5.14226	5.12682
-1.88035	1.16227	5.13996	5.12518
-1.88495	1.15899	5.13766	5.12616
-1.86918	1.17771	5.13996	5.12583
-1.85998	1.18166	5.14325	5.12452
-1.84782	1.20728	5.14423	5.1232
-1.84454	1.2155	5.14357	5.12485
-1.83797	1.22141	5.14325	5.12518
-1.84026	1.2132	5.1439	5.12583
-1.83107	1.21648	5.14423	5.12748
-1.82482	1.2247	5.14489	5.12813
-1.82581	1.23718	5.1439	5.12879
-1.82811	1.22502	5.14456	5.12715
-1.84651	1.21254	5.14555	5.12485
-1.84191	1.2178	5.1439	5.12452
-1.83304	1.20893	5.14259	5.1255
-1.82745	1.21878	5.14325	5.12616
-1.82318	1.22042	5.1439	5.12616
-1.82154	1.22798	5.1439	5.12715
-1.82187	1.24178	5.1439	5.12452
-1.82778	1.24474	5.14456	5.12353
-1.82679	1.23882	5.14522	5.12353
-1.8222	1.25558	5.14522	5.12386
-1.81858	1.25361	5.14456	5.12452
-1.82679	1.24802	5.14423	5.12518
-1.82482	1.25196	5.14423	5.12649
-1.83928	1.22732	5.14423	5.12583
-1.84979	1.22962	5.14423	5.12485
-1.84979	1.23817	5.14226	5.12386
-1.85373	1.23685	5.14029	5.12518
-1.85341	1.23357	5.14029	5.12879
-1.84289	1.24047	5.14226	5.12945
-1.84158	1.23915	5.1439	5.12879
-1.84552	1.24736	5.14555	5.12715
-1.84585	1.23225	5.1462	5.12452
-1.84059	1.23981	5.14522	5.12353
-1.85144	1.23028	5.14226	5.12485
-1.85505	1.23028	5.14095	5.12518
-1.84552	1.24868	5.14062	5.1255
-1.85308	1.22765	5.14193	5.12616
-1.85538	1.23455	5.14193	5.1255
-1.86491	1.22108	5.14127	5.12583
-1.86326	1.21221	5.13996	5.12715
-1.84914	1.21287	5.13996	5.12748
-1.85242	1.21812	5.14193	5.12846
-1.85702	1.20663	5.14489	5.12977
-1.85833	1.21254	5.14686	5.12846
-1.87016	1.20104	5.1462	5.12813
-1.87246	1.21221	5.14193	5.12682
-1.87016	1.2109	5.13832	5.1255
-1.86819	1.22141	5.13667	5.12583
-1.85702	1.22075	5.14029	5.12649
-1.85275	1.22305	5.14357	5.12616
-1.85242	1.22798	5.14587	5.12616
-1.84454	1.23389	5.14423	5.12616
-1.86031	1.21714	5.14259	5.12452
-1.86523	1.2063	5.14226	5.12485
-1.8695	1.19841	5.14095	5.12583
-1.87608	1.20071	5.14029	5.12682
-1.88823	1.19578	5.14259	5.12715
-1.89086	1.19283	5.14653	5.12583
-1.8994	1.17574	5.14817	5.12518
-1.90433	1.16359	5.14719	5.12485
-1.8971	1.16654	5.14489	5.12485
-1.89217	1.17903	5.14357	5.12583
-1.89382	1.17509	5.14423	5.12616
-1.89875	1.16194	5.14456	5.12452
-1.90269	1.16589	5.14456	5.12255
-1.90203	1.1626	5.14292	5.12255
-1.8925	1.16622	5.14193	5.12353
-1.89776	1.1626	5.14193	5.1255
-1.8902	1.17706	5.1416	5.12649
-1.89185	1.16917	5.14259	5.12583
-1.88922	1.16622	5.14357	5.1255
-1.8902	1.15932	5.14423	5.12649
-1.89316	1.15209	5.14456	5.12682
-1.89776	1.13862	5.14489	5.12616
-1.89579	1.13566	5.14357	5.1255
-1.90532	1.12383	5.1439	5.12485
-1.90367	1.12975	5.14522	5.1255
-1.9132	1.12909	5.14456	5.12518
-1.9201	1.11923	5.14357	5.12583
-1.92569	1.1212	5.14193	5.12748
-1.93423	1.11069	5.14292	5.12813
-1.93686	1.09394	5.14193	5.12813
-1.93291	1.07652	5.14029	5.12945
-1.93883	1.06272	5.14095	5.13043
-1.94211	1.06535	5.14226	5.12846
-1.94343	1.07981	5.14292	5.12715
-1.94376	1.08539	5.14423	5.12452
-1.95624	1.08112	5.14489	5.1232
-1.96347	1.06568	5.14423	5.12353
-1.96774	1.05681	5.14325	5.12452
-1.96807	1.06831	5.1439	5.12583
-1.97365	1.07127	5.14423	5.12813
-1.9569	1.08737	5.14489	5.12846
-1.94606	1.09459	5.14423	5.12748
-1.94408	1.08408	5.14456	5.12715
-1.93883	1.08737	5.1439	5.12715
-1.94671	1.08966	5.14423	5.12748
-1.96215	1.07455	5.14489	5.12813
-1.96347	1.07587	5.14653	5.12748
-1.96741	1.07094	5.14522	5.1255
-1.9753	1.06667	5.14259	5.12583
-1.95953	1.08309	5.14127	5.12616
-1.95821	1.10051	5.14127	5.12583
-1.95985	1.10215	5.14193	5.1255
-1.94638	1.10182	5.14259	5.12518
-1.95525	1.09886	5.14292	5.12485
-1.95328	1.10149	5.14259	5.1255
-1.94901	1.11496	5.14226	5.12485
-1.95131	1.10281	5.14193	5.12616
-1.94737	1.10084	5.14127	5.12846
-1.93916	1.10741	5.14193	5.12748
-1.92897	1.12252	5.14325	5.12715
-1.92536	1.11693	5.14555	5.12616
-1.91813	1.11595	5.14785	5.12485
-1.9086	1.13468	5.14653	5.12452
-1.904	1.135	5.14423	5.12583
-1.90466	1.1465	5.14292	5.12616
-1.9063	1.13829	5.14325	5.12649
-1.90696	1.13829	5.14456	5.12583
-1.9109	1.13435	5.1462	5.12485
-1.9109	1.12975	5.1462	5.12452
-1.91911	1.12383	5.1462	5.12682
-1.91287	1.13566	5.14522	5.12748
-1.90926	1.13172	5.14555	5.12649
-1.90696	1.13533	5.14423	5.12518
-1.90762	1.12712	5.14522	5.1232
-1.91057	1.12449	5.1439	5.12419
-1.90597	1.1258	5.14423	5.12616
-1.90762	1.11792	5.14489	5.1255
-1.89776	1.13566	5.14555	5.12518
-1.89776	1.13435	5.14522	5.12583
-1.89579	1.12745	5.14456	5.12616
-1.89612	1.135	5.14456	5.12583
-1.89579	1.13829	5.14489	5.12583
-1.88692	1.13205	5.14357	5.12583
-1.89513	1.14059	5.14127	5.12485
-1.88593	1.14946	5.1416	5.12485
-1.89382	1.1488	5.14423	5.12518
-1.89842	1.13927	5.14456	5.12452
-1.904	1.14519	5.14357	5.12485
-1.90203	1.15472	5.14226	5.12386
-1.90072	1.14946	5.14259	5.12419
-1.89612	1.15143	5.14456	5.12386
-1.89513	1.14749	5.14456	5.12518
-1.90039	1.15077	5.14423	5.12649
-1.89546	1.15734	5.14292	5.12715
-1.89185	1.17016	5.14522	5.12715
-1.88757	1.17114	5.14555	5.12616
-1.87213	1.1741	5.14489	5.12616
-1.85932	1.18363	5.14456	5.12682
-1.85308	1.18888	5.14456	5.12748
-1.83862	1.20334	5.14522	5.12715
-1.84092	1.21418	5.14555	5.12682
-1.83534	1.21254	5.14522	5.12616
-1.83337	1.21057	5.14489	5.12583
-1.82614	1.2155	5.1439	5.12616
-1.8153	1.2293	5.1439	5.12846
-1.82055	1.22798	5.14259	5.1278
-1.81957	1.21714	5.14193	5.12649
-1.80215	1.22831	5.14357	5.12518
-1.79755	1.23882	5.14456	5.12353
-1.80413	1.23324	5.14292	5.1232
-1.80445	1.24342	5.14259	5.1232
-1.79624	1.23981	5.14456	5.12452
-1.79164	1.24671	5.14555	5.12616
-1.79854	1.24539	5.14522	5.12616
-1.80183	1.24211	5.14522	5.12583
-1.79295	1.23357	5.14555	5.12386
-1.80248	1.24277	5.14292	5.12189
-1.8038	1.24638	5.14127	5.12222
-1.79985	1.25032	5.14127	5.1255
-1.80807	1.24901	5.14292	5.12682
-1.8084	1.25229	5.14522	5.1255
-1.80445	1.24802	5.14522	5.12353
-1.79197	1.26741	5.14456	5.12452
-1.80413	1.26281	5.14292	5.12616
-1.79263	1.27858	5.14062	5.1278
-1.7854	1.27825	5.14127	5.12846
-1.78934	1.28383	5.14292	5.12846
-1.79098	1.27792	5.14292	5.12879
-1.79887	1.26938	5.14226	5.12715
-1.81234	1.27036	5.14325	5.12452
-1.82055	1.26478	5.14357	5.12583
-1.82121	1.25459	5.14226	5.1278
-1.82745	1.25426	5.14193	5.12715
-1.82187	1.25689	5.1416	5.12813
-1.83008	1.25164	5.14259	5.12682
-1.83468	1.24736	5.1439	5.12583
-1.84224	1.26478	5.14357	5.1255
-1.85012	1.24244	5.14226	5.1255
-1.85899	1.23389	5.14193	5.1255
-1.87016	1.23554	5.14423	5.12485
-1.87246	1.23389	5.14719	5.12386
-1.86293	1.23817	5.14686	5.12288
-1.8741	1.22305	5.14555	5.12386
-1.87476	1.21385	5.14489	5.12682
-1.87936	1.2132	5.14489	5.1278
-1.8787	1.20367	5.14686	5.12813
-1.88396	1.19776	5.14817	5.1278
-1.88823	1.18757	5.14752	5.12616
-1.89447	1.18658	5.14489	5.12583
-1.91452	1.1741	5.1439	5.12649
-1.91714	1.181	5.14292	5.12682
-1.91747	1.18133	5.14325	5.12616
-1.9201	1.16523	5.14325	5.12682
-1.9247	1.16622	5.14259	5.12616
-1.92667	1.16194	5.14292	5.12649
-1.92207	1.16162	5.14259	5.12682
-1.92371	1.15307	5.14489	5.12682
-1.92733	1.13336	5.14522	5.12682
-1.9293	1.13993	5.14423	5.12583
-1.92766	1.13697	5.1439	5.12518
-1.92897	1.12712	5.14555	5.12353
-1.92799	1.13468	5.14653	5.12156
-1.94047	1.12416	5.14555	5.12222
-1.92437	1.13468	5.14489	5.1255
-1.93488	1.11562	5.1462	5.12616
-1.93456	1.12055	5.14489	5.12748
-1.93423	1.11332	5.14325	5.12748
-1.93521	1.10642	5.14193	5.12682
-1.92963	1.11069	5.14325	5.1255
-1.9316	1.10938	5.14489	5.12616
-1.92306	1.11201	5.14555	5.12715
-1.92339	1.10314	5.14456	5.12846
-1.92437	1.11102	5.14456	5.13043
-1.92799	1.11102	5.14555	5.12846
-1.93357	1.11529	5.14489	5.12649
-1.93587	1.11858	5.14653	5.1255
-1.93029	1.11726	5.14653	5.12452
-1.9247	1.12548	5.14357	5.12485
-1.92339	1.12548	5.14325	5.12485
-1.91911	1.13336	5.14357	5.12583
-1.927	1.11792	5.14489	5.12583
-1.93291	1.11661	5.14456	5.12583
-1.92536	1.11562	5.14357	5.1232
-1.92897	1.12383	5.1439	5.1232
-1.93916	1.12022	5.1439	5.12386
-1.93686	1.11562	5.14325	5.12452
-1.93029	1.12088	5.14259	5.12485
-1.9339	1.13106	5.14193	5.12616
-1.93686	1.12548	5.14325	5.12518
-1.9362	1.12712	5.14423	5.12288
-1.9454	1.12055	5.14423	5.12288
-1.93653	1.13566	5.14193	5.12452
-1.9385	1.14683	5.14127	5.12649
-1.9408	1.14256	5.14062	5.12649
-1.9362	1.1419	5.14029	5.12616
-1.9408	1.135	5.14127	5.12518
-1.9408	1.13796	5.14062	5.12353
-1.95	1.12876	5.14095	5.12419
-1.95033	1.12646	5.1416	5.12485
-1.94244	1.13336	5.14226	5.12452
-1.94146	1.14223	5.14292	5.12386
-1.94211	1.15603	5.14259	5.12222
-1.93521	1.1557	5.14325	5.12156
-1.93127	1.16589	5.14357	5.1232
-1.9293	1.15767	5.1439	5.12649
-1.94376	1.13533	5.14259	5.1278
-1.93456	1.15143	5.14095	5.12813
-1.91156	1.16917	5.14127	5.12682
-1.91254	1.16983	5.1416	5.12419
-1.92536	1.15077	5.1416	5.12419
-1.9201	1.14979	5.14259	5.12518
-1.91747	1.1695	5.1439	5.12485
-1.9201	1.16819	5.14423	5.12616
-1.92371	1.16917	5.14292	5.12715
-1.92503	1.16589	5.14325	5.12583
-1.91879	1.16687	5.14423	5.12616
-1.9063	1.18428	5.14653	5.12353
-1.90269	1.1856	5.14785	5.12156
-1.90696	1.17213	5.14489	5.12255
-1.9063	1.18034	5.14062	5.12452
-1.89645	1.17837	5.13897	5.12715
-1.88922	1.20498	5.14226	5.12813
-1.88823	1.20958	5.14555	5.1255
-1.87575	1.22272	5.14555	5.12518
-1.85768	1.23357	5.14423	5.12518
-1.85242	1.23784	5.14226	5.12485
-1.85801	1.22667	5.14095	5.1255
-1.85242	1.22897	5.14226	5.12649
-1.84454	1.23685	5.14423	5.12748
-1.83501	1.24868	5.14423	5.12682
-1.84026	1.24966	5.14522	5.12452
-1.84454	1.23817	5.14555	5.12222
-1.86063	1.22174	5.14555	5.12452
-1.86261	1.21517	5.14325	5.12748
-1.8741	1.204	5.14226	5.12879
-1.87115	1.20695	5.14259	5.13043
-1.86885	1.20991	5.14357	5.1301
-1.85308	1.23619	5.14456	5.12649
-1.85833	1.23225	5.14587	5.12386
-1.85801	1.23422	5.14522	5.12353
-1.85735	1.23455	5.14423	5.1255
-1.84848	1.24178	5.14357	5.12583
-1.85603	1.23718	5.14555	5.12419
-1.85603	1.24014	5.14719	5.12189
-1.85965	1.23784	5.14719	5.12288
-1.84914	1.24244	5.14456	5.12452
-1.86852	1.22305	5.14259	5.12485
-1.8718	1.2201	5.14292	5.12583
-1.8718	1.21123	5.14325	5.12452
-1.8741	1.20137	5.14456	5.12518
-1.88659	1.18823	5.14752	5.12682
-1.89349	1.17771	5.14752	5.12748
-1.89579	1.17476	5.14587	5.12616
-1.88856	1.18626	5.14259	5.12649
-1.89842	1.18461	5.13996	5.12583
-1.89842	1.19151	5.13996	5.1255
-1.90203	1.18034	5.14259	5.12583
-1.9063	1.18856	5.14489	5.12419
-1.90367	1.17936	5.14456	5.12419
-1.904	1.17246	5.14325	5.1255
-1.89513	1.17574	5.14226	5.12485
-1.88593	1.18724	5.14259	5.12452
-1.881	1.19381	5.14325	5.12583
-1.88002	1.20203	5.14325	5.12649
-1.87739	1.2155	5.14292	5.12682
-1.8833	1.21517	5.1439	5.12649
-1.87772	1.22732	5.14357	5.12748
-1.88002	1.22568	5.14325	5.12748
-1.87936	1.23159	5.1439	5.12846
-1.87246	1.22502	5.14259	5.12748
-1.87312	1.2293	5.14325	5.12583
-1.86753	1.2293	5.14423	5.12649
-1.85833	1.23258	5.14325	5.12616
-1.85998	1.2224	5.14062	5.12649
-1.85768	1.2293	5.14127	5.12649
-1.85669	1.23028	5.14423	5.12649
-1.85932	1.22075	5.14357	5.12682
-1.86523	1.21747	5.14325	5.12649
-1.85899	1.22141	5.14325	5.12485
-1.85669	1.20663	5.1439	5.12583
-1.84191	1.21878	5.14522	5.1278
-1.84191	1.20761	5.1439	5.12715
-1.84585	1.1994	5.1439	5.1255
-1.84618	1.20301	5.1439	5.12386
-1.84158	1.22075	5.14522	5.12255
-1.84421	1.21517	5.14522	5.12353
-1.84979	1.21385	5.14357	5.12616
-1.84716	1.22272	5.14127	5.12748
-1.85571	1.20695	5.14062	5.1278
-1.85406	1.20893	5.1416	5.12813
-1.85341	1.20925	5.14292	5.12649
-1.86031	1.20663	5.14357	5.12518
-1.85242	1.20433	5.14325	5.12583
-1.84651	1.21451	5.14259	5.12583
-1.85636	1.20268	5.14357	5.12616
-1.86129	1.19283	5.14292	5.12518
-1.86392	1.20268	5.14259	5.12452
-1.87082	1.19414	5.14357	5.12518
-1.87772	1.17574	5.14489	5.12715
-1.881	1.17147	5.14456	5.12879
-1.88462	1.15964	5.14226	5.12945
-1.89053	1.15209	5.14095	5.12977
-1.88626	1.16457	5.14193	5.12846
-1.89415	1.1626	5.14489	5.1278
-1.89776	1.15012	5.14719	5.12616
-1.90137	1.14223	5.1485	5.12616
-1.9017	1.14519	5.14489	5.12419
-1.89743	1.14716	5.14292	5.1232
-1.90433	1.13895	5.1416	5.1255
-1.9132	1.13402	5.1416	5.12846
-1.91123	1.13172	5.14127	5.12912
-1.91649	1.14223	5.14095	5.12715
-1.91714	1.15274	5.14127	5.1255
-1.92667	1.14782	5.14423	5.12419
-1.92076	1.15702	5.14456	5.12485
-1.92043	1.15899	5.14423	5.12518
-1.92963	1.15307	5.14456	5.12715
-1.93291	1.14913	5.14357	5.12879
-1.93324	1.14847	5.1439	5.12748
-1.94014	1.14059	5.14325	5.12419
-1.94343	1.13862	5.14226	5.12255
-1.94638	1.13632	5.13897	5.12452
-1.95657	1.11825	5.13865	5.1255
-1.96511	1.10215	5.14029	5.12583
-1.96314	1.09689	5.14226	5.12583
-1.96872	1.08211	5.1439	5.12485
-1.97004	1.08014	5.14423	5.12616
-1.96445	1.08835	5.14226	5.1255
-1.9615	1.09262	5.1393	5.12386
-1.95755	1.09459	5.1393	5.12518
-1.95755	1.09689	5.1416	5.12616
-1.95985	1.10478	5.1439	5.1255
-1.96642	1.08572	5.14456	5.12419
-1.96708	1.07849	5.14522	5.12222
-1.96741	1.07718	5.14522	5.12419
-1.97464	1.07225	5.14456	5.12682
-1.97891	1.07619	5.14423	5.12879
-1.97365	1.08178	5.14555	5.12846
-1.96971	1.08572	5.14719	5.1278
-1.97464	1.08145	5.14785	5.12682
-1.97792	1.07061	5.1462	5.12616
-1.97891	1.07587	5.14226	5.12583
-1.99041	1.0578	5.13897	5.12518
-1.98745	1.06962	5.1393	5.12485
-1.98318	1.06798	5.1416	5.12583
-1.97497	1.08507	5.14489	5.12386
-1.97365	1.08277	5.14489	5.12419
-1.98187	1.08342	5.14325	5.12583
-1.97398	1.09361	5.1416	5.12846
-1.96675	1.09426	5.14193	5.12977
-1.96642	1.09788	5.1416	5.12912
-1.97004	1.09032	5.14193	5.12616
-1.95985	1.09886	5.14292	5.12419
-1.95723	1.10379	5.14292	5.12518
-1.95755	1.10971	5.1439	5.1255
-1.9592	1.11102	5.1439	5.1278
-1.95033	1.11661	5.14259	5.12912
-1.9477	1.12712	5.14259	5.12715
-1.94211	1.13796	5.1439	5.12452
-1.93094	1.15143	5.14423	5.1209
-1.93094	1.15702	5.14357	5.1209
-1.93094	1.14486	5.1439	5.12288
-1.92601	1.15143	5.14292	5.1255
-1.92339	1.15964	5.1416	5.12583
-1.92043	1.1603	5.14292	5.12452
-1.90597	1.17377	5.14423	5.12353
-1.90466	1.18297	5.14555	5.12255
-1.89875	1.18856	5.14653	5.12452
-1.89447	1.20104	5.14456	5.1278
-1.89119	1.19611	5.14325	5.12977
-1.8879	1.19841	5.14456	5.12945
-1.89612	1.1879	5.14587	5.12583
-1.89447	1.18888	5.14653	5.12288
-1.89743	1.18888	5.14653	5.12353
-1.89447	1.19217	5.14423	5.12518
-1.88462	1.20334	5.14193	5.12682
-1.89152	1.20137	5.14062	5.1278
-1.89415	1.19086	5.14127	5.12846
-1.8856	1.21451	5.1416	5.12616
-1.88823	1.20531	5.14259	5.12452
-1.88429	1.2109	5.14127	5.12288
-1.88889	1.19447	5.14193	5.12452
-1.88922	1.1879	5.14127	5.12583
-1.89053	1.19644	5.1416	5.12682
-1.88462	1.20071	5.14259	5.12616
-1.87936	1.21484	5.14357	5.12616
-1.88232	1.22272	5.14357	5.12616
-1.88002	1.23061	5.1439	5.12616
-1.8741	1.22765	5.14489	5.12583
-1.88462	1.22272	5.14259	5.1255
-1.88462	1.21977	5.14095	5.12649
-1.87673	1.22831	5.14259	5.12748
-1.88527	1.21517	5.14489	5.12748
-1.8925	1.20958	5.14686	5.12616
-1.88068	1.21648	5.14752	5.12518
-1.88527	1.20958	5.1462	5.12518
-1.88659	1.2132	5.14587	5.12649
-1.88133	1.2201	5.14555	5.1278
-1.88199	1.21451	5.14357	5.12715
-1.8718	1.2247	5.14127	5.12616
-1.86688	1.22042	5.1416	5.12485
-1.86753	1.21878	5.14259	5.12288
-1.86622	1.22371	5.14423	5.1232
-1.87312	1.21582	5.14259	5.12518
-1.87838	1.20334	5.14095	5.12649
-1.88199	1.20433	5.13996	5.12682
-1.89119	1.19644	5.14095	5.12649
-1.89217	1.1741	5.14259	5.12583
-1.89382	1.17739	5.14193	5.1255
-1.88955	1.17936	5.14029	5.1255
-1.88166	1.18363	5.14062	5.12649
-1.86556	1.18264	5.14292	5.12682
-1.86031	1.19348	5.14423	5.12748
-1.85669	1.1994	5.14456	5.12682
-1.86688	1.19118	5.14456	5.12485
-1.8856	1.1741	5.14489	5.12288
-1.90104	1.15964	5.1439	5.1232
-1.89677	1.16063	5.14193	5.12583
-1.89579	1.15636	5.1416	5.12813
-1.8994	1.15964	5.14193	5.1278
-1.90203	1.1465	5.14325	5.12748
-1.90203	1.14815	5.14325	5.12616
-1.90663	1.158	5.14357	5.12485
-1.91222	1.15603	5.14357	5.12682
-1.90959	1.15537	5.14357	5.12715
-1.90926	1.15406	5.14423	5.12485
-1.91123	1.14815	5.14456	5.1255
-1.91944	1.14289	5.14522	5.12715
-1.92371	1.13599	5.14686	5.1301
-1.93784	1.13073	5.14653	5.13142
-1.9316	1.13238	5.14423	5.1301
-1.9316	1.12975	5.14357	5.12879
-1.93193	1.12712	5.14489	5.12715
-1.93061	1.12646	5.14653	5.12485
-1.91846	1.14059	5.14587	5.1232
-1.91846	1.1511	5.14522	5.12485
-1.92076	1.14749	5.14456	5.1278
-1.92371	1.15899	5.14357	5.12813
-1.91484	1.15504	5.14357	5.1301
-1.92404	1.12942	5.1439	5.12813
-1.927	1.12383	5.14555	5.12649
-1.91616	1.14322	5.1462	5.1255
-1.91977	1.13763	5.14456	5.12583
-1.92109	1.14387	5.14193	5.12616
-1.92306	1.1373	5.14127	5.12649
-1.92339	1.12515	5.14259	5.1255
-1.92733	1.14026	5.14357	5.12452
-1.93587	1.12876	5.14259	5.12518
-1.93784	1.11562	5.14259	5.1255
-1.92864	1.12745	5.14325	5.12682
-1.92306	1.14092	5.14357	5.12748
-1.93488	1.12942	5.14423	5.12682
-1.93981	1.12745	5.14555	5.12649
-1.94211	1.11299	5.14686	5.12649
-1.94474	1.11036	5.14522	5.12583
-1.93883	1.12055	5.1439	5.12682
-1.94638	1.11792	5.14259	5.12813
-1.94408	1.1212	5.1416	5.12846
-1.93521	1.12745	5.14193	5.12912
-1.9431	1.11956	5.14259	5.12977
-1.93817	1.135	5.14423	5.12912
-1.92996	1.13369	5.14555	5.12846
-1.93488	1.12679	5.14489	5.12813
-1.93094	1.13632	5.1439	5.1278
-1.92273	1.14322	5.14259	5.12879
-1.92404	1.1534	5.14325	5.12748
-1.91846	1.16359	5.14587	5.12452
-1.91714	1.16523	5.1462	5.12419
-1.91024	1.17311	5.14489	5.12518
-1.90597	1.1695	5.14456	5.12485
-1.91649	1.1626	5.14489	5.12518
-1.91287	1.17936	5.14292	5.12452
-1.9063	1.18034	5.14029	5.12518
-1.89645	1.18823	5.14062	5.1255
-1.89776	1.18691	5.1439	5.12419
-1.89809	1.19086	5.14719	5.1255
-1.89217	1.19348	5.14817	5.12616
-1.88659	1.20433	5.14653	5.12583
-1.88955	1.20433	5.14489	5.12649
-1.88133	1.21024	5.14193	5.12485
-1.88955	1.19447	5.1416	5.12353
-1.88462	1.19578	5.14259	5.1232
-1.8856	1.20728	5.14292	5.12452
-1.88068	1.22207	5.14292	5.1255
-1.87805	1.22667	5.14193	5.12518
-1.87706	1.21911	5.14193	5.1255
-1.87509	1.21681	5.1439	5.12485
-1.87345	1.22437	5.1439	5.12419
-1.87279	1.22765	5.14357	5.12419
-1.86129	1.25032	5.14325	5.1255
-1.86129	1.24507	5.14357	5.1278
-1.84848	1.25196	5.14292	5.12813
-1.85111	1.24835	5.1416	5.1255
-1.85505	1.24474	5.14095	5.12452
-1.86261	1.23159	5.14292	5.1255
-1.86622	1.22502	5.14522	5.12583
-1.86293	1.227	5.14653	5.12616
-1.84848	1.23225	5.14555	5.12682
-1.85899	1.21714	5.14259	5.12715
-1.85472	1.21221	5.1393	5.12682
-1.86458	1.19743	5.13996	5.12616
-1.87345	1.19907	5.1416	5.12485
-1.87115	1.20498	5.14357	5.12583
-1.87279	1.20071	5.14423	5.12583
-1.87312	1.21287	5.14325	5.1255
-1.86918	1.20925	5.14325	5.12583
-1.88133	1.2109	5.14325	5.12682
-1.87509	1.20925	5.1439	5.1278
-1.87312	1.22272	5.14587	5.12912
-1.87378	1.21944	5.1462	5.12912
-1.88659	1.20367	5.14555	5.12813
-1.89185	1.1948	5.14357	5.12879
-1.89973	1.17311	5.14193	5.12715
-1.90367	1.17903	5.14226	5.12616
-1.89809	1.1741	5.1416	5.12616
-1.89677	1.1741	5.13996	5.12715
-1.89907	1.17377	5.13963	5.12715
-1.89513	1.16819	5.14029	5.12682
-1.88987	1.16753	5.14127	5.1255
-1.88823	1.15964	5.14226	5.12583
-1.88856	1.15012	5.14259	5.1255
-1.88757	1.15373	5.14292	5.12452
-1.89283	1.15077	5.14325	5.12583
-1.89217	1.15242	5.14259	5.12682
-1.89053	1.16293	5.14127	5.12649
-1.88955	1.1626	5.1416	5.12452
-1.8902	1.16851	5.14522	5.12485
-1.88199	1.17969	5.14686	5.12649
-1.88692	1.16194	5.14686	5.12682
-1.89086	1.15669	5.14555	5.12485
-1.8833	1.16063	5.14292	5.1255
-1.88232	1.16983	5.14226	5.12682
-1.86458	1.19151	5.14095	5.12715
-1.86031	1.20038	5.14127	5.12715
-1.86261	1.19644	5.14357	5.12583
-1.86195	1.20433	5.1462	5.12419
-1.86162	1.22272	5.1462	5.12353
-1.85801	1.23159	5.14522	5.1255
-1.85505	1.23225	5.14193	5.12682
-1.85341	1.23882	5.1393	5.1255
-1.85308	1.23817	5.13963	5.1255
-1.84881	1.24079	5.14259	5.12518
-1.84848	1.24572	5.14653	5.1255
-1.84454	1.24868	5.14456	5.12616
-1.84224	1.23619	5.14095	5.12616
-1.83731	1.23685	5.14029	5.12419
-1.82581	1.24769	5.14062	5.12419
-1.82482	1.24934	5.14193	5.1255
-1.82614	1.25164	5.14325	5.12616
-1.81924	1.24999	5.14456	5.12616
-1.81825	1.24934	5.14489	5.1255
-1.8199	1.24244	5.14423	5.12419
-1.83139	1.22897	5.14357	5.12616
-1.82712	1.22962	5.1439	5.12682
-1.83435	1.21845	5.14357	5.12616
-1.83731	1.22207	5.1439	5.12452
-1.84454	1.2247	5.1416	5.12353
-1.84224	1.23127	5.14193	5.12518
-1.85045	1.21714	5.14259	5.12518
-1.83632	1.22174	5.14226	5.12452
-1.83271	1.22141	5.14292	5.12386
-1.85111	1.20893	5.14292	5.12419
-1.85801	1.19151	5.1439	5.12485
-1.86359	1.1879	5.14456	5.12616
-1.86491	1.18658	5.1462	5.12715
-1.87082	1.17509	5.14653	5.12682
-1.88265	1.15406	5.14325	5.12583
-1.88692	1.1419	5.14029	5.12419
-1.89119	1.13303	5.13996	5.12189
-1.89152	1.1419	5.1416	5.12222
-1.89809	1.13172	5.14259	5.12485
-1.91156	1.11562	5.14357	5.12682
-1.9086	1.11726	5.14555	5.12879
-1.9063	1.12022	5.14522	5.12945
-1.91123	1.12318	5.14357	5.12748
-1.9155	1.11595	5.14325	5.12583
-1.91254	1.12548	5.14325	5.12518
-1.91714	1.11069	5.14226	5.12386
-1.92371	1.11135	5.14029	5.12288
-1.9224	1.11398	5.1393	5.12353
-1.93061	1.12055	5.1416	5.12386
-1.92766	1.1281	5.14456	5.1232
-1.92831	1.11923	5.14555	5.12255
-1.93718	1.10806	5.14653	5.12485
-1.92766	1.11266	5.1462	5.12649
-1.92207	1.11956	5.14423	5.12682
-1.9362	1.11759	5.14357	5.1255
-1.93094	1.11299	5.14259	5.12485
-1.93127	1.10018	5.14095	5.12485
-1.9408	1.09032	5.14062	5.12452
-1.93423	1.09525	5.14226	5.12353
-1.93718	1.09229	5.14259	5.12288
-1.94343	1.08145	5.14423	5.12288
-1.94901	1.07751	5.14325	5.12386
-1.95493	1.06995	5.1439	5.12518
-1.95098	1.07915	5.14456	5.12386
-1.95558	1.06667	5.1462	5.1232
-1.9569	1.07258	5.14653	5.12222
-1.95493	1.06995	5.14555	5.12353
-1.95197	1.06897	5.14489	5.12616
-1.9546	1.07291	5.14292	5.12616
-1.95755	1.07094	5.1416	5.1255
-1.96084	1.06108	5.14062	5.12583
-1.96642	1.05517	5.14292	5.12649
-1.96708	1.06601	5.14653	5.12583
-1.96051	1.08244	5.14752	5.12616
-1.96018	1.08769	5.14423	5.12682
-1.9661	1.08145	5.14259	5.12813
-1.97201	1.07619	5.14357	5.12715
-1.97168	1.07948	5.1439	5.12682
-1.97727	1.06765	5.14522	5.12715
-1.97332	1.06995	5.14522	5.12649
-1.97135	1.08047	5.14325	5.12583
-1.9684	1.09886	5.1416	5.12616
-1.97267	1.09426	5.14029	5.12616
-1.97497	1.07718	5.14029	5.1255
-1.97267	1.08079	5.14357	5.12485
-1.96708	1.10215	5.14752	5.12518
-1.97201	1.10116	5.14719	5.12452
-1.97234	1.10084	5.14522	5.12386
-1.96971	1.10773	5.14522	5.12419
-1.97004	1.11102	5.14489	5.12649
-1.96544	1.11496	5.14325	5.12682
-1.96117	1.11496	5.1439	5.12682
-1.95525	1.12515	5.14587	5.12682
-1.95854	1.11923	5.14653	5.12748
-1.95295	1.12416	5.14587	5.12748
-1.95131	1.13632	5.14226	5.12518
-1.94835	1.13895	5.14095	5.12452
-1.94277	1.13566	5.14259	5.12616
-1.93291	1.14092	5.14456	5.12879
-1.93029	1.15012	5.14489	5.12945
-1.91386	1.16063	5.14357	5.12879
-1.90926	1.15209	5.14325	5.12813
-1.90564	1.16654	5.14292	5.12977
-1.89217	1.181	5.14259	5.12813
-1.88002	1.20038	5.1439	5.1255
-1.87509	1.20925	5.14555	5.12452
-1.8764	1.22108	5.14785	5.12353
-1.87378	1.23159	5.14653	5.12353
-1.86359	1.24769	5.14259	5.12353
-1.84815	1.25492	5.13963	5.12419
-1.85144	1.24769	5.13897	5.12583
-1.83928	1.26412	5.13963	5.12419
-1.83172	1.27431	5.14127	5.12419
-1.83041	1.27102	5.14193	5.12518
-1.82712	1.27595	5.14127	5.12649
-1.81562	1.29106	5.14062	5.12715
-1.81004	1.2973	5.14095	5.12715
-1.80938	1.29566	5.14292	5.12748
-1.80281	1.3065	5.1439	5.12616
-1.79295	1.3157	5.14325	5.12616
-1.79295	1.30815	5.14357	5.12682
-1.78474	1.30815	5.14456	5.12682
-1.79	1.30092	5.14423	5.12748
-1.78638	1.31209	5.14226	5.12879
-1.79033	1.3042	5.14127	5.12945
-1.78836	1.28712	5.14325	5.12879
-1.78901	1.29402	5.14555	5.12682
-1.78474	1.29927	5.14522	5.1255
-1.78737	1.2927	5.14357	5.12583
-1.78277	1.2927	5.1416	5.12649
-1.7831	1.28745	5.1416	5.12583
-1.78868	1.2858	5.14193	5.12386
-1.78507	1.295	5.14423	5.12222
-1.79723	1.29467	5.14686	5.12353
-1.79985	1.29533	5.14522	5.12583
-1.80971	1.28548	5.14259	5.12682
-1.80281	1.28942	5.13963	5.12583
-1.81727	1.28022	5.13996	5.12649
-1.82121	1.27431	5.14292	5.12649
-1.83632	1.26872	5.14423	5.12419
-1.84716	1.25788	5.14292	5.12288
-1.84454	1.25952	5.14127	5.12386
-1.84749	1.26018	5.14029	5.12583
-1.85669	1.24572	5.14127	5.1278
-1.86622	1.24047	5.14325	5.12846
-1.86753	1.23357	5.14489	5.12452
-1.86425	1.24474	5.14456	5.12222
-1.86162	1.23751	5.14259	5.12156
-1.85012	1.25361	5.1416	5.12353
-1.85275	1.24835	5.14029	5.1255
-1.86261	1.22831	5.14062	5.12616
-1.8718	1.23225	5.1416	5.12649
-1.87213	1.22601	5.14193	5.12912
-1.86523	1.23981	5.14259	5.12748
-1.86819	1.23488	5.14193	5.12616
-1.87378	1.22634	5.14292	5.12485
-1.88462	1.21123	5.1439	5.12583
-1.89645	1.19841	5.14456	5.12748
-1.91254	1.18823	5.14357	5.12912
-1.91714	1.19677	5.14489	5.12813
-1.90893	1.19874	5.14522	5.12715
-1.90269	1.20465	5.14522	5.12682
-1.91123	1.1971	5.14357	5.12485
-1.91057	1.19611	5.14325	5.12485
-1.91222	1.19217	5.1416	5.1255
-1.91222	1.19316	5.1416	5.12452
-1.91583	1.17607	5.14292	5.1255
-1.91386	1.17771	5.14456	5.12419
-1.91057	1.18297	5.14587	5.12485
-1.90893	1.18494	5.14522	5.12386
-1.90762	1.18001	5.1439	5.12386
-1.90137	1.19053	5.14456	5.1255
-1.8994	1.19513	5.14456	5.12682
-1.90367	1.19513	5.14522	5.1255
-1.90729	1.19184	5.14587	5.12518
-1.8902	1.2063	5.14357	5.12452
-1.90104	1.19874	5.14029	5.12386
-1.90269	1.19578	5.13963	5.12419
-1.89152	1.20827	5.13996	5.12419
-1.88955	1.20334	5.14292	5.12288
-1.8856	1.2178	5.14489	5.12288
-1.88889	1.21418	5.14686	5.12419
-1.88889	1.22042	5.14653	5.12452
-1.8925	1.20991	5.14522	5.12485
-1.88659	1.22798	5.14325	5.12715
-1.8833	1.22371	5.14095	5.12682
-1.88692	1.22207	5.14226	5.12616
-1.88659	1.2201	5.14456	5.1255
-1.88429	1.21353	5.14456	5.12583
-1.88133	1.22502	5.1439	5.12616
-1.87608	1.23225	5.14292	5.12846
-1.86983	1.24211	5.14193	5.12813
-1.86523	1.24277	5.14193	5.12715
-1.87706	1.23488	5.14292	5.12649
-1.89086	1.22765	5.14325	5.12518
-1.89086	1.22207	5.14259	5.12518
-1.89645	1.21057	5.14062	5.12715
-1.89415	1.21747	5.13865	5.12912
-1.90039	1.22305	5.14029	5.12977
-1.89612	1.22174	5.14193	5.12813
-1.89185	1.22272	5.14357	5.12518
-1.9017	1.2086	5.14456	5.12583
-1.9201	1.17936	5.14489	5.12715
-1.9293	1.17213	5.14292	5.12846
-1.9293	1.1764	5.14292	5.12912
-1.93357	1.16786	5.14357	5.1278
-1.93226	1.16983	5.14456	5.12715
-1.9339	1.1626	5.14456	5.12518
-1.93653	1.15702	5.14325	5.12419
-1.93554	1.15997	5.14193	5.12419
-1.93751	1.1557	5.14095	5.12616
-1.94146	1.135	5.14193	5.12715
-1.95065	1.13008	5.14226	5.12583
-1.95098	1.12876	5.14062	5.12518
-1.96018	1.11726	5.14193	5.12616
-1.95493	1.1304	5.1439	5.12649
-1.95164	1.13566	5.14456	5.12715
-1.94178	1.14913	5.14357	5.12682
-1.94178	1.14585	5.14325	5.12682
-1.94376	1.14355	5.14292	5.12748
-1.94113	1.14223	5.14193	5.12748
-1.94113	1.14617	5.14029	5.12485
-1.94211	1.14453	5.14029	5.12386
-1.93653	1.14585	5.13996	5.12386
-1.93554	1.15274	5.14127	5.12255
-1.92667	1.15767	5.14259	5.12353
-1.92437	1.15866	5.14259	5.1255
-1.92864	1.15734	5.14259	5.12649
-1.92437	1.16063	5.14325	5.12748
-1.91879	1.17279	5.14259	5.12583
-1.90762	1.1856	5.14095	5.12485
-1.90104	1.18888	5.14029	5.12616
-1.89645	1.20203	5.14292	5.1278
-1.88889	1.21582	5.14653	5.12715
-1.87706	1.23357	5.1462	5.12616
-1.86819	1.23554	5.1462	5.12485
-1.85242	1.24802	5.14456	5.12485
-1.84979	1.25229	5.14292	5.1255
-1.84421	1.25952	5.14292	5.12518
-1.84059	1.26051	5.14522	5.12485
-1.83797	1.25164	5.14686	5.12452
-1.83172	1.26773	5.14686	5.1255
-1.83041	1.26511	5.14292	5.12748
-1.83139	1.26609	5.14193	5.12879
-1.83435	1.26313	5.14193	5.12748
-1.82417	1.26248	5.14489	5.12748
-1.81825	1.26248	5.14489	5.12649
-1.81595	1.25788	5.14423	5.12386
-1.80643	1.26576	5.14489	5.12386
-1.7992	1.29796	5.14456	5.12518
-1.80544	1.28975	5.14423	5.12616
-1.79558	1.29763	5.14193	5.12813
-1.79723	1.29829	5.13996	5.12879
-1.79788	1.28975	5.14062	5.12846
-1.79558	1.29303	5.14259	5.1278
-1.78803	1.30092	5.1439	5.12682
-1.80971	1.27989	5.1439	5.12419
-1.80511	1.28515	5.14292	5.12649
-1.79328	1.29599	5.1416	5.12748
-1.77948	1.30387	5.1416	5.12748
-1.77916	1.29796	5.14226	5.12879
-1.78803	1.29533	5.14325	5.12977
-1.79394	1.29665	5.14456	5.12879
-1.79953	1.29336	5.14489	5.12748
-1.80314	1.28909	5.14423	5.12682
-1.78901	1.295	5.14259	5.12616
-1.78408	1.30125	5.14226	5.12649
-1.78474	1.29927	5.1439	5.12649
-1.78376	1.30716	5.14226	5.12682
-1.77784	1.31406	5.14062	5.12748
-1.78014	1.31767	5.13865	5.12616
-1.78211	1.30749	5.13799	5.12518
-1.77423	1.31242	5.1393	5.1232
-1.78474	1.31077	5.14259	5.1232
-1.79295	1.3111	5.14292	5.12419
-1.77916	1.3134	5.14226	5.12682
-1.78211	1.31866	5.1416	5.1278
-1.77784	1.32457	5.14226	5.12682
-1.78408	1.31997	5.14357	5.12616
-1.78408	1.32851	5.14259	5.12452
-1.77423	1.33969	5.14259	5.12452
-1.76864	1.34626	5.1439	5.12682
-1.76667	1.34199	5.14522	5.1278
-1.76306	1.34199	5.14653	5.12649
-1.77456	1.34199	5.14587	5.12616
-1.76536	1.33771	5.1439	5.12616
-1.77324	1.33574	5.14292	5.1278
-1.76141	1.34461	5.1439	5.12879
-1.76996	1.34231	5.14489	5.12715
-1.7601	1.34067	5.14587	5.12452
-1.76634	1.33147	5.14752	5.12353
-1.7693	1.31472	5.14686	5.12353
-1.78014	1.3065	5.14357	5.12485
-1.78737	1.29895	5.14193	5.12813
-1.78441	1.29862	5.14259	5.1278
-1.80084	1.28186	5.14357	5.12813
-1.79723	1.28055	5.14423	5.12616
-1.80544	1.26116	5.14357	5.1255
-1.8084	1.25032	5.14292	5.1255
-1.80478	1.24375	5.14357	5.12649
-1.81727	1.23225	5.1439	5.1278
-1.83139	1.22075	5.14357	5.1278
-1.85275	1.2017	5.14357	5.1255
-1.86261	1.20301	5.14259	5.12386
-1.86392	1.20203	5.14325	5.1232
-1.87115	1.1902	5.14226	5.12583
-1.87608	1.18626	5.14062	5.12748
-1.88692	1.17246	5.14193	5.1301
-1.88955	1.17771	5.1439	5.1301
-1.89612	1.1718	5.14489	5.12846
-1.89677	1.17311	5.14423	5.12583
-1.8994	1.16753	5.14259	5.1255
-1.90236	1.1695	5.14127	5.12649
-1.90564	1.17147	5.14127	5.12912
-1.90729	1.16753	5.14259	5.12879
-1.91222	1.16654	5.14489	5.1255
-1.91813	1.1626	5.14555	5.12288
-1.91254	1.17476	5.14555	5.12255
-1.90663	1.17771	5.14357	5.12353
-1.91419	1.16819	5.1416	5.12518
-1.90729	1.18494	5.13996	5.1255
-1.92339	1.1695	5.13897	5.1255
-1.92141	1.1672	5.14062	5.12616
-1.93029	1.1672	5.14292	5.12583
-1.93521	1.1603	5.14587	5.12616
-1.93488	1.16359	5.14522	5.12649
-1.927	1.15964	5.14456	5.12682
-1.92667	1.15734	5.14489	5.1278
-1.92601	1.15143	5.1462	5.12813
-1.92207	1.15406	5.1485	5.12485
-1.93916	1.14026	5.14817	5.12156
-1.92897	1.14716	5.14785	5.12288
-1.93686	1.13238	5.1462	5.12452
-1.9431	1.1235	5.1439	5.12616
-1.93456	1.1235	5.1416	5.12846
-1.93226	1.1281	5.14193	5.12715
-1.91846	1.14322	5.14259	5.12583
-1.91287	1.14552	5.1439	5.12518
-1.91616	1.14157	5.14423	5.12583
-1.9201	1.12975	5.14325	5.12748
-1.92864	1.11233	5.14127	5.1278
-1.92273	1.12088	5.14095	5.12879
-1.92207	1.12876	5.14292	5.12945
-1.92831	1.1258	5.14489	5.1278
-1.91649	1.13238	5.14555	5.12419
-1.90729	1.14355	5.14522	5.12255
-1.89809	1.14716	5.1439	5.12189
-1.89119	1.15997	5.14325	5.12353
-1.88133	1.1764	5.1416	5.12715
-1.87148	1.19217	5.1416	5.12846
-1.85899	1.20893	5.14226	5.12715
-1.85111	1.22075	5.14127	5.1255
-1.84026	1.2293	5.14226	5.12518
-1.83008	1.23389	5.14357	5.1255
-1.83205	1.23915	5.14423	5.12682
-1.81365	1.25755	5.14259	5.12748
-1.80938	1.26773	5.14127	5.12583
-1.80544	1.27299	5.14259	5.12485
-1.7946	1.28088	5.14522	5.1232
-1.78803	1.27332	5.14489	5.12386
-1.7808	1.2973	5.1439	5.12649
-1.767	1.30683	5.14259	5.12748
-1.76569	1.3088	5.1416	5.1278
-1.7624	1.31997	5.14423	5.12682
-1.76897	1.32162	5.14785	5.12583
-1.77259	1.32194	5.14785	5.12452
-1.7739	1.32589	5.14456	5.12353
-1.78244	1.32457	5.14127	5.1255
-1.7762	1.32983	5.14127	5.12748
-1.7624	1.34461	5.14193	5.12813
-1.7601	1.34888	5.1439	5.12616
-1.76174	1.34954	5.14653	5.1255
-1.76207	1.34691	5.14686	5.12583
-1.74827	1.36071	5.14489	5.12682
-1.74597	1.35841	5.14226	5.12682
-1.74236	1.36268	5.14095	5.12616
-1.744	1.34724	5.14193	5.12452
-1.74926	1.34856	5.14226	5.12616
-1.76174	1.34199	5.14259	5.1255
-1.74663	1.3525	5.14325	5.12419
-1.73415	1.35381	5.14226	5.12518
-1.73349	1.35513	5.1416	5.12452
-1.73447	1.35644	5.14259	5.12748
-1.74105	1.35316	5.14456	5.1278
-1.75024	1.35053	5.14522	5.12813
-1.75747	1.36005	5.14522	5.12846
-1.76306	1.34297	5.14423	5.12846
-1.75189	1.34199	5.1439	5.12715
-1.73842	1.34757	5.14357	5.12748
-1.72922	1.36137	5.14423	5.12748
-1.73086	1.36433	5.14522	5.12879
-1.72692	1.364	5.14555	5.12846
-1.71805	1.38207	5.14423	5.12715
-1.71246	1.37747	5.14357	5.12649
-1.71016	1.37582	5.14489	5.12715
-1.69965	1.37681	5.14653	5.12715
-1.69341	1.37714	5.14653	5.12682
-1.68651	1.38371	5.14522	5.12682
-1.67632	1.38732	5.1439	5.12649
-1.68027	1.39192	5.14357	5.12485
-1.67632	1.37911	5.14292	5.12518
-1.67139	1.3893	5.14127	5.12353
-1.66154	1.38831	5.14127	5.12386
-1.65694	1.39291	5.14193	5.12452
-1.66318	1.38897	5.14423	5.12452
-1.65135	1.40244	5.14555	5.12386
-1.64971	1.40901	5.14522	5.1255
-1.64741	1.40999	5.14325	5.12616
-1.65168	1.40835	5.14193	5.12583
-1.64807	1.40342	5.14292	5.12649
-1.65234	1.40704	5.1416	5.1278
-1.64478	1.42116	5.14226	5.12715
-1.6438	1.41065	5.14259	5.12682
-1.63821	1.41492	5.14259	5.12386
-1.63723	1.41492	5.14226	5.12288
-1.65858	1.40769	5.14127	5.12452
-1.66252	1.39718	5.14062	5.12616
-1.66285	1.40342	5.14062	5.12715
-1.65825	1.41164	5.14029	5.1278
-1.6599	1.40934	5.14127	5.1278
-1.66187	1.40934	5.14259	5.12682
-1.67107	1.41164	5.14292	5.12715
-1.68027	1.40835	5.14095	5.12583
-1.67994	1.41164	5.13897	5.12485
-1.69275	1.41131	5.13963	5.1255
-1.69505	1.39324	5.14226	5.12583
-1.69012	1.39127	5.1439	5.12518
-1.69998	1.38601	5.14522	5.12452
-1.71213	1.37878	5.14357	5.12485
-1.71279	1.38831	5.14193	5.12485
-1.71181	1.387	5.14127	5.12485
-1.72002	1.37812	5.14292	5.1255
-1.7279	1.36893	5.14522	5.12649
-1.73875	1.34954	5.14456	5.12649
-1.75123	1.34231	5.1439	5.12353
-1.76109	1.33541	5.14423	5.12419
-1.76207	1.34034	5.14423	5.12748
-1.77521	1.31669	5.14292	5.12748
-1.78178	1.30585	5.14095	5.1255
-1.78967	1.2927	5.14029	5.12419
-1.80281	1.28975	5.14127	5.12419
-1.81924	1.27661	5.14292	5.12518
-1.82811	1.26116	5.14259	5.12649
-1.82975	1.24934	5.14325	5.12616
-1.83862	1.24079	5.1462	5.12485
-1.85242	1.22732	5.14785	5.12419
-1.85439	1.22568	5.1462	5.12353
-1.86622	1.20334	5.14456	5.12386
-1.8718	1.20465	5.14193	5.12485
-1.87805	1.20071	5.1393	5.12715
-1.89579	1.18691	5.13963	5.12977
-1.90433	1.18166	5.14357	5.1278
-1.8994	1.18921	5.14653	5.12452
-1.90137	1.18856	5.14686	5.12452
-1.90104	1.18691	5.14423	5.12518
-1.904	1.1787	5.1416	5.12682
-1.90466	1.16983	5.14062	5.12846
-1.89349	1.16884	5.14095	5.12879
-1.90072	1.16523	5.14259	5.12715
-1.90827	1.1603	5.14325	5.12485
-1.90367	1.14946	5.14423	5.12485
-1.91517	1.14157	5.14522	5.12616
-1.9132	1.1465	5.14555	5.12682
-1.92963	1.12646	5.14357	5.12616
-1.92799	1.13435	5.14127	5.12485
-1.92864	1.13073	5.14226	5.12518
-1.93488	1.1373	5.14555	5.12518
-1.93291	1.1511	5.14489	5.12616
-1.9362	1.12942	5.14292	5.12649
-1.93948	1.12515	5.13996	5.1278
-1.94211	1.13303	5.14029	5.12945
-1.93718	1.13073	5.14193	5.12846
-1.94277	1.11956	5.14357	5.12518
-1.93916	1.1235	5.14325	5.12353
-1.93817	1.13566	5.14193	5.12518
-1.92996	1.13238	5.14127	5.12748
-1.93127	1.13927	5.14127	5.12813
-1.93817	1.135	5.14193	5.12748
-1.94474	1.12712	5.14062	5.12616
-1.9408	1.13829	5.14193	5.1255
-1.95131	1.13106	5.14226	5.1232
-1.95	1.12876	5.14325	5.12255
-1.95328	1.11693	5.14292	5.12255
-1.94901	1.12318	5.14292	5.12255
-1.94737	1.12186	5.14522	5.12353
-1.95098	1.11365	5.14719	5.12485
-1.95197	1.11529	5.14719	5.12583
-1.94803	1.12252	5.14522	5.12649
-1.94606	1.12055	5.14456	5.12748
-1.95033	1.12153	5.14292	5.12945
-1.94638	1.13303	5.14259	5.12846
-1.94835	1.13106	5.14456	5.12846
-1.9477	1.13468	5.14522	5.12682
-1.93751	1.15143	5.1462	5.12353
-1.92864	1.14585	5.14522	5.12189
-1.92043	1.15537	5.14325	5.1232
-1.91681	1.14585	5.14193	5.12419
-1.91254	1.1511	5.14423	5.12649
-1.90269	1.16851	5.14587	5.12715
-1.90926	1.16983	5.14653	5.12879
-1.89382	1.19217	5.14522	5.1301
-1.88265	1.18691	5.14423	5.12813
-1.87476	1.19414	5.14292	5.12518
-1.86359	1.20301	5.14226	5.12386
-1.85768	1.21155	5.14325	5.12616
-1.86063	1.21582	5.14325	5.12813
-1.84881	1.22042	5.14357	5.1278
-1.84618	1.21254	5.14357	5.12715
-1.84224	1.22042	5.14587	5.12616
-1.84618	1.22371	5.1462	5.12616
-1.85078	1.22338	5.14456	5.12583
-1.85439	1.21582	5.14292	5.12518
-1.85636	1.20893	5.14193	5.12616
-1.84684	1.20433	5.14292	5.12748
-1.83764	1.22141	5.14325	5.12518
-1.83534	1.2155	5.14292	5.12518
-1.83797	1.21648	5.14127	5.12419
-1.83172	1.24178	5.14029	5.12386
-1.84125	1.22437	5.13996	5.12649
-1.83698	1.23324	5.14029	5.12846
-1.82712	1.23488	5.14292	5.12846
-1.82548	1.23587	5.1439	5.12879
-1.82417	1.23324	5.14423	5.12682
-1.83402	1.22897	5.14325	5.12649
-1.83435	1.22634	5.14325	5.12583
-1.83829	1.22075	5.14292	5.12485
-1.84191	1.22634	5.14456	5.12583
-1.83534	1.22141	5.14522	5.1278
-1.83665	1.21221	5.14686	5.12748
-1.84552	1.19053	5.14752	5.12649
-1.84388	1.1902	5.14653	5.12616
-1.84519	1.19151	5.14555	5.12518
-1.84914	1.19546	5.14423	5.12189
-1.85833	1.18494	5.14423	5.1209
-1.86885	1.17279	5.14555	5.12288
-1.85932	1.18527	5.1462	5.12485
-1.85472	1.19053	5.1439	5.12485
-1.86753	1.18527	5.14062	5.12485
-1.87279	1.18034	5.1393	5.12452
-1.87542	1.1856	5.14029	5.12452
-1.87673	1.18428	5.14226	5.1232
-1.88232	1.18297	5.14423	5.12452
-1.88166	1.1879	5.14555	5.12649
-1.89086	1.1787	5.14292	5.12715
-1.89415	1.17344	5.14259	5.12945
-1.89973	1.17443	5.14259	5.12912
-1.90203	1.18593	5.14423	5.12748
-1.91189	1.1833	5.14489	5.12518
-1.90532	1.18823	5.1439	5.12288
-1.89842	1.19348	5.14357	5.1232
-1.89842	1.19283	5.1416	5.12583
-1.88955	1.20038	5.14095	5.12649
-1.89579	1.18954	5.14226	5.12616
-1.8879	1.20104	5.14357	5.12353
-1.89152	1.19874	5.14423	5.12156
-1.88823	1.19644	5.1439	5.12058
-1.89645	1.1856	5.14127	5.12255
-1.88757	1.20203	5.13996	5.1255
-1.88823	1.18856	5.14423	5.12682
-1.8994	1.18363	5.14785	5.12813
-1.9063	1.15964	5.14817	5.12748
-1.91156	1.15077	5.14785	5.1255
-1.9178	1.1396	5.14817	5.12452
-1.91911	1.13172	5.14686	5.12386
-1.92371	1.13336	5.14423	5.12616
-1.92634	1.13599	5.1416	5.1278
-1.92601	1.1235	5.14226	5.12518
-1.9316	1.12153	5.14325	5.12452
-1.92536	1.12219	5.1439	5.12518
-1.92174	1.12843	5.14193	5.12518
-1.91287	1.13665	5.14193	5.1255
-1.91846	1.12449	5.14292	5.12485
-1.90499	1.14453	5.14226	5.12583
-1.9155	1.13435	5.14062	5.12682
-1.9224	1.12515	5.1416	5.12813
-1.92601	1.1235	5.14456	5.12715
-1.92306	1.12548	5.14555	5.1255
-1.93258	1.12515	5.14423	5.1255
-1.94047	1.11398	5.14325	5.12616
-1.93883	1.12219	5.14357	5.12715
-1.94244	1.12055	5.14259	5.12682
-1.94178	1.10872	5.14325	5.12419
-1.94573	1.10708	5.1439	5.12518
-1.93981	1.10543	5.14357	5.12518
-1.94704	1.09459	5.14522	5.12452
-1.95164	1.10215	5.14489	5.12485
-1.9477	1.11595	5.14325	5.12485
-1.94343	1.11923	5.14259	5.1255
-1.9477	1.11759	5.14325	5.12583
-1.9316	1.13402	5.14423	5.12715
-1.93357	1.11891	5.14325	5.12748
-1.9454	1.11332	5.14292	5.1278
-1.93883	1.13106	5.14292	5.12748
-1.94277	1.12975	5.14357	5.12616
-1.93488	1.13796	5.14522	5.12715
-1.9316	1.1442	5.14587	5.1278
-1.92634	1.14519	5.14686	5.12649
-1.91977	1.14683	5.14587	5.12452
-1.9155	1.15537	5.14357	5.1232
-1.91649	1.15537	5.1416	5.12222
-1.91057	1.15932	5.14127	5.12386
-1.91681	1.16096	5.1416	5.12452
-1.91386	1.16293	5.14127	5.12419
-1.91222	1.15866	5.14095	5.12386
-1.89612	1.18297	5.14193	5.12288
-1.89283	1.18757	5.14193	5.12452
-1.89152	1.17706	5.14193	5.12682
-1.87575	1.1994	5.14095	5.12879
-1.87345	1.2017	5.14226	5.1278
-1.86622	1.20827	5.14292	5.12649
-1.86688	1.20564	5.14456	5.12518
-1.87049	1.19414	5.14555	5.12616
-1.85866	1.19973	5.14456	5.12715
-1.87016	1.18921	5.14325	5.12649
-1.85801	1.1994	5.14325	5.1255
-1.86753	1.19447	5.14357	5.1255
-1.87378	1.19348	5.14226	5.12452
-1.8764	1.1925	5.14259	5.12452
-1.87049	1.19151	5.14226	5.1255
-1.87903	1.19217	5.14029	5.12616
-1.88692	1.19348	5.13963	5.12583
-1.88823	1.19086	5.14029	5.12386
-1.86819	1.20301	5.14325	5.12156
-1.86293	1.2155	5.1439	5.1232
-1.85111	1.22207	5.14325	5.12518
-1.85012	1.22042	5.14292	5.12649
-1.85735	1.20794	5.1416	5.12616
-1.85505	1.20991	5.14292	5.12518
-1.84486	1.22601	5.1439	5.12485
-1.85406	1.21385	5.14357	5.12518
-1.85341	1.21681	5.14522	5.12616
-1.86589	1.19611	5.14456	5.12846
-1.86852	1.1879	5.14193	5.12945
-1.86195	1.19184	5.14062	5.12846
-1.85965	1.20498	5.14062	5.12748
-1.85538	1.21812	5.14226	5.12748
-1.86359	1.21977	5.1439	5.12649
-1.86031	1.21911	5.14555	5.12715
-1.86261	1.22075	5.14456	5.12813
-1.86031	1.21977	5.14292	5.12748
-1.86523	1.20991	5.1416	5.12715
-1.86491	1.21944	5.14226	5.12715
-1.87739	1.20893	5.14423	5.12485
-1.87049	1.21418	5.14522	5.12419
-1.88593	1.1925	5.14555	5.12518
-1.88593	1.18987	5.14456	5.12485
-1.88757	1.18396	5.14325	5.12452
-1.88955	1.17344	5.14259	5.12485
-1.87969	1.18428	5.14095	5.12419
-1.86786	1.204	5.1416	5.12452
-1.86819	1.19841	5.1439	5.12485
-1.86819	1.18691	5.14489	5.12419
-1.85768	1.18396	5.14325	5.12518
-1.85603	1.19348	5.14127	5.12616
-1.85373	1.18461	5.13996	5.12485
-1.86228	1.17049	5.14193	5.12353
-1.85439	1.18264	5.14456	5.12255
-1.83665	1.19907	5.14522	5.12222
-1.83238	1.20531	5.14456	5.1232
-1.83435	1.21418	5.14489	5.12518
-1.82154	1.22897	5.14259	5.12518
-1.82548	1.21714	5.14193	5.12649
-1.83698	1.20334	5.1416	5.12649
-1.83172	1.19808	5.14259	5.12682
-1.8199	1.21254	5.14292	5.12748
-1.82844	1.19743	5.14193	5.12715
-1.83501	1.20071	5.14029	5.12748
-1.82975	1.20695	5.14062	5.12748
-1.82285	1.2247	5.1416	5.12813
-1.82844	1.22338	5.14489	5.12649
-1.82581	1.21484	5.14653	5.12583
-1.83895	1.20991	5.14555	5.12419
-1.83172	1.22207	5.1439	5.12353
-1.82712	1.22831	5.14423	5.1255
-1.83172	1.227	5.14423	5.12748
-1.82121	1.22535	5.14423	5.12748
-1.81825	1.24014	5.14423	5.12682
-1.81792	1.23554	5.1462	5.12616
-1.82449	1.2293	5.14653	5.1255
-1.82679	1.21287	5.14522	5.12682
-1.82515	1.20728	5.14456	5.12813
-1.83107	1.1971	5.14555	5.12748
-1.82712	1.204	5.14587	5.12879
-1.83271	1.19907	5.14522	5.12649
-1.82844	1.20531	5.14259	5.12452
-1.83632	1.1879	5.13996	5.12518
-1.85176	1.18264	5.1393	5.12616
-1.85176	1.18461	5.13996	5.12715
-1.84355	1.18823	5.14062	5.12813
-1.85373	1.17771	5.14259	5.12715
-1.85801	1.16523	5.14587	5.1255
-1.85045	1.16786	5.14686	5.12518
-1.85176	1.18724	5.14587	5.12485
-1.84914	1.19907	5.1416	5.12616
-1.83862	1.20268	5.14029	5.12813
-1.83534	1.20794	5.1416	5.12846
-1.82581	1.21057	5.14555	5.12682
-1.82417	1.21418	5.14555	5.12518
-1.82252	1.20991	5.14522	5.12485
-1.83205	1.20005	5.14522	5.1255
-1.83567	1.18823	5.14357	5.12715
-1.83599	1.18954	5.14193	5.1278
-1.83928	1.18856	5.14423	5.12879
-1.84552	1.17279	5.14785	5.12846
-1.84946	1.1833	5.14916	5.12682
-1.86195	1.17936	5.14785	5.1255
-1.86753	1.17377	5.14653	5.12583
-1.86063	1.17377	5.14555	5.1255
-1.86129	1.17081	5.1439	5.12649
-1.87476	1.15997	5.1439	5.12813
-1.89349	1.12942	5.14259	5.12748
-1.89283	1.14092	5.14193	5.12485
-1.88922	1.1465	5.14259	5.12189
-1.89053	1.14125	5.14357	5.1232
-1.88462	1.15636	5.14423	5.1255
-1.87706	1.16424	5.14522	5.12649
-1.881	1.15866	5.14423	5.12846
-1.87345	1.17771	5.14423	5.13076
-1.88232	1.16786	5.14522	5.12912
-1.88429	1.15734	5.1462	5.12485
-1.90104	1.13533	5.14555	5.12353
-1.90827	1.12285	5.14292	5.12616
-1.91156	1.12055	5.14226	5.12846
-1.92141	1.11233	5.14357	5.1278
-1.9201	1.11332	5.1462	5.12649
-1.93226	1.11233	5.1462	5.12386
-1.93751	1.11496	5.14522	5.12419
-1.92864	1.11858	5.14325	5.12452
-1.93456	1.11036	5.14259	5.12715
-1.92339	1.10576	5.14259	5.12879
-1.92733	1.09755	5.14357	5.12813
-1.93817	1.08474	5.1439	5.12649
-1.94671	1.07291	5.14489	5.12386
-1.9454	1.06765	5.14357	5.12353
-1.95821	1.05911	5.14292	5.12485
-1.96182	1.04695	5.14325	5.12649
-1.96314	1.0463	5.14423	5.12583
-1.97102	1.04564	5.1439	5.12682
-1.96675	1.04006	5.14456	5.12977
-1.96051	1.04958	5.1462	5.13076
-1.96577	1.04104	5.14587	5.13076
-1.96445	1.04564	5.14456	5.12912
-1.96741	1.03841	5.14259	5.12846
-1.97661	1.03841	5.1416	5.12945
-1.98121	1.03677	5.14226	5.12813
-1.98975	1.02888	5.14259	5.12813
-1.98548	1.02921	5.14193	5.12748
-1.98614	1.0233	5.1416	5.12616
-1.97628	1.0348	5.14193	5.1255
-1.973	1.04564	5.14259	5.1255
-1.96445	1.05254	5.14357	5.12518
-1.96248	1.04235	5.14489	5.12386
-1.96642	1.04301	5.14489	5.12452
-1.9592	1.06272	5.14423	5.12649
-1.96412	1.06075	5.14325	5.12715
-1.95328	1.07948	5.14325	5.12748
-1.95624	1.08441	5.14522	5.12715
-1.93587	1.09262	5.14555	5.12583
-1.93094	1.09525	5.14456	5.12748
-1.92799	1.10412	5.14489	5.1278
-1.92043	1.1304	5.14423	5.12682
-1.92141	1.12548	5.14357	5.12485
-1.91386	1.1281	5.14259	5.1232
-1.91057	1.1281	5.1416	5.12386
-1.90992	1.13993	5.14259	5.12616
-1.90597	1.1534	5.14653	5.12518
-1.89382	1.16162	5.14785	5.12353
-1.89415	1.15439	5.14587	5.12485
-1.87279	1.1741	5.14193	5.1255
-1.87213	1.1856	5.1393	5.12616
-1.87148	1.1948	5.1416	5.12715
-1.87805	1.19151	5.14423	5.12682
-1.85735	1.20071	5.14587	5.12715
-1.85866	1.204	5.14489	5.12682
-1.85768	1.20597	5.1439	5.12715
-1.86228	1.20465	5.14292	5.12748
-1.86031	1.20728	5.14292	5.1278
-1.85308	1.20893	5.14259	5.12682
-1.84454	1.21878	5.14423	5.12518
-1.83107	1.22272	5.14456	5.12419
-1.83139	1.2109	5.14357	5.12485
-1.83501	1.21648	5.14259	5.12616
-1.82811	1.22174	5.14259	5.12715
-1.83731	1.21648	5.14226	5.12649
-1.83534	1.20728	5.14095	5.12682
-1.82417	1.21615	5.14193	5.12715
-1.82417	1.22404	5.14456	5.12583
-1.82548	1.23094	5.14423	5.12452
-1.82121	1.22962	5.14127	5.1255
-1.80938	1.23357	5.13963	5.12518
-1.8176	1.2224	5.14127	5.12386
-1.79755	1.22962	5.14292	5.12288
-1.79788	1.22995	5.14357	5.12222
-1.80511	1.22601	5.14325	5.12222
-1.7992	1.23225	5.14292	5.1232
-1.80544	1.22371	5.1439	5.12485
-1.81858	1.21221	5.14292	5.12682
-1.82449	1.21582	5.14259	5.12748
-1.82055	1.20433	5.14292	5.12649
-1.83534	1.20761	5.14489	5.12485
-1.83271	1.21878	5.14489	5.1232
-1.84881	1.21024	5.14259	5.12288
-1.83829	1.2132	5.1416	5.12485
-1.83698	1.21582	5.14226	5.12715
-1.83862	1.22338	5.14226	5.12616
-1.83599	1.21123	5.14456	5.12386
-1.83994	1.20761	5.14653	5.12156
-1.83961	1.21681	5.14587	5.12288
-1.83698	1.21057	5.14325	5.12386
-1.82975	1.21714	5.14095	5.12386
-1.83369	1.20925	5.13996	5.12353
-1.82614	1.2224	5.14226	5.12353
-1.82942	1.21254	5.14292	5.12583
-1.83205	1.21747	5.14127	5.12649
-1.83961	1.21057	5.1416	5.12583
-1.84092	1.19874	5.1416	5.12616
-1.83665	1.19381	5.14226	5.12748
-1.82318	1.20761	5.14292	5.12813
-1.82055	1.21024	5.14127	5.12748
-1.82252	1.22568	5.14029	5.12616
-1.82515	1.22634	5.14193	5.12353
-1.82482	1.22108	5.14357	5.12189
-1.82055	1.21977	5.14325	5.12419
-1.82877	1.204	5.14226	5.12813
-1.82449	1.19776	5.14292	5.12945
-1.8222	1.20761	5.14325	5.12977
-1.81431	1.22108	5.14325	5.12846
-1.81562	1.22437	5.14325	5.12518
-1.82121	1.22437	5.14259	5.1255
-1.8153	1.22765	5.14292	5.12682
-1.79394	1.24244	5.14292	5.12649
-1.78934	1.25164	5.14456	5.12682
-1.79558	1.23652	5.14489	5.12846
-1.80084	1.23061	5.14456	5.12813
-1.80938	1.23488	5.14522	5.1278
-1.80117	1.25065	5.14423	5.12748
-1.80643	1.25361	5.14325	5.12616
-1.81168	1.24408	5.14226	5.12748
-1.81924	1.24474	5.14127	5.12945
-1.81825	1.25131	5.14193	5.12813
-1.82877	1.24539	5.1439	5.12682
-1.83205	1.25262	5.14686	5.12616
-1.82811	1.25065	5.1462	5.12485
-1.83501	1.24605	5.14423	5.12485
-1.83928	1.22864	5.14259	5.12518
-1.84486	1.22207	5.14325	5.12353
-1.84224	1.22601	5.14259	5.1232
-1.84454	1.22798	5.14226	5.12419
-1.84749	1.22371	5.14193	5.12518
-1.83961	1.22141	5.14127	5.12846
-1.83041	1.22338	5.14062	5.12879
-1.82614	1.23718	5.13996	5.12715
-1.83895	1.23817	5.14226	5.1255
-1.84355	1.22404	5.14587	5.12583
-1.84454	1.21615	5.14817	5.12616
-1.84322	1.21353	5.14653	5.12452
-1.83764	1.22338	5.14292	5.1232
-1.85045	1.21648	5.14226	5.12649
-1.86063	1.21123	5.14193	5.1301
-1.86589	1.20893	5.14357	5.12945
-1.87345	1.20104	5.14555	5.12682
-1.87673	1.19184	5.14423	5.12518
-1.87345	1.19118	5.14259	5.12583
-1.88232	1.17903	5.14127	5.12616
-1.89283	1.1741	5.14292	5.12616
-1.89809	1.17246	5.14522	5.12583
-1.89546	1.18297	5.14555	5.12682
-1.90302	1.17936	5.14555	5.12715
-1.91123	1.16392	5.14555	5.1255
-1.9132	1.15866	5.14423	5.12485
-1.91254	1.15669	5.14292	5.12583
-1.9109	1.15209	5.14325	5.12583
-1.91222	1.15012	5.14292	5.1255
-1.92437	1.13895	5.14259	5.12616
-1.92634	1.13402	5.14226	5.12583
-1.92963	1.12778	5.14193	5.1255
-1.92536	1.13172	5.14193	5.12616
-1.92766	1.1212	5.14292	5.12583
-1.9339	1.11891	5.14325	5.12748
-1.93226	1.11102	5.1439	5.12945
-1.93751	1.11332	5.14357	5.12748
-1.93029	1.11858	5.14193	5.12583
-1.92799	1.12055	5.14062	5.12452
-1.92339	1.1235	5.13996	5.12353
-1.92963	1.11365	5.14029	5.12419
-1.91911	1.11693	5.14226	5.12518
-1.91616	1.1258	5.14489	5.12583
-1.91353	1.12712	5.14555	5.1255
-1.91747	1.11792	5.14357	5.12485
-1.90269	1.1235	5.14062	5.12518
-1.90006	1.1327	5.13996	5.12616
-1.90762	1.12515	5.14193	5.12649
-1.89907	1.13008	5.14325	5.12748
-1.89875	1.12515	5.14357	5.12813
-1.90039	1.12285	5.14456	5.12583
-1.91156	1.1212	5.14653	5.12419
-1.90597	1.12745	5.1462	5.1255
-1.90499	1.1304	5.14193	5.12616
-1.90302	1.14092	5.1393	5.12616
-1.90269	1.13927	5.1393	5.12649
-1.90072	1.12942	5.14259	5.12616
-1.90039	1.11496	5.14555	5.12649
-1.89217	1.13336	5.14653	5.12682
-1.89677	1.13369	5.14719	5.1255
-1.89907	1.12712	5.1462	5.12419
-1.90663	1.11825	5.14325	5.1255
-1.90302	1.12548	5.14292	5.12715
-1.91222	1.11069	5.1416	5.12813
-1.89776	1.13238	5.14127	5.12682
-1.89875	1.1304	5.14292	5.12583
-1.90334	1.12712	5.14325	5.12682
-1.89382	1.14026	5.14292	5.12682
-1.90006	1.13303	5.14226	5.12649
-1.90926	1.12383	5.14193	5.12518
-1.91287	1.1212	5.14357	5.12386
-1.90532	1.11562	5.1462	5.12353
-1.9132	1.10872	5.14785	5.12616
-1.91189	1.12318	5.14653	5.12715
-1.92076	1.12318	5.14456	5.12715
-1.91846	1.13303	5.14423	5.12813
-1.91747	1.13336	5.14489	5.1278
-1.90696	1.13927	5.14587	5.12748
-1.91287	1.13303	5.14653	5.12583
-1.91649	1.12416	5.14752	5.1232
-1.9224	1.12383	5.14785	5.12123
-1.9293	1.1304	5.14587	5.12255
-1.9247	1.13566	5.14489	5.12452
-1.91583	1.15669	5.14456	5.12452
-1.89973	1.17443	5.14522	5.12353
-1.8925	1.18626	5.14423	5.12485
-1.88659	1.18593	5.14423	5.12682
-1.87772	1.19611	5.14226	5.12879
-1.86918	1.20728	5.14029	5.12912
-1.85866	1.21057	5.14029	5.12813
-1.84782	1.2132	5.14193	5.12616
-1.84454	1.21155	5.1439	5.12452
-1.83238	1.23619	5.14456	5.12353
-1.82384	1.26018	5.14259	5.12518
-1.813	1.26084	5.14029	5.12649
-1.79657	1.27496	5.13996	5.12748
-1.7716	1.3088	5.14127	5.12879
-1.76404	1.31537	5.14292	5.12715
-1.7532	1.32293	5.14423	5.12518
-1.73842	1.34264	5.14325	5.12353
-1.72856	1.34133	5.14193	5.12452
-1.72133	1.33607	5.14226	5.12616
-1.70688	1.34888	5.14357	5.12715
-1.69965	1.35907	5.1416	5.12682
-1.69998	1.3617	5.1416	5.12649
-1.70261	1.35907	5.14292	5.12682
-1.70491	1.36038	5.14456	5.12616
-1.70721	1.35611	5.14456	5.12649
-1.70096	1.36728	5.14226	5.12682
-1.72068	1.34691	5.1416	5.12912
-1.72298	1.34494	5.14226	5.12945
-1.72265	1.36137	5.14357	5.12977
-1.72035	1.36531	5.14456	5.1278
-1.73415	1.34396	5.14489	5.12715
-1.74532	1.34034	5.14456	5.12649
-1.7256	1.36137	5.14423	5.1255
-1.7233	1.36137	5.1439	5.12682
-1.72626	1.37057	5.14325	5.12649
-1.72725	1.36104	5.14325	5.12583
-1.74039	1.35053	5.14325	5.12518
-1.75649	1.34034	5.1439	5.12452
-1.77521	1.32424	5.1439	5.12518
-1.78606	1.31176	5.14357	5.1255
-1.77718	1.318	5.14325	5.12518
-1.79164	1.318	5.14226	5.12583
-1.79985	1.32227	5.14193	5.12583
-1.80643	1.30256	5.14226	5.1255
-1.80445	1.30552	5.1416	5.12583
-1.8107	1.30157	5.1416	5.12748
-1.80938	1.29763	5.14193	5.13076
-1.81562	1.29796	5.14357	5.13043
-1.81661	1.29829	5.14686	5.12748
-1.82581	1.28679	5.14916	5.12452
-1.83632	1.27628	5.14719	5.12452
-1.84749	1.26248	5.1439	5.1255
-1.86261	1.23915	5.1416	5.12616
-1.86589	1.23028	5.14095	5.12649
-1.87148	1.22535	5.1416	5.12616
-1.86556	1.24309	5.14325	5.12583
-1.87016	1.24014	5.1439	5.12616
-1.87082	1.23685	5.14292	5.12518
-1.8787	1.22732	5.14095	5.1255
-1.88757	1.2224	5.14226	5.12715
-1.88955	1.22108	5.14259	5.12879
-1.88922	1.21123	5.14325	5.12748
-1.89053	1.21451	5.14357	5.12649
-1.87936	1.20925	5.14423	5.1255
-1.86688	1.21484	5.14456	5.12419
-1.87575	1.19808	5.14259	5.12419
-1.87148	1.19381	5.14095	5.12452
-1.87706	1.18691	5.1393	5.12485
-1.8741	1.18461	5.14029	5.12748
-1.88232	1.17443	5.14292	5.12813
-1.88166	1.18626	5.14456	5.1278
-1.87936	1.18888	5.14292	5.12748
-1.88265	1.18067	5.14193	5.12715
-1.88265	1.17804	5.14259	5.12649
-1.90236	1.16326	5.14325	5.1255
-1.904	1.16162	5.1439	5.1255
-1.89875	1.15702	5.14193	5.12452
-1.9017	1.14847	5.14127	5.12485
-1.89973	1.13993	5.14062	5.12616
-1.90532	1.12975	5.14127	5.12748
-1.92207	1.11726	5.14127	5.1278
-1.92799	1.09394	5.1416	5.12813
-1.93883	1.08277	5.14127	5.12649
-1.94047	1.09032	5.14127	5.12616
-1.95098	1.08572	5.1416	5.12583
-1.93817	1.08277	5.14259	5.12715
-1.93916	1.09459	5.14357	5.12846
-1.94014	1.09361	5.1439	5.12846
-1.94638	1.09262	5.1439	5.12945
-1.96182	1.08211	5.1439	5.1278
-1.96215	1.09196	5.14325	5.12485
-1.96544	1.08802	5.14259	5.12518
-1.96675	1.09229	5.14127	5.1278
-1.9661	1.08934	5.14062	5.12813
-1.97431	1.08145	5.14095	5.12682
-1.97595	1.08408	5.14226	5.1255
-1.97891	1.08769	5.14423	5.12419
-1.97168	1.09459	5.14522	5.12353
-1.97727	1.08539	5.14456	5.12386
-1.97891	1.07849	5.14325	5.12485
-1.98121	1.07094	5.14193	5.12518
-1.97464	1.08014	5.14226	5.12452
-1.98449	1.06437	5.14127	5.1232
-1.98449	1.06798	5.1416	5.12386
-1.98482	1.06995	5.14292	5.1255
-1.98679	1.07652	5.14292	5.12682
-1.99534	1.06371	5.14325	5.12813
-1.99468	1.05353	5.14325	5.12682
-2.00092	1.03743	5.14259	5.12583
-2.00913	1.02001	5.1416	5.1255
-2.00289	1.0233	5.14456	5.1255
-1.99994	1.02461	5.14719	5.12452
-1.99862	1.01377	5.14653	5.12583
-1.99665	1.01903	5.14587	5.12682
-1.98877	1.0371	5.1439	5.12583
-1.97628	1.04925	5.14357	5.12616
-1.96971	1.0601	5.14325	5.12583
-1.96445	1.07521	5.14292	5.12682
-1.96215	1.07225	5.14357	5.12682
-1.96051	1.07192	5.14555	5.12583
-1.95854	1.06404	5.14489	5.12485
-1.95427	1.06864	5.14292	5.12485
-1.9523	1.08014	5.14127	5.12452
-1.94376	1.08901	5.14127	5.1255
-1.92207	1.11266	5.14226	5.12616
-1.92174	1.10971	5.14357	5.1255
-1.91977	1.11102	5.14423	5.12485
-1.92109	1.12449	5.14423	5.1255
-1.91879	1.12843	5.1416	5.12485
-1.90137	1.14913	5.13963	5.12518
-1.88922	1.16523	5.14062	5.12682
-1.89152	1.16753	5.14423	5.1278
-1.88987	1.16654	5.14522	5.12846
-1.88692	1.1649	5.14555	5.12846
-1.8764	1.19118	5.14489	5.12813
-1.86983	1.20827	5.1439	5.12813
-1.86721	1.2201	5.14292	5.1278
-1.87049	1.20695	5.14226	5.12715
-1.87279	1.1971	5.14357	5.12846
-1.8787	1.1879	5.14456	5.12879
-1.86261	1.20597	5.1439	5.12912
-1.86228	1.22174	5.14325	5.12846
-1.84914	1.21615	5.14325	5.12748
-1.83797	1.22502	5.1439	5.12682
-1.84224	1.22042	5.14423	5.1255
-1.83008	1.23127	5.14292	5.12583
-1.82909	1.22075	5.14193	5.1255
-1.83928	1.23718	5.1416	5.12485
-1.84224	1.2293	5.14259	5.12485
-1.85275	1.22108	5.14259	5.12518
-1.86162	1.21123	5.14259	5.12452
-1.86162	1.21254	5.14325	5.12485
-1.84749	1.22864	5.14292	5.1255
-1.84716	1.22765	5.14325	5.12485
-1.84388	1.22207	5.14357	5.12616
-1.84355	1.2201	5.1416	5.12649
-1.85176	1.20958	5.13963	5.12682
-1.85866	1.19217	5.13865	5.12748
-1.84914	1.19743	5.13865	5.12715
-1.84289	1.19907	5.13963	5.12682
-1.84191	1.21615	5.14029	5.12485
-1.84158	1.23389	5.1393	5.12353
-1.85209	1.22272	5.13865	5.12386
-1.85308	1.21418	5.14029	5.12419
-1.86096	1.21845	5.14226	5.12419
-1.86392	1.19973	5.14357	5.12616
-1.85406	1.20728	5.14292	5.12583
-1.84519	1.2224	5.14292	5.12485
-1.84454	1.21221	5.1439	5.12485
-1.83632	1.21057	5.14456	5.1255
-1.84749	1.20531	5.1439	5.1255
-1.85505	1.18888	5.14259	5.12682
-1.84256	1.20695	5.14325	5.12879
-1.83074	1.22338	5.14292	5.12945
-1.81825	1.22371	5.14127	5.12846
-1.81727	1.22502	5.14029	5.1278
-1.81431	1.23882	5.1416	5.12813
-1.81037	1.23849	5.14423	5.12748
-1.80051	1.24769	5.14555	5.1255
-1.81102	1.23619	5.14587	5.12518
-1.81628	1.23784	5.14357	5.12616
-1.82187	1.24211	5.1416	5.12649
-1.82482	1.23619	5.1416	5.12846
-1.83008	1.21747	5.14193	5.12879
-1.83928	1.2063	5.14292	5.12912
-1.83271	1.2109	5.14522	5.12715
-1.83107	1.21123	5.14555	5.1278
-1.82285	1.21878	5.14357	5.12748
-1.82647	1.22798	5.14226	5.12879
-1.83534	1.20268	5.1416	5.12682
-1.82647	1.20663	5.1416	5.12353
-1.81234	1.2201	5.14259	5.12353
-1.81497	1.21714	5.1439	5.12485
-1.82877	1.204	5.14456	5.12682
-1.83994	1.20958	5.14292	5.12879
-1.85209	1.20104	5.14095	5.13043
-1.86589	1.1971	5.14127	5.12977
-1.88068	1.18461	5.14555	5.12813
-1.8856	1.19053	5.1485	5.12583
-1.89119	1.19118	5.14785	5.12452
-1.90039	1.17969	5.14719	5.12715
-1.90466	1.16129	5.1462	5.12682
-1.9224	1.14946	5.14489	5.12485
-1.92864	1.13106	5.14292	5.12485
-1.92437	1.13566	5.14193	5.1255
-1.93587	1.10938	5.14292	5.12715
-1.94178	1.11463	5.14423	5.1301
-1.94047	1.11693	5.14489	5.1301
-1.94343	1.11496	5.14555	5.12748
-1.94868	1.11496	5.14686	5.12715
-1.9431	1.11299	5.14752	5.12682
-1.95	1.11036	5.1462	5.12682
-1.9385	1.13172	5.14292	5.12485
-1.95558	1.09952	5.1416	5.12222
-1.96511	1.08572	5.14095	5.12189
-1.96084	1.10346	5.14193	5.1255
-1.95197	1.12252	5.1439	5.12813
-1.95657	1.11266	5.14489	5.12879
-1.95263	1.12186	5.14555	5.12813
-1.95427	1.11989	5.14357	5.12879
-1.95985	1.10839	5.14127	5.12879
-1.96511	1.11036	5.1416	5.12846
-1.95854	1.11792	5.14259	5.12715
-1.95755	1.11529	5.14193	5.12682
-1.9592	1.11365	5.13963	5.12715
-1.95493	1.11595	5.13963	5.12616
-1.95558	1.11562	5.14226	5.12649
-1.9615	1.10511	5.1439	5.12682
-1.97102	1.09656	5.14357	5.12583
-1.96478	1.11496	5.14226	5.1278
-1.97234	1.09394	5.14226	5.12945
-1.96938	1.09755	5.1416	5.12748
-1.97267	1.08999	5.14423	5.12616
-1.97497	1.08572	5.14653	5.12518
-1.96511	1.09361	5.14522	5.12452
-1.96281	1.09722	5.14357	5.12518
-1.95558	1.09361	5.14325	5.1255
-1.94967	1.09689	5.14292	5.12583
-1.95263	1.09788	5.14325	5.12649
-1.93554	1.12646	5.1439	5.12682
-1.93357	1.13697	5.14456	5.12846
-1.93324	1.13895	5.14292	5.12945
-1.91911	1.15406	5.14193	5.12879
-1.91583	1.15307	5.14193	5.12748
-1.91386	1.16622	5.14226	5.12649
-1.91649	1.15964	5.14456	5.12616
-1.9063	1.17147	5.14522	5.12518
-1.89349	1.18724	5.14456	5.1255
-1.8971	1.17969	5.14489	5.12485
-1.89152	1.18199	5.14489	5.12518
-1.90006	1.17509	5.1439	5.12649
-1.90597	1.17969	5.14259	5.12879
-1.89776	1.18461	5.1416	5.13043
-1.88363	1.1971	5.14062	5.12879
-1.8764	1.20794	5.14292	5.12715
-1.86392	1.22765	5.14522	5.12748
-1.85801	1.24211	5.14522	5.12945
-1.85242	1.25919	5.14259	5.12912
-1.84749	1.27168	5.14226	5.12748
-1.85341	1.25131	5.14259	5.12748
-1.86096	1.25821	5.14357	5.1255
-1.85965	1.24769	5.14522	5.12583
-1.83928	1.26905	5.14423	5.1278
-1.82121	1.27496	5.14325	5.12977
-1.83172	1.26872	5.14292	5.12846
-1.82449	1.27398	5.14357	5.1278
-1.8084	1.29895	5.14456	5.12682
-1.79098	1.31406	5.1439	5.12715
-1.77751	1.3249	5.14226	5.12616
-1.76963	1.33279	5.14127	5.12583
-1.7762	1.31964	5.14325	5.12682
-1.77784	1.31767	5.14489	5.12879
-1.77948	1.31176	5.14456	5.12977
-1.78671	1.30355	5.14423	5.12846
-1.78671	1.3134	5.14423	5.12616
-1.80018	1.30617	5.14423	5.1232
-1.7923	1.31537	5.14555	5.1232
-1.7785	1.32096	5.14456	5.1255
-1.77127	1.3364	5.14456	5.12813
-1.77061	1.341	5.1439	5.12912
-1.76437	1.3433	5.14423	5.1278
-1.76174	1.34363	5.14423	5.12715
-1.77324	1.32753	5.14456	5.12682
-1.76306	1.33279	5.14423	5.12682
-1.75846	1.33476	5.14423	5.12616
-1.75977	1.33837	5.14555	5.12715
-1.75846	1.32753	5.14686	5.12715
-1.76174	1.33147	5.14653	5.12583
-1.76963	1.31077	5.14522	5.12518
-1.77061	1.31472	5.14522	5.1255
-1.76963	1.31702	5.14423	5.12616
-1.77226	1.30979	5.14357	5.12715
-1.7693	1.31504	5.14259	5.1255
-1.7601	1.31537	5.1439	5.12485
-1.76766	1.30519	5.14423	5.12649
-1.7555	1.31636	5.1439	5.12715
-1.76141	1.32162	5.14423	5.12846
-1.75583	1.31899	5.14423	5.12813
-1.76799	1.3088	5.14587	5.1255
-1.76864	1.30026	5.14653	5.12353
-1.7693	1.30585	5.14653	5.12288
-1.7716	1.30585	5.14653	5.12255
-1.78244	1.30223	5.14653	5.12255
-1.78441	1.30782	5.14587	5.12386
-1.79295	1.30026	5.14456	5.12255
-1.78901	1.31833	5.14423	5.1232
-1.80183	1.29895	5.14489	5.12616
-1.81037	1.29238	5.14522	5.12518
-1.80708	1.29106	5.14489	5.12353
-1.80905	1.28285	5.14357	5.1232
-1.81792	1.26971	5.14259	5.12288
-1.81365	1.27365	5.14423	5.1232
-1.82154	1.26708	5.1462	5.12452
-1.83041	1.26346	5.14653	5.12452
-1.83041	1.26313	5.14555	5.12353
-1.83599	1.24802	5.14522	5.12419
-1.83501	1.24474	5.14325	5.12452
-1.84585	1.23817	5.14292	5.12485
-1.85768	1.22371	5.14325	5.12222
-1.85078	1.23619	5.14357	5.1209
-1.85669	1.22995	5.14489	5.12255
-1.85965	1.21747	5.14587	5.12288
-1.86556	1.2109	5.14489	5.12255
-1.86721	1.20695	5.14226	5.12353
-1.86425	1.21221	5.14062	5.12353
-1.86425	1.20071	5.14095	5.1232
-1.86918	1.19513	5.14292	5.1232
-1.86523	1.20005	5.14292	5.1232
-1.86458	1.20268	5.14423	5.12353
-1.87772	1.19841	5.1439	5.12353
-1.88166	1.19348	5.14423	5.1232
-1.88495	1.1994	5.1439	5.12649
-1.88922	1.18954	5.14226	5.12846
-1.89415	1.18264	5.14193	5.12846
-1.89447	1.19841	5.14193	5.12748
-1.90203	1.19776	5.14325	5.12583
-1.9086	1.18527	5.14423	5.12452
-1.91583	1.17377	5.1439	5.12616
-1.92141	1.1672	5.14423	5.12813
-1.91452	1.17969	5.14292	5.13043
-1.92897	1.15603	5.14193	5.13076
-1.92667	1.15734	5.1416	5.12945
-1.93554	1.15274	5.14456	5.12748
-1.93784	1.14716	5.14653	5.1255
-1.93883	1.13336	5.14587	5.12452
-1.93916	1.12646	5.14456	5.12583
-1.94803	1.11365	5.14423	5.1278
-1.94803	1.10905	5.14522	5.12813
-1.9431	1.11628	5.14489	5.12616
-1.94934	1.10412	5.14489	5.12649
-1.9615	1.08704	5.14423	5.12616
-1.95854	1.08802	5.14325	5.1255
-1.95723	1.09262	5.14292	5.1255
-1.96018	1.09032	5.14325	5.12583
-1.95788	1.08901	5.14522	5.12485
-1.96347	1.09295	5.14785	5.12386
-1.95953	1.10018	5.14817	5.12353
-1.96281	1.09985	5.14489	5.12452
-1.96938	1.09032	5.1416	5.12715
-1.98154	1.07915	5.14095	5.1278
-1.98351	1.07357	5.14226	5.12748
-1.98975	1.05714	5.14193	5.12583
-1.98942	1.05911	5.1416	5.12452
-1.98449	1.05812	5.14193	5.12518
-1.98778	1.04761	5.14193	5.12715
-1.97102	1.07028	5.14259	5.1278
-1.96938	1.07915	5.1439	5.12813
-1.96971	1.07192	5.14555	5.12912
-1.96971	1.07817	5.14522	5.12879
-1.96708	1.08572	5.14259	5.12649
-1.96215	1.09821	5.14325	5.1255
-1.96544	1.09295	5.1416	5.12518
-1.96412	1.10412	5.14193	5.12682
-1.9661	1.10543	5.14226	5.12813
-1.96445	1.11562	5.14259	5.1278
-1.96018	1.11233	5.1439	5.12616
-1.96084	1.11365	5.14325	5.1255
-1.95164	1.13139	5.14587	5.12583
-1.95328	1.12219	5.14587	5.12649
-1.94638	1.14387	5.14259	5.12879
-1.94343	1.13665	5.1416	5.12879
-1.93784	1.1511	5.1439	5.12682
-1.94277	1.1511	5.14522	5.12583
-1.94671	1.14782	5.14555	5.12518
-1.94737	1.15866	5.14456	5.12419
-1.93916	1.16457	5.14062	5.12485
-1.93357	1.17147	5.13799	5.12518
-1.93094	1.17509	5.13766	5.12485
-1.92076	1.18264	5.14062	5.12485
-1.92404	1.18166	5.14259	5.12419
-1.9224	1.19053	5.14357	5.12288
-1.91419	1.19907	5.14259	5.12419
-1.91156	1.20597	5.14062	5.12616
-1.91024	1.21254	5.14095	5.12912
-1.90893	1.21287	5.14325	5.1301
-1.89809	1.204	5.14555	5.1278
-1.90104	1.20498	5.1462	5.12616
-1.90137	1.20203	5.14456	5.12485
-1.89382	1.20433	5.1439	5.12485
-1.88659	1.2109	5.14325	5.1278
-1.88298	1.2109	5.14193	5.12846
-1.88166	1.2109	5.14127	5.12715
-1.87739	1.20531	5.14259	5.1255
-1.86162	1.20925	5.14456	5.12419
-1.85702	1.2155	5.14587	5.12583
-1.85045	1.21747	5.14653	5.12846
-1.84486	1.21254	5.14522	5.12846
-1.83764	1.21681	5.1439	5.12682
-1.83501	1.22897	5.1439	5.12583
-1.82088	1.23849	5.14456	5.12452
-1.8153	1.24704	5.1439	5.12419
-1.82482	1.23652	5.14259	5.1255
-1.81891	1.24309	5.13996	5.12649
-1.82088	1.23324	5.13799	5.12715
-1.80248	1.24474	5.14029	5.12682
-1.81168	1.23882	5.14292	5.12616
-1.81037	1.24342	5.14587	5.12485
-1.80708	1.24868	5.14587	5.12518
-1.8176	1.24638	5.14456	5.12485
-1.8015	1.25591	5.1439	5.12583
-1.79657	1.25854	5.14292	5.12715
-1.79131	1.27036	5.1416	5.12518
-1.78967	1.27398	5.14226	5.12419
-1.78277	1.28548	5.14456	5.12419
-1.77357	1.28942	5.14522	5.12649
-1.77291	1.29697	5.14292	5.12715
-1.77226	1.29632	5.14095	5.12583
-1.77127	1.30157	5.13996	5.12452
-1.77456	1.30683	5.13865	5.12485
-1.76667	1.3203	5.13996	5.12518
-1.7601	1.33049	5.14292	5.12386
-1.74302	1.33574	5.14226	5.1232
-1.73349	1.35217	5.14029	5.12419
-1.72922	1.35644	5.14029	5.12386
-1.73513	1.35841	5.14095	5.12583
-1.72922	1.36038	5.14259	5.12682
-1.71739	1.36991	5.14226	5.12715
-1.70786	1.37484	5.14127	5.1255
-1.70655	1.37944	5.14226	5.12518
-1.70129	1.37024	5.14226	5.1255
-1.69472	1.36663	5.14259	5.12813
-1.69078	1.37057	5.14226	5.12977
-1.70359	1.35644	5.14259	5.12748
-1.70688	1.3548	5.1439	5.12682
-1.70589	1.36334	5.14423	5.12682
-1.71312	1.36925	5.14423	5.12715
-1.71509	1.36433	5.14325	5.1255
-1.71706	1.3571	5.14127	5.12485
-1.71411	1.36367	5.14062	5.1255
-1.71279	1.36005	5.14095	5.12682
-1.70951	1.35611	5.14325	5.12879
-1.71509	1.35808	5.14423	5.12813
-1.71903	1.35973	5.14489	5.12649
-1.71805	1.35546	5.14325	5.12583
-1.72265	1.35578	5.14193	5.12649
-1.72823	1.3433	5.14029	5.12748
-1.74269	1.32654	5.1393	5.12715
-1.75287	1.33739	5.14127	5.12616
-1.76141	1.31603	5.14259	5.12518
-1.77061	1.29895	5.1439	5.12616
-1.78178	1.28088	5.14423	5.12649
-1.79033	1.27858	5.14259	5.12715
-1.80215	1.26576	5.1416	5.12715
-1.80643	1.26346	5.14325	5.12682
-1.81135	1.25886	5.14456	5.12649
-1.81201	1.26149	5.14292	5.12485
-1.80708	1.26708	5.1416	5.1255
-1.81497	1.26084	5.14029	5.1255
-1.82088	1.25394	5.14095	5.12616
-1.82121	1.25656	5.14029	5.12715
-1.83632	1.23455	5.14193	5.1278
-1.85538	1.22765	5.14226	5.12813
-1.86425	1.20367	5.14259	5.12682
-1.88002	1.18691	5.14325	5.12715
-1.88593	1.19348	5.14555	5.12682
-1.89809	1.18461	5.14653	5.12583
-1.90466	1.18428	5.14587	5.1255
-1.91977	1.16917	5.14686	5.12485
-1.93291	1.15242	5.14916	5.12583
-1.94835	1.13632	5.14785	5.12616
-1.95131	1.13073	5.14456	5.1255
-1.95098	1.12252	5.14292	5.12649
-1.95821	1.11431	5.14423	5.12748
-1.96281	1.10511	5.1439	5.12682
-1.96281	1.09624	5.14226	5.12649
-1.96905	1.08507	5.1416	5.12583
-1.98417	1.0601	5.14325	5.12583
-1.98417	1.05944	5.14456	5.12682
-1.98219	1.06601	5.1439	5.12649
-1.97989	1.07751	5.14423	5.12583
-1.97234	1.09295	5.14357	5.12682
-1.95624	1.09952	5.14456	5.12748
-1.96314	1.09788	5.14653	5.12682
-1.9707	1.09131	5.14587	5.12518
-1.97957	1.07817	5.14423	5.12386
-1.97628	1.09492	5.14259	5.12518
-1.96938	1.09361	5.14193	5.12682
-1.96117	1.10839	5.14127	5.12616
-1.95821	1.10938	5.14292	5.12419
-1.9477	1.11332	5.14456	5.12353
-1.94376	1.11102	5.14325	5.12386
-1.93981	1.1235	5.1416	5.12485
-1.93488	1.11956	5.14127	5.12748
-1.93094	1.11661	5.14259	5.12912
-1.927	1.135	5.1439	5.12748
-1.92536	1.13435	5.14423	5.12649
-1.92207	1.1488	5.14456	5.12485
-1.91419	1.17344	5.14226	5.12518
-1.90893	1.17706	5.1416	5.12518
-1.90729	1.16194	5.14226	5.12485
-1.9155	1.15209	5.14292	5.1278
-1.90532	1.15997	5.1416	5.12912
-1.89447	1.1718	5.14062	5.12682
-1.89316	1.17771	5.14062	5.12715
-1.89053	1.18133	5.14193	5.12813
-1.89645	1.19118	5.13996	5.12748
-1.89283	1.18856	5.14029	5.12715
-1.88166	1.20761	5.1439	5.12649
-1.87148	1.21747	5.14587	5.12715
-1.86063	1.23159	5.1462	5.12715
-1.85833	1.24145	5.1439	5.12846
-1.84552	1.25229	5.14029	5.12846
-1.83665	1.25492	5.13865	5.12846
-1.84026	1.25426	5.14029	5.12748
-1.83008	1.26445	5.14259	5.12649
-1.83829	1.26511	5.1439	5.12682
-1.83698	1.26905	5.1439	5.12682
-1.83895	1.26215	5.14259	5.12518
-1.84256	1.27529	5.14127	5.12583
-1.83435	1.28252	5.13963	5.12682
-1.83008	1.29763	5.13963	5.12813
-1.83074	1.30092	5.14127	5.1278
-1.82877	1.29763	5.1416	5.12748
-1.82515	1.30157	5.14259	5.12485
-1.82187	1.30552	5.14456	5.12583
-1.8199	1.30256	5.14555	5.12813
-1.82417	1.30617	5.14292	5.1301
-1.81792	1.31044	5.14226	5.12846
-1.8084	1.32096	5.14357	5.12583
-1.81201	1.31242	5.14456	5.12353
-1.80183	1.32293	5.14489	5.12485
-1.81135	1.31603	5.14325	5.12583
-1.81957	1.31077	5.1439	5.12748
-1.80905	1.31899	5.14423	5.1301
-1.81332	1.31176	5.14456	5.13043
-1.7946	1.3203	5.14456	5.12912
-1.78441	1.32687	5.14522	5.12813
-1.78934	1.32096	5.1439	5.12616
-1.77718	1.33016	5.14292	5.12682
-1.78014	1.33443	5.14325	5.12682
-1.79295	1.32457	5.1439	5.12846
-1.79263	1.3157	5.14423	5.12813
-1.78704	1.30125	5.14357	5.12583
-1.78868	1.30716	5.14357	5.12353
-1.80215	1.29336	5.14292	5.12518
-1.78901	1.3019	5.14193	5.12846
-1.79624	1.295	5.14062	5.12879
-1.8015	1.28679	5.14062	5.12583
-1.79723	1.28449	5.14062	5.12353
-1.80872	1.27496	5.14127	5.12156
-1.81595	1.26478	5.14325	5.12189
-1.81957	1.25656	5.14456	5.1232
-1.81792	1.25755	5.14456	5.12452
-1.8176	1.25459	5.14292	5.12649
-1.81694	1.25886	5.14456	5.12616
-1.81694	1.25788	5.1462	5.12452
-1.81858	1.24277	5.14489	5.1255
-1.82975	1.23258	5.14325	5.12715
-1.82679	1.22798	5.14226	5.12715
-1.84092	1.22798	5.14259	5.12518
-1.85833	1.20925	5.14292	5.1232
-1.86688	1.20235	5.14226	5.12583
-1.87049	1.204	5.14325	5.12879
-1.86819	1.20531	5.14456	5.12846
-1.87476	1.19677	5.14357	5.12649
-1.87969	1.1902	5.14193	5.12518
-1.8856	1.1879	5.14127	5.12583
-1.89086	1.17147	5.14226	5.12583
-1.90104	1.15603	5.1439	5.12583
-1.90039	1.15636	5.14686	5.12485
-1.91484	1.15209	5.14785	5.1255
-1.91616	1.15504	5.14555	5.12583
-1.9109	1.16194	5.1439	5.12452
-1.91649	1.15406	5.14095	5.1232
-1.92371	1.13697	5.14062	5.12353
-1.927	1.12318	5.14357	5.12485
-1.9362	1.12318	5.14653	5.12452
-1.93916	1.11825	5.14587	5.12353
-1.94277	1.11102	5.14325	5.12386
-1.95197	1.10609	5.1416	5.12452
-1.94606	1.10708	5.14062	5.12485
-1.95033	1.09821	5.1416	5.12419
-1.93324	1.12219	5.14522	5.12518
-1.92864	1.12646	5.14686	5.12616
-1.92897	1.13073	5.14653	5.1255
-1.92634	1.12548	5.14522	5.12518
-1.92897	1.1304	5.14555	5.12649
-1.93817	1.12778	5.14653	5.12649
-1.94146	1.11891	5.1462	5.12682
-1.9362	1.12679	5.14489	5.12813
-1.92371	1.14519	5.14357	5.12682
-1.91879	1.1396	5.14522	5.12616
-1.91846	1.12548	5.1462	5.12485
-1.92864	1.10741	5.14489	5.12353
-1.91944	1.11693	5.14357	5.12386
-1.92076	1.11726	5.14259	5.12452
-1.93291	1.09722	5.1416	5.12485
-1.94113	1.09262	5.14062	5.12583
-1.93784	1.10182	5.1416	5.12583
-1.93488	1.10281	5.14456	5.1255
-1.9293	1.10379	5.14456	5.1255
-1.93291	1.08704	5.14259	5.12518
-1.93718	1.08112	5.14259	5.1255
-1.93456	1.08375	5.14456	5.12452
-1.93324	1.09821	5.14555	5.12386
-1.92897	1.09886	5.14587	5.12419
-1.93127	1.09328	5.14522	5.12715
-1.93357	1.07619	5.1439	5.12846
-1.94606	1.04827	5.1416	5.12748
-1.94441	1.06108	5.1416	5.12616
-1.94474	1.06667	5.14095	5.12419
-1.94343	1.07587	5.14193	5.12288
-1.93488	1.09919	5.14226	5.12386
-1.9293	1.10051	5.14193	5.12485
-1.9385	1.09886	5.14226	5.12583
-1.93686	1.10182	5.14127	5.12616
-1.93948	1.10346	5.14259	5.12583
-1.94014	1.11069	5.1439	5.12419
-1.94671	1.10806	5.1439	5.12386
-1.93324	1.12515	5.14325	5.12485
-1.92897	1.13073	5.14259	5.1255
-1.93916	1.12088	5.14292	5.12748
-1.94244	1.11595	5.1439	5.12649
-1.94113	1.11661	5.14522	5.12419
-1.94671	1.10346	5.14522	5.12386
-1.94704	1.09886	5.14456	5.12419
-1.96511	1.08769	5.14357	5.12583
-1.96182	1.07948	5.14127	5.12518
-1.96642	1.07685	5.14095	5.12452
-1.97727	1.0624	5.14226	5.12452
-1.98088	1.05155	5.14489	5.12386
-1.97957	1.05977	5.14653	5.12386
-1.98088	1.06042	5.14587	5.12485
-1.97628	1.07389	5.14325	5.12682
-1.98219	1.06864	5.14193	5.1278
-1.98285	1.05747	5.14127	5.12616
-1.98154	1.06207	5.14127	5.12518
-1.97562	1.07258	5.14357	5.1232
-1.9546	1.09525	5.14686	5.12353
-1.94671	1.10576	5.14817	5.1255
-1.94507	1.10478	5.1485	5.12649
-1.9408	1.11661	5.14719	5.12813
-1.94211	1.11858	5.1439	5.12715
-1.93784	1.11891	5.14325	5.12452
-1.94934	1.11923	5.14325	5.12419
-1.94671	1.12186	5.14522	5.12518
-1.94277	1.12548	5.14555	5.12616
-1.93784	1.12482	5.14456	5.12682
-1.93521	1.11628	5.14325	5.12583
-1.91813	1.12909	5.14325	5.12485
-1.89217	1.1488	5.14456	5.12649
-1.88692	1.14322	5.14587	5.12518
-1.89447	1.14355	5.14555	5.1232
-1.8856	1.16096	5.14456	5.12255
-1.88626	1.17081	5.14226	5.12386
-1.88166	1.18067	5.14095	5.12485
-1.87049	1.1925	5.14029	5.12518
-1.86031	1.20827	5.1416	5.12452
-1.85833	1.20071	5.14226	5.12386
-1.86556	1.21188	5.14259	5.12616
-1.86556	1.21615	5.14292	5.1278
-1.85373	1.21977	5.14456	5.12616
-1.84486	1.22634	5.14555	5.1278
-1.83041	1.24868	5.14489	5.12813
-1.82121	1.25985	5.14423	5.12616
-1.81102	1.25656	5.1439	5.12419
-1.82351	1.24507	5.14325	5.12255
-1.81562	1.24901	5.14325	5.12288
-1.79821	1.26084	5.14292	5.12386
-1.80708	1.25755	5.14193	5.12485
-1.80807	1.25985	5.1416	5.1255
-1.79953	1.26642	5.14259	5.12485
-1.79098	1.27135	5.14489	5.1232
-1.78704	1.27562	5.14456	5.12386
-1.79164	1.27989	5.14325	5.12518
-1.79591	1.27201	5.14127	5.12583
-1.8038	1.26938	5.14193	5.12715
-1.79953	1.27069	5.14292	5.12715
-1.78868	1.28515	5.14292	5.12452
-1.79098	1.2835	5.14456	5.12222
-1.79427	1.28383	5.14423	5.12189
-1.79887	1.27792	5.1439	5.12386
-1.8015	1.28153	5.14555	5.12649
-1.80577	1.28679	5.14555	5.12616
-1.80774	1.2835	5.14456	5.12353
-1.81135	1.27233	5.14522	5.12222
-1.81267	1.26511	5.14456	5.12123
-1.8153	1.26675	5.14226	5.1209
-1.82285	1.25229	5.14127	5.12222
-1.82712	1.24277	5.14292	5.12288
-1.81332	1.24145	5.14587	5.1232
-1.80807	1.25164	5.14686	5.12518
-1.80413	1.25591	5.14719	5.12682
-1.81792	1.24736	5.14686	5.12748
-1.8061	1.25131	5.14555	5.12813
-1.81398	1.25065	5.14423	5.12813
-1.81102	1.25919	5.14292	5.12813
-1.81135	1.25624	5.1439	5.12616
-1.80511	1.25591	5.14522	5.1232
-1.81234	1.24441	5.14522	5.12156
-1.8084	1.25098	5.14357	5.12386
-1.81135	1.24802	5.14357	5.1255
-1.81727	1.24901	5.14325	5.12616
-1.82154	1.21911	5.14226	5.12748
-1.82187	1.22831	5.14226	5.1278
-1.82449	1.23159	5.1439	5.12813
-1.81332	1.24178	5.14522	5.1278
-1.82449	1.23488	5.14587	5.12748
-1.82318	1.24507	5.14555	5.12616
-1.82088	1.24507	5.14522	5.1255
-1.82515	1.23422	5.1439	5.12583
-1.8222	1.24047	5.14325	5.1255
-1.81727	1.23291	5.14522	5.1255
-1.81267	1.24211	5.14719	5.12616
-1.81201	1.23389	5.1485	5.12583
-1.79624	1.23915	5.14785	5.12616
-1.80905	1.23127	5.14522	5.12616
-1.81201	1.23554	5.1439	5.12616
-1.82285	1.23587	5.14423	5.1255
-1.82417	1.23389	5.14587	5.12419
-1.83369	1.23225	5.1462	5.1232
-1.8222	1.22897	5.14522	5.1255
-1.82811	1.21287	5.14292	5.12682
-1.84355	1.20893	5.1416	5.12879
-1.84585	1.20893	5.14259	5.12945
-1.85603	1.19217	5.14489	5.1278
-1.86129	1.17903	5.14555	5.1255
-1.87213	1.17509	5.14555	5.12452
-1.88133	1.17114	5.14456	5.12419
-1.88199	1.1741	5.1439	5.12649
-1.89185	1.16063	5.14423	5.12813
-1.90269	1.15045	5.14522	5.12715
-1.88495	1.16293	5.14555	5.12452
-1.8833	1.15964	5.14719	5.1232
-1.90104	1.14157	5.14785	5.1232
-1.91452	1.12745	5.14587	5.12485
-1.91189	1.14223	5.1439	5.12813
-1.92109	1.13172	5.14325	5.1278
-1.9247	1.11989	5.14325	5.12715
-1.927	1.12153	5.14357	5.12879
-1.93193	1.12416	5.14259	5.12912
-1.9431	1.11233	5.14029	5.12912
-1.95	1.10708	5.14127	5.12715
-1.94606	1.10741	5.14259	5.12682
-1.95953	1.11463	5.14325	5.12846
-1.96412	1.11693	5.14292	5.12846
-1.96248	1.11102	5.14259	5.12682
-1.96708	1.10478	5.14259	5.12518
-1.97168	1.10478	5.14193	5.12386
-1.973	1.10018	5.14062	5.12419
-1.96182	1.11102	5.14062	5.12616
-1.97267	1.09131	5.14226	5.12715
-1.98055	1.08835	5.14325	5.12846
-1.98187	1.08901	5.14522	5.12912
-1.97957	1.09886	5.1462	5.12945
-1.97759	1.09821	5.14719	5.12879
-1.98417	1.07291	5.14456	5.12912
-1.98942	1.06765	5.14226	5.12813
-1.98647	1.07291	5.14259	5.12518
-1.98449	1.08014	5.14325	5.12353
-1.98285	1.07422	5.1416	5.12353
-1.97924	1.07521	5.1416	5.1232
-1.96971	1.09492	5.1416	5.12353
-1.96708	1.09032	5.14062	5.12353
-1.97365	1.07751	5.14062	5.12583
-1.97792	1.07225	5.14127	5.12748
-1.97891	1.06075	5.14325	5.12616
-1.98121	1.05977	5.14423	5.12682
-1.9707	1.06338	5.14522	5.12715
-1.95953	1.07849	5.14522	5.12616
-1.95657	1.09131	5.14522	5.12616
-1.95328	1.08047	5.14292	5.12715
-1.95427	1.0716	5.14095	5.1278
-1.95427	1.06798	5.13996	5.12715
-1.9477	1.07225	5.14193	5.1255
-1.94146	1.08835	5.14357	5.12518
-1.93981	1.09525	5.14325	5.12616
-1.94211	1.08605	5.14226	5.12748
-1.93784	1.08474	5.1416	5.1278
-1.94408	1.09065	5.14226	5.12682
-1.93291	1.10872	5.14489	5.12649
-1.92766	1.12088	5.14587	5.1255
-1.92339	1.12482	5.14325	5.12583
-1.91681	1.13566	5.14029	5.1278
-1.9063	1.15307	5.14062	5.12945
-1.91747	1.15932	5.14325	5.1278
-1.91452	1.16129	5.14489	5.12616
-1.91911	1.15899	5.14456	5.12452
-1.92207	1.15472	5.14489	5.12583
-1.93423	1.14585	5.14686	5.12649
-1.93784	1.14979	5.14785	5.12715
-1.92733	1.1649	5.14587	5.1278
-1.92503	1.16392	5.14456	5.12748
-1.92963	1.14782	5.14325	5.12715
-1.93029	1.15439	5.14357	5.1255
-1.93291	1.15143	5.14357	5.12419
-1.93094	1.1442	5.14423	5.12616
-1.9316	1.14059	5.14423	5.12715
-1.94047	1.12449	5.14522	5.12813
-1.94211	1.13008	5.14587	5.12715
-1.93587	1.14453	5.1462	5.12452
-1.9362	1.14026	5.14456	5.12518
-1.93587	1.14946	5.14062	5.12682
-1.92667	1.15899	5.13897	5.12977
-1.92996	1.15373	5.13897	5.1301
-1.91254	1.16589	5.14029	5.1301
-1.90893	1.17771	5.14127	5.12945
-1.89119	1.19644	5.14456	5.12813
-1.88889	1.20564	5.14653	5.12813
-1.89907	1.20038	5.14653	5.12682
-1.89185	1.20104	5.14456	5.12616
-1.88757	1.20104	5.14226	5.12583
-1.87542	1.21024	5.14259	5.12452
-1.87082	1.21714	5.14489	5.12485
-1.86458	1.22962	5.14653	5.12485
-1.85275	1.24342	5.14423	5.12353
-1.84355	1.24605	5.14193	5.12353
-1.82745	1.24999	5.13996	5.12485
-1.82515	1.24539	5.13963	5.12748
-1.80577	1.25164	5.14127	5.12879
-1.80051	1.24966	5.14357	5.12945
-1.78934	1.26215	5.14489	5.12748
-1.78047	1.27003	5.14653	5.12715
-1.7785	1.26642	5.14522	5.12649
-1.7785	1.27661	5.14292	5.12616
-1.77193	1.28449	5.14226	5.12616
-1.76536	1.28548	5.14357	5.12748
-1.75287	1.31176	5.14555	5.12715
-1.74696	1.3203	5.14423	5.12616
-1.7348	1.33377	5.14259	5.12518
-1.72889	1.33147	5.14259	5.12452
-1.7371	1.33541	5.14292	5.12485
-1.7279	1.34231	5.14325	5.12583
-1.72725	1.33804	5.1439	5.12583
-1.73316	1.32851	5.14423	5.1255
-1.74236	1.32457	5.14357	5.12649
-1.73842	1.33213	5.14423	5.12748
-1.73415	1.33706	5.14555	5.12846
-1.74039	1.35283	5.14423	5.12813
-1.7463	1.34166	5.14259	5.12616
-1.7463	1.3341	5.14226	5.12682
-1.74532	1.3295	5.14259	5.12813
-1.7555	1.32227	5.14456	5.12583
-1.76174	1.30979	5.14489	5.12485
-1.75977	1.318	5.14555	5.1255
-1.76569	1.2927	5.14456	5.12583
-1.77883	1.28843	5.14325	5.12649
-1.77686	1.28022	5.14292	5.12748
-1.77489	1.28778	5.14259	5.1278
-1.77094	1.28843	5.14095	5.1278
-1.76897	1.29369	5.13996	5.12616
-1.77357	1.2904	5.1416	5.12583
-1.79098	1.27792	5.14292	5.12682
-1.80774	1.26806	5.14325	5.12748
-1.80905	1.26018	5.14292	5.12715
-1.8199	1.26084	5.14423	5.12748
-1.83961	1.24244	5.14489	5.12682
-1.85275	1.23554	5.14423	5.12616
-1.85373	1.2247	5.14259	5.12748
-1.87279	1.20531	5.14095	5.12813
-1.87476	1.20794	5.1416	5.12616
-1.88166	1.19874	5.14456	5.12616
-1.88955	1.17673	5.1462	5.1255
-1.88429	1.17804	5.1462	5.1255
-1.87772	1.17673	5.14423	5.12616
-1.88035	1.18231	5.14193	5.12649
-1.86688	1.20005	5.14127	5.12649
-1.86096	1.20827	5.1416	5.12846
-1.86359	1.19546	5.14193	5.12846
-1.8741	1.18297	5.14259	5.12485
-1.8764	1.1833	5.14423	5.12255
-1.87016	1.18363	5.14423	5.12255
-1.88232	1.17147	5.14259	5.12616
-1.88199	1.17114	5.14423	5.12813
-1.88035	1.17739	5.1462	5.12879
-1.90137	1.1488	5.14489	5.1278
-1.90334	1.14092	5.1439	5.12748
-1.90597	1.14092	5.14489	5.12649
-1.91583	1.1258	5.14587	5.12748
-1.91616	1.12055	5.14522	5.12813
-1.92831	1.11398	5.14226	5.12616
-1.9293	1.1258	5.14226	5.1255
-1.9201	1.13008	5.14325	5.12485
-1.91977	1.12383	5.14522	5.12452
-1.91846	1.12383	5.14587	5.12649
-1.927	1.11529	5.14522	5.12682
-1.91616	1.12219	5.14259	5.12748
-1.91813	1.11003	5.14029	5.12748
-1.92076	1.10543	5.14259	5.12813
-1.92076	1.11365	5.14653	5.12715
-1.93357	1.08934	5.14653	5.1255
-1.94376	1.08966	5.14193	5.12419
-1.93718	1.09985	5.14029	5.1255
-1.94113	1.09361	5.14095	5.12649
-1.95295	1.08638	5.14259	5.1255
-1.95065	1.07981	5.14423	5.1255
-1.9523	1.06798	5.14522	5.12518
-1.94343	1.07685	5.14555	5.12616
-1.95263	1.05878	5.14292	5.1255
-1.95197	1.06371	5.1393	5.12682
-1.96051	1.07258	5.13865	5.12715
-1.95065	1.07817	5.14029	5.12748
-1.95098	1.08178	5.1393	5.12846
-1.95525	1.08244	5.14095	5.1278
-1.9523	1.08572	5.14489	5.1255
-1.95131	1.09624	5.14653	5.1255
-1.95887	1.09394	5.14653	5.12649
-1.95854	1.08966	5.14456	5.12977
-1.96544	1.10116	5.14489	5.12945
-1.96051	1.10018	5.14653	5.12616
-1.96117	1.09426	5.14522	5.12583
-1.95	1.10773	5.14489	5.1301
-1.93357	1.1235	5.14325	5.13207
-1.92601	1.1258	5.14259	5.13175
-1.91813	1.13369	5.14292	5.12879
-1.91353	1.14059	5.1439	5.12583
-1.90992	1.14486	5.1439	5.12419
-1.91024	1.1534	5.14456	5.12452
-1.90302	1.15472	5.14489	5.12452
-1.89743	1.15504	5.14522	5.12485
-1.89907	1.15307	5.14325	5.12485
-1.88823	1.1672	5.14226	5.12452
-1.87739	1.181	5.14423	5.1232
-1.87772	1.1741	5.14522	5.12156
-1.87345	1.16589	5.14522	5.12025
-1.8695	1.18133	5.14423	5.12156
-1.85768	1.1925	5.14325	5.12452
-1.84946	1.19907	5.14226	5.1278
-1.84782	1.1971	5.14193	5.12977
-1.84716	1.19217	5.14226	5.1301
-1.83731	1.21024	5.14259	5.12813
-1.82614	1.21911	5.14226	5.12813
-1.83238	1.2224	5.14226	5.12748
-1.81891	1.23521	5.14226	5.12616
-1.79755	1.25164	5.14259	5.1255
-1.79328	1.25525	5.14423	5.12452
-1.79263	1.25591	5.14522	5.12353
-1.79	1.27168	5.14686	5.1232
-1.78638	1.26708	5.14587	5.12452
-1.77554	1.27168	5.14587	5.12616
-1.77784	1.27003	5.14522	5.12682
-1.78146	1.25919	5.14522	5.12682
-1.7831	1.27201	5.14423	5.12583
-1.78376	1.25656	5.14423	5.12616
-1.78211	1.24736	5.14555	5.12485
-1.77817	1.26215	5.14587	5.12419
-1.75879	1.26116	5.14587	5.12485
-1.78376	1.24408	5.14587	5.12616
-1.79723	1.23324	5.14587	5.1278
-1.79493	1.25032	5.14456	5.12748
-1.79591	1.24736	5.14456	5.12452
-1.80215	1.24704	5.14423	5.12222
-1.79887	1.25295	5.1439	5.12288
-1.78606	1.27003	5.14292	5.12386
-1.78014	1.26905	5.1439	5.12485
-1.79427	1.26116	5.1462	5.12715
-1.78408	1.26872	5.14719	5.12583
-1.79164	1.26215	5.14719	5.12616
-1.79493	1.26346	5.14653	5.1255
-1.81431	1.25229	5.14489	5.1255
-1.81661	1.25558	5.14226	5.12649
-1.80774	1.25459	5.14095	5.12715
-1.80807	1.24999	5.14193	5.12583
-1.82121	1.24671	5.1439	5.12583
-1.83369	1.2293	5.1462	5.12682
-1.83797	1.23422	5.14522	5.1255
-1.83435	1.21582	5.14522	5.12353
-1.83928	1.21287	5.14226	5.12452
-1.83402	1.2109	5.14029	5.12649
-1.83599	1.20893	5.14193	5.12583
-1.83567	1.21977	5.14456	5.12485
-1.83337	1.23849	5.14489	5.12288
-1.83271	1.23357	5.14423	5.1232
-1.84059	1.23422	5.14292	5.12419
-1.84881	1.22272	5.1439	5.12583
-1.84519	1.21451	5.14423	5.12715
-1.84388	1.20531	5.14555	5.12583
-1.83895	1.20465	5.14686	5.12353
-1.83238	1.20564	5.14489	5.12485
-1.83994	1.20991	5.14423	5.12616
-1.84322	1.1925	5.14423	5.12879
-1.83862	1.20005	5.14555	5.12912
-1.83468	1.2063	5.14522	5.12846
-1.82614	1.2017	5.14522	5.1278
-1.82581	1.20071	5.14686	5.12682
-1.8199	1.21057	5.14752	5.12616
-1.81628	1.1948	5.14423	5.1255
-1.81201	1.20433	5.14259	5.12682
-1.81267	1.19053	5.14193	5.12813
-1.8153	1.19414	5.1439	5.12813
-1.80281	1.18954	5.14522	5.12682
-1.81464	1.18724	5.14325	5.12583
-1.81365	1.19151	5.14029	5.12616
-1.81628	1.1856	5.13897	5.12748
-1.81858	1.18494	5.13832	5.12583
-1.82022	1.17837	5.14029	5.12353
-1.81004	1.18856	5.1439	5.1232
-1.80347	1.204	5.14456	5.1232
-1.79985	1.20137	5.14456	5.12353
-1.81792	1.1994	5.14489	5.12485
-1.81398	1.2063	5.14325	5.12353
-1.81924	1.21582	5.14325	5.12386
-1.81431	1.21681	5.1439	5.12518
-1.82811	1.20203	5.1439	5.12682
-1.84684	1.19316	5.14292	5.1278
-1.85833	1.19217	5.14522	5.12715
-1.86261	1.17969	5.14653	5.12485
-1.86819	1.16556	5.14357	5.12452
-1.8718	1.1511	5.14193	5.12715
-1.87443	1.14815	5.14259	5.12846
-1.8764	1.13895	5.14259	5.12715
-1.88692	1.14026	5.14193	5.12452
-1.89349	1.14256	5.1416	5.12288
-1.90039	1.14815	5.14259	5.12353
-1.8948	1.15373	5.14292	5.12452
-1.88166	1.15866	5.14259	5.12583
-1.89053	1.14749	5.14292	5.12649
-1.8856	1.1465	5.14522	5.12583
-1.88265	1.15734	5.14456	5.12485
-1.9017	1.135	5.14259	5.12583
-1.91189	1.11496	5.14259	5.12715
-1.91254	1.11135	5.14325	5.12682
-1.92043	1.11102	5.1439	5.12748
-1.9132	1.12482	5.14357	5.1278
-1.91714	1.12679	5.14259	5.12583
-1.9247	1.11825	5.1416	5.12419
-1.9316	1.11431	5.14193	5.12386
-1.94146	1.09295	5.14193	5.12485
-1.95	1.08441	5.14127	5.12518
-1.95328	1.08178	5.14226	5.12616
-1.95493	1.07324	5.14292	5.12748
-1.95164	1.07094	5.14325	5.12748
-1.96248	1.06042	5.14423	5.12452
-1.95755	1.04893	5.14587	5.12189
-1.95394	1.04301	5.14587	5.12156
-1.95624	1.03677	5.1462	5.12255
-1.95591	1.04006	5.14555	5.1255
-1.95985	1.03841	5.14423	5.12715
-1.95263	1.04827	5.1439	5.1255
-1.94967	1.05221	5.14292	5.1255
-1.94967	1.04893	5.14325	5.12583
-1.94967	1.04597	5.1416	5.1255
-1.9408	1.0532	5.14127	5.12583
-1.95065	1.04663	5.14226	5.12616
-1.94934	1.04958	5.14456	5.12616
-1.9523	1.0417	5.14522	5.12616
-1.95887	1.02987	5.14456	5.12682
-1.95953	1.0256	5.14226	5.1255
-1.95723	1.02757	5.14029	5.12419
-1.95098	1.0279	5.13963	5.12583
-1.95361	1.02363	5.14029	5.12748
-1.95953	1.0302	5.14226	5.12583
-1.9661	1.0279	5.14325	5.12452
-1.9707	1.0256	5.14259	5.12452
-1.96774	1.03677	5.14259	5.12616
-1.96938	1.03743	5.14226	5.12518
-1.96938	1.0325	5.1416	5.12485
-1.96117	1.0371	5.14292	5.12485
-1.95854	1.04827	5.14357	5.12682
-1.95493	1.05188	5.1439	5.12748
-1.96347	1.05221	5.14456	5.12715
-1.95164	1.05812	5.14357	5.12682
-1.96314	1.05484	5.14259	5.12583
-1.95263	1.06207	5.14226	5.12616
-1.9569	1.0624	5.14456	5.12748
-1.96741	1.04827	5.14489	5.12682
-1.96905	1.05517	5.14423	5.12682
-1.96675	1.06272	5.14423	5.1255
-1.9592	1.067	5.14193	5.1232
-1.95197	1.07849	5.14193	5.12288
-1.95624	1.09295	5.14259	5.12386
-1.9477	1.09624	5.14325	5.12419
-1.93357	1.11595	5.1439	5.12583
-1.93193	1.10905	5.14555	5.12682
-1.92831	1.11989	5.14489	5.12518
-1.93127	1.11956	5.14423	5.1255
-1.91911	1.14355	5.14226	5.12649
-1.92371	1.13632	5.1416	5.12649
-1.92207	1.13566	5.14259	5.12583
-1.92043	1.13106	5.14423	5.12419
-1.91911	1.13927	5.14456	5.12353
-1.90236	1.15209	5.14325	5.12288
-1.8925	1.16359	5.1416	5.12156
-1.8787	1.17344	5.14062	5.12222
-1.86918	1.1764	5.14062	5.12452
-1.86918	1.18199	5.14226	5.12485
-1.87213	1.17541	5.14489	5.12583
-1.86129	1.18527	5.14456	5.12485
-1.86688	1.17837	5.14325	5.1232
-1.86162	1.18396	5.14193	5.12353
-1.86162	1.19381	5.14259	5.12386
-1.85242	1.21714	5.1416	5.12419
-1.83764	1.23127	5.14259	5.12485
-1.82745	1.23159	5.1439	5.12452
-1.81562	1.23751	5.14522	5.12452
-1.81398	1.24079	5.14555	5.12485
-1.80544	1.25656	5.14587	5.12616
-1.78408	1.27233	5.14456	5.12813
-1.7716	1.27792	5.14522	5.12879
-1.7624	1.27299	5.14555	5.1278
-1.75287	1.26576	5.14456	5.12682
-1.74137	1.27332	5.14489	5.12518
-1.74959	1.26511	5.1439	5.12452
-1.7578	1.26149	5.1416	5.12485
-1.75912	1.26313	5.14095	5.12485
-1.76043	1.26281	5.14357	5.12583
-1.76799	1.24244	5.14587	5.12616
-1.76569	1.23751	5.14587	5.1278
-1.75977	1.24474	5.14555	5.12879
-1.77127	1.24507	5.14555	5.12813
-1.77784	1.24375	5.14325	5.12813
-1.7785	1.23291	5.14062	5.12682
-1.78014	1.23389	5.14029	5.12616
-1.78573	1.2224	5.1416	5.12583
-1.79427	1.21977	5.14292	5.12452
-1.79164	1.22568	5.14325	5.12452
-1.8015	1.21188	5.14489	5.12485
-1.81332	1.2132	5.14357	5.12485
-1.82942	1.20663	5.14292	5.12649
-1.83468	1.19907	5.14489	5.12748
-1.84782	1.18231	5.14522	5.12748
-1.84026	1.19316	5.14357	5.12616
-1.84914	1.19348	5.1439	5.12386
-1.86918	1.18067	5.14456	5.12419
-1.87213	1.18626	5.14292	5.12616
-1.87443	1.18921	5.14259	5.12715
-1.88035	1.1879	5.14127	5.12452
-1.8879	1.18987	5.14226	5.12189
-1.89316	1.1856	5.1439	5.12222
-1.91156	1.16687	5.14325	5.12452
-1.92109	1.1442	5.14325	5.12715
-1.92371	1.14289	5.1439	5.12715
-1.91944	1.14552	5.14325	5.12616
-1.91944	1.1396	5.14292	5.1255
-1.93193	1.13468	5.14259	5.12452
-1.9316	1.13008	5.14325	5.12353
-1.93916	1.11266	5.14357	5.1232
-1.93456	1.11496	5.14259	5.12419
-1.93127	1.1258	5.1416	5.12485
-1.93817	1.12318	5.14292	5.1255
-1.93817	1.12285	5.14489	5.12419
-1.93423	1.11759	5.1462	5.12386
-1.9385	1.1258	5.14752	5.1255
-1.92864	1.12778	5.14587	5.1255
-1.92733	1.12186	5.14325	5.12518
-1.93127	1.11956	5.14095	5.1255
-1.93291	1.13008	5.1416	5.1255
-1.93554	1.11989	5.14193	5.12518
-1.93653	1.10806	5.14423	5.1255
-1.93916	1.09985	5.14587	5.1232
-1.93127	1.11036	5.14555	5.12189
-1.93291	1.10576	5.1462	5.1232
-1.92667	1.11036	5.14456	5.12583
-1.92109	1.10018	5.14325	5.12649
-1.9132	1.11562	5.14325	5.1255
-1.92897	1.09459	5.14489	5.12485
-1.93193	1.08145	5.14325	5.1255
-1.93751	1.07028	5.14062	5.12715
-1.94211	1.06634	5.1393	5.12813
-1.94671	1.0716	5.14095	5.12813
-1.94638	1.07652	5.14423	5.12485
-1.95788	1.07882	5.14686	5.1232
-1.96117	1.07948	5.14752	5.1232
-1.95657	1.08966	5.14555	5.12485
-1.95755	1.08309	5.14259	5.12518
-1.95098	1.09361	5.14226	5.12715
-1.94803	1.09689	5.1439	5.12813
-1.94671	1.10346	5.14555	5.12649
-1.95394	1.10511	5.14456	5.12583
-1.9523	1.10116	5.14423	5.12583
-1.95624	1.09689	5.14259	5.12452
-1.96281	1.08934	5.14062	5.12583
-1.95197	1.11365	5.14062	5.12715
-1.93948	1.13073	5.14259	5.1255
-1.94376	1.11891	5.14325	5.12452
-1.9523	1.10379	5.14325	5.12518
-1.95098	1.10609	5.14292	5.12682
-1.95131	1.11266	5.14127	5.12879
-1.95558	1.09919	5.13832	5.12879
-1.95361	1.09032	5.13667	5.12846
-1.95394	1.10281	5.13602	5.12748
-1.95	1.11923	5.13963	5.12616
-1.95065	1.11069	5.14456	5.12583
-1.94244	1.11891	5.1462	5.12616
-1.9523	1.11529	5.14587	5.12452
-1.94704	1.12679	5.14292	5.12419
-1.93488	1.14749	5.13963	5.1255
-1.93751	1.1465	5.14029	5.12682
-1.94376	1.1373	5.14259	5.12649
-1.93554	1.14092	5.14292	5.12583
-1.92831	1.14815	5.14127	5.12518
-1.93127	1.14387	5.14127	5.12485
-1.93258	1.13632	5.14259	5.12583
-1.92503	1.1442	5.14292	5.1255
-1.91484	1.15866	5.14325	5.12485
-1.90893	1.14486	5.14489	5.12452
-1.89907	1.16424	5.14522	5.12288
-1.88626	1.17344	5.14555	5.12255
-1.88298	1.19053	5.14489	5.12452
-1.87246	1.19776	5.14489	5.1278
-1.85603	1.2086	5.1439	5.12846
-1.85833	1.20991	5.14193	5.12945
-1.85209	1.21188	5.13963	5.12846
-1.84815	1.2063	5.13963	5.12649
-1.83337	1.21714	5.14127	5.12419
-1.81562	1.23389	5.14193	5.1209
-1.80281	1.25098	5.14259	5.12156
-1.80971	1.25328	5.14325	5.12288
-1.79985	1.27069	5.14325	5.12288
-1.81004	1.26379	5.1439	5.1232
-1.8038	1.25591	5.14325	5.12189
-1.80117	1.26675	5.14226	5.12353
-1.7969	1.26905	5.14292	5.12583
-1.78967	1.26543	5.14292	5.12945
-1.78934	1.26346	5.14259	5.13043
-1.78638	1.26281	5.14193	5.12846
-1.78178	1.27003	5.14292	5.1255
-1.7808	1.27398	5.14456	5.12288
-1.79164	1.26872	5.14423	5.12485
-1.7969	1.26313	5.14423	5.12616
-1.80248	1.27135	5.14259	5.12649
-1.79328	1.27792	5.14325	5.12485
-1.80281	1.26675	5.14522	5.12386
-1.80248	1.26018	5.14489	5.12386
-1.8107	1.25656	5.14522	5.12419
-1.82482	1.24309	5.14489	5.1232
-1.82055	1.25755	5.1439	5.12419
-1.82909	1.24539	5.14292	5.12518
-1.83304	1.24474	5.14325	5.12485
-1.83501	1.23685	5.14423	5.12353
-1.84092	1.24014	5.14423	5.12222
-1.85603	1.22338	5.14357	5.12123
-1.85801	1.22305	5.14259	5.12452
-1.86885	1.21287	5.14259	5.12715
-1.86359	1.21582	5.14193	5.12715
-1.86786	1.20367	5.14325	5.12715
-1.87246	1.20498	5.14522	5.12616
-1.86983	1.21747	5.14653	5.12518
-1.86819	1.21287	5.14489	5.12649
-1.87739	1.20104	5.1416	5.1278
-1.87608	1.20695	5.14095	5.12846
-1.86491	1.2109	5.14226	5.12813
-1.86523	1.20991	5.14423	5.12846
-1.87378	1.20728	5.1462	5.12813
-1.87575	1.20268	5.14587	5.12649
-1.87476	1.2132	5.14456	5.12583
-1.87903	1.20137	5.14292	5.12649
-1.87673	1.19086	5.14259	5.12649
-1.87838	1.18001	5.14456	5.12452
-1.87542	1.19907	5.14587	5.12353
-1.86753	1.20203	5.14587	5.12255
-1.86786	1.21123	5.14555	5.12255
-1.85768	1.21714	5.14489	5.12583
-1.85472	1.22305	5.14325	5.12748
-1.85275	1.22765	5.14062	5.12977
-1.84749	1.22765	5.1393	5.12879
-1.84651	1.21911	5.14127	5.12682
-1.84749	1.22568	5.14522	5.12616
-1.83731	1.23455	5.14587	5.12616
-1.85078	1.21648	5.1439	5.12485
-1.85899	1.20367	5.14357	5.12452
-1.85078	1.21747	5.14325	5.12452
-1.84684	1.22667	5.14325	5.12682
-1.84716	1.23061	5.14357	5.12682
-1.84519	1.22207	5.14259	5.12682
-1.84388	1.19381	5.14226	5.12748
-1.85176	1.19053	5.14259	5.12715
-1.85111	1.19578	5.14325	5.12583
-1.86425	1.19513	5.14292	5.12682
-1.85571	1.20827	5.14193	5.12682
-1.85538	1.21123	5.14325	5.12616
-1.86721	1.1902	5.14423	5.12682
-1.88166	1.16622	5.14423	5.12649
-1.89119	1.16589	5.14259	5.12583
-1.88725	1.17016	5.14062	5.12616
-1.89579	1.15472	5.13996	5.12649
-1.89447	1.15242	5.14193	5.1278
-1.89447	1.15143	5.1439	5.12813
-1.90236	1.15045	5.1439	5.12748
-1.90499	1.15176	5.14325	5.12518
-1.90794	1.15045	5.1439	5.12583
-1.90762	1.14815	5.14555	5.1278
-1.90597	1.14716	5.14719	5.12912
-1.91681	1.1465	5.14719	5.12945
-1.927	1.13895	5.14653	5.12879
-1.9408	1.12909	5.14587	5.12682
-1.94146	1.12778	5.14489	5.12649
-1.94474	1.11562	5.14357	5.12715
-1.93456	1.12548	5.14259	5.12846
-1.93258	1.15274	5.14127	5.12879
-1.93981	1.15242	5.14127	5.12649
-1.94211	1.14519	5.14259	5.12485
-1.93718	1.13665	5.14226	5.12485
-1.94376	1.13435	5.1416	5.1278
-1.94178	1.13599	5.14259	5.12945
-1.94868	1.13697	5.14259	5.12945
-1.94803	1.1304	5.14259	5.1278
-1.94507	1.13106	5.14325	5.12649
-1.94803	1.11759	5.14522	5.12682
-1.95493	1.10182	5.14587	5.12649
-1.95361	1.10576	5.14456	5.12715
-1.96018	1.09821	5.1439	5.12813
-1.95985	1.08342	5.14489	5.12879
-1.95558	1.09591	5.14653	5.12616
-1.94901	1.09656	5.14686	5.12353
-1.94638	1.09656	5.14325	5.12386
-1.94047	1.08638	5.13996	5.12485
-1.94901	1.07554	5.14193	5.12715
-1.93686	1.09492	5.14357	5.12813
-1.92634	1.09656	5.14357	5.12748
-1.91583	1.10543	5.14423	5.1255
-1.91747	1.10018	5.14522	5.12452
-1.91484	1.11496	5.14522	5.12419
-1.90827	1.12416	5.14259	5.12452
-1.91484	1.11332	5.13996	5.12518
-1.91386	1.10708	5.13996	5.12715
-1.91747	1.09788	5.14259	5.12748
-1.9178	1.11135	5.14325	5.12616
-1.91222	1.11726	5.14259	5.12452
-1.90532	1.1281	5.14127	5.1232
-1.90532	1.1212	5.14062	5.12518
-1.89382	1.12876	5.1416	5.12682
-1.89152	1.13697	5.14325	5.12715
-1.87838	1.13895	5.14489	5.12616
-1.87082	1.1488	5.14522	5.12485
-1.87115	1.14782	5.1462	5.12485
-1.8764	1.15373	5.14522	5.12485
-1.86819	1.1626	5.14325	5.12649
-1.87673	1.15504	5.1439	5.12715
-1.87213	1.16194	5.14423	5.12682
-1.86228	1.1764	5.14555	5.12518
-1.85505	1.18363	5.14686	5.12485
-1.85801	1.19086	5.14489	5.12649
-1.85801	1.1948	5.14062	5.12748
-1.85209	1.20433	5.13996	5.12583
-1.85078	1.20235	5.14029	5.12682
-1.84092	1.2201	5.14226	5.12682
-1.83698	1.22864	5.1439	5.12649
-1.83928	1.22075	5.14259	5.12518
-1.84355	1.2247	5.14029	5.12419
-1.85242	1.21221	5.13996	5.12419
-1.85308	1.20301	5.14095	5.12485
-1.84585	1.2132	5.14357	5.1255
-1.84486	1.21451	5.14489	5.12583
-1.84158	1.21878	5.14423	5.12715
-1.84552	1.22305	5.14259	5.12518
-1.85341	1.2109	5.14095	5.12386
-1.85505	1.21385	5.1416	5.1255
-1.86458	1.18856	5.1416	5.12649
-1.86293	1.19053	5.14226	5.1255
-1.86556	1.20433	5.14259	5.12419
-1.85505	1.21385	5.1416	5.12353
-1.85571	1.21714	5.14292	5.12419
-1.84684	1.22798	5.14456	5.12682
-1.83928	1.2293	5.14522	5.12682
-1.83665	1.23159	5.14456	5.1278
-1.83599	1.22897	5.14357	5.1278
-1.82384	1.23127	5.14325	5.12945
-1.8176	1.24047	5.14456	5.12846
-1.82187	1.23291	5.14522	5.12583
-1.82712	1.23751	5.14522	5.12255
-1.83567	1.21977	5.14489	5.12353
-1.82877	1.227	5.14456	5.12583
-1.82252	1.2293	5.14259	5.12715
-1.81234	1.24178	5.14226	5.12419
-1.81102	1.24014	5.14259	5.1232
-1.79887	1.24244	5.14357	5.1232
-1.78277	1.26445	5.14226	5.12485
-1.80413	1.25394	5.14226	5.12583
-1.80544	1.25821	5.14259	5.12518
-1.78934	1.26051	5.14357	5.1255
-1.79164	1.24868	5.1439	5.12682
-1.79723	1.23225	5.14357	5.12616
-1.8038	1.21878	5.1439	5.12518
-1.79394	1.22272	5.14357	5.12616
-1.79033	1.23587	5.14095	5.12846
-1.79953	1.227	5.1393	5.12945
-1.80117	1.23061	5.14062	5.12813
-1.78441	1.24934	5.14226	5.12616
-1.80018	1.23357	5.14292	5.12485
-1.80643	1.2224	5.14423	5.12485
-1.79066	1.22864	5.14522	5.1255
-1.79624	1.23455	5.14456	5.12715
-1.80215	1.23192	5.14325	5.12649
-1.81135	1.22371	5.14259	5.12682
-1.82614	1.20235	5.14423	5.12649
-1.83402	1.19644	5.14555	5.12485
-1.84125	1.1856	5.14719	5.12452
-1.85176	1.16983	5.14653	5.12452
-1.85702	1.15932	5.14489	5.12386
-1.85308	1.14585	5.14423	5.12386
-1.86063	1.13599	5.14325	5.12419
-1.86359	1.14683	5.14423	5.1255
-1.87213	1.1465	5.14325	5.12616
-1.8695	1.15077	5.1416	5.12649
-1.87476	1.15242	5.14029	5.1255
-1.87443	1.14913	5.14062	5.12419
-1.88363	1.14223	5.14095	5.12485
-1.89382	1.15143	5.14259	5.12518
-1.90959	1.14979	5.1416	5.12616
-1.91879	1.14289	5.14193	5.12813
-1.92207	1.14125	5.14292	5.12813
-1.92207	1.14256	5.14292	5.12715
-1.91649	1.14749	5.14325	5.12682
-1.91484	1.1465	5.14193	5.12583
-1.91353	1.13697	5.14226	5.12616
-1.90794	1.14026	5.14095	5.12649
-1.91024	1.1465	5.14193	5.12583
-1.90532	1.14815	5.14456	5.12649
-1.91024	1.14847	5.14489	5.12748
-1.91911	1.135	5.14193	5.1278
-1.92503	1.12383	5.14095	5.12813
-1.92306	1.12745	5.14259	5.12715
-1.92306	1.13106	5.14259	5.12419
-1.91517	1.13829	5.14127	5.12419
-1.92306	1.12712	5.14029	5.12485
-1.92404	1.10642	5.1416	5.12583
-1.92831	1.10741	5.14292	5.12813
-1.92996	1.10412	5.1439	5.12846
-1.93521	1.09689	5.14522	5.1278
-1.9224	1.09098	5.14587	5.12583
-1.93916	1.07094	5.14555	5.12419
-1.92437	1.09262	5.14423	5.12288
-1.93094	1.08572	5.14292	5.12452
-1.93883	1.07455	5.14292	5.12649
-1.93521	1.08441	5.14292	5.12748
-1.94244	1.07718	5.14357	5.12715
-1.95098	1.08309	5.14325	5.12748
-1.95525	1.07784	5.14423	5.12583
-1.95295	1.08211	5.14456	5.12649
-1.94376	1.07127	5.14325	5.12748
-1.94047	1.05648	5.14357	5.12715
-1.93718	1.05484	5.14522	5.12583
-1.93357	1.06272	5.14686	5.12452
-1.94047	1.07389	5.14752	5.12386
-1.9454	1.06404	5.14785	5.1255
-1.93817	1.06634	5.14653	5.12649
-1.93291	1.07291	5.14522	5.12583
-1.93916	1.06338	5.14489	5.12485
-1.94441	1.05484	5.14653	5.12353
-1.95723	1.04893	5.14587	5.12255
-1.95427	1.04564	5.14456	5.1232
-1.95197	1.06042	5.1439	5.12255
-1.9523	1.07554	5.14456	5.12255
-1.94704	1.09229	5.14555	5.1232
-1.95361	1.08835	5.14587	5.12419
-1.95065	1.08901	5.14423	5.1255
-1.95493	1.08309	5.14423	5.12518
-1.94441	1.09492	5.1439	5.12452
-1.93981	1.09196	5.1439	5.12452
-1.9362	1.11168	5.1439	5.12518
-1.9339	1.11365	5.14423	5.12485
-1.93751	1.11693	5.14456	5.12353
-1.93291	1.11168	5.1462	5.12288
-1.9293	1.11858	5.14719	5.12386
-1.93554	1.12548	5.14752	5.12386
-1.94146	1.1212	5.14489	5.12222
-1.94211	1.11562	5.14259	5.12156
-1.94901	1.10511	5.14095	5.12288
-1.94507	1.10116	5.14259	5.12353
-1.94277	1.10543	5.14489	5.1232
-1.9362	1.10839	5.14522	5.12419
-1.92371	1.12975	5.1439	5.1255
-1.92109	1.13238	5.14226	5.12485
-1.90794	1.14092	5.14095	5.12518
-1.8971	1.16589	5.14325	5.12682
-1.8971	1.1626	5.14325	5.12682
-1.89415	1.16129	5.14259	5.1255
-1.88593	1.16359	5.14193	5.12419
-1.87805	1.16359	5.1416	5.12156
-1.87509	1.17081	5.14127	5.12189
-1.87443	1.16227	5.14292	5.12288
-1.86096	1.16983	5.14456	5.12386
-1.84979	1.1902	5.14357	5.12649
-1.85373	1.18396	5.14193	5.12748
-1.85439	1.20301	5.14127	5.12452
-1.84815	1.20203	5.14095	5.12353
-1.83271	1.2109	5.13996	5.12485
-1.83862	1.2109	5.13996	5.12682
-1.83369	1.22141	5.14062	5.12715
-1.82417	1.24441	5.14193	5.12386
-1.82417	1.23094	5.14127	5.1209
-1.83369	1.2224	5.1416	5.12222
-1.83468	1.2247	5.14292	5.12353
-1.82712	1.21911	5.14423	5.12419
-1.82285	1.23915	5.14522	5.12682
-1.82482	1.23422	5.14522	5.12715
-1.82449	1.23061	5.14489	5.12386
-1.80544	1.25624	5.14456	5.12255
-1.79854	1.26445	5.14226	5.12255
-1.80248	1.26938	5.14325	5.12353
-1.80807	1.25985	5.14325	5.12452
-1.7969	1.27003	5.14357	5.12583
-1.78967	1.27792	5.14259	5.1278
-1.79066	1.27759	5.14292	5.12879
-1.7877	1.27628	5.14423	5.12748
-1.77521	1.29336	5.14423	5.12813
-1.76766	1.29106	5.14456	5.12813
-1.767	1.30617	5.14456	5.12813
-1.75714	1.30815	5.14456	5.12813
-1.75484	1.32753	5.14522	5.12616
-1.74959	1.3295	5.1462	5.12583
-1.73907	1.34396	5.14785	5.12518
-1.73677	1.36137	5.14456	5.12452
-1.73842	1.35283	5.14292	5.12288
-1.72955	1.36137	5.14226	5.12222
-1.72429	1.35644	5.14259	5.12386
-1.71936	1.34987	5.14259	5.12616
-1.71608	1.35414	5.14357	5.12682
-1.72363	1.34593	5.14489	5.12616
-1.72725	1.33969	5.14522	5.12583
-1.73842	1.33969	5.1439	5.12616
-1.73809	1.3295	5.14259	5.12682
-1.74072	1.32983	5.14029	5.12682
-1.74302	1.3249	5.13963	5.12616
-1.74729	1.32654	5.14029	5.12222
-1.74729	1.32326	5.14062	5.12025
-1.75846	1.2996	5.1393	5.12288
-1.76306	1.30585	5.137	5.1255
-1.76503	1.29796	5.13963	5.12583
-1.73677	1.30913	5.14226	5.12485
-1.73283	1.3272	5.1439	5.12419
-1.72758	1.31866	5.14259	5.12353
-1.71838	1.32194	5.14292	5.1255
-1.71509	1.31274	5.14325	5.12649
-1.72462	1.3088	5.14259	5.12583
-1.72922	1.30847	5.14226	5.12518
-1.74564	1.29895	5.14456	5.12583
-1.75912	1.29172	5.14587	5.12649
-1.77357	1.28022	5.14555	5.12485
-1.7831	1.28449	5.14423	5.12452
-1.79427	1.27102	5.14456	5.12452
-1.79	1.2812	5.14522	5.12682
-1.80413	1.26248	5.1439	5.12649
-1.80938	1.26708	5.14423	5.12583
-1.81825	1.26543	5.14555	5.12485
-1.82088	1.24802	5.14587	5.12452
-1.82647	1.24802	5.14456	5.12518
-1.82844	1.24671	5.14292	5.12748
-1.83468	1.23061	5.14127	5.12715
-1.83829	1.23981	5.14292	5.1255
-1.84289	1.2293	5.14555	5.12748
-1.84191	1.22995	5.14653	5.12649
-1.84191	1.23192	5.14522	5.12452
-1.83567	1.24999	5.14489	5.1232
-1.84388	1.23554	5.14653	5.12353
-1.84946	1.227	5.14587	5.12616
-1.85144	1.23028	5.14489	5.12715
-1.85341	1.23554	5.14587	5.12616
-1.85702	1.21451	5.14653	5.12715
-1.86425	1.21944	5.14686	5.12748
-1.86491	1.21812	5.14522	5.12748
-1.88429	1.18856	5.14259	5.12879
-1.88725	1.17936	5.14292	5.12879
-1.88593	1.17969	5.14292	5.12813
-1.89382	1.16326	5.1439	5.12715
-1.90137	1.13862	5.14489	5.1278
-1.91254	1.13106	5.14522	5.12715
-1.90926	1.12942	5.14522	5.1278
-1.91419	1.11726	5.14292	5.12748
-1.91649	1.11398	5.14029	5.12715
-1.91747	1.09755	5.14095	5.12616
-1.9224	1.09229	5.14193	5.1255
-1.92207	1.10281	5.14292	5.12419
-1.92141	1.11102	5.14357	5.12353
-1.9247	1.09689	5.14292	5.12386
-1.92733	1.09821	5.14226	5.12485
-1.92601	1.11102	5.14325	5.12682
-1.93226	1.10839	5.14522	5.12649
-1.92371	1.1258	5.14587	5.12485
-1.93127	1.1212	5.14522	5.12419
-1.91911	1.14092	5.14522	5.12353
-1.91681	1.14289	5.1439	5.12485
-1.91813	1.13369	5.14127	5.1255
-1.91649	1.13402	5.14062	5.12452
-1.92043	1.11431	5.14127	5.12649
-1.9178	1.11792	5.14292	5.12879
-1.91517	1.11858	5.14292	5.12846
-1.92766	1.10741	5.14456	5.1278
-1.92831	1.10445	5.14587	5.12846
-1.92766	1.10642	5.14423	5.12748
-1.92569	1.11069	5.14259	5.12649
-1.90696	1.13073	5.14292	5.12682
-1.904	1.135	5.14325	5.12616
-1.91123	1.12548	5.14292	5.1255
-1.90564	1.12285	5.14226	5.12419
-1.91977	1.10346	5.14325	5.12189
-1.91681	1.11036	5.1416	5.12123
-1.91452	1.10445	5.1393	5.12189
-1.90334	1.12252	5.1393	5.12222
-1.89513	1.14617	5.14095	5.1232
-1.88692	1.14223	5.14456	5.12419
-1.87838	1.14946	5.14555	5.12518
-1.88035	1.14749	5.14456	5.1278
-1.88659	1.14716	5.14259	5.12879
-1.88527	1.16227	5.14226	5.12846
-1.88692	1.15866	5.1416	5.1278
-1.88068	1.17509	5.14325	5.12616
-1.87838	1.17279	5.14292	5.12419
-1.8833	1.15636	5.14226	5.12518
-1.88265	1.14815	5.14193	5.12682
-1.88035	1.14946	5.14456	5.12715
-1.87805	1.15636	5.14653	5.12649
-1.87246	1.15603	5.14489	5.12485
-1.86129	1.16687	5.14423	5.12452
-1.85308	1.17049	5.14325	5.12353
-1.84388	1.18297	5.14127	5.12255
-1.83961	1.19283	5.14029	5.12288
-1.84454	1.18494	5.1393	5.12518
-1.83895	1.19644	5.14095	5.12682
-1.83172	1.1948	5.14456	5.12649
-1.83435	1.17771	5.1462	5.12452
-1.83698	1.18428	5.14555	5.12288
-1.83074	1.18396	5.1439	5.12353
-1.81464	1.1925	5.14259	5.12616
-1.81201	1.20531	5.14193	5.12583
-1.80347	1.22108	5.14095	5.12485
-1.79394	1.22075	5.14127	5.12386
-1.79525	1.23291	5.14127	5.1232
-1.80314	1.21944	5.14193	5.1232
-1.80938	1.227	5.14226	5.12353
-1.81924	1.21977	5.14062	5.12518
-1.81497	1.22995	5.13996	5.12616
-1.80675	1.23192	5.14193	5.12583
-1.79723	1.23554	5.14489	5.1232
-1.78901	1.23324	5.14686	5.12353
-1.77883	1.23488	5.14686	5.1255
-1.7854	1.23685	5.1439	5.12616
-1.7854	1.24211	5.14259	5.12715
-1.78178	1.23784	5.14259	5.1255
-1.79066	1.24277	5.14357	5.12419
-1.79131	1.24145	5.14522	5.12353
-1.79361	1.22601	5.1439	5.12419
-1.8015	1.2178	5.14226	5.12485
-1.79263	1.2224	5.14095	5.12748
-1.79657	1.21747	5.14029	5.12846
-1.79821	1.21254	5.14062	5.12485
-1.7923	1.2247	5.14095	5.12353
-1.7969	1.2155	5.1416	5.1232
-1.79295	1.23061	5.14292	5.12419
-1.79723	1.23455	5.14259	5.12386
-1.81332	1.23028	5.14193	5.12353
-1.81694	1.22732	5.1416	5.12452
-1.81924	1.21451	5.14259	5.12649
-1.81661	1.22305	5.14292	5.12616
-1.81858	1.22141	5.14292	5.12485
-1.82515	1.21944	5.14226	5.12419
-1.82811	1.22338	5.14259	5.1255
-1.83172	1.21845	5.14292	5.12649
-1.82351	1.22338	5.14456	5.12682
-1.83567	1.21878	5.14456	5.12715
-1.83534	1.21221	5.14357	5.12682
-1.83731	1.2155	5.14325	5.12715
-1.83895	1.21418	5.1439	5.12682
-1.84454	1.204	5.14489	5.12682
-1.83895	1.20203	5.1462	5.12682
-1.83994	1.20137	5.14587	5.12649
-1.84421	1.1925	5.1439	5.12682
-1.85012	1.1833	5.14259	5.12682
-1.84946	1.17771	5.14357	5.12616
-1.85111	1.16819	5.14292	5.12649
-1.85012	1.1672	5.14259	5.12583
-1.85439	1.1718	5.14226	5.12485
-1.84322	1.1764	5.14423	5.12518
-1.84454	1.16851	5.14522	5.12518
-1.84486	1.17377	5.14489	5.12452
-1.84322	1.17147	5.14259	5.12518
-1.84059	1.17969	5.14193	5.12518
-1.83534	1.17246	5.1416	5.12583
-1.84618	1.15045	5.14259	5.12748
-1.84322	1.13402	5.14062	5.12945
-1.83632	1.15274	5.14095	5.12813
-1.83337	1.14519	5.14226	5.1255
-1.84191	1.14453	5.14292	5.12518
-1.83238	1.15209	5.14357	5.12682
-1.83599	1.1534	5.14423	5.12945
-1.83797	1.15077	5.14489	5.13043
-1.82581	1.14322	5.14522	5.12616
-1.83205	1.12876	5.14489	5.12353
-1.84026	1.13665	5.14292	5.12452
-1.84716	1.14157	5.14029	5.1255
-1.85209	1.14223	5.13832	5.12649
-1.84914	1.15077	5.13733	5.12715
-1.85603	1.15537	5.1393	5.12748
-1.86556	1.16096	5.14292	5.12649
-1.86885	1.15734	5.14719	5.12386
-1.87148	1.16457	5.14785	5.12288
-1.87509	1.16194	5.14423	5.12222
-1.87213	1.16129	5.13799	5.12518
-1.89119	1.14322	5.13667	5.12977
-1.89152	1.14125	5.13897	5.13076
-1.88527	1.15439	5.14226	5.12977
-1.86819	1.15669	5.14489	5.12813
-1.87476	1.14486	5.14555	5.12879
-1.86983	1.1419	5.14555	5.1301
-1.87805	1.1373	5.14456	5.13175
-1.88133	1.13205	5.14357	5.13109
-1.86983	1.1465	5.14193	5.12912
-1.87213	1.15504	5.14292	5.12813
-1.8718	1.15176	5.14456	5.12879
-1.8718	1.16096	5.14423	5.12846
-1.87279	1.16556	5.1439	5.12912
-1.87608	1.15274	5.14325	5.12977
-1.88199	1.13796	5.14325	5.12912
-1.881	1.13336	5.14193	5.12682
-1.89283	1.12646	5.1416	5.12649
-1.89349	1.14026	5.14259	5.12715
-1.89809	1.13632	5.14226	5.12748
-1.90367	1.13697	5.14127	5.12846
-1.90959	1.12449	5.14127	5.12715
-1.90564	1.13927	5.14259	5.12649
-1.90334	1.1304	5.14325	5.12485
-1.91386	1.11299	5.1439	5.12452
-1.92339	1.10412	5.14489	5.12386
-1.92339	1.11398	5.14489	5.12518
-1.91911	1.12712	5.14292	5.12616
-1.91123	1.12416	5.14127	5.12682
-1.91057	1.12186	5.14095	5.12748
-1.90992	1.12153	5.14357	5.1278
-1.91517	1.11102	5.1462	5.12748
-1.92371	1.10248	5.14653	5.12452
-1.91813	1.12679	5.14423	5.12419
-1.91057	1.12383	5.14226	5.12518
-1.90499	1.11989	5.14127	5.12715
-1.89907	1.11595	5.14226	5.12682
-1.89053	1.11989	5.1439	5.12813
-1.8741	1.11956	5.14325	5.12682
-1.87049	1.11299	5.14292	5.12485
-1.86523	1.11891	5.14193	5.12583
-1.86261	1.12942	5.14095	5.12813
-1.86096	1.12022	5.1416	5.12649
-1.86688	1.11562	5.14325	5.12616
-1.86622	1.1281	5.14423	5.12813
-1.86228	1.14026	5.14423	5.13043
-1.86425	1.13829	5.14522	5.13043
-1.85636	1.1304	5.14423	5.12846
-1.85768	1.1235	5.14292	5.12715
-1.86228	1.11661	5.14292	5.12715
-1.85998	1.13106	5.14325	5.12813
-1.87115	1.12383	5.14259	5.12682
-1.86918	1.12843	5.14127	5.12485
-1.85768	1.14026	5.14193	5.1232
-1.85406	1.15932	5.14226	5.1232
-1.84815	1.15932	5.14423	5.12452
-1.84848	1.15636	5.1439	5.12353
-1.83107	1.16326	5.14357	5.12353
-1.83304	1.16359	5.14456	5.1232
-1.82449	1.18034	5.14489	5.12419
-1.8222	1.20071	5.1439	5.12452
-1.81727	1.20958	5.14357	5.12748
-1.81135	1.21451	5.14292	5.12813
-1.82877	1.19283	5.14357	5.1278
-1.8176	1.19546	5.14325	5.12649
-1.81037	1.19381	5.14259	5.12518
-1.80117	1.20564	5.14456	5.12649
-1.79098	1.21517	5.14522	5.12616
-1.81037	1.21517	5.14456	5.12485
-1.81924	1.20958	5.14456	5.12583
-1.81201	1.21582	5.1439	5.12682
-1.82187	1.20104	5.1439	5.12715
-1.81661	1.19874	5.14423	5.12748
-1.80248	1.22108	5.14292	5.12682
-1.80807	1.21977	5.14029	5.12616
-1.81431	1.2132	5.13996	5.12813
-1.80774	1.22108	5.13832	5.12879
-1.82548	1.21385	5.13766	5.1278
-1.81135	1.23619	5.13832	5.12616
-1.79788	1.24835	5.14193	5.1255
-1.79394	1.24966	5.1439	5.12518
-1.79	1.23587	5.1439	5.12518
-1.80051	1.21977	5.14423	5.12583
-1.7923	1.21517	5.14522	5.12583
-1.78901	1.21878	5.14653	5.12485
-1.78146	1.22437	5.14719	5.12353
-1.78507	1.22568	5.14587	5.12058
-1.79197	1.2132	5.14325	5.12123
-1.7992	1.21418	5.14292	5.12255
-1.80347	1.20925	5.1439	5.12419
-1.80872	1.20433	5.14423	5.12649
-1.78967	1.19546	5.14555	5.12748
-1.7946	1.19381	5.14522	5.12518
-1.77883	1.20433	5.14423	5.1232
-1.76076	1.22371	5.14489	5.12222
-1.76831	1.22502	5.14423	5.12222
-1.7762	1.22305	5.14095	5.12419
-1.77357	1.22601	5.14193	5.12452
-1.767	1.22634	5.14522	5.12485
-1.77423	1.22272	5.14785	5.1232
-1.76799	1.22502	5.14555	5.12156
-1.76371	1.22995	5.14357	5.1232
-1.76503	1.21615	5.14127	5.12715
-1.76339	1.20334	5.1393	5.12912
-1.76897	1.19381	5.1393	5.12977
-1.76141	1.1902	5.14226	5.12813
-1.76404	1.20597	5.14357	5.12715
-1.77521	1.21353	5.14522	5.12846
-1.7808	1.21878	5.14456	5.1301
-1.77456	1.22371	5.14259	5.1278
-1.77751	1.2293	5.14127	5.12419
-1.7877	1.22765	5.14226	5.12189
-1.79033	1.22831	5.1439	5.12189
-1.78146	1.23882	5.14489	5.12156
-1.7785	1.22897	5.1439	5.1232
-1.77357	1.23718	5.14127	5.12583
-1.78047	1.23718	5.1416	5.12748
-1.77883	1.22535	5.14325	5.12682
-1.77226	1.22864	5.14522	5.12583
-1.76996	1.2201	5.14555	5.12485
-1.77784	1.21254	5.14456	5.12353
-1.79394	1.19644	5.14423	5.12255
-1.80051	1.19743	5.14522	5.1232
-1.80117	1.18888	5.1439	5.12485
-1.81135	1.1787	5.14193	5.12452
-1.82088	1.17213	5.14226	5.12353
-1.82975	1.16884	5.14587	5.12353
-1.82942	1.16194	5.14949	5.12616
-1.83534	1.15702	5.14817	5.12813
-1.83665	1.14782	5.14325	5.12748
-1.85866	1.15439	5.1416	5.12583
-1.84191	1.17311	5.1416	5.12485
-1.85341	1.1695	5.14325	5.12419
-1.85538	1.16194	5.14489	5.1232
-1.86556	1.14979	5.14522	5.12386
-1.87542	1.13172	5.1439	5.1255
-1.8741	1.13697	5.14259	5.12715
-1.87509	1.13763	5.14127	5.12682
-1.88166	1.13303	5.14029	5.12649
-1.89382	1.11693	5.14029	5.1255
-1.88199	1.11201	5.14193	5.12485
-1.89086	1.11365	5.14423	5.12452
-1.89217	1.11135	5.14522	5.12419
-1.90762	1.09164	5.14456	5.12485
-1.9063	1.08605	5.1439	5.1255
-1.90926	1.07389	5.14456	5.1255
-1.91024	1.07882	5.1439	5.12518
-1.9132	1.08868	5.14357	5.12485
-1.91386	1.08309	5.1439	5.12682
-1.92207	1.07849	5.14423	5.12879
-1.92141	1.09164	5.1439	5.12945
-1.92634	1.07981	5.14357	5.1278
-1.91024	1.08868	5.14522	5.12649
-1.90729	1.08309	5.14686	5.12616
-1.91649	1.08014	5.14817	5.1278
-1.9109	1.08145	5.14587	5.12748
-1.91681	1.07521	5.14226	5.12616
-1.90959	1.08047	5.14127	5.1255
-1.90992	1.08309	5.14325	5.12616
-1.90203	1.09755	5.1439	5.12748
-1.8925	1.10445	5.1439	5.12813
-1.88298	1.12482	5.14489	5.12583
-1.87476	1.13303	5.14489	5.12452
-1.87706	1.12745	5.1439	5.12682
-1.87345	1.12843	5.14193	5.12846
-1.86622	1.12975	5.14226	5.12846
-1.86392	1.13829	5.1439	5.12813
-1.85899	1.1258	5.14522	5.12682
-1.85669	1.11923	5.14522	5.12583
-1.86031	1.11233	5.14292	5.1255
-1.84979	1.11365	5.14127	5.1255
-1.86031	1.11102	5.14095	5.1255
-1.87345	1.10248	5.14259	5.12583
-1.86721	1.11003	5.14325	5.12616
-1.86753	1.09656	5.14489	5.12682
-1.87213	1.10938	5.14587	5.12583
-1.87969	1.10905	5.14522	5.12583
-1.87246	1.11956	5.14259	5.12649
-1.86589	1.11661	5.14259	5.12813
-1.88396	1.11858	5.14325	5.12813
-1.8833	1.13665	5.1439	5.12748
-1.88659	1.13829	5.14423	5.12748
-1.88659	1.14716	5.14357	5.12748
-1.89086	1.14913	5.14095	5.12682
-1.89809	1.15833	5.13865	5.12583
-1.89875	1.15012	5.13963	5.1255
-1.89842	1.14519	5.14127	5.1255
-1.91386	1.12613	5.14423	5.1255
-1.91649	1.12942	5.1462	5.1232
-1.90992	1.12055	5.14587	5.12255
-1.9086	1.12285	5.14555	5.12156
-1.90663	1.13468	5.14489	5.12255
-1.90696	1.14289	5.14423	5.12518
-1.90762	1.13862	5.14423	5.12616
-1.89809	1.14059	5.14456	5.1255
-1.89349	1.1465	5.14522	5.12452
-1.89415	1.1534	5.14423	5.1255
-1.89053	1.15833	5.14193	5.12846
-1.88593	1.14585	5.14095	5.1301
-1.87673	1.14453	5.14325	5.12879
-1.87575	1.14782	5.14522	5.12682
-1.88199	1.13763	5.14653	5.12583
-1.88298	1.1304	5.14522	5.12518
-1.87673	1.1419	5.14325	5.12583
-1.86655	1.15406	5.1416	5.12715
-1.86556	1.1511	5.14193	5.12682
-1.8695	1.1511	5.14259	5.1255
-1.87476	1.14683	5.14193	5.12419
-1.86852	1.1557	5.14292	5.12452
-1.87213	1.15504	5.14489	5.12682
-1.86293	1.17016	5.14456	5.12715
-1.86228	1.17344	5.14226	5.12649
-1.84092	1.18888	5.14062	5.12715
-1.83665	1.19118	5.14226	5.12945
-1.83205	1.18856	5.14325	5.12977
-1.81694	1.2017	5.14292	5.12682
-1.81727	1.20465	5.14357	5.1255
-1.82285	1.19447	5.14357	5.12485
-1.82154	1.19776	5.14259	5.12649
-1.81431	1.19907	5.14292	5.12813
-1.81102	1.19217	5.1439	5.12813
-1.80938	1.19316	5.14357	5.12715
-1.7946	1.21615	5.14226	5.12485
-1.78573	1.22765	5.1416	5.12353
-1.77094	1.25426	5.14062	5.12616
-1.77226	1.25591	5.14193	5.12813
-1.7762	1.24605	5.14226	5.12748
-1.79	1.24079	5.14423	5.12813
-1.80018	1.23258	5.14555	5.12715
-1.8084	1.227	5.14719	5.12649
-1.80774	1.2293	5.14587	5.12649
-1.8107	1.23324	5.1439	5.12715
-1.81792	1.22371	5.14226	5.12813
-1.82679	1.2086	5.14357	5.12813
-1.83304	1.21287	5.1439	5.1278
-1.84256	1.21155	5.14292	5.12649
-1.84355	1.22667	5.1416	5.1255
-1.84651	1.21714	5.14127	5.12518
-1.85505	1.20564	5.14259	5.12616
-1.85866	1.20794	5.14226	5.12715
-1.85538	1.18691	5.14292	5.12813
-1.85406	1.17804	5.14292	5.12583
-1.86096	1.17147	5.14292	5.12518
-1.86129	1.1718	5.14226	5.12583
-1.86819	1.1649	5.14062	5.12748
-1.86326	1.16851	5.14029	5.12715
-1.86031	1.16819	5.14127	5.12616
-1.86918	1.15077	5.14292	5.12419
-1.86622	1.15702	5.14357	5.12518
-1.86392	1.17016	5.14325	5.12583
-1.87903	1.14322	5.14357	5.12452
-1.88232	1.1396	5.1439	5.12518
-1.87673	1.14782	5.1439	5.12583
-1.88495	1.12942	5.14259	5.12649
-1.89809	1.11529	5.14226	5.12649
-1.89513	1.11891	5.14325	5.1255
-1.89349	1.11858	5.14456	5.12485
-1.89743	1.11858	5.14423	5.1255
-1.89316	1.14716	5.1416	5.1255
-1.89743	1.13402	5.14095	5.12583
-1.89086	1.12942	5.13963	5.12912
-1.89645	1.12778	5.14226	5.13076
-1.89217	1.12252	5.14259	5.12912
-1.89119	1.13139	5.14423	5.12715
-1.8925	1.13435	5.14489	5.12583
-1.89513	1.13566	5.14489	5.12583
-1.904	1.12909	5.14522	5.1255
-1.89152	1.14092	5.14489	5.1255
-1.88462	1.13993	5.14555	5.12583
-1.87936	1.12613	5.14653	5.12715
-1.88495	1.12712	5.1462	5.12682
-1.88955	1.10511	5.14555	5.12682
-1.89546	1.10281	5.14325	5.12616
-1.88232	1.12383	5.14226	5.12583
-1.89086	1.11463	5.14226	5.12879
-1.89842	1.13665	5.14292	5.12977
-1.90072	1.12318	5.14456	5.12649
-1.88232	1.14782	5.14423	5.12452
-1.87739	1.1557	5.14423	5.12452
-1.87443	1.15767	5.14522	5.12452
-1.87082	1.15997	5.14653	5.12583
-1.87049	1.1649	5.14522	5.12616
-1.86885	1.16786	5.14423	5.12583
-1.87279	1.1626	5.14522	5.12616
-1.88133	1.1557	5.14555	5.12682
-1.88396	1.14815	5.14423	5.12649
-1.87903	1.14157	5.14292	5.12649
-1.88823	1.12909	5.14193	5.12583
-1.90433	1.12712	5.1439	5.12386
-1.89875	1.12318	5.14423	5.12288
-1.90104	1.12712	5.14423	5.12353
-1.90532	1.13369	5.14357	5.12485
-1.91517	1.13369	5.14062	5.12616
-1.92109	1.12712	5.1393	5.12715
-1.92831	1.11923	5.14062	5.12682
-1.927	1.11036	5.1416	5.12682
-1.93324	1.10511	5.14095	5.12879
-1.94244	1.09229	5.14259	5.1278
-1.9454	1.08309	5.14292	5.12485
-1.93817	1.09656	5.14226	5.12288
-1.94146	1.09328	5.14127	5.12353
-1.93916	1.09854	5.14193	5.12616
-1.93258	1.10314	5.14259	5.12879
-1.9316	1.09558	5.14226	5.1278
-1.92897	1.08769	5.14325	5.12583
-1.93061	1.08309	5.14357	5.12452
-1.93291	1.08309	5.14555	5.12583
-1.91813	1.10215	5.14522	5.12616
-1.91846	1.09689	5.14357	5.12616
-1.9109	1.10642	5.14292	5.12649
-1.91714	1.11003	5.14587	5.12649
-1.90992	1.11693	5.14686	5.12518
-1.91189	1.12252	5.14423	5.12419
-1.904	1.13303	5.14062	5.12485
-1.8994	1.14256	5.14095	5.12616
-1.89743	1.13599	5.14423	5.12715
-1.8971	1.12942	5.14719	5.12616
-1.89316	1.12679	5.14587	5.1255
-1.89053	1.12712	5.14522	5.12518
-1.89152	1.12745	5.14489	5.12419
-1.8833	1.1327	5.14292	5.12353
-1.8833	1.13697	5.14226	5.12386
-1.8787	1.13336	5.14259	5.12452
-1.8787	1.12613	5.14357	5.12386
-1.88002	1.14223	5.14456	5.1232
-1.86983	1.15045	5.14325	5.12485
-1.85012	1.1741	5.14193	5.12748
-1.83534	1.18987	5.14259	5.12682
-1.84256	1.19086	5.14325	5.12649
-1.84355	1.19348	5.14423	5.12583
-1.85275	1.18199	5.1462	5.12682
-1.86458	1.16917	5.14653	5.12485
-1.86918	1.15833	5.14587	5.12222
-1.86622	1.15472	5.1439	5.12353
-1.85571	1.16983	5.14423	5.12419
-1.85406	1.1649	5.1439	5.12616
-1.83534	1.17673	5.14357	5.12616
-1.84125	1.1718	5.14259	5.1255
-1.84684	1.16424	5.14095	5.12518
-1.84618	1.16129	5.14062	5.12682
-1.84026	1.18724	5.14259	5.1278
-1.84125	1.18987	5.1462	5.12748
-1.82351	1.20728	5.14785	5.12616
-1.81792	1.23028	5.14752	5.12485
-1.81825	1.23882	5.1462	5.12452
-1.81102	1.23981	5.1439	5.1255
-1.80643	1.24572	5.14325	5.12583
-1.8015	1.23127	5.1439	5.12715
-1.8038	1.24474	5.14357	5.12748
-1.81431	1.23619	5.14357	5.1255
-1.81464	1.22831	5.14325	5.12386
-1.81694	1.22634	5.1439	5.1232
-1.81267	1.23192	5.14456	5.12419
-1.80905	1.23159	5.14489	5.12649
-1.81267	1.227	5.14456	5.12813
-1.79328	1.25229	5.14357	5.12846
-1.79197	1.25886	5.14292	5.1278
-1.80215	1.24966	5.14423	5.12748
-1.79361	1.25262	5.14555	5.12583
-1.79263	1.24605	5.14522	5.12452
-1.80084	1.25689	5.14489	5.12485
-1.79295	1.26478	5.14522	5.12583
-1.78244	1.28548	5.14555	5.12649
-1.78967	1.28186	5.14555	5.12616
-1.78507	1.28745	5.14489	5.12452
-1.79558	1.27693	5.14325	5.12419
-1.79098	1.27398	5.14259	5.1255
-1.78836	1.27463	5.14127	5.12748
-1.79427	1.26182	5.13996	5.12879
-1.8015	1.26248	5.14029	5.12649
-1.79328	1.25229	5.14193	5.12452
-1.78211	1.26971	5.14357	5.12386
-1.79033	1.25755	5.14423	5.1232
-1.81792	1.22732	5.14456	5.12222
-1.81891	1.22765	5.1416	5.12616
-1.83468	1.21287	5.14029	5.12879
-1.84256	1.21155	5.1416	5.12846
-1.82811	1.21188	5.14325	5.12748
-1.84388	1.19184	5.14357	5.12616
-1.84256	1.17903	5.14423	5.12518
-1.83961	1.19644	5.14489	5.12419
-1.83928	1.20005	5.1439	5.12353
-1.84848	1.18987	5.14226	5.12518
-1.86228	1.18231	5.14226	5.12649
-1.85932	1.18691	5.14325	5.12518
-1.85242	1.18954	5.14686	5.12222
-1.86523	1.18757	5.14719	5.12189
-1.86556	1.18823	5.14423	5.12419
-1.86655	1.18494	5.14127	5.12518
-1.87016	1.18626	5.14095	5.12682
-1.87016	1.18494	5.14259	5.12485
-1.88889	1.1603	5.14423	5.12452
-1.89875	1.15176	5.14686	5.12485
-1.89415	1.14289	5.14653	5.12452
-1.89283	1.1396	5.14325	5.12583
-1.91057	1.11858	5.14029	5.12748
-1.9247	1.11365	5.1393	5.12583
-1.9316	1.10445	5.1393	5.12518
-1.9454	1.09196	5.1416	5.1255
-1.9477	1.08934	5.14423	5.12485
-1.95033	1.08244	5.14456	5.1255
-1.95821	1.06765	5.1439	5.1255
-1.9615	1.05517	5.14292	5.1278
-1.97168	1.04301	5.14423	5.12977
-1.96314	1.05418	5.14522	5.12879
-1.95854	1.05583	5.1462	5.12452
-1.95065	1.0601	5.14456	5.12452
-1.95197	1.0624	5.14423	5.12452
-1.96215	1.05484	5.1439	5.12452
-1.96938	1.05845	5.14357	5.12518
-1.98088	1.0486	5.1439	5.12583
-1.98909	1.04006	5.14292	5.12616
-1.98712	1.03283	5.14292	5.12485
-1.97694	1.03874	5.1439	5.12452
-1.97562	1.0371	5.14456	5.12485
-1.98187	1.02691	5.1439	5.12682
-1.98219	1.02593	5.14357	5.1278
-1.98417	1.04498	5.14292	5.12748
-1.98614	1.04367	5.14259	5.1255
-1.99369	1.03677	5.14456	5.1255
-2.00289	1.02494	5.1462	5.12616
-1.99895	1.03381	5.14456	5.12682
-2.00125	1.03743	5.14423	5.12748
-1.99008	1.04794	5.14555	5.12748
-1.99336	1.03414	5.14555	5.12616
-1.98647	1.03743	5.14423	5.12452
-1.98581	1.04958	5.14325	5.12386
-1.98778	1.0463	5.14193	5.1232
-1.97989	1.05845	5.14292	5.12419
-1.98351	1.05024	5.14456	5.12616
-1.98187	1.06272	5.1462	5.12649
-1.97825	1.06601	5.14686	5.1255
-1.97825	1.07258	5.14587	5.12419
-1.98614	1.06568	5.14555	5.12353
-1.98055	1.06272	5.1462	5.12485
-1.98384	1.06634	5.14489	5.12682
-1.97957	1.05977	5.1416	5.12715
-1.98712	1.05681	5.13996	5.1255
-1.97201	1.06995	5.14095	5.12583
-1.97168	1.06371	5.14357	5.12616
-1.96182	1.06897	5.14555	5.1232
-1.96117	1.06502	5.14555	5.12419
-1.96314	1.06141	5.14522	5.12583
-1.96708	1.06042	5.14456	5.12649
-1.96544	1.06305	5.14555	5.12715
-1.96445	1.06634	5.14522	5.12452
-1.95723	1.07389	5.14522	5.12222
-1.95328	1.07061	5.14357	5.12288
-1.95755	1.0601	5.14259	5.12485
-1.96478	1.05451	5.14095	5.1255
-1.9684	1.05517	5.14127	5.12616
-1.9684	1.06765	5.14292	5.1255
-1.96675	1.06634	5.14555	5.12485
-1.96314	1.06831	5.14423	5.12616
-1.96774	1.06174	5.14259	5.12485
-1.95953	1.07882	5.14095	5.12518
-1.96347	1.07324	5.14259	5.12682
-1.9592	1.0647	5.14522	5.12715
-1.95854	1.06568	5.14653	5.12682
-1.94901	1.06995	5.14555	5.1278
-1.95164	1.07587	5.14587	5.12649
-1.95525	1.06502	5.14522	5.12649
-1.95033	1.08145	5.1439	5.12616
-1.94277	1.08244	5.14522	5.12452
-1.94474	1.07357	5.14489	5.12353
-1.94277	1.07488	5.14456	5.12452
-1.94441	1.07817	5.14752	5.12518
-1.9408	1.09262	5.14949	5.12485
-1.92766	1.10248	5.14587	5.12518
-1.92766	1.11135	5.14193	5.12715
-1.92996	1.10675	5.14127	5.12813
-1.92831	1.10478	5.14127	5.12879
-1.92569	1.10609	5.14193	5.12682
-1.91123	1.11759	5.14127	5.12583
-1.90433	1.1212	5.14095	5.12583
-1.90137	1.12416	5.14193	5.12518
-1.89907	1.1396	5.14127	5.12682
-1.89743	1.13238	5.14226	5.1278
-1.89546	1.14157	5.1439	5.12715
-1.89316	1.14092	5.1462	5.12682
-1.89053	1.14847	5.14555	5.1255
-1.87772	1.15734	5.14357	5.12485
-1.87476	1.158	5.14259	5.12583
-1.87312	1.16687	5.14292	5.12748
-1.86162	1.17016	5.14423	5.12682
-1.85669	1.16884	5.14325	5.12715
-1.84585	1.17344	5.14489	5.12715
-1.84716	1.1787	5.14522	5.12485
-1.82811	1.1948	5.14456	5.12518
-1.81234	1.21977	5.14456	5.12452
-1.79361	1.23652	5.14193	5.12386
-1.77291	1.25098	5.13897	5.12518
-1.76306	1.24966	5.13963	5.12649
-1.74926	1.24277	5.14259	5.1278
-1.74433	1.24539	5.14522	5.12813
-1.73743	1.25426	5.14489	5.12682
-1.72922	1.26346	5.14226	5.12649
-1.72199	1.26938	5.13963	5.12715
-1.70983	1.28318	5.14095	5.12616
-1.72199	1.27332	5.14325	5.12616
-1.7187	1.27792	5.14489	5.12518
-1.71378	1.29303	5.1462	5.12419
-1.71213	1.28252	5.14653	5.12288
-1.70918	1.27332	5.14423	5.12419
-1.69965	1.28219	5.1416	5.12518
-1.69144	1.27956	5.14062	5.12649
-1.69374	1.28383	5.14226	5.12649
-1.69834	1.27102	5.1439	5.12583
-1.70458	1.27825	5.1439	5.12485
-1.71936	1.2835	5.14292	5.1255
-1.73086	1.27201	5.14193	5.12518
-1.71969	1.28613	5.14226	5.12682
-1.70326	1.29763	5.14292	5.12649
-1.71312	1.28876	5.14292	5.12715
-1.73316	1.2812	5.14357	5.12748
-1.72988	1.28383	5.14555	5.1278
-1.7348	1.27661	5.14653	5.12813
-1.72758	1.26971	5.14489	5.1278
-1.73546	1.26741	5.1439	5.12682
-1.72396	1.27463	5.14357	5.12518
-1.73283	1.26773	5.14423	5.12616
-1.75419	1.26182	5.14522	5.12682
-1.75747	1.27529	5.14489	5.1255
-1.76503	1.26511	5.14357	5.12518
-1.77751	1.26675	5.14292	5.12485
-1.77751	1.25624	5.14292	5.12649
-1.78408	1.26051	5.14292	5.12748
-1.77029	1.27463	5.14292	5.12649
-1.7762	1.27463	5.14522	5.12616
-1.78277	1.26379	5.1462	5.12682
-1.78178	1.27102	5.14555	5.12715
-1.78474	1.26445	5.14325	5.12583
-1.79	1.25229	5.14095	5.12518
-1.78803	1.25361	5.14259	5.12255
-1.79427	1.24704	5.14456	5.1209
-1.80905	1.23751	5.14325	5.12156
-1.81858	1.22042	5.14259	5.1232
-1.83172	1.21451	5.14226	5.12616
-1.83567	1.20268	5.14357	5.12846
-1.82909	1.20334	5.14325	5.12945
-1.83304	1.18363	5.14259	5.12715
-1.83238	1.17541	5.14489	5.1255
-1.84716	1.158	5.14587	5.12616
-1.85472	1.16194	5.14423	5.12616
-1.88363	1.12843	5.14029	5.12748
-1.89053	1.12055	5.13897	5.1278
-1.90236	1.10215	5.14062	5.12748
-1.89875	1.10215	5.14292	5.12583
-1.90367	1.08277	5.14292	5.12419
-1.91517	1.06995	5.14292	5.12452
-1.93061	1.06174	5.14226	5.12518
-1.92437	1.08079	5.1416	5.12649
-1.93061	1.07554	5.14062	5.12912
-1.93488	1.06798	5.14259	5.12912
-1.93817	1.04958	5.14489	5.12649
-1.94606	1.05517	5.14785	5.12518
-1.95854	1.04038	5.14785	5.12452
-1.96938	1.04433	5.14357	5.12485
-1.973	1.04104	5.14127	5.12682
-1.97201	1.04006	5.14095	5.12945
-1.97365	1.02691	5.14292	5.12977
-1.97924	1.0187	5.14522	5.12813
-1.98384	1.02691	5.1439	5.12616
-1.98187	1.03283	5.14259	5.12518
-1.98581	1.03973	5.14062	5.12715
-1.98909	1.02856	5.14127	5.12846
-1.98581	1.03677	5.1439	5.12583
-1.97957	1.05254	5.14555	5.1232
-1.98975	1.0417	5.14587	5.12222
-1.98351	1.0486	5.14456	5.12189
-1.98844	1.04367	5.14357	5.1232
-1.98154	1.05878	5.14325	5.12288
-1.98811	1.04367	5.14226	5.12255
-2.00125	1.03118	5.14193	5.1232
-1.99994	1.03053	5.1416	5.12288
-1.98975	1.04268	5.14292	5.1232
-1.98417	1.04334	5.14423	5.12452
-1.97234	1.05057	5.14587	5.12452
-1.96807	1.07192	5.14719	5.12452
-1.96642	1.08178	5.1462	5.12518
-1.96215	1.09426	5.14325	5.12682
-1.95755	1.09919	5.14226	5.13043
-1.9615	1.09886	5.1439	5.13142
-1.94967	1.11398	5.14653	5.12813
-1.93686	1.12416	5.14719	5.12452
-1.94408	1.12022	5.14423	5.12419
-1.93916	1.12646	5.14029	5.12386
-1.93948	1.135	5.1393	5.12485
-1.92306	1.14617	5.14259	5.12452
-1.92766	1.13829	5.14456	5.12518
-1.91517	1.1465	5.14522	5.12419
-1.90072	1.16622	5.14325	5.12419
-1.89875	1.1649	5.14193	5.12682
-1.87673	1.18264	5.14226	5.12846
-1.87016	1.20268	5.14226	5.12748
-1.85801	1.2086	5.14062	5.12485
-1.85866	1.20367	5.14095	5.12386
-1.85242	1.20268	5.14226	5.12583
-1.84585	1.20367	5.14325	5.12616
-1.83567	1.20301	5.14292	5.12748
-1.83074	1.21123	5.14292	5.12945
-1.83008	1.19578	5.14456	5.12912
-1.83435	1.19611	5.14686	5.12649
-1.83829	1.20137	5.14719	5.12452
-1.82515	1.2132	5.14719	5.1255
-1.83238	1.21024	5.14522	5.12715
-1.82285	1.22108	5.14292	5.12813
-1.82384	1.23028	5.14062	5.12748
-1.83665	1.21648	5.14193	5.12485
-1.83567	1.20925	5.14423	5.12353
-1.83928	1.20367	5.14489	5.1232
-1.82679	1.22667	5.1439	5.12452
-1.83107	1.21615	5.14226	5.12682
-1.82187	1.22108	5.1416	5.12649
-1.80872	1.23127	5.14193	5.12682
-1.80741	1.23389	5.14193	5.12616
-1.81332	1.2247	5.14193	5.12583
-1.82482	1.22535	5.14259	5.12419
-1.83271	1.2224	5.14193	5.12353
-1.82712	1.23127	5.14292	5.12485
-1.82811	1.2178	5.14193	5.12583
-1.83895	1.19316	5.14325	5.1255
-1.84026	1.19086	5.14522	5.12518
-1.86753	1.16457	5.14653	5.12518
-1.86753	1.1603	5.14587	5.12583
-1.86753	1.15504	5.14456	5.12583
-1.86786	1.14979	5.14522	5.12583
-1.87148	1.14453	5.14456	5.1255
-1.87148	1.13895	5.14325	5.12616
-1.87049	1.15537	5.14226	5.12649
-1.86589	1.1649	5.14193	5.12518
-1.86031	1.17081	5.1416	5.12419
-1.85965	1.16424	5.14029	5.12518
-1.86228	1.1603	5.13799	5.12616
-1.87016	1.15143	5.13865	5.12616
-1.87969	1.13993	5.14062	5.12518
-1.8787	1.1396	5.14357	5.12419
-1.8764	1.1465	5.14489	5.12583
-1.87148	1.1534	5.14489	5.1278
-1.87903	1.1465	5.14357	5.12748
-1.87312	1.14815	5.14259	5.12583
-1.86392	1.15997	5.14292	5.1255
-1.87016	1.16392	5.14456	5.12649
-1.86129	1.15406	5.14785	5.12715
-1.85144	1.15833	5.14785	5.12518
-1.85932	1.14486	5.14686	5.12419
-1.85341	1.14617	5.14423	5.12386
-1.85209	1.14749	5.14226	5.1255
-1.85636	1.15274	5.1416	5.12583
-1.85702	1.14256	5.1439	5.1278
-1.84651	1.15242	5.1462	5.12715
-1.84486	1.15833	5.14522	5.12583
-1.84716	1.1626	5.1439	5.1255
-1.84355	1.16851	5.14292	5.12485
-1.84289	1.15176	5.14259	5.12518
-1.83567	1.16687	5.14292	5.12715
-1.83271	1.15997	5.14489	5.12813
-1.83107	1.16392	5.14423	5.12649
-1.8199	1.18461	5.1439	5.12518
-1.81497	1.17016	5.14325	5.12485
-1.81234	1.17016	5.14489	5.1255
-1.81168	1.16162	5.14653	5.12485
-1.8222	1.15767	5.14817	5.12452
-1.83337	1.158	5.14817	5.12452
-1.82581	1.17279	5.1439	5.12452
-1.84026	1.16819	5.14259	5.12452
-1.84979	1.16654	5.14226	5.12518
-1.85406	1.17213	5.14193	5.12616
-1.86918	1.15702	5.14127	5.12583
-1.88133	1.15472	5.14062	5.12616
-1.87608	1.16753	5.1416	5.12682
-1.88823	1.15274	5.14292	5.1255
-1.88659	1.15209	5.1439	5.12386
-1.88955	1.15472	5.1439	5.1232
-1.89316	1.15242	5.14226	5.12419
-1.8925	1.158	5.14325	5.1255
-1.89579	1.15669	5.14489	5.12715
-1.89185	1.15767	5.14653	5.12715
-1.90006	1.15899	5.14587	5.12715
-1.90203	1.15537	5.14456	5.1278
-1.91353	1.15012	5.14325	5.12649
-1.91846	1.1442	5.14325	5.12748
-1.9155	1.14125	5.14357	5.12879
-1.92109	1.13927	5.14226	5.12912
-1.92076	1.13632	5.14226	5.12715
-1.92766	1.13533	5.14193	5.12682
-1.92963	1.14585	5.14193	5.12583
-1.92667	1.15504	5.14062	5.12682
-1.92733	1.15045	5.13996	5.12518
-1.93718	1.14946	5.13996	5.12583
-1.93948	1.1396	5.14292	5.12616
-1.93291	1.1419	5.14653	5.1255
-1.92831	1.15734	5.14686	5.12616
-1.92141	1.158	5.14423	5.12715
-1.92799	1.14749	5.14259	5.12879
-1.93127	1.14322	5.14095	5.12912
-1.92897	1.14125	5.14062	5.13043
-1.92601	1.14289	5.14193	5.12879
-1.91879	1.14092	5.1439	5.12518
-1.91353	1.14387	5.1439	5.12452
-1.91879	1.12548	5.14489	5.1255
-1.91977	1.1258	5.14522	5.12616
-1.927	1.1212	5.14555	5.1255
-1.93061	1.10215	5.14522	5.1255
-1.93127	1.10379	5.14555	5.12583
-1.94606	1.09394	5.14555	5.12649
-1.9385	1.08934	5.14555	5.12452
-1.93291	1.08572	5.14522	5.12353
-1.92076	1.10708	5.14456	5.12353
-1.91879	1.10182	5.1439	5.12485
-1.92043	1.09886	5.1439	5.1255
-1.9063	1.11168	5.14423	5.1255
-1.91057	1.11529	5.14456	5.12583
-1.9109	1.11496	5.14325	5.12583
-1.91452	1.10215	5.1439	5.12813
-1.91189	1.10839	5.14456	5.12813
-1.904	1.13599	5.1439	5.12715
-1.90072	1.13862	5.14325	5.12682
-1.89579	1.14223	5.14325	5.12485
-1.91123	1.14157	5.14292	5.12452
-1.90696	1.15702	5.14292	5.12485
-1.91484	1.15472	5.14456	5.12452
-1.91024	1.16556	5.14522	5.12616
-1.91649	1.15603	5.14555	5.12748
-1.9132	1.16326	5.14587	5.12715
-1.9109	1.16819	5.14555	5.12715
-1.90334	1.17541	5.14489	5.12682
-1.91156	1.1741	5.14489	5.12616
-1.90696	1.18067	5.1439	5.12649
-1.90104	1.19086	5.14127	5.1278
-1.90827	1.17804	5.14029	5.1278
-1.90926	1.16589	5.14292	5.12748
-1.9178	1.15274	5.14489	5.12452
-1.93094	1.13796	5.14522	5.12288
-1.92766	1.14289	5.14522	5.12419
-1.93258	1.14815	5.14357	5.12386
-1.93226	1.14552	5.1416	5.12583
-1.93456	1.14092	5.14259	5.12649
-1.94047	1.13697	5.14423	5.1255
-1.93948	1.14157	5.14522	5.1232
-1.93521	1.13862	5.14423	5.12353
-1.92634	1.14519	5.14193	5.12485
-1.91911	1.14519	5.14029	5.12616
-1.90926	1.15472	5.14029	5.12682
-1.90499	1.16589	5.1416	5.1255
-1.8971	1.16687	5.14193	5.12485
-1.89546	1.17541	5.14292	5.12518
-1.91484	1.15537	5.14357	5.12715
-1.91484	1.1534	5.14423	5.12879
-1.90729	1.15833	5.14325	5.12912
-1.90334	1.16523	5.14029	5.12715
-1.90039	1.1787	5.1393	5.1255
-1.88593	1.1879	5.14062	5.1255
-1.88495	1.18658	5.1439	5.12649
-1.87312	1.18823	5.14522	5.12649
-1.86162	1.20433	5.14292	5.12649
-1.85932	1.1948	5.13963	5.12649
-1.84059	1.21615	5.13996	5.12715
-1.83107	1.23258	5.14062	5.12715
-1.80675	1.25426	5.14292	5.12583
-1.80643	1.25361	5.14423	5.12518
-1.78671	1.26116	5.14259	5.1255
-1.78376	1.27332	5.14193	5.12813
-1.77653	1.28186	5.1416	5.12977
-1.7693	1.27858	5.14193	5.12977
-1.7463	1.30157	5.14259	5.12715
-1.73513	1.31472	5.14127	5.12452
-1.7233	1.33443	5.14193	5.1232
-1.72265	1.33541	5.14292	5.12353
-1.72922	1.34396	5.1439	5.12452
-1.72955	1.34396	5.14555	5.12583
-1.72725	1.33147	5.14456	5.12682
-1.71673	1.33476	5.14259	5.12682
-1.71049	1.3387	5.1416	5.12649
-1.71706	1.33443	5.14062	5.12419
-1.71345	1.32917	5.1416	5.1255
-1.72692	1.32096	5.1439	5.12682
-1.73612	1.31504	5.14489	5.12616
-1.73579	1.31012	5.14292	5.1255
-1.74137	1.31537	5.1416	5.12518
-1.74499	1.30585	5.14259	5.1255
-1.74762	1.30157	5.14325	5.12649
-1.75682	1.30355	5.14259	5.12485
-1.75944	1.30519	5.14259	5.12616
-1.76733	1.30716	5.14292	5.1278
-1.78113	1.29796	5.14226	5.12715
-1.79624	1.27825	5.14423	5.12682
-1.8015	1.27431	5.14522	5.12682
-1.80215	1.27365	5.14423	5.12616
-1.8107	1.26478	5.14325	5.12616
-1.82154	1.25164	5.14226	5.12616
-1.83599	1.23652	5.1416	5.12682
-1.83501	1.23455	5.14292	5.12715
-1.84782	1.22404	5.14555	5.12715
-1.85735	1.20794	5.14719	5.12583
-1.87772	1.18856	5.14587	5.12518
-1.87936	1.19053	5.14325	5.12583
-1.8925	1.1787	5.14127	5.12616
-1.8925	1.18626	5.14193	5.1255
-1.90137	1.1741	5.14423	5.12748
-1.90302	1.16622	5.14357	5.12846
-1.91156	1.14552	5.14127	5.12682
-1.91911	1.13533	5.14029	5.12715
-1.9155	1.13566	5.13996	5.12649
-1.92076	1.12022	5.13963	5.12715
-1.91681	1.12416	5.14127	5.12846
-1.9132	1.12416	5.14226	5.12813
-1.9178	1.11069	5.14325	5.12715
-1.93029	1.10346	5.14423	5.12485
-1.92404	1.10642	5.1439	5.12189
-1.92864	1.11398	5.14259	5.12353
-1.92864	1.10971	5.14127	5.12485
-1.93226	1.10741	5.14127	5.12518
-1.9293	1.11398	5.14357	5.12485
-1.92897	1.11233	5.14423	5.12583
-1.92437	1.10938	5.14259	5.12583
-1.9109	1.10938	5.14226	5.12452
-1.91484	1.11595	5.14292	5.12616
-1.91747	1.11726	5.14292	5.12682
-1.91057	1.12088	5.14423	5.1255
-1.90564	1.12778	5.14522	5.1232
-1.90762	1.11496	5.14522	5.12189
-1.90466	1.10478	5.14522	5.12222
-1.90104	1.11168	5.14456	5.12222
-1.9017	1.11201	5.1416	5.12353
-1.90302	1.10675	5.14193	5.12485
-1.90367	1.10215	5.14292	5.12386
-1.9109	1.09164	5.14325	5.1232
-1.90992	1.08671	5.14226	5.12353
-1.91386	1.08441	5.14029	5.12419
-1.9132	1.07751	5.13865	5.12616
-1.92306	1.08277	5.13963	5.12748
-1.92043	1.07784	5.14193	5.12616
-1.92831	1.06962	5.14489	5.12353
-1.94047	1.06667	5.14522	5.12189
-1.94868	1.04597	5.14555	5.12255
-1.9661	1.0463	5.14686	5.12353
-1.96182	1.04104	5.14785	5.1255
-1.9684	1.03118	5.1462	5.12682
-1.96971	1.03644	5.14325	5.12715
-1.98022	1.04137	5.14292	5.12748
-1.98252	1.05353	5.14423	5.1255
-1.98187	1.05024	5.14325	5.12452
-1.97858	1.0601	5.14029	5.1255
-1.98548	1.0417	5.13897	5.12485
-1.99074	1.03381	5.14095	5.12419
-1.99468	1.0279	5.14357	5.12452
-1.99107	1.04433	5.14357	5.12452
-1.99566	1.03677	5.14292	5.12583
-1.99698	1.03546	5.14226	5.12682
-1.99928	1.04104	5.14423	5.12583
-1.99764	1.03808	5.14456	5.12583
-2.00421	1.03217	5.14423	5.12682
-2.00979	1.02429	5.1439	5.12682
-2.01209	1.02494	5.14555	5.1255
-2.01209	1.02034	5.14752	5.12353
-2.00289	1.0371	5.14686	5.12419
-1.99369	1.04958	5.14489	5.12419
-1.98844	1.05583	5.1439	5.12518
-1.97628	1.06765	5.14423	5.12616
-1.96708	1.09426	5.1439	5.12649
-1.95197	1.10872	5.14325	5.12715
-1.94474	1.11693	5.14423	5.12682
-1.93817	1.11628	5.14292	5.12649
-1.9385	1.11299	5.1416	5.12616
-1.93751	1.09952	5.14325	5.12419
-1.93718	1.09656	5.14522	5.12518
-1.91977	1.10478	5.14719	5.12419
-1.91747	1.10116	5.1485	5.12419
-1.90696	1.11858	5.14752	5.12353
-1.89382	1.1373	5.1462	5.12452
-1.88396	1.13895	5.1439	5.12616
-1.87575	1.17114	5.14357	5.12485
-1.87312	1.15702	5.14292	5.1232
-1.85932	1.16917	5.14357	5.12353
-1.85242	1.16917	5.14325	5.12353
-1.85932	1.17114	5.14292	5.12386
-1.84716	1.17936	5.14193	5.1255
-1.84092	1.19546	5.14259	5.12649
-1.83599	1.18363	5.14259	5.12649
-1.83139	1.18724	5.14193	5.12518
-1.82252	1.18691	5.14127	5.1255
-1.82581	1.17936	5.1439	5.12583
-1.82384	1.18001	5.14555	5.12616
-1.82647	1.181	5.14423	5.12748
-1.81694	1.19611	5.14325	5.12682
-1.81431	1.21353	5.14259	5.12583
-1.81858	1.2178	5.14325	5.12583
-1.81628	1.23422	5.14423	5.1255
-1.80413	1.24375	5.14423	5.12485
-1.79985	1.23652	5.14259	5.12485
-1.81234	1.21582	5.14062	5.12518
-1.82745	1.19874	5.14029	5.1255
-1.82384	1.2063	5.1416	5.12682
-1.81661	1.21681	5.14357	5.12518
-1.81332	1.21418	5.14587	5.12222
-1.8084	1.22042	5.14522	5.12255
-1.80774	1.23127	5.14555	5.12419
-1.80938	1.24014	5.14456	5.12682
-1.82679	1.22305	5.14357	5.12813
-1.83764	1.21024	5.14292	5.12846
-1.83829	1.21385	5.14226	5.1278
-1.84684	1.20104	5.14226	5.12682
-1.83829	1.20071	5.14193	5.12616
-1.85505	1.19907	5.14095	5.12715
-1.86589	1.18921	5.14127	5.12748
-1.87312	1.17739	5.14259	5.12715
-1.8856	1.15833	5.14423	5.12748
-1.89152	1.1557	5.14456	5.12682
-1.89875	1.15439	5.1439	5.12485
-1.91057	1.1373	5.14357	5.12386
-1.90663	1.1488	5.14259	5.1232
-1.91287	1.14749	5.1416	5.12485
-1.92634	1.13303	5.14193	5.12583
-1.93291	1.11759	5.14325	5.12452
-1.93324	1.11858	5.14357	5.12353
-1.9316	1.12153	5.14292	5.1232
-1.92404	1.12219	5.1416	5.12353
-1.91747	1.13369	5.14127	5.12288
-1.91287	1.13435	5.14292	5.12353
-1.9086	1.12942	5.14456	5.12485
-1.90269	1.13599	5.14357	5.12583
-1.89382	1.13402	5.14325	5.12518
-1.89053	1.12219	5.1439	5.12485
-1.87509	1.1419	5.14325	5.1255
-1.85571	1.15997	5.14325	5.12715
-1.84256	1.18297	5.14127	5.12682
-1.82679	1.20958	5.14029	5.12748
-1.82975	1.20893	5.14127	5.1278
-1.8176	1.21615	5.14226	5.12748
-1.80807	1.22568	5.14259	5.12649
-1.79558	1.23554	5.14226	5.12715
-1.78441	1.24474	5.1393	5.12715
-1.78704	1.24112	5.13897	5.12813
-1.77259	1.23915	5.14127	5.12813
-1.76273	1.25164	5.1439	5.12748
-1.7693	1.24014	5.14456	5.12715
-1.7624	1.23554	5.1462	5.12748
-1.75682	1.23817	5.1462	5.12682
-1.76043	1.24277	5.1439	5.12518
-1.76996	1.23849	5.1416	5.12485
-1.76864	1.23685	5.14095	5.12419
-1.75846	1.24835	5.14127	5.12616
-1.76569	1.24342	5.1416	5.12715
-1.77094	1.23685	5.14226	5.12616
-1.77489	1.23094	5.1416	5.12583
-1.7877	1.22108	5.14226	5.1278
-1.78014	1.22108	5.14423	5.12813
-1.7877	1.21418	5.14653	5.12682
-1.80643	1.19447	5.14686	5.12649
-1.81234	1.18658	5.14489	5.12715
-1.81957	1.17114	5.14226	5.12616
-1.83928	1.15899	5.1416	5.12452
-1.84454	1.15669	5.14325	5.1255
-1.86162	1.14322	5.14292	5.12616
-1.8718	1.13205	5.14226	5.1255
-1.87213	1.13763	5.14127	5.1255
-1.89283	1.12778	5.14259	5.12616
-1.90137	1.13369	5.14325	5.12649
-1.90959	1.11858	5.14226	5.1255
-1.92207	1.09394	5.1416	5.1255
-1.93784	1.08178	5.1416	5.1255
-1.93916	1.08079	5.14193	5.12583
-1.9523	1.06108	5.14226	5.12649
-1.95624	1.05353	5.14292	5.12649
-1.97628	1.04038	5.14259	5.12485
-1.97661	1.04203	5.14062	5.1232
-1.97694	1.03973	5.14127	5.12353
-1.97267	1.04498	5.14259	5.1255
-1.98055	1.04465	5.14193	5.12616
-1.9684	1.06601	5.14193	5.12583
-1.96807	1.06568	5.1439	5.1255
-1.96445	1.06108	5.14456	5.12386
-1.9615	1.06502	5.14456	5.12255
-1.96248	1.0693	5.14489	5.12353
-1.96577	1.07094	5.14292	5.12649
-1.95328	1.08835	5.14127	5.1278
-1.94441	1.10741	5.14127	5.12813
-1.9454	1.11299	5.14127	5.12616
-1.93751	1.11201	5.14325	5.12485
-1.93554	1.11398	5.14357	5.12518
-1.9362	1.10116	5.14226	5.12682
-1.92076	1.10642	5.14357	5.12649
-1.90762	1.10839	5.14292	5.12616
-1.89382	1.11168	5.14292	5.12583
-1.88889	1.11496	5.14292	5.12583
-1.88363	1.12285	5.14292	5.12616
-1.87345	1.13895	5.14226	5.12616
-1.85406	1.14552	5.14062	5.12649
-1.84914	1.15669	5.14095	5.12682
-1.83337	1.1695	5.14325	5.12649
-1.82088	1.1649	5.14522	5.12452
-1.81825	1.17344	5.14522	5.12419
-1.80774	1.17837	5.14456	5.12353
-1.79755	1.17476	5.14226	5.12419
-1.79033	1.1718	5.14292	5.12583
-1.78277	1.19546	5.14423	5.12649
-1.78376	1.19808	5.14456	5.12452
-1.7831	1.19447	5.14292	5.12485
-1.78507	1.19578	5.1416	5.12583
-1.77948	1.19776	5.14193	5.12682
-1.75714	1.21254	5.14325	5.1278
-1.74926	1.21451	5.14522	5.12748
-1.74696	1.21484	5.14555	5.12682
-1.74532	1.22207	5.14489	5.12649
-1.75057	1.23258	5.14423	5.12682
-1.7371	1.25788	5.14193	5.12912
-1.73645	1.26116	5.14095	5.12748
-1.72068	1.26971	5.14259	5.1255
-1.71903	1.28843	5.14423	5.12353
-1.73283	1.28318	5.14489	5.1209
-1.73382	1.27168	5.14423	5.12058
-1.73217	1.27923	5.1416	5.12123
-1.73086	1.28646	5.1393	5.1232
-1.72955	1.2858	5.13963	5.12452
-1.73612	1.2973	5.14095	5.12616
-1.72725	1.31603	5.14292	5.12649
-1.72758	1.31833	5.1439	5.12518
-1.73382	1.31932	5.14555	5.12518
-1.73743	1.32194	5.14653	5.1255
-1.73119	1.34363	5.1462	5.12485
-1.72725	1.3502	5.14522	5.12649
-1.7187	1.36367	5.14587	5.12879
-1.71411	1.36235	5.14686	5.12748
-1.7233	1.34658	5.14719	5.12583
-1.73152	1.33541	5.14653	5.12485
-1.74794	1.31307	5.14587	5.12518
-1.74893	1.31373	5.1439	5.12616
-1.74992	1.32457	5.14226	5.12748
-1.7509	1.32621	5.14259	5.12682
-1.74137	1.34034	5.14259	5.12616
-1.74926	1.32162	5.14292	5.12682
-1.75747	1.31537	5.1439	5.12682
-1.7417	1.30552	5.14456	5.1255
-1.73546	1.3042	5.14522	5.12353
-1.73185	1.31603	5.14357	5.12353
-1.72922	1.32293	5.1416	5.1255
-1.72593	1.31472	5.14029	5.1278
-1.71509	1.32589	5.14259	5.12748
-1.68815	1.34461	5.14522	5.12715
-1.66614	1.3571	5.1439	5.1255
-1.65661	1.3732	5.14226	5.12518
-1.6415	1.38075	5.13963	5.1255
-1.62638	1.38305	5.13865	5.12616
-1.61981	1.38667	5.14095	5.12616
-1.6139	1.38601	5.14456	5.12485
-1.6047	1.39587	5.14522	5.12583
-1.59452	1.39619	5.14522	5.12912
-1.59616	1.38962	5.14555	5.12977
-1.60142	1.3801	5.14522	5.12846
-1.58795	1.37845	5.14357	5.12715
-1.5886	1.37057	5.14259	5.12583
-1.6047	1.3548	5.14259	5.12616
-1.61817	1.35086	5.14587	5.1278
-1.62146	1.34133	5.14522	5.12682
-1.63131	1.31012	5.14522	5.12583
-1.64051	1.3088	5.1439	5.12649
-1.64708	1.29566	5.1416	5.12715
-1.65858	1.29566	5.14193	5.12682
-1.6645	1.29829	5.14226	5.12583
-1.68486	1.28318	5.14325	5.12583
-1.69144	1.27332	5.14292	5.12682
-1.70556	1.26773	5.14226	5.12682
-1.72133	1.26313	5.14193	5.12616
-1.73743	1.26215	5.14259	5.1255
-1.7532	1.25854	5.14292	5.1255
-1.77127	1.24868	5.14555	5.12583
-1.7808	1.23882	5.1462	5.12583
-1.7992	1.23882	5.14587	5.12616
-1.81102	1.22338	5.14423	5.12583
-1.81924	1.22765	5.14357	5.12419
-1.82417	1.23028	5.1439	5.12386
-1.83107	1.22371	5.14522	5.12386
-1.84158	1.21747	5.14555	5.12452
-1.84388	1.21024	5.1439	5.12583
-1.84618	1.21911	5.14259	5.1255
-1.84322	1.2201	5.1416	5.12353
-1.85111	1.22075	5.1416	5.1232
-1.86261	1.21484	5.1439	5.12288
-1.88265	1.19677	5.14587	5.12386
-1.88955	1.18954	5.14423	5.12452
-1.90072	1.17771	5.14226	5.12419
-1.91222	1.18067	5.13963	5.12353
-1.91484	1.17147	5.13963	5.12419
-1.91944	1.17706	5.1416	5.12485
-1.92141	1.16392	5.14456	5.12583
-1.91583	1.15373	5.14653	5.12583
-1.92503	1.14716	5.14653	5.12583
-1.92437	1.1488	5.14587	5.12682
-1.92569	1.14552	5.14522	5.12715
-1.92963	1.14256	5.14489	5.12748
-1.92766	1.14519	5.14456	5.12715
-1.92437	1.16096	5.1439	5.1255
-1.91123	1.16983	5.14357	5.12518
-1.8994	1.17771	5.14325	5.1255
-1.88396	1.17936	5.1416	5.12485
-1.88232	1.17969	5.1416	5.12452
-1.87279	1.18133	5.14259	5.12583
-1.86721	1.17574	5.1439	5.12912
-1.86556	1.17673	5.14423	5.12879
-1.86523	1.18494	5.14357	5.12879
-1.85176	1.18199	5.14325	5.12715
-1.85472	1.18297	5.1416	5.12682
-1.84716	1.17936	5.1393	5.12616
-1.84881	1.17443	5.14062	5.12682
-1.85275	1.15702	5.14357	5.12682
-1.85373	1.14913	5.14719	5.12518
-1.84158	1.15373	5.14883	5.12353
-1.84552	1.1511	5.1485	5.12288
-1.84914	1.15307	5.14686	5.12288
-1.83961	1.15537	5.14522	5.12288
-1.82614	1.16359	5.1439	5.12419
-1.84059	1.15669	5.14292	5.12353
-1.84946	1.14157	5.14456	5.12353
-1.86162	1.13665	5.14489	5.1232
-1.881	1.11365	5.1439	5.12353
-1.89645	1.11858	5.14357	5.12353
-1.89875	1.13008	5.14357	5.12353
-1.90794	1.1212	5.14325	5.12485
-1.91911	1.09919	5.14456	5.1255
-1.92569	1.10051	5.14653	5.12452
-1.92371	1.10741	5.14522	5.12353
-1.92667	1.11069	5.14522	5.12419
-1.92897	1.11168	5.14489	5.1232
-1.93357	1.10346	5.14522	5.1232
-1.9316	1.11266	5.14653	5.1232
-1.93686	1.10543	5.14686	5.12419
-1.9408	1.11595	5.1462	5.12452
-1.9316	1.12745	5.14522	5.12485
-1.94441	1.12679	5.14193	5.1255
-1.94441	1.11201	5.1393	5.12518
-1.94671	1.11792	5.13963	5.12583
-1.95821	1.12219	5.14226	5.12583
-1.96117	1.11069	5.14423	5.1255
-1.95	1.11759	5.14456	5.1255
-1.95394	1.12383	5.1439	5.12583
-1.95788	1.11102	5.1439	5.12748
-1.96642	1.10281	5.14325	5.12846
-1.97004	1.10708	5.14292	5.12813
-1.98417	1.09459	5.14357	5.12616
-1.9707	1.11726	5.14423	5.12419
-1.96642	1.11431	5.14456	5.1232
-1.9523	1.12383	5.14423	5.12255
-1.9431	1.11989	5.14292	5.12386
-1.94343	1.12449	5.14226	5.12649
-1.93686	1.14059	5.14292	5.12846
-1.92667	1.15209	5.14489	5.12748
-1.92733	1.14946	5.14423	5.12583
-1.90827	1.15702	5.14292	5.1255
-1.90992	1.15274	5.14259	5.12485
-1.9155	1.135	5.14193	5.12682
-1.904	1.14125	5.14226	5.12748
-1.89382	1.1465	5.14522	5.12649
-1.88757	1.15274	5.14686	5.12616
-1.87312	1.17804	5.1462	5.1255
-1.86063	1.17706	5.1439	5.1255
-1.84585	1.18363	5.14325	5.12748
-1.83172	1.18757	5.14292	5.12912
-1.82614	1.20465	5.14357	5.12715
-1.81102	1.2017	5.14357	5.1255
-1.80905	1.20991	5.14357	5.12419
-1.8038	1.21287	5.14522	5.12452
-1.80445	1.2178	5.14522	5.12452
-1.79985	1.23291	5.14423	5.12288
-1.79854	1.24342	5.14095	5.12156
-1.78737	1.25032	5.14029	5.12288
-1.77916	1.25952	5.14095	5.12255
-1.77357	1.26182	5.1416	5.12222
-1.76109	1.27923	5.14259	5.12353
-1.7647	1.27201	5.14292	5.12452
-1.77061	1.26839	5.14292	5.12682
-1.76306	1.27332	5.14325	5.12748
-1.767	1.27792	5.14357	5.12649
-1.78737	1.25624	5.14357	5.12485
-1.78441	1.26773	5.14456	5.12518
-1.7808	1.27661	5.14423	5.12518
-1.78146	1.27496	5.14259	5.12682
-1.78113	1.27431	5.14029	5.12813
-1.79098	1.26543	5.13865	5.1278
-1.80741	1.25164	5.13963	5.12583
-1.81858	1.24309	5.14193	5.12255
-1.82679	1.25098	5.14325	5.12025
-1.83501	1.25656	5.14095	5.1209
-1.82844	1.27102	5.13996	5.1255
-1.82942	1.26741	5.13963	5.12879
-1.83402	1.26379	5.1416	5.13043
-1.83895	1.25328	5.14127	5.12945
-1.84585	1.25164	5.14193	5.12616
-1.84749	1.26708	5.14193	5.12452
-1.85373	1.25492	5.14259	5.12419
-1.85998	1.24736	5.14292	5.12518
-1.86359	1.24408	5.14357	5.12682
-1.86293	1.24145	5.14357	5.12682
-1.86063	1.23849	5.14423	5.12616
-1.85242	1.24999	5.14555	5.12682
-1.85406	1.25131	5.14522	5.12616
-1.86096	1.24145	5.14423	5.12452
-1.85932	1.23455	5.14259	5.12485
-1.85538	1.23192	5.14127	5.12452
-1.85801	1.23521	5.14062	5.12452
-1.86195	1.21845	5.1416	5.12485
-1.88035	1.2017	5.14325	5.12288
-1.86819	1.20498	5.1439	5.12189
-1.86326	1.1994	5.14423	5.12189
-1.86819	1.19546	5.14325	5.12386
-1.85998	1.19414	5.14029	5.1255
-1.85012	1.1994	5.13963	5.1255
-1.84749	1.20367	5.14095	5.12452
-1.83599	1.20334	5.14292	5.1232
-1.82909	1.19217	5.14259	5.12583
-1.83041	1.19414	5.14259	5.12977
-1.84486	1.17377	5.1416	5.13043
-1.84486	1.17279	5.1416	5.12945
-1.84421	1.17147	5.14325	5.12682
-1.84651	1.17607	5.14423	5.1255
-1.85209	1.18527	5.14587	5.1255
-1.86326	1.17476	5.14522	5.12682
-1.85833	1.17246	5.14193	5.12649
-1.85275	1.15997	5.13996	5.12419
-1.85275	1.16589	5.13865	5.12189
-1.86359	1.1672	5.13832	5.12222
-1.86491	1.17771	5.13963	5.12452
-1.87772	1.1741	5.14127	5.12419
-1.86622	1.19086	5.14226	5.12386
-1.87542	1.16556	5.14259	5.12419
-1.88659	1.1534	5.14226	5.1255
-1.8764	1.17246	5.14259	5.12518
-1.88692	1.16687	5.14357	5.12255
-1.88725	1.16424	5.1439	5.12058
-1.89185	1.17016	5.14357	5.12189
-1.90039	1.16359	5.14292	5.12452
-1.90532	1.16293	5.1416	5.12583
-1.9201	1.14683	5.14193	5.12715
-1.9316	1.1373	5.14423	5.12649
-1.94146	1.12778	5.14456	5.12616
-1.95295	1.11759	5.14423	5.12616
-1.95624	1.11266	5.14292	5.12616
-1.97464	1.09426	5.14259	5.12583
-1.97858	1.08769	5.14325	5.12583
-1.98219	1.07587	5.14423	5.12485
-1.98318	1.07389	5.14489	5.12485
-1.98844	1.06798	5.14489	5.1255
-2.00684	1.0555	5.14587	5.1255
-2.00684	1.05254	5.14686	5.12452
-2.00355	1.05977	5.14587	5.12353
-2.00519	1.0578	5.14555	5.12386
-2.01373	1.05221	5.14555	5.12419
-2.01373	1.04761	5.14587	5.12583
-2.01735	1.04433	5.14522	5.12485
-2.01209	1.04531	5.14489	5.12452
-2.00815	1.044	5.14555	5.12156
-2.00026	1.05615	5.14752	5.12123
-2.00716	1.044	5.14555	5.12288
-2.00716	1.04597	5.14292	5.1255
-2.01472	1.02987	5.14423	5.12452
-2.01373	1.03414	5.14587	5.12255
-2.00519	1.05648	5.14785	5.12353
-2.00618	1.04827	5.14752	5.12452
-2.00486	1.05812	5.14456	5.12616
-2.00092	1.0578	5.14259	5.12616
-2.00979	1.04564	5.14292	5.12353
-1.99895	1.05024	5.14325	5.12123
-1.99731	1.05254	5.14456	5.12189
-1.99238	1.05057	5.14522	5.12189
-1.98877	1.05024	5.14456	5.12222
-1.98482	1.05287	5.14325	5.1232
-1.98778	1.05451	5.14325	5.12386
-1.97661	1.067	5.14423	5.12583
-1.9661	1.07521	5.14555	5.12649
-1.9592	1.08047	5.1462	5.12518
-1.95558	1.08112	5.14489	5.12518
-1.95394	1.08014	5.14357	5.12485
-1.9431	1.09755	5.1439	5.12419
-1.94244	1.10018	5.14357	5.12419
-1.93226	1.10543	5.14357	5.12616
-1.92634	1.11003	5.14423	5.12748
-1.92569	1.11661	5.14456	5.12715
-1.91353	1.11661	5.14456	5.1255
-1.91452	1.1304	5.14292	5.12386
-1.89842	1.13303	5.14226	5.1255
-1.90564	1.12778	5.1416	5.12748
-1.90302	1.13665	5.1416	5.1278
-1.90762	1.13533	5.1416	5.1278
-1.91977	1.12942	5.1416	5.12813
-1.92963	1.12383	5.14292	5.12846
-1.927	1.1212	5.14292	5.1278
-1.9408	1.11431	5.14259	5.12879
-1.95263	1.11233	5.14095	5.12715
-1.94737	1.1235	5.14259	5.1255
-1.94901	1.12876	5.14522	5.12353
-1.93916	1.13205	5.14653	5.12353
-1.93554	1.1442	5.14555	5.12616
-1.9408	1.13303	5.14325	5.12748
-1.94014	1.1304	5.14259	5.12715
-1.93554	1.13369	5.14357	5.12583
-1.92601	1.15143	5.14489	5.12485
-1.92536	1.1465	5.14555	5.12353
-1.92996	1.14815	5.14522	5.12255
-1.92667	1.15077	5.1439	5.12386
-1.90992	1.17213	5.14292	5.12419
-1.8971	1.17081	5.14127	5.12616
-1.8833	1.17969	5.13963	5.12616
-1.88199	1.17246	5.14029	5.12649
-1.8718	1.17016	5.14259	5.12715
-1.87016	1.16523	5.1439	5.12649
-1.86819	1.15997	5.14292	5.12583
-1.86786	1.1741	5.14062	5.12616
-1.86918	1.17771	5.14095	5.12649
-1.85275	1.18921	5.14226	5.12813
-1.84125	1.18626	5.1439	5.12912
-1.83994	1.18231	5.14259	5.12912
-1.83271	1.18133	5.1416	5.12945
-1.83961	1.17147	5.14062	5.12748
-1.84026	1.16654	5.14095	5.12649
-1.82384	1.17771	5.14127	5.12682
-1.82187	1.17509	5.14193	5.12813
-1.81102	1.17049	5.14127	5.12813
-1.80347	1.18724	5.14095	5.12715
-1.80905	1.18527	5.14127	5.12518
-1.80215	1.18034	5.14095	5.12386
-1.80215	1.17476	5.14062	5.12485
-1.79624	1.19414	5.14127	5.12682
-1.78671	1.19611	5.14259	5.12518
-1.77817	1.2063	5.1416	5.12288
-1.79755	1.19283	5.14193	5.1232
-1.79164	1.20433	5.14193	5.12419
-1.7877	1.2109	5.1416	5.12518
-1.79197	1.18921	5.14226	5.12485
-1.78803	1.19217	5.14292	5.1255
-1.78408	1.1879	5.14357	5.12518
-1.77916	1.1925	5.1439	5.12353
-1.78376	1.18593	5.14357	5.12288
-1.78014	1.17574	5.14325	5.12386
-1.7923	1.17574	5.14325	5.12419
-1.78474	1.1856	5.14193	5.12485
-1.77916	1.19348	5.14226	5.12419
-1.78047	1.1948	5.1439	5.12452
-1.78638	1.20038	5.14719	5.1255
-1.78868	1.20038	5.14785	5.12649
-1.7854	1.21057	5.14555	5.12616
-1.78934	1.20104	5.14357	5.12583
-1.79821	1.20531	5.14259	5.1255
-1.79	1.2155	5.14193	5.12649
-1.79066	1.21845	5.14062	5.12682
-1.79427	1.19907	5.1416	5.1278
-1.79821	1.20433	5.14193	5.12715
-1.8084	1.19907	5.14127	5.12649
-1.82384	1.1764	5.14095	5.12386
-1.81891	1.17804	5.14095	5.12419
-1.81924	1.18856	5.14095	5.12518
-1.82877	1.16983	5.14259	5.12649
-1.83862	1.16523	5.14423	5.1255
-1.83829	1.1833	5.14686	5.12682
-1.84158	1.17081	5.14653	5.12748
-1.84322	1.17246	5.14423	5.12945
-1.85768	1.17016	5.14325	5.12912
-1.84026	1.18231	5.14292	5.12649
-1.85045	1.19283	5.14127	5.12419
-1.85965	1.18626	5.14062	5.12452
-1.86491	1.17936	5.14062	5.12386
-1.87575	1.15603	5.13963	5.12156
-1.88429	1.14519	5.14062	5.1209
-1.90302	1.135	5.14226	5.12255
-1.91517	1.11036	5.14489	5.12419
-1.9224	1.10051	5.14653	5.12419
-1.927	1.07948	5.14555	5.12386
-1.93357	1.07619	5.1439	5.1232
-1.93653	1.07619	5.14029	5.12485
-1.93718	1.07685	5.13897	5.12748
-1.93423	1.08671	5.1393	5.12682
-1.94638	1.07127	5.14029	5.12616
-1.93883	1.07619	5.14325	5.12419
-1.93094	1.07718	5.14423	5.12288
-1.93127	1.07882	5.14653	5.12419
-1.93029	1.07291	5.14653	5.12485
-1.92043	1.07652	5.14489	5.12682
-1.91846	1.07127	5.1439	5.12879
-1.91649	1.07422	5.14522	5.12912
-1.91024	1.08178	5.14653	5.12748
-1.89677	1.10149	5.14653	5.12518
-1.90729	1.09755	5.14292	5.12452
-1.90729	1.10182	5.14127	5.12386
-1.90334	1.10543	5.14029	5.12353
-1.90466	1.10839	5.14029	5.12583
-1.89973	1.11628	5.14193	5.12616
-1.90762	1.11661	5.14423	5.12715
-1.91386	1.11398	5.14522	5.12682
-1.91944	1.10478	5.14423	5.1255
-1.93094	1.08638	5.14259	5.1255
-1.93423	1.08244	5.13996	5.1255
-1.9362	1.07817	5.13963	5.12649
-1.94211	1.05024	5.14193	5.12485
-1.94474	1.05583	5.14653	5.1232
-1.94441	1.06207	5.14719	5.12353
-1.93948	1.06305	5.14423	5.12616
-1.94146	1.06667	5.14062	5.12813
-1.93456	1.07685	5.14029	5.12813
-1.93883	1.08178	5.14292	5.12748
-1.93883	1.09459	5.14555	5.12616
-1.94573	1.09032	5.1462	5.12485
-1.93948	1.08079	5.14259	5.12419
-1.93226	1.09262	5.14127	5.1255
-1.93029	1.09328	5.14193	5.12682
-1.91944	1.11201	5.14325	5.1255
-1.91517	1.12778	5.14325	5.12288
-1.9109	1.11858	5.14292	5.12288
-1.90926	1.11891	5.14456	5.12419
-1.91879	1.11201	5.14555	5.1255
-1.93653	1.10248	5.14456	5.1278
-1.9362	1.09985	5.14292	5.12583
-1.93718	1.09919	5.14456	5.12386
-1.93423	1.10675	5.1462	5.12485
-1.93357	1.10182	5.1462	5.12485
-1.93193	1.10741	5.1439	5.1255
-1.93488	1.10905	5.1416	5.12748
-1.92404	1.11365	5.14029	5.12912
-1.92207	1.11496	5.13963	5.12649
-1.91944	1.1235	5.1416	5.1255
-1.89973	1.14387	5.14325	5.12616
-1.89447	1.14847	5.14522	5.12682
-1.88757	1.16884	5.1439	5.12715
-1.89185	1.17246	5.14259	5.12748
-1.88396	1.1695	5.14127	5.12813
-1.87246	1.18757	5.14226	5.12879
-1.86392	1.19677	5.14325	5.1278
-1.85801	1.20531	5.14259	5.12616
-1.85669	1.20235	5.14292	5.12485
-1.84421	1.21747	5.14522	5.12353
-1.82581	1.23455	5.14587	5.12386
-1.82778	1.24244	5.14423	5.12583
-1.8084	1.24999	5.14259	5.1255
-1.80807	1.25459	5.14226	5.1255
-1.81004	1.24638	5.14095	5.12419
-1.79394	1.25032	5.14095	5.12386
-1.80183	1.25426	5.14325	5.12353
-1.80084	1.25131	5.14292	5.12485
-1.8038	1.25098	5.1439	5.12518
-1.80183	1.25361	5.1439	5.1255
-1.79887	1.26313	5.14489	5.12485
-1.80872	1.25952	5.14456	5.1232
-1.81168	1.25394	5.14325	5.12518
-1.8038	1.24835	5.1439	5.12682
-1.78901	1.26248	5.14325	5.12583
-1.80051	1.26149	5.14193	5.12485
-1.80281	1.26478	5.14127	5.12386
-1.79854	1.27496	5.14226	5.12353
-1.79	1.28745	5.1439	5.12386
-1.79328	1.27923	5.14423	5.12353
-1.79328	1.29172	5.14325	5.12288
-1.7785	1.2881	5.14292	5.12485
-1.77817	1.28712	5.14226	5.12616
-1.77291	1.2927	5.14325	5.12682
-1.77226	1.30157	5.14325	5.12715
-1.7624	1.31669	5.14325	5.12715
-1.77094	1.30782	5.14292	5.12682
-1.77981	1.31373	5.14259	5.12682
-1.78113	1.30782	5.14193	5.12748
-1.79197	1.29697	5.1416	5.12715
-1.80544	1.28416	5.14127	5.12583
-1.80708	1.28482	5.1416	5.1255
-1.80643	1.29205	5.1416	5.12616
-1.8084	1.2812	5.14095	5.12748
-1.81398	1.28876	5.14127	5.12682
-1.81957	1.2881	5.14259	5.12616
-1.82778	1.27693	5.14357	5.1255
-1.82614	1.27693	5.1439	5.12386
-1.81825	1.27989	5.14193	5.12386
-1.82844	1.27102	5.1416	5.12255
-1.82942	1.27562	5.14062	5.12255
-1.83764	1.26773	5.13996	5.12419
-1.83567	1.26773	5.13996	5.12649
-1.83402	1.26281	5.14095	5.12715
-1.83731	1.25426	5.14226	5.12649
-1.84158	1.25065	5.1439	5.12682
-1.83764	1.25262	5.1439	5.12485
-1.83534	1.25164	5.1439	5.12583
-1.83008	1.25689	5.14259	5.12649
-1.83041	1.24802	5.14029	5.12649
-1.83731	1.24539	5.13963	5.12715
-1.83337	1.24901	5.14193	5.12748
-1.82449	1.24375	5.14423	5.12616
-1.81924	1.25459	5.14357	5.1255
-1.82187	1.24572	5.14226	5.12485
-1.82154	1.24342	5.1416	5.12386
-1.83074	1.23948	5.14193	5.12583
-1.83402	1.24014	5.14259	5.12583
-1.84552	1.24047	5.14193	5.12649
-1.85078	1.23981	5.14127	5.12583
-1.84749	1.24342	5.14062	5.1232
-1.84914	1.24507	5.14095	5.12222
-1.85209	1.24079	5.14226	5.12288
-1.84256	1.24342	5.1439	5.12353
-1.83665	1.24507	5.14357	5.12419
-1.83468	1.25164	5.1416	5.1255
-1.84946	1.24474	5.14127	5.12452
-1.83599	1.26084	5.14127	5.12419
-1.83172	1.26313	5.14226	5.12583
-1.83435	1.25558	5.14325	5.12748
-1.84191	1.24342	5.14259	5.12813
-1.84848	1.23554	5.14193	5.12879
-1.85045	1.22338	5.1439	5.12616
-1.86688	1.21648	5.14522	5.12485
-1.8856	1.20104	5.14456	5.12583
-1.88068	1.19414	5.14127	5.12748
-1.87509	1.19874	5.13963	5.12813
-1.87443	1.19644	5.14127	5.12715
-1.88955	1.18954	5.1416	5.1255
-1.88363	1.19283	5.1439	5.12518
-1.88199	1.19776	5.14587	5.12583
-1.88659	1.20433	5.14555	5.1255
-1.89283	1.19546	5.14522	5.1255
-1.89907	1.1856	5.14555	5.12649
-1.89809	1.18987	5.14587	5.12518
-1.91222	1.18231	5.14653	5.12518
-1.91419	1.17443	5.14752	5.1255
-1.91714	1.17509	5.14719	5.1255
-1.91517	1.1856	5.14752	5.12682
-1.91156	1.18199	5.14719	5.12748
-1.90499	1.19053	5.14522	5.12813
-1.90302	1.1925	5.14357	5.12813
-1.8971	1.2109	5.1416	5.12682
-1.89185	1.20531	5.1416	5.1255
-1.89053	1.21057	5.14292	5.12583
-1.89546	1.21123	5.14226	5.12715
-1.89185	1.21254	5.14193	5.12813
-1.89086	1.21254	5.14193	5.12682
-1.88232	1.2109	5.14423	5.12583
-1.88002	1.21418	5.1462	5.1255
-1.87838	1.22535	5.1462	5.1255
-1.87805	1.23357	5.14522	5.12452
-1.88692	1.23028	5.1416	5.12452
-1.88265	1.23685	5.14127	5.12649
-1.8787	1.24014	5.14259	5.12682
-1.88199	1.22798	5.14423	5.12748
-1.88495	1.22502	5.1439	5.12583
-1.87049	1.24047	5.14357	5.12485
-1.87246	1.23948	5.14259	5.12485
-1.88002	1.2224	5.1416	5.12649
-1.87706	1.21747	5.14029	5.12682
-1.86359	1.22502	5.1416	5.12583
-1.86721	1.22601	5.1439	5.12452
-1.84289	1.24901	5.14587	5.12518
-1.84914	1.25361	5.14456	5.12649
-1.85275	1.25821	5.14259	5.12682
-1.85439	1.25821	5.14127	5.12485
-1.85275	1.26478	5.14259	5.1232
-1.86031	1.25361	5.14423	5.12452
-1.85406	1.24868	5.14555	5.12452
-1.85045	1.25854	5.14423	5.12386
-1.85111	1.25459	5.14259	5.12353
-1.84618	1.25952	5.1416	5.12419
-1.83994	1.25689	5.13897	5.1232
-1.84519	1.24507	5.13865	5.12353
-1.83567	1.25229	5.13963	5.1232
-1.84289	1.25624	5.14259	5.12386
-1.83041	1.26806	5.14357	5.12485
-1.8222	1.27628	5.1439	5.12485
-1.81135	1.29369	5.14226	5.12419
-1.80675	1.30223	5.14062	5.12583
-1.81168	1.30256	5.14127	5.12715
-1.81595	1.29467	5.14226	5.12813
-1.81858	1.29697	5.14325	5.12715
-1.82548	1.28778	5.1439	5.12452
-1.82614	1.295	5.14292	5.1255
-1.8199	1.3019	5.14226	5.12715
-1.82975	1.29927	5.14325	5.12813
-1.83271	1.28482	5.14522	5.1278
-1.84322	1.27102	5.14555	5.12682
-1.84585	1.27069	5.1462	5.12682
-1.84881	1.25492	5.14686	5.12353
-1.84848	1.26018	5.1462	5.12058
-1.85341	1.26642	5.14456	5.1209
-1.83797	1.28186	5.14292	5.12583
-1.83107	1.28613	5.14325	5.12813
-1.82679	1.2812	5.14456	5.12748
-1.83041	1.26872	5.14587	5.12583
-1.83534	1.26872	5.14653	5.12518
-1.82187	1.28088	5.14423	5.12485
-1.83008	1.26084	5.14325	5.12649
-1.82647	1.26708	5.1439	5.12846
-1.81792	1.27201	5.1439	5.1278
-1.82022	1.27299	5.14423	5.12682
-1.82581	1.27003	5.14587	5.12583
-1.83369	1.24835	5.14587	5.12518
-1.84322	1.24047	5.14752	5.12452
-1.84585	1.22831	5.14555	5.12353
-1.84355	1.22897	5.14292	5.12222
-1.83632	1.23521	5.1416	5.1232
-1.82712	1.25656	5.14193	5.1232
-1.83008	1.24835	5.14325	5.12353
-1.82515	1.24999	5.14357	5.12518
-1.81825	1.25032	5.14357	5.1255
-1.83271	1.24047	5.14456	5.12616
-1.83435	1.24835	5.14456	5.12715
-1.83665	1.23587	5.1439	5.12682
-1.83534	1.23422	5.14456	5.12715
-1.84519	1.22897	5.14587	5.12616
-1.84946	1.22535	5.14587	5.12682
-1.85406	1.22174	5.14489	5.12945
-1.84979	1.23718	5.14489	5.13076
-1.83764	1.25722	5.14357	5.13043
-1.84059	1.26051	5.14423	5.12977
-1.82909	1.26642	5.14489	5.12649
-1.83139	1.26412	5.14686	5.12485
-1.83304	1.24835	5.14587	5.12353
-1.83107	1.25525	5.14292	5.12485
-1.83041	1.26346	5.13963	5.12649
-1.84552	1.26215	5.13897	5.12715
-1.85899	1.24802	5.14095	5.12419
-1.87082	1.23554	5.14292	5.12189
-1.87115	1.23225	5.14456	5.1232
-1.86031	1.25262	5.14587	5.12485
-1.85308	1.25525	5.14456	5.12583
-1.84651	1.26182	5.14292	5.12715
-1.83041	1.26576	5.14259	5.12649
-1.81628	1.28022	5.14292	5.12452
-1.81858	1.28646	5.14226	5.1232
-1.81628	1.2973	5.14259	5.12255
-1.81628	1.295	5.14127	5.12353
-1.81234	1.29467	5.14095	5.12485
-1.81694	1.28318	5.14127	5.12485
-1.82679	1.28318	5.14226	5.12518
-1.84684	1.25394	5.1439	5.1255
-1.84585	1.25919	5.14456	5.12682
-1.84749	1.25624	5.14456	5.12649
-1.83928	1.25788	5.14292	5.12583
-1.83994	1.25886	5.14095	5.12583
-1.83599	1.24769	5.14226	5.12485
-1.84322	1.23751	5.14456	5.12518
-1.85144	1.227	5.14522	5.12485
-1.85768	1.21911	5.14423	5.12419
-1.86096	1.21812	5.1416	5.12518
-1.86753	1.21385	5.14029	5.1255
-1.88823	1.20301	5.14062	5.12616
-1.89185	1.19907	5.1439	5.1278
-1.88955	1.19118	5.14522	5.12616
-1.90597	1.1718	5.14653	5.12485
-1.91254	1.16392	5.14522	5.12386
-1.91287	1.1672	5.14193	5.12386
-1.91714	1.15899	5.14127	5.12583
-1.9178	1.1695	5.14325	5.1278
-1.91813	1.1718	5.14555	5.12879
-1.91649	1.16753	5.14653	5.12813
-1.91813	1.16884	5.14785	5.12583
-1.91944	1.1603	5.14719	5.12222
-1.91583	1.16523	5.14357	5.12123
-1.92174	1.17147	5.14095	5.12288
-1.92503	1.17049	5.14127	5.12452
-1.92371	1.16917	5.14259	5.12649
-1.93061	1.15734	5.14357	5.12682
-1.93456	1.15504	5.14325	5.12583
-1.93324	1.15274	5.14226	5.12616
-1.92996	1.15537	5.14193	5.12649
-1.93226	1.15603	5.14193	5.1255
-1.93916	1.14552	5.14259	5.12715
-1.93718	1.14815	5.14292	5.12912
-1.95197	1.12515	5.14423	5.12912
-1.95723	1.12022	5.14489	5.12748
-1.9569	1.12318	5.14489	5.1255
-1.95427	1.12022	5.1439	5.12452
-1.95197	1.11792	5.14193	5.12518
-1.95755	1.10675	5.14292	5.12419
-1.95098	1.12285	5.14259	5.12419
-1.95	1.11463	5.14357	5.12485
-1.94737	1.11496	5.14522	5.12452
-1.95065	1.11168	5.14489	5.12518
-1.93817	1.11299	5.14456	5.12715
-1.92963	1.11036	5.14226	5.12813
-1.93061	1.11233	5.14292	5.12879
-1.92733	1.12646	5.14456	5.1278
-1.93456	1.12153	5.14555	5.12583
-1.93817	1.1235	5.14456	5.12485
-1.93357	1.13796	5.14259	5.12518
-1.92963	1.13008	5.14127	5.12616
-1.92667	1.13369	5.14095	5.12715
-1.93751	1.12318	5.14193	5.12682
-1.92536	1.13172	5.14325	5.12485
-1.92109	1.13435	5.14357	5.12452
-1.90959	1.15209	5.14292	5.12518
-1.89776	1.16622	5.14292	5.12616
-1.90236	1.16753	5.14259	5.12748
-1.88889	1.18001	5.14193	5.12583
-1.8741	1.1948	5.14259	5.12255
-1.86491	1.20038	5.14325	5.12255
-1.87608	1.20005	5.14456	5.12353
-1.86819	1.21977	5.1439	5.12353
-1.85965	1.22831	5.14127	5.12452
-1.84914	1.24277	5.13963	5.12616
-1.82811	1.25328	5.14193	5.12715
-1.82745	1.25656	5.14456	5.12846
-1.82909	1.24671	5.14653	5.1278
-1.81168	1.25886	5.14522	5.12682
-1.80872	1.27431	5.14456	5.12748
-1.79985	1.27923	5.1439	5.1278
-1.8015	1.29106	5.14226	5.12715
-1.79427	1.30059	5.13996	5.12715
-1.78967	1.30256	5.1393	5.12912
-1.80018	1.29697	5.14127	5.12715
-1.79525	1.29895	5.14193	5.12649
-1.7992	1.29139	5.1439	5.12518
-1.78408	1.31406	5.14423	5.12485
-1.78014	1.31504	5.14226	5.12616
-1.77423	1.33509	5.14095	5.12616
-1.75452	1.35677	5.14029	5.12386
-1.74039	1.3709	5.14062	5.1232
-1.744	1.37188	5.14062	5.12419
-1.7371	1.38601	5.1416	5.12452
-1.7256	1.39455	5.14325	5.12518
-1.7302	1.38338	5.14423	5.1255
-1.7187	1.38765	5.14259	5.12616
-1.7348	1.36794	5.1393	5.12518
-1.73513	1.37057	5.14029	5.12452
-1.72199	1.3847	5.14226	5.12386
-1.7302	1.38568	5.14226	5.12386
-1.72758	1.3755	5.13996	5.1232
-1.7394	1.35808	5.13832	5.1255
-1.74006	1.35381	5.13963	5.12649
-1.74499	1.35151	5.1439	5.12518
-1.74335	1.34954	5.14555	5.12353
-1.75912	1.34133	5.14423	5.1232
-1.7486	1.34724	5.14226	5.12255
-1.74499	1.35907	5.14226	5.12452
-1.76273	1.33837	5.14325	5.12682
-1.76174	1.35841	5.14357	5.12879
-1.75024	1.36893	5.14423	5.12912
-1.75254	1.36827	5.14555	5.12748
-1.75254	1.37385	5.14653	5.12616
-1.74105	1.38995	5.14817	5.12616
-1.73612	1.39258	5.14817	5.1255
-1.72856	1.38765	5.14555	5.12583
-1.72363	1.40014	5.1439	5.12748
-1.74105	1.38798	5.14489	5.12748
-1.7394	1.37615	5.14653	5.12583
-1.7417	1.37123	5.1462	5.1255
-1.74236	1.36498	5.14423	5.12616
-1.7509	1.35644	5.14357	5.12715
-1.74959	1.36005	5.14193	5.12649
-1.76141	1.34527	5.14127	5.12452
-1.75846	1.3479	5.14259	5.1232
-1.75813	1.34133	5.1439	5.12222
-1.74893	1.3479	5.1439	5.12156
-1.76043	1.34166	5.14226	5.12255
-1.76306	1.34297	5.14193	5.12485
-1.76634	1.34231	5.14325	5.1255
-1.78573	1.32983	5.14259	5.12419
-1.79657	1.32621	5.14226	5.12419
-1.80872	1.31012	5.14226	5.12452
-1.81628	1.30782	5.14259	5.12419
-1.80971	1.31242	5.14357	5.1255
-1.82614	1.29697	5.14226	5.12583
-1.82581	1.29139	5.14259	5.1255
-1.83238	1.28646	5.1439	5.12485
-1.83435	1.28022	5.14489	5.12452
-1.85571	1.25656	5.14325	5.12485
-1.85045	1.25788	5.14226	5.12518
-1.84289	1.25788	5.13996	5.12419
-1.84946	1.25295	5.14062	5.12386
-1.84585	1.26116	5.14226	5.1255
-1.84946	1.26511	5.14456	5.12485
-1.83961	1.27529	5.1462	5.12485
-1.83435	1.27989	5.14555	5.12583
-1.84322	1.26971	5.14325	5.12715
-1.84125	1.27135	5.14259	5.12748
-1.84388	1.27069	5.14357	5.12748
-1.84684	1.27398	5.1439	5.12616
-1.85768	1.26313	5.14456	5.12583
-1.85571	1.26084	5.14653	5.1255
-1.85111	1.25426	5.14686	5.12386
-1.86392	1.24539	5.14522	5.12583
-1.85932	1.25624	5.14259	5.1255
-1.85702	1.25886	5.14292	5.12715
-1.85833	1.25558	5.14292	5.12879
-1.85406	1.26084	5.1416	5.12748
-1.85472	1.26346	5.14226	5.1255
-1.86326	1.25295	5.14259	5.1255
-1.87279	1.24835	5.14095	5.12583
-1.86753	1.24934	5.14029	5.12452
-1.86721	1.25164	5.1416	5.12419
-1.87148	1.24966	5.14259	5.12452
-1.86852	1.25295	5.1439	5.12419
-1.86852	1.24934	5.14456	5.12386
-1.87049	1.24539	5.14456	5.12353
-1.86589	1.24539	5.14423	5.1255
-1.86491	1.24474	5.14357	5.12715
-1.86589	1.23258	5.14259	5.12879
-1.85735	1.24014	5.14226	5.1278
-1.85341	1.23981	5.14292	5.12649
-1.85603	1.23619	5.14522	5.1255
-1.85636	1.24145	5.14587	5.12485
-1.86523	1.22962	5.14489	5.12518
-1.86819	1.21648	5.14423	5.12748
-1.86721	1.21944	5.14587	5.13142
-1.87148	1.21484	5.14555	5.1324
-1.87378	1.21385	5.1439	5.12977
-1.87673	1.20827	5.1416	5.12813
-1.86819	1.22272	5.1416	5.12715
-1.87312	1.21977	5.14127	5.12813
-1.8718	1.21582	5.14193	5.12682
-1.86983	1.21648	5.14226	5.12386
-1.86688	1.21451	5.14095	5.1232
-1.87772	1.20564	5.14127	5.12288
-1.881	1.20695	5.14292	5.1232
-1.87706	1.19578	5.14423	5.12419
-1.88166	1.19546	5.14456	5.12452
-1.88495	1.19546	5.14325	5.12452
-1.88889	1.19907	5.14456	5.12485
-1.89612	1.20268	5.14752	5.12715
-1.90104	1.19513	5.14916	5.12813
-1.89612	1.19677	5.1462	5.12748
-1.90269	1.18757	5.14062	5.12649
-1.90597	1.19151	5.13865	5.12649
-1.90696	1.19283	5.1393	5.12583
-1.91123	1.17344	5.14259	5.12518
-1.91484	1.16654	5.14489	5.12649
-1.92339	1.14946	5.1439	5.12682
-1.92536	1.15209	5.1416	5.12813
-1.93324	1.14453	5.1393	5.12879
-1.93817	1.1419	5.14127	5.12748
-1.93718	1.13993	5.14226	5.12583
-1.9362	1.1258	5.14357	5.12353
-1.9316	1.12285	5.14423	5.12255
-1.94277	1.10642	5.14292	5.12419
-1.95197	1.10281	5.14193	5.1255
-1.95131	1.10116	5.14193	5.12616
-1.95361	1.08999	5.14226	5.12813
-1.95131	1.09656	5.14325	5.1301
-1.94408	1.09854	5.14423	5.12846
-1.94835	1.10281	5.14489	5.12682
-1.95164	1.10872	5.14555	5.1255
-1.94474	1.11595	5.14357	5.12583
-1.93423	1.11693	5.14259	5.12649
-1.93587	1.11792	5.14127	5.12748
-1.93521	1.11792	5.14193	5.12846
-1.9201	1.13566	5.14456	5.12748
-1.91681	1.14486	5.14555	5.12616
-1.90794	1.15702	5.14423	5.1255
-1.8971	1.1649	5.14193	5.12682
-1.89513	1.16654	5.14062	5.12518
-1.8925	1.18199	5.1416	5.12682
-1.88166	1.19217	5.14357	5.1278
-1.87049	1.20367	5.1439	5.12715
-1.86556	1.21188	5.14423	5.12649
-1.86556	1.21451	5.14423	5.12682
-1.8718	1.20794	5.14325	5.12682
-1.86458	1.22207	5.1416	5.12748
-1.86261	1.21977	5.14259	5.12682
-1.86162	1.22502	5.14423	5.12518
-1.84421	1.23849	5.14423	5.12583
-1.83402	1.24047	5.14259	5.12583
-1.83238	1.23652	5.1439	5.12715
-1.83271	1.22502	5.14456	5.12879
-1.82745	1.22535	5.14423	5.1301
-1.81727	1.22897	5.14357	5.1301
-1.80675	1.23094	5.14423	5.1301
-1.81365	1.23159	5.14686	5.12649
-1.80675	1.23521	5.14653	5.12353
-1.80905	1.23357	5.14325	5.12353
-1.80445	1.22831	5.14292	5.12583
-1.80051	1.23094	5.14423	5.12715
-1.78737	1.23981	5.14522	5.12748
-1.78704	1.23981	5.14555	5.12748
-1.79295	1.24047	5.14653	5.12649
-1.7808	1.26215	5.14785	5.12485
-1.79033	1.26346	5.14817	5.1232
-1.78474	1.26215	5.14719	5.12386
-1.78441	1.26806	5.1462	5.12682
-1.79427	1.27003	5.14456	5.12715
-1.79821	1.26248	5.14292	5.12649
-1.80511	1.25558	5.14259	5.12616
-1.81398	1.25196	5.14292	5.12682
-1.82252	1.25229	5.14193	5.12649
-1.83797	1.22502	5.13996	5.12682
-1.84421	1.22075	5.14062	5.12682
-1.84815	1.22141	5.1439	5.12518
-1.86983	1.21878	5.14587	5.12452
-1.87115	1.22568	5.14653	5.12518
-1.87838	1.22075	5.14752	5.1255
-1.88232	1.21451	5.14555	5.12649
-1.87443	1.2132	5.14226	5.12649
-1.87936	1.20433	5.14029	5.12682
-1.88429	1.2063	5.14259	5.12649
-1.88035	1.20531	5.14587	5.12682
-1.88002	1.20663	5.14555	5.12485
-1.88527	1.18987	5.14259	5.12518
-1.87345	1.20071	5.1393	5.12616
-1.8741	1.19677	5.13897	5.12682
-1.88133	1.1833	5.14127	5.1255
-1.88429	1.18034	5.14423	5.1255
-1.88265	1.17016	5.14456	5.1255
-1.87542	1.17114	5.14357	5.1255
-1.86918	1.17147	5.14292	5.12583
-1.87246	1.19907	5.13996	5.12715
-1.85735	1.21287	5.13996	5.12813
-1.85242	1.2086	5.14226	5.12846
-1.85472	1.21188	5.14456	5.12846
-1.86491	1.20137	5.14456	5.12649
-1.85144	1.20958	5.14226	5.12255
-1.83928	1.21812	5.14095	5.12222
-1.84749	1.20695	5.1416	5.12386
-1.85866	1.18428	5.14259	5.12616
-1.84914	1.1879	5.14357	5.1278
-1.84979	1.1787	5.14456	5.12715
-1.85078	1.16622	5.14489	5.12583
-1.85144	1.15833	5.14423	5.1255
-1.84585	1.1626	5.14259	5.12583
-1.85209	1.1603	5.14226	5.12485
-1.83961	1.16786	5.1416	5.12518
-1.83567	1.16556	5.14292	5.12616
-1.82449	1.17969	5.14522	5.12715
-1.83698	1.1534	5.14653	5.12879
-1.82844	1.16917	5.14653	5.12649
-1.8176	1.17903	5.14587	5.12583
-1.82088	1.17344	5.14489	5.12682
-1.80675	1.17936	5.14423	5.12715
-1.82252	1.16063	5.14357	5.1278
-1.81102	1.14585	5.14357	5.12616
-1.80347	1.1442	5.1439	5.1255
-1.81694	1.13566	5.14292	5.1255
-1.84454	1.11628	5.1416	5.12518
-1.85308	1.11858	5.14193	5.12452
-1.85603	1.11661	5.14357	5.1255
-1.85472	1.1304	5.1462	5.12715
-1.86392	1.13106	5.14719	5.12485
-1.87312	1.11792	5.14587	5.12353
-1.88626	1.11332	5.14357	5.12485
-1.89447	1.11956	5.14029	5.12682
-1.90466	1.11661	5.13897	5.12748
-1.91452	1.11529	5.14095	5.12748
-1.92043	1.12153	5.14292	5.12616
-1.92766	1.12876	5.14522	5.12583
-1.92404	1.1281	5.14653	5.12682
-1.93258	1.11201	5.14719	5.12616
-1.92404	1.11266	5.14653	5.12649
-1.92766	1.10445	5.14456	5.12649
-1.92371	1.12318	5.14489	5.12583
-1.92601	1.11989	5.14653	5.12518
-1.91977	1.11891	5.14719	5.1255
-1.9132	1.12482	5.14653	5.12616
-1.92076	1.11923	5.14555	5.12583
-1.91583	1.13172	5.14587	5.12419
-1.9132	1.13665	5.14489	5.12452
-1.90794	1.14979	5.14423	5.12583
-1.91714	1.14355	5.14357	5.12649
-1.91123	1.1396	5.14423	5.12353
-1.90597	1.14223	5.14423	5.12222
-1.90959	1.13632	5.14357	5.12189
-1.90762	1.13468	5.14325	5.12518
-1.91714	1.10708	5.1439	5.1278
-1.9224	1.10116	5.14325	5.12583
-1.91846	1.09821	5.14522	5.12353
-1.91419	1.09656	5.14587	5.1255
-1.90269	1.10938	5.14587	5.12813
-1.90367	1.08934	5.14423	5.12945
-1.88987	1.09394	5.1416	5.13043
-1.88692	1.10215	5.14029	5.12945
-1.89053	1.11431	5.14193	5.12813
-1.88363	1.11431	5.14423	5.12813
-1.87016	1.13106	5.14456	5.12912
-1.86721	1.13468	5.14325	5.13076
-1.86228	1.13139	5.14226	5.1301
-1.87016	1.12975	5.14095	5.12945
-1.85735	1.14059	5.14062	5.12715
-1.85833	1.12449	5.14259	5.12419
-1.85801	1.11858	5.14456	5.12386
-1.85899	1.11726	5.14522	5.12583
-1.85669	1.12876	5.14456	5.12682
-1.84946	1.13106	5.14325	5.12682
-1.83829	1.13927	5.14357	5.12682
-1.84881	1.13073	5.14489	5.12616
-1.84848	1.13566	5.14653	5.12485
-1.83829	1.14782	5.14686	5.12419
-1.84388	1.16523	5.14587	5.12452
-1.84355	1.1741	5.14325	5.12616
-1.83008	1.1879	5.14127	5.12583
-1.82088	1.19578	5.13865	5.1255
-1.82548	1.1902	5.13897	5.12682
-1.83172	1.19381	5.13996	5.12912
-1.83271	1.20531	5.14095	5.12879
-1.83501	1.21188	5.14325	5.12748
-1.81661	1.2247	5.14193	5.12682
-1.8222	1.22075	5.1393	5.12813
-1.82121	1.21747	5.13799	5.12748
-1.83402	1.2109	5.14127	5.12715
-1.83797	1.21714	5.14423	5.12715
-1.85209	1.204	5.14522	5.1278
-1.85965	1.2063	5.14357	5.1278
-1.85801	1.21944	5.14259	5.12682
-1.85669	1.22338	5.14325	5.12748
-1.85111	1.23784	5.14522	5.12682
-1.85932	1.23389	5.14456	5.1255
-1.85801	1.23849	5.14325	5.12452
-1.84585	1.25459	5.14226	5.1255
-1.83698	1.26182	5.14062	5.12715
-1.84158	1.25459	5.1416	5.12879
-1.85406	1.23488	5.14259	5.1301
-1.84618	1.23587	5.1439	5.1301
-1.83534	1.23784	5.14522	5.12813
-1.85209	1.22568	5.14555	5.12649
-1.84421	1.22305	5.14292	5.1255
-1.85111	1.20465	5.14259	5.12616
-1.84355	1.19151	5.14423	5.1255
-1.83862	1.19907	5.14489	5.12452
-1.82022	1.21812	5.14325	5.12485
-1.82285	1.21254	5.14226	5.12616
-1.82121	1.20925	5.14193	5.1255
-1.79985	1.22075	5.14292	5.12518
-1.79427	1.21648	5.14193	5.12518
-1.80051	1.21155	5.1416	5.12748
-1.7992	1.2086	5.14193	5.12748
-1.79558	1.20663	5.14226	5.12649
-1.7946	1.21188	5.14456	5.12518
-1.78178	1.23028	5.14489	5.12419
-1.77324	1.22535	5.14555	5.1255
-1.76076	1.22897	5.14555	5.12649
-1.75517	1.21812	5.14325	5.12715
-1.74137	1.22962	5.14259	5.12583
-1.73677	1.24868	5.14489	5.12583
-1.7348	1.24178	5.14423	5.12616
-1.7325	1.24605	5.14292	5.12518
-1.74137	1.24736	5.14292	5.12386
-1.74663	1.25722	5.14292	5.12419
-1.74433	1.24638	5.1416	5.12518
-1.7532	1.24507	5.1416	5.12518
-1.7601	1.24047	5.14193	5.12583
-1.76897	1.22995	5.14292	5.1255
-1.7624	1.23915	5.14325	5.1255
-1.76174	1.24145	5.1439	5.1278
-1.77718	1.23751	5.14489	5.12846
-1.78113	1.24408	5.14587	5.12649
-1.7946	1.24868	5.14456	5.12485
-1.79624	1.24835	5.14357	5.12452
-1.80708	1.24244	5.14259	5.12485
-1.82088	1.24507	5.14325	5.1232
-1.81431	1.24342	5.14127	5.12222
-1.82351	1.24802	5.13963	5.12123
-1.82482	1.24769	5.13996	5.12353
-1.84158	1.2293	5.14292	5.1232
-1.84519	1.21911	5.14653	5.12386
-1.85012	1.20367	5.14686	5.12485
-1.86162	1.20531	5.14522	5.12419
-1.87476	1.18626	5.14292	5.12386
-1.88856	1.19217	5.1416	5.12583
-1.90006	1.18593	5.14127	5.12813
-1.90367	1.17607	5.14062	5.12879
-1.9155	1.16194	5.14292	5.12616
-1.92306	1.15307	5.14489	5.1255
-1.93061	1.14683	5.14653	5.12616
-1.93916	1.13927	5.14456	5.12682
-1.93883	1.1327	5.14193	5.12616
-1.9339	1.13139	5.14193	5.1255
-1.95098	1.12088	5.1439	5.12485
-1.9454	1.11891	5.14686	5.12353
-1.94376	1.11792	5.14719	5.12222
-1.9569	1.10576	5.14653	5.12288
-1.94606	1.11003	5.14522	5.12485
-1.95065	1.10478	5.14423	5.1255
-1.95361	1.10543	5.1439	5.12649
-1.95098	1.11266	5.1439	5.12518
-1.94047	1.12153	5.1439	5.1232
-1.927	1.12186	5.14489	5.1232
-1.93258	1.12416	5.14555	5.12386
-1.91977	1.13566	5.14653	5.12649
-1.91517	1.13993	5.14522	5.12846
-1.90006	1.14552	5.1439	5.1278
-1.89743	1.15176	5.14522	5.12682
-1.90072	1.15274	5.14719	5.12616
-1.90072	1.1557	5.14653	5.1255
-1.90104	1.158	5.14489	5.12682
-1.90039	1.1442	5.14456	5.12715
-1.89842	1.15209	5.14555	5.12583
-1.90104	1.1534	5.14456	5.12682
-1.88856	1.16654	5.14423	5.12583
-1.90203	1.15932	5.14423	5.12485
-1.8994	1.15636	5.14423	5.12485
-1.89053	1.16359	5.14522	5.12583
-1.88265	1.16819	5.14325	5.12649
-1.88232	1.16392	5.14325	5.12813
-1.89119	1.15209	5.1439	5.12879
-1.89217	1.16819	5.14653	5.12583
-1.88265	1.1718	5.14785	5.12255
-1.88068	1.17049	5.14653	5.12025
-1.87936	1.16654	5.14489	5.12058
-1.87608	1.15964	5.14292	5.12353
-1.89217	1.15866	5.14226	5.12682
-1.89546	1.15045	5.14325	5.12813
-1.90827	1.14125	5.14357	5.12846
-1.91813	1.13895	5.14555	5.12649
-1.91452	1.14815	5.14719	5.12452
-1.91616	1.14059	5.14686	5.12419
-1.90367	1.16129	5.1439	5.12616
-1.90006	1.17213	5.14226	5.1278
-1.90334	1.18527	5.1416	5.1278
-1.8994	1.18297	5.14127	5.12682
-1.89743	1.19414	5.14029	5.12616
-1.89513	1.20203	5.1393	5.12682
-1.89382	1.19414	5.13996	5.1278
-1.89119	1.20268	5.14193	5.12649
-1.89579	1.20268	5.14226	5.12518
-1.88987	1.20465	5.14292	5.12452
-1.89217	1.20235	5.1439	5.12386
-1.8879	1.21057	5.14325	5.12485
-1.89579	1.20695	5.14357	5.12715
-1.89645	1.20761	5.14423	5.12977
-1.89645	1.21057	5.14193	5.12945
-1.89513	1.19743	5.14095	5.12682
-1.89349	1.20334	5.14325	5.12682
-1.8902	1.21221	5.14555	5.12682
-1.89283	1.20663	5.14555	5.1255
-1.8971	1.20334	5.14522	5.12485
-1.9063	1.19414	5.14292	5.12583
-1.91944	1.17673	5.14226	5.12682
-1.90466	1.18856	5.14226	5.12715
-1.88889	1.20268	5.14489	5.1255
-1.88199	1.19644	5.14587	5.12386
-1.87575	1.2017	5.14489	5.12353
-1.86096	1.20958	5.14292	5.12353
-1.85866	1.20334	5.14357	5.12386
-1.85341	1.21254	5.14489	5.12419
-1.83731	1.23652	5.14456	5.12419
-1.82745	1.23784	5.14456	5.12485
-1.81102	1.24934	5.1439	5.12616
-1.81595	1.23422	5.14226	5.12616
-1.80971	1.24079	5.14095	5.12583
-1.79197	1.24868	5.1393	5.1255
-1.78606	1.25985	5.13897	5.12518
-1.78178	1.25394	5.13996	5.12452
-1.77883	1.26708	5.1416	5.12419
-1.75879	1.27792	5.14226	5.12386
-1.7624	1.28449	5.14127	5.12649
-1.75287	1.29106	5.13996	5.12879
-1.73875	1.30552	5.14062	5.1278
-1.7371	1.2904	5.14292	5.12616
-1.75156	1.28482	5.14423	5.12485
-1.74302	1.27858	5.14357	5.12288
-1.74137	1.27431	5.14259	5.12288
-1.74006	1.28975	5.14226	5.12616
-1.721	1.30716	5.14193	5.12616
-1.72823	1.29829	5.14325	5.1255
-1.74039	1.30355	5.14489	5.12616
-1.72922	1.30847	5.14686	5.1278
-1.71509	1.31866	5.14653	5.12912
-1.72889	1.31702	5.14423	5.12846
-1.7279	1.31899	5.14292	5.1255
-1.72626	1.32162	5.14095	5.1255
-1.74137	1.30617	5.14095	5.12748
-1.74729	1.29862	5.14062	5.12912
-1.75649	1.2996	5.14259	5.12846
-1.7647	1.29829	5.14423	5.12846
-1.77226	1.2858	5.14489	5.12813
-1.7785	1.29303	5.1439	5.12813
-1.79033	1.28975	5.14292	5.12748
-1.79131	1.2996	5.14127	5.12649
-1.79033	1.29895	5.14193	5.12583
-1.78606	1.2996	5.14522	5.1255
-1.79394	1.29073	5.14555	5.1255
-1.8038	1.27595	5.14489	5.12616
-1.79953	1.26313	5.14357	5.12682
-1.81694	1.24835	5.14259	5.12813
-1.83172	1.24802	5.14325	5.12912
-1.83731	1.24474	5.14423	5.12649
-1.84914	1.23258	5.14423	5.12419
-1.85538	1.22634	5.14522	5.1255
-1.85111	1.22108	5.14456	5.12682
-1.86589	1.21714	5.14456	5.12748
-1.87049	1.21648	5.14456	5.12616
-1.86622	1.21057	5.14357	5.12583
-1.86359	1.22305	5.14587	5.12682
-1.86293	1.21615	5.14785	5.12813
-1.86096	1.22338	5.14686	5.12748
-1.85308	1.23554	5.14522	5.12616
-1.85308	1.22667	5.14259	5.12682
-1.83994	1.23619	5.14193	5.12583
-1.83238	1.24736	5.1416	5.12452
-1.83698	1.23882	5.14357	5.12353
-1.82449	1.25065	5.14522	5.12156
-1.82614	1.23619	5.14522	5.12288
-1.8199	1.24539	5.14325	5.12485
-1.82614	1.23324	5.14226	5.1255
-1.84421	1.21878	5.14292	5.12616
-1.84716	1.2063	5.14489	5.12748
-1.83139	1.22765	5.14686	5.12682
-1.82679	1.2293	5.1462	5.12583
-1.83632	1.22732	5.14423	5.12518
-1.83304	1.23817	5.14292	5.12452
-1.83402	1.227	5.14226	5.1255
-1.83041	1.2247	5.1416	5.12616
-1.82745	1.22765	5.14292	5.12353
-1.83008	1.20991	5.14489	5.12156
-1.83271	1.21648	5.1439	5.12189
-1.83829	1.22667	5.1439	5.1232
-1.83764	1.21747	5.14357	5.12452
-1.84618	1.20498	5.14357	5.12616
-1.85209	1.19907	5.14489	5.12748
-1.86885	1.18297	5.14522	5.12813
-1.85045	1.2086	5.14522	5.12748
-1.86162	1.18987	5.14522	5.12682
-1.86063	1.19151	5.14522	5.12649
-1.86721	1.19118	5.14423	5.12616
-1.87148	1.19151	5.14193	5.12715
-1.87542	1.181	5.14127	5.12748
-1.87838	1.18363	5.14226	5.12583
-1.88955	1.17903	5.14456	5.12485
-1.89875	1.16884	5.14587	5.12485
-1.91222	1.14585	5.14587	5.12419
-1.91452	1.13468	5.14489	5.12452
-1.9201	1.13238	5.14325	5.12485
-1.93488	1.12318	5.14325	5.12518
-1.94014	1.11398	5.14522	5.12485
-1.95263	1.11496	5.14522	5.1255
-1.96051	1.10445	5.14555	5.12583
-1.96544	1.10182	5.1439	5.1255
-1.96182	1.10018	5.14292	5.12682
-1.96708	1.10741	5.14127	5.12813
-1.97267	1.09919	5.14029	5.12945
-1.97497	1.09262	5.14029	5.12945
-1.97135	1.09919	5.14226	5.12748
-1.97957	1.08934	5.14423	5.12616
-1.97365	1.09328	5.14456	5.1255
-1.98351	1.07915	5.14292	5.12518
-1.99566	1.06371	5.14193	5.12715
-1.98449	1.06272	5.14259	5.1278
-1.99304	1.05484	5.14259	5.12616
-1.98647	1.06502	5.14193	5.12452
-1.98384	1.06798	5.14259	5.12485
-1.98055	1.06962	5.14423	5.12485
-1.97135	1.07817	5.14423	5.12583
-1.97628	1.06864	5.14325	5.12616
-1.96971	1.07784	5.14193	5.12748
-1.973	1.06995	5.1439	5.12583
-1.97267	1.07324	5.14719	5.12419
-1.95131	1.10116	5.14916	5.12353
-1.95887	1.09295	5.14916	5.12518
-1.95854	1.08966	5.1462	5.12649
-1.95755	1.08737	5.14423	5.12649
-1.95295	1.09656	5.14423	5.12682
-1.93521	1.09558	5.14653	5.12813
-1.9247	1.11365	5.14653	5.12616
-1.92371	1.11956	5.1439	5.12386
-1.89809	1.14519	5.14292	5.12288
-1.88166	1.16392	5.14259	5.12222
-1.87082	1.16457	5.14325	5.12452
-1.86655	1.16523	5.14489	5.12616
-1.87378	1.15997	5.14522	5.12518
-1.86918	1.15209	5.14522	5.12386
-1.86392	1.16819	5.14522	5.12452
-1.85505	1.18133	5.14522	5.12419
-1.84782	1.18231	5.1439	5.12518
-1.84782	1.18166	5.14259	5.12616
-1.82285	1.20597	5.14357	5.12485
-1.8199	1.19776	5.14489	5.12452
-1.81365	1.19053	5.14357	5.12419
-1.80971	1.21155	5.14127	5.12485
-1.82187	1.19578	5.14029	5.12616
-1.82844	1.18921	5.14127	5.12616
-1.81234	1.20137	5.14259	5.1255
-1.81037	1.20827	5.14522	5.12419
-1.81168	1.21648	5.14555	5.12452
-1.82121	1.20991	5.14292	5.12485
-1.82942	1.20761	5.14062	5.12518
-1.84224	1.20235	5.13897	5.12649
-1.84454	1.20104	5.13996	5.12649
-1.84158	1.20597	5.14029	5.12583
-1.84519	1.20465	5.1416	5.12386
-1.84092	1.21221	5.14325	5.12288
-1.86786	1.1879	5.14423	5.12222
-1.87575	1.19677	5.14522	5.12288
-1.87016	1.21385	5.14522	5.12485
-1.87509	1.21714	5.14489	5.12616
-1.87969	1.21484	5.14489	5.12452
-1.88068	1.22174	5.14423	5.12583
-1.8833	1.23258	5.14456	5.12649
-1.881	1.22864	5.1462	5.12682
-1.88199	1.21747	5.14489	5.12649
-1.8787	1.21221	5.14127	5.12649
-1.85735	1.24638	5.13799	5.12616
-1.85308	1.25295	5.13799	5.12616
-1.84946	1.25919	5.14193	5.1255
-1.84946	1.25656	5.14456	5.12485
-1.84224	1.26182	5.14456	5.12452
-1.83172	1.27759	5.1416	5.12682
-1.8199	1.27496	5.14062	5.12682
-1.81431	1.27135	5.14325	5.12715
-1.81267	1.26346	5.14555	5.12715
-1.81135	1.26741	5.14653	5.12649
-1.8038	1.27989	5.14456	5.12452
-1.79887	1.27595	5.14226	5.12419
-1.79657	1.26543	5.14127	5.12485
-1.78901	1.27693	5.14259	5.12419
-1.7992	1.26478	5.14522	5.12386
-1.79558	1.25394	5.14686	5.12386
-1.79033	1.25722	5.14587	5.12353
-1.78244	1.26806	5.14423	5.12452
-1.7785	1.27201	5.14292	5.12616
-1.76897	1.28088	5.14259	5.12846
-1.75714	1.28416	5.14357	5.12748
-1.76109	1.2927	5.14555	5.12353
-1.77357	1.2835	5.14785	5.12255
-1.77587	1.28482	5.14949	5.1232
-1.77357	1.28745	5.14817	5.12419
-1.77029	1.28548	5.1462	5.1255
-1.78014	1.2812	5.14489	5.1255
-1.78901	1.27661	5.14423	5.12649
-1.79	1.26478	5.14259	5.12682
-1.79953	1.25952	5.14127	5.12518
-1.79821	1.24309	5.1416	5.12518
-1.80084	1.26084	5.14259	5.12583
-1.81924	1.25952	5.1439	5.12419
-1.82318	1.25426	5.1439	5.12452
-1.83008	1.24474	5.14357	5.12485
-1.83402	1.23685	5.14325	5.12353
-1.85111	1.22272	5.14226	5.12123
-1.86129	1.20137	5.14193	5.12255
-1.86786	1.204	5.14062	5.12518
-1.87115	1.20301	5.14193	5.12813
-1.8856	1.19381	5.14292	5.12813
-1.90269	1.17081	5.14423	5.12715
-1.9132	1.1672	5.14456	5.12485
-1.93521	1.14387	5.14587	5.12485
-1.94737	1.12745	5.14587	5.12419
-1.95657	1.11923	5.14259	5.12518
-1.96281	1.09985	5.13897	5.12583
-1.97497	1.09788	5.14062	5.1255
-1.9753	1.10412	5.1439	5.12583
-1.97727	1.10773	5.14653	5.12288
-1.99041	1.09196	5.14587	5.12189
-1.99731	1.07784	5.1439	5.12353
-2.00355	1.07389	5.1439	5.12682
-2.00848	1.07981	5.14423	5.12879
-2.00749	1.07882	5.1439	5.13076
-2.00026	1.07751	5.14423	5.12879
-2.00224	1.0716	5.14555	5.12616
-2.00913	1.06371	5.14555	5.12616
-2.01669	1.04794	5.14456	5.12682
-2.00322	1.05648	5.1439	5.1278
-2.00848	1.05484	5.14226	5.1278
-2.01176	1.04235	5.14193	5.12485
-2.01406	1.02757	5.14193	5.12353
-2.01242	1.02494	5.14423	5.1232
-2.01242	1.02856	5.14489	5.12156
-2.00618	1.04203	5.14522	5.12222
-2.00191	1.0486	5.14325	5.12386
-1.99796	1.05254	5.14292	5.12518
-1.99731	1.05024	5.14522	5.12682
-1.98975	1.06831	5.14916	5.12649
-1.98712	1.07324	5.1485	5.12485
-1.99205	1.06042	5.14686	5.12419
-1.98449	1.05944	5.14555	5.12386
-1.98187	1.06108	5.14193	5.12353
-1.97628	1.07291	5.13996	5.12485
-1.9707	1.07521	5.14062	5.12616
-1.9684	1.05484	5.14292	5.12616
-1.9661	1.06437	5.14522	5.12649
-1.94178	1.09952	5.14555	5.12583
-1.93653	1.10116	5.14325	5.12518
-1.93094	1.10149	5.13963	5.12518
-1.92831	1.10708	5.1393	5.1255
-1.93029	1.10806	5.14127	5.12419
-1.92536	1.11759	5.14456	5.12419
-1.91846	1.12285	5.14686	5.12452
-1.927	1.11529	5.14752	5.12419
-1.9385	1.11595	5.14456	5.12386
-1.9293	1.12383	5.14259	5.12452
-1.91419	1.14092	5.14226	5.12452
-1.92174	1.13895	5.14325	5.12419
-1.91156	1.15997	5.14489	5.12485
-1.91024	1.15669	5.14522	5.12485
-1.91944	1.15077	5.14423	5.12583
-1.91911	1.1534	5.14193	5.12649
-1.91583	1.15603	5.1416	5.12682
-1.90564	1.158	5.1439	5.12715
-1.91123	1.16622	5.14653	5.12583
-1.91649	1.16194	5.14785	5.12485
-1.91123	1.18166	5.14719	5.12386
-1.90794	1.18199	5.14555	5.12583
-1.91024	1.17771	5.14292	5.1278
-1.91057	1.1718	5.14127	5.12912
-1.9132	1.17739	5.14127	5.12682
-1.89743	1.18691	5.14489	5.12583
-1.8971	1.19578	5.14653	5.12518
-1.88659	1.2063	5.14587	5.12386
-1.88955	1.20038	5.14325	5.12419
-1.88922	1.19414	5.1439	5.12419
-1.87805	1.204	5.14325	5.1255
-1.88265	1.20301	5.14259	5.12485
-1.88429	1.20663	5.1416	5.12485
-1.87936	1.21418	5.14193	5.12649
-1.87936	1.21385	5.14292	5.1301
-1.87772	1.21221	5.14226	5.12846
-1.87542	1.21155	5.13996	5.12583
-1.87049	1.21582	5.13963	5.12518
-1.86425	1.22404	5.13963	5.12452
-1.86031	1.23159	5.13996	5.12518
-1.85768	1.22535	5.14127	5.12452
-1.85209	1.23028	5.14259	5.1232
-1.84585	1.23685	5.14226	5.12288
-1.83895	1.23915	5.14259	5.12386
-1.82942	1.24047	5.14226	5.12583
-1.82548	1.23685	5.14357	5.12715
-1.8153	1.24047	5.14489	5.1278
-1.81595	1.24539	5.14555	5.12649
-1.81201	1.23784	5.14259	5.12518
-1.80544	1.24572	5.1416	5.12616
-1.8015	1.25525	5.1416	5.1278
-1.80413	1.24441	5.14292	5.12813
-1.8107	1.23028	5.14456	5.12649
-1.81792	1.22042	5.14456	5.12649
-1.82055	1.21878	5.14357	5.12583
-1.82351	1.21254	5.14489	5.12452
-1.82975	1.19808	5.14456	5.12518
-1.83074	1.2017	5.14357	5.1255
-1.83994	1.19841	5.14325	5.1255
-1.84914	1.18888	5.14489	5.12353
-1.84355	1.18691	5.14653	5.12419
-1.83468	1.19381	5.14357	5.12485
-1.84059	1.18264	5.14193	5.12583
-1.84651	1.18067	5.13963	5.12583
-1.82811	1.20728	5.13897	5.1255
-1.82449	1.20203	5.14259	5.12485
-1.82975	1.1994	5.1462	5.12616
-1.83205	1.19907	5.14785	5.12649
-1.82844	1.20433	5.14653	5.12583
-1.82154	1.21714	5.1439	5.12583
-1.81661	1.21155	5.14292	5.12748
-1.81628	1.21714	5.14226	5.12846
-1.82121	1.20071	5.14357	5.12748
-1.82581	1.19381	5.14555	5.12452
-1.82942	1.1833	5.14456	5.1232
-1.83041	1.19644	5.14259	5.12386
-1.82252	1.204	5.14127	5.12419
-1.83665	1.19973	5.14062	5.12616
-1.84684	1.20367	5.1416	5.12715
-1.85373	1.20268	5.14292	5.12649
-1.86261	1.20465	5.14456	5.12682
-1.87443	1.19118	5.1439	5.1278
-1.87542	1.1994	5.14456	5.12846
-1.87049	1.19677	5.14423	5.12715
-1.86129	1.1994	5.14292	5.12715
-1.85308	1.21254	5.14226	5.12879
-1.85735	1.2086	5.14226	5.12879
-1.86458	1.2086	5.14226	5.12715
-1.86392	1.20005	5.14423	5.12583
-1.85801	1.20597	5.14489	5.1255
-1.86392	1.20663	5.14292	5.12649
-1.86195	1.20925	5.14127	5.12616
-1.87345	1.18856	5.13996	5.12452
-1.881	1.1879	5.14127	5.12419
-1.87542	1.19184	5.14423	5.12222
-1.87378	1.19611	5.1462	5.12222
-1.87542	1.19381	5.14686	5.12419
-1.87443	1.20203	5.1439	5.1255
-1.87509	1.19644	5.14095	5.12748
-1.87936	1.19644	5.13963	5.12879
-1.87246	1.19414	5.14127	5.12649
-1.87969	1.1925	5.1416	5.12616
-1.87509	1.18888	5.14292	5.12682
-1.87706	1.1925	5.14423	5.12945
-1.8833	1.18954	5.14423	5.1301
-1.88166	1.18691	5.14456	5.12945
-1.88889	1.17706	5.14357	5.1278
-1.88166	1.18494	5.14357	5.12715
-1.88823	1.16687	5.1439	5.12682
-1.8971	1.15242	5.1439	5.1255
-1.89907	1.15406	5.14259	5.12583
-1.89645	1.16063	5.14127	5.12879
-1.8994	1.15866	5.14029	5.13076
-1.89973	1.14355	5.14095	5.1301
-1.89677	1.14979	5.14259	5.12682
-1.89973	1.15833	5.14292	5.12583
-1.89809	1.15537	5.14259	5.12485
-1.90926	1.15504	5.14193	5.12452
-1.90564	1.14946	5.13996	5.12452
-1.91681	1.14387	5.1416	5.12715
-1.92109	1.14552	5.14357	5.1278
-1.92864	1.13796	5.14456	5.12715
-1.9224	1.13796	5.14653	5.12748
-1.91747	1.14486	5.14752	5.12748
-1.92207	1.13106	5.14555	5.12452
-1.92437	1.12712	5.14357	5.12485
-1.92076	1.12186	5.14325	5.12649
-1.92799	1.11989	5.14292	5.12649
-1.92766	1.11463	5.14357	5.12616
-1.93258	1.11693	5.14423	5.12616
-1.92831	1.1212	5.14325	5.12485
-1.92897	1.12219	5.14095	5.12386
-1.93258	1.12285	5.14127	5.12255
-1.92733	1.14585	5.14226	5.12452
-1.93686	1.12482	5.14325	5.1278
-1.94868	1.11299	5.14259	5.1301
-1.95525	1.09952	5.14292	5.12846
-1.95493	1.09656	5.14193	5.12715
-1.95591	1.10478	5.14062	5.12452
-1.94967	1.10905	5.14193	5.12255
-1.94408	1.11891	5.14292	5.1232
-1.93981	1.11398	5.1439	5.1255
-1.94474	1.11201	5.14522	5.12583
-1.93948	1.12285	5.1439	5.12485
-1.927	1.13566	5.14357	5.12452
-1.94113	1.12843	5.14325	5.12518
-1.94671	1.12515	5.14325	5.12616
-1.94376	1.13172	5.14259	5.12452
-1.92996	1.1396	5.14325	5.12452
-1.92076	1.1419	5.14423	5.12419
-1.92404	1.14486	5.14226	5.12419
-1.90926	1.1465	5.14029	5.12419
-1.90334	1.15406	5.13897	5.12616
-1.89907	1.16227	5.1393	5.12682
-1.89119	1.16884	5.14095	5.1255
-1.8833	1.1856	5.14292	5.12485
-1.86721	1.20663	5.14456	5.12485
-1.86523	1.20728	5.14653	5.1255
-1.86458	1.20991	5.14489	5.12616
-1.87213	1.19808	5.14292	5.12583
-1.87509	1.19184	5.14456	5.12386
-1.88692	1.17903	5.14489	5.12123
-1.88363	1.18034	5.14587	5.12025
-1.8902	1.1948	5.14456	5.12156
-1.88955	1.20268	5.14292	5.1232
-1.87673	1.20794	5.14259	5.12419
-1.87805	1.20925	5.14127	5.12616
-1.87279	1.20958	5.14193	5.12715
-1.87772	1.20531	5.14325	5.12616
-1.88199	1.20137	5.14489	5.12485
-1.87706	1.20531	5.14587	5.12452
-1.8695	1.20958	5.14292	5.12485
-1.86326	1.19184	5.14259	5.12715
-1.86622	1.18987	5.14259	5.12715
-1.8718	1.20794	5.1439	5.12649
-1.85768	1.21188	5.14555	5.1255
-1.86031	1.20958	5.14555	5.12386
-1.85899	1.2178	5.14489	5.12353
-1.85768	1.21944	5.14555	5.12419
-1.85669	1.22174	5.14456	5.12452
-1.85669	1.22305	5.14423	5.12518
-1.85669	1.21944	5.14489	5.12518
-1.85209	1.23915	5.14522	5.12386
-1.86031	1.23455	5.14555	5.12156
-1.85209	1.24178	5.14456	5.12255
-1.84256	1.26149	5.14292	5.12353
-1.83468	1.26773	5.1416	5.12419
-1.81858	1.27923	5.14226	5.12518
-1.81727	1.27825	5.14226	5.1255
-1.81398	1.28219	5.1439	5.1255
-1.81168	1.29435	5.14555	5.12616
-1.81694	1.2904	5.14587	5.1255
-1.8176	1.29927	5.1439	5.12616
-1.82614	1.29665	5.14127	5.12682
-1.82187	1.30256	5.1393	5.12485
-1.81398	1.31044	5.14062	5.1232
-1.81135	1.31242	5.1416	5.12189
-1.80413	1.32162	5.14325	5.12255
-1.7946	1.31997	5.14686	5.12419
-1.78868	1.33213	5.14587	5.1255
-1.78441	1.33311	5.14456	5.12485
-1.79197	1.3226	5.14423	5.12419
-1.77718	1.34001	5.1462	5.12452
-1.76634	1.34396	5.14817	5.12386
-1.76273	1.34921	5.14686	5.12386
-1.76339	1.33509	5.14423	5.12485
-1.75287	1.34067	5.14193	5.12715
-1.75583	1.34067	5.1416	5.12945
-1.75419	1.33311	5.14325	5.12912
-1.7532	1.32654	5.14555	5.12715
-1.75156	1.3249	5.14456	5.12583
-1.75222	1.31767	5.14325	5.12353
-1.76076	1.30157	5.14226	5.12288
-1.76569	1.29599	5.14226	5.1232
-1.76536	1.29632	5.14226	5.12518
-1.77423	1.2858	5.14357	5.12649
-1.78967	1.27332	5.14456	5.12715
-1.79394	1.27661	5.14587	5.12616
-1.80511	1.26478	5.14587	5.12649
-1.80872	1.26313	5.14489	5.12715
-1.81135	1.25886	5.14325	5.12616
-1.81497	1.24966	5.14259	5.12583
-1.82318	1.25065	5.14423	5.12616
-1.83205	1.25591	5.14456	5.12583
-1.84256	1.25459	5.14489	5.1255
-1.84388	1.26412	5.14522	5.12682
-1.84684	1.25886	5.14357	5.12813
-1.85965	1.25065	5.14193	5.1278
-1.86655	1.24211	5.14357	5.12846
-1.8764	1.23225	5.14489	5.12748
-1.87903	1.22108	5.14653	5.12616
-1.88659	1.21254	5.1462	5.12452
-1.89645	1.19743	5.1439	5.12156
-1.90269	1.19348	5.14259	5.12353
-1.91386	1.17476	5.14357	5.1255
-1.91846	1.18001	5.14522	5.12583
-1.91254	1.19283	5.14587	5.12682
-1.90367	1.19184	5.1439	5.12715
-1.90696	1.17837	5.1416	5.12419
-1.904	1.18363	5.13996	5.12419
-1.90499	1.19184	5.14029	5.12616
-1.90729	1.18199	5.14226	5.12748
-1.9063	1.1856	5.14423	5.12616
-1.8971	1.1971	5.1439	5.12353
-1.89776	1.19776	5.14357	5.12156
-1.88692	1.20761	5.14357	5.12419
-1.88889	1.2086	5.14292	5.12682
-1.88922	1.21188	5.14325	5.12682
-1.88692	1.19776	5.14522	5.12715
-1.8833	1.20827	5.1462	5.12682
-1.87838	1.21188	5.1462	5.12419
-1.88002	1.20038	5.14555	5.12353
-1.88856	1.18297	5.14423	5.12452
-1.88626	1.1787	5.1439	5.12616
-1.88725	1.16819	5.14555	5.12715
-1.89283	1.1603	5.14653	5.1255
-1.89185	1.15964	5.14423	5.12353
-1.89776	1.14322	5.14292	5.12353
-1.89152	1.15373	5.14259	5.12452
-1.88856	1.16753	5.1416	5.12682
-1.90696	1.15734	5.14095	5.12649
-1.90367	1.15964	5.14095	5.12715
-1.90039	1.15373	5.14292	5.12616
-1.89415	1.15964	5.14555	5.12485
-1.89316	1.15373	5.14686	5.1232
-1.89185	1.15767	5.14555	5.1232
-1.8879	1.16786	5.1439	5.12452
-1.87279	1.18626	5.14226	5.12419
-1.87049	1.18231	5.14193	5.12485
-1.86655	1.18133	5.14226	5.12616
-1.8718	1.17574	5.14423	5.12715
-1.8741	1.17147	5.14587	5.12682
-1.8879	1.15537	5.14456	5.12583
-1.89645	1.13763	5.1416	5.12616
-1.90564	1.1281	5.14029	5.12715
-1.90203	1.14157	5.14226	5.12846
-1.90532	1.15143	5.14456	5.1278
-1.90959	1.14749	5.14587	5.12682
-1.91616	1.14979	5.1462	5.12583
-1.90992	1.15702	5.14423	5.12583
-1.90334	1.17049	5.14193	5.12649
-1.91123	1.16359	5.14193	5.12748
-1.90827	1.17673	5.14259	5.12583
-1.90959	1.18856	5.14292	5.1255
-1.90926	1.18166	5.14292	5.12649
-1.90532	1.181	5.14522	5.12386
-1.91419	1.18001	5.14423	5.12222
-1.91222	1.181	5.14325	5.1232
-1.92273	1.16622	5.14292	5.12452
-1.92766	1.16194	5.14456	5.12583
-1.9224	1.1695	5.14587	5.1255
-1.91649	1.17706	5.14785	5.12419
-1.91189	1.1833	5.14587	5.12452
-1.9132	1.18264	5.14226	5.12452
-1.91057	1.18428	5.14259	5.1255
-1.9017	1.19546	5.1439	5.12813
-1.8994	1.20498	5.14456	5.12879
-1.89546	1.20071	5.14522	5.12616
-1.89447	1.19743	5.1439	5.1255
-1.8856	1.20958	5.14357	5.12583
-1.88166	1.21484	5.14259	5.12748
-1.86326	1.22502	5.14226	5.12945
-1.85702	1.23159	5.1416	5.12813
-1.84848	1.24244	5.14127	5.12649
-1.84191	1.25591	5.14325	5.12485
-1.83895	1.26116	5.14522	5.12353
-1.82318	1.27135	5.14555	5.12452
-1.82844	1.26642	5.14522	5.12682
-1.82154	1.25426	5.14259	5.12715
-1.81365	1.25656	5.14095	5.12616
-1.80774	1.25821	5.1416	5.12682
-1.80544	1.26149	5.14292	5.12682
-1.78671	1.2858	5.1439	5.12485
-1.78376	1.2904	5.14259	5.12452
-1.77883	1.29697	5.14095	5.12452
-1.77456	1.3019	5.1416	5.12419
-1.77916	1.28712	5.14226	5.1255
-1.78113	1.27759	5.14259	5.12748
-1.78967	1.26609	5.14423	5.1278
-1.78014	1.28942	5.14423	5.12682
-1.78178	1.28383	5.14325	5.12616
-1.77751	1.29467	5.14226	5.12649
-1.77423	1.2904	5.14292	5.12649
-1.77751	1.28482	5.14325	5.12616
-1.77259	1.2858	5.14127	5.12616
-1.767	1.29402	5.14193	5.12518
-1.76404	1.30125	5.14325	5.1232
-1.77193	1.30026	5.14456	5.12386
-1.77587	1.29599	5.14325	5.12583
-1.76667	1.2835	5.14357	5.12649
-1.77718	1.29467	5.14193	5.12715
-1.78474	1.2904	5.14029	5.12748
-1.78244	1.2927	5.13996	5.12485
-1.78408	1.30125	5.14062	5.12452
-1.78934	1.29336	5.14226	5.12452
-1.79821	1.28975	5.14357	5.12419
-1.8038	1.2812	5.14423	5.12485
-1.81004	1.27956	5.14456	5.12386
-1.8199	1.27266	5.14456	5.12485
-1.83139	1.26872	5.14325	5.12518
-1.84519	1.25295	5.14062	5.1255
-1.86228	1.23028	5.13996	5.12616
-1.87246	1.21944	5.14095	5.12649
-1.89743	1.19907	5.14292	5.12813
-1.90597	1.20268	5.14423	5.12813
-1.90367	1.19578	5.14555	5.12518
-1.90827	1.1925	5.14686	5.12518
-1.91583	1.18067	5.14653	5.12386
-1.91583	1.18034	5.14423	5.12419
-1.9155	1.1856	5.14325	5.12616
-1.92043	1.17706	5.14357	5.1301
-1.92437	1.1741	5.14357	5.13076
-1.92963	1.1787	5.1439	5.12813
-1.9132	1.18428	5.14555	5.12485
-1.91681	1.17443	5.14489	5.12419
-1.91156	1.17771	5.14259	5.12353
-1.91254	1.17147	5.14193	5.12419
-1.9178	1.15997	5.14259	5.12649
-1.91813	1.16129	5.14259	5.12813
-1.91189	1.1672	5.14226	5.12813
-1.90893	1.16786	5.14292	5.12715
-1.89677	1.18067	5.14489	5.12583
-1.89152	1.17903	5.14456	5.12682
-1.88363	1.18757	5.14259	5.12879
-1.86885	1.19907	5.1416	5.1278
-1.86129	1.20005	5.14325	5.1255
-1.85505	1.21188	5.14489	5.12452
-1.85144	1.21484	5.14489	5.12452
-1.84946	1.2201	5.1439	5.12583
-1.83895	1.23061	5.14259	5.12748
-1.83304	1.22864	5.14292	5.12682
-1.83764	1.21977	5.14456	5.12715
-1.83895	1.22075	5.14325	5.1278
-1.82909	1.2178	5.14325	5.12715
-1.83107	1.2178	5.14456	5.12616
-1.83764	1.21155	5.14292	5.12518
-1.83271	1.21878	5.14193	5.12452
-1.82384	1.22568	5.1416	5.12485
-1.82318	1.22601	5.14325	5.1255
-1.82877	1.21254	5.14522	5.12616
-1.83304	1.19841	5.14653	5.12583
-1.84059	1.19184	5.14522	5.12649
-1.83731	1.19151	5.14127	5.12649
-1.83928	1.18757	5.13865	5.12715
-1.83238	1.18527	5.14029	5.12879
-1.83665	1.18626	5.14555	5.12748
-1.84256	1.19644	5.14916	5.12715
-1.84914	1.19611	5.14817	5.12682
-1.87476	1.1764	5.14456	5.1255
-1.8856	1.16194	5.1416	5.12748
-1.89447	1.1511	5.14062	5.12715
-1.90597	1.14617	5.14127	5.12715
-1.91911	1.13369	5.14423	5.12682
-1.92174	1.11956	5.14555	5.12649
-1.93291	1.11233	5.14587	5.12649
-1.94376	1.11365	5.14587	5.12748
-1.95723	1.10412	5.14522	5.12682
-1.9661	1.08539	5.14325	5.12485
-1.97727	1.07652	5.14423	5.1255
-1.98351	1.06371	5.14587	5.12485
-1.99205	1.06437	5.14653	5.12353
-2.00026	1.05812	5.14653	5.12386
-1.99895	1.05648	5.14587	5.12682
-2.00486	1.04958	5.14423	5.1301
-2.00421	1.044	5.14292	5.13142
-2.00519	1.03808	5.14292	5.12977
-2.01176	1.03447	5.14456	5.12879
-2.02063	1.01114	5.14522	5.12748
-2.01965	1.01607	5.14423	5.12583
-2.02556	0.997345	5.14226	5.12616
-2.03115	0.991102	5.14193	5.12682
-2.0249	0.998987	5.14259	5.12649
-2.02622	1.00457	5.1416	5.12616
-2.0249	1.0164	5.1416	5.12682
-2.01768	1.02626	5.14127	5.12715
-2.00815	1.03184	5.1439	5.12583
-1.99895	1.02757	5.1439	5.12353
-1.98778	1.0371	5.14325	5.12255
-1.98548	1.04433	5.14226	5.12386
-1.97562	1.0463	5.14325	5.1255
-1.97201	1.04301	5.1462	5.12485
-1.96347	1.0532	5.14686	5.12419
-1.95295	1.06732	5.14423	5.12386
-1.92996	1.10346	5.14259	5.12518
-1.91977	1.11956	5.14226	5.12682
-1.904	1.13402	5.1439	5.12879
-1.90203	1.13303	5.14489	5.1301
-1.90203	1.14552	5.14357	5.12813
-1.8902	1.15242	5.14193	5.12583
-1.89185	1.15669	5.1416	5.12419
-1.87673	1.15734	5.14226	5.12485
-1.87509	1.158	5.14292	5.12518
-1.86162	1.17246	5.1439	5.1255
-1.85275	1.19184	5.14423	5.1278
-1.83599	1.21155	5.14489	5.1278
-1.83698	1.20498	5.14587	5.12616
-1.83829	1.204	5.14522	5.1255
-1.84388	1.2155	5.14259	5.12452
-1.83632	1.22897	5.1416	5.1255
-1.84125	1.22207	5.14127	5.12715
-1.82679	1.23817	5.14095	5.12583
-1.82187	1.23981	5.1416	5.12419
-1.81891	1.24769	5.1416	5.1232
-1.81365	1.25591	5.14292	5.12222
-1.82088	1.24736	5.1439	5.1232
-1.81661	1.25558	5.14456	5.12419
-1.8153	1.25394	5.14587	5.12518
-1.81661	1.25755	5.1462	5.12518
-1.81924	1.25065	5.14555	5.12616
-1.83764	1.23587	5.14587	5.12616
-1.85275	1.21977	5.14522	5.12616
-1.85242	1.22831	5.14522	5.12748
-1.84979	1.23061	5.14423	5.12715
-1.84125	1.23192	5.14292	5.12583
-1.84256	1.2293	5.14062	5.12649
-1.84355	1.23488	5.14127	5.1255
-1.84684	1.22535	5.14193	5.12649
-1.85111	1.22502	5.14292	5.1278
-1.85932	1.22338	5.14226	5.12748
-1.84749	1.23751	5.14193	5.12616
-1.85144	1.24047	5.14357	5.1255
-1.85932	1.23258	5.14555	5.12419
-1.85045	1.24408	5.14522	5.12583
-1.85308	1.24704	5.1439	5.1255
-1.85735	1.227	5.14325	5.12583
-1.85341	1.21944	5.1439	5.12583
-1.84651	1.22732	5.14522	5.12649
-1.84454	1.2247	5.14489	5.12748
-1.84651	1.2201	5.14587	5.12846
-1.85308	1.20991	5.14686	5.12846
-1.84059	1.21681	5.1462	5.12748
-1.84486	1.22305	5.14357	5.12715
-1.84716	1.20433	5.14259	5.1255
-1.84125	1.20531	5.14325	5.1255
-1.82942	1.22404	5.14456	5.12583
-1.83961	1.22437	5.14423	5.12649
-1.84388	1.2132	5.14357	5.12682
-1.84026	1.2086	5.14259	5.12682
-1.83895	1.22042	5.14226	5.12649
-1.83139	1.2224	5.14193	5.12748
-1.81957	1.23324	5.14226	5.12813
-1.80971	1.23422	5.14259	5.12616
-1.80643	1.24835	5.14357	5.12583
-1.79066	1.26182	5.14456	5.12583
-1.79985	1.24605	5.14555	5.12616
-1.80445	1.24244	5.14522	5.12846
-1.79953	1.25131	5.14259	5.12748
-1.79098	1.25229	5.14062	5.12583
-1.78803	1.26018	5.14193	5.1278
-1.78507	1.27036	5.14357	5.12912
-1.77784	1.27759	5.14292	5.12649
-1.77259	1.28055	5.14325	5.12583
-1.78507	1.26313	5.14292	5.12616
-1.78211	1.25591	5.14292	5.12518
-1.76831	1.26051	5.14325	5.12452
-1.76667	1.27069	5.14489	5.12485
-1.77489	1.26215	5.14522	5.1255
-1.78343	1.25854	5.14423	5.12846
-1.77916	1.24934	5.14259	5.1301
-1.77686	1.24178	5.14226	5.12813
-1.77653	1.24934	5.14127	5.12649
-1.77587	1.24934	5.14062	5.12452
-1.7946	1.23817	5.14226	5.12419
-1.80643	1.24014	5.14193	5.12386
-1.81168	1.24079	5.14029	5.12189
-1.813	1.23948	5.14226	5.12255
-1.813	1.24868	5.14193	5.12353
-1.8222	1.24178	5.1416	5.12485
-1.82942	1.24277	5.1416	5.12419
-1.83008	1.23521	5.14292	5.12419
-1.83599	1.21944	5.14423	5.12419
-1.84618	1.20794	5.14325	5.1232
-1.86359	1.20367	5.14292	5.12288
-1.87148	1.19151	5.14357	5.12189
-1.8902	1.18034	5.14292	5.12452
-1.89283	1.16359	5.14555	5.12682
-1.904	1.16162	5.14686	5.12616
-1.91123	1.16129	5.14785	5.12485
-1.92109	1.14749	5.14719	5.12419
-1.92536	1.1304	5.14653	5.12419
-1.92174	1.12909	5.14555	5.12485
-1.92371	1.12055	5.14357	5.12583
-1.91484	1.12646	5.1416	5.12485
-1.92503	1.1235	5.14095	5.12485
-1.92043	1.13073	5.14226	5.12518
-1.91747	1.12712	5.14325	5.12682
-1.91517	1.12909	5.14456	5.1301
-1.91944	1.12876	5.14423	5.13043
-1.92404	1.13895	5.14489	5.12748
-1.91649	1.1396	5.14522	5.1255
-1.92536	1.1212	5.14785	5.1255
-1.9293	1.1258	5.14817	5.12288
-1.93784	1.11233	5.14653	5.12386
-1.93883	1.10905	5.14357	5.12616
-1.93324	1.12252	5.14357	5.12715
-1.92503	1.13008	5.14555	5.12715
-1.92601	1.13468	5.14719	5.12616
-1.91452	1.14026	5.14752	5.12715
-1.9063	1.135	5.14686	5.12912
-1.9132	1.12745	5.14456	5.12846
-1.89579	1.14157	5.14325	5.12616
-1.89316	1.13895	5.14423	5.12715
-1.88659	1.13599	5.14423	5.12682
-1.88725	1.14289	5.14456	5.12485
-1.8833	1.14946	5.14456	5.12452
-1.881	1.14913	5.14423	5.12353
-1.87838	1.16326	5.14489	5.12452
-1.87969	1.15866	5.14423	5.12682
-1.87082	1.15997	5.14259	5.12748
-1.87213	1.16983	5.14193	5.12583
-1.87345	1.15472	5.14456	5.12485
-1.88035	1.15964	5.14653	5.12485
-1.8718	1.17279	5.14555	5.12452
-1.8833	1.16227	5.1439	5.1255
-1.86885	1.15603	5.14226	5.12518
-1.87903	1.15176	5.14127	5.1255
-1.88429	1.13566	5.14226	5.12518
-1.88889	1.12252	5.14193	5.12518
-1.88462	1.13435	5.14226	5.12616
-1.88659	1.12548	5.1439	5.12748
-1.88462	1.11233	5.1439	5.12649
-1.8879	1.11792	5.14423	5.12649
-1.88659	1.1258	5.14423	5.12583
-1.88987	1.12778	5.1439	5.12583
-1.89349	1.12843	5.14292	5.1255
-1.90236	1.11463	5.14522	5.12485
-1.9017	1.12646	5.14456	5.12419
-1.91846	1.12022	5.14226	5.12452
-1.93094	1.11792	5.14095	5.12485
-1.93916	1.11529	5.14226	5.12419
-1.94408	1.11299	5.14292	5.12288
-1.94967	1.10675	5.14555	5.12419
-1.95591	1.10182	5.14653	5.12682
-1.96281	1.09492	5.14423	5.12879
-1.94901	1.11595	5.14193	5.13043
-1.94441	1.10839	5.1416	5.12945
-1.94901	1.11003	5.1439	5.1278
-1.94113	1.1235	5.14555	5.12715
-1.9546	1.09886	5.14653	5.12813
-1.94901	1.10182	5.14423	5.12912
-1.94376	1.11693	5.14292	5.1301
-1.9224	1.14387	5.14259	5.12879
-1.90992	1.15636	5.14325	5.12748
-1.91123	1.15636	5.14555	5.12649
-1.89875	1.17279	5.1462	5.12485
-1.8994	1.16851	5.14357	5.12419
-1.8879	1.18199	5.14127	5.12419
-1.89119	1.18034	5.14095	5.12682
-1.88133	1.17903	5.1416	5.12682
-1.87838	1.181	5.14193	5.12616
-1.86688	1.18823	5.14095	5.12419
-1.84848	1.20827	5.14095	5.12452
-1.83797	1.20137	5.14193	5.12616
-1.813	1.22207	5.14325	5.12813
-1.79887	1.22831	5.14325	5.13043
-1.78737	1.23882	5.14292	5.12945
-1.7762	1.24605	5.14423	5.12649
-1.7624	1.24835	5.14489	5.12452
-1.75583	1.25755	5.14456	5.12419
-1.7555	1.26773	5.14259	5.12485
-1.75123	1.26839	5.14193	5.12616
-1.73119	1.27923	5.14193	5.12485
-1.7417	1.27036	5.14193	5.12682
-1.73513	1.27332	5.14259	5.12813
-1.7279	1.28646	5.14423	5.12715
-1.71608	1.30125	5.14489	5.12715
-1.69834	1.31274	5.14489	5.12846
-1.69012	1.3134	5.14325	5.1301
-1.68914	1.31702	5.14292	5.12813
-1.69242	1.33049	5.14292	5.1278
-1.70031	1.33706	5.14357	5.12616
-1.70392	1.34166	5.14555	5.12583
-1.70852	1.33804	5.14456	5.12452
-1.71772	1.33739	5.1416	5.12353
-1.72889	1.31899	5.13996	5.12485
-1.71903	1.31767	5.13996	5.12748
-1.73349	1.30125	5.14193	5.12813
-1.744	1.30815	5.1439	5.12912
-1.75583	1.28482	5.14522	5.12813
-1.7693	1.28745	5.14522	5.12649
-1.77423	1.28088	5.14456	5.12485
-1.78967	1.27496	5.14325	5.1255
-1.78638	1.28515	5.14292	5.12649
-1.8015	1.28548	5.14325	5.12715
-1.80281	1.27661	5.14522	5.12583
-1.81431	1.28219	5.14555	5.12353
-1.82844	1.26609	5.14522	5.12189
-1.83369	1.25098	5.14357	5.12353
-1.84322	1.23981	5.14095	5.12518
-1.84585	1.22667	5.14193	5.12649
-1.85702	1.21418	5.14357	5.12649
-1.86425	1.19743	5.14357	5.12649
-1.84979	1.21681	5.14226	5.12583
-1.85768	1.21221	5.14193	5.1255
-1.85669	1.21451	5.13996	5.1255
-1.87115	1.20301	5.13897	5.1278
-1.87706	1.19874	5.14127	5.12846
-1.88593	1.18067	5.14587	5.12846
-1.8902	1.17706	5.14587	5.12649
-1.89513	1.17213	5.14456	5.12485
-1.88987	1.18001	5.14259	5.12419
-1.89546	1.16424	5.14127	5.12452
-1.89743	1.1557	5.14127	5.12616
-1.90104	1.15274	5.14357	5.12748
-1.90926	1.13895	5.14423	5.12649
-1.90827	1.1212	5.14522	5.12583
-1.91517	1.11266	5.14456	5.12583
-1.91222	1.11233	5.14325	5.12813
-1.90926	1.10051	5.14259	5.1278
-1.90597	1.11299	5.14292	5.12977
-1.89152	1.12219	5.14357	5.1301
-1.89217	1.12383	5.1439	5.12715
-1.88757	1.13303	5.14456	5.12485
-1.87805	1.13697	5.14423	5.12353
-1.88002	1.13073	5.14423	5.12353
-1.87443	1.12449	5.14292	5.12452
-1.87969	1.11595	5.1416	5.12715
-1.87838	1.12022	5.14193	5.12715
-1.88166	1.11956	5.14292	5.12616
-1.86983	1.13599	5.14259	5.12452
-1.86589	1.1396	5.14095	5.12386
-1.85801	1.1511	5.14095	5.12583
-1.86458	1.15669	5.14292	5.1278
-1.86721	1.15669	5.14226	5.12715
-1.87903	1.15143	5.14226	5.12649
-1.86458	1.16129	5.14522	5.12616
-1.86162	1.16326	5.14653	5.12583
-1.86523	1.16457	5.14555	5.12518
-1.87805	1.15702	5.14357	5.12583
-1.87706	1.15932	5.14259	5.1278
-1.88133	1.15964	5.1439	5.1278
-1.87542	1.16786	5.14522	5.12748
-1.87575	1.17443	5.14587	5.12682
-1.87246	1.1787	5.14587	5.12583
-1.87213	1.17739	5.14489	5.12485
-1.88757	1.1856	5.14325	5.12583
-1.89086	1.18593	5.14259	5.12813
-1.89447	1.1856	5.14423	5.12715
-1.89743	1.18757	5.14587	5.12583
-1.90433	1.18199	5.14587	5.12452
-1.91123	1.17607	5.14489	5.12353
-1.90597	1.18166	5.14423	5.12386
-1.89875	1.19086	5.14292	5.12518
-1.89973	1.18067	5.14292	5.12649
-1.89809	1.18166	5.14259	5.12583
-1.89349	1.18199	5.14226	5.12583
-1.90104	1.1718	5.14193	5.1255
-1.91714	1.1557	5.1416	5.12419
-1.92306	1.15997	5.14127	5.12419
-1.93258	1.15439	5.14095	5.1255
-1.94573	1.13829	5.1416	5.12583
-1.94441	1.14716	5.14292	5.12616
-1.95131	1.1442	5.14423	5.12583
-1.95328	1.14453	5.14423	5.1255
-1.95525	1.14519	5.14325	5.12419
-1.95098	1.1442	5.14292	5.12419
-1.93948	1.15077	5.14325	5.12452
-1.9454	1.13566	5.14292	5.12419
-1.93291	1.14946	5.14325	5.12419
-1.9293	1.14617	5.14423	5.12583
-1.92996	1.13927	5.14456	5.12813
-1.92503	1.14059	5.14489	5.12879
-1.92437	1.12318	5.14423	5.12649
-1.92109	1.12383	5.14259	5.12452
-1.90564	1.13008	5.14325	5.12353
-1.8902	1.14979	5.14522	5.12288
-1.87706	1.15866	5.14653	5.1209
-1.87279	1.15964	5.14522	5.11926
-1.8764	1.15636	5.14357	5.12123
-1.87148	1.15406	5.1439	5.12485
-1.85965	1.16194	5.14456	5.12813
-1.84684	1.16326	5.14456	5.12813
-1.83632	1.17574	5.14292	5.12518
-1.82647	1.1948	5.14193	5.12156
-1.81398	1.22174	5.1416	5.12255
-1.81168	1.22765	5.13996	5.1232
-1.81431	1.22371	5.13897	5.12386
-1.80347	1.23192	5.13996	5.12419
-1.78704	1.24835	5.14095	5.12518
-1.77686	1.26642	5.14357	5.12583
-1.76799	1.28942	5.14653	5.12748
-1.76569	1.29467	5.14817	5.12813
-1.75682	1.3019	5.1439	5.12649
-1.75156	1.28876	5.14259	5.12485
-1.74827	1.28515	5.14456	5.1255
-1.74926	1.29402	5.14456	5.1255
-1.74597	1.29139	5.14489	5.12616
-1.74433	1.29336	5.1439	5.12386
-1.74039	1.30847	5.14226	5.12485
-1.73973	1.30782	5.13996	5.12715
-1.73513	1.31373	5.13832	5.12616
-1.7463	1.29796	5.1393	5.12419
-1.75484	1.29763	5.14259	5.12288
-1.76897	1.29172	5.14423	5.12255
-1.77883	1.29435	5.14292	5.1232
-1.7831	1.29402	5.14029	5.12288
-1.78836	1.28909	5.13897	5.12386
-1.8015	1.28153	5.13996	5.12715
-1.80577	1.29336	5.14193	5.13076
-1.83008	1.27233	5.14423	5.12945
-1.83797	1.27529	5.14456	5.12583
-1.84914	1.26445	5.14489	5.12419
-1.85669	1.25525	5.14555	5.12353
-1.85538	1.25788	5.14522	5.12485
-1.85636	1.25492	5.14325	5.12649
-1.85373	1.24769	5.14259	5.12748
-1.86162	1.23127	5.1416	5.1278
-1.87312	1.22272	5.14193	5.12682
-1.88199	1.2155	5.14259	5.12518
-1.88298	1.2155	5.14259	5.12485
-1.88757	1.21057	5.14489	5.12616
-1.89973	1.19677	5.14357	5.12649
-1.90663	1.18856	5.14325	5.12649
-1.90302	1.19086	5.14226	5.1255
-1.90334	1.18888	5.14357	5.12353
-1.90729	1.18593	5.14489	5.12452
-1.90433	1.1764	5.14489	5.12419
-1.90597	1.17706	5.14489	5.1255
-1.90926	1.17509	5.14357	5.12715
-1.90466	1.181	5.14292	5.12748
-1.90203	1.17969	5.14423	5.12616
-1.90039	1.17739	5.14456	5.12583
-1.89677	1.19086	5.14423	5.12649
-1.8925	1.18199	5.14325	5.12715
-1.88922	1.1856	5.14193	5.12813
-1.89086	1.18888	5.14029	5.1278
-1.89119	1.19118	5.1416	5.1278
-1.88856	1.19644	5.14226	5.12715
-1.88692	1.19677	5.14226	5.12649
-1.88987	1.19973	5.1416	5.12616
-1.87969	1.1994	5.14095	5.1255
-1.87936	1.19151	5.13996	5.12452
-1.87608	1.18724	5.14127	5.12419
-1.86918	1.18954	5.14489	5.12419
-1.86852	1.20104	5.14752	5.12485
-1.86096	1.20958	5.1462	5.12452
-1.86096	1.21123	5.14522	5.12386
-1.85538	1.21123	5.14456	5.12616
-1.84026	1.21944	5.14423	5.12813
-1.83271	1.2178	5.14587	5.12879
-1.84158	1.22732	5.14587	5.12813
-1.83599	1.23488	5.14522	5.12682
-1.83632	1.23751	5.14423	5.12682
-1.82318	1.25656	5.1439	5.12616
-1.82482	1.26773	5.14456	5.1278
-1.83764	1.26675	5.14555	5.12715
-1.83205	1.26642	5.1439	5.12616
-1.83501	1.25886	5.14292	5.12682
-1.83271	1.26445	5.14423	5.12682
-1.83698	1.25295	5.14489	5.12518
-1.83139	1.26248	5.14325	5.12616
-1.83041	1.26543	5.14226	5.12748
-1.82909	1.27365	5.14292	5.12715
-1.82778	1.2812	5.14522	5.1278
-1.82647	1.28482	5.1462	5.1278
-1.83764	1.27266	5.14653	5.12649
-1.84454	1.27628	5.14423	5.12583
-1.83107	1.30223	5.14226	5.12715
-1.83797	1.30387	5.14193	5.12682
-1.83632	1.30125	5.14292	5.12748
-1.84026	1.2973	5.1439	5.12583
-1.84355	1.29435	5.14587	5.12485
-1.84848	1.29665	5.14522	5.1255
-1.84585	1.29993	5.14489	5.12386
-1.83435	1.31242	5.14357	5.12386
-1.84092	1.3019	5.14325	5.12419
-1.85012	1.28975	5.14226	5.12485
-1.86228	1.28252	5.14357	5.12419
-1.84946	1.29139	5.14555	5.12419
-1.84092	1.2904	5.14522	5.12386
-1.84026	1.28449	5.14456	5.12485
-1.84224	1.28318	5.14357	5.12583
-1.85144	1.26478	5.14127	5.1255
-1.84684	1.27233	5.1416	5.12583
-1.84256	1.28153	5.14325	5.12649
-1.83961	1.28745	5.14489	5.12485
-1.83402	1.28548	5.14489	5.12485
-1.83041	1.29862	5.14325	5.12682
-1.83567	1.28975	5.14226	5.12813
-1.83994	1.26905	5.14226	5.12879
-1.83928	1.26478	5.14259	5.12748
-1.84454	1.26971	5.14423	5.12583
-1.84158	1.26773	5.14587	5.12518
-1.84552	1.26675	5.14555	5.12583
-1.84749	1.25459	5.14456	5.12748
-1.84322	1.26412	5.14325	5.12846
-1.84289	1.26478	5.14193	5.12912
-1.83665	1.26445	5.1416	5.12813
-1.82417	1.27266	5.14423	5.12846
-1.81332	1.28318	5.14489	5.12748
-1.79558	1.2996	5.14325	5.12682
-1.79755	1.29435	5.14095	5.12649
-1.78967	1.29238	5.14029	5.12748
-1.78178	1.295	5.14062	5.12748
-1.76733	1.30223	5.14226	5.12715
-1.77324	1.29106	5.14259	5.12748
-1.77094	1.29796	5.14193	5.12748
-1.77653	1.28416	5.14193	5.12616
-1.77751	1.26938	5.14127	5.12386
-1.75879	1.2812	5.1416	5.12255
-1.76141	1.28252	5.14226	5.12419
-1.76437	1.28745	5.14423	5.12715
-1.76536	1.29106	5.1439	5.12616
-1.76864	1.28909	5.14292	5.12682
-1.78934	1.27102	5.14259	5.12715
-1.77784	1.27923	5.1416	5.12649
-1.7831	1.27496	5.14226	5.1278
-1.79591	1.27726	5.14325	5.12846
-1.77981	1.28876	5.14423	5.12748
-1.7739	1.2996	5.14357	5.12452
-1.76437	1.30617	5.14357	5.12189
-1.76667	1.30486	5.14259	5.12189
-1.77751	1.30683	5.14259	5.12386
-1.7647	1.31669	5.14127	5.12452
-1.76404	1.31439	5.14029	5.12452
-1.75879	1.31044	5.14127	5.12288
-1.76897	1.30223	5.1439	5.12189
-1.75222	1.3134	5.14587	5.12189
-1.76306	1.295	5.14522	5.12485
-1.77521	1.27365	5.14193	5.12616
-1.7785	1.27003	5.14029	5.12715
-1.78277	1.25821	5.14095	5.12813
-1.78901	1.25985	5.14357	5.12616
-1.78934	1.26478	5.1439	5.12616
-1.79066	1.26872	5.14325	5.12583
-1.79755	1.27661	5.14292	5.12682
-1.79657	1.27069	5.1416	5.1278
-1.7969	1.27792	5.14127	5.1278
-1.79854	1.28482	5.14292	5.12583
-1.78737	1.30289	5.14423	5.12583
-1.7946	1.30256	5.14522	5.12485
-1.79361	1.30453	5.14423	5.12386
-1.7923	1.29533	5.14357	5.12353
-1.77981	1.30387	5.14193	5.12386
-1.77718	1.30223	5.14127	5.12583
-1.77981	1.3134	5.14259	5.12748
-1.7762	1.3088	5.14489	5.12813
-1.76831	1.31373	5.14555	5.12846
-1.7808	1.30355	5.14456	5.1278
-1.77259	1.31307	5.1439	5.1255
-1.7624	1.31274	5.14259	5.12616
-1.77259	1.30387	5.14193	5.12715
-1.7785	1.29369	5.1439	5.1278
-1.78408	1.28252	5.14489	5.12682
-1.78737	1.2812	5.14456	5.12715
-1.78507	1.28909	5.14193	5.12649
-1.78146	1.30223	5.14095	5.12616
-1.77751	1.30552	5.14062	5.12682
-1.7739	1.30946	5.1416	5.12649
-1.767	1.29927	5.14259	5.12518
-1.77324	1.2835	5.14292	5.12419
-1.767	1.27365	5.14259	5.12386
-1.77784	1.25656	5.14127	5.1232
-1.77948	1.24375	5.14456	5.12649
-1.77554	1.25098	5.14587	5.12813
-1.77718	1.24901	5.14555	5.1278
-1.77061	1.24408	5.14522	5.12813
-1.76831	1.25821	5.14653	5.1278
-1.77521	1.25919	5.14456	5.12813
-1.77751	1.26084	5.14292	5.12977
-1.76667	1.26806	5.14259	5.12945
-1.76831	1.27036	5.1439	5.12813
-1.77423	1.26116	5.14456	5.12452
-1.76503	1.25098	5.14456	5.12255
-1.77324	1.24277	5.14522	5.12288
-1.78244	1.23619	5.1439	5.1232
-1.77226	1.24736	5.14193	5.12419
-1.78178	1.25492	5.14127	5.12583
-1.78638	1.25755	5.14062	5.12583
-1.81004	1.24605	5.14127	5.12386
-1.8222	1.2247	5.1439	5.12222
-1.84191	1.21418	5.14489	5.1209
-1.83829	1.20728	5.14456	5.12156
-1.86425	1.18231	5.14259	5.12353
-1.88002	1.17377	5.1416	5.12583
-1.88133	1.18199	5.14292	5.12748
-1.88068	1.17541	5.1439	5.12748
-1.89283	1.15734	5.14653	5.12419
-1.89875	1.14617	5.14587	5.12255
-1.9132	1.13665	5.14292	5.12386
-1.90597	1.14453	5.1416	5.12419
-1.90696	1.14683	5.14292	5.12518
-1.90926	1.15406	5.14456	5.12518
-1.92864	1.13073	5.14456	5.12452
-1.9339	1.12909	5.14292	5.12419
-1.93423	1.11726	5.14226	5.12518
-1.94803	1.09229	5.14325	5.12616
-1.95263	1.08868	5.14193	5.12682
-1.95591	1.08441	5.14357	5.12518
-1.95657	1.08211	5.14259	5.1232
-1.96314	1.07192	5.14226	5.12255
-1.96807	1.06141	5.14357	5.12386
-1.98482	1.02856	5.1439	5.12419
-1.97792	1.03316	5.14259	5.12485
-1.98154	1.0256	5.14127	5.12518
-1.98417	1.03086	5.14226	5.12649
-1.98745	1.021	5.14357	5.12682
-1.97628	1.02691	5.14555	5.12583
-1.98187	1.00654	5.1462	5.12518
-1.98844	0.99833	5.14522	5.1255
-1.99402	0.999973	5.14423	5.12715
-1.99304	0.998002	5.14357	5.12879
-1.99107	0.998987	5.14357	5.12879
-1.98515	1.0026	5.14226	5.12813
-1.97891	1.0187	5.14226	5.12748
-1.96281	1.04104	5.14259	5.12748
-1.96248	1.04728	5.1439	5.12748
-1.94934	1.06075	5.14456	5.12715
-1.9523	1.07422	5.14522	5.12748
-1.95164	1.07652	5.14456	5.12682
-1.94803	1.07389	5.1439	5.1255
-1.94408	1.07028	5.14587	5.1255
-1.92799	1.07455	5.14555	5.12583
-1.92404	1.07127	5.14423	5.12583
-1.91484	1.09229	5.14325	5.12682
-1.91024	1.10084	5.14423	5.12649
-1.89316	1.11201	5.14522	5.12616
-1.89513	1.11233	5.14587	5.12649
-1.89053	1.1235	5.14456	5.12649
-1.88068	1.13468	5.14292	5.12616
-1.87115	1.14519	5.14226	5.12649
-1.8695	1.15242	5.14193	5.12616
-1.86589	1.15537	5.14193	5.12682
-1.86523	1.1695	5.14259	5.12715
-1.86425	1.17771	5.1439	5.12583
-1.86523	1.16851	5.14357	5.12452
-1.87476	1.16359	5.14292	5.12485
-1.87575	1.16359	5.14226	5.12649
-1.87739	1.16096	5.14127	5.12879
-1.8718	1.1649	5.1393	5.12649
-1.86392	1.16884	5.14095	5.12649
-1.86195	1.1672	5.14587	5.12649
-1.87082	1.16687	5.14785	5.12715
-1.86819	1.17311	5.14719	5.12715
-1.87148	1.17311	5.1439	5.12682
-1.86458	1.17344	5.14095	5.1278
-1.86326	1.17344	5.13865	5.12715
-1.86096	1.181	5.13996	5.12682
-1.86983	1.1718	5.14259	5.12813
-1.8787	1.18001	5.14259	5.12945
-1.87509	1.19578	5.14456	5.12945
-1.87378	1.21385	5.14555	5.1278
-1.86622	1.21911	5.14292	5.12616
-1.87443	1.20728	5.14062	5.12649
-1.86786	1.20465	5.14062	5.12682
-1.87049	1.1948	5.14292	5.12649
-1.87279	1.18856	5.14325	5.12583
-1.86458	1.19808	5.14292	5.12583
-1.86392	1.19151	5.14259	5.12616
-1.86096	1.20433	5.14292	5.12649
-1.87312	1.18757	5.14423	5.12616
-1.86819	1.19217	5.14522	5.12386
-1.85373	1.19907	5.14489	5.12485
-1.85998	1.19447	5.14456	5.1255
-1.85341	1.1856	5.14555	5.12518
-1.83665	1.21221	5.14522	5.12682
-1.83665	1.22042	5.14522	5.12748
-1.82909	1.23521	5.14423	5.1255
-1.82055	1.24375	5.14522	5.12452
-1.81168	1.24736	5.14555	5.12222
-1.80675	1.26281	5.14522	5.12255
-1.80117	1.25722	5.14259	5.1255
-1.80248	1.25558	5.14127	5.1278
-1.78901	1.27299	5.13996	5.12846
-1.7808	1.26182	5.1416	5.1278
-1.77226	1.26511	5.14325	5.12649
-1.75977	1.27693	5.1439	5.12485
-1.767	1.28679	5.14193	5.12518
-1.75386	1.30552	5.14127	5.12518
-1.75714	1.30552	5.14357	5.12616
-1.75846	1.29139	5.14587	5.12649
-1.74663	1.295	5.14752	5.1255
-1.73973	1.30157	5.14653	5.12452
-1.73809	1.31044	5.14555	5.12518
-1.73809	1.31767	5.1439	5.12583
-1.73546	1.31866	5.14292	5.12649
-1.7417	1.3111	5.14325	5.1255
-1.74137	1.32753	5.14423	5.12518
-1.75846	1.31373	5.14489	5.12518
-1.78014	1.28876	5.14292	5.12715
-1.78408	1.28975	5.14292	5.12813
-1.78803	1.2973	5.14259	5.12748
-1.80281	1.28383	5.14029	5.12682
-1.8176	1.27299	5.13865	5.12583
-1.81497	1.27036	5.13832	5.1255
-1.81661	1.27069	5.14127	5.12485
-1.82088	1.25328	5.14423	5.12616
-1.82384	1.25525	5.14555	5.1278
-1.83074	1.24999	5.14456	5.12879
-1.82909	1.24408	5.14423	5.12813
-1.83599	1.24539	5.14423	5.12879
-1.84355	1.23685	5.14653	5.12977
-1.84125	1.24047	5.14785	5.12813
-1.85373	1.23028	5.14785	5.1255
-1.85012	1.22798	5.14489	5.12288
-1.85209	1.22371	5.14193	5.12353
-1.84782	1.22141	5.14226	5.12715
-1.85111	1.21024	5.14292	5.1278
-1.85735	1.19874	5.14489	5.12616
-1.86556	1.2017	5.14587	5.12485
-1.86753	1.20334	5.14423	5.12353
-1.87115	1.19677	5.14226	5.12353
-1.87049	1.19973	5.14095	5.12452
-1.86786	1.21287	5.14062	5.12452
-1.87213	1.21287	5.14095	5.12616
-1.881	1.21188	5.1416	5.1278
-1.88626	1.20203	5.14357	5.12583
-1.89447	1.19184	5.14489	5.1232
-1.89645	1.19447	5.14193	5.12419
-1.90137	1.19118	5.14127	5.1255
-1.89842	1.19381	5.14127	5.12616
-1.90926	1.1856	5.1416	5.12649
-1.91254	1.16063	5.14325	5.12583
-1.90696	1.16753	5.14489	5.1255
-1.90302	1.15997	5.14555	5.12583
-1.90269	1.16227	5.1439	5.12748
-1.8925	1.16687	5.14193	5.12879
-1.88593	1.17739	5.1416	5.12879
-1.89185	1.18297	5.14259	5.12682
-1.88856	1.17969	5.14325	5.12583
-1.8833	1.18297	5.14325	5.12813
-1.86622	1.204	5.1439	5.12748
-1.86228	1.19973	5.14456	5.1278
-1.86852	1.19447	5.1439	5.1278
-1.88199	1.1902	5.14193	5.12649
-1.88626	1.18888	5.14062	5.12649
-1.89809	1.18626	5.14029	5.12649
-1.88692	1.19118	5.1416	5.12616
-1.8856	1.18888	5.14357	5.12616
-1.88462	1.19381	5.14423	5.12846
-1.89415	1.18363	5.14357	5.12846
-1.8856	1.19513	5.14423	5.1278
-1.89119	1.18888	5.14522	5.12846
-1.89086	1.18067	5.14555	5.12616
-1.89973	1.1787	5.14522	5.12353
-1.90794	1.16884	5.1439	5.12353
-1.90203	1.16523	5.1416	5.12452
-1.91747	1.1488	5.1416	5.12682
-1.9086	1.15472	5.14325	5.12682
-1.8994	1.17246	5.14522	5.12583
-1.90104	1.16194	5.14653	5.1255
-1.91222	1.14683	5.14653	5.12452
-1.91879	1.14519	5.14555	5.1255
-1.91517	1.14387	5.14292	5.12452
-1.904	1.15702	5.14029	5.12452
-1.90367	1.14847	5.13832	5.12583
-1.90564	1.1557	5.14029	5.12649
-1.91156	1.1603	5.14292	5.12649
-1.90367	1.16457	5.14357	5.12518
-1.90466	1.16884	5.1439	5.1232
-1.91254	1.1649	5.14226	5.12222
-1.92043	1.15734	5.14357	5.12353
-1.91649	1.16063	5.1439	5.12518
-1.93029	1.14552	5.14357	5.12518
-1.93456	1.13665	5.14325	5.12616
-1.9408	1.13008	5.1439	5.12649
-1.94868	1.11792	5.14292	5.12649
-1.95197	1.11233	5.14357	5.1255
-1.95854	1.11431	5.14423	5.12583
-1.95558	1.11726	5.14325	5.1255
-1.95657	1.11266	5.14259	5.1255
-1.96051	1.10609	5.14292	5.12518
-1.95854	1.10281	5.14357	5.12616
-1.96215	1.09394	5.14259	5.12682
-1.95755	1.10379	5.14193	5.12748
-1.9546	1.09426	5.14127	5.12748
-1.95	1.09492	5.14029	5.12649
-1.9431	1.10314	5.14226	5.12649
-1.93521	1.10806	5.1462	5.12518
-1.94343	1.09098	5.14949	5.12452
-1.94014	1.09919	5.1485	5.12485
-1.93883	1.09952	5.14653	5.12583
-1.91944	1.1212	5.14456	5.1278
-1.91517	1.1304	5.14522	5.12682
-1.91747	1.12712	5.1462	5.12616
-1.90269	1.15012	5.14489	5.12583
-1.89316	1.15045	5.1416	5.1255
-1.89316	1.15439	5.14193	5.1255
-1.8764	1.16851	5.14226	5.12715
-1.86491	1.17311	5.14259	5.1278
-1.87082	1.17344	5.14489	5.12682
-1.85373	1.18527	5.14686	5.1255
-1.84388	1.18856	5.14653	5.12518
-1.83665	1.18264	5.14456	5.12353
-1.83698	1.1695	5.14357	5.12485
-1.82975	1.17969	5.14226	5.12682
-1.81957	1.19217	5.14062	5.1255
-1.81398	1.20334	5.14029	5.12419
-1.81037	1.21977	5.14062	5.12353
-1.80643	1.22371	5.14292	5.12353
-1.80314	1.22108	5.14357	5.12353
-1.80314	1.22075	5.14325	5.12518
-1.8038	1.23094	5.14325	5.12649
-1.80478	1.24112	5.14226	5.12583
-1.79525	1.24934	5.1439	5.12518
-1.80084	1.24802	5.14456	5.12419
-1.79295	1.24704	5.14423	5.12518
-1.79066	1.26281	5.14226	5.12452
-1.7877	1.25919	5.14127	5.12485
-1.7969	1.24408	5.1416	5.12682
-1.7969	1.24868	5.14357	5.12649
-1.78934	1.25919	5.14456	5.12583
-1.78671	1.27463	5.14522	5.1278
-1.80544	1.25295	5.14522	5.12813
-1.80905	1.23554	5.14555	5.12846
-1.82121	1.23357	5.14456	5.12879
-1.82942	1.22272	5.14325	5.12649
-1.82712	1.23324	5.14193	5.1255
-1.83304	1.23291	5.14325	5.12518
-1.82975	1.22897	5.14489	5.12419
-1.83008	1.23192	5.14489	5.1255
-1.83665	1.22831	5.14325	5.1278
-1.84191	1.227	5.14325	5.12649
-1.85735	1.21451	5.14292	5.12518
-1.87082	1.19546	5.1439	5.12386
-1.86721	1.1948	5.14522	5.1232
-1.88462	1.17574	5.14226	5.12452
-1.8856	1.1672	5.1416	5.12616
-1.8994	1.17509	5.14226	5.12715
-1.91123	1.15866	5.1439	5.12616
-1.91714	1.15964	5.14555	5.12485
-1.90663	1.15866	5.14555	5.12419
-1.90203	1.16359	5.14423	5.12386
-1.89809	1.15767	5.1439	5.12419
-1.89053	1.16194	5.14226	5.1255
-1.88232	1.16622	5.14226	5.12682
-1.86589	1.17509	5.14259	5.12715
-1.86523	1.17804	5.14357	5.12748
-1.85373	1.17969	5.14522	5.12518
-1.85439	1.18199	5.14555	5.12353
-1.84815	1.18363	5.14555	5.12288
-1.84486	1.19776	5.14423	5.12485
-1.83008	1.22404	5.14292	5.12616
-1.82088	1.2224	5.1416	5.12583
-1.81924	1.21977	5.13963	5.12419
-1.80938	1.22535	5.1416	5.1232
-1.8153	1.21911	5.14226	5.12386
-1.81727	1.21714	5.14259	5.12419
-1.81957	1.20761	5.13996	5.12452
-1.82942	1.20531	5.13667	5.12583
-1.82449	1.21911	5.13667	5.12813
-1.81891	1.23028	5.14095	5.12649
-1.81858	1.24671	5.1439	5.12518
-1.81825	1.22897	5.14489	5.12649
-1.8084	1.22995	5.14456	5.12715
-1.8199	1.22667	5.14292	5.1278
-1.81694	1.22897	5.14423	5.12846
-1.81661	1.23915	5.14456	5.12748
-1.79591	1.24835	5.14325	5.12616
-1.80051	1.24244	5.14193	5.12583
-1.80281	1.24605	5.1416	5.12518
-1.80347	1.24342	5.14325	5.1255
-1.80347	1.24408	5.1439	5.12715
-1.81727	1.24671	5.14522	5.12649
-1.82548	1.24277	5.14456	5.1255
-1.83435	1.23455	5.14423	5.1232
-1.83337	1.24244	5.14456	5.12255
-1.84848	1.22995	5.14522	5.1232
-1.85373	1.22338	5.14456	5.12583
-1.85406	1.23455	5.14292	5.12879
-1.85144	1.23127	5.14062	5.12977
-1.85965	1.2247	5.1416	5.12715
-1.85899	1.22864	5.14127	5.12452
-1.85866	1.23028	5.14193	5.12386
-1.86523	1.22207	5.14193	5.12452
-1.85012	1.23488	5.14095	5.1255
-1.85078	1.24605	5.1393	5.12813
-1.84848	1.25788	5.14062	5.12977
-1.85571	1.25164	5.14292	5.12846
-1.85866	1.24999	5.14456	5.12649
-1.86195	1.24605	5.14653	5.12452
-1.86326	1.23127	5.14489	5.12353
-1.86326	1.24277	5.14226	5.12485
-1.8741	1.23324	5.14127	5.1255
-1.87345	1.22371	5.14127	5.1255
-1.87049	1.22371	5.14259	5.12616
-1.87213	1.22732	5.1439	5.1255
-1.87082	1.21977	5.14555	5.12353
-1.87345	1.2201	5.14555	5.12386
-1.88363	1.1971	5.14325	5.12518
-1.88199	1.19841	5.14095	5.12583
-1.8879	1.18856	5.14062	5.12682
-1.89119	1.18034	5.14029	5.1278
-1.88889	1.19053	5.14062	5.12649
-1.88955	1.19217	5.14325	5.12452
-1.88396	1.19316	5.14489	5.12386
-1.8971	1.18001	5.14423	5.1255
-1.89086	1.1649	5.14325	5.12649
-1.88002	1.17443	5.14193	5.12583
-1.88429	1.17443	5.1416	5.12386
-1.87706	1.16983	5.14226	5.12353
-1.87443	1.16753	5.1439	5.12518
-1.88495	1.15439	5.14456	5.12616
-1.87969	1.14585	5.1416	5.12583
-1.87443	1.13533	5.14127	5.12616
-1.86852	1.14387	5.14292	5.12649
-1.8695	1.14519	5.1439	5.1255
-1.87345	1.14026	5.14423	5.12386
-1.86063	1.15307	5.14489	5.12255
-1.86096	1.14683	5.14423	5.12156
-1.85176	1.15143	5.1439	5.12353
-1.85111	1.16819	5.14226	5.12682
-1.84256	1.18494	5.14029	5.12879
-1.83829	1.1948	5.14193	5.12616
-1.83501	1.20958	5.14489	5.12189
-1.82778	1.20498	5.14719	5.12058
-1.82482	1.20465	5.14719	5.1232
-1.82877	1.20268	5.14489	5.12879
-1.81365	1.22338	5.14489	5.12945
-1.81464	1.2132	5.14522	5.12748
-1.81562	1.21451	5.14522	5.12583
-1.8153	1.22437	5.1439	5.12616
-1.81102	1.23882	5.1439	5.12616
-1.80445	1.24474	5.14292	5.12748
-1.81628	1.23159	5.14357	5.12813
-1.8107	1.25262	5.14653	5.12846
-1.82318	1.25262	5.14555	5.1278
-1.83731	1.23488	5.14423	5.12583
-1.83994	1.23028	5.14325	5.12485
-1.82548	1.23718	5.14423	5.1255
-1.83304	1.23324	5.14456	5.1278
-1.83074	1.24539	5.14456	5.1278
-1.82712	1.26445	5.14423	5.1278
-1.82252	1.26543	5.14259	5.12649
-1.82548	1.26938	5.14193	5.12715
-1.82515	1.26905	5.14095	5.12715
-1.82548	1.26018	5.13996	5.1255
-1.81924	1.26412	5.13996	5.12386
-1.80643	1.28318	5.13963	5.12353
-1.80183	1.28449	5.14193	5.1232
-1.80643	1.28022	5.14522	5.12419
-1.80281	1.26872	5.14719	5.12518
-1.81365	1.26116	5.14719	5.12485
-1.80971	1.26182	5.14522	5.12353
-1.80314	1.24736	5.14127	5.1255
-1.80281	1.24539	5.13963	5.12715
-1.78967	1.25229	5.14193	5.12649
-1.78737	1.25722	5.14522	5.12518
-1.78671	1.25689	5.14456	5.12452
-1.79	1.24047	5.14226	5.12583
-1.79887	1.21812	5.14193	5.12583
-1.80314	1.21254	5.14029	5.12813
-1.79821	1.21287	5.13996	5.1278
-1.80643	1.21517	5.14029	5.12583
-1.80511	1.22897	5.14226	5.1232
-1.79723	1.23784	5.14193	5.12255
-1.80018	1.23488	5.14127	5.12518
-1.78343	1.23685	5.14292	5.12715
-1.78737	1.23291	5.14555	5.12813
-1.78146	1.24441	5.14489	5.12846
-1.77094	1.25361	5.14456	5.12715
-1.75484	1.27759	5.14555	5.1255
-1.7578	1.28646	5.14522	5.12485
-1.74597	1.28745	5.14423	5.12583
-1.75057	1.27266	5.14292	5.12649
-1.75977	1.25919	5.14259	5.12715
-1.75977	1.26379	5.14489	5.12682
-1.76503	1.24999	5.14653	5.12715
-1.76963	1.24802	5.1462	5.12649
-1.78014	1.23849	5.1462	5.12518
-1.77094	1.25985	5.14423	5.12518
-1.77653	1.25229	5.14325	5.12616
-1.75714	1.26215	5.14423	5.12649
-1.77489	1.24408	5.14489	5.12813
-1.78376	1.24507	5.14587	5.12715
-1.80248	1.23455	5.14686	5.12485
-1.79854	1.25492	5.14719	5.12288
-1.80051	1.24868	5.14719	5.12123
-1.8038	1.24966	5.14522	5.12353
-1.7992	1.25328	5.14423	5.12583
-1.80544	1.24507	5.14292	5.12813
-1.80445	1.25098	5.1439	5.12879
-1.81924	1.24047	5.14489	5.12616
-1.83139	1.23094	5.14456	5.12419
-1.84552	1.22667	5.14456	5.12419
-1.85735	1.22535	5.14423	5.12583
-1.86129	1.22765	5.14325	5.12616
-1.86918	1.22141	5.14325	5.12583
-1.87706	1.21582	5.14423	5.12518
-1.88166	1.20794	5.14489	5.1255
-1.89185	1.19151	5.14292	5.12452
-1.90367	1.1787	5.14193	5.12452
-1.90532	1.17049	5.14357	5.1255
-1.90696	1.17311	5.14357	5.12715
-1.90794	1.16884	5.14555	5.12748
-1.89677	1.17081	5.14719	5.12682
-1.90532	1.16194	5.14653	5.12583
-1.9086	1.16917	5.14292	5.12485
-1.92043	1.15307	5.14193	5.12616
-1.91254	1.1649	5.14357	5.12813
-1.90597	1.15932	5.14456	5.12945
-1.9086	1.1649	5.14456	5.12813
-1.90203	1.17311	5.14555	5.12616
-1.904	1.17574	5.14587	5.12419
-1.90696	1.17246	5.14489	5.12452
-1.9109	1.16917	5.14325	5.12715
-1.91156	1.16589	5.14226	5.12682
-1.90137	1.18001	5.14259	5.12518
-1.89119	1.17706	5.14259	5.12419
-1.89152	1.18297	5.14259	5.12353
-1.88462	1.18823	5.14357	5.12419
-1.88593	1.17541	5.1439	5.12386
-1.87838	1.17903	5.1439	5.12353
-1.87016	1.1833	5.14423	5.12353
-1.86852	1.18297	5.14456	5.12518
-1.86228	1.18724	5.14489	5.12682
-1.85833	1.18987	5.14325	5.12748
-1.86852	1.17706	5.14325	5.1255
-1.85866	1.17804	5.14357	5.12452
-1.86392	1.18297	5.14423	5.12518
-1.86556	1.18461	5.14522	5.1255
-1.86622	1.18888	5.14456	5.1255
-1.86819	1.18428	5.14555	5.12583
-1.86655	1.18494	5.14587	5.12682
-1.86195	1.18757	5.14555	5.12682
-1.87213	1.18363	5.14522	5.12649
-1.88232	1.16786	5.14456	5.1278
-1.88725	1.16983	5.14456	5.12518
-1.89119	1.15636	5.14587	5.12189
-1.87838	1.18133	5.14752	5.1209
-1.88133	1.19151	5.14653	5.12222
-1.87345	1.1948	5.14456	5.1232
-1.8787	1.2017	5.14259	5.12485
-1.86819	1.20695	5.14522	5.12583
-1.87016	1.21451	5.14587	5.12715
-1.86622	1.23981	5.14587	5.12748
-1.85603	1.24079	5.14489	5.12649
-1.86063	1.24638	5.14456	5.12485
-1.85768	1.25656	5.14127	5.12485
-1.86392	1.25656	5.1393	5.1255
-1.86359	1.26084	5.13963	5.12616
-1.85866	1.27069	5.1416	5.12616
-1.85472	1.26412	5.14292	5.12485
-1.85702	1.27233	5.14292	5.12288
-1.85505	1.28548	5.14127	5.12156
-1.85242	1.28712	5.14127	5.12288
-1.83895	1.28942	5.14062	5.12518
-1.83632	1.29073	5.14029	5.12583
-1.82844	1.29632	5.14193	5.12518
-1.82384	1.30782	5.14292	5.12419
-1.83764	1.28646	5.14292	5.12419
-1.83304	1.27825	5.14292	5.12583
-1.83369	1.27069	5.14456	5.12748
-1.83172	1.27102	5.14587	5.1255
-1.82482	1.27201	5.14587	5.12419
-1.83501	1.26051	5.14587	5.12452
-1.8199	1.27463	5.14587	5.1232
-1.82712	1.26576	5.14587	5.12288
-1.82811	1.25591	5.1439	5.12419
-1.83172	1.25558	5.1416	5.12583
-1.83599	1.25229	5.14062	5.12649
-1.83698	1.24835	5.14193	5.12715
-1.85012	1.23225	5.14423	5.12715
-1.85571	1.21747	5.14423	5.1278
-1.84881	1.2201	5.1439	5.12813
-1.86031	1.21747	5.1439	5.12912
-1.85965	1.21254	5.14489	5.13076
-1.85965	1.21287	5.14325	5.13076
-1.85768	1.20794	5.14423	5.1301
-1.85702	1.22108	5.14423	5.1301
-1.85669	1.2086	5.1439	5.12879
-1.86063	1.1971	5.1439	5.12682
-1.84848	1.20925	5.14292	5.12649
-1.84355	1.21681	5.14357	5.12616
-1.84651	1.21353	5.14259	5.12583
-1.84618	1.2178	5.14325	5.12485
-1.84322	1.22042	5.14456	5.12452
-1.83665	1.23389	5.14456	5.12419
-1.84224	1.23324	5.14522	5.1255
-1.85111	1.22831	5.1439	5.12813
-1.84651	1.22962	5.14259	5.13109
-1.86162	1.22798	5.14292	5.13043
-1.85373	1.23685	5.14522	5.12682
-1.83731	1.25328	5.14686	5.1232
-1.82778	1.26609	5.14719	5.12156
-1.82778	1.26675	5.14555	5.12386
-1.82088	1.27956	5.14423	5.12748
-1.82778	1.27825	5.14325	5.12977
-1.83567	1.27069	5.14292	5.1278
-1.83599	1.26806	5.14325	5.12518
-1.84519	1.25624	5.14292	5.12255
-1.84585	1.26182	5.14193	5.12189
-1.84026	1.26773	5.14325	5.1232
-1.85012	1.25492	5.14423	5.1255
-1.84486	1.25952	5.14555	5.12748
-1.85012	1.25361	5.14489	5.12748
-1.84979	1.25394	5.14259	5.12748
-1.84881	1.25722	5.14226	5.12682
-1.84026	1.25426	5.1439	5.12419
-1.84552	1.25689	5.1462	5.12386
-1.85373	1.24934	5.14522	5.12485
-1.85341	1.25262	5.14325	5.12485
-1.85702	1.25131	5.14325	5.12518
-1.86326	1.23915	5.14423	5.12485
-1.86819	1.24704	5.14456	5.1232
-1.87673	1.24671	5.14325	5.1232
-1.88002	1.24441	5.14259	5.12353
-1.8856	1.22535	5.1416	5.1255
-1.88922	1.22371	5.14095	5.12748
-1.89875	1.20893	5.14226	5.1278
-1.89579	1.21287	5.1439	5.12682
-1.89415	1.2132	5.14357	5.12616
-1.89907	1.21648	5.14226	5.12583
-1.89907	1.21221	5.14226	5.1255
-1.90137	1.21254	5.14193	5.12485
-1.90499	1.21484	5.14292	5.12485
-1.89809	1.21451	5.1439	5.12452
-1.88626	1.21977	5.14587	5.12583
-1.89382	1.21944	5.14653	5.12649
-1.88068	1.22272	5.14587	5.12682
-1.88265	1.21944	5.14555	5.1278
-1.87509	1.23061	5.14522	5.12813
-1.87739	1.22864	5.1439	5.12748
-1.87115	1.23849	5.14489	5.12682
-1.85735	1.24375	5.14686	5.12649
-1.86359	1.23192	5.14719	5.12518
-1.86162	1.22141	5.14587	5.12452
-1.86655	1.204	5.14555	5.12649
-1.85045	1.21517	5.14719	5.12682
-1.84158	1.22042	5.14752	5.12748
-1.84256	1.21977	5.14785	5.1278
-1.85012	1.23061	5.14587	5.12715
-1.84716	1.24507	5.1439	5.12715
-1.85735	1.24047	5.14226	5.12715
-1.85571	1.23882	5.14095	5.12682
-1.85866	1.23422	5.14127	5.12616
-1.85406	1.24047	5.14292	5.12419
-1.85144	1.23817	5.14489	5.12386
-1.86622	1.23127	5.14587	5.12485
-1.8695	1.22995	5.14325	5.12649
-1.87016	1.23455	5.1416	5.12682
-1.87246	1.22108	5.14127	5.12649
-1.87345	1.22502	5.14226	5.12616
-1.87509	1.20761	5.14292	5.12518
-1.87542	1.20564	5.14325	5.12452
-1.89152	1.19381	5.14357	5.12419
-1.90499	1.1741	5.14325	5.12485
-1.89645	1.1741	5.14292	5.12419
-1.89415	1.17673	5.14292	5.1255
-1.8948	1.19316	5.14259	5.12649
-1.89217	1.19053	5.14325	5.12682
-1.90104	1.17541	5.14456	5.12682
-1.90926	1.17607	5.14555	5.12583
-1.91156	1.17936	5.14522	5.12518
-1.90729	1.1833	5.14226	5.12616
-1.91977	1.17213	5.14029	5.12715
-1.91452	1.17673	5.1393	5.12879
-1.90729	1.17804	5.14259	5.12846
-1.91123	1.17574	5.14522	5.12715
-1.91222	1.17377	5.1439	5.12649
-1.91583	1.17377	5.14062	5.12748
-1.91977	1.1741	5.13799	5.12846
-1.92799	1.16326	5.13832	5.12879
-1.92141	1.16786	5.14062	5.12846
-1.93357	1.15833	5.14456	5.12748
-1.93291	1.15603	5.14785	5.12682
-1.92766	1.16392	5.14883	5.12715
-1.93686	1.14979	5.1462	5.12583
-1.93653	1.1488	5.14259	5.12485
-1.92897	1.15767	5.14226	5.12583
-1.93324	1.1626	5.1439	5.1255
-1.92766	1.16359	5.14423	5.12518
-1.93653	1.14026	5.14489	5.12419
-1.92897	1.14683	5.14357	5.12156
-1.92339	1.13796	5.14193	5.12222
-1.9132	1.1465	5.14127	5.12452
-1.92437	1.14355	5.14062	5.12583
-1.93193	1.14125	5.1416	5.12518
-1.94441	1.13238	5.1439	5.12419
-1.93653	1.12449	5.14555	5.12485
-1.93357	1.1281	5.14456	5.12748
-1.92963	1.11956	5.14456	5.12846
-1.93653	1.11069	5.14555	5.1278
-1.94507	1.09722	5.14522	5.12583
-1.93686	1.10839	5.14522	5.12419
-1.92634	1.11398	5.14489	5.12353
-1.93258	1.10346	5.14686	5.1232
-1.93488	1.10478	5.14653	5.12386
-1.92864	1.10741	5.14555	5.12518
-1.92043	1.11989	5.14423	5.12748
-1.9224	1.11496	5.14489	5.12945
-1.91254	1.12186	5.14587	5.12912
-1.90499	1.12745	5.1462	5.1278
-1.91452	1.12482	5.14587	5.1278
-1.90992	1.1258	5.14489	5.12682
-1.9109	1.11891	5.14325	5.12748
-1.91123	1.11562	5.14325	5.12912
-1.89546	1.12942	5.14357	5.12715
-1.8971	1.11529	5.1462	5.12518
-1.88725	1.13862	5.14752	5.1232
-1.89316	1.14519	5.14752	5.12222
-1.89513	1.14979	5.14653	5.12353
-1.90269	1.15143	5.14259	5.12583
-1.8948	1.16851	5.14127	5.12682
-1.89579	1.1672	5.14357	5.1278
-1.88659	1.17804	5.14653	5.1278
-1.87016	1.18001	5.14653	5.12715
-1.88199	1.18363	5.14456	5.12649
-1.8787	1.20564	5.14226	5.12616
-1.8741	1.21812	5.14062	5.12682
-1.87345	1.21188	5.13897	5.12748
-1.86523	1.21615	5.14127	5.12682
-1.84979	1.23094	5.14423	5.12583
-1.84946	1.23685	5.14555	5.1278
-1.85505	1.23422	5.14555	5.1278
-1.85308	1.24966	5.14522	5.12649
-1.84289	1.25591	5.14555	5.12616
-1.84224	1.26708	5.14423	5.1255
-1.83337	1.26543	5.1439	5.12583
-1.82844	1.27003	5.1439	5.12715
-1.82055	1.28088	5.14357	5.12715
-1.81924	1.28712	5.14555	5.1255
-1.81694	1.28613	5.14653	5.12452
-1.81562	1.28843	5.14357	5.12518
-1.81431	1.29303	5.1416	5.12715
-1.81464	1.29829	5.14292	5.12879
-1.81891	1.28416	5.14357	5.12945
-1.82877	1.28778	5.14423	5.12912
-1.81924	1.29303	5.14489	5.1278
-1.81037	1.30749	5.1462	5.1278
-1.7946	1.31603	5.14555	5.12977
-1.79723	1.30322	5.14423	5.1301
-1.79033	1.30125	5.14357	5.12813
-1.79657	1.29402	5.14423	5.12518
-1.79427	1.28055	5.14423	5.12452
-1.79493	1.27299	5.14423	5.12649
-1.7969	1.26905	5.14127	5.12813
-1.79558	1.26543	5.13897	5.12945
-1.79624	1.26872	5.13996	5.12715
-1.80051	1.25394	5.14193	5.12583
-1.80971	1.25328	5.14357	5.1255
-1.8061	1.26576	5.14325	5.12485
-1.79	1.27332	5.14226	5.12386
-1.80774	1.25591	5.14193	5.12452
-1.82384	1.24934	5.14357	5.12682
-1.82318	1.24014	5.14325	5.12879
-1.83041	1.22897	5.14193	5.12846
-1.82778	1.23422	5.14127	5.12583
-1.82384	1.23915	5.1416	5.12616
-1.83238	1.22338	5.14292	5.1278
-1.84618	1.20597	5.14193	5.12813
-1.84026	1.21353	5.14193	5.12649
-1.84881	1.2201	5.14193	5.12649
-1.86721	1.2132	5.14292	5.12649
-1.86819	1.2063	5.14357	5.12682
-1.87575	1.19513	5.1439	5.12583
-1.88199	1.18888	5.14325	5.12715
-1.88429	1.17476	5.1439	5.12879
-1.87739	1.18823	5.1439	5.12945
-1.87903	1.18888	5.14259	5.12945
-1.88495	1.18888	5.14226	5.1278
-1.88199	1.18954	5.14259	5.12518
-1.881	1.18494	5.1439	5.12353
-1.8925	1.17837	5.14292	5.12288
-1.8925	1.17574	5.13996	5.12485
-1.90302	1.15964	5.13996	5.12649
-1.90696	1.15964	5.14226	5.12616
-1.90104	1.17509	5.14456	5.12485
-1.90466	1.1557	5.14357	5.1255
-1.90302	1.15077	5.14193	5.12583
-1.8971	1.16326	5.1416	5.12485
-1.9109	1.15472	5.14127	5.12518
-1.91353	1.15242	5.14259	5.12583
-1.9178	1.14683	5.14456	5.12518
-1.92503	1.14453	5.14587	5.12518
-1.93521	1.13336	5.14489	5.12518
-1.93916	1.13303	5.14555	5.1255
-1.94376	1.13632	5.14456	5.12715
-1.94573	1.13435	5.1439	5.12846
-1.95	1.13468	5.1439	5.12649
-1.95263	1.13632	5.14555	5.12583
-1.94376	1.15406	5.14587	5.12583
-1.94803	1.1327	5.1462	5.12715
-1.95821	1.13468	5.14423	5.12682
-1.96905	1.12022	5.14193	5.12682
-1.95263	1.1304	5.13865	5.12748
-1.95098	1.13435	5.13963	5.12649
-1.93948	1.14617	5.14127	5.12649
-1.95361	1.12679	5.14226	5.12288
-1.96511	1.11036	5.14357	5.12288
-1.95887	1.11858	5.14292	5.12452
-1.95887	1.11398	5.14095	5.12518
-1.96215	1.10905	5.14127	5.12649
-1.95098	1.11628	5.14226	5.12649
-1.95657	1.11726	5.1416	5.12583
-1.95131	1.11365	5.14127	5.12452
-1.94704	1.12186	5.14226	5.12386
-1.93554	1.12055	5.14292	5.12386
-1.93948	1.11496	5.14325	5.1255
-1.9362	1.11365	5.1416	5.12715
-1.94277	1.11496	5.14226	5.1278
-1.94244	1.1258	5.14357	5.12715
-1.94901	1.11595	5.14489	5.1255
-1.93883	1.12383	5.14489	5.12583
-1.94638	1.11923	5.14292	5.12748
-1.95295	1.11168	5.14095	5.12879
-1.96182	1.09854	5.14062	5.12879
-1.94868	1.10872	5.14325	5.12715
-1.94573	1.12219	5.14423	5.12583
-1.94934	1.12515	5.14555	5.12518
-1.9477	1.12942	5.14522	5.12485
-1.94835	1.13435	5.14423	5.12353
-1.94211	1.1281	5.14292	5.12353
-1.93751	1.12712	5.14226	5.12353
-1.93948	1.12482	5.1416	5.12288
-1.93686	1.12252	5.14226	5.12452
-1.93226	1.12219	5.14423	5.12452
-1.927	1.12942	5.14357	5.12386
-1.92503	1.14387	5.14259	5.1255
-1.92831	1.14453	5.14259	5.12715
-1.92569	1.14585	5.14555	5.1255
-1.91813	1.1557	5.1462	5.12518
-1.9155	1.15209	5.14456	5.12616
-1.90893	1.16523	5.1439	5.12485
-1.91156	1.16753	5.14292	5.12452
-1.91287	1.16424	5.14193	5.1255
-1.9086	1.17706	5.14193	5.1255
-1.91616	1.1695	5.14226	5.12485
-1.91977	1.17279	5.14325	5.12419
-1.91681	1.16983	5.14259	5.12419
-1.91057	1.17739	5.14193	5.12583
-1.90729	1.18034	5.14226	5.12715
-1.90433	1.18921	5.14226	5.12846
-1.90597	1.19184	5.14357	5.12879
-1.89743	1.19776	5.14522	5.12616
-1.88626	1.21155	5.14752	5.1232
-1.87903	1.2178	5.14949	5.12386
-1.87706	1.22798	5.14752	5.12616
-1.87148	1.23422	5.14423	5.12616
-1.87805	1.22765	5.14456	5.12649
-1.8695	1.23915	5.14555	5.12583
-1.86458	1.23619	5.14719	5.12616
-1.86261	1.23455	5.14686	5.1278
-1.85768	1.23619	5.14653	5.1278
-1.85833	1.22798	5.14489	5.12748
-1.85472	1.22962	5.14127	5.12715
-1.83961	1.23127	5.13799	5.12649
-1.84191	1.23587	5.13832	5.12583
-1.83041	1.24474	5.14259	5.12485
-1.82647	1.24835	5.14587	5.1232
-1.81825	1.24342	5.14653	5.12353
-1.81858	1.24079	5.1439	5.12649
-1.80314	1.24802	5.14127	5.1278
-1.80643	1.24244	5.14127	5.12616
-1.80478	1.24244	5.14127	5.12616
-1.80018	1.24769	5.14127	5.12583
-1.81431	1.23948	5.14292	5.12583
-1.81234	1.24835	5.14292	5.12649
-1.81201	1.24309	5.14259	5.12682
-1.81464	1.25098	5.14127	5.12748
-1.80413	1.24999	5.14095	5.1278
-1.80774	1.23619	5.14226	5.12682
-1.8199	1.22371	5.1439	5.12518
-1.82252	1.22798	5.14587	5.12583
-1.82778	1.23225	5.14653	5.12813
-1.8176	1.24079	5.14522	5.1278
-1.81562	1.25426	5.14489	5.1255
-1.813	1.25426	5.14555	5.12419
-1.82121	1.25492	5.14456	5.12353
-1.83008	1.25525	5.14325	5.12255
-1.83337	1.25886	5.14259	5.1232
-1.82548	1.25624	5.14456	5.12353
-1.81891	1.25788	5.14587	5.12518
-1.80314	1.27069	5.14719	5.12649
-1.79427	1.28285	5.14686	5.12748
-1.79558	1.27233	5.14555	5.1255
-1.79985	1.28186	5.14423	5.12222
-1.79985	1.29467	5.1439	5.12189
-1.80741	1.27266	5.14259	5.1232
-1.80413	1.27628	5.14193	5.1255
-1.79887	1.28383	5.14292	5.12715
-1.80314	1.28219	5.14292	5.12649
-1.80741	1.26576	5.14292	5.12419
-1.81431	1.25426	5.14325	5.12518
-1.81464	1.26248	5.14423	5.12616
-1.81365	1.25788	5.1439	5.12715
-1.81004	1.24966	5.1439	5.12945
-1.8084	1.25229	5.14489	5.12945
-1.81365	1.23948	5.14522	5.12748
-1.81267	1.24507	5.14423	5.12616
-1.82121	1.24014	5.14259	5.1255
-1.84158	1.21747	5.14193	5.12649
-1.83797	1.22404	5.14423	5.12846
-1.83599	1.22732	5.14456	5.12945
-1.83271	1.22667	5.14292	5.12846
-1.84946	1.21353	5.14226	5.12715
-1.85078	1.21123	5.14357	5.12485
-1.84158	1.20958	5.1439	5.12255
-1.84454	1.20728	5.14259	5.12189
-1.84289	1.19151	5.14095	5.12255
-1.84848	1.1879	5.13996	5.12452
-1.85111	1.17804	5.14029	5.1255
-1.85373	1.17279	5.14127	5.1255
-1.86261	1.17213	5.14259	5.12616
-1.86063	1.17936	5.14489	5.12649
-1.85308	1.17509	5.14752	5.1255
-1.83501	1.19283	5.14785	5.1255
-1.85242	1.17739	5.14587	5.12616
-1.86096	1.17279	5.14357	5.12452
-1.86425	1.16326	5.14325	5.1232
-1.87016	1.15833	5.1439	5.12189
-1.8764	1.1488	5.14226	5.12156
-1.88626	1.13336	5.14193	5.1232
-1.87378	1.135	5.14193	5.12649
-1.87739	1.12876	5.14357	5.12846
-1.8833	1.11825	5.14456	5.12977
-1.87739	1.13402	5.14456	5.12813
-1.8764	1.13238	5.1439	5.12452
-1.8833	1.12186	5.14555	5.12255
-1.881	1.12646	5.1439	5.12255
-1.88922	1.11628	5.14292	5.12518
-1.88265	1.12745	5.14095	5.12945
-1.88166	1.12252	5.14127	5.1301
-1.87279	1.13763	5.1439	5.12813
-1.89086	1.11628	5.14752	5.12715
-1.89579	1.12876	5.14653	5.12748
-1.9155	1.10346	5.14193	5.1278
-1.91846	1.08737	5.14029	5.12748
-1.92569	1.08079	5.14259	5.12682
-1.92634	1.09229	5.1462	5.12616
-1.92536	1.09854	5.14719	5.12682
-1.92503	1.09689	5.14916	5.1255
-1.9362	1.08244	5.1485	5.12518
-1.94146	1.08507	5.14489	5.12616
-1.93948	1.09591	5.1439	5.12583
-1.93883	1.10182	5.14555	5.12616
-1.94408	1.09394	5.1439	5.12682
-1.93324	1.10741	5.14325	5.12682
-1.92503	1.11135	5.14259	5.12682
-1.92996	1.10905	5.14095	5.12616
-1.93456	1.10412	5.1416	5.12452
-1.93423	1.10872	5.14062	5.12452
-1.9339	1.10018	5.14127	5.12616
-1.9247	1.11989	5.1416	5.12682
-1.92996	1.10971	5.14325	5.12682
-1.93423	1.11628	5.14357	5.12485
-1.93423	1.11825	5.14226	5.1232
-1.9385	1.11825	5.1416	5.12255
-1.9431	1.10478	5.14127	5.1255
-1.93291	1.10708	5.14193	5.12616
-1.92339	1.10741	5.14456	5.12649
-1.91123	1.10609	5.14456	5.12682
-1.90762	1.10938	5.14357	5.1255
-1.90729	1.10478	5.1416	5.12288
-1.9201	1.09394	5.13963	5.12353
-1.92174	1.09196	5.13963	5.12353
-1.90992	1.10511	5.14259	5.12518
-1.90893	1.09854	5.14555	5.12748
-1.91977	1.08737	5.14587	5.1278
-1.9224	1.0624	5.14292	5.12748
-1.9178	1.0578	5.14062	5.12715
-1.90959	1.08342	5.14127	5.12748
-1.90794	1.07685	5.14325	5.12813
-1.90039	1.08178	5.14357	5.1278
-1.89842	1.08441	5.14456	5.12715
-1.90564	1.08868	5.14555	5.12715
-1.88889	1.09952	5.14325	5.12518
-1.90039	1.10905	5.14292	5.12386
-1.90433	1.10445	5.14357	5.12288
-1.89842	1.10215	5.14325	5.12288
-1.9017	1.10773	5.1439	5.12353
-1.90433	1.10642	5.14456	5.1255
-1.90302	1.10084	5.1439	5.12583
-1.9063	1.09558	5.14357	5.1255
-1.90762	1.10971	5.1439	5.12715
-1.90959	1.11858	5.14357	5.12879
-1.91057	1.12088	5.14259	5.12813
-1.90532	1.11792	5.14292	5.12616
-1.90203	1.1327	5.14357	5.1232
-1.90236	1.12778	5.14489	5.12156
-1.881	1.14026	5.1439	5.12123
-1.8833	1.14716	5.14193	5.12288
-1.88955	1.13566	5.13996	5.12583
-1.87772	1.14585	5.13963	5.1278
-1.89053	1.14617	5.14062	5.12715
-1.89973	1.15636	5.14193	5.12748
-1.89842	1.1327	5.1439	5.12715
-1.89546	1.13172	5.14522	5.12583
-1.89185	1.13402	5.1439	5.1255
-1.87805	1.14552	5.14226	5.12616
-1.87279	1.1534	5.1439	5.12386
-1.88035	1.14125	5.1485	5.1255
-1.89185	1.14453	5.14817	5.12715
-1.89875	1.13632	5.14522	5.12846
-1.89842	1.15045	5.14325	5.1278
-1.8971	1.15242	5.14193	5.12748
-1.89513	1.14683	5.1416	5.12616
-1.88823	1.15964	5.14062	5.12518
-1.8994	1.14552	5.14193	5.1255
-1.89447	1.14979	5.1439	5.12583
-1.89546	1.16424	5.14423	5.12616
-1.89447	1.1626	5.14357	5.12715
-1.89776	1.16194	5.14226	5.12682
-1.89415	1.1649	5.14226	5.1255
-1.88626	1.16983	5.14456	5.12419
-1.88133	1.16523	5.14587	5.12386
-1.88987	1.15307	5.14489	5.12452
-1.88199	1.1649	5.14456	5.12616
-1.88363	1.15899	5.1439	5.12748
-1.881	1.15603	5.14325	5.12846
-1.87706	1.16063	5.14292	5.12912
-1.87772	1.14782	5.14226	5.12682
-1.8718	1.14125	5.14259	5.12583
-1.8741	1.13927	5.14555	5.12386
-1.85801	1.15406	5.14752	5.12386
-1.86753	1.14486	5.14752	5.12616
-1.85768	1.15767	5.14522	5.12649
-1.85538	1.16194	5.14292	5.12616
-1.86622	1.15504	5.1416	5.12682
-1.86523	1.15242	5.14062	5.1278
-1.87345	1.16096	5.13996	5.12977
-1.88265	1.14486	5.14095	5.12912
-1.88429	1.14815	5.14127	5.12649
-1.89316	1.14059	5.14193	5.12485
-1.90893	1.12876	5.14292	5.12485
-1.90466	1.1281	5.14325	5.12583
-1.91254	1.11858	5.14357	5.12518
-1.91517	1.12778	5.14325	5.12485
-1.91419	1.12153	5.1416	5.12386
-1.90203	1.1281	5.1393	5.12452
-1.89907	1.13303	5.13996	5.12649
-1.89907	1.13336	5.14226	5.12748
-1.90663	1.1235	5.14259	5.12682
-1.90959	1.11825	5.1416	5.12583
-1.904	1.11365	5.13996	5.12616
-1.9132	1.11431	5.13832	5.1255
-1.91813	1.10182	5.13897	5.1255
-1.92174	1.08671	5.14062	5.12583
-1.92864	1.07587	5.14325	5.12649
-1.93587	1.06338	5.14325	5.12583
-1.94638	1.04433	5.14292	5.12518
-1.94441	1.0509	5.14226	5.1255
-1.94967	1.04728	5.14193	5.12583
-1.95985	1.04137	5.14029	5.12616
-1.94704	1.05714	5.1393	5.12748
-1.95328	1.06207	5.13996	5.12715
-1.95427	1.05747	5.14127	5.12748
-1.95558	1.05287	5.14062	5.1278
-1.95295	1.05648	5.14029	5.12682
-1.96182	1.05155	5.14127	5.12583
-1.96248	1.05155	5.14095	5.12452
-1.95854	1.05221	5.14226	5.12386
-1.96544	1.04203	5.14325	5.12386
-1.97398	1.03414	5.1439	5.12353
-1.98417	1.02658	5.14423	5.12419
-1.97924	1.04038	5.1439	5.12583
-1.97497	1.0417	5.14292	5.12846
-1.97267	1.03578	5.14325	5.1278
-1.95295	1.04038	5.14456	5.12616
-1.95361	1.04728	5.1439	5.12419
-1.95657	1.05123	5.1416	5.12288
-1.95558	1.05747	5.13963	5.12452
-1.95591	1.06305	5.13897	5.12583
-1.95164	1.05517	5.1393	5.1255
-1.95624	1.04564	5.1393	5.12682
-1.95558	1.03907	5.14095	5.12715
-1.95723	1.02757	5.14193	5.12616
-1.9592	1.02954	5.14193	5.12583
-1.96675	1.03086	5.13865	5.12518
-1.9707	1.0256	5.13799	5.12386
-1.95723	1.03053	5.13996	5.12485
-1.96544	1.02888	5.14423	5.12682
-1.97497	1.02527	5.14653	5.12616
-1.97201	1.02461	5.14653	5.12419
-1.96938	1.03348	5.1439	5.1232
-1.97332	1.02034	5.14193	5.12485
-1.96905	1.02626	5.14193	5.1278
-1.97168	1.02823	5.1416	5.12879
-1.9707	1.03053	5.13996	5.12813
-1.96412	1.03841	5.14193	5.12715
-1.96807	1.02001	5.14489	5.12583
-1.96018	1.0256	5.14653	5.12353
-1.94901	1.03578	5.14555	5.12386
-1.95098	1.03743	5.14325	5.12616
-1.95493	1.0417	5.14292	5.12715
-1.9684	1.02264	5.14555	5.12616
-1.96084	1.02724	5.14686	5.1255
-1.94934	1.03874	5.14522	5.12485
-1.95427	1.04564	5.1439	5.12485
-1.94178	1.06831	5.14357	5.12485
-1.94835	1.067	5.14555	5.12518
-1.94934	1.05845	5.14653	5.1255
-1.94014	1.05977	5.14522	5.1255
-1.9477	1.06601	5.14423	5.12518
-1.94113	1.0716	5.14423	5.12485
-1.94835	1.06108	5.14522	5.12452
-1.94737	1.06962	5.14423	5.12452
-1.94474	1.06634	5.14127	5.12419
-1.94638	1.06437	5.13963	5.12353
-1.94277	1.0647	5.14062	5.12452
-1.9431	1.07357	5.1416	5.12452
-1.93029	1.08178	5.14226	5.1232
-1.90729	1.09426	5.14325	5.1232
-1.89415	1.10511	5.14456	5.12518
-1.89119	1.10346	5.14292	5.12616
-1.88133	1.10511	5.14127	5.12682
-1.87476	1.10839	5.1416	5.12649
-1.87739	1.10182	5.14193	5.12485
-1.86589	1.12055	5.14423	5.12419
-1.85538	1.11989	5.14587	5.12419
-1.85144	1.12219	5.14489	5.12485
-1.85144	1.13139	5.14226	5.12682
-1.84782	1.13632	5.14062	5.12748
-1.86228	1.1442	5.14127	5.12682
-1.84256	1.16851	5.14292	5.12682
-1.83797	1.16851	5.14357	5.12649
-1.83402	1.1603	5.14292	5.12616
-1.83008	1.15406	5.14292	5.12485
-1.82417	1.14749	5.14292	5.12485
-1.82285	1.14716	5.14259	5.12518
-1.8176	1.15242	5.14357	5.12419
-1.81004	1.14815	5.14653	5.12386
-1.80708	1.16227	5.14686	5.12419
-1.80774	1.18231	5.14357	5.12419
-1.81135	1.19151	5.14062	5.1255
-1.8038	1.17837	5.1393	5.12616
-1.78934	1.19841	5.13996	5.12452
-1.78376	1.20958	5.14226	5.1232
-1.7854	1.22798	5.1439	5.1232
-1.77686	1.23389	5.14325	5.12518
-1.77291	1.24999	5.14095	5.12649
-1.76536	1.25525	5.14127	5.12715
-1.75353	1.26741	5.14259	5.12649
-1.74433	1.26872	5.1439	5.12616
-1.73447	1.27529	5.1439	5.12583
-1.72988	1.27431	5.14456	5.12518
-1.73842	1.27168	5.14325	5.12452
-1.73217	1.28975	5.1416	5.1232
-1.73447	1.29106	5.14193	5.12419
-1.71739	1.30782	5.14062	5.1232
-1.70458	1.3111	5.13996	5.1232
-1.70425	1.31899	5.14226	5.12353
-1.71312	1.32063	5.14522	5.12419
-1.71246	1.32753	5.14456	5.12419
-1.69866	1.33509	5.1416	5.12452
-1.70885	1.32556	5.14062	5.12419
-1.71936	1.31636	5.14226	5.12386
-1.7371	1.30256	5.14423	5.12386
-1.73612	1.29402	5.1462	5.12419
-1.74532	1.29467	5.14555	5.12649
-1.7601	1.28876	5.14357	5.12879
-1.78441	1.26905	5.1416	5.12879
-1.78803	1.26938	5.1416	5.12682
-1.80117	1.24802	5.14193	5.12518
-1.80018	1.24408	5.14357	5.12452
-1.79985	1.23521	5.1439	5.12353
-1.80675	1.22108	5.14325	5.12353
-1.81694	1.22995	5.14226	5.12452
-1.81694	1.23357	5.14325	5.12616
-1.81628	1.24079	5.14259	5.1301
-1.80708	1.2293	5.14357	5.12813
-1.82187	1.22535	5.14357	5.12682
-1.81168	1.23882	5.14292	5.12518
-1.80413	1.25065	5.14127	5.12419
-1.80971	1.24277	5.13865	5.12682
-1.81924	1.24309	5.13832	5.12912
-1.81464	1.24605	5.13865	5.12912
-1.81957	1.23948	5.14226	5.12846
-1.81004	1.24605	5.14555	5.12682
-1.80511	1.24736	5.1462	5.12485
-1.81201	1.24047	5.14423	5.12583
-1.81891	1.23718	5.14259	5.12616
-1.82449	1.2293	5.14193	5.12682
-1.83698	1.21451	5.14127	5.1278
-1.83501	1.21385	5.14226	5.12682
-1.84355	1.21911	5.14489	5.1255
-1.84059	1.22305	5.14456	5.12386
-1.83928	1.22502	5.1439	5.1255
-1.85538	1.21517	5.14292	5.12649
-1.85603	1.2132	5.14226	5.12715
-1.86063	1.20991	5.14095	5.12682
-1.86261	1.19283	5.14127	5.12452
-1.85603	1.19316	5.14259	5.12386
-1.85242	1.19513	5.14292	5.12485
-1.84618	1.19348	5.14259	5.12748
-1.85768	1.19053	5.14226	5.12813
-1.85538	1.18823	5.14325	5.12682
-1.85341	1.18461	5.1439	5.12485
-1.85571	1.17377	5.14555	5.1232
-1.87476	1.15603	5.14785	5.12255
-1.88429	1.14716	5.14752	5.12288
-1.88429	1.14322	5.14587	5.12583
-1.89973	1.12219	5.14489	5.12649
-1.89185	1.13238	5.14522	5.12715
-1.904	1.11036	5.14587	5.12813
-1.92141	1.09295	5.14653	5.12715
-1.92569	1.08178	5.14686	5.12583
-1.92766	1.08408	5.14587	5.12616
-1.92109	1.08901	5.14259	5.12485
-1.92766	1.09886	5.14029	5.12518
-1.93751	1.08112	5.14095	5.1255
-1.94737	1.08309	5.14226	5.12715
-1.94113	1.08704	5.14522	5.1278
-1.9454	1.08441	5.14653	5.12649
-1.94277	1.07784	5.14587	5.12583
-1.92799	1.08671	5.14423	5.12682
-1.92371	1.08211	5.14325	5.1278
-1.91222	1.08572	5.14292	5.12813
-1.90926	1.10116	5.14127	5.12748
-1.90794	1.11661	5.14357	5.12616
-1.90039	1.1304	5.14752	5.12485
-1.89185	1.14157	5.1462	5.12485
-1.88298	1.14486	5.14325	5.12353
-1.87476	1.15997	5.1416	5.12353
-1.87772	1.16129	5.14095	5.12452
-1.86721	1.16983	5.14226	5.12682
-1.85735	1.18067	5.14456	5.12748
-1.85242	1.18428	5.14423	5.12813
-1.85242	1.17771	5.1416	5.12616
-1.84979	1.18166	5.14062	5.12518
-1.84026	1.1925	5.14193	5.12616
-1.84355	1.20038	5.14456	5.1255
-1.83402	1.20531	5.14587	5.1255
-1.83107	1.1994	5.14357	5.1255
-1.81957	1.2063	5.14062	5.12353
-1.80675	1.21484	5.14029	5.1232
-1.80478	1.2155	5.14062	5.12353
-1.79985	1.2132	5.1416	5.1232
-1.78737	1.23061	5.14292	5.12353
-1.77029	1.22995	5.14555	5.12419
-1.77751	1.23882	5.14555	5.12419
-1.77061	1.25229	5.1439	5.12419
-1.77029	1.25689	5.14292	5.12518
-1.76766	1.25525	5.14193	5.12649
-1.77291	1.25821	5.14095	5.12879
-1.7716	1.25394	5.14456	5.12846
-1.78507	1.23981	5.14653	5.12748
-1.7785	1.23389	5.14587	5.1278
-1.7762	1.23981	5.14357	5.12813
-1.7808	1.22371	5.14357	5.12813
-1.7923	1.21451	5.1439	5.12715
-1.79558	1.22075	5.14489	5.12616
-1.8015	1.2201	5.14522	5.12518
-1.7923	1.22437	5.14456	5.12485
-1.78901	1.23981	5.14325	5.12452
-1.77981	1.25821	5.14292	5.12518
-1.77916	1.26412	5.14259	5.12846
-1.78047	1.26806	5.14193	5.13043
-1.78803	1.26084	5.14193	5.12879
-1.79033	1.25262	5.14292	5.12715
-1.7808	1.25459	5.1439	5.12452
-1.77587	1.25854	5.14587	5.12518
-1.76799	1.26018	5.14686	5.1278
-1.7739	1.26938	5.1462	5.13043
-1.77456	1.27003	5.14522	5.12977
-1.7762	1.26313	5.14292	5.12846
-1.77061	1.26872	5.14325	5.12583
-1.77883	1.25788	5.14226	5.12518
-1.78868	1.26149	5.14127	5.12583
-1.78211	1.27036	5.14062	5.12485
-1.78868	1.26281	5.13996	5.12748
-1.78441	1.25952	5.14226	5.12813
-1.77981	1.26675	5.14423	5.12616
-1.78014	1.26938	5.14555	5.12353
-1.77423	1.26313	5.14587	5.12386
-1.77817	1.26084	5.14587	5.12386
-1.77357	1.26182	5.1439	5.12353
-1.78178	1.25426	5.14292	5.12419
-1.79033	1.25295	5.14193	5.12452
-1.78868	1.25722	5.14193	5.12485
-1.79164	1.25196	5.14357	5.12583
-1.80018	1.23324	5.14522	5.12616
-1.80478	1.2293	5.14719	5.12715
-1.79854	1.22174	5.14587	5.12649
-1.80544	1.20794	5.14259	5.12682
-1.79985	1.21517	5.14292	5.1278
-1.81661	1.19217	5.14357	5.12715
-1.81398	1.18856	5.1439	5.12518
-1.7992	1.19644	5.14193	5.12452
-1.80215	1.18954	5.14127	5.12616
-1.80675	1.17673	5.14095	5.12583
-1.81431	1.15833	5.1393	5.12649
-1.80905	1.16326	5.14029	5.12715
-1.80445	1.16654	5.14259	5.12682
-1.80774	1.17049	5.14423	5.12616
-1.81102	1.16786	5.14292	5.12386
-1.79854	1.16392	5.14029	5.12222
-1.79624	1.15964	5.13897	5.12419
-1.80413	1.15537	5.14095	5.12682
-1.8015	1.16983	5.14357	5.12945
-1.81595	1.16523	5.14653	5.13076
-1.82318	1.15472	5.14587	5.12846
-1.83139	1.15242	5.1439	5.1255
-1.84125	1.16424	5.14292	5.1255
-1.83172	1.18757	5.14259	5.12583
-1.83829	1.18691	5.14193	5.12616
-1.84684	1.18954	5.14292	5.1278
-1.85833	1.18757	5.14489	5.12682
-1.86096	1.18396	5.14752	5.12616
-1.85801	1.18034	5.1462	5.1255
-1.85636	1.18921	5.14423	5.12485
-1.85406	1.19973	5.14325	5.12452
-1.85932	1.18757	5.1439	5.12452
-1.86063	1.18396	5.14456	5.12419
-1.86162	1.18724	5.14489	5.1255
-1.8718	1.18231	5.14456	5.12682
-1.87542	1.17049	5.14456	5.12616
-1.88593	1.16063	5.14193	5.12682
-1.89546	1.15045	5.1416	5.12682
-1.90696	1.13895	5.1416	5.12649
-1.90794	1.13106	5.14259	5.1255
-1.90992	1.12449	5.1439	5.12518
-1.91057	1.12778	5.14456	5.12682
-1.91681	1.13238	5.14522	5.1278
-1.92667	1.11628	5.14587	5.12715
-1.93127	1.11069	5.1439	5.12682
-1.94047	1.09229	5.14193	5.1278
-1.93554	1.10182	5.14357	5.12879
-1.93456	1.10182	5.14555	5.12649
-1.93193	1.09985	5.14587	5.12583
-1.92437	1.11266	5.14489	5.12452
-1.92799	1.10543	5.14226	5.12353
-1.93193	1.10149	5.14062	5.12419
-1.93423	1.10379	5.14292	5.12419
-1.93653	1.09328	5.14653	5.12386
-1.92963	1.09558	5.14752	5.12485
-1.93521	1.10839	5.1462	5.1255
-1.9316	1.11365	5.14357	5.12616
-1.93127	1.10675	5.14259	5.12649
-1.9224	1.12318	5.14357	5.12616
-1.91123	1.12515	5.14325	5.1255
-1.91189	1.11595	5.1439	5.12583
-1.91024	1.1212	5.14423	5.12518
-1.90564	1.12975	5.14325	5.1255
-1.90137	1.12548	5.1416	5.12682
-1.89973	1.12515	5.1416	5.12879
-1.90663	1.12416	5.14127	5.12846
-1.9063	1.13599	5.14029	5.12715
-1.91714	1.13632	5.14127	5.12583
-1.91222	1.14683	5.14357	5.1255
-1.91024	1.12876	5.14489	5.1255
-1.91911	1.11529	5.14325	5.1255
-1.90466	1.12186	5.14226	5.12518
-1.8948	1.11529	5.14259	5.12616
-1.8902	1.1235	5.14522	5.12682
-1.88987	1.14322	5.14653	5.12518
-1.88659	1.14355	5.14817	5.12419
-1.90104	1.13139	5.14752	5.1255
-1.9086	1.11661	5.14555	5.12583
-1.90104	1.12482	5.14423	5.12616
-1.89119	1.12285	5.14357	5.12583
-1.88856	1.13106	5.1439	5.1255
-1.8879	1.1465	5.14522	5.12616
-1.8833	1.1603	5.14653	5.12583
-1.87838	1.16424	5.14522	5.1255
-1.87378	1.17443	5.14292	5.12583
-1.87575	1.16589	5.14029	5.12748
-1.8971	1.15537	5.13996	5.12583
-1.88495	1.15669	5.14193	5.12616
-1.8948	1.14716	5.14226	5.12583
-1.89119	1.15899	5.14259	5.12583
-1.90104	1.16194	5.14292	5.12813
-1.89743	1.16096	5.14357	5.13109
-1.90926	1.15406	5.14357	5.1301
-1.90992	1.14716	5.14423	5.1278
-1.91254	1.1396	5.14719	5.12583
-1.90893	1.14223	5.14653	5.12649
-1.90466	1.14683	5.14357	5.12583
-1.92174	1.12909	5.14062	5.12715
-1.91681	1.13369	5.14127	5.12813
-1.91452	1.14157	5.14357	5.12813
-1.9109	1.1442	5.1462	5.12583
-1.9086	1.14749	5.14653	5.12419
-1.89086	1.15406	5.14719	5.12452
-1.8833	1.17311	5.14522	5.12682
-1.8879	1.17574	5.14423	5.12879
-1.8902	1.18001	5.14292	5.1301
-1.88265	1.18888	5.14259	5.1301
-1.881	1.19513	5.14292	5.13142
-1.87772	1.19513	5.14226	5.12879
-1.87213	1.20991	5.14127	5.12616
-1.8741	1.20695	5.14127	5.12518
-1.87542	1.204	5.14127	5.12583
-1.8741	1.20564	5.14259	5.12518
-1.86786	1.20465	5.14456	5.12518
-1.86425	1.19546	5.14653	5.1255
-1.85406	1.20104	5.14719	5.12649
-1.84256	1.22075	5.14522	5.12846
-1.82778	1.22962	5.14325	5.12879
-1.82679	1.23849	5.14127	5.12813
-1.8084	1.24605	5.1393	5.12813
-1.80281	1.24079	5.13865	5.12682
-1.78901	1.23817	5.14062	5.12682
-1.77784	1.23324	5.14292	5.1278
-1.77981	1.22864	5.14456	5.12879
-1.77127	1.22207	5.14522	5.1301
-1.77291	1.21057	5.14357	5.12977
-1.76831	1.21517	5.14193	5.1278
-1.78704	1.20005	5.1416	5.12715
-1.79295	1.20005	5.14325	5.12419
-1.78277	1.23028	5.14456	5.12222
-1.76601	1.25098	5.14292	5.12386
-1.76569	1.23948	5.14062	5.12485
-1.7693	1.22338	5.14029	5.12583
-1.76996	1.24539	5.14127	5.12715
-1.76207	1.23915	5.1439	5.12813
-1.75944	1.24408	5.14522	5.12682
-1.75879	1.24835	5.14653	5.12649
-1.76536	1.25821	5.14423	5.12583
-1.78113	1.24934	5.14193	5.12682
-1.7946	1.24277	5.14127	5.12748
-1.78704	1.24802	5.14292	5.12715
-1.79098	1.24309	5.14489	5.12518
-1.80051	1.22864	5.14555	5.12485
-1.80544	1.2293	5.14456	5.1255
-1.8176	1.22601	5.14357	5.12616
-1.82449	1.22338	5.14357	5.12649
-1.82384	1.24638	5.14259	5.12583
-1.82121	1.24934	5.14226	5.12518
-1.83041	1.24145	5.14259	5.12616
-1.81924	1.24934	5.14325	5.12518
-1.81267	1.25656	5.14292	5.12616
-1.82088	1.26806	5.14357	5.1278
-1.83698	1.26872	5.14423	5.12682
-1.84486	1.24244	5.14456	5.12518
-1.84355	1.24474	5.14423	5.12715
-1.83205	1.24704	5.14522	5.12912
-1.83731	1.25394	5.14522	5.1301
-1.84552	1.25131	5.14357	5.12912
-1.84914	1.24441	5.14095	5.1278
-1.85669	1.23159	5.13996	5.12682
-1.86228	1.22371	5.1416	5.12616
-1.86293	1.2132	5.1416	5.12518
-1.86425	1.20958	5.14226	5.1255
-1.86983	1.20038	5.14292	5.12616
-1.87016	1.19578	5.1439	5.12649
-1.85669	1.21057	5.1439	5.12583
-1.84355	1.21747	5.14325	5.12682
-1.83435	1.23554	5.14259	5.12649
-1.84848	1.21254	5.14292	5.12715
-1.85636	1.2109	5.14555	5.12748
-1.86293	1.20038	5.14719	5.1255
-1.86293	1.18954	5.14653	5.12485
-1.86885	1.19217	5.14325	5.12485
-1.86688	1.19118	5.14062	5.12485
-1.85833	1.1902	5.14029	5.12715
-1.85899	1.19118	5.1416	5.12879
-1.85801	1.19053	5.14193	5.13043
-1.85505	1.20268	5.1439	5.13043
-1.86688	1.18888	5.14489	5.12912
-1.87443	1.17903	5.14489	5.12813
-1.87312	1.17509	5.14423	5.12977
-1.87838	1.15406	5.14423	5.13043
-1.88527	1.14355	5.14325	5.12748
-1.88232	1.13796	5.14193	5.12518
-1.89579	1.13369	5.1416	5.12419
-1.90433	1.13796	5.14193	5.12386
-1.90433	1.14617	5.14127	5.12583
-1.9109	1.13895	5.14193	5.12748
-1.8994	1.13796	5.14325	5.12682
-1.89316	1.15209	5.14489	5.12616
-1.89973	1.14552	5.14653	5.1232
-1.8948	1.15209	5.14686	5.12156
-1.88232	1.16162	5.14489	5.12156
-1.88068	1.15636	5.14259	5.12386
-1.88626	1.14749	5.14062	5.12715
-1.8879	1.16227	5.1416	5.12846
-1.89612	1.1741	5.14357	5.12682
-1.90104	1.18691	5.14719	5.1255
-1.90466	1.18527	5.14817	5.12518
-1.8948	1.19677	5.14653	5.12649
-1.8948	1.18527	5.14555	5.12748
-1.90104	1.17706	5.14325	5.1278
-1.90039	1.17804	5.14292	5.12485
-1.91024	1.16556	5.14489	5.12288
-1.91944	1.1649	5.14719	5.12386
-1.92109	1.16359	5.14489	5.12419
-1.92667	1.15899	5.14259	5.12583
-1.92174	1.16523	5.14127	5.12583
-1.9247	1.15077	5.14292	5.12485
-1.93094	1.1465	5.1439	5.12518
-1.93226	1.14519	5.14423	5.12649
-1.94178	1.12876	5.14456	5.12583
-1.9385	1.14355	5.14489	5.12583
-1.93488	1.15209	5.14292	5.12748
-1.9385	1.14519	5.14325	5.12846
-1.9293	1.16129	5.14423	5.12813
-1.93193	1.15242	5.14456	5.12715
-1.94113	1.14092	5.14456	5.12813
-1.93061	1.15702	5.14325	5.1278
-1.93258	1.16096	5.14259	5.1255
-1.93948	1.14979	5.14259	5.1232
-1.9385	1.14322	5.14193	5.12485
-1.93817	1.14223	5.14325	5.12682
-1.93127	1.14585	5.14522	5.12813
-1.93029	1.14157	5.14522	5.12715
-1.92667	1.14585	5.1439	5.12419
-1.91714	1.16194	5.14292	5.12222
-1.90959	1.17049	5.14325	5.1232
-1.9132	1.16589	5.1439	5.12485
-1.90926	1.16589	5.14456	5.12583
-1.90926	1.1718	5.14357	5.12682
-1.89809	1.17279	5.14193	5.12583
-1.89907	1.1672	5.13996	5.12518
-1.89743	1.17377	5.13799	5.12682
-1.8948	1.16851	5.13799	5.12846
-1.88363	1.17344	5.13996	5.12912
-1.87148	1.18297	5.14259	5.1278
-1.86425	1.18823	5.14555	5.12682
-1.85669	1.1879	5.14653	5.12616
-1.84585	1.20367	5.14456	5.12813
-1.83698	1.2063	5.14325	5.12912
-1.83567	1.19841	5.14292	5.12945
-1.83928	1.1787	5.14555	5.12879
-1.84256	1.17509	5.1462	5.12715
-1.83402	1.18626	5.14587	5.12649
-1.84749	1.16917	5.14423	5.1255
-1.85373	1.15964	5.14357	5.12255
-1.86063	1.15209	5.14489	5.12353
-1.85538	1.16556	5.14423	5.12682
-1.86425	1.17114	5.14292	5.12879
-1.87082	1.16359	5.14259	5.12748
-1.87279	1.15964	5.1439	5.1255
-1.88396	1.15669	5.14522	5.12255
-1.88593	1.1511	5.14587	5.1232
-1.88363	1.15833	5.14555	5.12485
-1.89349	1.15636	5.14489	5.12583
-1.89185	1.16819	5.1439	5.12616
-1.89349	1.15767	5.14357	5.12485
-1.89809	1.15373	5.14456	5.1232
-1.904	1.14946	5.14357	5.12353
-1.90794	1.15242	5.14127	5.1255
-1.90959	1.15373	5.1393	5.12616
-1.90597	1.15143	5.13996	5.1278
-1.89579	1.17509	5.14226	5.1301
-1.90203	1.17114	5.14456	5.13109
-1.88363	1.18921	5.14719	5.12879
-1.87509	1.19414	5.14785	5.12583
-1.87016	1.21484	5.14587	5.12386
-1.86819	1.20925	5.14423	5.12649
-1.86523	1.21714	5.1439	5.12945
-1.85833	1.22962	5.14357	5.12879
-1.84815	1.23948	5.14489	5.12715
-1.84749	1.24047	5.14555	5.12518
-1.84618	1.22404	5.14423	5.12452
-1.84388	1.22404	5.14325	5.12518
-1.83994	1.23981	5.14259	5.12649
-1.82877	1.24769	5.14193	5.1255
-1.82482	1.25229	5.1416	5.12485
-1.82285	1.25591	5.14259	5.12485
-1.81891	1.26346	5.14489	5.12419
-1.81562	1.27496	5.14489	5.12386
-1.82449	1.25591	5.1416	5.12255
-1.8199	1.25394	5.13897	5.12353
-1.81332	1.25295	5.13996	5.1255
-1.8199	1.24408	5.14259	5.12353
-1.81694	1.24934	5.14456	5.12288
-1.80872	1.25032	5.14587	5.12518
-1.80314	1.26642	5.14817	5.12518
-1.80347	1.26281	5.14785	5.12485
-1.80018	1.26116	5.14522	5.12649
-1.79361	1.26872	5.14357	5.12715
-1.7992	1.26149	5.14555	5.12583
-1.80347	1.25854	5.14883	5.12452
-1.79788	1.25098	5.14916	5.12452
-1.7969	1.24178	5.14653	5.12616
-1.79723	1.23817	5.14325	5.12813
-1.79164	1.23652	5.14193	5.12813
-1.81102	1.20827	5.14325	5.12682
-1.80971	1.2247	5.1439	5.12518
-1.81234	1.22371	5.14292	5.12518
-1.8176	1.21484	5.14226	5.12518
-1.80741	1.22798	5.14193	5.12616
-1.81332	1.2247	5.1416	5.12518
-1.80938	1.22765	5.14226	5.1255
-1.81694	1.22634	5.14325	5.12419
-1.82187	1.22338	5.14653	5.1232
-1.81792	1.23455	5.14817	5.12222
-1.82055	1.23817	5.14785	5.12222
-1.83107	1.24375	5.14686	5.12353
-1.82778	1.23948	5.14522	5.12485
-1.82844	1.24572	5.14292	5.1278
-1.83731	1.24704	5.14193	5.13076
-1.84585	1.23587	5.14292	5.12912
-1.84026	1.23357	5.14357	5.1255
-1.86129	1.23159	5.14193	5.1232
-1.85636	1.22437	5.14193	5.12452
-1.85275	1.22042	5.14127	5.12452
-1.85866	1.20695	5.14226	5.12485
-1.86885	1.19546	5.14423	5.1255
-1.87312	1.204	5.14423	5.12682
-1.87673	1.20203	5.14423	5.12649
-1.88068	1.1902	5.14456	5.12682
-1.88659	1.1741	5.14423	5.12583
-1.89546	1.17574	5.14226	5.12518
-1.89842	1.16917	5.14127	5.12485
-1.89119	1.17936	5.14226	5.12485
-1.89776	1.17541	5.1439	5.12649
-1.90433	1.15636	5.14423	5.12715
-1.9017	1.14847	5.14423	5.12715
-1.89776	1.15143	5.14292	5.12649
-1.8971	1.1442	5.1416	5.12715
-1.91419	1.12975	5.14259	5.12518
-1.91813	1.13008	5.14325	5.12288
-1.92273	1.13435	5.1439	5.12222
-1.92371	1.13369	5.14423	5.12288
-1.94277	1.11233	5.14226	5.12386
-1.94211	1.10445	5.14259	5.12419
-1.94606	1.10412	5.14226	5.1255
-1.9523	1.10478	5.14292	5.12616
-1.93718	1.11562	5.14357	5.1255
-1.93981	1.11398	5.1439	5.12419
-1.94146	1.11201	5.14325	5.12518
-1.92831	1.11463	5.14357	5.12682
-1.91419	1.12515	5.14259	5.12748
-1.90827	1.12186	5.14226	5.12912
-1.90269	1.11595	5.14357	5.12715
-1.89677	1.11365	5.14555	5.12452
-1.89973	1.11693	5.14522	5.12222
-1.90334	1.11595	5.14325	5.12288
-1.8994	1.11069	5.14325	5.12452
-1.89349	1.11891	5.14357	5.12748
-1.8879	1.12482	5.1439	5.12813
-1.88922	1.13665	5.14423	5.1278
-1.88035	1.15406	5.1439	5.12748
-1.89217	1.14683	5.14456	5.12485
-1.89875	1.14387	5.14587	5.1255
-1.89579	1.13238	5.14522	5.1278
-1.89415	1.1304	5.1416	5.1278
-1.8971	1.12712	5.14029	5.1255
-1.904	1.13205	5.14193	5.12485
-1.90203	1.13796	5.14489	5.12386
-1.904	1.14256	5.14489	5.12485
-1.904	1.1396	5.14259	5.12616
-1.9086	1.13599	5.14193	5.12583
-1.90762	1.13763	5.14226	5.12616
-1.90236	1.14256	5.14357	5.1255
-1.90663	1.14059	5.14423	5.12616
-1.89677	1.14946	5.14522	5.12748
-1.88725	1.15406	5.14555	5.1278
-1.88232	1.15209	5.14325	5.12649
-1.87213	1.16753	5.14193	5.12518
-1.85932	1.17706	5.14127	5.12419
-1.86359	1.17443	5.1416	5.12485
-1.85932	1.17476	5.14193	5.1255
-1.85801	1.17081	5.14292	5.12518
-1.85571	1.16983	5.14292	5.12452
-1.86556	1.17541	5.1439	5.12452
-1.87378	1.16983	5.14587	5.12518
-1.86688	1.17114	5.14456	5.12518
-1.86721	1.16523	5.1416	5.12485
-1.87575	1.16424	5.14095	5.12386
-1.87903	1.16129	5.14062	5.12452
-1.8925	1.15997	5.14127	5.1255
-1.89513	1.15209	5.14259	5.1255
-1.89973	1.15504	5.14259	5.12649
-1.89776	1.16884	5.14357	5.12616
-1.88298	1.1948	5.14456	5.12485
-1.88265	1.20038	5.14653	5.12288
-1.87542	1.18724	5.14785	5.12288
-1.88035	1.19414	5.14719	5.12419
-1.88265	1.18856	5.14555	5.1255
-1.87279	1.20071	5.14292	5.12616
-1.88035	1.19414	5.1416	5.12813
-1.87805	1.19447	5.14292	5.12813
-1.88725	1.17377	5.14423	5.12813
-1.8833	1.18297	5.14653	5.12748
-1.87476	1.17574	5.14587	5.12616
-1.88002	1.16884	5.14259	5.12649
-1.8764	1.1695	5.14226	5.12616
-1.8787	1.16786	5.14489	5.1255
-1.86392	1.16851	5.14686	5.1232
-1.87903	1.16063	5.1462	5.12288
-1.88396	1.14946	5.14292	5.12386
-1.87936	1.14847	5.14062	5.12452
-1.86721	1.16096	5.14127	5.12485
-1.86819	1.15866	5.14292	5.12518
-1.84914	1.1856	5.14522	5.12715
-1.84092	1.18396	5.14555	5.12846
-1.84585	1.18626	5.14555	5.12748
-1.84552	1.18396	5.14456	5.12616
-1.83435	1.20761	5.14357	5.12616
-1.82351	1.23061	5.14193	5.12748
-1.82384	1.22995	5.14226	5.12846
-1.81957	1.23817	5.14423	5.12715
-1.8061	1.24277	5.14686	5.12485
-1.8038	1.24112	5.14719	5.12255
-1.80413	1.23718	5.14686	5.12222
-1.80774	1.23619	5.14522	5.12288
-1.81037	1.22864	5.14357	5.12353
-1.81431	1.23981	5.14357	5.12452
-1.81365	1.24079	5.1439	5.12748
-1.82154	1.23554	5.14423	5.12846
-1.81562	1.23751	5.14325	5.12682
-1.81858	1.23291	5.14259	5.12616
-1.82614	1.23455	5.14325	5.12715
-1.82285	1.24802	5.14259	5.12682
-1.80905	1.25131	5.14357	5.12748
-1.8153	1.25065	5.14587	5.12715
-1.80971	1.25591	5.14522	5.12682
-1.80872	1.25558	5.14423	5.12649
-1.80544	1.25459	5.14325	5.12518
-1.7992	1.26182	5.1416	5.12583
-1.80281	1.25952	5.1416	5.12813
-1.81332	1.25361	5.14292	5.12846
-1.80445	1.26346	5.14456	5.12682
-1.7969	1.26905	5.1462	5.12682
-1.8061	1.26051	5.14555	5.12616
-1.80708	1.25656	5.14489	5.12583
-1.79887	1.25656	5.14357	5.12452
-1.8038	1.27496	5.14325	5.12419
-1.79985	1.27201	5.14292	5.12518
-1.7969	1.27102	5.14357	5.12518
-1.79854	1.27431	5.14357	5.12485
-1.8061	1.27628	5.14357	5.12419
-1.8038	1.27989	5.1439	5.12583
-1.8038	1.26839	5.14226	5.12583
-1.81464	1.25591	5.14193	5.1255
-1.80938	1.25394	5.14193	5.12485
-1.80478	1.25492	5.14259	5.12452
-1.80643	1.24934	5.14292	5.12419
-1.80183	1.25624	5.14193	5.12452
-1.81398	1.24178	5.14095	5.12616
-1.82844	1.23422	5.13963	5.12813
-1.81267	1.23291	5.14226	5.1301
-1.82745	1.2178	5.14423	5.13043
-1.82712	1.23192	5.14456	5.12879
-1.81825	1.23061	5.14325	5.12682
-1.81825	1.23291	5.14259	5.12649
-1.82154	1.23652	5.14193	5.12748
-1.83731	1.22568	5.14259	5.12748
-1.84256	1.22305	5.1439	5.12649
-1.84355	1.21812	5.14686	5.12715
-1.85012	1.20695	5.14653	5.12682
-1.83337	1.21681	5.14522	5.12518
-1.83764	1.21188	5.14259	5.12485
-1.82975	1.21812	5.13996	5.1255
-1.84651	1.20893	5.13996	5.12682
-1.85111	1.20465	5.14193	5.12682
-1.85275	1.19611	5.14357	5.12452
-1.85538	1.17837	5.1439	5.12386
-1.87049	1.16293	5.14259	5.12485
-1.87148	1.1741	5.14029	5.12682
-1.86392	1.18888	5.13865	5.12748
-1.8718	1.18199	5.1393	5.12583
-1.87772	1.17081	5.1416	5.12419
-1.87936	1.17771	5.1439	5.1232
-1.88922	1.1764	5.14555	5.12386
-1.89842	1.1672	5.1439	5.12583
-1.89776	1.17246	5.14127	5.1255
-1.89283	1.18626	5.13996	5.12485
-1.90137	1.17804	5.14095	5.12616
-1.90466	1.17509	5.14193	5.12518
-1.91977	1.15603	5.14226	5.12353
-1.92371	1.15603	5.14292	5.1232
-1.92766	1.14946	5.14423	5.12518
-1.9362	1.1304	5.14555	5.12813
-1.9431	1.11956	5.14587	5.1278
-1.94835	1.12153	5.1439	5.12649
-1.94376	1.11825	5.14325	5.12583
-1.94113	1.11135	5.1439	5.1255
-1.94868	1.10609	5.14522	5.12682
-1.95493	1.10346	5.14325	5.12879
-1.94638	1.10642	5.14029	5.12715
-1.94474	1.10511	5.1393	5.12583
-1.94113	1.10084	5.14259	5.12583
-1.9316	1.10872	5.14555	5.12583
-1.92043	1.11726	5.14522	5.12616
-1.92109	1.11102	5.14456	5.12682
-1.91156	1.13073	5.14259	5.12583
-1.91123	1.12449	5.14193	5.12682
-1.90794	1.13829	5.14259	5.1278
-1.9155	1.12613	5.1439	5.12715
-1.91222	1.13073	5.14555	5.12748
-1.89645	1.13238	5.14489	5.12649
-1.89447	1.14519	5.1439	5.12419
-1.90072	1.14355	5.14357	5.12485
-1.90137	1.15242	5.1439	5.1255
-1.90039	1.14322	5.14292	5.12715
-1.90466	1.14125	5.14259	5.1278
-1.91681	1.12153	5.1416	5.1255
-1.91944	1.11989	5.14325	5.12353
-1.93226	1.11529	5.14456	5.12353
-1.92569	1.11299	5.1439	5.1255
-1.92339	1.1235	5.14325	5.12649
-1.91813	1.12219	5.14259	5.12813
-1.9201	1.11431	5.1416	5.12912
-1.91977	1.11792	5.14029	5.12813
-1.91681	1.11792	5.14062	5.12912
-1.91846	1.11825	5.1416	5.12813
-1.91452	1.12876	5.14127	5.1278
-1.90597	1.12548	5.1416	5.12813
-1.90433	1.11858	5.14259	5.12715
-1.91123	1.11398	5.14456	5.12583
-1.9063	1.11431	5.14686	5.12419
-1.90762	1.11891	5.14719	5.1255
-1.90926	1.12778	5.1462	5.12682
-1.91287	1.13763	5.14357	5.12715
-1.89513	1.1557	5.14292	5.12649
-1.88987	1.16162	5.1439	5.12616
-1.88462	1.17476	5.14456	5.12616
-1.87903	1.17541	5.14555	5.1255
-1.88035	1.181	5.1439	5.1255
-1.87739	1.18428	5.14226	5.12485
-1.85965	1.20334	5.14127	5.12616
-1.84881	1.22141	5.14127	5.12813
-1.83337	1.23159	5.14226	5.12715
-1.84092	1.22338	5.14325	5.12452
-1.84322	1.2109	5.14325	5.12419
-1.83961	1.20991	5.1416	5.12649
-1.83337	1.2132	5.14095	5.12846
-1.82712	1.21878	5.14062	5.1278
-1.82909	1.21681	5.14062	5.12682
-1.82055	1.22305	5.14095	5.1255
-1.82844	1.21582	5.14292	5.12452
-1.82318	1.22601	5.14325	5.1255
-1.83402	1.21681	5.14522	5.12715
-1.84552	1.21484	5.14456	5.1278
-1.84684	1.21484	5.1439	5.12879
-1.83501	1.21648	5.14292	5.12846
-1.82712	1.22207	5.14423	5.12748
-1.81792	1.22042	5.14587	5.12485
-1.80478	1.23291	5.14587	5.12419
-1.8084	1.22995	5.14555	5.12419
-1.79394	1.23159	5.14522	5.12518
-1.78573	1.24572	5.14522	5.12452
-1.76569	1.26773	5.14686	5.12518
-1.76404	1.27036	5.14719	5.12583
-1.76371	1.27759	5.14719	5.12583
-1.77127	1.26905	5.14587	5.12682
-1.75287	1.27825	5.1439	5.12682
-1.744	1.2858	5.1439	5.12649
-1.74794	1.26938	5.14522	5.12649
-1.75156	1.26215	5.14555	5.12616
-1.75616	1.25755	5.14325	5.12485
-1.76569	1.25525	5.14226	5.12583
-1.7762	1.24966	5.14193	5.12649
-1.77916	1.26018	5.14357	5.12715
-1.77817	1.25656	5.14456	5.12748
-1.78671	1.24605	5.14325	5.12616
-1.78211	1.25591	5.14292	5.12452
-1.7831	1.26051	5.14456	5.12386
-1.79723	1.24079	5.14489	5.12419
-1.81234	1.2178	5.1439	5.1232
-1.81727	1.21977	5.14259	5.12353
-1.82811	1.204	5.14259	5.1255
-1.84092	1.20334	5.14292	5.12748
-1.85111	1.1925	5.14555	5.12649
-1.8695	1.17377	5.14653	5.12452
-1.86162	1.1833	5.14653	5.1232
-1.86392	1.18297	5.14653	5.1232
-1.87378	1.1787	5.14555	5.12518
-1.86622	1.16917	5.14357	5.12748
-1.85866	1.16359	5.14259	5.12945
-1.85998	1.15866	5.1439	5.12912
-1.85702	1.16096	5.14489	5.12715
-1.86458	1.14913	5.14456	5.12616
-1.86786	1.15472	5.14423	5.12715
-1.87673	1.14847	5.14259	5.12879
-1.87739	1.1511	5.1416	5.1301
-1.88002	1.13632	5.14193	5.12879
-1.8879	1.12548	5.14357	5.12945
-1.89086	1.13205	5.14587	5.12977
-1.88692	1.14157	5.14653	5.12879
-1.89185	1.13566	5.14456	5.12616
-1.90367	1.12482	5.14226	5.1255
-1.90762	1.11792	5.14226	5.12649
-1.90926	1.1235	5.14292	5.12715
-1.91419	1.11923	5.14456	5.12616
-1.91517	1.11661	5.14555	5.12419
-1.91714	1.10872	5.14587	5.12419
-1.92174	1.10609	5.14456	5.1255
-1.91419	1.11233	5.14226	5.12518
-1.92207	1.09624	5.14193	5.12682
-1.92667	1.08375	5.14489	5.12813
-1.9316	1.07981	5.14752	5.12682
-1.93423	1.07817	5.14719	5.12649
-1.92996	1.07127	5.1462	5.12583
-1.91616	1.10149	5.14325	5.1255
-1.90926	1.11792	5.1439	5.12583
-1.91517	1.1258	5.14325	5.12715
-1.9109	1.14125	5.14193	5.12715
-1.8994	1.15669	5.14029	5.12715
-1.89283	1.15734	5.14127	5.12386
-1.88626	1.16556	5.14127	5.12222
-1.88002	1.17344	5.1439	5.12353
-1.86556	1.16687	5.14292	5.12518
-1.87542	1.14125	5.14226	5.12485
-1.88363	1.14453	5.14226	5.12452
-1.86918	1.15307	5.14259	5.12452
-1.86425	1.14749	5.14423	5.12616
-1.86523	1.14355	5.1439	5.12616
-1.88002	1.13073	5.14423	5.12518
-1.88593	1.12252	5.14489	5.12649
-1.8994	1.11201	5.14587	5.12748
-1.90137	1.11332	5.14587	5.12715
-1.91189	1.10872	5.14522	5.12518
-1.9201	1.10741	5.1439	5.12353
-1.9224	1.10872	5.14127	5.12353
-1.92273	1.10708	5.1416	5.12353
-1.92831	1.09558	5.14489	5.12386
-1.92536	1.10182	5.14785	5.12353
-1.92109	1.11431	5.1485	5.12353
-1.91714	1.11891	5.14719	5.12452
-1.91386	1.14387	5.1439	5.12452
-1.92339	1.12285	5.14193	5.1255
-1.9293	1.11661	5.14062	5.12649
-1.9247	1.11858	5.1393	5.12715
-1.92897	1.10642	5.13963	5.12912
-1.92766	1.10576	5.14292	5.12879
-1.9201	1.10741	5.14719	5.1255
-1.91879	1.11003	5.14719	5.12485
-1.92306	1.10314	5.14686	5.12419
-1.92339	1.10182	5.14456	5.12353
-1.91977	1.10084	5.14292	5.1255
-1.91353	1.11168	5.14292	5.12616
-1.92799	1.10051	5.1439	5.12583
-1.92996	1.09854	5.14423	5.12518
-1.93029	1.09755	5.14292	5.1255
-1.93193	1.09262	5.14325	5.1278
-1.94211	1.07882	5.1439	5.12945
-1.93456	1.08047	5.14423	5.12879
-1.92371	1.09131	5.14357	5.12649
-1.91747	1.09361	5.14456	5.1255
-1.90039	1.11431	5.14653	5.12353
-1.89382	1.12909	5.14719	5.1232
-1.89349	1.13008	5.14653	5.12452
-1.89382	1.11858	5.14522	5.12583
-1.88298	1.13172	5.14325	5.12682
-1.88889	1.11726	5.1439	5.12616
-1.8833	1.12022	5.14522	5.1255
-1.88133	1.11595	5.14817	5.1255
-1.8695	1.12942	5.14785	5.1255
-1.85866	1.15636	5.14423	5.1255
-1.86129	1.14847	5.14095	5.12682
-1.84946	1.15242	5.14062	5.12715
-1.84585	1.15702	5.14292	5.12452
-1.84749	1.14913	5.14555	5.12189
-1.84782	1.14716	5.14456	5.1232
-1.83895	1.16654	5.14292	5.12616
-1.83501	1.16851	5.14226	5.12682
-1.82055	1.16687	5.14259	5.12583
-1.81858	1.16589	5.14193	5.12386
-1.82515	1.16687	5.1416	5.12386
-1.81891	1.16884	5.14325	5.12353
-1.8222	1.16457	5.14292	5.12386
-1.82942	1.16392	5.1416	5.12518
-1.82055	1.16326	5.14127	5.12616
-1.81891	1.17147	5.14029	5.12748
-1.82252	1.1695	5.14062	5.12846
-1.80774	1.19743	5.14095	5.12682
-1.82187	1.19808	5.14226	5.1232
-1.82285	1.21123	5.14357	5.1232
-1.80938	1.2224	5.14423	5.12649
-1.80971	1.23094	5.14226	5.12813
-1.81628	1.23915	5.14259	5.12879
-1.81957	1.24309	5.14325	5.12912
-1.83271	1.23389	5.14489	5.12682
-1.83632	1.23061	5.14489	5.12485
-1.83008	1.23981	5.1439	5.12452
-1.83698	1.23587	5.14095	5.12583
-1.84125	1.23094	5.14062	5.12649
-1.82581	1.24572	5.14325	5.12649
-1.82252	1.24474	5.14587	5.12583
-1.82975	1.24572	5.14587	5.12485
-1.83271	1.24145	5.1462	5.12518
-1.84618	1.23028	5.14259	5.12616
-1.85801	1.23127	5.14095	5.1278
-1.85801	1.23225	5.1416	5.12813
-1.86655	1.22864	5.14325	5.12912
-1.86556	1.21582	5.14587	5.12715
-1.87246	1.2224	5.14686	5.1255
-1.86885	1.21714	5.14555	5.12485
-1.88659	1.21024	5.14456	5.12518
-1.88889	1.20695	5.14357	5.1255
-1.8833	1.21024	5.14259	5.12748
-1.88725	1.19874	5.14193	5.12485
-1.8925	1.19217	5.14259	5.12288
-1.89907	1.17837	5.14423	5.12386
-1.90039	1.16819	5.14423	5.1255
-1.89053	1.17114	5.1439	5.12518
-1.8948	1.17509	5.14357	5.12452
-1.89677	1.18034	5.14357	5.12353
-1.8948	1.17804	5.14226	5.12419
-1.88429	1.18593	5.1416	5.12452
-1.87969	1.19316	5.14193	5.12583
-1.86819	1.21517	5.14259	5.12616
-1.86425	1.21944	5.14292	5.1278
-1.85866	1.23455	5.1439	5.1278
-1.84092	1.25196	5.14587	5.12616
-1.84092	1.24901	5.14653	5.12616
-1.84026	1.24704	5.14489	5.12485
-1.83862	1.23981	5.1439	5.1232
-1.84454	1.23652	5.14226	5.1255
-1.84256	1.24277	5.1416	5.12715
-1.85242	1.23652	5.1416	5.1278
-1.84552	1.24112	5.14226	5.12846
-1.84946	1.23817	5.14226	5.12748
-1.84519	1.24178	5.14193	5.12616
-1.84881	1.25131	5.14325	5.12583
-1.85636	1.24704	5.14325	5.12682
-1.87312	1.23291	5.14325	5.12682
-1.86359	1.22272	5.1439	5.12583
-1.85176	1.23554	5.14259	5.12485
-1.85144	1.23751	5.14193	5.12353
-1.85045	1.23061	5.14357	5.12255
-1.84914	1.22995	5.14456	5.12156
-1.86129	1.21714	5.14456	5.12156
-1.85866	1.21648	5.14423	5.12288
-1.85833	1.20925	5.14357	5.12452
-1.87378	1.18593	5.14325	5.12616
-1.881	1.17541	5.14423	5.12682
-1.86819	1.19808	5.14555	5.12682
-1.8856	1.18954	5.14489	5.12715
-1.89612	1.18593	5.14095	5.12945
-1.9017	1.18823	5.13996	5.1301
-1.91222	1.17311	5.14292	5.12912
-1.89907	1.18593	5.1462	5.12813
-1.904	1.16884	5.14752	5.12616
-1.93258	1.14059	5.14785	5.12715
-1.93061	1.1442	5.14653	5.12879
-1.9362	1.13402	5.14489	5.12813
-1.94178	1.11332	5.14325	5.12846
-1.94737	1.10182	5.14226	5.12748
-1.95164	1.09558	5.14095	5.12583
-1.95328	1.09624	5.14062	5.12419
-1.95263	1.10051	5.1416	5.12288
-1.9569	1.10248	5.14226	5.12419
-1.96248	1.09361	5.14193	5.12583
-1.96511	1.09788	5.14292	5.12715
-1.96182	1.09229	5.14357	5.12649
-1.9523	1.10248	5.14423	5.1278
-1.94868	1.10806	5.14456	5.12846
-1.9431	1.11562	5.14423	5.12583
-1.93916	1.12318	5.14325	5.1255
-1.93554	1.1304	5.14029	5.12583
-1.93029	1.1258	5.13996	5.12748
-1.93258	1.12613	5.14193	5.12846
-1.93653	1.11726	5.14522	5.12682
-1.93784	1.11891	5.14752	5.12583
-1.93127	1.12055	5.14653	5.12583
-1.92733	1.12186	5.14325	5.1278
-1.9224	1.13468	5.14226	5.12879
-1.9155	1.13205	5.1439	5.1301
-1.91386	1.12745	5.14489	5.12846
-1.91353	1.13468	5.14325	5.1255
-1.90302	1.14256	5.14292	5.12386
-1.8948	1.13895	5.14325	5.12288
-1.89513	1.12745	5.14456	5.12419
-1.8948	1.11989	5.14522	5.12682
-1.89842	1.11463	5.14456	5.12748
-1.89513	1.10412	5.1439	5.12715
-1.9017	1.10511	5.14292	5.12682
-1.90104	1.09591	5.14325	5.12583
-1.9132	1.09394	5.14259	5.12485
-1.91616	1.10018	5.14095	5.12583
-1.92569	1.09065	5.14127	5.12616
-1.93029	1.08441	5.14029	5.12649
-1.9362	1.08769	5.13996	5.12682
-1.93718	1.08671	5.14259	5.12616
-1.93061	1.07882	5.14489	5.12452
-1.92536	1.08835	5.14456	5.12353
-1.92306	1.08934	5.14325	5.12222
-1.92667	1.09229	5.14259	5.12222
-1.92536	1.09656	5.14193	5.1232
-1.91616	1.12679	5.14423	5.12452
-1.90992	1.13763	5.14522	5.12485
-1.90499	1.15439	5.14456	5.12452
-1.90072	1.15176	5.14555	5.12452
-1.91156	1.14617	5.1462	5.1255
-1.90729	1.13468	5.14292	5.12682
-1.92174	1.12975	5.13963	5.12649
-1.9155	1.1327	5.14095	5.12682
-1.9178	1.14617	5.14292	5.12715
-1.92536	1.14256	5.14325	5.12649
-1.92503	1.15537	5.14423	5.12616
-1.92141	1.17049	5.14325	5.12386
-1.92569	1.15669	5.1416	5.12452
-1.92799	1.15537	5.1416	5.1255
-1.92306	1.16359	5.14357	5.12616
-1.9178	1.17246	5.14456	5.12518
-1.9109	1.16983	5.1439	5.12518
-1.90104	1.17509	5.14259	5.12485
-1.90104	1.17936	5.14226	5.12616
-1.89513	1.18593	5.14193	5.12945
-1.87936	1.20794	5.14193	5.12945
-1.86983	1.21188	5.14292	5.12813
-1.87345	1.20925	5.1439	5.12649
-1.86162	1.21944	5.14325	5.12452
-1.85833	1.22437	5.14029	5.1232
-1.86491	1.21977	5.14029	5.12485
-1.86556	1.21582	5.14193	5.1255
-1.86063	1.2086	5.14423	5.12715
-1.84979	1.21287	5.14423	5.1278
-1.85144	1.21812	5.14456	5.12583
-1.83928	1.22634	5.14555	5.12452
-1.83271	1.23094	5.14555	5.1255
-1.81661	1.23718	5.14456	5.1278
-1.81037	1.24145	5.14489	5.12912
-1.79493	1.23817	5.14423	5.12846
-1.7923	1.23127	5.14489	5.12682
-1.79427	1.24079	5.14489	5.1278
-1.80018	1.24605	5.14357	5.12649
-1.80413	1.24704	5.14259	5.1232
-1.79854	1.24966	5.14193	5.12288
-1.80905	1.23981	5.14325	5.12419
-1.80938	1.22765	5.14522	5.1255
-1.8176	1.21681	5.14555	5.12518
-1.82548	1.20334	5.14456	5.12518
-1.83731	1.20071	5.14325	5.1255
-1.84289	1.20498	5.14292	5.12748
-1.83698	1.2155	5.14325	5.1278
-1.85702	1.19776	5.14423	5.12715
-1.85209	1.20794	5.14587	5.12715
-1.84782	1.19973	5.14587	5.12485
-1.85209	1.19644	5.14423	5.12353
-1.84421	1.21188	5.14193	5.12518
-1.84684	1.2132	5.14127	5.12682
-1.84256	1.2132	5.14095	5.12682
-1.84749	1.204	5.14226	5.12715
-1.84881	1.20465	5.14357	5.12715
-1.85932	1.19644	5.14423	5.12583
-1.86622	1.19316	5.14193	5.12682
-1.87838	1.19611	5.14127	5.12846
-1.88298	1.18987	5.13996	5.12813
-1.88462	1.18823	5.14062	5.12616
-1.87903	1.20005	5.14127	5.12485
-1.88199	1.19086	5.1416	5.12583
-1.88495	1.18691	5.14127	5.12583
-1.8856	1.17706	5.14292	5.12616
-1.88889	1.16983	5.14259	5.12649
-1.89875	1.16753	5.14259	5.12715
-1.90137	1.16194	5.14357	5.12682
-1.90104	1.16227	5.14325	5.12616
-1.90203	1.16819	5.1439	5.12682
-1.91386	1.16523	5.14423	5.12682
-1.91484	1.16424	5.14357	5.12715
-1.92339	1.16457	5.14193	5.12583
-1.92996	1.14782	5.14029	5.12419
-1.93916	1.13796	5.14062	5.12386
-1.95821	1.11069	5.14259	5.1232
-1.95263	1.11398	5.14522	5.12255
-1.95591	1.10675	5.1462	5.12386
-1.94474	1.11365	5.14489	5.12583
-1.93488	1.11628	5.14357	5.12682
-1.9362	1.10872	5.14226	5.12715
-1.94803	1.08638	5.14489	5.12649
-1.9431	1.10018	5.14653	5.12616
-1.9316	1.10938	5.14587	5.12649
-1.92667	1.11989	5.14522	5.1255
-1.93686	1.10511	5.14325	5.12583
-1.93521	1.11036	5.14259	5.12616
-1.92569	1.11628	5.14292	5.1255
-1.93258	1.11201	5.14423	5.12452
-1.9362	1.10051	5.14522	5.12288
-1.93423	1.10215	5.14489	5.12222
-1.93456	1.10412	5.14555	5.12156
-1.93258	1.10379	5.14357	5.12288
-1.9431	1.08802	5.14095	5.12649
-1.94178	1.09788	5.14029	5.12879
-1.9431	1.10281	5.14127	5.12879
-1.9454	1.09656	5.14193	5.12583
-1.95098	1.08671	5.14292	5.12485
-1.95493	1.08079	5.14489	5.12485
-1.96347	1.06897	5.1439	5.12485
-1.96544	1.07455	5.1416	5.12386
-1.96642	1.07094	5.14062	5.1232
-1.9753	1.07258	5.14193	5.12255
-1.98351	1.06667	5.14357	5.12222
-1.98187	1.06404	5.14522	5.12353
-1.97727	1.07291	5.14456	5.12452
-1.98154	1.07061	5.14259	5.12583
-1.98581	1.06732	5.14259	5.12583
-1.98154	1.08178	5.14259	5.12682
-1.99698	1.0693	5.14357	5.12846
-1.99501	1.05977	5.14489	5.12879
-2.00421	1.044	5.14587	5.12813
-2.01571	1.03283	5.14423	5.12485
-2.01866	1.02691	5.1439	5.12452
-2.01472	1.03776	5.14357	5.12583
-2.02622	1.02856	5.14423	5.12682
-2.02786	1.02527	5.14555	5.12682
-2.02326	1.02691	5.14587	5.12518
-2.03049	1.02133	5.14456	5.12452
-2.02885	1.02429	5.14292	5.12583
-2.02852	1.02921	5.14127	5.12813
-2.02392	1.02954	5.14062	5.12879
-2.01209	1.03776	5.14062	5.12846
-2.01111	1.04794	5.1416	5.12452
-2.00979	1.0486	5.14456	5.12255
-2.01045	1.05484	5.14489	5.12288
-2.00454	1.0647	5.14456	5.12386
-1.99731	1.06995	5.14489	5.12518
-2.00289	1.0647	5.14587	5.12452
-1.99271	1.07882	5.1462	5.12288
-1.98614	1.07784	5.1462	5.12189
-1.98252	1.08014	5.14653	5.12386
-1.97431	1.08342	5.14653	5.12419
-1.96741	1.08539	5.14423	5.1255
-1.96281	1.09689	5.1416	5.12583
-1.95821	1.10084	5.14325	5.12583
-1.94606	1.1212	5.14587	5.12682
-1.93488	1.12712	5.14719	5.12748
-1.92963	1.12055	5.14653	5.12682
-1.92174	1.12613	5.14653	5.12682
-1.92109	1.13796	5.14423	5.12715
-1.90663	1.15669	5.14127	5.12715
-1.89875	1.17114	5.14029	5.12879
-1.89677	1.17049	5.13963	5.12452
-1.88166	1.18001	5.14095	5.12189
-1.87049	1.19776	5.14423	5.12288
-1.85998	1.20465	5.14522	5.1255
-1.85275	1.2155	5.14456	5.12813
-1.86096	1.21615	5.14325	5.12846
-1.85045	1.21615	5.14325	5.12583
-1.84815	1.23258	5.14325	5.12386
-1.84749	1.2293	5.14325	5.12353
-1.84191	1.23554	5.14292	5.12452
-1.83107	1.24244	5.14259	5.12452
-1.81628	1.25886	5.14325	5.12452
-1.82877	1.24934	5.14357	5.12419
-1.82745	1.25624	5.1439	5.1255
-1.82811	1.25558	5.1416	5.12518
-1.82548	1.26445	5.14062	5.1255
-1.82942	1.26149	5.14127	5.12616
-1.83797	1.25328	5.14357	5.12682
-1.85406	1.24408	5.1439	5.12485
-1.84914	1.25032	5.14259	5.12485
-1.85406	1.25492	5.1416	5.1255
-1.85242	1.25755	5.14357	5.12616
-1.84651	1.26116	5.14653	5.12419
-1.85571	1.25886	5.14719	5.12353
-1.85998	1.26215	5.14653	5.12386
-1.85833	1.26839	5.14357	5.12682
-1.86819	1.25722	5.14193	5.12748
-1.86326	1.26051	5.14127	5.12616
-1.86819	1.24802	5.14259	5.12386
-1.86228	1.25328	5.14653	5.12222
-1.87016	1.24112	5.14785	5.1232
-1.88232	1.22864	5.14719	5.1255
-1.88265	1.23159	5.14489	5.12715
-1.88922	1.227	5.14456	5.1278
-1.88593	1.23455	5.14489	5.12748
-1.89053	1.22897	5.14522	5.12452
-1.88232	1.23619	5.14456	5.12288
-1.87049	1.24572	5.14423	5.12419
-1.86918	1.24736	5.14357	5.12452
-1.87345	1.23422	5.1439	5.12452
-1.87772	1.23225	5.14456	5.1255
-1.89217	1.2132	5.14555	5.12616
-1.89546	1.20137	5.14752	5.1255
-1.91057	1.18428	5.1462	5.12353
-1.90302	1.1925	5.14522	5.1232
-1.89152	1.20498	5.14423	5.12452
-1.88889	1.21812	5.14555	5.12748
-1.89645	1.2086	5.14653	5.12715
-1.90072	1.20925	5.14587	5.12682
-1.90433	1.20893	5.14522	5.1255
-1.90597	1.2017	5.14357	5.12386
-1.89415	1.20925	5.14259	5.12288
-1.89283	1.20728	5.14259	5.12452
-1.8856	1.20991	5.1439	5.12649
-1.87509	1.21681	5.14456	5.12879
-1.87542	1.21221	5.14522	5.12813
-1.8787	1.20038	5.14423	5.12518
-1.87838	1.20137	5.14456	5.12485
-1.87805	1.19841	5.1439	5.12649
-1.8695	1.2017	5.1439	5.12748
-1.87049	1.19677	5.14357	5.12715
-1.86622	1.19841	5.1439	5.12583
-1.86458	1.19611	5.1439	5.12386
-1.86293	1.1994	5.14259	5.12288
-1.86786	1.18823	5.14193	5.12452
-1.8718	1.1787	5.14259	5.1255
-1.87608	1.18593	5.14357	5.1255
-1.88856	1.17049	5.14357	5.12485
-1.89513	1.1672	5.14522	5.12583
-1.88692	1.16293	5.14653	5.12583
-1.88856	1.16227	5.14555	5.12518
-1.89743	1.15274	5.14357	5.1232
-1.90302	1.14683	5.14127	5.1232
-1.90236	1.1557	5.14029	5.12682
-1.90006	1.16424	5.14226	5.12912
-1.90663	1.14946	5.14587	5.12748
-1.90959	1.15439	5.14752	5.12353
-1.91681	1.14782	5.14555	5.12255
-1.93817	1.13238	5.14357	5.12583
-1.9431	1.1304	5.14193	5.12715
-1.93324	1.13566	5.14029	5.12649
-1.94014	1.13435	5.13996	5.12748
-1.94146	1.13172	5.14127	5.12748
-1.94408	1.12613	5.14226	5.12682
-1.94146	1.14387	5.14325	5.12682
-1.93817	1.15143	5.14357	5.12715
-1.93686	1.15209	5.1439	5.12715
-1.93784	1.15274	5.14325	5.12813
-1.9316	1.15439	5.14357	5.12583
-1.92601	1.16786	5.14456	5.12452
-1.91911	1.17903	5.14587	5.12386
-1.92503	1.16326	5.14456	5.12452
-1.92043	1.17377	5.14259	5.12452
-1.92799	1.17279	5.1416	5.1255
-1.91287	1.18954	5.14193	5.12485
-1.9132	1.19118	5.14259	5.12518
-1.91254	1.19316	5.14292	5.12485
-1.90992	1.18461	5.1439	5.12419
-1.89809	1.19808	5.14587	5.12452
-1.89546	1.20663	5.14587	5.12583
-1.89579	1.20827	5.14587	5.1255
-1.88757	1.20695	5.14522	5.12583
-1.89086	1.20465	5.14423	5.12518
-1.89382	1.20235	5.14259	5.12583
-1.89612	1.19644	5.14062	5.12649
-1.8879	1.21123	5.14029	5.12583
-1.89119	1.20071	5.14029	5.12485
-1.88298	1.19973	5.14029	5.12616
-1.88363	1.19414	5.14127	5.12583
-1.8787	1.20268	5.14325	5.12386
-1.8833	1.1971	5.14555	5.12222
-1.88955	1.19151	5.14522	5.12222
-1.88725	1.18856	5.14357	5.12485
-1.89415	1.18494	5.14226	5.1278
-1.89579	1.17706	5.14193	5.12879
-1.90137	1.16917	5.14325	5.12682
-1.89809	1.16917	5.14555	5.12616
-1.89677	1.17969	5.14686	5.12485
-1.89677	1.17804	5.14686	5.12452
-1.89579	1.17936	5.14522	5.12419
-1.9017	1.17771	5.14489	5.1255
-1.91222	1.17607	5.14423	5.12583
-1.91156	1.17246	5.14325	5.12682
-1.90564	1.181	5.14325	5.12649
-1.90137	1.18856	5.14587	5.12682
-1.90499	1.17936	5.14883	5.12715
-1.9132	1.16786	5.1485	5.12682
-1.90729	1.17213	5.14587	5.12649
-1.90729	1.17147	5.14489	5.12616
-1.91057	1.17081	5.14653	5.12649
-1.90203	1.17246	5.1485	5.12583
-1.9017	1.17443	5.14555	5.12616
-1.90794	1.18297	5.14193	5.12748
-1.91517	1.18396	5.14062	5.12912
-1.9155	1.18954	5.1416	5.13043
-1.92601	1.1718	5.14357	5.12977
-1.93061	1.16194	5.14325	5.12682
-1.94113	1.15176	5.14456	5.1232
-1.95295	1.13697	5.14587	5.1209
-1.95854	1.12383	5.14555	5.1232
-1.95821	1.12942	5.14226	5.1255
-1.96478	1.12219	5.14127	5.12813
-1.97431	1.11529	5.1439	5.12813
-1.98154	1.09558	5.1439	5.12682
-1.99205	1.07882	5.14193	5.12518
-1.98712	1.08966	5.14259	5.1232
-1.97431	1.10872	5.14226	5.12518
-1.96938	1.11923	5.1416	5.12649
-1.96347	1.12613	5.14259	5.12748
-1.97234	1.11923	5.14357	5.12682
-1.96807	1.12975	5.14292	5.12583
-1.95854	1.13632	5.14259	5.12682
-1.95558	1.13435	5.14127	5.12682
-1.95657	1.12909	5.1416	5.12649
-1.9385	1.13369	5.14127	5.12748
-1.9339	1.14125	5.14029	5.1278
-1.94014	1.14125	5.14095	5.12649
-1.93423	1.15143	5.14127	5.12583
-1.93226	1.15472	5.14127	5.12616
-1.91583	1.16687	5.14226	5.1278
-1.90992	1.17607	5.14292	5.1278
-1.90006	1.1695	5.14259	5.1278
-1.88626	1.19217	5.14325	5.12846
-1.87575	1.20925	5.14423	5.12846
-1.87805	1.2063	5.14292	5.12682
-1.8695	1.21287	5.14259	5.12583
-1.86918	1.21188	5.14226	5.1255
-1.86655	1.21977	5.14226	5.1255
-1.86491	1.23587	5.14193	5.12485
-1.86885	1.23455	5.1416	5.12649
-1.85538	1.23324	5.1439	5.12748
-1.85176	1.24375	5.14456	5.12813
-1.84979	1.24769	5.14489	5.12813
-1.82811	1.27135	5.14555	5.12682
-1.8199	1.28449	5.14587	5.12748
-1.80938	1.29435	5.1439	5.12945
-1.8084	1.28876	5.14325	5.1278
-1.80117	1.29303	5.14423	5.12485
-1.79657	1.29566	5.1439	5.12518
-1.7946	1.29435	5.14193	5.12518
-1.79066	1.29632	5.14226	5.12485
-1.79657	1.28712	5.14456	5.12485
-1.7946	1.28186	5.14522	5.12452
-1.8038	1.27628	5.14423	5.12583
-1.81727	1.27003	5.14292	5.12748
-1.82121	1.26839	5.14226	5.12715
-1.8199	1.27496	5.14193	5.1278
-1.83402	1.26281	5.14292	5.12846
-1.84125	1.25952	5.1439	5.12616
-1.83764	1.25886	5.14456	5.12386
-1.83304	1.26839	5.14719	5.12353
-1.83599	1.26511	5.14817	5.12485
-1.83534	1.27858	5.14653	5.1255
-1.83402	1.27463	5.14423	5.12649
-1.84224	1.26675	5.14193	5.12649
-1.84289	1.26084	5.14127	5.12616
-1.85833	1.24079	5.1416	5.12616
-1.86425	1.22897	5.14095	5.12419
-1.85571	1.24211	5.14127	5.12485
-1.86491	1.24408	5.14325	5.1255
-1.86556	1.24671	5.14292	5.12616
-1.86721	1.24375	5.14029	5.12715
-1.86261	1.25591	5.13766	5.12649
-1.87016	1.24999	5.13832	5.12715
-1.87805	1.23159	5.14095	5.12715
-1.88396	1.2178	5.14357	5.12583
-1.89283	1.21747	5.14226	5.12419
-1.8971	1.2132	5.14127	5.12419
-1.89579	1.20761	5.1416	5.1255
-1.89875	1.21057	5.13996	5.12715
-1.89513	1.2224	5.13865	5.12813
-1.89677	1.21681	5.14127	5.12846
-1.90466	1.20597	5.14325	5.12813
-1.91024	1.19874	5.14325	5.12748
-1.91156	1.19776	5.14127	5.12682
-1.89776	1.20301	5.13963	5.12649
-1.90072	1.19053	5.14062	5.12682
-1.90532	1.18921	5.1416	5.12452
-1.90762	1.18987	5.14325	5.1255
-1.90203	1.18954	5.14456	5.12649
-1.9132	1.17706	5.14357	5.12583
-1.92371	1.16129	5.14292	5.12583
-1.93784	1.14453	5.14325	5.12748
-1.94178	1.15143	5.14226	5.12846
-1.94507	1.1534	5.14259	5.12846
-1.94638	1.15406	5.1439	5.12715
-1.96018	1.13238	5.14555	5.12583
-1.973	1.10412	5.14653	5.12386
-1.98318	1.09032	5.14653	5.12386
-1.98778	1.08079	5.14423	5.12452
-1.97989	1.07915	5.14259	5.12616
-1.97694	1.07948	5.14456	5.12649
-1.9707	1.09196	5.14785	5.12649
-1.96314	1.10346	5.14752	5.12583
-1.9661	1.10281	5.14522	5.12583
-1.96675	1.10806	5.14292	5.1255
-1.9707	1.10379	5.14357	5.1255
-1.97727	1.10773	5.14653	5.12649
-1.98055	1.09722	5.14719	5.12583
-1.96938	1.11069	5.1462	5.12419
-1.95985	1.12745	5.14456	5.1232
-1.95493	1.13238	5.14357	5.1232
-1.9615	1.13435	5.14193	5.1255
-1.9615	1.13763	5.14127	5.12715
-1.95328	1.13829	5.14062	5.1278
-1.96478	1.11989	5.1416	5.12945
-1.97727	1.10281	5.14193	5.12715
-1.97135	1.10314	5.14325	5.12485
-1.97004	1.11299	5.14259	5.12485
-1.97332	1.10708	5.1416	5.12452
-1.9661	1.11003	5.14127	5.12386
-1.96314	1.10642	5.14226	5.12518
-1.9661	1.10182	5.14489	5.12649
-1.96774	1.09689	5.14555	5.12748
-1.96544	1.09394	5.14423	5.12813
-1.95723	1.10609	5.14259	5.12945
-1.95328	1.11102	5.14193	5.12945
-1.95394	1.1212	5.14259	5.12945
-1.94606	1.13402	5.14423	5.12583
-1.94146	1.14486	5.14522	5.12353
-1.94343	1.14486	5.14423	5.1232
-1.9339	1.14749	5.14423	5.12452
-1.9224	1.15439	5.14423	5.12518
-1.91846	1.1672	5.1439	5.12583
-1.91944	1.15964	5.14226	5.12485
-1.91616	1.16194	5.14193	5.12518
-1.90597	1.17969	5.14456	5.1255
-1.89316	1.18461	5.14719	5.12518
-1.89185	1.18166	5.14817	5.12452
-1.87903	1.1971	5.1462	5.12485
-1.87312	1.19808	5.14357	5.12452
-1.85801	1.21451	5.14357	5.12485
-1.83994	1.23324	5.14522	5.12583
-1.83074	1.24047	5.14587	5.12485
-1.83599	1.23784	5.14653	5.12485
-1.82844	1.24079	5.14653	5.1232
-1.8153	1.24704	5.14587	5.12288
-1.81464	1.24309	5.14522	5.12452
-1.81365	1.25229	5.1439	5.12452
-1.80281	1.26609	5.1439	5.1232
-1.79525	1.27693	5.14456	5.12353
-1.79197	1.27069	5.1439	5.12485
-1.79131	1.27135	5.14193	5.12616
-1.78343	1.26839	5.13865	5.12649
-1.7785	1.28482	5.13865	5.1278
-1.75813	1.30749	5.14127	5.12813
-1.74959	1.30815	5.1439	5.12715
-1.72889	1.318	5.14587	5.12518
-1.72068	1.3134	5.14555	5.12518
-1.7164	1.31833	5.14456	5.12682
-1.71608	1.31274	5.14292	5.12748
-1.71148	1.31439	5.14226	5.12977
-1.70753	1.31833	5.14423	5.1301
-1.70983	1.32424	5.14653	5.12879
-1.71509	1.31537	5.14752	5.12682
-1.72495	1.3111	5.14719	5.12583
-1.72955	1.30552	5.14456	5.1255
-1.73809	1.30913	5.14325	5.12715
-1.7463	1.30519	5.14127	5.1278
-1.74992	1.30486	5.14259	5.12452
-1.75714	1.31012	5.14423	5.12123
-1.75222	1.30059	5.1439	5.12123
-1.75616	1.30782	5.14292	5.12189
-1.7831	1.28383	5.14325	5.12419
-1.78573	1.2881	5.14423	5.12715
-1.79427	1.28646	5.14555	5.12945
-1.80807	1.26741	5.1462	5.13043
-1.81168	1.26576	5.14555	5.12748
-1.81891	1.25919	5.14489	5.1255
-1.81792	1.27102	5.14587	5.1255
-1.82614	1.25821	5.14555	5.12616
-1.83074	1.25952	5.14226	5.12649
-1.83567	1.25492	5.14029	5.12518
-1.83008	1.24868	5.1416	5.12518
-1.83074	1.24539	5.14489	5.12518
-1.83468	1.25164	5.1485	5.12518
-1.83994	1.24079	5.14719	5.12583
-1.84749	1.23817	5.14522	5.12583
-1.85768	1.22272	5.14522	5.12419
-1.86786	1.22272	5.14423	5.12255
-1.87082	1.22042	5.14292	5.12255
-1.86819	1.21845	5.14259	5.1232
-1.86063	1.2201	5.14292	5.12353
-1.86589	1.20958	5.14226	5.12452
-1.87246	1.19808	5.14127	5.12682
-1.86392	1.1971	5.14062	5.12682
-1.87213	1.17903	5.14259	5.12583
-1.87246	1.16654	5.14325	5.12682
-1.8741	1.15866	5.1416	5.12583
-1.86096	1.17049	5.14127	5.12583
-1.85176	1.16326	5.14292	5.12813
-1.85045	1.15406	5.14357	5.1278
-1.84979	1.15209	5.14522	5.12748
-1.84158	1.15439	5.1462	5.12748
-1.85242	1.15012	5.14423	5.12649
-1.84454	1.15669	5.14357	5.12452
-1.84618	1.14092	5.14292	5.12616
-1.85242	1.12416	5.14325	5.12879
-1.84224	1.13073	5.14489	5.12945
-1.84684	1.12942	5.14423	5.12846
-1.85439	1.14683	5.14357	5.12649
-1.85899	1.14355	5.14357	5.12715
-1.85866	1.14092	5.14522	5.12649
-1.85144	1.14782	5.14325	5.12485
-1.85373	1.14683	5.1393	5.12419
-1.85998	1.14946	5.13733	5.12616
-1.87115	1.1557	5.13865	5.1255
-1.86622	1.16063	5.14029	5.12748
-1.86293	1.16326	5.14226	5.12879
-1.85801	1.16424	5.14423	5.12649
-1.86918	1.15274	5.14456	5.12419
-1.86392	1.15899	5.14357	5.12386
-1.8764	1.15964	5.14357	5.12485
-1.8948	1.15439	5.14456	5.1278
-1.89283	1.16063	5.14456	5.12879
-1.90236	1.14617	5.14489	5.12846
-1.90104	1.15472	5.1439	5.1278
-1.90696	1.15176	5.14259	5.12682
-1.90334	1.14026	5.14325	5.12616
-1.90269	1.13402	5.14127	5.12715
-1.89349	1.13369	5.14193	5.12912
-1.89283	1.13369	5.14193	5.1278
-1.88626	1.13829	5.14193	5.1255
-1.9017	1.12843	5.14259	5.12518
-1.90433	1.13632	5.14423	5.12616
-1.91452	1.12778	5.14587	5.12583
-1.91747	1.13106	5.14587	5.12452
-1.91024	1.13238	5.14423	5.12419
-1.91616	1.13862	5.14357	5.12452
-1.9247	1.13468	5.14325	5.1255
-1.92404	1.11989	5.1416	5.12715
-1.92339	1.12285	5.14127	5.12715
-1.92601	1.10741	5.14127	5.12715
-1.92306	1.10642	5.14423	5.12649
-1.91879	1.10872	5.14653	5.1255
-1.90597	1.12285	5.1462	5.12419
-1.90466	1.12383	5.14423	5.12452
-1.9063	1.13106	5.14292	5.12452
-1.90466	1.13139	5.14259	5.12452
-1.90992	1.11891	5.14325	5.12485
-1.90992	1.11332	5.14489	5.12649
-1.91813	1.10511	5.14489	5.12616
-1.91583	1.10543	5.14489	5.12485
-1.91879	1.09755	5.1439	5.12288
-1.92963	1.07751	5.14325	5.12222
-1.92733	1.08112	5.14325	5.12386
-1.93751	1.06864	5.14423	5.1278
-1.93488	1.07455	5.14423	5.12912
-1.94737	1.06404	5.1439	5.12813
-1.95263	1.05944	5.14325	5.12583
-1.94178	1.0693	5.14292	5.12255
-1.94277	1.06437	5.14259	5.12288
-1.9408	1.05484	5.14325	5.12649
-1.94014	1.05944	5.14522	5.12649
-1.9385	1.05878	5.14555	5.12616
-1.93948	1.05812	5.14686	5.12583
-1.92306	1.0624	5.14752	5.12583
-1.91747	1.0716	5.1462	5.12649
-1.92043	1.05845	5.14423	5.12682
-1.92043	1.05517	5.14325	5.12715
-1.93193	1.07028	5.14193	5.12813
-1.92799	1.0716	5.14292	5.12649
-1.93948	1.06305	5.1439	5.12452
-1.94638	1.06798	5.14357	5.12353
-1.94835	1.07094	5.1439	5.12616
-1.94638	1.07948	5.14193	5.12649
-1.94704	1.07192	5.14062	5.1255
-1.96544	1.05812	5.14259	5.12485
-1.97858	1.03546	5.14456	5.12485
-1.97792	1.04006	5.14653	5.12649
-1.98351	1.03808	5.14587	5.12616
-1.98252	1.05418	5.14522	5.12419
-1.98154	1.05024	5.14292	5.12353
-1.97858	1.04991	5.14292	5.12353
-1.98417	1.05878	5.14226	5.12452
-1.98745	1.0532	5.14325	5.12485
-1.97989	1.05385	5.14522	5.1232
-1.98384	1.0371	5.1462	5.12189
-1.97332	1.03874	5.14653	5.12386
-1.95657	1.04958	5.1462	5.12583
-1.94803	1.06141	5.14489	5.12616
-1.94671	1.06404	5.1462	5.12616
-1.95328	1.07028	5.14686	5.12616
-1.94014	1.08507	5.14587	5.12682
-1.93817	1.08835	5.14325	5.12649
-1.9247	1.10215	5.14095	5.12583
-1.91386	1.11201	5.14127	5.12583
-1.90466	1.12679	5.14357	5.12682
-1.89677	1.11792	5.14456	5.12682
-1.8902	1.13533	5.14423	5.1255
-1.89645	1.12482	5.1439	5.12518
-1.89349	1.1304	5.14292	5.1255
-1.89316	1.12909	5.14259	5.12715
-1.88232	1.13796	5.14357	5.12583
-1.87279	1.14486	5.1462	5.1255
-1.86523	1.1626	5.14752	5.12583
-1.85833	1.17114	5.14686	5.1255
-1.85242	1.17739	5.14456	5.12386
-1.85801	1.17574	5.1416	5.12353
-1.85045	1.18363	5.14095	5.1255
-1.82252	1.1971	5.14193	5.12715
-1.81431	1.20761	5.14357	5.12813
-1.8107	1.20334	5.14489	5.12583
-1.79953	1.2201	5.14522	5.12419
-1.78441	1.23554	5.14456	5.12452
-1.77587	1.22897	5.14292	5.1255
-1.77127	1.23915	5.14292	5.12485
-1.7601	1.25032	5.14259	5.12452
-1.7463	1.25919	5.1439	5.12485
-1.75517	1.25919	5.14456	5.12485
-1.74729	1.25788	5.14719	5.12583
-1.73907	1.27003	5.14785	5.12715
-1.74203	1.27693	5.14423	5.12682
-1.73677	1.27858	5.14127	5.12616
-1.73119	1.27956	5.13996	5.12616
-1.73053	1.27825	5.14029	5.1255
-1.73842	1.28613	5.14292	5.12583
-1.74499	1.27431	5.14522	5.12452
-1.75024	1.27989	5.14587	5.1232
-1.75649	1.28646	5.14555	5.12485
-1.74827	1.28285	5.14489	5.12715
-1.75057	1.28022	5.14489	5.12977
-1.767	1.27233	5.1439	5.12912
-1.77948	1.27233	5.14456	5.12813
-1.78967	1.26346	5.14423	5.12649
-1.7992	1.25689	5.14357	5.12616
-1.79394	1.26346	5.14357	5.12682
-1.80084	1.24966	5.14226	5.12682
-1.8153	1.24539	5.14193	5.12616
-1.82088	1.23159	5.14292	5.12485
-1.82877	1.22765	5.14423	5.12452
-1.82844	1.21254	5.14489	5.12518
-1.83994	1.2017	5.14456	5.12452
-1.86261	1.18001	5.14456	5.1255
-1.86819	1.17476	5.14456	5.12616
-1.88133	1.15143	5.14489	5.12682
-1.88725	1.14979	5.14522	5.12813
-1.88692	1.14979	5.14489	5.12748
-1.88856	1.14913	5.14522	5.12616
-1.89349	1.14387	5.14489	5.12583
-1.89743	1.14716	5.1439	5.12485
-1.90762	1.14552	5.14292	5.1255
-1.91484	1.14617	5.14292	5.12748
-1.91846	1.12909	5.14292	5.12813
-1.91944	1.12449	5.14193	5.12813
-1.91386	1.13073	5.14127	5.12682
-1.9155	1.12646	5.14062	5.12616
-1.91386	1.13008	5.1393	5.12616
-1.92569	1.12153	5.13963	5.12682
-1.92109	1.1327	5.14095	5.12715
-1.92306	1.12482	5.1439	5.12649
-1.92273	1.11891	5.14587	5.12518
-1.91879	1.12646	5.1462	5.12485
-1.91846	1.12153	5.14456	5.12386
-1.91419	1.13402	5.14292	5.12452
-1.93423	1.11431	5.14259	5.12649
-1.93258	1.10511	5.14292	5.1278
-1.92864	1.10543	5.14325	5.12813
-1.92536	1.10412	5.14226	5.12715
-1.9155	1.12153	5.14095	5.12616
-1.9132	1.11628	5.13996	5.12616
-1.91714	1.10839	5.14029	5.12583
-1.91386	1.10806	5.14127	5.12649
-1.90236	1.12022	5.14423	5.12682
-1.90794	1.10314	5.14555	5.12583
-1.91156	1.10051	5.1462	5.12386
-1.9109	1.08605	5.14522	5.12452
-1.91057	1.08868	5.14587	5.12682
-1.90893	1.08966	5.14587	5.12912
-1.90959	1.09558	5.1462	5.13076
-1.92339	1.10149	5.14653	5.1301
-1.91747	1.10839	5.14653	5.12748
-1.91189	1.12153	5.14489	5.12518
-1.90794	1.1235	5.14522	5.12386
-1.91386	1.11956	5.14522	5.12419
-1.9132	1.12745	5.14522	5.12616
-1.90827	1.13632	5.14522	5.12682
-1.91057	1.13172	5.14259	5.12583
-1.90367	1.14683	5.14062	5.12353
-1.90564	1.14585	5.1416	5.1209
-1.91057	1.13533	5.14127	5.12222
-1.90302	1.13205	5.14062	5.12452
-1.91024	1.14059	5.14062	5.12518
-1.90893	1.15077	5.14226	5.12485
-1.9132	1.14223	5.1439	5.12583
-1.90597	1.15012	5.14423	5.12649
-1.89349	1.16851	5.14522	5.1255
-1.89217	1.18297	5.14653	5.12616
-1.89579	1.19348	5.14653	5.12748
-1.88725	1.19907	5.14423	5.12879
-1.88166	1.19808	5.1439	5.12715
-1.87805	1.19874	5.14292	5.12419
-1.86425	1.22305	5.14292	5.12419
-1.86491	1.22305	5.14357	5.1255
-1.87279	1.21451	5.14357	5.12682
-1.86293	1.23028	5.14292	5.12748
-1.84946	1.24638	5.14357	5.12616
-1.85045	1.24309	5.14587	5.1255
-1.84946	1.25394	5.14817	5.12419
-1.84914	1.24736	5.14916	5.12222
-1.84059	1.25722	5.14785	5.12123
-1.83797	1.26051	5.14456	5.12255
-1.82844	1.26149	5.14357	5.12518
-1.81365	1.27266	5.14456	5.12682
-1.80445	1.27562	5.14456	5.12715
-1.8061	1.27726	5.14325	5.12518
-1.79525	1.28482	5.14357	5.12189
-1.78244	1.28055	5.14456	5.12255
-1.7785	1.27693	5.14325	5.12353
-1.77981	1.28318	5.14259	5.12419
-1.77324	1.28679	5.14456	5.12485
-1.76503	1.29829	5.14719	5.12419
-1.77587	1.30092	5.14719	5.12485
-1.77094	1.30782	5.14653	5.12518
-1.77521	1.30486	5.14555	5.12419
-1.77423	1.31439	5.14456	5.12682
-1.77357	1.31077	5.14423	5.12945
-1.77061	1.31439	5.14489	5.1301
-1.767	1.33147	5.14522	5.12813
-1.76371	1.32227	5.14555	5.1278
-1.75583	1.31669	5.14456	5.12682
-1.75386	1.32194	5.14325	5.12583
-1.76076	1.3295	5.1416	5.12518
-1.76864	1.32326	5.14029	5.12583
-1.77291	1.30946	5.1416	5.12682
-1.76503	1.31406	5.14357	5.1255
-1.7624	1.30946	5.14325	5.12222
-1.76996	1.30749	5.14193	5.12288
-1.76766	1.31866	5.14127	5.12616
-1.7739	1.30355	5.1416	5.12813
-1.77127	1.3065	5.14226	5.12813
-1.76634	1.30157	5.1439	5.12616
-1.77653	1.2904	5.14423	5.1255
-1.7877	1.28285	5.14357	5.12813
-1.7877	1.29106	5.14259	5.12813
-1.78211	1.2858	5.14325	5.12715
-1.7923	1.26905	5.14259	5.12583
-1.78934	1.27989	5.1416	5.12485
-1.8015	1.27529	5.14193	5.1255
-1.813	1.26215	5.14423	5.12649
-1.82055	1.25722	5.14686	5.12485
-1.82154	1.26018	5.14686	5.12485
-1.82679	1.26938	5.14522	5.12682
-1.83698	1.27069	5.14193	5.12616
-1.84651	1.25295	5.14062	5.12583
-1.85669	1.24474	5.14062	5.12649
-1.86786	1.23422	5.14193	5.12682
-1.86721	1.227	5.14456	5.12518
-1.87115	1.23587	5.14357	5.12682
-1.87706	1.23159	5.14259	5.12846
-1.87608	1.23061	5.14226	5.12945
-1.87049	1.23324	5.14259	5.12912
-1.86129	1.24112	5.1439	5.12748
-1.86589	1.22864	5.14456	5.12649
-1.85833	1.23652	5.14587	5.12518
-1.85932	1.24277	5.1439	5.1255
-1.86293	1.23619	5.1416	5.12846
-1.86885	1.22897	5.14127	5.12912
-1.85702	1.24638	5.14292	5.12583
-1.85636	1.24277	5.14489	5.12452
-1.85373	1.24178	5.14456	5.1255
-1.84815	1.24605	5.14423	5.12682
-1.85078	1.23817	5.14226	5.1278
-1.84716	1.23685	5.14062	5.12715
-1.85308	1.22995	5.13963	5.12682
-1.86228	1.22634	5.14029	5.12649
-1.85833	1.22732	5.14127	5.12452
-1.86031	1.22075	5.14259	5.12452
-1.85735	1.23455	5.14095	5.12649
-1.83928	1.24079	5.14029	5.1278
-1.82975	1.24736	5.13897	5.12879
-1.83238	1.25821	5.14029	5.12945
-1.81924	1.26445	5.14259	5.12748
-1.81168	1.27069	5.1462	5.12518
-1.81431	1.26609	5.14555	5.12485
-1.82614	1.25295	5.14423	5.12518
-1.83238	1.24014	5.14226	5.12682
-1.83961	1.23981	5.14062	5.12813
-1.83698	1.22864	5.14127	5.12616
-1.84749	1.2224	5.14325	5.12353
-1.85505	1.21353	5.1439	5.12419
-1.85965	1.20663	5.14423	5.1255
-1.86852	1.20531	5.14357	5.12649
-1.86556	1.19907	5.14127	5.12616
-1.86129	1.20761	5.14062	5.12485
-1.8741	1.20465	5.14226	5.12419
-1.8764	1.21024	5.14456	5.12518
-1.87279	1.21057	5.14423	5.12583
-1.87213	1.20728	5.14522	5.12616
-1.8695	1.21681	5.14357	5.12649
-1.8856	1.19907	5.1416	5.12616
-1.88692	1.19414	5.14226	5.12748
-1.88856	1.1925	5.14193	5.12912
-1.8971	1.1856	5.1439	5.1278
-1.90039	1.17739	5.14522	5.12616
-1.90236	1.1695	5.1439	5.12419
-1.90269	1.17344	5.14292	5.12353
-1.91353	1.15702	5.14259	5.12386
-1.90597	1.15932	5.1439	5.12583
-1.92043	1.14387	5.14423	5.1255
-1.92207	1.14486	5.14357	5.1255
-1.92043	1.14683	5.1439	5.12452
-1.92109	1.14256	5.14193	5.12485
-1.92766	1.1304	5.14226	5.12682
-1.93258	1.13763	5.14325	5.12813
-1.92766	1.14486	5.14259	5.12748
-1.92601	1.15077	5.14325	5.12715
-1.93916	1.13927	5.14456	5.12485
-1.94244	1.13632	5.14357	5.12353
-1.93916	1.14453	5.14095	5.12288
-1.93883	1.1419	5.13963	5.12485
-1.94803	1.13238	5.14029	5.12748
-1.9477	1.14026	5.13996	5.12846
-1.95263	1.12153	5.14062	5.12682
-1.96215	1.10675	5.14259	5.12386
-1.95065	1.1258	5.14292	5.12452
-1.94146	1.13073	5.14193	5.12616
-1.93193	1.1396	5.1416	5.12748
-1.92897	1.13796	5.14127	5.12813
-1.92963	1.13599	5.14226	5.1278
-1.91747	1.13369	5.1439	5.12649
-1.92371	1.13599	5.14456	5.12485
-1.91944	1.13599	5.14423	5.12353
-1.91747	1.13073	5.14259	5.12386
-1.90499	1.14125	5.14193	5.12583
-1.89579	1.1488	5.14226	5.12616
-1.881	1.1649	5.14325	5.12813
-1.87805	1.15734	5.14423	5.12813
-1.87279	1.16851	5.14357	5.12485
-1.86523	1.17213	5.14292	5.1232
-1.86031	1.18067	5.1439	5.12583
-1.86819	1.16917	5.14357	5.12813
-1.86918	1.15669	5.14062	5.12846
-1.86359	1.16819	5.14029	5.12682
-1.86655	1.17246	5.14062	5.12452
-1.86425	1.1764	5.14029	5.1232
-1.85603	1.18199	5.13963	5.12485
-1.84355	1.19874	5.14095	5.12846
-1.83632	1.20991	5.14357	5.13076
-1.82778	1.21484	5.14489	5.1278
-1.82449	1.21747	5.14522	5.12386
-1.82187	1.21582	5.1439	5.12288
-1.83074	1.21155	5.14226	5.12452
-1.81858	1.22667	5.14357	5.12616
-1.81595	1.21714	5.14226	5.12715
-1.81957	1.21878	5.14029	5.12715
-1.82121	1.23159	5.14062	5.1255
-1.82844	1.22634	5.1416	5.1232
-1.83238	1.22437	5.14292	5.12255
-1.83304	1.21451	5.14325	5.12353
-1.83139	1.22042	5.1439	5.12649
-1.83928	1.20728	5.14292	5.1278
-1.83534	1.21287	5.14193	5.12748
-1.82548	1.22371	5.14193	5.12715
-1.82384	1.22601	5.14259	5.12682
-1.81957	1.23061	5.14259	5.12616
-1.80675	1.23718	5.1416	5.12518
-1.79821	1.25164	5.14095	5.12353
-1.80544	1.23718	5.14062	5.12222
-1.80314	1.24868	5.14062	5.12255
-1.79821	1.26084	5.13963	5.12353
-1.78638	1.26708	5.14095	5.12518
-1.78178	1.26412	5.14357	5.1278
-1.77883	1.25919	5.14423	5.1278
-1.7877	1.26182	5.1439	5.12682
-1.78638	1.26839	5.14325	5.12583
-1.79427	1.27562	5.14325	5.12518
-1.80117	1.27956	5.14489	5.1255
-1.79525	1.28876	5.14555	5.12616
-1.79821	1.28745	5.14423	5.1255
-1.78573	1.27759	5.14259	5.12583
-1.79328	1.26741	5.14127	5.12616
-1.78343	1.27036	5.14095	5.12682
-1.7808	1.27628	5.14226	5.12649
-1.78901	1.28548	5.14423	5.12616
-1.79624	1.27661	5.14555	5.12649
-1.79591	1.27628	5.1439	5.12748
-1.78737	1.28219	5.14095	5.12813
-1.80018	1.26741	5.14292	5.12682
-1.80905	1.26084	5.1439	5.12616
-1.7992	1.28186	5.14325	5.12682
-1.79657	1.27496	5.14259	5.12748
-1.79788	1.26971	5.14292	5.1278
-1.78441	1.27233	5.14456	5.12649
-1.77554	1.28022	5.14423	5.12485
-1.78408	1.28022	5.14292	5.12419
-1.80018	1.25985	5.14325	5.12452
-1.80577	1.25558	5.14357	5.12452
-1.80248	1.26084	5.14357	5.12485
-1.79985	1.26248	5.14456	5.1255
-1.8038	1.27003	5.14357	5.12386
-1.81858	1.26543	5.14193	5.12518
-1.82384	1.25492	5.14095	5.12748
-1.82351	1.24736	5.14193	5.1278
-1.82679	1.24802	5.14226	5.12748
-1.82877	1.25426	5.14357	5.12616
-1.83271	1.24605	5.14456	5.12518
-1.84421	1.23357	5.14489	5.12583
-1.85308	1.22897	5.14357	5.12748
-1.86063	1.21353	5.14127	5.12748
-1.85998	1.22042	5.13996	5.12715
-1.85965	1.21681	5.14095	5.12583
-1.85801	1.21057	5.14357	5.12485
-1.85472	1.23192	5.14423	5.12353
-1.85833	1.21944	5.14325	5.12255
-1.85439	1.21714	5.14226	5.12419
-1.85505	1.21681	5.14193	5.12682
-1.85505	1.21353	5.14193	5.12813
-1.86523	1.20728	5.14522	5.1278
-1.86359	1.20531	5.1462	5.12649
-1.85505	1.20958	5.14653	5.12485
-1.85603	1.20597	5.14653	5.12452
-1.87115	1.20137	5.14456	5.12485
-1.86458	1.20268	5.14292	5.1255
-1.86162	1.2178	5.1416	5.12649
-1.84585	1.22634	5.14193	5.12649
-1.84618	1.23455	5.14325	5.1255
-1.84552	1.23652	5.14292	5.12616
-1.84158	1.24966	5.14259	5.12649
-1.84388	1.23882	5.14095	5.12452
-1.84191	1.23028	5.14259	5.1255
-1.84191	1.23882	5.14587	5.12616
-1.83797	1.24211	5.14817	5.12616
-1.84355	1.23258	5.1485	5.12649
-1.84914	1.23094	5.14653	5.1255
-1.83435	1.24342	5.14423	5.12419
-1.83369	1.24178	5.14423	5.12518
-1.83665	1.24112	5.14456	5.12682
-1.84355	1.22207	5.14423	5.12649
-1.85209	1.22207	5.14522	5.12649
-1.85439	1.21155	5.14587	5.12682
-1.84191	1.22042	5.14653	5.12616
-1.84191	1.22174	5.14522	5.12518
-1.83599	1.23587	5.14292	5.1232
-1.82745	1.23915	5.13996	5.12222
-1.82745	1.23685	5.14029	5.12288
-1.82384	1.24507	5.14259	5.12255
-1.82384	1.24868	5.14456	5.12222
-1.83369	1.23028	5.14292	5.12288
-1.82252	1.23718	5.14259	5.12518
-1.82154	1.24605	5.14259	5.12748
-1.81957	1.24999	5.14357	5.12912
-1.82844	1.24277	5.14489	5.1301
-1.82384	1.24507	5.14587	5.1301
-1.83107	1.23455	5.14456	5.1278
-1.83435	1.23521	5.14357	5.12649
-1.83337	1.21911	5.14259	5.12616
-1.83567	1.22962	5.14292	5.12748
-1.83402	1.23159	5.14259	5.12912
-1.83862	1.23915	5.14325	5.13043
-1.84388	1.24638	5.14456	5.12912
-1.85275	1.23357	5.14587	5.12649
-1.84979	1.24014	5.14653	5.12649
-1.85472	1.23291	5.14686	5.12649
-1.86655	1.2247	5.14752	5.12813
-1.87509	1.21024	5.14686	5.12813
-1.87739	1.20893	5.14456	5.12583
-1.88495	1.1994	5.1439	5.12419
-1.88692	1.19546	5.14259	5.12353
-1.88856	1.1925	5.1416	5.12682
-1.89677	1.17936	5.14259	5.12846
-1.90433	1.16819	5.14456	5.12748
-1.89415	1.18396	5.14522	5.12748
-1.89645	1.181	5.14555	5.1255
-1.89217	1.16884	5.14653	5.12518
-1.89185	1.17771	5.14653	5.12419
-1.8764	1.1925	5.14555	5.12485
-1.8718	1.19151	5.14423	5.12518
-1.86589	1.21123	5.14456	5.12583
-1.86261	1.22075	5.14587	5.12386
-1.86753	1.21451	5.14587	5.12419
-1.86458	1.22568	5.14489	5.1232
-1.84946	1.24638	5.14226	5.12419
-1.85833	1.23028	5.13963	5.12485
-1.85242	1.23652	5.1393	5.12485
-1.85768	1.23028	5.14062	5.12649
-1.86162	1.21812	5.13996	5.12748
-1.86556	1.22897	5.14127	5.12616
-1.86983	1.22798	5.14029	5.1255
-1.86688	1.22601	5.13897	5.12452
-1.86261	1.227	5.13963	5.12419
-1.85439	1.22897	5.14127	5.12452
-1.84651	1.24408	5.14193	5.12616
-1.84355	1.24145	5.1439	5.12682
-1.85111	1.24244	5.14522	5.12616
-1.85012	1.24605	5.1462	5.12419
-1.83698	1.26543	5.14522	5.1255
-1.83862	1.27003	5.14325	5.12682
-1.83632	1.26281	5.14127	5.12715
-1.83172	1.27463	5.14259	5.12485
-1.82252	1.28416	5.14292	5.12353
-1.81825	1.29172	5.1416	5.12452
-1.81234	1.29205	5.14029	5.12649
-1.81037	1.30519	5.13963	5.12682
-1.80183	1.30716	5.1416	5.12813
-1.80347	1.29862	5.14226	5.12846
-1.80413	1.3065	5.14325	5.12583
-1.79821	1.30256	5.1439	5.12485
-1.79755	1.31242	5.14555	5.12583
-1.79723	1.3111	5.14357	5.12682
-1.79558	1.3065	5.13996	5.12945
-1.81332	1.28876	5.13897	5.1301
-1.8176	1.27628	5.14029	5.12912
-1.81135	1.27168	5.14226	5.12748
-1.82121	1.26741	5.14522	5.12715
-1.82515	1.26313	5.14686	5.12748
-1.82384	1.26576	5.14653	5.12649
-1.82712	1.26741	5.1439	5.12583
-1.84092	1.24507	5.14259	5.12616
-1.84519	1.24769	5.14193	5.12879
-1.86425	1.23127	5.14357	5.12813
-1.86359	1.23192	5.14456	5.12682
-1.85078	1.24704	5.1439	5.12682
-1.84848	1.25854	5.14259	5.12715
-1.83731	1.26182	5.14095	5.1278
-1.83731	1.26905	5.14259	5.12682
-1.85078	1.25722	5.14325	5.12419
-1.85965	1.23948	5.14325	5.12518
-1.85768	1.24342	5.14259	5.12748
-1.87148	1.23127	5.14325	5.12682
-1.87476	1.2293	5.14357	5.1255
-1.86885	1.23258	5.14292	5.12452
-1.87213	1.22338	5.14226	5.12452
-1.87772	1.21714	5.14259	5.12616
-1.8879	1.19743	5.14226	5.12583
-1.88166	1.21057	5.1416	5.12583
-1.8879	1.20268	5.14095	5.12485
-1.88363	1.20564	5.1416	5.12485
-1.87509	1.21484	5.14259	5.12485
-1.87246	1.21747	5.14489	5.12583
-1.86885	1.21057	5.14587	5.12649
-1.85998	1.20893	5.1462	5.12715
-1.86359	1.20334	5.14489	5.12748
-1.86162	1.21057	5.14325	5.12616
-1.8741	1.1925	5.14325	5.12485
-1.87082	1.1925	5.14226	5.12649
-1.87838	1.17476	5.1416	5.12813
-1.8741	1.19086	5.14095	5.12748
-1.86721	1.19447	5.14259	5.12616
-1.86228	1.19118	5.1439	5.12485
-1.87148	1.17969	5.14423	5.12485
-1.87115	1.17114	5.14292	5.12649
-1.88265	1.15932	5.14127	5.12682
-1.8833	1.15077	5.1416	5.12616
-1.87805	1.158	5.14127	5.1255
-1.88856	1.15767	5.14259	5.12419
-1.8925	1.1626	5.14259	5.12452
-1.90367	1.15406	5.14127	5.12616
-1.90367	1.13993	5.1416	5.12813
-1.89579	1.14387	5.14357	5.1278
-1.91583	1.13205	5.14719	5.12518
-1.92043	1.11496	5.14817	5.12386
-1.9201	1.10478	5.14522	5.1232
-1.92799	1.09689	5.14259	5.12222
